ts,o,h,l,c,v
1709251200000,3340.1,3380.0,3338.54,3378.73,21396.3919
1709254800000,3378.73,3388.82,3364.61,3375.2,20170.9398
1709258400000,3375.2,3380.83,3352.05,3366.73,13248.5356
1709262000000,3366.73,3377.59,3355.18,3367.79,11386.0363
1709265600000,3367.78,3382.43,3365.59,3376.87,13837.3731
1709269200000,3376.87,3386.65,3368.9,3368.9,11423.7132
1709272800000,3368.91,3399.0,3368.52,3387.26,15260.7699
1709276400000,3387.26,3396.01,3364.32,3365.41,14902.1153
1709280000000,3365.41,3437.08,3353.74,3420.93,51341.8222
1709283600000,3420.94,3431.76,3416.75,3429.14,15375.3166
1709287200000,3429.13,3429.14,3400.61,3406.04,13245.9951
1709290800000,3406.04,3418.32,3398.61,3410.9,11726.0176
1709294400000,3410.89,3436.86,3410.26,3423.98,13534.4603
1709298000000,3423.98,3449.81,3422.6,3438.51,15137.9077
1709301600000,3438.5,3449.41,3382.1,3415.85,34918.4622
1709305200000,3415.84,3428.28,3379.6,3390.76,26222.3249
1709308800000,3390.76,3402.49,3380.06,3387.19,20676.2846
1709312400000,3387.19,3425.45,3387.19,3419.39,17209.914
1709316000000,3419.38,3433.91,3410.19,3431.69,14897.0747
1709319600000,3431.69,3435.9,3420.0,3427.73,11098.4712
1709323200000,3427.73,3450.0,3421.28,3443.64,14618.2126
1709326800000,3443.65,3448.99,3423.61,3426.71,12755.1301
1709330400000,3426.71,3438.0,3424.36,3433.21,8366.3778
1709334000000,3433.21,3450.0,3428.84,3433.43,10038.9306
1709337600000,3433.42,3460.04,3427.3,3457.82,19911.4755
1709341200000,3457.81,3458.48,3424.71,3442.47,13311.3401
1709344800000,3442.47,3446.47,3428.73,3437.68,10271.5455
1709348400000,3437.67,3444.15,3428.44,3442.34,10109.6104
1709352000000,3442.33,3445.0,3427.56,3427.57,10073.9166
1709355600000,3427.56,3431.0,3390.01,3419.7,33936.0911
1709359200000,3419.69,3452.76,3414.71,3435.82,20029.1321
1709362800000,3435.83,3439.91,3422.85,3430.25,9921.408
1709366400000,3430.26,3435.68,3405.17,3417.5,12554.4078
1709370000000,3417.5,3422.78,3391.83,3403.0,16948.979
1709373600000,3402.99,3415.1,3401.42,3407.31,8851.8163
1709377200000,3407.32,3416.48,3403.1,3403.39,8634.0374
1709380800000,3403.4,3427.01,3403.14,3420.64,9774.9899
1709384400000,3420.64,3424.51,3409.13,3410.15,8593.1447
1709388000000,3410.15,3416.5,3394.47,3413.22,14372.7741
1709391600000,3413.22,3424.19,3409.2,3418.05,10744.5165
1709395200000,3418.04,3425.73,3410.0,3424.6,12189.0112
1709398800000,3424.59,3430.84,3414.0,3414.01,9119.6722
1709402400000,3414.0,3430.56,3413.37,3430.52,5680.5715
1709406000000,3430.51,3431.03,3423.79,3426.19,7455.7281
1709409600000,3426.2,3431.31,3404.4,3406.29,13255.7449
1709413200000,3406.3,3413.4,3402.56,3408.19,6862.3405
1709416800000,3408.19,3409.88,3402.99,3404.0,4882.2389
1709420400000,3404.01,3421.48,3404.0,3421.4,6500.4525
1709424000000,3421.39,3431.0,3409.1,3427.86,13926.4053
1709427600000,3427.86,3434.0,3422.42,3430.76,10359.4624
1709431200000,3430.75,3430.97,3410.81,3416.1,8935.3151
1709434800000,3416.11,3431.86,3415.16,3431.56,8976.9543
1709438400000,3431.57,3446.23,3428.78,3440.6,13711.6275
1709442000000,3440.59,3443.69,3420.72,3421.4,9980.8833
1709445600000,3421.4,3425.8,3408.83,3412.51,12608.0828
1709449200000,3412.5,3415.23,3360.0,3392.76,39751.443
1709452800000,3392.76,3401.77,3375.0,3395.37,18999.2754
1709456400000,3395.38,3414.91,3391.94,3407.02,14630.8231
1709460000000,3407.01,3409.98,3396.13,3400.46,8391.7247
1709463600000,3400.46,3414.0,3395.95,3413.39,9791.882
1709467200000,3413.39,3447.53,3411.4,3419.51,26322.6643
1709470800000,3419.51,3429.03,3403.92,3428.75,14753.5496
1709474400000,3428.75,3436.41,3415.81,3418.45,10664.5129
1709478000000,3418.44,3431.24,3417.8,3422.5,8764.5935
1709481600000,3422.5,3483.81,3418.22,3480.52,34142.7924
1709485200000,3480.51,3484.44,3454.68,3460.74,18089.865
1709488800000,3460.75,3473.8,3457.0,3469.8,9477.4606
1709492400000,3469.8,3474.48,3462.6,3465.2,7918.7985
1709496000000,3465.2,3473.55,3458.65,3468.25,6502.6696
1709499600000,3468.24,3478.34,3462.14,3476.95,5770.7086
1709503200000,3476.94,3491.8,3461.0,3473.82,16358.7459
1709506800000,3473.83,3490.6,3465.13,3487.81,12801.2912
1709510400000,3487.8,3528.96,3423.78,3485.51,59928.6071
1709514000000,3485.52,3493.21,3467.46,3478.21,17830.7338
1709517600000,3478.21,3499.0,3461.2,3487.69,16550.0976
1709521200000,3487.68,3487.84,3465.52,3471.85,9931.6885
1709524800000,3471.84,3487.34,3468.6,3484.2,9915.2554
1709528400000,3484.21,3485.72,3456.36,3465.45,26494.8978
1709532000000,3465.46,3473.79,3463.0,3473.14,10550.2157
1709535600000,3473.14,3487.09,3462.0,3478.61,17971.0734
1709539200000,3478.61,3544.14,3478.6,3534.0,58958.167
1709542800000,3534.01,3535.0,3499.8,3523.0,31319.8771
1709546400000,3523.01,3523.52,3481.67,3497.3,26267.9891
1709550000000,3497.29,3511.93,3491.17,3506.91,14015.2061
1709553600000,3506.92,3508.51,3497.19,3506.1,11181.5715
1709557200000,3506.09,3519.0,3484.7,3490.12,20352.5608
1709560800000,3490.11,3546.0,3459.03,3534.16,56537.4479
1709564400000,3534.17,3568.18,3521.78,3560.42,44048.8711
1709568000000,3560.42,3575.0,3534.65,3549.8,46523.1991
1709571600000,3549.8,3585.34,3528.42,3543.64,58292.8417
1709575200000,3543.64,3597.0,3529.8,3596.41,45948.9035
1709578800000,3596.41,3610.0,3581.52,3593.01,33923.9878
1709582400000,3593.0,3595.99,3573.4,3583.37,23112.3325
1709586000000,3583.38,3593.23,3558.3,3580.4,20094.1304
1709589600000,3580.41,3609.79,3564.31,3608.48,21438.4133
1709593200000,3608.49,3640.94,3606.53,3627.76,34172.5679
1709596800000,3627.75,3635.81,3607.24,3618.94,30449.7764
1709600400000,3618.94,3655.27,3614.71,3642.72,30049.0692
1709604000000,3642.72,3643.38,3607.28,3623.1,23062.6615
1709607600000,3623.09,3697.2,3612.62,3689.81,32050.9823
1709611200000,3689.81,3740.0,3672.06,3695.65,71354.0667
1709614800000,3695.65,3734.21,3641.5,3715.8,87710.1527
1709618400000,3715.8,3727.25,3698.4,3712.25,25350.1719
1709622000000,3712.26,3722.06,3670.81,3672.98,30238.8645
1709625600000,3672.99,3700.0,3651.87,3692.61,33317.611
1709629200000,3692.6,3701.65,3674.0,3688.67,18698.1377
1709632800000,3688.68,3725.03,3688.16,3710.5,20333.3931
1709636400000,3710.5,3742.0,3710.0,3731.45,24208.7197
1709640000000,3731.46,3769.0,3730.8,3759.01,45733.9222
1709643600000,3759.0,3782.03,3751.57,3779.41,37179.7834
1709647200000,3779.4,3806.3,3745.95,3803.95,57543.2736
1709650800000,3803.95,3822.04,3753.46,3783.01,91846.1568
1709654400000,3783.0,3796.07,3664.0,3688.07,115174.6274
1709658000000,3688.06,3688.64,3556.46,3686.51,99730.306
1709661600000,3686.51,3686.52,3590.85,3611.88,47136.7529
1709665200000,3611.88,3626.52,3200.0,3376.46,159403.1988
1709668800000,3376.46,3464.88,3324.68,3387.8,142627.0398
1709672400000,3387.81,3529.61,3385.21,3520.05,91867.0088
1709676000000,3520.05,3527.44,3434.97,3506.51,43540.4554
1709679600000,3506.51,3580.6,3494.6,3553.65,34298.7322
1709683200000,3553.66,3591.23,3545.4,3562.6,34749.3863
1709686800000,3562.6,3583.65,3515.0,3519.02,30506.5016
1709690400000,3519.01,3548.93,3499.4,3502.79,27129.3112
1709694000000,3502.8,3551.6,3500.01,3538.01,23435.5812
1709697600000,3538.01,3653.38,3536.2,3649.28,43237.5617
1709701200000,3649.28,3770.63,3647.0,3769.44,95810.0525
1709704800000,3769.44,3789.0,3747.67,3748.48,55196.9153
1709708400000,3748.49,3789.77,3740.83,3786.6,36493.3187
1709712000000,3786.61,3868.07,3778.6,3825.38,77653.1595
1709715600000,3825.38,3867.27,3788.04,3792.23,41179.4745
1709719200000,3792.23,3842.6,3791.8,3839.8,35942.1788
1709722800000,3839.8,3899.47,3835.49,3879.74,46277.0628
1709726400000,3879.74,3900.0,3755.0,3817.41,68729.1301
1709730000000,3817.42,3845.58,3771.88,3830.77,48306.4603
1709733600000,3830.78,3863.18,3768.93,3781.95,66592.1385
1709737200000,3781.96,3808.7,3724.0,3790.94,50412.0675
1709740800000,3790.95,3822.92,3764.25,3816.01,34889.7408
1709744400000,3816.01,3850.62,3789.72,3847.05,26886.817
1709748000000,3847.06,3862.5,3828.39,3862.12,26092.6305
1709751600000,3862.11,3880.0,3836.34,3852.59,19136.6005
1709755200000,3852.59,3892.58,3844.61,3858.05,23243.6888
1709758800000,3858.05,3861.97,3832.83,3845.55,17121.9059
1709762400000,3845.54,3845.88,3805.03,3813.42,14629.6013
1709766000000,3813.43,3832.53,3792.7,3818.59,25843.4247
1709769600000,3818.58,3852.69,3795.6,3838.0,32851.0354
1709773200000,3838.0,3838.01,3774.82,3830.99,29160.0499
1709776800000,3830.99,3831.4,3777.25,3784.76,20616.4923
1709780400000,3784.76,3805.4,3764.21,3775.18,18994.2721
1709784000000,3775.18,3799.98,3761.2,3780.07,15031.0223
1709787600000,3780.08,3803.36,3742.51,3753.97,21124.8072
1709791200000,3753.98,3780.95,3735.0,3771.67,18223.6426
1709794800000,3771.67,3800.99,3756.0,3789.22,17473.0038
1709798400000,3789.23,3814.85,3784.25,3791.54,18098.7367
1709802000000,3791.53,3800.84,3774.08,3784.21,17427.028
1709805600000,3784.21,3801.7,3773.09,3794.21,14180.0398
1709809200000,3794.21,3814.92,3770.36,3787.58,23642.4952
1709812800000,3787.58,3804.5,3773.4,3781.6,15571.213
1709816400000,3781.6,3810.77,3765.12,3806.07,17184.6835
1709820000000,3806.06,3853.8,3780.52,3806.85,46102.8592
1709823600000,3806.85,3855.23,3796.51,3837.16,33913.9343
1709827200000,3837.17,3848.14,3812.44,3830.63,20991.4323
1709830800000,3830.62,3872.6,3825.63,3858.6,24554.2701
1709834400000,3858.61,3881.61,3843.89,3879.08,17341.2194
1709838000000,3879.08,3883.77,3852.43,3870.19,15442.6307
1709841600000,3870.19,3933.16,3863.0,3928.87,38426.9218
1709845200000,3928.87,3933.81,3854.01,3869.15,30096.7416
1709848800000,3869.15,3888.53,3840.0,3857.01,18618.9046
1709852400000,3857.01,3870.29,3851.86,3868.76,15713.2392
1709856000000,3868.76,3908.28,3863.56,3905.06,20765.0654
1709859600000,3905.06,3940.6,3902.46,3904.83,29575.5401
1709863200000,3904.83,3916.56,3891.26,3903.0,14768.0972
1709866800000,3903.0,3912.38,3891.45,3900.85,12617.213
1709870400000,3900.85,3910.22,3885.8,3899.14,10913.2195
1709874000000,3899.14,3904.25,3880.0,3888.06,10927.7602
1709877600000,3888.07,3932.0,3883.59,3930.57,14561.1809
1709881200000,3930.57,3946.57,3906.39,3908.16,28342.7885
1709884800000,3908.16,3952.91,3908.15,3940.03,24858.2897
1709888400000,3940.03,3950.73,3927.4,3930.43,22987.8716
1709892000000,3930.43,3954.98,3922.57,3946.56,16830.2237
1709895600000,3946.55,3952.0,3933.63,3950.46,14767.5788
1709899200000,3950.46,3953.0,3933.43,3944.99,15004.1699
1709902800000,3944.99,3981.75,3941.18,3971.07,32131.2096
1709906400000,3971.08,3986.2,3945.4,3973.42,32646.1153
1709910000000,3973.42,3993.75,3886.0,3900.75,92459.6486
1709913600000,3900.76,3911.6,3820.0,3905.1,92993.2279
1709917200000,3905.09,3978.49,3898.23,3942.38,37977.8801
1709920800000,3942.38,3950.74,3916.79,3928.21,18317.4515
1709924400000,3928.2,3930.8,3885.12,3928.82,24716.5602
1709928000000,3928.82,3950.25,3921.8,3939.44,22349.481
1709931600000,3939.44,3950.85,3890.0,3903.34,23770.9212
1709935200000,3903.35,3912.37,3871.28,3876.88,20668.4167
1709938800000,3876.87,3901.02,3873.66,3883.36,11449.3483
1709942400000,3883.37,3905.83,3877.5,3904.14,12146.868
1709946000000,3904.13,3909.0,3889.4,3901.99,9516.3063
1709949600000,3902.0,3925.66,3899.32,3918.15,12324.0696
1709953200000,3918.14,3929.0,3911.33,3923.21,8994.2571
1709956800000,3923.22,3931.39,3918.28,3925.55,7488.4791
1709960400000,3925.55,3927.79,3912.05,3918.41,8287.7968
1709964000000,3918.4,3940.0,3917.51,3937.97,11177.9816
1709967600000,3937.98,3942.0,3925.4,3925.47,9377.5759
1709971200000,3925.46,3936.0,3922.68,3922.89,9050.4914
1709974800000,3922.88,3930.6,3906.86,3919.79,11822.4003
1709978400000,3919.79,3920.0,3887.99,3906.86,17710.8335
1709982000000,3906.85,3917.81,3904.44,3912.49,9265.9986
1709985600000,3912.5,3919.73,3901.62,3917.91,10457.9496
1709989200000,3917.9,3927.05,3910.37,3916.42,11783.0705
1709992800000,3916.42,3924.64,3907.31,3909.06,10481.5451
1709996400000,3909.07,3921.57,3905.82,3916.66,7485.9974
1710000000000,3916.66,3920.22,3874.08,3884.44,23365.7022
1710003600000,3884.45,3894.11,3870.01,3883.07,15212.6997
1710007200000,3883.07,3893.4,3878.41,3889.37,10265.3587
1710010800000,3889.36,3891.76,3878.02,3881.18,8609.6765
1710014400000,3881.18,3900.75,3881.17,3900.68,6824.2445
1710018000000,3900.67,3907.64,3892.1,3904.2,6027.4699
1710021600000,3904.19,3912.0,3896.32,3901.08,6912.3952
1710025200000,3901.07,3912.68,3898.0,3905.21,10249.9711
1710028800000,3905.2,3917.19,3899.51,3908.65,12456.7956
1710032400000,3908.66,3940.1,3907.68,3929.47,21797.8115
1710036000000,3929.48,3938.64,3921.0,3921.68,8196.5631
1710039600000,3921.68,3937.87,3910.96,3935.0,9466.8586
1710043200000,3935.01,3950.0,3931.89,3940.65,16796.538
1710046800000,3940.65,3948.65,3934.0,3938.84,7668.5941
1710050400000,3938.83,3947.81,3929.79,3942.99,6300.1737
1710054000000,3943.0,3949.46,3937.99,3944.82,7939.4404
1710057600000,3944.81,3964.67,3940.0,3959.16,10587.139
1710061200000,3959.15,3959.2,3920.02,3945.57,24532.6453
1710064800000,3945.56,3955.88,3932.02,3938.27,14283.2479
1710068400000,3938.26,3943.68,3926.47,3932.72,11054.1241
1710072000000,3932.72,3947.18,3911.98,3927.46,16530.3808
1710075600000,3927.46,3931.4,3886.32,3898.59,19695.5584
1710079200000,3898.59,3911.57,3860.65,3896.83,30676.6761
1710082800000,3896.84,3903.23,3874.35,3883.69,18573.0726
1710086400000,3883.7,3927.05,3882.06,3904.55,21063.8407
1710090000000,3904.55,3916.24,3900.0,3912.04,9443.7904
1710093600000,3912.03,3918.0,3893.12,3893.31,10110.7013
1710097200000,3893.31,3902.13,3888.85,3898.0,7832.2913
1710100800000,3898.01,3903.89,3892.21,3900.37,5745.0508
1710104400000,3900.36,3903.4,3875.0,3880.55,7156.3193
1710108000000,3880.54,3882.17,3791.26,3823.7,39770.8415
1710111600000,3823.71,3884.05,3819.48,3878.47,18986.2255
1710115200000,3878.47,3888.38,3722.95,3827.6,38301.0552
1710118800000,3827.59,3840.5,3778.21,3818.44,31625.1389
1710122400000,3818.43,3843.6,3814.41,3835.21,19608.4072
1710126000000,3835.21,3867.6,3833.8,3866.93,15126.2445
1710129600000,3866.92,3878.17,3852.18,3856.67,11920.7105
1710133200000,3856.67,3879.17,3842.38,3847.98,13776.1574
1710136800000,3847.98,3884.91,3834.22,3884.91,14197.2532
1710140400000,3884.91,4011.79,3881.01,4001.4,118847.2233
1710144000000,4001.4,4019.64,3986.86,4015.79,43809.6989
1710147600000,4015.79,4047.81,3990.0,4037.01,36217.5341
1710151200000,4037.01,4038.48,4022.13,4026.36,41510.3048
1710154800000,4026.36,4054.6,4020.02,4034.25,45250.348
1710158400000,4034.25,4065.8,4028.0,4054.99,33872.1535
1710162000000,4054.89,4062.37,4017.0,4022.66,39312.0289
1710165600000,4022.66,4049.0,4022.55,4034.26,19508.6236
1710169200000,4034.26,4053.12,4017.57,4018.0,36101.6743
1710172800000,4018.01,4046.0,3998.92,4040.2,39058.5159
1710176400000,4040.2,4050.52,4030.05,4038.66,20106.9982
1710180000000,4038.66,4086.23,4034.08,4058.43,28047.5239
1710183600000,4058.44,4062.59,4029.77,4031.71,20700.526
1710187200000,4031.7,4038.0,4027.92,4031.71,8798.0509
1710190800000,4031.71,4058.6,4029.61,4054.65,12600.6052
1710194400000,4054.66,4069.4,4045.01,4067.79,15864.721
1710198000000,4067.79,4082.0,4062.6,4064.8,17393.0165
1710201600000,4064.8,4093.92,4054.25,4057.72,35478.2778
1710205200000,4057.72,4069.44,4049.12,4061.84,13800.708
1710208800000,4061.85,4061.85,4048.6,4052.21,8204.0936
1710212400000,4052.21,4059.63,4021.19,4028.69,24872.2049
1710216000000,4028.69,4052.4,4022.74,4036.7,15955.8827
1710219600000,4036.7,4043.18,4033.11,4040.01,9000.8901
1710223200000,4040.01,4040.01,4000.02,4030.38,23229.2112
1710226800000,4030.38,4032.61,4015.64,4027.13,13833.7113
1710230400000,4027.13,4034.0,3965.0,3985.4,32957.0013
1710234000000,3985.39,4012.03,3984.0,4009.09,14341.8509
1710237600000,4009.09,4011.3,3992.7,4007.52,10912.2356
1710241200000,4007.53,4065.0,4005.43,4020.83,25631.3058
1710244800000,4020.84,4049.81,3977.16,4022.14,40688.3432
1710248400000,4022.14,4037.52,3999.0,4024.59,23341.347
1710252000000,4024.6,4053.8,3978.94,3979.81,52364.3476
1710255600000,3979.81,4005.85,3950.0,3988.46,30582.1813
1710259200000,3988.46,3991.62,3900.0,3921.81,48241.1825
1710262800000,3921.81,3950.64,3828.98,3950.56,76502.592
1710266400000,3950.56,3973.46,3932.22,3970.36,34755.2791
1710270000000,3970.37,3991.0,3956.46,3980.23,39521.7182
1710273600000,3980.23,3980.56,3927.18,3949.11,16231.176
1710277200000,3949.12,3952.94,3930.0,3940.86,9671.3737
1710280800000,3940.87,3957.8,3933.81,3949.79,15801.7671
1710284400000,3949.79,3980.54,3939.95,3979.96,16868.7132
1710288000000,3979.97,3999.77,3973.53,3977.43,14178.5563
1710291600000,3977.43,4029.69,3975.4,4021.4,23571.6463
1710295200000,4021.4,4037.0,4012.84,4032.61,14597.2493
1710298800000,4032.61,4045.86,4025.1,4043.78,12627.5129
1710302400000,4043.78,4045.0,4029.1,4043.0,13260.3685
1710306000000,4043.0,4043.15,4029.6,4037.04,9106.913
1710309600000,4037.04,4054.73,4033.7,4048.27,18363.8289
1710313200000,4048.26,4078.38,4033.6,4038.36,29387.0543
1710316800000,4038.36,4083.0,4038.09,4063.75,28861.6652
1710320400000,4063.76,4066.67,4044.0,4049.77,15659.9824
1710324000000,4049.78,4057.34,4042.98,4055.89,15381.4723
1710327600000,4055.88,4060.21,4045.4,4048.9,11597.8707
1710331200000,4048.91,4053.0,4002.56,4006.37,28548.0448
1710334800000,4006.38,4022.6,3932.23,3976.32,47849.1509
1710338400000,3976.27,4000.0,3951.39,3965.81,38323.8661
1710342000000,3965.8,3999.94,3948.0,3962.8,33427.2435
1710345600000,3962.8,3989.4,3952.23,3983.01,24995.8136
1710349200000,3983.02,3995.26,3959.69,3981.01,18351.3212
1710352800000,3981.01,4011.06,3973.51,4003.85,15059.7319
1710356400000,4003.85,4010.18,3980.0,4000.44,12171.4482
1710360000000,4000.44,4021.0,3974.62,3988.99,22907.146
1710363600000,3988.98,4004.6,3978.43,4004.31,9647.2785
1710367200000,4004.3,4005.37,3980.33,3983.11,11605.1731
1710370800000,3983.1,4011.61,3983.1,4004.79,12825.4387
1710374400000,4004.79,4010.98,3975.0,3975.08,13536.598
1710378000000,3975.09,3987.5,3955.0,3983.89,18420.2329
1710381600000,3983.89,4001.76,3980.8,3984.54,12235.3174
1710385200000,3984.53,4000.8,3984.53,3993.77,14890.8522
1710388800000,3993.77,4005.69,3940.64,3956.63,20774.249
1710392400000,3956.63,3972.83,3941.26,3969.16,14529.6185
1710396000000,3969.16,3993.21,3967.4,3980.75,15214.2644
1710399600000,3980.75,3989.94,3959.0,3963.46,13997.51
1710403200000,3963.45,3983.41,3962.6,3978.61,12724.3955
1710406800000,3978.6,3997.7,3971.89,3988.2,15645.9446
1710410400000,3988.19,3990.0,3962.4,3968.34,13919.3482
1710414000000,3968.34,3969.85,3943.12,3955.04,17499.4798
1710417600000,3955.04,3967.4,3911.0,3943.41,24231.1924
1710421200000,3943.4,3952.28,3850.0,3878.69,56312.1931
1710424800000,3878.68,3930.78,3864.8,3887.2,49884.6418
1710428400000,3887.21,3904.0,3820.2,3845.81,49956.2484
1710432000000,3845.81,3896.02,3825.07,3892.1,49424.4509
1710435600000,3892.11,3895.66,3853.45,3874.81,19929.6661
1710439200000,3874.8,3874.81,3760.29,3812.31,46685.5074
1710442800000,3812.31,3828.0,3723.0,3785.89,68618.5649
1710446400000,3785.89,3865.0,3780.79,3844.2,38464.8016
1710450000000,3844.2,3870.77,3820.86,3865.75,34323.7509
1710453600000,3865.75,3890.76,3864.75,3877.61,16244.1348
1710457200000,3877.61,3892.0,3872.76,3881.7,10774.5617
1710460800000,3881.69,3934.02,3870.0,3904.04,24077.0903
1710464400000,3904.03,3909.79,3876.23,3878.83,15920.6636
1710468000000,3878.84,3884.6,3700.0,3747.42,75071.7516
1710471600000,3747.41,3770.37,3623.0,3722.2,93857.4838
1710475200000,3722.2,3735.0,3656.49,3672.64,76809.5289
1710478800000,3672.64,3727.66,3661.86,3674.21,40431.1324
1710482400000,3674.21,3752.22,3673.8,3749.83,33603.6368
1710486000000,3749.82,3779.92,3731.0,3754.12,24134.0876
1710489600000,3754.12,3761.65,3658.2,3661.73,49540.9172
1710493200000,3661.72,3698.4,3570.0,3682.91,97515.895
1710496800000,3682.91,3695.73,3648.61,3659.05,37727.2506
1710500400000,3659.04,3698.0,3621.86,3689.33,46479.7906
1710504000000,3689.33,3708.19,3671.17,3697.33,28148.0269
1710507600000,3697.32,3742.0,3670.77,3723.4,36065.7651
1710511200000,3723.41,3731.41,3687.22,3720.8,28086.805
1710514800000,3720.8,3725.8,3684.84,3688.9,24260.9216
1710518400000,3688.89,3716.1,3659.01,3683.89,29195.0949
1710522000000,3683.93,3698.42,3663.4,3694.75,18336.37
1710525600000,3694.74,3789.16,3691.79,3787.57,31119.6808
1710529200000,3787.58,3806.62,3675.09,3689.54,49532.7198
1710532800000,3689.53,3690.0,3606.65,3629.65,43256.1957
1710536400000,3629.66,3671.35,3626.8,3669.65,14807.8778
1710540000000,3669.65,3734.44,3666.51,3729.8,14873.5775
1710543600000,3729.79,3749.93,3711.82,3742.19,14685.1436
1710547200000,3742.19,3774.89,3736.15,3759.73,26113.4728
1710550800000,3759.74,3781.12,3737.33,3743.2,24856.623
1710554400000,3743.2,3745.0,3725.87,3731.41,12209.2938
1710558000000,3731.41,3749.31,3722.41,3735.52,10183.9065
1710561600000,3735.52,3743.6,3714.15,3725.41,10510.508
1710565200000,3725.41,3728.2,3690.18,3714.0,14128.3675
1710568800000,3714.01,3728.97,3705.25,3725.34,11051.978
1710572400000,3725.33,3741.35,3719.2,3740.19,14528.1142
1710576000000,3740.2,3741.1,3713.34,3718.24,14611.8053
1710579600000,3718.25,3731.8,3712.28,3719.47,9960.7263
1710583200000,3719.47,3722.74,3698.11,3701.97,14352.2268
1710586800000,3701.97,3708.2,3661.83,3692.29,23088.2729
1710590400000,3692.29,3711.37,3664.15,3665.39,22867.1544
1710594000000,3665.39,3684.6,3646.03,3646.41,27831.7025
1710597600000,3646.41,3666.55,3637.73,3665.01,23933.4548
1710601200000,3665.01,3684.01,3647.66,3679.55,18309.7648
1710604800000,3679.54,3679.88,3656.86,3664.56,12788.504
1710608400000,3664.55,3672.01,3626.39,3632.38,28228.0626
1710612000000,3632.39,3638.14,3570.0,3595.61,54524.4934
1710615600000,3595.6,3638.01,3592.0,3600.6,27229.3184
1710619200000,3600.6,3633.8,3578.25,3619.4,22105.4248
1710622800000,3619.4,3628.78,3541.18,3556.39,37084.6512
1710626400000,3556.39,3581.7,3523.68,3557.99,28960.167
1710630000000,3557.99,3557.99,3468.8,3523.09,58830.1639
1710633600000,3523.09,3568.03,3504.95,3508.84,34525.3185
1710637200000,3508.84,3559.68,3508.83,3558.59,27197.2504
1710640800000,3558.59,3582.4,3552.76,3571.6,17743.1363
1710644400000,3571.6,3574.18,3555.35,3571.5,10918.474
1710648000000,3571.49,3572.51,3550.53,3558.94,7760.0809
1710651600000,3558.95,3569.23,3536.0,3545.78,11363.0718
1710655200000,3545.78,3550.27,3441.87,3444.07,37932.7267
1710658800000,3444.07,3481.7,3412.0,3472.72,57064.9934
1710662400000,3472.72,3575.0,3460.01,3556.61,42767.7616
1710666000000,3556.6,3574.69,3545.0,3555.6,20229.9071
1710669600000,3555.6,3605.57,3555.6,3596.4,28080.1686
1710673200000,3596.39,3606.41,3573.91,3578.99,16406.1448
1710676800000,3578.99,3601.8,3528.36,3540.31,25224.9702
1710680400000,3540.31,3584.06,3539.98,3574.97,21224.315
1710684000000,3574.96,3601.34,3560.05,3599.05,18788.1709
1710687600000,3599.04,3647.15,3580.52,3628.42,29932.303
1710691200000,3628.42,3636.55,3602.43,3611.36,25020.2433
1710694800000,3611.36,3649.0,3603.97,3644.62,12812.702
1710698400000,3644.63,3653.72,3623.04,3632.93,15239.6652
1710702000000,3632.93,3656.45,3627.36,3651.18,9307.4079
1710705600000,3651.18,3658.0,3632.0,3634.1,8456.0049
1710709200000,3634.11,3643.67,3624.19,3639.88,9115.5571
1710712800000,3639.88,3678.68,3639.41,3645.49,19716.5652
1710716400000,3645.49,3654.99,3630.12,3644.71,10964.0548
1710720000000,3644.7,3645.02,3575.78,3577.8,28262.2309
1710723600000,3577.81,3612.34,3557.31,3601.97,22316.042
1710727200000,3601.98,3627.45,3584.22,3598.07,19022.9414
1710730800000,3598.08,3617.63,3597.0,3600.39,12407.2269
1710734400000,3600.38,3629.98,3576.9,3615.49,19035.4906
1710738000000,3615.5,3642.52,3604.26,3634.3,15011.9828
1710741600000,3634.29,3640.97,3623.04,3627.17,10969.8886
1710745200000,3627.17,3635.74,3612.99,3626.65,20453.5277
1710748800000,3626.65,3627.0,3562.2,3597.95,32711.4397
1710752400000,3597.95,3601.32,3555.26,3562.95,28764.0685
1710756000000,3562.94,3593.0,3548.99,3591.78,24011.8917
1710759600000,3591.79,3615.0,3583.79,3597.82,18669.3505
1710763200000,3597.83,3613.41,3577.78,3598.19,23835.1205
1710766800000,3598.2,3600.0,3526.54,3546.11,38765.4976
1710770400000,3546.12,3563.99,3489.56,3513.4,41234.961
1710774000000,3513.4,3529.09,3486.0,3525.18,30876.7296
1710777600000,3525.17,3563.86,3493.43,3501.2,27808.3675
1710781200000,3501.2,3516.66,3454.09,3508.17,38400.7117
1710784800000,3508.18,3516.24,3472.51,3477.3,32741.9702
1710788400000,3477.3,3508.4,3465.0,3478.89,30969.6576
1710792000000,3478.88,3510.71,3478.88,3508.53,11956.1008
1710795600000,3508.54,3548.0,3507.52,3526.59,16846.6246
1710799200000,3526.6,3529.0,3502.81,3522.31,14578.2745
1710802800000,3522.32,3546.26,3516.12,3520.46,11251.1882
1710806400000,3520.47,3548.09,3449.6,3457.19,33464.4389
1710810000000,3457.19,3461.99,3380.0,3391.76,77118.8269
1710813600000,3391.76,3442.65,3388.08,3407.14,41685.2681
1710817200000,3407.14,3437.52,3362.15,3419.17,37430.0893
1710820800000,3419.18,3427.8,3366.67,3379.07,31979.5572
1710824400000,3379.07,3397.4,3353.0,3382.21,38205.316
1710828000000,3382.2,3393.07,3347.08,3374.99,28250.5279
1710831600000,3375.0,3375.0,3306.1,3360.14,47785.5536
1710835200000,3360.14,3360.16,3228.0,3241.76,85606.8207
1710838800000,3241.38,3295.94,3206.1,3291.9,72590.8797
1710842400000,3291.89,3292.05,3210.04,3238.21,52699.7098
1710846000000,3238.21,3281.91,3202.84,3276.51,54512.8038
1710849600000,3276.51,3316.73,3253.67,3295.93,48665.1236
1710853200000,3295.94,3308.79,3265.01,3292.48,35351.2634
1710856800000,3292.48,3292.64,3223.5,3258.94,35895.587
1710860400000,3258.93,3325.69,3225.0,3303.16,44557.5688
1710864000000,3303.16,3345.0,3289.0,3327.79,43973.6054
1710867600000,3327.79,3357.68,3304.07,3314.29,39635.2901
1710871200000,3314.29,3333.04,3280.8,3316.38,26299.606
1710874800000,3316.37,3359.8,3305.69,3333.26,19928.9227
1710878400000,3333.27,3338.84,3266.13,3279.28,31993.4047
1710882000000,3279.27,3298.9,3253.0,3290.88,21412.8124
1710885600000,3290.88,3296.43,3188.47,3211.29,48664.3188
1710889200000,3211.28,3218.44,3150.88,3158.64,51922.3988
1710892800000,3158.65,3238.9,3156.02,3235.11,45083.4592
1710896400000,3235.11,3236.42,3160.22,3175.38,45114.8439
1710900000000,3175.37,3228.73,3166.08,3224.32,32194.42
1710903600000,3224.33,3266.01,3153.26,3161.02,54292.1298
1710907200000,3161.02,3194.24,3099.99,3129.11,74271.8618
1710910800000,3129.1,3140.65,3056.56,3109.96,62212.9206
1710914400000,3109.95,3148.38,3108.23,3141.18,26653.5321
1710918000000,3141.19,3226.0,3140.34,3218.48,78359.7186
1710921600000,3218.47,3234.19,3205.1,3207.79,38035.9745
1710925200000,3207.78,3246.0,3205.6,3235.18,30285.9571
1710928800000,3235.19,3254.26,3216.6,3231.18,29157.9148
1710932400000,3231.19,3296.72,3225.0,3293.26,39819.464
1710936000000,3293.26,3357.0,3275.35,3354.75,58154.6622
1710939600000,3354.83,3372.4,3324.21,3346.09,43629.5946
1710943200000,3346.09,3388.0,3329.51,3385.59,39437.5291
1710946800000,3385.59,3397.0,3283.65,3292.55,84846.2819
1710950400000,3292.54,3315.51,3140.71,3241.21,106595.9857
1710954000000,3241.21,3340.69,3226.53,3299.19,67147.1327
1710957600000,3299.19,3405.78,3295.42,3397.6,55117.4161
1710961200000,3397.59,3398.28,3354.32,3379.01,35046.3221
1710964800000,3379.0,3492.56,3370.91,3460.73,54779.5873
1710968400000,3460.74,3518.75,3456.43,3498.53,44515.4912
1710972000000,3498.52,3525.0,3491.49,3520.46,33476.6749
1710975600000,3520.47,3535.24,3503.6,3516.53,29093.9459
1710979200000,3516.53,3550.81,3494.79,3516.36,42694.2558
1710982800000,3516.36,3530.17,3508.64,3526.05,21662.0825
1710986400000,3526.05,3558.99,3526.05,3540.25,19946.9146
1710990000000,3540.24,3555.0,3493.4,3510.59,25499.4897
1710993600000,3510.59,3521.6,3485.94,3494.3,19222.4659
1710997200000,3494.29,3511.27,3446.47,3510.08,26531.7108
1711000800000,3510.09,3533.57,3502.0,3507.16,20641.1879
1711004400000,3507.16,3537.2,3502.05,3516.03,23570.1519
1711008000000,3516.04,3585.76,3516.03,3569.46,30416.0353
1711011600000,3569.45,3587.32,3523.77,3536.96,29376.6606
1711015200000,3536.96,3550.0,3525.55,3541.98,17616.1582
1711018800000,3541.98,3549.8,3520.14,3531.18,17435.9901
1711022400000,3531.18,3565.73,3523.44,3541.6,17847.5428
1711026000000,3541.6,3574.41,3515.01,3519.85,33580.9229
1711029600000,3519.84,3564.84,3511.0,3529.52,20372.7314
1711033200000,3529.53,3533.2,3478.73,3497.6,32167.2224
1711036800000,3497.59,3530.41,3484.94,3528.56,20023.4558
1711040400000,3528.56,3545.99,3462.1,3472.99,32550.4428
1711044000000,3473.0,3481.14,3412.22,3421.71,36285.4092
1711047600000,3421.72,3452.43,3416.94,3441.38,42820.1937
1711051200000,3441.37,3500.0,3412.0,3484.27,31690.3376
1711054800000,3484.26,3507.36,3468.36,3503.75,13538.5968
1711058400000,3503.74,3521.91,3482.68,3483.2,17815.729
1711062000000,3483.19,3500.0,3480.6,3492.85,9449.5195
1711065600000,3492.84,3519.8,3472.95,3495.32,16934.4776
1711069200000,3495.33,3511.38,3460.0,3463.21,13058.0327
1711072800000,3463.22,3481.5,3454.01,3478.02,11915.0798
1711076400000,3478.01,3527.61,3475.86,3522.01,19181.2661
1711080000000,3522.0,3527.0,3502.0,3511.12,15461.4059
1711083600000,3511.13,3533.49,3500.63,3531.81,12465.4113
1711087200000,3531.8,3542.52,3521.27,3532.18,13019.4179
1711090800000,3532.19,3533.0,3509.45,3511.4,17255.0638
1711094400000,3511.39,3523.8,3476.6,3483.0,15835.7278
1711098000000,3483.0,3494.04,3455.71,3466.49,15995.6257
1711101600000,3466.5,3473.0,3428.0,3433.01,18959.8804
1711105200000,3433.01,3442.0,3394.42,3405.19,17907.0001
1711108800000,3405.18,3425.84,3381.18,3411.5,20569.8211
1711112400000,3411.51,3419.5,3330.0,3340.35,41082.7254
1711116000000,3340.35,3360.86,3281.0,3287.4,52943.7208
1711119600000,3287.4,3377.47,3281.12,3349.31,45799.2118
1711123200000,3349.3,3349.7,3289.0,3312.79,33687.3549
1711126800000,3312.8,3344.41,3312.65,3335.97,19350.7372
1711130400000,3335.97,3362.19,3321.16,3342.5,36833.6704
1711134000000,3342.49,3358.99,3321.53,3340.46,34077.6015
1711137600000,3340.46,3345.59,3305.46,3317.49,27818.932
1711141200000,3317.5,3318.83,3250.0,3294.8,29229.637
1711144800000,3294.81,3301.49,3254.42,3287.2,18368.5759
1711148400000,3287.2,3336.36,3281.4,3336.35,11098.5109
1711152000000,3336.35,3337.01,3315.51,3319.04,11662.7198
1711155600000,3319.05,3353.4,3318.02,3347.26,13738.7311
1711159200000,3347.25,3362.38,3328.09,3338.59,14606.6996
1711162800000,3338.6,3339.5,3270.08,3303.56,18610.1905
1711166400000,3303.55,3337.5,3298.6,3327.58,10034.8219
1711170000000,3327.57,3336.8,3315.8,3331.62,6636.1399
1711173600000,3331.62,3347.63,3321.21,3341.83,9173.8598
1711177200000,3341.84,3383.8,3341.5,3365.28,16610.933
1711180800000,3365.28,3377.44,3340.63,3350.79,11825.5731
1711184400000,3350.79,3356.96,3328.34,3354.11,10269.8563
1711188000000,3354.11,3380.57,3336.62,3347.49,13995.1872
1711191600000,3347.49,3368.8,3342.43,3364.99,7417.3984
1711195200000,3364.98,3382.28,3359.5,3369.67,9912.8424
1711198800000,3369.68,3374.27,3343.41,3365.67,13006.0936
1711202400000,3365.68,3422.55,3352.71,3415.17,23983.5853
1711206000000,3415.18,3423.03,3383.19,3405.5,22974.8615
1711209600000,3405.49,3435.48,3385.0,3414.64,17664.8503
1711213200000,3414.65,3422.61,3397.25,3403.82,14244.9463
1711216800000,3403.81,3413.39,3396.25,3405.32,6432.1491
1711220400000,3405.31,3411.79,3384.82,3386.12,6736.0895
1711224000000,3386.11,3394.49,3378.17,3387.0,5628.639
1711227600000,3387.01,3397.98,3371.77,3388.05,8810.505
1711231200000,3388.05,3401.6,3374.3,3377.1,29188.9738
1711234800000,3377.1,3379.78,3327.28,3329.53,20510.2984
1711238400000,3329.53,3358.82,3327.44,3357.61,8791.6619
1711242000000,3357.61,3368.16,3347.0,3351.28,5799.8622
1711245600000,3351.28,3356.7,3338.68,3344.07,8265.2136
1711249200000,3344.08,3344.08,3307.0,3307.62,25184.3251
1711252800000,3307.63,3325.49,3298.76,3323.4,21576.1099
1711256400000,3323.41,3334.82,3316.51,3325.14,5481.8728
1711260000000,3325.13,3335.07,3315.01,3326.48,5778.1502
1711263600000,3326.47,3343.07,3316.9,3341.8,6697.7708
1711267200000,3341.81,3379.69,3335.5,3377.59,12537.195
1711270800000,3377.59,3378.5,3356.8,3365.08,8262.7638
1711274400000,3365.07,3392.72,3364.45,3376.11,8383.1483
1711278000000,3376.11,3391.99,3366.34,3387.38,7031.2134
1711281600000,3387.37,3405.0,3376.73,3400.01,10677.1972
1711285200000,3400.01,3412.47,3383.01,3386.49,10140.0577
1711288800000,3386.49,3414.46,3384.76,3397.98,8610.4925
1711292400000,3397.98,3406.88,3388.0,3397.51,6837.5711
1711296000000,3397.5,3409.5,3368.43,3369.68,10192.7141
1711299600000,3369.68,3379.8,3333.0,3367.52,23678.9445
1711303200000,3367.53,3396.05,3367.08,3386.49,10488.1831
1711306800000,3386.49,3395.0,3379.5,3382.5,5212.4222
1711310400000,3382.49,3425.45,3375.56,3414.18,14187.912
1711314000000,3414.17,3429.62,3406.01,3423.46,10117.0714
1711317600000,3423.45,3450.0,3420.66,3441.54,14090.5593
1711321200000,3441.55,3471.22,3440.72,3454.98,12801.7287
1711324800000,3454.99,3461.17,3420.12,3428.5,10005.2624
1711328400000,3428.5,3446.71,3423.55,3429.08,10891.8147
1711332000000,3429.09,3445.33,3421.07,3440.6,12544.8064
1711335600000,3440.6,3454.99,3434.2,3454.97,8922.6332
1711339200000,3454.98,3491.37,3447.02,3489.99,33230.5597
1711342800000,3490.0,3506.49,3482.0,3486.33,27632.9952
1711346400000,3486.32,3487.98,3458.41,3467.77,10570.666
1711350000000,3467.77,3479.0,3440.8,3444.6,13139.1073
1711353600000,3444.59,3464.14,3441.03,3448.99,14781.9232
1711357200000,3448.99,3460.0,3434.67,3456.83,11270.6179
1711360800000,3456.82,3472.0,3445.72,3454.9,13290.1793
1711364400000,3454.91,3455.72,3432.15,3436.19,9813.1288
1711368000000,3436.2,3460.5,3432.3,3449.99,11597.6062
1711371600000,3449.99,3486.0,3430.0,3484.91,15858.3693
1711375200000,3484.91,3565.0,3471.62,3562.46,66890.6769
1711378800000,3562.45,3587.9,3552.79,3581.49,31876.2956
1711382400000,3581.49,3613.0,3566.2,3605.68,33947.4413
1711386000000,3605.69,3666.0,3605.0,3638.91,74352.2091
1711389600000,3638.91,3645.15,3619.36,3639.4,48613.9792
1711393200000,3639.41,3642.1,3619.09,3638.96,27863.2794
1711396800000,3638.96,3646.66,3624.5,3627.61,13692.8889
1711400400000,3627.61,3628.53,3566.47,3589.01,19973.8573
1711404000000,3589.0,3620.5,3589.0,3611.75,13329.1458
1711407600000,3611.75,3619.86,3576.54,3590.42,14488.2511
1711411200000,3590.43,3618.27,3580.95,3598.0,24588.6115
1711414800000,3597.99,3623.82,3592.45,3616.02,36211.7659
1711418400000,3616.01,3622.12,3598.5,3622.11,20505.9544
1711422000000,3622.11,3643.71,3611.65,3623.0,36853.231
1711425600000,3623.0,3640.93,3618.4,3639.84,27340.8001
1711429200000,3639.85,3639.85,3622.24,3630.29,22298.1299
1711432800000,3630.29,3650.0,3627.0,3649.44,10572.4013
1711436400000,3649.45,3678.86,3630.48,3635.13,23410.1796
1711440000000,3635.14,3660.81,3630.0,3653.33,17066.2658
1711443600000,3653.34,3670.32,3643.78,3664.72,13990.5347
1711447200000,3664.71,3667.33,3642.71,3649.23,15340.2741
1711450800000,3649.23,3649.27,3630.0,3631.6,12561.3353
1711454400000,3631.61,3654.34,3628.0,3644.55,15565.8494
1711458000000,3644.55,3648.37,3592.69,3608.2,31730.457
1711461600000,3608.21,3620.2,3545.13,3593.49,43380.3088
1711465200000,3593.49,3597.99,3561.73,3593.35,18341.6239
1711468800000,3593.35,3603.55,3542.62,3561.41,24375.1786
1711472400000,3561.4,3589.4,3553.33,3583.8,13737.4568
1711476000000,3583.81,3594.99,3570.27,3573.71,8129.6623
1711479600000,3573.71,3580.9,3555.56,3560.82,42079.5809
1711483200000,3560.83,3583.54,3558.15,3576.37,13413.981
1711486800000,3576.38,3597.0,3571.73,3587.01,7805.0714
1711490400000,3587.01,3606.36,3570.0,3605.02,9459.9701
1711494000000,3605.02,3613.5,3583.66,3587.33,10255.2146
1711497600000,3587.32,3618.91,3577.0,3616.56,11439.3066
1711501200000,3616.57,3627.67,3598.8,3606.18,9633.7984
1711504800000,3606.18,3619.96,3597.1,3618.79,8081.439
1711508400000,3618.79,3622.22,3603.0,3603.11,8923.6111
1711512000000,3603.1,3609.2,3581.24,3591.28,11546.9314
1711515600000,3591.28,3614.28,3590.0,3612.41,9329.5299
1711519200000,3612.41,3616.5,3600.38,3607.14,5833.543
1711522800000,3607.13,3609.0,3560.2,3565.21,14700.5855
1711526400000,3565.21,3581.28,3545.67,3551.21,12758.2651
1711530000000,3551.21,3576.52,3532.96,3573.81,17642.9918
1711533600000,3573.81,3585.88,3564.99,3582.01,11307.2201
1711537200000,3582.01,3590.84,3571.95,3585.07,13990.4999
1711540800000,3585.07,3594.83,3566.99,3580.68,12651.5843
1711544400000,3580.68,3665.84,3554.3,3565.86,73886.331
1711548000000,3565.86,3573.17,3496.15,3558.54,73842.5441
1711551600000,3558.55,3560.7,3512.0,3514.3,30753.8464
1711555200000,3514.29,3528.27,3484.0,3524.15,24542.5359
1711558800000,3524.15,3531.76,3493.25,3498.0,12718.6543
1711562400000,3498.0,3508.67,3460.02,3461.24,22053.0435
1711566000000,3461.24,3499.84,3461.23,3491.18,14344.0237
1711569600000,3491.18,3514.99,3489.68,3512.2,13026.3808
1711573200000,3512.21,3520.65,3502.81,3506.55,7002.5757
1711576800000,3506.56,3521.47,3505.46,3515.15,12699.368
1711580400000,3515.15,3515.25,3485.04,3501.19,10486.7202
1711584000000,3501.2,3531.47,3495.41,3515.77,15066.2194
1711587600000,3515.78,3520.58,3491.59,3496.39,38134.2531
1711591200000,3496.4,3512.91,3465.0,3480.19,34365.013
1711594800000,3480.18,3498.89,3475.05,3496.61,10477.8737
1711598400000,3496.61,3516.74,3495.79,3516.19,10156.7595
1711602000000,3516.19,3542.37,3512.81,3533.7,20121.8273
1711605600000,3533.7,3576.99,3526.09,3574.4,31997.9099
1711609200000,3574.39,3579.95,3564.69,3573.88,11212.5525
1711612800000,3573.88,3595.7,3565.81,3575.69,18660.6858
1711616400000,3575.69,3594.95,3571.14,3584.08,10321.0718
1711620000000,3584.08,3593.6,3570.48,3589.75,14280.1694
1711623600000,3589.76,3593.35,3571.0,3579.73,12266.1786
1711627200000,3579.74,3592.4,3555.96,3576.78,16221.2177
1711630800000,3576.78,3603.38,3552.55,3582.59,27891.2829
1711634400000,3582.6,3611.78,3568.27,3607.38,22272.1875
1711638000000,3607.37,3609.71,3568.51,3578.7,17645.7539
1711641600000,3578.71,3580.75,3555.38,3563.22,13462.0313
1711645200000,3563.23,3565.63,3537.48,3553.86,10911.908
1711648800000,3553.85,3569.28,3551.05,3561.4,22989.4581
1711652400000,3561.39,3576.14,3559.58,3563.05,13145.3845
1711656000000,3563.06,3566.74,3552.0,3561.0,6887.5154
1711659600000,3561.0,3575.2,3547.8,3560.59,8838.8954
1711663200000,3560.59,3569.49,3541.37,3566.69,10555.6271
1711666800000,3566.69,3580.0,3558.43,3560.49,6772.2553
1711670400000,3560.49,3564.19,3552.8,3564.18,5859.1084
1711674000000,3564.19,3584.37,3560.6,3569.58,7721.8259
1711677600000,3569.57,3571.0,3551.35,3561.96,8060.7864
1711681200000,3561.95,3570.72,3550.05,3562.39,6978.1605
1711684800000,3562.39,3580.8,3555.38,3564.01,10422.4642
1711688400000,3564.0,3574.61,3555.48,3558.04,8065.6662
1711692000000,3558.03,3575.0,3552.55,3574.61,18843.0116
1711695600000,3574.6,3576.27,3512.85,3519.43,21255.9464
1711699200000,3519.42,3546.03,3517.15,3536.8,25157.8502
1711702800000,3536.79,3546.12,3521.26,3533.38,8646.9256
1711706400000,3533.37,3551.49,3523.01,3551.18,10816.1032
1711710000000,3551.18,3562.71,3545.4,3549.85,11236.296
1711713600000,3549.86,3556.8,3533.8,3539.78,11250.7135
1711717200000,3539.77,3558.0,3527.99,3548.5,9957.1899
1711720800000,3548.51,3558.0,3540.8,3543.65,9779.1016
1711724400000,3543.66,3547.95,3481.14,3488.53,33523.6023
1711728000000,3488.52,3502.36,3468.07,3479.36,20888.3722
1711731600000,3479.36,3495.7,3445.91,3485.23,27882.5439
1711735200000,3485.24,3496.11,3475.39,3492.63,7424.3648
1711738800000,3492.63,3500.6,3483.68,3500.34,4569.9303
1711742400000,3500.35,3501.0,3492.19,3497.2,14901.2361
1711746000000,3497.19,3499.6,3476.01,3485.3,21471.0579
1711749600000,3485.3,3522.03,3485.29,3521.89,10624.4524
1711753200000,3521.88,3524.55,3509.73,3509.74,7749.4695
1711756800000,3509.74,3514.35,3501.16,3514.19,6720.3672
1711760400000,3514.19,3521.89,3508.0,3511.41,7289.1004
1711764000000,3511.4,3512.74,3501.8,3506.26,6094.9913
1711767600000,3506.26,3509.43,3486.58,3490.0,14088.8186
1711771200000,3489.99,3511.01,3487.0,3507.42,14237.6309
1711774800000,3507.41,3532.77,3505.09,3508.01,22373.9
1711778400000,3508.0,3508.56,3493.48,3499.6,11278.1963
1711782000000,3499.59,3503.0,3492.34,3492.64,8188.9714
1711785600000,3492.65,3510.0,3492.2,3505.24,10240.7911
1711789200000,3505.24,3515.25,3500.6,3515.25,7923.5071
1711792800000,3515.25,3529.39,3509.57,3526.88,8073.7671
1711796400000,3526.88,3564.0,3526.57,3560.0,17536.2912
1711800000000,3559.99,3565.81,3548.4,3552.0,8263.268
1711803600000,3551.99,3552.97,3535.26,3543.47,7117.3214
1711807200000,3543.47,3547.34,3531.0,3534.19,5793.6034
1711810800000,3534.19,3548.92,3532.76,3536.61,7492.4247
1711814400000,3536.6,3547.71,3526.17,3542.53,8240.5673
1711818000000,3542.53,3542.54,3526.08,3531.96,5873.478
1711821600000,3531.97,3531.97,3519.91,3524.75,5054.4745
1711825200000,3524.75,3524.75,3485.0,3509.02,14996.0283
1711828800000,3509.02,3511.99,3498.47,3505.81,4695.2345
1711832400000,3505.81,3510.9,3494.88,3504.25,4557.6891
1711836000000,3504.25,3519.0,3500.46,3506.4,5371.2208
1711839600000,3506.39,3510.22,3496.39,3505.64,4523.6208
1711843200000,3505.65,3520.0,3505.09,3518.2,5996.1466
1711846800000,3518.2,3528.77,3515.0,3523.31,5838.503
1711850400000,3523.31,3544.07,3520.03,3532.22,7477.7133
1711854000000,3532.21,3542.37,3523.08,3537.26,5788.5156
1711857600000,3537.26,3547.96,3532.42,3543.01,4642.0967
1711861200000,3543.01,3607.97,3540.0,3604.2,33620.1937
1711864800000,3604.2,3631.99,3604.03,3615.99,25906.5206
1711868400000,3615.99,3629.21,3610.93,3625.38,11773.8272
1711872000000,3625.38,3632.8,3614.0,3617.82,11112.2078
1711875600000,3617.81,3618.45,3601.2,3601.21,7578.6676
1711879200000,3601.2,3609.7,3601.2,3604.76,6155.2292
1711882800000,3604.76,3612.39,3600.38,3609.2,8397.7301
1711886400000,3609.2,3627.53,3606.78,3616.33,10218.5787
1711890000000,3616.33,3630.0,3616.2,3623.44,10361.0297
1711893600000,3623.45,3638.0,3616.0,3622.35,10827.724
1711897200000,3622.35,3624.6,3613.03,3617.68,8157.7942
1711900800000,3617.69,3633.81,3617.32,3621.0,8460.6032
1711904400000,3621.0,3629.83,3620.14,3626.58,4911.3682
1711908000000,3626.59,3655.32,3623.0,3629.19,15264.4942
1711911600000,3629.18,3643.71,3613.75,3638.18,12453.9052
1711915200000,3638.19,3644.06,3629.16,3633.25,6054.9244
1711918800000,3633.24,3639.61,3617.8,3625.32,7404.4659
1711922400000,3625.32,3639.82,3623.2,3629.8,6739.7872
1711926000000,3629.8,3650.6,3628.8,3645.29,8322.9614
1711929600000,3645.29,3645.95,3614.6,3625.41,12065.4509
1711933200000,3625.41,3627.0,3606.26,3609.79,9330.8143
1711936800000,3609.79,3615.38,3606.06,3613.01,7111.2755
1711940400000,3613.01,3620.0,3600.74,3610.42,8821.0982
1711944000000,3610.41,3613.3,3600.0,3600.41,6671.0959
1711947600000,3600.41,3605.9,3500.0,3510.0,44533.1559
1711951200000,3510.0,3547.94,3502.23,3542.3,31222.7834
1711954800000,3542.31,3555.71,3538.98,3546.88,16263.6761
1711958400000,3546.88,3546.89,3520.07,3534.2,19599.453
1711962000000,3534.19,3551.25,3534.19,3539.93,8313.0817
1711965600000,3539.93,3547.19,3529.69,3546.45,6887.0532
1711969200000,3546.45,3560.17,3535.9,3537.98,9837.3402
1711972800000,3537.98,3559.56,3534.74,3558.01,9474.7485
1711976400000,3558.01,3570.58,3546.81,3555.21,14480.524
1711980000000,3555.21,3557.54,3491.7,3508.49,30551.9514
1711983600000,3508.5,3513.99,3437.23,3444.04,58240.9081
1711987200000,3444.04,3463.67,3433.0,3444.99,27282.917
1711990800000,3444.99,3451.01,3413.71,3443.55,21969.8737
1711994400000,3443.55,3448.96,3418.93,3446.83,13115.5115
1711998000000,3446.82,3489.18,3442.49,3486.33,16109.9161
1712001600000,3486.33,3497.38,3471.32,3495.99,10626.6613
1712005200000,3495.99,3504.57,3484.44,3492.8,12688.9584
1712008800000,3492.8,3514.88,3490.69,3504.21,7976.0133
1712012400000,3504.21,3514.62,3501.88,3503.8,5679.8609
1712016000000,3503.8,3505.6,3470.42,3486.99,12125.1064
1712019600000,3486.99,3502.99,3482.07,3493.2,7821.0869
1712023200000,3493.21,3493.21,3319.2,3366.19,69090.8479
1712026800000,3366.18,3382.8,3352.5,3366.08,35218.6964
1712030400000,3366.07,3382.74,3346.82,3362.96,17250.6228
1712034000000,3362.95,3373.42,3337.25,3369.59,20867.8322
1712037600000,3369.58,3388.58,3366.69,3382.38,14701.4746
1712041200000,3382.38,3388.16,3362.37,3362.9,14454.54
1712044800000,3362.89,3371.62,3326.73,3335.21,22162.0665
1712048400000,3335.2,3355.0,3310.16,3345.41,37141.2081
1712052000000,3345.41,3350.0,3308.56,3328.12,21911.8564
1712055600000,3328.12,3332.55,3276.72,3308.64,45323.4502
1712059200000,3308.63,3324.26,3288.24,3297.03,24196.7952
1712062800000,3297.03,3308.35,3235.0,3270.96,54974.0053
1712066400000,3270.97,3317.85,3269.81,3293.26,37377.0178
1712070000000,3293.25,3311.68,3232.0,3240.13,34824.8
1712073600000,3240.13,3269.8,3212.0,3261.54,46952.3237
1712077200000,3261.54,3272.02,3244.64,3269.0,16674.8935
1712080800000,3269.01,3284.46,3256.93,3274.75,14256.3211
1712084400000,3274.75,3284.45,3265.28,3277.53,15650.5079
1712088000000,3277.53,3295.55,3258.62,3269.82,23017.0268
1712091600000,3269.81,3274.4,3241.69,3266.19,16925.3354
1712095200000,3266.2,3302.68,3259.2,3298.34,9648.3062
1712098800000,3298.34,3305.0,3270.45,3278.96,10698.5263
1712102400000,3278.96,3290.0,3202.79,3278.05,41585.7233
1712106000000,3278.06,3304.21,3256.2,3297.0,23163.0332
1712109600000,3297.01,3312.03,3293.79,3307.17,13618.0593
1712113200000,3307.18,3324.19,3295.34,3315.41,14822.4137
1712116800000,3315.4,3324.6,3306.8,3315.0,9780.4295
1712120400000,3315.01,3316.68,3280.0,3293.04,12520.63
1712124000000,3293.03,3313.4,3289.8,3310.27,13219.5973
1712127600000,3310.27,3319.71,3300.64,3305.53,13926.4709
1712131200000,3305.52,3357.58,3289.97,3344.0,25136.542
1712134800000,3344.0,3355.11,3328.21,3346.62,16112.3479
1712138400000,3346.61,3348.18,3305.85,3318.75,14906.7882
1712142000000,3318.76,3326.4,3290.55,3317.53,17707.6353
1712145600000,3317.53,3328.83,3300.42,3310.04,12390.2414
1712149200000,3310.04,3319.16,3292.8,3311.87,12653.7325
1712152800000,3311.87,3363.58,3311.87,3357.65,29230.5288
1712156400000,3357.65,3358.61,3310.4,3329.2,19098.9093
1712160000000,3329.21,3367.4,3325.79,3349.15,18311.211
1712163600000,3349.14,3357.19,3308.8,3324.52,14412.1586
1712167200000,3324.51,3334.33,3281.21,3333.97,20649.8633
1712170800000,3333.97,3341.3,3311.0,3314.29,11524.4809
1712174400000,3314.28,3315.93,3293.28,3305.78,13075.7583
1712178000000,3305.77,3319.88,3288.39,3318.4,15686.504
1712181600000,3318.4,3322.2,3308.5,3318.56,20192.6531
1712185200000,3318.56,3325.64,3309.99,3310.83,6758.4815
1712188800000,3310.83,3333.0,3303.5,3327.8,7500.4133
1712192400000,3327.79,3333.0,3311.9,3321.45,8816.8757
1712196000000,3321.44,3321.6,3264.63,3274.64,24410.9056
1712199600000,3274.64,3286.1,3262.86,3274.37,15262.9759
1712203200000,3274.38,3292.36,3250.92,3287.4,28021.3849
1712206800000,3287.39,3302.84,3281.9,3296.0,7238.601
1712210400000,3296.01,3312.26,3294.46,3310.67,8122.5421
1712214000000,3310.66,3334.46,3301.6,3322.79,12489.0573
1712217600000,3322.8,3336.83,3319.42,3331.41,9053.0377
1712221200000,3331.41,3341.87,3328.98,3338.2,7051.6934
1712224800000,3338.19,3355.48,3330.76,3341.41,9145.5761
1712228400000,3341.41,3349.28,3334.39,3340.37,6800.4577
1712232000000,3340.36,3354.39,3338.95,3347.72,9359.6312
1712235600000,3347.71,3380.49,3347.2,3365.77,18649.947
1712239200000,3365.75,3395.19,3359.36,3381.2,17474.2308
1712242800000,3381.2,3383.55,3359.77,3364.12,13864.2038
1712246400000,3364.11,3392.99,3360.68,3375.23,12681.7372
1712250000000,3375.23,3416.83,3371.42,3412.59,13821.5239
1712253600000,3412.59,3443.93,3376.61,3379.77,26577.4985
1712257200000,3379.78,3385.94,3361.03,3366.09,13431.2314
1712260800000,3366.09,3370.3,3278.02,3325.32,51508.1733
1712264400000,3325.33,3338.66,3299.71,3321.59,12457.9598
1712268000000,3321.59,3331.22,3307.89,3312.28,11490.2904
1712271600000,3312.28,3336.0,3308.6,3327.4,11108.6236
1712275200000,3327.39,3336.0,3308.33,3329.66,13095.9247
1712278800000,3329.65,3329.8,3285.35,3299.67,15989.622
1712282400000,3299.68,3299.95,3252.8,3267.59,22951.8078
1712286000000,3267.6,3310.37,3264.58,3308.3,12770.767
1712289600000,3308.3,3319.25,3276.23,3296.19,13119.9381
1712293200000,3296.18,3297.06,3242.01,3273.8,20478.7582
1712296800000,3273.79,3291.3,3270.0,3288.19,8819.9189
1712300400000,3288.2,3292.01,3273.12,3287.61,10583.9774
1712304000000,3287.6,3312.8,3278.02,3285.2,15544.1339
1712307600000,3285.21,3285.21,3253.0,3277.6,17614.8164
1712311200000,3277.6,3284.33,3256.0,3276.03,12395.8356
1712314800000,3276.02,3279.23,3236.8,3243.51,15260.8809
1712318400000,3243.52,3265.6,3210.0,3262.14,40345.652
1712322000000,3262.14,3289.48,3235.02,3283.2,21578.7968
1712325600000,3283.21,3329.54,3275.73,3318.73,25769.2382
1712329200000,3318.73,3328.73,3301.19,3326.43,17022.5335
1712332800000,3326.43,3333.31,3305.96,3319.99,14781.1596
1712336400000,3319.99,3329.52,3306.68,3312.54,8626.8645
1712340000000,3312.55,3335.4,3305.1,3326.6,9842.574
1712343600000,3326.59,3350.0,3318.89,3320.1,9315.3678
1712347200000,3320.11,3344.95,3317.69,3334.41,6361.165
1712350800000,3334.41,3342.59,3321.54,3321.54,3889.9345
1712354400000,3321.54,3328.0,3310.46,3314.64,4524.0975
1712358000000,3314.65,3328.91,3314.64,3317.85,3873.034
1712361600000,3317.85,3337.74,3311.2,3323.89,6726.7179
1712365200000,3323.89,3331.2,3313.02,3317.59,6995.9112
1712368800000,3317.59,3326.59,3306.68,3321.41,6972.1934
1712372400000,3321.41,3346.39,3321.41,3331.34,7969.7117
1712376000000,3331.33,3337.95,3321.13,3328.99,4119.9327
1712379600000,3329.0,3352.81,3327.23,3337.05,9052.3142
1712383200000,3337.06,3346.5,3332.16,3342.8,6172.0337
1712386800000,3342.81,3343.4,3328.18,3330.39,7370.7568
1712390400000,3330.4,3344.19,3325.0,3340.89,6516.8823
1712394000000,3340.9,3351.52,3330.86,3333.11,6958.5446
1712397600000,3333.12,3342.49,3330.8,3338.61,6104.8196
1712401200000,3338.62,3346.49,3328.98,3330.67,6579.3847
1712404800000,3330.67,3336.94,3320.46,3332.79,5261.5018
1712408400000,3332.79,3332.8,3313.4,3318.41,6951.5598
1712412000000,3318.4,3339.4,3316.8,3335.05,7100.9544
1712415600000,3335.05,3361.77,3332.82,3335.37,10695.2382
1712419200000,3335.37,3340.13,3331.22,3340.12,5479.4849
1712422800000,3340.13,3354.26,3332.9,3340.99,6974.8634
1712426400000,3341.0,3347.8,3336.94,3347.0,5566.738
1712430000000,3347.01,3357.54,3342.2,3349.24,7040.6719
1712433600000,3349.23,3364.7,3344.0,3361.71,16168.2471
1712437200000,3361.7,3368.56,3349.37,3352.44,10745.4362
1712440800000,3352.44,3379.75,3351.87,3378.4,6588.9336
1712444400000,3378.4,3398.42,3350.9,3351.59,13199.3804
1712448000000,3351.59,3360.25,3344.08,3357.73,7890.3814
1712451600000,3357.73,3397.2,3357.2,3388.9,12691.6647
1712455200000,3388.91,3413.61,3379.16,3382.82,14282.3782
1712458800000,3382.82,3393.38,3379.0,3388.41,5923.9914
1712462400000,3388.4,3393.37,3374.6,3384.77,5281.7747
1712466000000,3384.78,3406.51,3383.6,3400.0,5465.97
1712469600000,3400.0,3401.08,3381.12,3384.81,4206.5344
1712473200000,3384.82,3394.27,3383.66,3385.19,5182.7037
1712476800000,3385.19,3395.19,3384.03,3392.83,4323.2836
1712480400000,3392.82,3393.81,3377.32,3383.6,4946.8042
1712484000000,3383.6,3393.19,3376.83,3392.5,6427.4794
1712487600000,3392.49,3393.4,3384.04,3390.34,5378.2946
1712491200000,3390.33,3407.01,3384.71,3401.01,9338.9565
1712494800000,3401.01,3420.0,3397.79,3405.9,10256.3444
1712498400000,3405.89,3414.4,3394.04,3408.2,7548.8434
1712502000000,3408.2,3417.38,3385.58,3390.13,13632.0686
1712505600000,3390.14,3412.97,3387.99,3396.01,12957.8612
1712509200000,3396.0,3397.72,3377.34,3386.59,9884.8064
1712512800000,3386.59,3387.52,3368.0,3382.51,7921.3723
1712516400000,3382.52,3392.3,3372.82,3381.39,6305.8965
1712520000000,3381.38,3403.0,3378.15,3401.29,5881.5146
1712523600000,3401.28,3412.95,3397.85,3398.96,9311.5278
1712527200000,3398.95,3429.99,3395.2,3421.0,15531.485
1712530800000,3420.99,3459.94,3420.01,3454.2,19887.1382
1712534400000,3454.2,3457.27,3425.04,3429.3,9984.754
1712538000000,3429.29,3441.0,3421.06,3425.45,7818.8133
1712541600000,3425.44,3437.6,3417.97,3425.0,7769.1523
1712545200000,3424.99,3425.23,3406.36,3423.0,7991.4082
1712548800000,3422.99,3426.73,3413.22,3420.13,5302.6711
1712552400000,3420.14,3432.24,3420.13,3428.6,8222.8434
1712556000000,3428.61,3432.2,3421.12,3431.08,5914.49
1712559600000,3431.07,3478.34,3429.45,3473.88,33367.5155
1712563200000,3473.88,3611.84,3469.8,3596.32,87954.1543
1712566800000,3596.32,3624.89,3585.52,3618.79,39439.5131
1712570400000,3618.79,3633.0,3608.65,3619.21,28210.9465
1712574000000,3619.21,3640.44,3614.8,3633.08,20074.0545
1712577600000,3633.07,3669.01,3633.07,3643.43,34193.0701
1712581200000,3643.43,3672.11,3612.0,3627.8,37479.0369
1712584800000,3627.8,3650.05,3615.86,3645.75,26220.0106
1712588400000,3645.75,3652.0,3623.35,3629.2,17931.9238
1712592000000,3629.2,3664.27,3627.16,3658.56,19438.4895
1712595600000,3658.55,3677.0,3640.36,3668.19,15332.1369
1712599200000,3668.2,3710.45,3668.19,3691.59,25538.8951
1712602800000,3691.6,3704.54,3682.0,3702.8,16679.5921
1712606400000,3702.8,3708.59,3681.06,3690.0,8739.1278
1712610000000,3690.0,3696.6,3682.42,3686.0,6994.3319
1712613600000,3686.01,3729.0,3682.6,3721.24,12058.0245
1712617200000,3721.24,3730.71,3690.32,3694.61,14186.3978
1712620800000,3694.61,3725.0,3687.64,3694.25,14092.5912
1712624400000,3694.25,3696.8,3665.25,3679.99,18248.1142
1712628000000,3679.99,3727.34,3675.25,3706.6,14229.6029
1712631600000,3706.6,3716.89,3683.19,3692.29,14346.9126
1712635200000,3692.3,3701.94,3673.4,3696.0,10682.5955
1712638800000,3696.01,3701.24,3681.0,3692.35,10091.3498
1712642400000,3692.36,3696.34,3631.0,3642.49,31150.9956
1712646000000,3642.49,3656.99,3632.0,3641.81,26738.0895
1712649600000,3641.81,3641.81,3580.57,3628.77,45676.6533
1712653200000,3628.78,3646.6,3616.0,3630.0,14959.3474
1712656800000,3630.0,3638.75,3612.26,3627.97,13097.0584
1712660400000,3627.96,3643.51,3624.11,3632.85,10018.1668
1712664000000,3632.85,3643.37,3620.92,3630.21,13664.5356
1712667600000,3630.21,3639.94,3591.26,3592.79,19917.9579
1712671200000,3592.8,3613.44,3490.72,3522.77,63464.0948
1712674800000,3522.77,3532.0,3478.5,3529.92,32055.0712
1712678400000,3529.93,3532.96,3495.04,3497.32,18669.2295
1712682000000,3497.32,3507.22,3450.46,3504.19,30140.8438
1712685600000,3504.2,3512.81,3497.61,3505.2,8395.0069
1712689200000,3505.2,3524.7,3494.42,3517.1,8486.6441
1712692800000,3517.1,3526.63,3512.2,3515.0,7526.1851
1712696400000,3515.0,3516.25,3496.02,3509.2,7125.6425
1712700000000,3509.21,3521.62,3502.5,3518.7,4572.2228
1712703600000,3518.7,3518.71,3485.82,3506.39,20243.3406
1712707200000,3506.4,3520.6,3498.32,3506.4,8617.5728
1712710800000,3506.39,3516.4,3473.7,3515.44,14769.788
1712714400000,3515.44,3537.5,3465.64,3477.57,22170.632
1712718000000,3477.58,3514.08,3473.33,3513.0,13444.7992
1712721600000,3513.01,3524.46,3505.98,3516.46,10076.6635
1712725200000,3516.46,3541.71,3515.0,3533.34,10068.6328
1712728800000,3533.34,3554.19,3530.3,3538.81,8518.5984
1712732400000,3538.8,3549.99,3534.45,3536.61,8102.1567
1712736000000,3536.61,3537.0,3501.59,3517.79,15695.6876
1712739600000,3517.78,3536.34,3506.8,3531.67,9524.6014
1712743200000,3531.67,3540.36,3493.07,3519.41,19226.3175
1712746800000,3519.41,3526.0,3512.88,3521.32,10192.2111
1712750400000,3521.33,3527.99,3411.82,3440.01,60031.257
1712754000000,3440.0,3464.0,3415.8,3462.0,28833.283
1712757600000,3462.0,3502.89,3446.76,3486.39,26429.7131
1712761200000,3486.39,3489.9,3462.03,3479.41,13559.2156
1712764800000,3479.41,3532.96,3469.5,3527.4,21899.5961
1712768400000,3527.41,3547.49,3511.6,3517.96,20741.5534
1712772000000,3517.95,3519.84,3478.42,3495.21,17367.1224
1712775600000,3495.21,3523.16,3488.89,3521.52,13122.2296
1712779200000,3521.52,3529.62,3510.84,3514.01,7285.8139
1712782800000,3514.0,3517.92,3495.58,3513.22,6420.0669
1712786400000,3513.23,3562.95,3511.8,3538.21,17047.1819
1712790000000,3538.2,3547.05,3532.59,3545.64,6260.2116
1712793600000,3545.64,3547.85,3526.9,3534.0,7370.6201
1712797200000,3534.0,3542.8,3524.27,3530.4,7464.7388
1712800800000,3530.4,3576.6,3527.58,3566.56,12680.883
1712804400000,3566.55,3575.85,3555.8,3575.84,8957.3992
1712808000000,3575.84,3581.86,3553.03,3561.58,12120.0188
1712811600000,3561.59,3569.3,3556.13,3563.2,6394.6752
1712815200000,3563.21,3585.73,3561.95,3575.21,14125.8221
1712818800000,3575.2,3605.76,3575.2,3583.4,16078.7015
1712822400000,3583.4,3618.3,3578.13,3608.17,23943.0063
1712826000000,3608.18,3608.78,3578.4,3578.85,14671.5056
1712829600000,3578.84,3585.08,3558.0,3561.54,11356.6836
1712833200000,3561.55,3565.89,3514.57,3522.88,19135.0309
1712836800000,3522.89,3575.0,3520.22,3557.72,33067.3503
1712840400000,3557.72,3570.53,3490.1,3526.29,34708.4893
1712844000000,3526.29,3527.76,3486.31,3494.19,24158.7465
1712847600000,3494.2,3511.28,3487.42,3508.32,17013.1741
1712851200000,3508.31,3522.0,3474.52,3503.8,22047.8167
1712854800000,3503.81,3521.91,3499.28,3511.93,10666.1639
1712858400000,3511.92,3517.4,3495.53,3505.08,6897.0242
1712862000000,3505.07,3518.89,3497.62,3517.7,6261.8559
1712865600000,3517.71,3532.25,3512.22,3524.19,7972.8153
1712869200000,3524.19,3524.39,3495.68,3500.99,10857.9502
1712872800000,3501.0,3512.53,3497.36,3505.63,5470.1732
1712876400000,3505.63,3510.78,3490.63,3502.52,4718.9087
1712880000000,3502.52,3525.19,3501.34,3523.62,10786.22
1712883600000,3523.61,3526.29,3505.29,3509.09,5826.3059
1712887200000,3509.09,3530.55,3502.39,3520.23,8722.5333
1712890800000,3520.22,3537.93,3520.22,3534.01,6611.1396
1712894400000,3534.01,3552.4,3528.2,3547.61,7808.8093
1712898000000,3547.61,3551.69,3536.25,3542.16,6892.5069
1712901600000,3542.16,3543.14,3526.6,3534.71,6461.1258
1712905200000,3534.7,3539.1,3507.95,3516.2,15215.758
1712908800000,3516.2,3528.56,3513.2,3526.01,15080.7126
1712912400000,3526.01,3531.9,3508.98,3515.46,20134.4106
1712916000000,3515.45,3532.99,3508.95,3530.2,12097.6444
1712919600000,3530.2,3541.78,3527.65,3532.22,10333.9911
1712923200000,3532.22,3532.48,3488.18,3497.73,24426.2078
1712926800000,3497.74,3497.74,3450.17,3463.55,32631.0651
1712930400000,3463.55,3475.01,3439.23,3442.06,22458.9544
1712934000000,3442.06,3457.61,3439.7,3440.71,13570.3724
1712937600000,3440.7,3454.56,3408.37,3423.31,32830.8228
1712941200000,3423.32,3428.14,3296.0,3325.39,91165.888
1712944800000,3325.39,3341.8,3100.0,3211.4,149908.3143
1712948400000,3211.4,3243.2,3195.0,3206.17,94485.2134
1712952000000,3206.17,3256.0,3201.07,3226.28,39190.3087
1712955600000,3226.28,3227.0,3207.66,3218.8,25789.5165
1712959200000,3218.8,3230.56,3210.04,3218.95,20679.5745
1712962800000,3218.94,3246.15,3207.19,3237.43,24219.722
1712966400000,3237.42,3237.43,3216.82,3233.14,19442.9252
1712970000000,3233.13,3233.59,3141.6,3160.0,49302.5591
1712973600000,3160.0,3216.28,3158.91,3213.46,36593.9456
1712977200000,3213.45,3233.53,3202.99,3230.91,23801.8733
1712980800000,3230.91,3265.0,3223.38,3255.79,29605.0378
1712984400000,3255.8,3262.98,3246.74,3247.81,16941.5771
1712988000000,3247.8,3267.53,3246.32,3265.49,9938.1882
1712991600000,3265.5,3272.31,3248.7,3257.6,15099.0262
1712995200000,3257.61,3264.32,3247.4,3251.81,11749.3222
1712998800000,3251.81,3271.47,3248.0,3265.81,10782.7369
1713002400000,3265.82,3279.97,3258.59,3275.85,11668.2206
1713006000000,3275.85,3301.9,3266.24,3268.2,15528.5219
1713009600000,3268.2,3290.23,3257.64,3277.8,11004.0543
1713013200000,3277.81,3291.23,3264.7,3270.42,12715.986
1713016800000,3270.42,3278.0,3250.7,3262.19,12774.8315
1713020400000,3262.2,3296.83,3255.02,3272.39,15289.0468
1713024000000,3272.4,3279.79,3229.06,3245.85,27460.2383
1713027600000,3245.85,3247.0,3189.23,3194.01,53585.3702
1713031200000,3194.01,3237.92,3182.02,3233.8,30584.76
1713034800000,3233.8,3237.12,3017.19,3085.2,81095.4483
1713038400000,3085.2,3094.88,2852.0,2911.55,254698.8981
1713042000000,2911.55,2951.66,2859.4,2950.61,103005.6428
1713045600000,2950.61,3032.98,2897.5,3018.81,85031.7508
1713049200000,3018.8,3063.2,2998.0,3007.01,57271.2742
1713052800000,3007.01,3019.46,2906.73,2967.39,60014.9015
1713056400000,2967.39,3009.99,2935.0,2992.29,35498.4698
1713060000000,2992.28,3005.88,2953.25,2956.86,22807.5628
1713063600000,2956.86,2977.08,2912.41,2970.85,40510.5822
1713067200000,2970.86,3049.67,2965.18,3042.62,44626.8089
1713070800000,3042.62,3079.07,3036.03,3073.1,27521.0865
1713074400000,3073.1,3098.4,3054.38,3090.86,36464.3065
1713078000000,3090.86,3102.15,3070.94,3084.2,21469.9565
1713081600000,3084.19,3099.13,3057.14,3068.6,22050.5637
1713085200000,3068.61,3076.63,3027.0,3042.91,27073.5731
1713088800000,3042.9,3067.48,3031.12,3055.16,17990.3016
1713092400000,3055.15,3061.2,3008.86,3027.01,26493.2979
1713096000000,3027.0,3066.78,3022.79,3044.96,24057.4664
1713099600000,3044.96,3068.26,3028.1,3033.6,24857.9764
1713103200000,3033.6,3058.16,3006.0,3035.85,41264.8072
1713106800000,3035.82,3074.07,3032.98,3055.74,23310.556
1713110400000,3055.75,3101.27,3052.26,3081.24,27839.515
1713114000000,3081.23,3094.03,2980.0,3051.57,72838.8835
1713117600000,3051.58,3091.52,3039.0,3083.49,27585.2356
1713121200000,3083.49,3090.0,3060.8,3073.62,13720.8854
1713124800000,3073.63,3089.47,3057.81,3067.04,14744.1501
1713128400000,3067.04,3072.0,3047.29,3065.41,11717.4991
1713132000000,3065.4,3171.47,3065.4,3156.69,53264.8374
1713135600000,3156.69,3174.23,3148.95,3155.11,19857.2435
1713139200000,3155.11,3155.55,3102.0,3112.98,30609.8357
1713142800000,3112.98,3133.04,3100.0,3129.0,18024.8464
1713146400000,3129.01,3147.89,3125.3,3138.26,16638.0183
1713150000000,3138.26,3158.62,3133.66,3146.5,13564.4141
1713153600000,3146.51,3148.38,3123.0,3138.7,14300.0507
1713157200000,3138.71,3161.02,3134.57,3157.8,12787.7343
1713160800000,3157.79,3255.43,3156.55,3241.12,63347.9764
1713164400000,3241.11,3251.93,3225.0,3242.05,21731.3895
1713168000000,3242.04,3264.5,3235.0,3249.32,18304.3671
1713171600000,3249.32,3262.8,3234.41,3254.47,16452.4227
1713175200000,3254.47,3268.64,3249.55,3260.64,11702.4493
1713178800000,3260.64,3277.85,3226.75,3229.64,18094.9733
1713182400000,3229.64,3246.03,3226.0,3231.61,15941.9582
1713186000000,3231.61,3238.33,3183.08,3193.63,28974.3568
1713189600000,3193.63,3209.0,3126.2,3128.83,47449.7356
1713193200000,3128.82,3165.0,3102.2,3163.21,37815.8269
1713196800000,3163.2,3179.4,3130.75,3136.69,31119.6869
1713200400000,3136.7,3173.12,3088.93,3115.6,43449.9535
1713204000000,3115.61,3126.09,3047.21,3055.8,42638.5144
1713207600000,3055.8,3116.03,3023.19,3100.1,44674.5596
1713211200000,3100.09,3116.93,3073.27,3081.61,16731.4891
1713214800000,3081.6,3114.52,3057.29,3107.0,15891.0666
1713218400000,3107.0,3128.44,3084.24,3126.83,13911.275
1713222000000,3126.83,3126.83,3090.2,3101.99,11273.9859
1713225600000,3102.0,3107.3,3060.71,3082.25,20099.6845
1713229200000,3082.25,3120.59,3072.86,3079.21,23057.871
1713232800000,3079.2,3099.56,3051.35,3094.24,17896.9753
1713236400000,3094.23,3107.0,3055.36,3072.19,30247.0497
1713240000000,3072.2,3079.39,2986.0,3025.94,44585.0448
1713243600000,3025.95,3058.98,3017.32,3047.11,15689.6947
1713247200000,3047.1,3087.35,3042.86,3082.15,12437.2765
1713250800000,3082.15,3128.01,3077.38,3107.29,21921.0842
1713254400000,3107.3,3110.76,3077.05,3085.04,13373.1038
1713258000000,3085.05,3103.07,3073.95,3079.9,10412.2378
1713261600000,3079.9,3090.8,3003.0,3051.35,59603.6287
1713265200000,3051.35,3099.18,3044.54,3093.31,22795.5786
1713268800000,3093.31,3093.31,3063.16,3074.7,18071.2815
1713272400000,3074.71,3095.37,3038.93,3068.01,31087.0593
1713276000000,3068.02,3092.61,3036.94,3042.35,27677.9672
1713279600000,3042.34,3054.63,3008.7,3009.04,31487.44
1713283200000,3009.05,3059.25,2995.0,3057.91,32975.5246
1713286800000,3057.91,3084.99,3031.6,3043.25,26811.4115
1713290400000,3043.26,3076.66,3035.46,3073.7,19919.687
1713294000000,3073.7,3077.77,3054.66,3057.64,9454.0897
1713297600000,3057.65,3072.25,3049.9,3070.25,8808.1548
1713301200000,3070.26,3118.24,3068.02,3102.49,14509.141
1713304800000,3102.48,3104.86,3078.43,3093.6,7589.2656
1713308400000,3093.6,3095.5,3079.2,3084.22,5603.6032
1713312000000,3084.21,3107.24,3076.42,3095.0,11839.2972
1713315600000,3095.01,3096.29,3068.39,3091.94,13223.7238
1713319200000,3091.94,3100.8,3072.97,3085.79,12134.7282
1713322800000,3085.79,3096.29,3082.1,3095.61,7979.4273
1713326400000,3095.6,3123.75,3085.54,3113.01,14146.6929
1713330000000,3113.01,3120.13,3083.54,3089.53,14758.0527
1713333600000,3089.53,3098.73,3080.76,3091.06,9775.4367
1713337200000,3091.05,3094.42,3064.05,3076.6,14368.6659
1713340800000,3076.6,3087.64,3067.05,3073.19,8601.3159
1713344400000,3073.2,3087.34,3070.01,3079.39,7446.0739
1713348000000,3079.39,3080.16,3053.67,3059.6,12859.0596
1713351600000,3059.6,3073.0,3037.65,3040.2,16820.7772
1713355200000,3040.19,3050.6,3015.42,3031.41,22478.9708
1713358800000,3031.41,3063.65,3023.73,3043.38,22938.948
1713362400000,3043.38,3044.35,2942.6,2982.6,74576.3662
1713366000000,2982.6,2993.37,2925.85,2946.8,65446.9021
1713369600000,2946.79,2998.96,2914.47,2951.21,49927.9712
1713373200000,2951.21,3007.47,2947.81,3002.34,20309.4388
1713376800000,3002.35,3043.73,2997.43,3026.2,27593.8218
1713380400000,3026.2,3026.6,2982.84,3001.6,15831.4351
1713384000000,3001.59,3011.59,2964.35,2972.4,12744.9862
1713387600000,2972.39,3014.91,2972.39,2998.98,14861.2121
1713391200000,2998.99,3008.75,2986.66,3008.59,9995.5358
1713394800000,3008.59,3014.11,2977.17,2985.41,11238.7267
1713398400000,2985.41,2998.25,2950.98,2993.17,20103.4344
1713402000000,2993.18,3011.33,2987.68,3003.89,14042.2996
1713405600000,3003.9,3014.83,2991.23,3011.2,9175.8964
1713409200000,3011.19,3035.08,3010.7,3025.68,14631.8009
1713412800000,3025.67,3034.29,3008.11,3014.31,13001.4137
1713416400000,3014.31,3021.74,2977.58,2984.1,13762.017
1713420000000,2984.11,2991.7,2956.6,2972.99,20463.8503
1713423600000,2972.99,2988.89,2962.49,2975.2,12934.1848
1713427200000,2975.19,2992.19,2954.01,2985.04,18860.6533
1713430800000,2985.04,3010.58,2982.6,3007.62,17960.9458
1713434400000,3007.62,3015.32,2997.6,3011.07,11852.5434
1713438000000,3011.07,3065.56,3010.06,3046.46,30045.8496
1713441600000,3046.45,3052.19,2985.69,3024.98,24444.5227
1713445200000,3024.99,3051.0,3008.39,3049.26,21038.5589
1713448800000,3049.25,3093.33,3035.86,3080.15,36651.5281
1713452400000,3080.14,3094.4,3056.48,3069.17,25935.1627
1713456000000,3069.17,3083.54,3055.99,3061.69,18853.7819
1713459600000,3061.68,3071.12,3032.03,3037.62,16056.6514
1713463200000,3037.61,3057.63,3018.2,3051.6,15234.7165
1713466800000,3051.6,3066.9,3049.5,3064.19,10218.0652
1713470400000,3064.19,3075.0,3057.8,3068.26,8137.0222
1713474000000,3068.26,3075.0,3060.46,3065.61,4934.6164
1713477600000,3065.61,3080.82,3056.1,3070.35,6603.2894
1713481200000,3070.35,3078.05,3061.21,3064.4,4117.9087
1713484800000,3064.4,3070.24,3040.81,3041.46,12566.8495
1713488400000,3041.45,3044.55,2927.51,2941.96,58922.6198
1713492000000,2941.96,2948.74,2865.18,2943.79,82321.2492
1713495600000,2943.8,3000.63,2936.47,2979.8,46395.1796
1713499200000,2979.81,3024.64,2979.0,3005.68,27262.2082
1713502800000,3005.68,3016.41,2980.93,3000.81,18228.2215
1713506400000,3000.81,3110.0,2989.57,3103.84,51009.077
1713510000000,3103.83,3128.89,3067.51,3084.41,42581.8399
1713513600000,3084.41,3124.44,3077.19,3111.47,34205.9809
1713517200000,3111.48,3118.04,3093.02,3102.71,12193.1606
1713520800000,3102.72,3117.49,3082.37,3098.08,14677.2055
1713524400000,3098.08,3119.25,3092.3,3102.61,18566.5214
1713528000000,3102.6,3121.0,3090.47,3099.68,18808.2625
1713531600000,3099.68,3107.54,3080.1,3098.24,20134.9196
1713535200000,3098.24,3103.0,3054.35,3080.34,22460.5639
1713538800000,3080.34,3094.36,3074.68,3080.74,13215.9575
1713542400000,3080.73,3086.78,3029.72,3065.76,26070.9805
1713546000000,3065.76,3093.16,3058.12,3080.46,13643.3372
1713549600000,3080.46,3084.89,3069.63,3076.73,10156.5953
1713553200000,3076.73,3107.94,3072.63,3104.1,10689.5056
1713556800000,3104.1,3104.15,3071.14,3078.33,9378.8058
1713560400000,3078.32,3102.07,3078.32,3100.25,5945.9007
1713564000000,3100.25,3105.68,3069.27,3069.84,10199.0456
1713567600000,3069.84,3072.64,3020.63,3056.46,28216.4146
1713571200000,3056.45,3070.8,3023.77,3030.53,19102.7466
1713574800000,3030.52,3057.85,3018.75,3051.2,11892.8786
1713578400000,3051.19,3065.75,3046.18,3053.99,6637.7598
1713582000000,3054.0,3058.75,3050.07,3055.99,4550.7801
1713585600000,3055.99,3068.34,3049.31,3064.92,8357.0292
1713589200000,3064.92,3070.18,3057.63,3063.4,5566.4551
1713592800000,3063.41,3070.75,3054.43,3065.15,7043.5462
1713596400000,3065.14,3071.03,3058.72,3060.64,6851.036
1713600000000,3060.64,3061.29,3044.37,3049.6,7967.2588
1713603600000,3049.59,3051.3,3029.99,3043.79,9445.1916
1713607200000,3043.79,3050.0,3031.08,3037.99,7801.1169
1713610800000,3038.0,3054.97,3037.76,3047.39,6363.2922
1713614400000,3047.38,3067.87,3040.34,3059.45,9408.6328
1713618000000,3059.44,3069.94,3058.98,3061.61,5991.7349
1713621600000,3061.62,3068.85,3054.13,3065.94,7073.3915
1713625200000,3065.95,3114.6,3056.59,3109.86,18632.9965
1713628800000,3109.86,3116.42,3087.66,3098.99,15985.839
1713632400000,3099.0,3166.46,3098.99,3154.29,27163.9482
1713636000000,3154.28,3161.59,3133.33,3139.19,12415.9089
1713639600000,3139.2,3150.68,3127.0,3148.21,8883.1234
1713643200000,3148.21,3171.88,3145.0,3156.4,14263.5853
1713646800000,3156.4,3162.35,3144.05,3152.11,7576.8037
1713650400000,3152.11,3156.77,3140.91,3141.0,7176.5284
1713654000000,3140.99,3162.39,3140.9,3155.79,6426.0534
1713657600000,3155.79,3156.37,3126.87,3135.61,9537.668
1713661200000,3135.6,3155.0,3135.23,3149.72,5037.3618
1713664800000,3149.71,3192.94,3144.81,3181.79,24665.562
1713668400000,3181.8,3197.18,3163.8,3166.8,12153.1621
1713672000000,3166.81,3180.91,3152.54,3175.75,8518.9985
1713675600000,3175.76,3189.4,3170.37,3176.41,6214.2683
1713679200000,3176.4,3191.22,3171.44,3177.99,7443.5966
1713682800000,3177.99,3184.03,3163.55,3179.55,10268.542
1713686400000,3179.54,3189.0,3169.01,3169.44,8908.0448
1713690000000,3169.45,3175.13,3164.4,3170.35,8063.8079
1713693600000,3170.36,3174.51,3153.66,3169.8,10504.1085
1713697200000,3169.79,3183.0,3158.0,3168.81,10778.6911
1713700800000,3168.81,3176.7,3153.99,3157.61,7065.9239
1713704400000,3157.61,3169.89,3137.32,3145.61,12053.2738
1713708000000,3145.6,3157.68,3141.71,3147.8,7211.7012
1713711600000,3147.81,3165.39,3147.37,3158.82,6572.5123
1713715200000,3158.82,3161.36,3116.49,3137.68,21755.865
1713718800000,3137.68,3149.72,3132.86,3148.51,7579.0474
1713722400000,3148.51,3148.99,3134.81,3145.6,4667.4035
1713726000000,3145.59,3156.73,3136.76,3136.79,5844.0595
1713729600000,3136.78,3153.4,3129.82,3149.2,6526.4021
1713733200000,3149.21,3169.57,3144.07,3145.0,8335.6278
1713736800000,3145.0,3164.03,3140.0,3155.61,6652.2907
1713740400000,3155.6,3155.94,3141.45,3147.67,3612.5884
1713744000000,3147.66,3168.15,3144.55,3152.13,6331.3068
1713747600000,3152.12,3191.79,3138.29,3140.8,25348.9267
1713751200000,3140.79,3148.47,3129.15,3148.0,9899.4774
1713754800000,3147.99,3210.75,3145.6,3190.1,23195.2961
1713758400000,3190.09,3202.08,3184.53,3194.21,11845.7663
1713762000000,3194.2,3231.29,3194.2,3227.66,17776.8004
1713765600000,3227.66,3235.0,3219.7,3220.34,15853.2778
1713769200000,3220.35,3231.45,3203.34,3203.6,10533.2838
1713772800000,3203.59,3218.49,3194.61,3204.62,15266.577
1713776400000,3204.62,3218.0,3200.1,3215.4,7984.5704
1713780000000,3215.39,3224.0,3208.6,3209.8,8244.9427
1713783600000,3209.8,3212.82,3187.99,3194.54,10910.095
1713787200000,3194.55,3208.78,3185.19,3204.46,9143.5783
1713790800000,3204.47,3211.64,3177.54,3192.6,15975.8578
1713794400000,3192.6,3207.9,3178.29,3183.79,13990.1965
1713798000000,3183.79,3186.2,3166.8,3183.32,12911.5995
1713801600000,3183.33,3199.73,3169.3,3185.15,13335.2977
1713805200000,3185.16,3216.99,3184.45,3199.07,14989.8272
1713808800000,3199.07,3204.9,3190.15,3191.41,7834.232
1713812400000,3191.4,3196.18,3175.75,3188.23,8187.0819
1713816000000,3188.24,3203.99,3184.02,3190.12,7922.8328
1713819600000,3190.12,3198.22,3184.47,3197.36,3829.4402
1713823200000,3197.35,3224.2,3197.1,3218.79,9971.0222
1713826800000,3218.79,3223.4,3195.37,3200.2,9598.6704
1713830400000,3200.19,3218.2,3194.6,3218.08,7193.9692
1713834000000,3218.09,3223.36,3204.31,3206.37,7490.5494
1713837600000,3206.36,3216.37,3190.23,3194.79,7319.3628
1713841200000,3194.79,3200.0,3181.37,3183.9,8999.0861
1713844800000,3183.9,3193.49,3168.52,3176.17,9552.7478
1713848400000,3176.18,3187.56,3172.26,3185.0,7481.2831
1713852000000,3184.99,3191.4,3169.33,3174.59,7451.7906
1713855600000,3174.6,3177.72,3152.0,3160.48,14386.3114
1713859200000,3160.49,3171.31,3152.45,3169.14,9916.5907
1713862800000,3169.14,3172.7,3163.0,3166.58,6137.6662
1713866400000,3166.58,3185.55,3166.57,3181.2,9805.2602
1713870000000,3181.2,3183.33,3163.74,3179.8,8815.8744
1713873600000,3179.79,3189.89,3173.11,3187.21,11982.7099
1713877200000,3187.22,3207.9,3175.0,3207.9,16621.9444
1713880800000,3207.9,3263.61,3204.61,3247.84,44320.661
1713884400000,3247.84,3249.15,3220.36,3226.13,17880.2999
1713888000000,3226.12,3241.56,3217.8,3233.54,9893.3228
1713891600000,3233.53,3246.22,3225.03,3237.4,8311.4682
1713895200000,3237.4,3240.3,3218.99,3229.42,7900.7344
1713898800000,3229.42,3229.42,3213.0,3218.31,5492.7687
1713902400000,3218.31,3223.05,3186.43,3209.6,13083.6256
1713906000000,3209.6,3212.95,3200.78,3209.21,4012.6748
1713909600000,3209.21,3220.37,3207.01,3215.41,5289.7361
1713913200000,3215.41,3222.08,3202.61,3219.46,4573.7886
1713916800000,3219.46,3233.85,3210.4,3228.94,8855.8795
1713920400000,3228.94,3249.28,3227.97,3238.97,7579.0148
1713924000000,3238.97,3241.57,3215.92,3231.6,13266.9415
1713927600000,3231.6,3245.35,3229.78,3237.61,8485.9852
1713931200000,3237.61,3275.54,3236.8,3271.48,15638.0527
1713934800000,3271.47,3274.84,3249.18,3257.19,10573.6569
1713938400000,3257.2,3260.96,3245.11,3256.04,7606.7936
1713942000000,3256.04,3265.77,3249.42,3250.11,8845.0569
1713945600000,3250.1,3260.6,3244.81,3252.11,8094.9132
1713949200000,3252.12,3254.55,3241.86,3254.25,9561.9316
1713952800000,3254.25,3270.53,3246.2,3266.81,14038.1639
1713956400000,3266.8,3287.0,3265.1,3281.96,20936.1125
1713960000000,3281.97,3293.56,3267.1,3273.06,14780.5857
1713963600000,3273.05,3273.36,3240.02,3247.71,26524.7688
1713967200000,3247.7,3256.09,3186.99,3214.09,49276.9389
1713970800000,3214.09,3214.1,3167.23,3175.8,34642.9842
1713974400000,3175.8,3192.12,3158.02,3173.64,26526.2645
1713978000000,3173.64,3193.83,3173.2,3180.2,12048.0087
1713981600000,3180.21,3181.19,3123.87,3129.76,23037.1931
1713985200000,3129.75,3150.25,3104.9,3134.67,23084.5742
1713988800000,3134.67,3142.55,3117.36,3133.25,18154.4474
1713992400000,3133.24,3150.8,3127.45,3149.79,9017.8107
1713996000000,3149.8,3152.59,3121.78,3132.2,9997.3326
1713999600000,3132.21,3142.92,3112.05,3140.8,12740.9303
1714003200000,3140.79,3161.57,3136.52,3156.81,13688.118
1714006800000,3156.8,3171.2,3142.66,3143.1,13475.5983
1714010400000,3143.1,3164.28,3126.6,3154.23,15028.0885
1714014000000,3154.22,3160.99,3141.42,3147.41,10032.5036
1714017600000,3147.41,3157.0,3126.17,3156.67,12539.3049
1714021200000,3156.67,3165.0,3143.17,3158.13,7024.2753
1714024800000,3158.14,3167.35,3154.51,3157.83,5514.0442
1714028400000,3157.83,3160.06,3129.8,3136.39,11060.4853
1714032000000,3136.39,3149.4,3123.33,3138.83,11226.5048
1714035600000,3138.83,3152.99,3130.37,3136.14,9220.3454
1714039200000,3136.15,3136.15,3072.2,3083.0,41084.9669
1714042800000,3083.01,3120.42,3081.41,3112.0,15118.1057
1714046400000,3112.01,3154.51,3094.4,3109.0,33495.9875
1714050000000,3109.0,3127.65,3082.58,3123.85,29841.0285
1714053600000,3123.86,3145.0,3105.28,3117.65,19234.4062
1714057200000,3117.65,3168.0,3113.8,3160.4,22020.6026
1714060800000,3160.4,3166.6,3148.0,3157.99,17443.6905
1714064400000,3157.99,3172.0,3146.24,3160.62,19745.8149
1714068000000,3160.62,3173.22,3149.0,3171.4,11977.0171
1714071600000,3171.4,3175.65,3153.6,3165.84,6061.1942
1714075200000,3165.84,3180.0,3155.94,3174.01,8854.2865
1714078800000,3174.0,3191.64,3168.64,3170.68,8419.8134
1714082400000,3170.68,3172.31,3157.42,3159.8,5456.4481
1714086000000,3159.81,3165.93,3152.3,3155.8,4725.9198
1714089600000,3155.81,3159.59,3134.39,3146.2,12134.1838
1714093200000,3146.2,3160.75,3124.25,3147.79,14734.0077
1714096800000,3147.79,3164.08,3145.67,3153.97,8259.1164
1714100400000,3153.97,3155.0,3140.0,3141.59,6546.2958
1714104000000,3141.58,3142.66,3130.0,3133.81,8921.5162
1714107600000,3133.81,3152.83,3129.0,3152.34,10074.9929
1714111200000,3152.34,3154.13,3135.91,3140.31,8392.5233
1714114800000,3140.32,3146.53,3130.76,3135.46,16196.9746
1714118400000,3135.45,3145.83,3133.33,3142.76,7781.3259
1714122000000,3142.76,3157.99,3139.01,3150.15,8354.3163
1714125600000,3150.14,3156.15,3121.8,3123.11,11969.6745
1714129200000,3123.11,3132.85,3122.7,3128.63,6674.8642
1714132800000,3128.63,3150.61,3118.6,3130.0,16487.4847
1714136400000,3130.0,3150.21,3110.38,3146.61,18126.9097
1714140000000,3146.61,3167.7,3121.55,3125.91,25337.9881
1714143600000,3125.9,3134.67,3102.0,3117.6,19007.9749
1714147200000,3117.61,3129.4,3105.71,3121.68,8554.8931
1714150800000,3121.68,3145.74,3118.75,3145.29,10266.8912
1714154400000,3145.29,3155.0,3142.0,3152.81,7402.9359
1714158000000,3152.8,3153.39,3133.48,3133.84,5561.91
1714161600000,3133.79,3150.68,3133.79,3144.31,5884.7995
1714165200000,3144.32,3153.8,3140.4,3151.87,3519.9452
1714168800000,3151.88,3152.59,3120.77,3132.4,8786.9004
1714172400000,3132.39,3136.6,3126.84,3131.3,3544.2307
1714176000000,3131.3,3138.8,3085.0,3108.52,18798.5134
1714179600000,3108.52,3114.61,3066.74,3093.83,27426.5525
1714183200000,3093.82,3131.63,3089.3,3120.41,15779.365
1714186800000,3120.41,3125.16,3114.9,3122.18,6740.7743
1714190400000,3122.18,3129.48,3116.43,3126.62,5157.2125
1714194000000,3126.62,3126.99,3107.69,3117.41,10421.9127
1714197600000,3117.41,3130.91,3114.52,3124.13,6316.2733
1714201200000,3124.13,3133.25,3119.3,3120.59,4451.5885
1714204800000,3120.59,3123.8,3112.0,3114.57,5256.8708
1714208400000,3114.56,3122.52,3107.8,3120.0,5199.7828
1714212000000,3120.0,3122.6,3109.52,3115.05,5774.2421
1714215600000,3115.06,3128.57,3109.06,3124.92,8594.4677
1714219200000,3124.92,3142.4,3122.0,3137.37,12702.0568
1714222800000,3137.37,3153.59,3133.25,3151.19,17503.7034
1714226400000,3151.2,3167.01,3143.9,3151.13,15161.609
1714230000000,3151.14,3156.91,3138.27,3145.05,7151.2794
1714233600000,3145.05,3163.01,3142.41,3153.01,13372.5788
1714237200000,3153.01,3264.64,3152.66,3257.75,52931.4899
1714240800000,3257.75,3285.0,3229.45,3256.6,40463.7971
1714244400000,3256.61,3261.0,3233.0,3237.4,9579.996
1714248000000,3237.4,3246.42,3223.07,3237.94,10010.4727
1714251600000,3237.94,3252.82,3232.51,3242.51,6671.5754
1714255200000,3242.52,3255.47,3242.43,3245.19,9083.4817
1714258800000,3245.2,3263.3,3244.95,3255.56,9261.5961
1714262400000,3255.55,3260.5,3250.45,3254.55,8488.0449
1714266000000,3254.54,3276.92,3253.6,3266.54,7286.6645
1714269600000,3266.54,3322.28,3262.28,3310.61,29569.7603
1714273200000,3310.6,3329.6,3304.24,3308.87,21151.4222
1714276800000,3308.86,3311.83,3300.23,3301.21,9304.6583
1714280400000,3301.2,3328.0,3301.18,3313.0,8976.6895
1714284000000,3313.0,3326.0,3308.0,3322.01,12432.1017
1714287600000,3322.0,3339.99,3313.95,3317.6,13334.1659
1714291200000,3317.59,3324.78,3306.73,3311.39,8239.96
1714294800000,3311.39,3318.0,3301.91,3308.26,7721.4969
1714298400000,3308.25,3310.6,3286.87,3300.25,16974.326
1714302000000,3300.25,3302.0,3275.01,3286.41,23845.3539
1714305600000,3286.41,3298.31,3283.8,3288.01,8560.0389
1714309200000,3288.0,3323.19,3285.0,3314.39,22442.5279
1714312800000,3314.39,3327.79,3305.71,3315.0,11154.0522
1714316400000,3315.0,3326.81,3312.24,3321.01,8774.0679
1714320000000,3321.0,3331.11,3308.17,3320.6,11540.0024
1714323600000,3320.6,3330.71,3313.74,3326.52,7906.5019
1714327200000,3326.53,3357.4,3319.4,3344.29,13147.0005
1714330800000,3344.29,3344.6,3315.9,3316.92,6548.2024
1714334400000,3316.92,3321.0,3308.81,3311.41,4850.7196
1714338000000,3311.4,3313.7,3298.03,3306.24,6572.1568
1714341600000,3306.23,3311.49,3282.9,3290.61,15048.7625
1714345200000,3290.62,3290.62,3251.97,3263.45,20897.3319
1714348800000,3263.44,3286.34,3259.34,3282.52,10534.3412
1714352400000,3282.52,3286.95,3264.38,3276.06,12460.5345
1714356000000,3276.05,3279.56,3215.0,3221.46,35102.7757
1714359600000,3221.46,3224.91,3168.01,3177.6,48522.2844
1714363200000,3177.6,3206.43,3171.6,3201.49,17347.9726
1714366800000,3201.49,3205.0,3175.45,3204.96,19141.3265
1714370400000,3204.96,3208.28,3153.44,3181.85,35467.2315
1714374000000,3181.85,3190.18,3171.66,3189.0,17064.5023
1714377600000,3188.99,3189.0,3165.0,3172.1,16417.2635
1714381200000,3172.11,3187.3,3160.96,3177.28,12080.4143
1714384800000,3177.28,3195.4,3172.01,3175.88,11740.5979
1714388400000,3175.88,3178.99,3147.54,3160.11,20676.0839
1714392000000,3160.11,3175.08,3133.0,3171.57,21691.5713
1714395600000,3171.58,3176.1,3115.13,3131.59,29494.0201
1714399200000,3131.6,3181.71,3124.61,3175.75,22856.4449
1714402800000,3175.74,3186.54,3167.17,3182.45,12539.1389
1714406400000,3182.45,3189.6,3155.23,3158.5,14715.4151
1714410000000,3158.49,3180.0,3157.31,3173.86,9067.6154
1714413600000,3173.85,3178.54,3161.6,3175.89,6886.91
1714417200000,3175.88,3186.02,3162.03,3186.01,10282.1694
1714420800000,3186.02,3193.04,3174.15,3176.8,4938.21
1714424400000,3176.8,3178.58,3163.91,3176.0,4278.7341
1714428000000,3176.0,3220.0,3172.61,3215.41,15286.9635
1714431600000,3215.4,3235.43,3213.64,3216.73,13238.7702
1714435200000,3216.74,3250.95,3202.14,3244.37,15000.5628
1714438800000,3244.37,3245.2,3170.26,3173.4,21902.0739
1714442400000,3173.41,3197.37,3150.0,3193.65,23936.7505
1714446000000,3193.65,3194.79,3176.41,3180.79,5917.1391
1714449600000,3180.8,3185.48,3168.01,3170.55,8506.2308
1714453200000,3170.55,3177.2,3152.0,3168.91,10791.7945
1714456800000,3168.91,3175.32,3163.71,3173.0,6487.2485
1714460400000,3173.01,3174.16,3153.0,3157.35,10716.1851
1714464000000,3157.35,3161.75,3056.11,3067.35,59490.81
1714467600000,3067.34,3074.6,3030.0,3047.8,41851.9149
1714471200000,3047.81,3055.84,3032.0,3046.14,19932.5079
1714474800000,3046.14,3046.14,3003.7,3007.45,32250.4566
1714478400000,3007.45,3017.2,2966.01,3009.2,47504.9191
1714482000000,3009.2,3022.78,2984.21,2993.61,22019.737
1714485600000,2993.6,3037.42,2985.01,3020.38,24778.4721
1714489200000,3020.38,3029.0,2985.16,2994.12,26680.033
1714492800000,2994.11,2998.6,2945.0,2986.99,37975.1894
1714496400000,2987.0,2998.0,2975.07,2985.26,19114.6999
1714500000000,2985.25,2991.83,2955.88,2976.39,17899.6879
1714503600000,2976.39,2985.83,2921.0,2928.96,43111.2783
1714507200000,2928.96,2980.63,2928.0,2967.01,27006.2528
1714510800000,2967.0,2994.3,2966.28,2987.87,11883.6456
1714514400000,2987.87,3029.4,2985.93,3010.11,18116.0664
1714518000000,3010.1,3029.15,3001.0,3014.05,8843.8305
1714521600000,3014.04,3023.24,2988.0,2999.05,15150.6747
1714525200000,2999.05,3014.7,2978.27,3002.33,16442.8693
1714528800000,3002.33,3003.8,2960.03,2987.81,18023.4567
1714532400000,2987.81,3008.0,2985.9,3004.37,6505.3377
1714536000000,3004.37,3013.87,3002.4,3006.19,7007.863
1714539600000,3006.19,3010.75,2986.21,2995.0,10166.2717
1714543200000,2995.0,2997.11,2950.0,2954.16,19114.9671
1714546800000,2954.16,2957.25,2859.0,2869.71,87637.0947
1714550400000,2869.7,2874.53,2817.0,2862.59,74822.1237
1714554000000,2862.59,2891.75,2857.36,2875.97,30422.4319
1714557600000,2875.98,2897.66,2860.0,2894.45,16754.9809
1714561200000,2894.44,2906.27,2880.0,2905.39,21421.4789
1714564800000,2905.4,2934.0,2898.32,2917.01,21260.1043
1714568400000,2917.0,2921.35,2880.0,2889.64,17983.557
1714572000000,2889.64,2912.42,2882.03,2906.0,15255.1265
1714575600000,2906.0,2907.56,2865.91,2885.45,21544.1511
1714579200000,2885.46,2913.23,2875.63,2891.01,15208.6603
1714582800000,2891.0,2933.63,2868.72,2921.92,19072.6721
1714586400000,2921.92,3015.73,2918.14,2990.04,89485.8691
1714590000000,2990.04,3001.2,2909.97,2926.06,48675.7621
1714593600000,2926.05,2948.0,2914.42,2941.19,16862.7516
1714597200000,2941.2,2976.5,2935.81,2967.99,14539.1633
1714600800000,2968.0,2980.49,2966.07,2969.56,10787.2408
1714604400000,2969.56,2984.89,2962.61,2972.46,10819.1688
1714608000000,2972.46,2982.18,2944.68,2948.4,13371.6959
1714611600000,2948.41,2957.05,2893.26,2906.02,23929.1852
1714615200000,2906.01,2929.49,2901.55,2917.2,23550.3966
1714618800000,2917.19,2934.0,2917.19,2929.33,13593.5634
1714622400000,2929.34,2938.0,2917.54,2922.8,10692.1103
1714626000000,2922.8,2923.19,2898.2,2916.06,10234.1064
1714629600000,2916.05,2925.22,2910.14,2914.6,7378.494
1714633200000,2914.6,2936.61,2914.05,2921.22,11471.4695
1714636800000,2921.22,2946.16,2916.73,2941.8,13350.7474
1714640400000,2941.8,2948.4,2934.6,2946.35,7557.1775
1714644000000,2946.36,2968.0,2937.54,2965.66,15119.4854
1714647600000,2965.66,3002.51,2965.21,2995.55,43060.2839
1714651200000,2995.54,3013.0,2980.52,2982.61,22415.576
1714654800000,2982.61,2988.88,2957.6,2965.81,20809.9176
1714658400000,2965.8,2997.94,2952.4,2992.26,25160.6418
1714662000000,2992.25,3001.45,2985.8,2990.17,20554.3486
1714665600000,2990.16,2995.0,2976.81,2981.36,11939.2938
1714669200000,2981.36,2999.0,2975.63,2992.51,8669.2251
1714672800000,2992.51,3006.0,2972.0,2991.78,15391.0917
1714676400000,2991.78,3000.99,2980.46,2999.81,7031.5584
1714680000000,2999.8,3002.0,2968.84,2986.01,14304.6254
1714683600000,2986.01,3016.72,2984.52,2996.48,10971.5951
1714687200000,2996.49,3015.45,2989.85,2997.41,9738.4207
1714690800000,2997.41,2999.0,2984.45,2986.19,5644.7094
1714694400000,2986.19,2995.35,2977.7,2983.59,7945.1354
1714698000000,2983.6,3015.76,2981.25,3006.99,11579.4794
1714701600000,3006.99,3036.17,3002.89,3012.2,13633.7731
1714705200000,3012.19,3023.8,3006.15,3010.15,7861.5913
1714708800000,3010.14,3017.2,2997.1,3004.01,7962.0799
1714712400000,3004.0,3005.31,2995.11,2997.18,6504.7594
1714716000000,2997.19,2999.2,2981.8,2982.01,8790.7417
1714719600000,2982.01,2991.69,2958.71,2969.0,14158.4388
1714723200000,2969.0,2983.92,2964.4,2972.11,7303.6658
1714726800000,2972.11,2990.62,2970.15,2983.2,5248.3697
1714730400000,2983.2,2986.15,2958.32,2971.01,10351.3667
1714734000000,2971.01,2985.17,2963.25,2979.5,11671.1222
1714737600000,2979.49,3045.0,2969.75,3035.01,49430.6031
1714741200000,3035.0,3064.56,3030.6,3061.05,53810.6574
1714744800000,3061.05,3073.73,3044.35,3055.0,25297.7626
1714748400000,3055.01,3086.0,3048.99,3075.52,23900.9093
1714752000000,3075.52,3087.99,3063.2,3067.6,16747.2797
1714755600000,3067.61,3083.5,3062.61,3079.35,7892.4179
1714759200000,3079.35,3083.09,3066.85,3069.2,7218.294
1714762800000,3069.2,3074.19,3062.61,3072.5,6391.1167
1714766400000,3072.51,3126.99,3068.59,3113.0,27495.2082
1714770000000,3112.99,3116.53,3094.2,3109.95,7942.1625
1714773600000,3109.95,3116.6,3104.01,3106.0,6868.5122
1714777200000,3106.0,3120.0,3098.8,3102.61,9820.3921
1714780800000,3102.61,3125.86,3098.55,3117.34,8475.8617
1714784400000,3117.33,3130.85,3105.0,3105.2,10276.4931
1714788000000,3105.21,3106.59,3092.85,3100.79,6304.9829
1714791600000,3100.79,3113.94,3099.42,3112.0,6150.4791
1714795200000,3112.0,3123.06,3105.07,3116.99,8549.9268
1714798800000,3116.99,3122.83,3106.21,3118.6,5875.5777
1714802400000,3118.6,3118.6,3104.13,3106.34,5221.0429
1714806000000,3106.33,3109.05,3095.37,3095.94,6006.6754
1714809600000,3095.94,3111.28,3095.68,3108.4,5162.3158
1714813200000,3108.41,3112.89,3102.0,3106.34,4224.0425
1714816800000,3106.35,3168.0,3101.08,3165.34,23801.3968
1714820400000,3165.34,3167.8,3120.32,3130.45,21885.717
1714824000000,3130.45,3152.88,3125.0,3150.81,8507.2612
1714827600000,3150.8,3158.95,3117.57,3129.61,14218.1204
1714831200000,3129.61,3135.91,3119.49,3130.6,7683.6783
1714834800000,3130.6,3131.4,3115.08,3126.81,6959.7548
1714838400000,3126.8,3129.58,3115.1,3128.41,6783.8323
1714842000000,3128.4,3135.42,3114.08,3122.21,6026.4085
1714845600000,3122.21,3131.61,3118.31,3124.51,5370.9968
1714849200000,3124.5,3140.0,3119.38,3137.01,5365.3022
1714852800000,3137.02,3147.0,3127.63,3127.63,7184.8065
1714856400000,3127.63,3130.0,3104.34,3121.53,8831.7368
1714860000000,3121.54,3124.01,3106.07,3107.4,4051.2232
1714863600000,3107.4,3119.65,3106.47,3117.23,3346.3161
1714867200000,3117.24,3126.41,3086.11,3108.3,18146.3477
1714870800000,3108.3,3113.94,3072.99,3090.2,18492.4282
1714874400000,3090.2,3096.2,3080.88,3080.89,5919.3423
1714878000000,3080.88,3087.73,3074.0,3086.91,7984.7256
1714881600000,3086.9,3095.4,3085.69,3089.0,6034.0935
1714885200000,3089.0,3097.86,3080.83,3085.71,4263.8199
1714888800000,3085.71,3096.45,3081.47,3092.44,3628.1836
1714892400000,3092.43,3114.8,3090.4,3105.7,7654.6502
1714896000000,3105.7,3171.93,3103.52,3155.79,36786.3106
1714899600000,3155.79,3157.33,3130.04,3143.92,17320.1768
1714903200000,3143.93,3152.08,3129.0,3134.37,8007.4089
1714906800000,3134.38,3141.17,3127.89,3138.1,4613.9973
1714910400000,3138.1,3141.04,3129.43,3137.2,3747.8082
1714914000000,3137.19,3155.0,3127.04,3147.59,11927.452
1714917600000,3147.59,3154.83,3128.6,3153.27,8515.3906
1714921200000,3153.27,3168.0,3144.44,3160.19,12649.1048
1714924800000,3160.18,3166.34,3142.89,3148.22,11493.6446
1714928400000,3148.22,3160.95,3143.67,3147.8,4571.403
1714932000000,3147.81,3147.94,3130.68,3139.66,6062.9838
1714935600000,3139.65,3145.78,3132.95,3142.45,3600.6407
1714939200000,3142.45,3144.72,3133.3,3137.47,5750.1361
1714942800000,3137.47,3137.72,3122.89,3136.3,3771.5277
1714946400000,3136.3,3136.84,3126.0,3131.99,2552.3091
1714950000000,3132.0,3146.66,3130.41,3136.41,5266.381
1714953600000,3136.4,3157.83,3136.4,3147.97,5614.0369
1714957200000,3147.98,3165.97,3137.16,3143.8,8132.173
1714960800000,3143.8,3153.5,3132.21,3132.54,5654.3035
1714964400000,3132.54,3139.2,3124.38,3134.61,6847.5248
1714968000000,3134.61,3148.1,3127.94,3148.1,5715.8549
1714971600000,3148.09,3178.58,3141.28,3178.52,14823.9998
1714975200000,3178.52,3191.94,3172.36,3176.41,17475.1794
1714978800000,3176.42,3184.34,3168.64,3180.53,8045.5024
1714982400000,3180.54,3221.4,3175.96,3197.61,30001.7282
1714986000000,3197.61,3207.45,3192.09,3202.19,9844.0256
1714989600000,3202.2,3204.1,3131.2,3145.96,31687.6869
1714993200000,3145.96,3164.3,3138.97,3149.23,26789.9961
1714996800000,3149.23,3154.99,3085.23,3102.94,42512.0408
1715000400000,3102.94,3121.06,3095.07,3116.97,23147.9311
1715004000000,3116.97,3124.26,3073.77,3077.46,27735.8761
1715007600000,3077.46,3094.07,3056.61,3089.25,25388.5572
1715011200000,3089.25,3096.36,3069.32,3072.26,11303.2261
1715014800000,3072.25,3089.55,3060.0,3070.5,8835.5456
1715018400000,3070.49,3084.98,3061.38,3076.5,8137.3897
1715022000000,3076.5,3076.71,3046.35,3069.84,14245.0289
1715025600000,3069.83,3081.24,3062.01,3077.42,7555.8301
1715029200000,3077.43,3089.11,3076.65,3085.11,5435.4647
1715032800000,3085.12,3086.53,3078.27,3081.79,4925.0076
1715036400000,3081.79,3081.8,3060.98,3062.6,5281.3933
1715040000000,3062.59,3083.82,3048.52,3071.99,11077.0604
1715043600000,3071.99,3096.8,3068.4,3094.56,8389.7843
1715047200000,3094.56,3095.4,3082.36,3086.1,5461.6714
1715050800000,3086.1,3087.9,3021.34,3049.19,23290.2617
1715054400000,3049.19,3067.65,3044.01,3066.17,8773.3135
1715058000000,3066.18,3081.55,3055.32,3069.39,7582.3918
1715061600000,3069.38,3075.99,3058.15,3069.36,6225.9808
1715065200000,3069.36,3082.5,3064.0,3077.4,6780.6722
1715068800000,3077.4,3125.54,3074.21,3119.4,39142.1376
1715072400000,3119.39,3129.85,3108.71,3113.01,11248.977
1715076000000,3113.02,3115.0,3089.79,3100.01,12974.2882
1715079600000,3100.01,3105.49,3059.09,3063.39,15731.3103
1715083200000,3063.4,3083.49,3063.22,3075.91,9548.9296
1715086800000,3075.91,3081.45,3048.62,3060.62,14548.9859
1715090400000,3060.63,3092.73,3045.7,3091.79,15430.3032
1715094000000,3091.8,3106.0,3068.4,3071.41,20242.9105
1715097600000,3071.41,3079.41,3061.0,3071.3,7247.3797
1715101200000,3071.3,3071.78,3054.9,3059.39,7354.9948
1715104800000,3059.39,3059.88,3027.0,3047.92,12967.4213
1715108400000,3047.92,3055.41,3044.4,3049.62,6351.5846
1715112000000,3049.61,3059.1,3034.54,3048.16,6779.9188
1715115600000,3048.15,3061.44,3035.89,3051.2,6716.2213
1715119200000,3051.2,3052.85,3028.06,3036.64,7366.7564
1715122800000,3036.64,3037.8,2998.0,3005.69,27563.4276
1715126400000,3005.69,3023.74,2994.58,3020.25,13053.1786
1715130000000,3020.26,3030.0,3015.01,3024.25,7544.5726
1715133600000,3024.24,3034.35,3024.24,3026.1,5555.1107
1715137200000,3026.11,3038.15,3018.94,3032.33,4872.0455
1715140800000,3032.32,3036.52,3000.28,3012.81,10382.9796
1715144400000,3012.8,3028.9,3004.6,3025.81,6239.3149
1715148000000,3025.8,3030.43,2994.66,3015.19,18190.7537
1715151600000,3015.19,3022.0,2989.56,2995.01,13511.4866
1715155200000,2995.01,3009.33,2982.89,3001.28,12875.5451
1715158800000,3001.28,3006.1,2978.4,2998.42,13765.3314
1715162400000,2998.43,3011.4,2996.06,3004.53,11363.3221
1715166000000,3004.53,3006.2,2982.0,2990.31,8332.3361
1715169600000,2990.31,3006.96,2985.0,3002.26,9694.1256
1715173200000,3002.26,3032.42,2988.89,3027.79,18780.9259
1715176800000,3027.8,3032.5,3008.4,3020.22,15738.6462
1715180400000,3020.22,3023.08,2986.0,3006.98,15447.9581
1715184000000,3006.99,3016.16,2992.45,3016.15,7254.095
1715187600000,3016.15,3024.11,3005.38,3011.09,6506.7325
1715191200000,3011.1,3022.16,3008.94,3009.5,4298.0477
1715194800000,3009.5,3015.4,2986.58,2999.38,7955.7136
1715198400000,2999.39,3004.0,2936.48,2951.61,25973.955
1715202000000,2951.61,2982.31,2942.74,2972.01,12376.9259
1715205600000,2972.0,2974.75,2953.92,2969.18,9259.0068
1715209200000,2969.17,2977.5,2961.73,2974.21,7962.7033
1715212800000,2974.2,2990.0,2972.2,2987.4,6426.1629
1715216400000,2987.41,2999.49,2987.2,2997.33,7149.5851
1715220000000,2997.33,3005.1,2993.0,2998.49,5358.4552
1715223600000,2998.49,3003.0,2987.98,2997.9,5873.5436
1715227200000,2997.91,3004.61,2992.69,2993.19,7961.8872
1715230800000,2993.19,3014.96,2992.57,3004.25,12133.4843
1715234400000,3004.25,3013.04,2997.4,3001.0,5902.9978
1715238000000,3000.99,3002.0,2975.7,2983.59,19324.6945
1715241600000,2983.59,2991.8,2975.07,2984.81,7137.9329
1715245200000,2984.8,2986.99,2964.06,2982.54,9874.8155
1715248800000,2982.54,2984.33,2952.96,2955.19,11440.5007
1715252400000,2955.2,2985.19,2950.77,2977.2,11177.3739
1715256000000,2977.2,2998.21,2975.6,2988.15,11378.7499
1715259600000,2988.15,2990.19,2955.86,2973.61,18369.2077
1715263200000,2973.61,2989.3,2968.24,2987.2,12528.946
1715266800000,2987.21,3019.28,2980.79,3005.99,20229.5363
1715270400000,3005.99,3025.98,2992.34,2994.61,15148.4765
1715274000000,2994.61,3012.26,2989.59,3003.8,8126.0213
1715277600000,3003.79,3016.8,3001.67,3016.8,5172.5902
1715281200000,3016.8,3023.78,3013.06,3021.41,5692.8521
1715284800000,3021.4,3029.18,3015.66,3021.8,4841.2261
1715288400000,3021.81,3029.85,3016.04,3020.39,4375.9301
1715292000000,3020.39,3059.0,3016.61,3054.34,12498.0201
1715295600000,3054.35,3055.6,3028.4,3036.23,10438.7563
1715299200000,3036.24,3037.39,3021.9,3026.0,6840.9643
1715302800000,3026.0,3044.0,3018.23,3037.2,18740.6182
1715306400000,3037.2,3037.21,3024.81,3030.84,7006.2163
1715310000000,3030.84,3030.84,3022.91,3028.95,4527.8504
1715313600000,3028.95,3033.82,3024.55,3031.59,6532.6739
1715317200000,3031.6,3033.78,3021.64,3029.8,6927.1359
1715320800000,3029.8,3049.79,3027.82,3046.59,13572.7766
1715324400000,3046.6,3053.89,3039.46,3042.26,12444.8999
1715328000000,3042.27,3045.23,3029.31,3036.99,10710.5963
1715331600000,3037.0,3037.0,3024.49,3033.18,8273.8988
1715335200000,3033.18,3035.07,3023.82,3029.95,3812.1041
1715338800000,3029.95,3038.94,3022.0,3037.85,6651.9233
1715342400000,3037.85,3044.53,3023.1,3028.0,6526.5127
1715346000000,3028.0,3031.0,3016.54,3020.66,6809.2207
1715349600000,3020.65,3025.05,2924.18,2935.78,62539.3609
1715353200000,2935.79,2946.11,2907.79,2918.54,36829.5605
1715356800000,2918.54,2935.0,2888.47,2921.7,36631.0902
1715360400000,2921.71,2921.71,2878.03,2892.77,27946.45
1715364000000,2892.77,2909.4,2885.4,2907.64,11597.5009
1715367600000,2907.63,2916.55,2897.39,2901.6,7866.6196
1715371200000,2901.6,2912.59,2888.19,2893.37,7220.0358
1715374800000,2893.36,2906.53,2887.4,2906.52,7038.1068
1715378400000,2906.52,2910.4,2896.55,2905.56,6617.9039
1715382000000,2905.56,2916.11,2905.18,2909.99,4191.8558
1715385600000,2909.98,2920.0,2907.61,2914.46,7043.4987
1715389200000,2914.45,2936.59,2913.93,2919.49,10169.923
1715392800000,2919.5,2924.66,2912.23,2918.79,6128.2051
1715396400000,2918.8,2919.91,2905.2,2911.0,4354.8276
1715400000000,2911.0,2916.16,2905.9,2913.01,4009.0617
1715403600000,2913.0,2922.69,2913.0,2918.86,3593.5395
1715407200000,2918.85,2927.74,2916.33,2920.27,4891.3266
1715410800000,2920.27,2924.59,2915.13,2921.79,4569.5927
1715414400000,2921.8,2925.38,2909.84,2910.56,7823.0358
1715418000000,2910.56,2911.88,2897.73,2911.28,8221.118
1715421600000,2911.29,2911.43,2900.0,2906.88,2985.8547
1715425200000,2906.87,2910.25,2886.46,2903.4,7241.9415
1715428800000,2903.4,2910.52,2897.75,2900.19,4567.6163
1715432400000,2900.2,2916.44,2896.0,2913.84,5888.8831
1715436000000,2913.84,2915.15,2900.62,2902.34,6349.3328
1715439600000,2902.33,2945.67,2902.33,2925.72,18000.1078
1715443200000,2925.72,2931.72,2917.43,2924.45,5526.717
1715446800000,2924.46,2932.44,2918.4,2930.28,4175.1478
1715450400000,2930.27,2940.37,2923.06,2932.79,4509.4327
1715454000000,2932.79,2933.61,2925.6,2930.61,1780.1141
1715457600000,2930.61,2930.96,2912.41,2922.84,4705.9177
1715461200000,2922.84,2922.85,2915.85,2918.76,2071.374
1715464800000,2918.75,2921.98,2915.6,2915.99,3968.9121
1715468400000,2915.99,2919.59,2906.48,2912.45,5587.6284
1715472000000,2912.45,2925.33,2911.2,2920.75,3462.9143
1715475600000,2920.74,2924.98,2912.21,2912.51,1866.896
1715479200000,2912.51,2924.17,2909.11,2919.6,2918.5801
1715482800000,2919.59,2923.4,2916.45,2921.13,2753.1977
1715486400000,2921.12,2932.26,2920.6,2928.82,3096.6665
1715490000000,2928.82,2928.97,2922.89,2925.93,2155.3365
1715493600000,2925.94,2927.2,2917.33,2919.75,2646.1594
1715497200000,2919.74,2922.28,2901.17,2907.8,6282.8052
1715500800000,2907.8,2918.12,2902.68,2915.8,4718.7531
1715504400000,2915.79,2918.15,2910.0,2915.69,4019.813
1715508000000,2915.7,2943.73,2914.02,2930.63,11027.9009
1715511600000,2930.64,2934.2,2925.0,2928.0,3078.7852
1715515200000,2928.0,2934.2,2925.41,2929.7,3958.7305
1715518800000,2929.71,2937.98,2927.6,2936.2,3810.1071
1715522400000,2936.21,2939.57,2927.0,2929.53,4748.028
1715526000000,2929.53,2943.77,2926.62,2938.0,5714.4534
1715529600000,2937.99,2955.2,2929.58,2929.59,11529.7508
1715533200000,2929.59,2943.2,2921.25,2941.61,6925.5413
1715536800000,2941.62,2941.8,2927.8,2929.01,2647.9571
1715540400000,2929.0,2930.8,2921.62,2929.59,3121.1264
1715544000000,2929.6,2930.3,2923.06,2923.6,2128.8732
1715547600000,2923.6,2934.23,2913.78,2929.21,7174.2067
1715551200000,2929.21,2934.6,2926.49,2931.97,4645.6632
1715554800000,2931.96,2936.27,2928.9,2929.29,3238.3867
1715558400000,2929.3,2942.97,2929.29,2932.91,4546.2925
1715562000000,2932.91,2935.4,2906.71,2917.73,14707.5005
1715565600000,2917.74,2923.28,2874.0,2885.35,28524.2756
1715569200000,2885.35,2890.65,2864.76,2889.92,35381.2239
1715572800000,2889.92,2889.93,2878.46,2885.75,9801.6127
1715576400000,2885.74,2894.25,2870.37,2875.42,8407.8459
1715580000000,2875.42,2922.66,2872.6,2919.19,15514.4506
1715583600000,2919.2,2958.0,2915.46,2953.99,23266.7089
1715587200000,2953.99,2987.97,2953.99,2972.96,34194.8256
1715590800000,2972.97,2996.4,2972.96,2985.89,12248.4291
1715594400000,2985.88,2987.6,2948.4,2963.0,14042.6577
1715598000000,2963.0,2969.55,2954.38,2965.57,7848.1057
1715601600000,2965.57,2973.0,2954.83,2965.71,16952.1219
1715605200000,2965.72,2987.0,2962.03,2964.81,24900.0071
1715608800000,2964.81,2973.56,2949.26,2951.92,30167.6054
1715612400000,2951.93,2973.45,2950.0,2961.22,15776.2887
1715616000000,2961.21,2976.91,2954.52,2976.33,19006.39
1715619600000,2976.33,2977.89,2935.2,2940.97,16202.7855
1715623200000,2940.96,2944.99,2928.66,2943.52,8713.8923
1715626800000,2943.51,2957.7,2943.31,2956.7,7961.6588
1715630400000,2956.69,2960.0,2950.6,2954.39,4558.1365
1715634000000,2954.4,2956.28,2944.74,2951.39,3624.9707
1715637600000,2951.39,2954.6,2938.0,2940.27,8305.2271
1715641200000,2940.28,2952.94,2940.27,2950.99,4011.7521
1715644800000,2950.99,2958.76,2937.51,2945.8,8841.4449
1715648400000,2945.8,2960.6,2938.16,2946.4,7608.3556
1715652000000,2946.39,2955.88,2938.51,2949.18,7903.6694
1715655600000,2949.18,2956.81,2936.66,2940.99,5395.5951
1715659200000,2940.99,2947.62,2931.01,2937.29,5061.2712
1715662800000,2937.29,2949.07,2936.0,2942.69,4078.4047
1715666400000,2942.69,2942.69,2882.29,2916.03,28100.9364
1715670000000,2916.04,2920.6,2913.06,2920.03,8258.7181
1715673600000,2920.02,2920.03,2905.84,2914.06,7522.1618
1715677200000,2914.06,2918.58,2906.49,2912.59,4880.0059
1715680800000,2912.6,2914.67,2897.53,2903.92,7753.8079
1715684400000,2903.92,2912.61,2903.1,2907.94,3940.7395
1715688000000,2907.94,2920.0,2887.92,2894.61,27329.4071
1715691600000,2894.6,2912.43,2889.57,2896.78,13024.9351
1715695200000,2896.79,2924.14,2870.25,2894.3,46163.6681
1715698800000,2894.29,2915.94,2887.29,2898.93,23456.1617
1715702400000,2898.94,2900.67,2884.82,2892.88,10511.5175
1715706000000,2892.88,2894.95,2862.0,2876.07,17010.097
1715709600000,2876.06,2890.42,2870.86,2887.57,6610.1904
1715713200000,2887.58,2897.85,2886.21,2893.74,6005.9144
1715716800000,2893.73,2900.71,2888.01,2892.5,6251.8842
1715720400000,2892.51,2903.0,2887.5,2896.0,4634.4347
1715724000000,2895.99,2898.6,2887.77,2889.59,5341.375
1715727600000,2889.58,2890.78,2878.65,2881.93,3990.608
1715731200000,2881.93,2894.99,2863.75,2869.59,7442.2624
1715734800000,2869.59,2887.47,2868.73,2885.85,4972.0174
1715738400000,2885.86,2893.53,2884.19,2888.39,5335.9052
1715742000000,2888.39,2903.08,2888.38,2902.64,6360.4515
1715745600000,2902.65,2904.73,2897.98,2903.81,4157.357
1715749200000,2903.81,2913.22,2900.26,2906.98,10504.6567
1715752800000,2906.98,2910.6,2900.86,2906.15,4854.6573
1715756400000,2906.15,2922.0,2902.63,2916.51,11966.001
1715760000000,2916.5,2919.0,2903.32,2905.2,7202.2635
1715763600000,2905.2,2933.8,2894.29,2920.16,14420.0666
1715767200000,2920.16,2923.76,2906.29,2907.28,13941.6206
1715770800000,2907.28,2908.79,2886.81,2898.74,15547.9154
1715774400000,2898.74,2958.7,2893.02,2947.35,44690.675
1715778000000,2947.34,2982.0,2935.43,2950.48,35917.8836
1715781600000,2950.49,2976.66,2945.0,2976.08,19583.5458
1715785200000,2976.09,2992.99,2969.19,2976.81,32677.7183
1715788800000,2976.8,2989.73,2970.0,2974.18,12435.793
1715792400000,2974.19,2989.98,2973.17,2983.45,7088.4923
1715796000000,2983.45,3008.63,2982.55,3003.56,16626.8738
1715799600000,3003.57,3025.96,2991.18,3024.56,19664.4904
1715803200000,3024.55,3029.0,3010.56,3021.27,11879.6607
1715806800000,3021.27,3023.52,3011.83,3013.45,6759.9004
1715810400000,3013.45,3022.73,3009.49,3013.35,7222.6279
1715814000000,3013.36,3041.36,3013.35,3032.55,29001.483
1715817600000,3032.55,3041.24,3016.39,3021.54,30500.3785
1715821200000,3021.54,3024.58,3008.95,3014.99,11328.5553
1715824800000,3014.99,3016.79,2997.0,3003.8,9052.5956
1715828400000,3003.8,3018.55,2999.0,3013.44,9958.9888
1715832000000,3013.45,3014.89,3004.46,3008.05,6500.9762
1715835600000,3008.06,3010.65,3004.81,3006.48,5948.4439
1715839200000,3006.48,3019.55,3004.4,3015.46,6659.7147
1715842800000,3015.46,3021.37,3012.89,3016.31,9543.3062
1715846400000,3016.31,3027.85,3005.5,3009.19,11475.6163
1715850000000,3009.18,3010.0,2999.4,3010.0,10276.5331
1715853600000,3009.99,3010.4,2989.72,2998.31,13675.4458
1715857200000,2998.31,3009.2,2992.2,3006.45,7755.4168
1715860800000,3006.45,3009.12,2973.84,2980.0,26479.0093
1715864400000,2980.01,2987.87,2967.0,2983.14,18564.9339
1715868000000,2983.15,2987.27,2937.7,2941.27,25846.5044
1715871600000,2941.28,2961.7,2931.05,2956.57,18371.3602
1715875200000,2956.57,2960.64,2943.39,2946.62,20053.4883
1715878800000,2946.62,2952.42,2925.02,2947.24,14508.8812
1715882400000,2947.24,2954.35,2946.39,2949.01,6901.1179
1715886000000,2949.0,2956.17,2943.41,2944.76,6824.4725
1715889600000,2944.75,2945.93,2933.51,2937.37,5444.6223
1715893200000,2937.37,2941.44,2927.1,2940.59,6267.345
1715896800000,2940.59,2940.8,2922.8,2939.54,5394.5438
1715900400000,2939.54,2946.1,2931.81,2944.7,6541.9013
1715904000000,2944.7,2953.13,2940.96,2952.65,6770.1314
1715907600000,2952.65,2952.99,2933.06,2945.27,7558.0652
1715911200000,2945.26,2956.03,2940.62,2950.21,6386.9951
1715914800000,2950.21,2956.28,2948.14,2950.49,8279.9689
1715918400000,2950.5,2957.0,2944.56,2945.32,6333.5765
1715922000000,2945.32,2949.94,2941.0,2947.34,4853.1661
1715925600000,2947.35,2967.99,2940.0,2960.47,14836.5258
1715929200000,2960.46,3033.0,2960.45,3024.67,57064.5765
1715932800000,3024.66,3059.53,3017.74,3028.15,33359.9847
1715936400000,3028.14,3035.71,3023.38,3028.01,10685.374
1715940000000,3028.0,3039.75,3018.0,3037.1,15510.154
1715943600000,3037.1,3037.81,3024.22,3030.4,9042.1341
1715947200000,3030.4,3084.9,3020.1,3079.79,26334.5705
1715950800000,3079.79,3088.59,3053.48,3059.48,21973.2716
1715954400000,3059.49,3094.55,3057.24,3092.0,24088.3533
1715958000000,3092.0,3118.54,3076.2,3111.54,36567.9275
1715961600000,3111.54,3120.0,3093.74,3095.75,16142.2248
1715965200000,3095.76,3102.79,3084.0,3085.44,17473.9102
1715968800000,3085.43,3089.61,3067.16,3087.41,14203.5753
1715972400000,3087.41,3089.58,3079.18,3085.16,4631.3132
1715976000000,3085.16,3091.99,3080.59,3088.99,3643.4138
1715979600000,3088.99,3094.0,3085.43,3086.19,4055.6018
1715983200000,3086.19,3095.76,3085.95,3090.99,4128.1185
1715986800000,3090.98,3094.34,3087.72,3092.01,3801.8403
1715990400000,3092.0,3098.8,3086.12,3096.45,6069.8337
1715994000000,3096.45,3114.0,3083.61,3108.19,11371.189
1715997600000,3108.19,3109.4,3092.23,3099.06,9378.3659
1716001200000,3099.06,3126.66,3098.6,3114.4,19575.3142
1716004800000,3114.39,3119.94,3099.16,3101.84,6957.4088
1716008400000,3101.84,3102.29,3093.27,3097.39,7530.2247
1716012000000,3097.38,3100.35,3090.71,3099.01,6199.1549
1716015600000,3099.01,3114.0,3095.81,3101.99,9348.0281
1716019200000,3102.0,3120.37,3100.27,3117.1,8862.2099
1716022800000,3117.1,3128.83,3112.2,3126.75,9916.9599
1716026400000,3126.74,3143.45,3120.4,3137.19,16978.4458
1716030000000,3137.2,3146.98,3132.15,3133.79,12112.509
1716033600000,3133.79,3135.0,3116.31,3117.59,11322.4986
1716037200000,3117.6,3121.75,3106.02,3108.01,11311.9149
1716040800000,3108.0,3114.99,3095.71,3105.06,13002.9756
1716044400000,3105.05,3115.0,3101.58,3110.89,7300.7299
1716048000000,3110.89,3121.2,3105.88,3110.96,8173.0127
1716051600000,3110.96,3118.6,3109.8,3114.24,3833.2545
1716055200000,3114.25,3117.4,3110.07,3112.23,3203.0902
1716058800000,3112.22,3120.69,3110.61,3119.69,2561.307
1716062400000,3119.69,3126.89,3114.25,3120.0,4589.7017
1716066000000,3120.0,3121.78,3106.05,3115.79,4775.5687
1716069600000,3115.8,3126.38,3113.8,3117.92,3028.9715
1716073200000,3117.91,3124.77,3115.7,3122.94,2573.8764
1716076800000,3122.94,3125.5,3112.61,3112.97,4333.8595
1716080400000,3112.96,3120.77,3112.96,3117.93,2742.167
1716084000000,3117.93,3136.64,3117.66,3133.2,7461.8525
1716087600000,3133.21,3134.12,3126.2,3129.36,4301.0635
1716091200000,3129.35,3130.52,3114.28,3123.3,4403.4365
1716094800000,3123.31,3124.7,3117.34,3119.29,3528.796
1716098400000,3119.28,3119.29,3103.33,3110.0,4662.599
1716102000000,3110.0,3118.26,3104.32,3115.81,5478.6373
1716105600000,3115.8,3116.6,3103.75,3107.55,5503.9369
1716109200000,3107.56,3110.76,3098.13,3110.1,8831.0808
1716112800000,3110.11,3125.0,3101.11,3104.66,10061.0323
1716116400000,3104.65,3107.31,3082.04,3102.58,17787.6404
1716120000000,3102.59,3103.0,3074.57,3077.5,16697.7037
1716123600000,3077.49,3090.89,3068.03,3085.35,9742.5201
1716127200000,3085.35,3087.98,3074.27,3079.35,5327.3894
1716130800000,3079.35,3079.36,3063.26,3077.25,8999.0923
1716134400000,3077.25,3080.79,3057.82,3062.25,8227.0971
1716138000000,3062.26,3076.59,3059.55,3072.91,5018.6664
1716141600000,3072.91,3077.21,3067.9,3072.03,3738.8504
1716145200000,3072.03,3083.9,3059.14,3065.2,10657.9564
1716148800000,3065.2,3082.41,3062.31,3075.04,5672.4347
1716152400000,3075.05,3079.6,3053.38,3070.19,5546.4959
1716156000000,3070.18,3079.7,3067.94,3077.05,3939.497
1716159600000,3077.05,3077.55,3068.14,3071.19,3481.2051
1716163200000,3071.2,3084.67,3060.36,3079.59,7742.1685
1716166800000,3079.59,3084.0,3047.67,3079.2,13383.6452
1716170400000,3079.21,3093.59,3077.22,3092.61,11934.7759
1716174000000,3092.6,3100.67,3085.73,3087.21,5754.1233
1716177600000,3087.2,3126.99,3085.27,3123.6,17261.458
1716181200000,3123.6,3140.0,3123.05,3124.94,19138.2095
1716184800000,3124.94,3125.62,3065.0,3073.65,19569.0477
1716188400000,3073.64,3098.73,3068.96,3091.73,10705.2607
1716192000000,3091.72,3107.29,3091.72,3098.5,9818.1208
1716195600000,3098.51,3108.38,3095.41,3097.35,8199.7827
1716199200000,3097.35,3113.94,3093.45,3104.15,13747.5217
1716202800000,3104.15,3110.39,3086.5,3093.8,13653.3288
1716206400000,3093.79,3097.05,3077.51,3085.39,9855.0868
1716210000000,3085.39,3100.0,3077.0,3094.92,8402.0403
1716213600000,3094.91,3095.74,3076.69,3090.76,8970.8246
1716217200000,3090.77,3121.0,3086.6,3118.53,16455.9183
1716220800000,3118.52,3148.87,3110.85,3135.4,30112.7658
1716224400000,3135.4,3151.44,3126.0,3143.63,17520.3398
1716228000000,3143.64,3154.52,3135.44,3148.78,13524.7728
1716231600000,3148.79,3457.12,3141.49,3438.87,217850.5317
1716235200000,3438.86,3580.0,3420.37,3500.07,131745.8895
1716238800000,3500.07,3648.91,3485.02,3646.08,104978.8229
1716242400000,3646.09,3683.34,3606.78,3611.96,87434.1571
1716246000000,3611.96,3694.0,3610.95,3661.78,49349.2904
1716249600000,3661.79,3721.0,3661.78,3688.9,61078.2593
1716253200000,3688.9,3693.7,3638.8,3686.99,51556.8902
1716256800000,3687.0,3689.74,3655.4,3675.06,36263.0777
1716260400000,3675.06,3708.48,3674.1,3695.9,27539.6174
1716264000000,3695.9,3699.6,3657.24,3658.55,26759.7858
1716267600000,3658.54,3659.0,3624.28,3646.27,31825.3305
1716271200000,3646.28,3687.44,3644.51,3669.74,33646.1854
1716274800000,3669.73,3674.27,3651.13,3660.49,25141.4639
1716278400000,3660.5,3663.0,3649.36,3658.57,21186.6085
1716282000000,3658.58,3685.3,3658.3,3681.86,21844.7416
1716285600000,3681.87,3731.35,3676.5,3717.0,50339.454
1716289200000,3717.0,3823.5,3711.21,3777.97,92407.1921
1716292800000,3777.98,3811.3,3748.57,3794.0,67595.7319
1716296400000,3793.99,3836.0,3760.89,3768.75,65504.4893
1716300000000,3768.75,3831.39,3765.77,3776.0,58789.089
1716303600000,3775.99,3805.9,3766.76,3777.68,32543.682
1716307200000,3777.69,3841.54,3766.75,3774.1,60030.2608
1716310800000,3774.11,3779.25,3723.25,3748.78,56817.5276
1716314400000,3748.78,3759.25,3721.87,3731.51,20098.4287
1716318000000,3731.51,3739.25,3680.68,3712.27,32826.997
1716321600000,3712.26,3749.95,3709.13,3746.88,17736.2709
1716325200000,3746.88,3760.5,3737.35,3749.27,14345.1652
1716328800000,3749.28,3821.5,3749.27,3813.8,30481.1009
1716332400000,3813.79,3816.66,3785.5,3789.6,16079.9197
1716336000000,3789.59,3803.5,3775.21,3782.0,14278.9454
1716339600000,3782.01,3789.06,3775.6,3789.05,10438.1778
1716343200000,3789.06,3807.54,3774.91,3793.15,17273.4304
1716346800000,3793.15,3813.69,3784.35,3793.43,16669.7957
1716350400000,3793.42,3795.07,3720.01,3749.5,39861.1741
1716354000000,3749.49,3766.15,3737.57,3758.39,18633.2093
1716357600000,3758.4,3772.35,3754.15,3765.6,13481.8878
1716361200000,3765.6,3769.5,3735.1,3746.79,11722.6931
1716364800000,3746.8,3779.8,3734.38,3767.43,13259.5485
1716368400000,3767.43,3768.65,3729.07,3731.79,14777.9399
1716372000000,3731.79,3748.32,3724.8,3740.02,12790.7102
1716375600000,3740.01,3749.91,3690.0,3690.6,24894.9077
1716379200000,3690.59,3722.76,3653.15,3666.96,44576.763
1716382800000,3666.97,3704.59,3666.01,3695.79,28286.2028
1716386400000,3695.79,3754.61,3679.35,3744.53,57260.0229
1716390000000,3744.53,3773.88,3723.08,3762.66,37323.8408
1716393600000,3762.65,3779.73,3745.41,3762.36,34386.632
1716397200000,3762.41,3798.0,3728.21,3740.01,29283.5832
1716400800000,3740.0,3744.0,3700.6,3733.43,24245.1277
1716404400000,3733.44,3747.3,3721.8,3736.61,22914.962
1716408000000,3736.61,3771.0,3729.71,3749.23,25417.256
1716411600000,3749.23,3781.0,3723.38,3774.5,30106.9841
1716415200000,3774.5,3779.79,3736.72,3744.95,22866.5732
1716418800000,3744.95,3748.76,3734.45,3737.73,10187.9423
1716422400000,3737.72,3771.61,3737.72,3761.04,9679.1392
1716426000000,3761.03,3773.11,3736.67,3759.49,15046.0903
1716429600000,3759.49,3776.4,3757.5,3769.63,13289.6871
1716433200000,3769.63,3788.86,3757.15,3782.11,13390.5606
1716436800000,3782.1,3794.75,3765.8,3790.4,12927.0509
1716440400000,3790.41,3790.41,3762.82,3768.02,10161.3323
1716444000000,3768.01,3800.0,3759.41,3790.19,14660.6841
1716447600000,3790.2,3833.65,3780.09,3814.0,32416.3415
1716451200000,3813.99,3814.28,3790.94,3811.82,17615.3032
1716454800000,3811.82,3846.19,3803.58,3808.6,29490.2443
1716458400000,3808.6,3848.63,3801.12,3828.22,34813.4719
1716462000000,3828.21,3925.24,3827.49,3918.46,58069.1493
1716465600000,3918.45,3949.29,3723.0,3865.46,79899.9391
1716469200000,3865.45,3901.74,3730.0,3781.61,121056.9919
1716472800000,3781.62,3824.24,3752.78,3763.99,53595.1024
1716476400000,3763.98,3840.0,3759.0,3812.95,35589.6539
1716480000000,3812.96,3821.57,3770.7,3796.42,20988.391
1716483600000,3796.42,3827.77,3779.92,3784.33,19816.5675
1716487200000,3784.34,3794.37,3685.0,3776.58,83658.1035
1716490800000,3776.57,3824.0,3751.1,3791.34,31908.1499
1716494400000,3791.33,3791.45,3498.0,3756.01,139094.7226
1716498000000,3756.01,3901.0,3720.0,3843.4,217905.0329
1716501600000,3843.4,3847.19,3795.98,3811.0,31129.2354
1716505200000,3811.0,3813.04,3751.68,3783.61,31665.1312
1716508800000,3783.6,3829.61,3744.34,3813.21,23867.7749
1716512400000,3813.2,3826.41,3795.08,3810.2,13232.6968
1716516000000,3810.2,3828.91,3794.04,3822.0,12722.1312
1716519600000,3822.0,3825.79,3798.89,3803.82,9694.9958
1716523200000,3803.82,3815.63,3795.02,3804.22,10370.3763
1716526800000,3804.22,3812.38,3726.06,3728.47,32202.816
1716530400000,3728.47,3741.48,3670.08,3672.7,44839.2596
1716534000000,3672.69,3691.22,3651.0,3679.24,35232.6467
1716537600000,3679.24,3682.0,3626.1,3674.0,32026.0607
1716541200000,3674.0,3691.55,3645.04,3684.8,15080.5876
1716544800000,3684.8,3713.28,3681.21,3699.63,23292.4796
1716548400000,3699.63,3717.67,3693.23,3712.62,11190.5174
1716552000000,3712.62,3725.8,3699.07,3714.69,15786.3771
1716555600000,3714.69,3726.0,3678.99,3684.14,19209.3203
1716559200000,3684.14,3731.87,3671.15,3708.86,23825.6061
1716562800000,3708.87,3732.83,3688.39,3693.67,26574.1218
1716566400000,3693.66,3700.6,3655.26,3665.2,29671.9404
1716570000000,3665.2,3712.16,3664.75,3711.36,18647.005
1716573600000,3711.36,3759.0,3708.37,3732.85,27447.015
1716577200000,3732.85,3748.75,3720.57,3744.4,17070.7512
1716580800000,3744.4,3755.05,3731.4,3732.11,22139.4546
1716584400000,3732.1,3747.0,3725.74,3736.34,6927.6681
1716588000000,3736.35,3741.79,3730.19,3737.38,3542.3404
1716591600000,3737.37,3739.28,3723.01,3728.28,4824.4892
1716595200000,3728.28,3728.93,3709.03,3711.73,5603.6622
1716598800000,3711.73,3728.29,3710.81,3717.12,5393.0808
1716602400000,3717.13,3736.51,3715.0,3732.99,6108.5257
1716606000000,3732.99,3747.72,3726.0,3745.26,8151.574
1716609600000,3745.26,3779.43,3745.26,3769.11,15544.1386
1716613200000,3769.1,3771.51,3750.22,3752.55,5773.2607
1716616800000,3752.55,3758.94,3744.4,3748.21,7340.481
1716620400000,3748.2,3759.64,3744.6,3746.6,5245.3255
1716624000000,3746.6,3754.39,3741.0,3742.82,5278.3092
1716627600000,3742.82,3760.93,3737.02,3759.0,8543.7506
1716631200000,3759.01,3773.42,3750.9,3767.07,7669.1592
1716634800000,3767.07,3775.0,3736.42,3739.39,11060.1358
1716638400000,3739.39,3743.2,3719.8,3737.47,16680.0902
1716642000000,3737.47,3747.1,3725.4,3734.17,6026.0455
1716645600000,3734.18,3753.73,3730.25,3747.95,7176.8422
1716649200000,3747.95,3758.2,3741.63,3743.79,5843.8638
1716652800000,3743.8,3755.85,3742.2,3748.46,4456.8271
1716656400000,3748.45,3752.0,3736.68,3741.06,3970.4809
1716660000000,3741.06,3760.0,3740.0,3759.62,3736.3411
1716663600000,3759.61,3766.02,3754.22,3757.64,4494.5457
1716667200000,3757.65,3760.28,3743.73,3745.36,3011.2923
1716670800000,3745.35,3747.7,3739.32,3746.03,2437.4052
1716674400000,3746.03,3746.15,3730.12,3737.66,5366.1386
1716678000000,3737.66,3751.93,3737.58,3749.26,3800.6233
1716681600000,3749.25,3750.4,3741.73,3745.21,3035.0496
1716685200000,3745.2,3760.49,3745.2,3757.99,4556.914
1716688800000,3757.99,3760.2,3731.17,3737.6,6373.029
1716692400000,3737.6,3772.93,3734.44,3771.59,14756.1107
1716696000000,3771.59,3771.6,3745.0,3748.34,5321.7436
1716699600000,3748.34,3762.39,3741.16,3760.53,3950.5098
1716703200000,3760.54,3762.58,3752.55,3759.95,3613.3762
1716706800000,3759.96,3795.06,3759.0,3786.02,17391.6824
1716710400000,3786.01,3816.57,3777.22,3794.46,17766.0895
1716714000000,3794.45,3816.79,3788.85,3800.0,19029.635
1716717600000,3800.0,3811.0,3790.52,3804.61,8676.8471
1716721200000,3804.61,3822.4,3803.28,3813.79,18358.4356
1716724800000,3813.79,3813.8,3800.0,3803.31,11883.8506
1716728400000,3803.31,3811.45,3792.14,3808.9,9264.866
1716732000000,3808.89,3865.59,3803.3,3862.4,28227.1016
1716735600000,3862.4,3875.8,3825.6,3833.05,37197.5086
1716739200000,3833.06,3884.2,3831.26,3863.87,27384.882
1716742800000,3863.87,3865.4,3841.83,3844.57,7645.2479
1716746400000,3844.58,3850.9,3832.2,3847.7,7237.1903
1716750000000,3847.7,3878.87,3847.69,3878.86,8611.1058
1716753600000,3878.86,3879.63,3857.91,3860.74,5550.3338
1716757200000,3860.74,3860.75,3823.11,3852.54,9857.7588
1716760800000,3852.55,3854.78,3835.67,3838.06,7255.9611
1716764400000,3838.07,3840.94,3817.39,3826.47,9263.0647
1716768000000,3826.47,3857.5,3823.37,3843.0,9421.9553
1716771600000,3843.0,3889.0,3837.24,3883.73,11809.2563
1716775200000,3883.72,3939.59,3878.62,3914.49,34844.4837
1716778800000,3914.49,3938.05,3905.75,3919.58,31067.7428
1716782400000,3919.59,3935.0,3908.0,3919.43,11177.533
1716786000000,3919.43,3923.39,3888.71,3904.68,12750.5246
1716789600000,3904.67,3917.26,3891.0,3894.13,9425.9842
1716793200000,3894.14,3920.75,3892.39,3914.01,8187.543
1716796800000,3914.01,3954.35,3905.68,3911.49,24111.9282
1716800400000,3911.48,3924.13,3901.6,3910.99,11367.9005
1716804000000,3910.99,3911.0,3884.17,3906.4,13291.3691
1716807600000,3906.41,3915.51,3885.3,3900.49,9364.4223
1716811200000,3900.5,3915.02,3891.81,3911.99,10677.9065
1716814800000,3912.0,3939.94,3908.6,3930.89,18061.6266
1716818400000,3930.89,3953.4,3919.0,3943.85,22072.1188
1716822000000,3943.86,3977.0,3928.15,3963.39,29999.1646
1716825600000,3963.39,3974.3,3943.01,3946.2,16458.3203
1716829200000,3946.2,3951.5,3924.39,3938.01,9660.3143
1716832800000,3938.02,3942.32,3924.35,3926.65,6345.448
1716836400000,3926.64,3929.85,3854.16,3873.25,24286.0072
1716840000000,3873.26,3897.74,3860.71,3892.92,19760.1436
1716843600000,3892.91,3905.14,3879.15,3890.64,6540.067
1716847200000,3890.64,3901.94,3884.05,3887.86,8389.6158
1716850800000,3887.87,3898.76,3883.1,3894.22,4646.2716
1716854400000,3894.21,3895.33,3864.0,3877.2,12271.3167
1716858000000,3877.2,3910.0,3838.0,3847.94,20497.8377
1716861600000,3847.95,3872.0,3834.74,3862.61,17860.6952
1716865200000,3862.61,3866.05,3827.41,3849.71,17786.9636
1716868800000,3849.72,3854.65,3821.63,3836.59,15671.0154
1716872400000,3836.58,3860.58,3831.3,3860.57,8059.8509
1716876000000,3860.58,3864.85,3845.99,3858.0,11746.3135
1716879600000,3857.99,3861.19,3842.86,3847.29,14559.0725
1716883200000,3847.3,3881.01,3839.0,3876.61,16157.6985
1716886800000,3876.6,3893.5,3868.2,3881.0,15084.4973
1716890400000,3881.01,3931.09,3878.6,3899.33,24040.5209
1716894000000,3899.33,3913.88,3890.15,3904.34,14837.0313
1716897600000,3904.34,3911.62,3891.2,3893.09,12465.0995
1716901200000,3893.1,3912.0,3853.0,3861.15,29796.804
1716904800000,3861.15,3884.49,3841.05,3856.99,26771.4333
1716908400000,3856.99,3871.23,3831.29,3861.1,27211.7572
1716912000000,3861.1,3869.14,3820.04,3825.63,22354.677
1716915600000,3825.64,3846.1,3818.48,3825.1,13066.8633
1716919200000,3825.11,3840.5,3773.9,3800.0,32534.7063
1716922800000,3800.0,3847.95,3795.19,3840.81,20471.2248
1716926400000,3840.8,3850.0,3823.0,3833.01,7927.7145
1716930000000,3833.01,3852.1,3827.11,3843.43,5468.4862
1716933600000,3843.43,3864.85,3842.53,3863.0,22729.3958
1716937200000,3862.99,3871.76,3841.6,3844.69,6878.859
1716940800000,3844.69,3855.19,3842.25,3848.59,4388.562
1716944400000,3848.6,3854.58,3835.15,3844.41,9124.1567
1716948000000,3844.41,3862.41,3836.04,3847.41,10477.9291
1716951600000,3847.41,3861.59,3844.0,3851.0,11984.5899
1716955200000,3850.99,3888.55,3847.22,3871.79,21983.8702
1716958800000,3871.79,3881.64,3861.32,3868.25,14221.5244
1716962400000,3868.24,3871.91,3856.36,3858.24,8182.2609
1716966000000,3858.24,3859.92,3818.48,3820.0,18194.795
1716969600000,3819.99,3827.05,3781.0,3801.01,30086.0825
1716973200000,3801.01,3817.38,3792.43,3805.61,16056.8829
1716976800000,3805.62,3825.36,3803.01,3824.92,8796.8563
1716980400000,3824.92,3828.88,3808.45,3811.16,9154.3171
1716984000000,3811.15,3828.87,3794.0,3815.4,13373.5215
1716987600000,3815.41,3838.83,3780.2,3798.04,27445.1392
1716991200000,3798.04,3802.94,3763.38,3778.21,21685.8267
1716994800000,3778.21,3799.56,3750.6,3759.85,24697.4771
1716998400000,3759.84,3770.58,3744.41,3764.36,20925.5922
1717002000000,3764.26,3780.0,3750.82,3766.2,8709.9054
1717005600000,3766.2,3769.75,3745.95,3758.28,8110.9011
1717009200000,3758.28,3772.0,3747.64,3749.66,6699.1728
1717012800000,3749.66,3759.82,3742.59,3753.6,10251.9968
1717016400000,3753.61,3792.99,3749.2,3777.68,14024.4221
1717020000000,3777.69,3789.79,3765.96,3779.34,8362.3483
1717023600000,3779.34,3788.55,3763.93,3767.43,7821.5046
1717027200000,3767.44,3782.77,3751.9,3758.0,7176.3478
1717030800000,3757.99,3778.33,3750.75,3775.55,7428.7478
1717034400000,3775.55,3791.78,3775.18,3779.81,9435.497
1717038000000,3779.81,3797.79,3777.08,3791.31,6121.7816
1717041600000,3791.3,3801.65,3780.55,3782.6,6081.6476
1717045200000,3782.59,3786.51,3770.72,3784.61,5878.1356
1717048800000,3784.6,3786.0,3734.0,3740.34,18295.2739
1717052400000,3740.33,3755.55,3712.73,3720.32,26708.0995
1717056000000,3720.32,3737.5,3702.58,3735.8,17662.7947
1717059600000,3735.8,3737.96,3717.76,3734.49,7873.4203
1717063200000,3734.5,3743.61,3715.0,3741.53,12695.3066
1717066800000,3741.53,3757.25,3733.4,3737.0,11513.0328
1717070400000,3737.01,3771.61,3733.39,3765.29,14697.6229
1717074000000,3765.29,3794.84,3760.48,3788.56,14724.4293
1717077600000,3788.55,3798.97,3762.0,3767.2,13715.9634
1717081200000,3767.19,3786.66,3756.12,3776.12,9151.905
1717084800000,3776.12,3788.55,3769.81,3788.4,6800.7015
1717088400000,3788.4,3825.35,3778.91,3811.92,17885.1196
1717092000000,3811.92,3819.8,3794.16,3815.6,15295.1135
1717095600000,3815.61,3816.5,3752.24,3762.01,17208.9158
1717099200000,3762.0,3762.4,3719.3,3737.69,16450.772
1717102800000,3737.69,3755.97,3734.33,3751.36,4507.3176
1717106400000,3751.37,3754.07,3744.16,3747.44,5119.8154
1717110000000,3747.43,3751.99,3744.77,3747.91,4606.5282
1717113600000,3747.9,3753.0,3743.95,3752.74,3990.5267
1717117200000,3752.75,3766.35,3740.45,3748.49,6650.6278
1717120800000,3748.49,3770.0,3746.5,3752.95,5789.749
1717124400000,3752.95,3766.72,3752.94,3760.21,4128.8652
1717128000000,3760.21,3766.55,3756.11,3762.61,3974.9284
1717131600000,3762.6,3763.5,3735.02,3746.65,6930.9797
1717135200000,3746.64,3751.0,3735.4,3739.09,6277.0059
1717138800000,3739.09,3749.95,3724.41,3729.11,10434.3407
1717142400000,3729.11,3743.62,3726.45,3735.21,7285.6892
1717146000000,3735.21,3748.43,3730.01,3747.08,6459.4048
1717149600000,3747.09,3785.8,3747.08,3784.68,17620.6299
1717153200000,3784.68,3813.2,3779.5,3802.62,15341.8786
1717156800000,3802.62,3849.94,3801.29,3825.08,31697.1399
1717160400000,3825.07,3832.32,3781.35,3786.34,20719.9951
1717164000000,3786.34,3798.59,3757.99,3773.39,22409.6389
1717167600000,3773.38,3777.59,3742.35,3744.77,14221.4837
1717171200000,3744.77,3758.42,3723.75,3754.16,22972.6297
1717174800000,3754.16,3770.74,3750.43,3768.16,8070.4107
1717178400000,3768.16,3788.62,3764.02,3785.89,13462.0592
1717182000000,3785.89,3794.62,3775.1,3785.45,12105.5931
1717185600000,3785.45,3800.94,3778.2,3794.56,5965.1538
1717189200000,3794.56,3795.59,3779.93,3785.51,9950.0125
1717192800000,3785.51,3790.65,3767.36,3770.38,5125.4409
1717196400000,3770.38,3774.14,3742.0,3762.29,11822.5826
1717200000000,3762.29,3768.66,3752.67,3764.15,6432.9727
1717203600000,3764.15,3776.19,3759.22,3766.79,5351.1208
1717207200000,3766.79,3779.36,3766.0,3777.79,3479.6136
1717210800000,3777.79,3782.07,3774.51,3778.98,3898.7589
1717214400000,3778.98,3785.26,3771.19,3784.35,3846.3542
1717218000000,3784.35,3794.11,3778.33,3789.79,6063.0824
1717221600000,3789.79,3791.81,3782.31,3788.84,5030.0455
1717225200000,3788.84,3790.67,3770.31,3773.0,4903.5483
1717228800000,3772.99,3802.0,3772.43,3799.11,11748.8694
1717232400000,3799.11,3809.55,3788.48,3793.14,8704.6185
1717236000000,3793.14,3796.05,3784.07,3785.99,3260.1453
1717239600000,3785.99,3793.39,3782.07,3788.28,4303.1593
1717243200000,3788.28,3806.97,3787.0,3795.71,6240.3949
1717246800000,3795.71,3809.8,3795.3,3802.01,5232.4455
1717250400000,3802.01,3814.67,3797.0,3809.66,5739.4996
1717254000000,3809.66,3812.69,3798.17,3798.6,5988.1808
1717257600000,3798.6,3806.43,3794.15,3799.0,5596.9092
1717261200000,3799.0,3809.09,3790.21,3807.01,5935.6776
1717264800000,3807.01,3809.81,3797.71,3802.0,4140.3878
1717268400000,3801.99,3806.73,3797.15,3804.51,2493.4532
1717272000000,3804.5,3807.5,3799.0,3806.78,3852.6661
1717275600000,3806.78,3822.0,3805.5,3815.51,7398.4506
1717279200000,3815.5,3833.3,3815.5,3821.86,8282.8056
1717282800000,3821.86,3823.39,3813.12,3815.82,4764.0408
1717286400000,3815.82,3836.25,3814.0,3835.3,5719.4885
1717290000000,3835.3,3838.59,3822.5,3824.0,7291.8452
1717293600000,3824.0,3826.46,3797.7,3806.5,16733.8008
1717297200000,3806.5,3811.17,3802.71,3807.13,10617.5403
1717300800000,3807.13,3821.49,3804.26,3821.35,15363.4543
1717304400000,3821.35,3824.5,3805.5,3805.55,9589.6552
1717308000000,3805.52,3815.0,3805.01,3814.98,7052.9885
1717311600000,3814.99,3815.0,3792.25,3793.33,10260.5506
1717315200000,3793.33,3801.58,3781.43,3794.2,6504.4733
1717318800000,3794.2,3797.78,3770.99,3780.16,13434.9393
1717322400000,3780.16,3783.4,3771.38,3782.19,7947.0683
1717326000000,3782.19,3810.0,3777.1,3805.01,12157.0903
1717329600000,3805.01,3810.0,3786.11,3788.11,6339.1578
1717333200000,3788.12,3800.6,3776.86,3796.09,6066.4733
1717336800000,3796.1,3810.0,3790.01,3806.0,7433.77
1717340400000,3805.99,3807.93,3792.71,3798.78,4139.7769
1717344000000,3798.79,3803.67,3787.3,3791.35,4645.7151
1717347600000,3791.35,3791.35,3772.11,3772.12,12225.351
1717351200000,3772.11,3774.39,3752.62,3770.85,12726.6809
1717354800000,3770.86,3783.19,3759.97,3782.37,7987.5916
1717358400000,3782.37,3787.45,3765.99,3787.44,10509.9099
1717362000000,3787.45,3793.54,3781.77,3783.09,4365.2689
1717365600000,3783.09,3796.44,3775.91,3782.3,4880.1493
1717369200000,3782.3,3787.7,3780.46,3780.91,6302.7014
1717372800000,3780.92,3782.43,3761.05,3773.48,6841.2556
1717376400000,3773.49,3806.2,3772.0,3803.73,9571.9982
1717380000000,3803.72,3821.32,3803.72,3808.41,10995.4908
1717383600000,3808.4,3810.0,3792.04,3799.5,7133.4374
1717387200000,3799.51,3822.13,3795.18,3817.55,9083.4017
1717390800000,3817.56,3830.83,3812.25,3814.5,8970.6555
1717394400000,3814.5,3842.01,3811.56,3826.3,12324.9199
1717398000000,3826.29,3832.0,3812.92,3817.82,11368.9843
1717401600000,3817.81,3840.16,3815.0,3824.75,15922.3697
1717405200000,3824.75,3826.0,3812.58,3816.02,10925.6547
1717408800000,3816.02,3820.0,3807.69,3809.41,5003.3184
1717412400000,3809.42,3818.75,3804.7,3809.0,5177.5749
1717416000000,3809.01,3841.66,3808.6,3840.79,11232.4919
1717419600000,3840.79,3849.99,3823.23,3823.24,19915.8554
1717423200000,3823.23,3833.73,3758.43,3769.42,37906.8844
1717426800000,3769.42,3796.83,3765.6,3796.82,13424.7376
1717430400000,3796.82,3798.63,3760.0,3769.81,14286.2554
1717434000000,3769.81,3782.81,3759.0,3780.2,7874.1406
1717437600000,3780.2,3789.7,3776.0,3778.76,5040.6684
1717441200000,3778.77,3781.37,3767.5,3773.4,4597.083
1717444800000,3773.39,3784.88,3770.6,3771.76,3736.7521
1717448400000,3771.75,3778.25,3759.67,3773.45,7798.188
1717452000000,3773.45,3778.51,3760.2,3778.51,6052.8742
1717455600000,3778.51,3781.08,3761.15,3767.06,3663.7099
1717459200000,3767.07,3769.74,3730.0,3759.93,18075.6618
1717462800000,3759.93,3779.67,3751.94,3774.66,7044.4785
1717466400000,3774.66,3783.08,3768.02,3771.49,5120.8889
1717470000000,3771.49,3785.19,3770.62,3773.51,7000.3484
1717473600000,3773.51,3778.03,3763.59,3764.5,6799.855
1717477200000,3764.51,3773.83,3757.96,3762.0,4637.9362
1717480800000,3762.0,3769.2,3752.1,3763.35,5841.084
1717484400000,3763.35,3778.63,3762.66,3774.72,4891.5742
1717488000000,3774.72,3782.99,3760.0,3761.11,6464.0197
1717491600000,3761.11,3764.19,3741.6,3749.05,10764.4683
1717495200000,3749.05,3770.0,3747.1,3765.89,6832.7639
1717498800000,3765.89,3769.0,3757.26,3764.65,4774.4507
1717502400000,3764.65,3768.75,3753.57,3763.76,8421.5648
1717506000000,3763.77,3787.43,3763.77,3776.0,15570.1024
1717509600000,3776.0,3795.98,3768.29,3778.0,19498.0595
1717513200000,3777.99,3817.99,3771.47,3810.63,23679.782
1717516800000,3810.63,3826.42,3803.56,3818.7,21521.9601
1717520400000,3818.7,3831.65,3804.67,3813.57,12212.0464
1717524000000,3813.57,3826.0,3811.76,3811.77,8554.851
1717527600000,3811.67,3811.76,3776.2,3800.38,9901.9677
1717531200000,3800.37,3812.26,3792.0,3806.74,5430.0838
1717534800000,3806.74,3821.54,3802.41,3812.98,8286.4574
1717538400000,3812.97,3822.0,3808.29,3814.39,6712.8402
1717542000000,3814.39,3816.0,3808.5,3810.23,4026.5019
1717545600000,3810.23,3829.25,3808.84,3819.74,6857.6144
1717549200000,3819.73,3839.92,3813.33,3822.6,11142.3111
1717552800000,3822.6,3823.55,3800.0,3803.56,11539.7274
1717556400000,3803.57,3810.78,3801.4,3810.45,7921.4418
1717560000000,3810.45,3812.63,3803.55,3809.8,7743.3998
1717563600000,3809.81,3811.31,3777.33,3788.76,23429.2528
1717567200000,3788.76,3814.67,3784.17,3814.66,10749.3342
1717570800000,3814.66,3820.81,3804.0,3809.58,10556.4616
1717574400000,3809.57,3811.03,3800.0,3802.78,10499.563
1717578000000,3802.79,3806.0,3790.27,3797.48,7386.7723
1717581600000,3797.49,3801.4,3788.9,3795.37,6920.9715
1717585200000,3795.36,3807.6,3790.48,3804.31,6710.7934
1717588800000,3804.31,3824.44,3802.5,3820.24,16294.8842
1717592400000,3820.23,3821.82,3792.49,3799.56,9821.7676
1717596000000,3799.55,3803.24,3782.0,3794.91,10963.4151
1717599600000,3794.9,3820.0,3792.34,3813.58,10477.5164
1717603200000,3813.59,3820.98,3796.8,3802.16,10391.1544
1717606800000,3802.16,3848.41,3800.0,3840.93,15820.4674
1717610400000,3840.94,3870.5,3839.04,3846.0,34159.0528
1717614000000,3846.0,3878.0,3833.88,3876.54,12924.0786
1717617600000,3876.53,3887.47,3862.6,3863.89,10852.5611
1717621200000,3863.88,3864.0,3845.45,3847.85,6034.0069
1717624800000,3847.85,3853.0,3842.28,3850.76,5472.9786
1717628400000,3850.76,3869.5,3848.4,3865.99,9069.0771
1717632000000,3866.0,3867.5,3857.43,3859.14,4463.3528
1717635600000,3859.14,3869.85,3853.2,3861.15,6615.1393
1717639200000,3861.16,3878.6,3859.55,3868.53,9694.239
1717642800000,3868.52,3873.03,3860.69,3861.69,5404.5283
1717646400000,3861.7,3865.5,3854.75,3862.51,7364.2943
1717650000000,3862.5,3865.0,3839.69,3847.0,11837.2341
1717653600000,3846.99,3854.5,3838.53,3846.24,9519.2276
1717657200000,3846.25,3856.01,3841.45,3852.1,9816.6382
1717660800000,3852.1,3853.0,3842.84,3846.17,5438.8151
1717664400000,3846.17,3854.01,3845.24,3850.59,5501.5011
1717668000000,3850.6,3852.2,3846.11,3850.51,4059.9841
1717671600000,3850.5,3856.5,3844.99,3849.51,9694.7889
1717675200000,3849.51,3866.48,3841.0,3845.79,12027.1262
1717678800000,3845.79,3852.0,3820.0,3835.08,16090.012
1717682400000,3835.07,3846.77,3827.29,3844.39,8567.1812
1717686000000,3844.39,3847.29,3838.49,3845.01,9697.373
1717689600000,3845.0,3855.6,3822.76,3830.63,23171.2578
1717693200000,3830.63,3836.86,3817.27,3833.25,8667.8377
1717696800000,3833.26,3840.91,3826.96,3833.07,11688.7289
1717700400000,3833.07,3833.08,3787.15,3791.01,19326.379
1717704000000,3791.01,3802.35,3760.0,3800.36,23855.1931
1717707600000,3800.37,3804.3,3793.92,3801.41,4571.9485
1717711200000,3801.4,3813.85,3799.4,3811.93,5532.9473
1717714800000,3811.94,3815.45,3808.0,3813.46,4898.463
1717718400000,3813.47,3813.47,3806.0,3808.32,4653.1814
1717722000000,3808.32,3810.63,3799.17,3805.98,5626.5941
1717725600000,3805.99,3807.75,3792.34,3800.7,4743.8137
1717729200000,3800.7,3807.92,3793.21,3806.3,4280.3422
1717732800000,3806.3,3819.0,3806.0,3815.71,4662.172
1717736400000,3815.7,3825.75,3814.23,3818.27,5295.8937
1717740000000,3818.27,3821.11,3812.8,3817.01,4700.7513
1717743600000,3817.0,3824.41,3814.85,3816.31,4789.4921
1717747200000,3816.31,3817.1,3808.36,3811.15,5402.1406
1717750800000,3811.16,3813.5,3807.33,3811.95,4378.5859
1717754400000,3811.96,3813.79,3801.11,3810.8,4858.7282
1717758000000,3810.8,3839.98,3808.07,3835.0,10360.3093
1717761600000,3834.99,3841.39,3771.39,3807.68,45906.4522
1717765200000,3807.69,3820.31,3794.04,3815.0,11879.1462
1717768800000,3815.0,3829.57,3809.07,3822.3,8806.5269
1717772400000,3822.3,3822.49,3790.81,3800.73,10523.422
1717776000000,3800.73,3807.67,3779.24,3783.99,10815.924
1717779600000,3784.0,3784.66,3723.8,3724.05,23657.6581
1717783200000,3724.06,3729.99,3600.0,3679.71,123558.5253
1717786800000,3679.72,3704.71,3657.42,3687.37,21132.0224
1717790400000,3687.37,3694.25,3670.43,3691.4,20080.1452
1717794000000,3691.4,3698.46,3685.24,3693.51,8037.8503
1717797600000,3693.5,3700.0,3686.01,3695.06,7482.4809
1717801200000,3695.07,3695.28,3678.31,3678.32,6591.2014
1717804800000,3678.31,3690.23,3673.82,3686.02,6642.1674
1717808400000,3686.02,3692.3,3678.56,3690.94,7074.7517
1717812000000,3690.95,3690.95,3685.84,3687.96,4274.7628
1717815600000,3687.97,3690.45,3685.5,3690.0,4196.6524
1717819200000,3690.0,3690.18,3680.02,3681.19,3846.5357
1717822800000,3681.19,3685.0,3677.22,3680.64,2976.7381
1717826400000,3680.64,3687.77,3679.52,3684.99,2669.7338
1717830000000,3684.99,3709.5,3684.99,3708.98,6785.6592
1717833600000,3708.98,3709.39,3693.04,3695.95,4463.1961
1717837200000,3695.94,3698.89,3691.0,3693.18,5013.1147
1717840800000,3693.18,3697.37,3680.0,3694.67,21617.1423
1717844400000,3694.66,3697.0,3678.53,3683.13,7159.9982
1717848000000,3683.13,3688.49,3677.0,3682.58,5761.5548
1717851600000,3682.58,3687.27,3660.08,3687.26,11843.4501
1717855200000,3687.27,3696.48,3682.0,3696.01,5896.177
1717858800000,3696.02,3697.47,3687.4,3688.13,7413.1679
1717862400000,3688.13,3692.25,3678.83,3683.01,5997.4539
1717866000000,3683.01,3687.89,3672.18,3687.49,5261.7199
1717869600000,3687.5,3694.5,3686.99,3689.02,4872.7214
1717873200000,3689.01,3693.52,3681.31,3682.61,3785.3427
1717876800000,3682.6,3684.46,3670.53,3674.09,4507.3249
1717880400000,3674.08,3680.0,3670.91,3676.26,2684.0182
1717884000000,3676.26,3679.67,3670.37,3676.69,2955.5053
1717887600000,3676.7,3684.22,3671.9,3681.57,2851.9509
1717891200000,3681.58,3684.19,3678.34,3681.28,3019.181
1717894800000,3681.28,3684.66,3679.5,3682.25,2589.2866
1717898400000,3682.25,3682.25,3666.36,3668.26,8367.6417
1717902000000,3668.27,3674.92,3668.26,3674.22,4067.7891
1717905600000,3674.21,3677.89,3669.21,3676.0,3784.0563
1717909200000,3676.0,3684.45,3670.99,3680.61,4105.1721
1717912800000,3680.62,3689.21,3680.61,3686.68,3652.4576
1717916400000,3686.69,3692.0,3684.76,3685.99,4838.6224
1717920000000,3685.98,3688.95,3683.02,3687.15,2575.0865
1717923600000,3687.15,3691.5,3687.0,3690.04,2591.0917
1717927200000,3690.03,3692.68,3686.21,3687.44,2334.4875
1717930800000,3687.44,3693.87,3685.99,3693.5,3686.9062
1717934400000,3693.49,3712.5,3690.0,3704.67,8568.5902
1717938000000,3704.68,3708.51,3680.99,3687.7,10141.5815
1717941600000,3687.71,3694.9,3683.16,3692.24,4277.6366
1717945200000,3692.24,3695.2,3683.43,3690.59,6162.0406
1717948800000,3690.6,3701.25,3689.43,3698.26,3543.8145
1717952400000,3698.25,3702.11,3693.51,3700.0,3812.3119
1717956000000,3699.99,3709.18,3698.5,3704.88,4148.4832
1717959600000,3704.87,3709.43,3698.2,3701.09,2606.8296
1717963200000,3701.09,3704.6,3695.06,3700.31,2984.5432
1717966800000,3700.31,3721.52,3693.72,3714.72,6487.6634
1717970400000,3714.71,3718.0,3706.46,3707.74,3303.5764
1717974000000,3707.74,3709.06,3703.11,3706.4,1802.2522
1717977600000,3706.4,3706.94,3686.5,3693.53,6551.0636
1717981200000,3693.53,3696.48,3685.54,3692.0,3775.21
1717984800000,3691.99,3697.8,3690.38,3691.31,3504.3962
1717988400000,3691.32,3692.81,3680.97,3684.14,3411.4237
1717992000000,3684.14,3692.41,3680.01,3691.09,4418.0267
1717995600000,3691.09,3691.09,3682.23,3684.19,3478.9714
1717999200000,3684.19,3684.2,3670.02,3671.89,6157.1992
1718002800000,3671.89,3676.5,3642.74,3647.79,15230.8993
1718006400000,3647.8,3673.73,3646.94,3671.02,7686.5013
1718010000000,3671.02,3674.37,3658.16,3673.14,6560.5851
1718013600000,3673.15,3681.01,3670.3,3677.9,6171.627
1718017200000,3677.9,3681.0,3671.17,3675.95,4080.4021
1718020800000,3675.95,3682.4,3669.0,3675.55,5550.0454
1718024400000,3675.55,3680.0,3665.42,3673.2,6380.0093
1718028000000,3673.21,3680.76,3662.96,3680.7,5610.2419
1718031600000,3680.71,3713.67,3677.34,3702.54,19248.3596
1718035200000,3702.53,3705.68,3683.98,3698.5,7213.987
1718038800000,3698.5,3699.22,3687.07,3696.59,3030.6345
1718042400000,3696.58,3701.0,3677.22,3688.25,5519.9243
1718046000000,3688.24,3689.0,3659.81,3668.33,11331.3945
1718049600000,3668.33,3674.78,3650.64,3672.05,9696.0755
1718053200000,3672.05,3677.0,3665.72,3673.59,3273.613
1718056800000,3673.59,3674.63,3666.54,3674.63,3349.2324
1718060400000,3674.63,3677.07,3660.0,3667.85,5133.3616
1718064000000,3667.85,3673.0,3658.83,3662.79,5116.5913
1718067600000,3662.79,3670.35,3605.5,3626.98,20534.6925
1718071200000,3626.98,3643.67,3567.0,3602.6,47610.6269
1718074800000,3602.6,3612.87,3590.21,3595.6,13470.3581
1718078400000,3595.6,3595.61,3533.46,3565.6,40332.6902
1718082000000,3565.6,3567.0,3542.4,3561.59,9931.0253
1718085600000,3561.59,3570.01,3505.0,3540.79,19715.0259
1718089200000,3540.79,3548.48,3523.46,3534.6,13234.6133
1718092800000,3534.6,3543.62,3503.4,3534.4,19229.7056
1718096400000,3534.4,3541.13,3505.0,3514.8,16200.8016
1718100000000,3514.8,3549.36,3506.03,3529.4,24251.3146
1718103600000,3529.4,3541.69,3522.0,3529.56,11823.4874
1718107200000,3529.56,3546.47,3524.22,3534.01,11303.1233
1718110800000,3534.0,3545.82,3508.91,3521.24,15660.5149
1718114400000,3521.23,3536.38,3512.12,3513.5,13276.3418
1718118000000,3513.5,3530.0,3432.01,3447.75,61935.2039
1718121600000,3447.75,3482.07,3443.66,3452.71,28530.9546
1718125200000,3452.71,3479.98,3432.0,3471.99,17381.1105
1718128800000,3471.98,3496.62,3465.71,3489.79,12755.9663
1718132400000,3489.79,3502.44,3477.99,3497.21,13866.3181
1718136000000,3497.21,3498.14,3483.7,3487.7,6784.7618
1718139600000,3487.7,3503.03,3485.8,3501.86,4218.6423
1718143200000,3501.86,3509.0,3497.18,3500.6,6583.617
1718146800000,3500.61,3509.65,3492.99,3497.33,5821.1106
1718150400000,3497.33,3505.59,3489.26,3492.99,5904.547
1718154000000,3492.99,3495.77,3462.07,3482.67,10370.7214
1718157600000,3482.66,3507.33,3476.38,3498.61,11712.2962
1718161200000,3498.6,3513.78,3495.27,3509.99,8121.5746
1718164800000,3509.99,3532.39,3509.06,3521.48,10218.7638
1718168400000,3521.48,3521.99,3507.02,3508.56,7408.079
1718172000000,3508.56,3521.5,3507.7,3516.0,5451.3397
1718175600000,3515.99,3527.67,3514.44,3526.71,5960.007
1718179200000,3526.7,3531.71,3519.81,3520.2,6557.5425
1718182800000,3520.2,3542.6,3516.95,3538.86,9129.5565
1718186400000,3538.85,3563.56,3536.86,3544.15,14820.8389
1718190000000,3544.16,3549.43,3529.4,3531.72,7725.6011
1718193600000,3531.73,3642.26,3531.4,3638.4,76240.3552
1718197200000,3638.41,3659.01,3603.01,3615.07,41274.472
1718200800000,3615.06,3642.05,3614.74,3635.27,17653.8843
1718204400000,3635.26,3646.7,3610.76,3618.32,18554.022
1718208000000,3618.32,3623.2,3588.0,3616.41,13290.1244
1718211600000,3616.41,3625.7,3607.0,3623.2,7334.264
1718215200000,3623.2,3623.98,3553.33,3567.15,52171.7793
1718218800000,3567.15,3594.97,3513.32,3529.01,32117.5101
1718222400000,3529.01,3562.38,3521.88,3556.05,11477.9055
1718226000000,3556.05,3574.39,3556.05,3566.01,5474.7854
1718229600000,3566.01,3572.51,3561.36,3571.5,4223.605
1718233200000,3571.49,3571.5,3558.96,3560.12,3850.1991
1718236800000,3560.13,3561.65,3545.1,3558.56,6400.1114
1718240400000,3558.57,3559.82,3537.0,3539.23,5599.3058
1718244000000,3539.24,3544.57,3504.35,3512.36,18311.4638
1718247600000,3512.37,3516.0,3476.21,3503.0,34018.323
1718251200000,3502.99,3517.32,3495.0,3495.19,7699.1162
1718254800000,3495.19,3515.54,3495.19,3510.3,6207.826
1718258400000,3510.3,3511.48,3484.04,3492.76,8872.1454
1718262000000,3492.75,3507.73,3485.07,3507.53,7858.7866
1718265600000,3507.53,3511.72,3502.54,3503.69,6669.3815
1718269200000,3503.69,3503.69,3472.6,3490.51,11005.9194
1718272800000,3490.51,3511.86,3472.85,3502.98,10497.507
1718276400000,3502.98,3507.63,3493.41,3497.17,7873.9703
1718280000000,3497.17,3539.83,3478.65,3493.84,23532.4668
1718283600000,3493.84,3522.42,3485.42,3500.04,15001.7454
1718287200000,3500.04,3527.28,3475.05,3507.8,26697.9534
1718290800000,3507.81,3509.48,3433.0,3441.73,42211.8138
1718294400000,3441.73,3470.66,3428.0,3470.55,22857.2262
1718298000000,3470.55,3478.02,3451.19,3470.01,8273.301
1718301600000,3470.01,3479.34,3462.0,3475.48,4497.936
1718305200000,3475.48,3491.55,3471.38,3481.43,5145.1051
1718308800000,3481.43,3491.55,3466.78,3478.27,4936.9135
1718312400000,3478.27,3485.93,3461.99,3485.93,6139.2907
1718316000000,3485.93,3485.93,3473.29,3481.79,4314.4344
1718319600000,3481.79,3481.79,3461.59,3469.4,5608.7872
1718323200000,3469.4,3479.14,3461.4,3473.47,7072.3545
1718326800000,3473.47,3488.6,3457.37,3487.04,8548.142
1718330400000,3487.04,3509.64,3480.39,3505.61,10011.1434
1718334000000,3505.61,3510.53,3489.13,3490.91,8365.9114
1718337600000,3490.91,3500.0,3490.46,3496.8,6644.6749
1718341200000,3496.8,3528.6,3496.29,3522.21,13762.5112
1718344800000,3522.21,3532.61,3510.62,3518.21,9504.8271
1718348400000,3518.21,3526.01,3514.4,3516.61,10618.2885
1718352000000,3516.61,3530.25,3513.7,3522.51,8909.3014
1718355600000,3522.51,3523.5,3512.7,3513.81,7424.0342
1718359200000,3513.8,3517.96,3508.21,3512.59,6005.4079
1718362800000,3512.59,3522.0,3505.69,3515.8,6286.008
1718366400000,3515.8,3525.56,3508.48,3513.24,7958.2086
1718370000000,3513.23,3520.51,3506.8,3507.63,6267.6797
1718373600000,3507.63,3510.39,3466.38,3488.99,21105.2649
1718377200000,3489.0,3497.55,3460.17,3462.41,10909.6545
1718380800000,3462.41,3467.4,3390.0,3403.21,58809.7394
1718384400000,3403.21,3412.37,3380.1,3389.62,16865.3976
1718388000000,3389.62,3394.4,3362.26,3387.6,17081.3675
1718391600000,3387.6,3408.5,3374.28,3406.21,10754.5811
1718395200000,3406.21,3426.96,3404.19,3413.32,8534.9273
1718398800000,3413.32,3528.93,3411.0,3504.21,37288.0404
1718402400000,3504.21,3505.0,3463.08,3485.02,17854.259
1718406000000,3485.02,3490.14,3471.6,3481.8,5734.6969
1718409600000,3481.8,3500.85,3478.46,3492.56,10546.327
1718413200000,3492.56,3503.03,3476.9,3477.78,5048.3205
1718416800000,3477.78,3489.01,3473.1,3485.0,3571.0606
1718420400000,3485.0,3505.01,3485.0,3504.4,7998.6678
1718424000000,3504.4,3516.0,3498.29,3509.0,16377.235
1718427600000,3509.0,3529.7,3508.0,3526.91,16609.2363
1718431200000,3526.91,3557.81,3526.9,3539.58,24296.7097
1718434800000,3539.58,3549.62,3526.5,3529.61,13054.5613
1718438400000,3529.61,3540.25,3527.6,3534.5,6601.5608
1718442000000,3534.5,3540.8,3519.49,3532.21,10089.6667
1718445600000,3532.21,3538.65,3527.8,3538.45,5581.2259
1718449200000,3538.45,3542.3,3533.33,3539.4,7592.6831
1718452800000,3539.4,3565.88,3537.75,3565.02,14731.0113
1718456400000,3565.02,3570.79,3549.3,3569.18,13598.3179
1718460000000,3569.18,3569.65,3550.62,3558.03,11035.3086
1718463600000,3558.03,3594.39,3556.25,3565.8,26386.7012
1718467200000,3565.8,3570.6,3555.69,3556.97,9917.8249
1718470800000,3556.97,3575.73,3552.0,3571.51,8825.4335
1718474400000,3571.51,3571.98,3557.0,3561.81,8390.8042
1718478000000,3561.81,3564.5,3553.0,3558.48,5492.8166
1718481600000,3558.48,3558.48,3536.76,3554.15,8062.499
1718485200000,3554.15,3568.33,3554.14,3561.14,4756.1575
1718488800000,3561.14,3570.63,3556.88,3570.63,5058.6728
1718492400000,3570.63,3575.36,3565.92,3568.74,3026.7872
1718496000000,3568.75,3569.51,3557.0,3558.81,3295.254
1718499600000,3558.81,3568.4,3554.16,3568.26,4023.7326
1718503200000,3568.26,3573.79,3561.55,3561.81,3736.4741
1718506800000,3561.81,3564.0,3548.04,3555.01,4224.0764
1718510400000,3555.01,3558.83,3541.05,3554.02,5726.1327
1718514000000,3554.02,3569.49,3553.29,3568.0,3865.9089
1718517600000,3568.0,3574.54,3563.5,3570.33,2920.2195
1718521200000,3570.33,3573.75,3561.2,3561.93,3416.725
1718524800000,3561.93,3563.0,3547.5,3553.5,4599.5081
1718528400000,3553.5,3558.89,3546.92,3553.8,5899.2443
1718532000000,3553.8,3570.99,3549.2,3569.14,7801.0517
1718535600000,3569.14,3570.3,3553.99,3555.28,4091.48
1718539200000,3555.28,3564.5,3553.17,3564.0,2626.6159
1718542800000,3564.0,3593.4,3563.21,3593.0,16052.3245
1718546400000,3593.0,3611.98,3577.85,3579.49,15885.2053
1718550000000,3579.49,3595.59,3578.16,3591.88,5906.8134
1718553600000,3591.88,3604.2,3588.26,3595.6,6659.3207
1718557200000,3595.6,3608.44,3586.69,3591.55,7196.3141
1718560800000,3591.55,3599.82,3587.55,3597.39,3481.3413
1718564400000,3597.39,3604.2,3588.51,3599.03,4458.614
1718568000000,3599.03,3606.38,3593.56,3601.27,5466.6597
1718571600000,3601.27,3601.27,3587.86,3596.35,2436.6783
1718575200000,3596.35,3653.79,3596.35,3628.61,21581.7374
1718578800000,3628.61,3635.29,3615.52,3624.41,4488.5501
1718582400000,3624.41,3638.37,3614.85,3617.95,11008.4986
1718586000000,3617.95,3627.6,3602.2,3611.4,12735.6738
1718589600000,3611.4,3611.4,3580.0,3595.38,13806.2968
1718593200000,3595.38,3597.38,3573.83,3582.05,11180.1979
1718596800000,3582.05,3591.03,3576.0,3590.21,8333.446
1718600400000,3590.21,3596.0,3564.83,3574.0,10010.4759
1718604000000,3574.0,3577.3,3547.11,3551.77,16610.8827
1718607600000,3551.77,3571.09,3538.7,3552.68,13718.5564
1718611200000,3552.68,3561.1,3535.1,3544.4,12685.7133
1718614800000,3544.4,3550.4,3510.09,3512.41,16421.7391
1718618400000,3512.4,3524.43,3490.95,3519.19,30819.846
1718622000000,3519.19,3533.48,3517.13,3527.63,10492.2092
1718625600000,3527.63,3530.46,3517.4,3522.75,9315.8934
1718629200000,3522.75,3539.75,3485.44,3495.0,16548.0064
1718632800000,3495.01,3547.07,3494.22,3525.5,17373.7255
1718636400000,3525.49,3540.78,3488.2,3497.26,17012.2223
1718640000000,3497.26,3534.52,3463.39,3525.51,34498.3319
1718643600000,3525.51,3555.4,3518.34,3554.2,16605.6942
1718647200000,3554.21,3577.77,3546.8,3560.98,17690.2805
1718650800000,3560.97,3562.77,3542.57,3554.01,12148.6335
1718654400000,3554.01,3556.55,3508.2,3514.81,12122.3164
1718658000000,3514.81,3530.81,3500.8,3524.2,7233.4761
1718661600000,3524.2,3532.0,3514.46,3524.01,4246.9105
1718665200000,3524.0,3525.92,3503.3,3511.46,5186.6138
1718668800000,3511.47,3517.2,3450.0,3472.68,33527.699
1718672400000,3472.67,3480.93,3355.0,3408.42,71462.7819
1718676000000,3408.42,3444.4,3382.88,3429.55,34887.5335
1718679600000,3429.56,3441.68,3420.92,3441.53,11383.2213
1718683200000,3441.52,3455.79,3428.78,3446.0,12955.2561
1718686800000,3445.99,3462.54,3443.65,3444.9,10860.056
1718690400000,3444.91,3454.05,3432.05,3437.66,9990.9051
1718694000000,3437.66,3456.7,3437.6,3443.97,7782.1266
1718697600000,3443.97,3451.84,3440.02,3448.41,8269.9362
1718701200000,3448.41,3448.41,3428.48,3431.39,8320.8088
1718704800000,3431.39,3442.15,3413.01,3426.0,13131.375
1718708400000,3426.0,3428.46,3391.86,3414.11,20876.956
1718712000000,3414.11,3419.61,3382.64,3407.85,20819.1355
1718715600000,3407.85,3411.09,3376.48,3392.03,23770.7721
1718719200000,3392.03,3440.73,3370.92,3401.19,35342.4198
1718722800000,3401.18,3430.03,3393.6,3424.01,14839.7208
1718726400000,3424.02,3429.09,3402.69,3423.21,13181.2474
1718730000000,3423.21,3436.0,3401.5,3409.0,19519.557
1718733600000,3409.0,3421.64,3391.8,3401.9,8500.6224
1718737200000,3401.91,3426.41,3386.92,3423.27,14945.6374
1718740800000,3423.27,3469.41,3412.64,3462.2,20488.1851
1718744400000,3462.2,3490.0,3452.89,3473.39,21761.2747
1718748000000,3473.4,3487.24,3466.42,3480.29,6718.3648
1718751600000,3480.29,3487.25,3472.84,3483.42,6577.7089
1718755200000,3483.42,3497.72,3465.65,3493.99,17177.146
1718758800000,3493.99,3547.68,3492.8,3517.8,39093.4822
1718762400000,3517.8,3546.33,3517.21,3539.69,14825.3764
1718766000000,3539.69,3573.08,3529.01,3565.93,21167.4515
1718769600000,3565.93,3585.0,3559.05,3560.68,13510.5862
1718773200000,3560.68,3568.32,3546.02,3550.17,10503.0804
1718776800000,3550.17,3562.8,3549.53,3561.5,6823.0817
1718780400000,3561.5,3566.0,3532.96,3544.3,23468.2938
1718784000000,3544.31,3548.69,3526.0,3531.27,15946.1781
1718787600000,3531.27,3539.73,3522.36,3533.9,12198.9303
1718791200000,3533.9,3561.94,3530.67,3560.0,16623.9606
1718794800000,3559.99,3564.0,3518.46,3536.94,12275.6498
1718798400000,3536.95,3549.6,3532.11,3547.0,6968.2445
1718802000000,3547.0,3550.61,3535.6,3540.49,6557.4041
1718805600000,3540.49,3541.23,3512.2,3520.41,17106.8682
1718809200000,3520.4,3533.34,3515.94,3529.29,9098.7633
1718812800000,3529.3,3553.78,3523.43,3546.87,9433.6339
1718816400000,3546.86,3590.01,3544.0,3561.8,22825.301
1718820000000,3561.81,3575.0,3553.73,3554.27,10286.3108
1718823600000,3554.26,3556.49,3534.03,3546.29,8332.523
1718827200000,3546.28,3561.5,3532.14,3553.0,10755.2631
1718830800000,3553.0,3576.69,3550.04,3569.8,7074.3175
1718834400000,3569.8,3573.51,3556.83,3557.01,5319.2561
1718838000000,3557.01,3568.52,3551.83,3560.51,4128.9002
1718841600000,3560.51,3569.79,3550.09,3563.03,6722.5974
1718845200000,3563.04,3594.47,3550.69,3559.41,18686.4155
1718848800000,3559.41,3559.58,3533.49,3552.0,11593.1155
1718852400000,3552.0,3557.14,3544.49,3553.65,4897.0031
1718856000000,3553.65,3573.79,3544.61,3570.9,7606.9744
1718859600000,3570.9,3584.79,3567.35,3581.16,16726.5001
1718863200000,3581.16,3592.33,3575.0,3580.26,13512.4732
1718866800000,3580.26,3616.06,3580.0,3607.87,19501.8307
1718870400000,3607.87,3611.5,3583.2,3587.34,12761.1051
1718874000000,3587.34,3591.45,3572.24,3580.72,12728.9073
1718877600000,3580.73,3609.5,3575.49,3604.95,13053.961
1718881200000,3604.95,3625.96,3597.04,3598.94,19630.4088
1718884800000,3598.94,3611.81,3582.82,3589.4,19326.6689
1718888400000,3589.4,3592.26,3525.0,3531.36,40853.9107
1718892000000,3531.36,3534.29,3491.46,3521.24,27727.1688
1718895600000,3521.24,3532.23,3506.6,3506.61,15236.5144
1718899200000,3506.61,3523.3,3486.0,3516.15,18041.0528
1718902800000,3516.15,3524.52,3508.37,3522.93,10125.1437
1718906400000,3522.93,3542.4,3521.0,3527.21,12533.9796
1718910000000,3527.22,3538.25,3514.13,3536.61,10757.8109
1718913600000,3536.61,3538.91,3522.0,3525.97,4220.9858
1718917200000,3525.97,3530.53,3516.31,3516.8,3621.9384
1718920800000,3516.8,3522.5,3515.0,3519.53,4332.5501
1718924400000,3519.53,3523.0,3511.0,3513.08,4918.8291
1718928000000,3513.08,3517.5,3491.66,3499.6,9041.5969
1718931600000,3499.6,3529.41,3496.0,3527.8,8190.0312
1718935200000,3527.8,3536.21,3506.38,3508.65,8696.0579
1718938800000,3508.64,3513.34,3495.3,3501.2,8085.3996
1718942400000,3501.2,3517.2,3493.0,3517.2,6494.4009
1718946000000,3517.2,3521.74,3504.86,3518.92,7716.0617
1718949600000,3518.91,3520.42,3506.13,3512.08,5208.9394
1718953200000,3512.08,3519.82,3467.0,3475.0,25603.1459
1718956800000,3475.0,3489.03,3446.82,3459.34,22632.7448
1718960400000,3459.33,3532.83,3454.0,3514.5,41472.5746
1718964000000,3514.49,3522.3,3490.77,3496.44,12323.6404
1718967600000,3496.44,3510.0,3491.92,3503.22,8104.4658
1718971200000,3503.21,3512.72,3471.71,3495.81,18420.3082
1718974800000,3495.8,3498.37,3455.1,3476.0,19664.6578
1718978400000,3476.0,3519.99,3463.65,3514.22,26450.2907
1718982000000,3514.22,3519.8,3474.8,3492.78,24495.4415
1718985600000,3492.78,3495.69,3474.78,3488.96,12825.5791
1718989200000,3488.95,3510.0,3469.96,3478.74,23664.1586
1718992800000,3478.73,3526.4,3476.0,3524.01,17808.7901
1718996400000,3524.01,3537.5,3511.19,3535.45,12021.5391
1719000000000,3535.44,3547.55,3518.0,3522.5,7026.6894
1719003600000,3522.5,3525.91,3500.0,3517.71,7728.7362
1719007200000,3517.7,3528.0,3515.14,3523.57,6331.391
1719010800000,3523.56,3527.38,3516.87,3518.5,2148.4612
1719014400000,3518.5,3521.19,3493.24,3501.34,7547.935
1719018000000,3501.33,3509.47,3496.61,3503.02,3442.2915
1719021600000,3503.02,3511.29,3501.2,3505.37,4476.86
1719025200000,3505.37,3512.27,3504.25,3506.77,5651.6299
1719028800000,3506.77,3509.47,3499.06,3509.0,4327.7994
1719032400000,3509.0,3509.08,3499.67,3509.08,4045.6764
1719036000000,3509.08,3509.76,3502.5,3503.5,3699.5541
1719039600000,3503.49,3504.0,3489.73,3494.0,10634.1763
1719043200000,3494.0,3494.93,3475.09,3484.6,8326.3309
1719046800000,3484.6,3495.49,3482.55,3492.62,4059.7101
1719050400000,3492.61,3498.96,3489.55,3497.16,5321.8323
1719054000000,3497.16,3497.16,3491.2,3493.2,2151.7598
1719057600000,3493.19,3495.0,3487.65,3488.61,3866.9323
1719061200000,3488.62,3502.3,3486.78,3501.4,11328.7659
1719064800000,3501.4,3511.84,3497.25,3503.2,10247.4561
1719068400000,3503.19,3505.43,3498.42,3505.43,2830.2267
1719072000000,3505.43,3506.5,3497.01,3504.5,3618.1244
1719075600000,3504.5,3508.37,3497.7,3497.71,3040.1982
1719079200000,3497.71,3501.4,3491.55,3493.0,2403.907
1719082800000,3493.0,3497.0,3485.56,3491.44,4897.5219
1719086400000,3491.44,3496.9,3485.8,3496.13,2329.0542
1719090000000,3496.12,3507.86,3495.19,3506.01,2154.2221
1719093600000,3506.01,3507.49,3500.43,3502.5,3268.613
1719097200000,3502.5,3504.5,3493.29,3495.75,2104.0382
1719100800000,3495.76,3512.0,3494.67,3507.86,4480.5608
1719104400000,3507.86,3511.4,3502.0,3508.41,2945.1139
1719108000000,3508.41,3513.49,3504.5,3513.49,2941.1946
1719111600000,3513.49,3519.0,3509.57,3519.0,3923.0116
1719115200000,3518.99,3521.45,3512.16,3514.32,3246.7373
1719118800000,3514.33,3518.6,3508.38,3509.59,2814.4486
1719122400000,3509.59,3512.18,3506.77,3507.32,1560.3518
1719126000000,3507.33,3514.38,3506.63,3512.5,2141.5644
1719129600000,3512.49,3513.0,3503.2,3506.27,3748.0351
1719133200000,3506.34,3507.8,3498.98,3502.51,6010.9378
1719136800000,3502.52,3502.52,3491.62,3493.76,3577.844
1719140400000,3493.76,3498.62,3488.2,3498.29,4838.5941
1719144000000,3498.29,3503.65,3496.57,3500.39,2315.5823
1719147600000,3500.38,3504.62,3494.0,3498.2,4636.9323
1719151200000,3498.2,3499.3,3480.45,3484.7,8224.3784
1719154800000,3484.7,3489.45,3471.82,3474.54,11314.5678
1719158400000,3474.54,3482.4,3461.38,3463.32,8124.8882
1719162000000,3463.32,3480.14,3462.0,3473.32,5485.012
1719165600000,3473.32,3478.2,3472.48,3477.77,2817.0978
1719169200000,3477.78,3481.72,3475.63,3479.93,2114.0372
1719172800000,3479.93,3480.12,3406.38,3435.59,19735.9163
1719176400000,3435.6,3440.48,3406.89,3434.97,10922.6926
1719180000000,3434.98,3435.23,3412.6,3425.41,7448.4013
1719183600000,3425.4,3429.46,3418.0,3420.91,8043.5302
1719187200000,3420.91,3435.76,3410.0,3424.23,13704.6492
1719190800000,3424.23,3428.06,3407.62,3424.39,13659.6785
1719194400000,3424.4,3429.03,3387.05,3404.49,15104.3481
1719198000000,3404.49,3421.38,3402.6,3402.81,7659.829
1719201600000,3402.82,3413.56,3383.45,3407.21,9874.2293
1719205200000,3407.2,3409.71,3354.22,3371.33,27906.7543
1719208800000,3371.33,3384.39,3364.5,3373.87,10664.7156
1719212400000,3373.88,3384.12,3362.2,3369.19,10447.7869
1719216000000,3369.2,3394.36,3355.27,3384.59,17858.9325
1719219600000,3384.59,3389.74,3240.0,3308.6,101279.436
1719223200000,3308.6,3326.25,3305.0,3318.5,23960.2483
1719226800000,3318.5,3332.32,3305.55,3321.19,17070.7051
1719230400000,3321.18,3337.07,3311.76,3319.12,13644.477
1719234000000,3319.12,3329.0,3292.18,3324.79,25978.4133
1719237600000,3324.8,3333.17,3293.42,3308.9,25027.0614
1719241200000,3308.9,3314.07,3261.72,3280.3,32011.8297
1719244800000,3280.31,3292.77,3242.44,3260.15,31771.024
1719248400000,3260.15,3303.5,3246.24,3294.39,33375.831
1719252000000,3294.4,3312.0,3262.06,3303.77,18988.1649
1719255600000,3303.76,3314.9,3278.52,3293.07,18263.4063
1719259200000,3293.06,3330.0,3256.35,3311.64,31485.5188
1719262800000,3311.63,3355.3,3307.0,3351.77,20615.9165
1719266400000,3351.95,3353.54,3332.0,3332.67,8716.245
1719270000000,3332.68,3363.18,3330.13,3352.73,14301.2222
1719273600000,3352.74,3360.64,3342.24,3347.22,7686.7405
1719277200000,3347.23,3349.71,3336.76,3349.41,5949.6076
1719280800000,3349.42,3354.63,3338.98,3345.01,8586.6689
1719284400000,3344.97,3386.25,3342.24,3371.61,18755.557
1719288000000,3371.62,3393.99,3371.62,3390.9,12289.23
1719291600000,3390.9,3394.92,3368.99,3375.18,9124.6091
1719295200000,3375.18,3379.37,3367.98,3370.74,7603.7072
1719298800000,3370.62,3378.99,3357.01,3361.0,8116.4042
1719302400000,3361.0,3366.21,3345.79,3354.41,7778.31
1719306000000,3354.41,3394.31,3353.85,3383.17,10371.3544
1719309600000,3383.16,3385.12,3363.93,3377.61,10083.9239
1719313200000,3377.61,3387.13,3371.2,3376.01,6604.0835
1719316800000,3376.0,3380.36,3363.81,3366.01,9429.9688
1719320400000,3366.01,3381.59,3358.2,3367.5,8828.5552
1719324000000,3367.5,3413.76,3362.66,3402.35,33086.2463
1719327600000,3402.6,3425.37,3395.5,3419.6,21078.5512
1719331200000,3419.6,3424.89,3381.68,3383.18,10573.4471
1719334800000,3383.0,3406.48,3381.73,3388.79,7338.4009
1719338400000,3388.79,3423.4,3384.9,3417.77,11081.2159
1719342000000,3417.76,3430.88,3406.89,3415.66,7927.3189
1719345600000,3415.67,3418.84,3410.3,3411.24,4045.0099
1719349200000,3411.24,3411.4,3400.0,3401.39,4168.6023
1719352800000,3401.4,3415.89,3399.36,3403.14,5024.4144
1719356400000,3403.14,3406.0,3388.88,3394.91,4504.2964
1719360000000,3394.91,3398.2,3385.22,3388.45,3082.6268
1719363600000,3388.45,3422.5,3386.0,3415.95,9869.7943
1719367200000,3415.95,3426.75,3402.39,3404.51,6958.2928
1719370800000,3404.51,3408.66,3387.64,3395.15,6908.8061
1719374400000,3395.15,3398.0,3385.8,3387.42,6219.3453
1719378000000,3387.41,3395.0,3376.81,3388.12,7102.9149
1719381600000,3388.13,3394.8,3385.95,3388.61,4550.3168
1719385200000,3388.61,3406.0,3384.11,3401.8,8796.6733
1719388800000,3401.8,3402.85,3376.4,3384.21,8846.3507
1719392400000,3384.2,3386.96,3371.0,3379.0,10414.0222
1719396000000,3378.99,3381.91,3366.37,3374.5,8568.2084
1719399600000,3374.5,3383.94,3374.43,3381.44,4117.7959
1719403200000,3381.44,3386.67,3370.0,3372.01,5542.3619
1719406800000,3372.0,3391.0,3367.75,3388.71,7621.4752
1719410400000,3388.71,3396.53,3371.36,3378.01,10128.212
1719414000000,3378.01,3379.8,3346.0,3361.69,14979.4059
1719417600000,3361.68,3365.62,3347.81,3352.78,8558.8075
1719421200000,3352.78,3372.34,3325.01,3372.06,19429.5778
1719424800000,3372.06,3372.32,3354.82,3364.61,8696.293
1719428400000,3364.6,3410.0,3356.75,3408.08,21235.2985
1719432000000,3408.08,3417.43,3376.26,3391.59,10885.6629
1719435600000,3391.59,3394.0,3381.7,3390.17,3213.2317
1719439200000,3390.18,3393.95,3375.89,3380.34,7366.8757
1719442800000,3380.34,3381.67,3367.15,3371.44,3856.9922
1719446400000,3371.77,3375.42,3361.74,3372.35,4541.8407
1719450000000,3372.36,3382.41,3365.33,3380.2,4858.4503
1719453600000,3380.2,3388.0,3367.82,3387.21,5744.5371
1719457200000,3387.21,3393.0,3379.4,3383.8,6162.1319
1719460800000,3383.79,3388.41,3381.0,3385.44,4230.4326
1719464400000,3385.45,3387.8,3368.6,3369.21,4766.2571
1719468000000,3369.21,3377.19,3366.05,3373.23,7169.4535
1719471600000,3373.23,3380.42,3367.95,3374.98,5930.304
1719475200000,3374.98,3379.46,3368.7,3376.8,4994.0904
1719478800000,3376.79,3405.0,3374.21,3398.85,15510.1295
1719482400000,3398.85,3414.05,3394.37,3394.38,13854.906
1719486000000,3394.38,3409.5,3392.0,3403.46,7436.4329
1719489600000,3403.46,3445.12,3403.45,3435.96,24623.1481
1719493200000,3435.96,3466.69,3433.2,3461.39,23480.2826
1719496800000,3461.39,3477.0,3446.55,3448.31,16401.5496
1719500400000,3448.3,3455.97,3442.58,3452.75,9396.3608
1719504000000,3452.75,3457.0,3439.0,3451.33,6343.4978
1719507600000,3451.34,3464.23,3450.0,3461.84,4474.7536
1719511200000,3461.84,3467.5,3451.56,3454.99,5626.3695
1719514800000,3455.0,3457.58,3445.57,3449.79,7776.3547
1719518400000,3449.78,3453.11,3440.53,3444.01,8036.8159
1719522000000,3444.01,3449.68,3440.97,3448.21,3864.5461
1719525600000,3448.22,3455.06,3445.66,3451.26,3396.7725
1719529200000,3451.26,3452.8,3446.38,3450.44,2422.2437
1719532800000,3450.44,3454.33,3435.95,3439.58,5236.5897
1719536400000,3439.58,3487.7,3436.65,3484.23,14383.9025
1719540000000,3484.23,3485.28,3445.46,3450.06,9873.5536
1719543600000,3450.05,3466.34,3446.31,3460.5,6222.1813
1719547200000,3460.5,3461.07,3445.01,3459.6,6259.4606
1719550800000,3459.61,3459.61,3445.99,3448.61,5324.5009
1719554400000,3448.62,3455.79,3446.31,3455.19,4666.9911
1719558000000,3455.2,3455.2,3427.01,3431.82,10715.7939
1719561600000,3431.82,3439.2,3420.24,3439.0,9869.7243
1719565200000,3439.01,3443.96,3433.27,3441.36,5435.1741
1719568800000,3441.35,3451.27,3438.88,3446.81,8112.5401
1719572400000,3446.8,3461.39,3443.16,3452.78,7033.4663
1719576000000,3452.79,3473.21,3438.28,3440.48,21544.4566
1719579600000,3440.48,3476.73,3431.05,3445.91,13290.7516
1719583200000,3446.0,3459.94,3403.06,3412.9,21955.2497
1719586800000,3412.89,3420.0,3404.18,3413.61,10752.9981
1719590400000,3413.6,3416.6,3373.04,3397.77,21187.2266
1719594000000,3397.77,3405.2,3380.56,3385.4,7596.0714
1719597600000,3385.4,3390.31,3378.69,3384.77,3970.6623
1719601200000,3384.77,3386.9,3365.22,3379.74,11454.1148
1719604800000,3379.74,3394.15,3378.03,3390.19,4676.1663
1719608400000,3390.2,3390.2,3373.0,3383.01,3456.7618
1719612000000,3383.0,3384.54,3368.73,3374.32,4830.5739
1719615600000,3374.33,3384.25,3371.17,3380.15,3785.432
1719619200000,3380.15,3391.62,3380.01,3389.92,5753.1085
1719622800000,3389.91,3399.98,3387.76,3396.18,4735.1342
1719626400000,3396.18,3399.3,3384.13,3388.96,3551.2926
1719630000000,3388.97,3391.55,3384.01,3386.07,3706.4455
1719633600000,3386.06,3391.16,3383.21,3388.62,3093.2501
1719637200000,3388.63,3390.19,3381.56,3385.65,2396.0782
1719640800000,3385.66,3388.37,3383.4,3388.0,2600.9139
1719644400000,3388.0,3408.32,3387.99,3399.72,10862.7173
1719648000000,3399.72,3400.93,3387.59,3392.45,5012.5341
1719651600000,3392.45,3394.8,3387.2,3394.79,2846.1267
1719655200000,3394.8,3401.36,3393.61,3397.2,3188.1074
1719658800000,3397.21,3406.05,3394.22,3400.45,4302.0378
1719662400000,3400.45,3403.2,3390.0,3392.63,2628.3418
1719666000000,3392.62,3400.53,3390.95,3393.55,2949.6218
1719669600000,3393.56,3395.86,3383.0,3388.0,4630.7707
1719673200000,3388.0,3395.59,3383.29,3394.62,2743.3223
1719676800000,3394.62,3396.53,3383.0,3386.66,2424.189
1719680400000,3386.65,3390.5,3381.56,3389.25,2137.4476
1719684000000,3389.26,3390.1,3383.66,3390.01,1904.2071
1719687600000,3390.01,3392.31,3376.81,3387.02,3241.4928
1719691200000,3387.02,3389.71,3379.69,3384.22,3556.0666
1719694800000,3384.21,3389.01,3377.88,3389.0,4398.2761
1719698400000,3389.01,3389.01,3371.86,3376.67,4097.4869
1719702000000,3376.68,3383.4,3376.0,3378.8,1570.7961
1719705600000,3378.8,3389.61,3376.32,3385.99,4143.2095
1719709200000,3385.99,3387.54,3373.07,3376.15,5629.5622
1719712800000,3376.16,3377.44,3352.66,3362.36,9693.6014
1719716400000,3362.37,3373.86,3360.01,3371.28,4025.6047
1719720000000,3371.28,3373.0,3362.96,3363.57,2170.6346
1719723600000,3363.56,3367.77,3358.49,3367.09,3149.0748
1719727200000,3367.1,3377.63,3362.0,3377.63,3051.6972
1719730800000,3377.65,3400.0,3377.0,3394.03,12319.077
1719734400000,3394.03,3399.38,3389.8,3395.07,4828.3215
1719738000000,3395.08,3399.23,3389.34,3390.13,3974.1758
1719741600000,3390.13,3393.48,3386.02,3387.95,4214.7915
1719745200000,3387.97,3395.72,3387.53,3389.19,3459.8063
1719748800000,3389.19,3396.38,3379.81,3385.78,4748.0394
1719752400000,3385.79,3399.66,3385.79,3396.89,5341.6807
1719756000000,3396.89,3404.88,3391.73,3393.45,8073.4494
1719759600000,3393.46,3401.91,3393.45,3399.8,4384.757
1719763200000,3399.81,3402.38,3391.99,3393.0,3854.7296
1719766800000,3393.01,3421.31,3393.01,3413.39,10034.4893
1719770400000,3413.4,3427.64,3408.32,3424.36,6158.1908
1719774000000,3424.37,3434.0,3418.53,3428.41,5350.9924
1719777600000,3428.4,3435.0,3420.7,3420.7,5924.1914
1719781200000,3420.71,3422.82,3408.96,3413.22,4950.9261
1719784800000,3413.21,3460.0,3413.21,3450.65,14657.6942
1719788400000,3450.61,3456.4,3437.8,3438.16,7082.9217
1719792000000,3438.16,3445.41,3432.55,3443.02,6813.9913
1719795600000,3443.02,3520.0,3440.5,3519.4,35324.2734
1719799200000,3519.4,3524.94,3494.4,3502.28,18288.9898
1719802800000,3502.36,3508.38,3495.12,3498.23,7796.249
1719806400000,3498.23,3499.73,3485.04,3486.45,6267.5152
1719810000000,3486.45,3494.35,3485.03,3490.99,9360.3448
1719813600000,3490.99,3493.52,3484.44,3488.84,5797.0016
1719817200000,3488.84,3494.16,3486.13,3490.58,7000.0932
1719820800000,3490.59,3495.0,3473.0,3483.61,14116.0436
1719824400000,3483.61,3490.0,3476.06,3481.74,7182.1474
1719828000000,3481.74,3483.35,3465.93,3469.22,6155.1561
1719831600000,3469.21,3470.6,3457.59,3459.6,7610.4108
1719835200000,3459.61,3477.13,3458.61,3472.42,6678.5794
1719838800000,3472.43,3481.27,3453.0,3460.45,10922.2593
1719842400000,3460.46,3472.54,3453.71,3469.2,10544.5667
1719846000000,3469.21,3479.07,3465.38,3474.35,8422.5181
1719849600000,3474.35,3476.69,3463.81,3467.33,6975.8667
1719853200000,3467.33,3493.11,3462.09,3491.03,9890.5626
1719856800000,3491.03,3499.0,3472.14,3482.14,9135.1841
1719860400000,3482.15,3486.38,3467.02,3471.47,5601.7632
1719864000000,3471.47,3475.91,3465.25,3466.44,2984.603
1719867600000,3466.44,3468.31,3453.78,3459.8,3535.6688
1719871200000,3459.81,3461.79,3423.78,3443.54,12552.9328
1719874800000,3443.55,3447.0,3436.4,3442.2,5316.4913
1719878400000,3442.2,3446.46,3434.02,3443.95,5373.9292
1719882000000,3443.96,3449.94,3441.61,3448.6,3320.8507
1719885600000,3448.6,3456.6,3445.98,3450.84,3551.5341
1719889200000,3450.84,3464.12,3450.41,3457.03,4800.6248
1719892800000,3457.03,3463.95,3453.04,3454.22,5515.3904
1719896400000,3454.21,3460.94,3454.21,3458.61,3217.6745
1719900000000,3458.62,3459.01,3447.0,3448.72,5077.5919
1719903600000,3448.72,3448.72,3434.17,3439.0,9038.8152
1719907200000,3439.01,3447.0,3431.6,3441.71,7711.4884
1719910800000,3441.7,3451.79,3440.69,3446.2,3975.2557
1719914400000,3446.21,3454.0,3441.81,3451.9,5319.0755
1719918000000,3451.9,3454.73,3447.2,3453.26,2835.1644
1719921600000,3453.26,3459.51,3447.4,3451.28,4517.7231
1719925200000,3451.29,3462.5,3431.18,3438.39,11750.6852
1719928800000,3438.38,3442.4,3402.0,3410.76,22775.8092
1719932400000,3410.6,3420.0,3407.05,3415.65,5917.0589
1719936000000,3415.66,3417.88,3408.89,3415.72,6235.4693
1719939600000,3415.72,3424.55,3413.68,3424.54,3654.3627
1719943200000,3424.55,3433.65,3424.54,3430.0,3944.7524
1719946800000,3430.01,3432.16,3412.41,3415.37,4346.3504
1719950400000,3415.38,3422.75,3413.39,3420.8,2582.0663
1719954000000,3420.8,3428.58,3418.0,3420.9,4400.9386
1719957600000,3420.9,3425.95,3418.44,3424.69,5029.1383
1719961200000,3424.69,3428.5,3421.23,3421.35,3040.9522
1719964800000,3421.35,3432.1,3421.0,3424.43,4289.5041
1719968400000,3424.42,3425.94,3380.13,3393.99,16144.801
1719972000000,3394.15,3395.08,3371.7,3382.28,12220.7231
1719975600000,3382.28,3382.87,3331.23,3360.33,23821.7743
1719979200000,3360.34,3362.92,3352.96,3361.24,5159.0568
1719982800000,3361.24,3368.65,3359.08,3368.65,4191.15
1719986400000,3368.65,3373.2,3366.32,3371.4,5359.0206
1719990000000,3371.4,3371.41,3352.2,3352.2,5817.7466
1719993600000,3352.21,3356.98,3333.0,3338.8,17594.6657
1719997200000,3338.8,3351.93,3334.91,3341.44,8764.659
1720000800000,3341.44,3342.19,3281.63,3313.99,34800.7621
1720004400000,3313.99,3316.2,3291.74,3307.5,11812.6392
1720008000000,3307.51,3307.58,3275.48,3290.13,19514.9769
1720011600000,3290.12,3320.0,3281.14,3317.77,19073.0547
1720015200000,3317.77,3326.36,3306.48,3307.07,13589.0289
1720018800000,3307.06,3317.91,3294.02,3304.26,9598.1867
1720022400000,3304.16,3322.09,3297.0,3315.12,9938.6866
1720026000000,3315.13,3317.01,3292.4,3303.16,9011.4979
1720029600000,3303.15,3309.13,3293.66,3308.3,12422.7383
1720033200000,3308.3,3309.52,3254.49,3266.29,39076.4581
1720036800000,3266.2,3283.69,3251.0,3258.86,10633.1666
1720040400000,3259.08,3306.17,3251.46,3298.38,10032.4399
1720044000000,3298.38,3304.4,3293.77,3301.99,4610.9467
1720047600000,3302.0,3304.48,3295.0,3295.48,2930.7672
1720051200000,3295.49,3313.45,3295.49,3307.41,5459.0977
1720054800000,3307.41,3307.8,3203.24,3210.6,53250.1876
1720058400000,3210.59,3233.2,3155.0,3228.46,41353.4924
1720062000000,3228.47,3244.39,3223.5,3243.2,9982.3606
1720065600000,3243.2,3246.28,3226.77,3236.38,6379.5302
1720069200000,3236.38,3237.18,3223.1,3224.4,5753.0618
1720072800000,3224.4,3226.6,3192.73,3204.34,21110.3825
1720076400000,3204.34,3208.54,3170.22,3182.21,21019.3768
1720080000000,3182.21,3195.99,3144.14,3168.83,28171.2753
1720083600000,3168.84,3173.32,3126.6,3163.17,34159.6387
1720087200000,3163.17,3170.33,3132.57,3169.83,14530.395
1720090800000,3169.83,3178.85,3154.2,3159.45,9007.7068
1720094400000,3159.45,3160.8,3125.61,3132.59,15076.0264
1720098000000,3132.58,3147.44,3088.25,3126.4,48565.117
1720101600000,3126.4,3130.51,3091.0,3123.01,27277.9831
1720105200000,3123.01,3148.74,3108.61,3138.79,17965.4984
1720108800000,3138.79,3145.18,3113.18,3140.94,18075.3078
1720112400000,3140.94,3146.59,3134.08,3143.61,8664.702
1720116000000,3143.6,3146.5,3126.2,3130.96,7354.1282
1720119600000,3130.97,3152.64,3128.32,3133.82,6506.6329
1720123200000,3133.83,3144.2,3128.23,3144.19,5013.1039
1720126800000,3144.2,3168.35,3139.87,3163.0,5112.9929
1720130400000,3163.0,3169.79,3125.6,3128.09,7393.0921
1720134000000,3128.09,3129.18,3050.34,3059.7,33221.4791
1720137600000,3059.7,3110.0,3040.0,3105.32,49430.7138
1720141200000,3105.33,3108.6,3062.28,3095.78,15501.4766
1720144800000,3095.66,3095.66,2905.0,2930.08,88048.6605
1720148400000,2930.21,2957.57,2890.0,2920.99,137003.4474
1720152000000,2920.99,2928.47,2810.0,2866.0,120848.802
1720155600000,2866.0,2905.0,2853.42,2901.6,50151.193
1720159200000,2901.59,2902.15,2843.76,2862.35,45546.023
1720162800000,2862.36,2884.35,2847.67,2882.21,37453.7864
1720166400000,2882.21,2885.4,2849.2,2851.95,28628.5042
1720170000000,2851.95,2888.88,2820.0,2883.6,47478.2223
1720173600000,2883.6,2931.26,2873.29,2915.7,37856.1983
1720177200000,2915.7,2956.93,2913.99,2947.42,29805.6623
1720180800000,2947.42,2992.74,2923.16,2935.85,45845.7754
1720184400000,2935.85,2978.79,2922.7,2971.51,23137.0117
1720188000000,2971.52,2975.12,2936.65,2956.0,17236.3781
1720191600000,2956.0,3005.42,2949.54,2990.99,28947.1574
1720195200000,2990.99,3001.63,2961.99,2967.59,22520.7086
1720198800000,2967.6,2996.65,2960.91,2990.67,16133.5901
1720202400000,2990.68,2996.2,2958.15,2992.79,14720.3215
1720206000000,2992.78,2996.32,2980.04,2987.99,7394.0769
1720209600000,2987.98,2988.19,2963.86,2974.0,6763.446
1720213200000,2974.0,2988.12,2969.7,2978.0,4866.4706
1720216800000,2978.0,2989.22,2965.96,2977.34,6297.4634
1720220400000,2977.35,2993.2,2975.87,2981.78,5379.2858
1720224000000,2981.79,3026.45,2970.55,2987.22,17413.7262
1720227600000,2987.38,2988.78,2961.28,2962.4,10202.8157
1720231200000,2962.41,2986.52,2955.06,2980.23,7192.9269
1720234800000,2980.22,2984.27,2970.6,2980.01,5099.5409
1720238400000,2980.0,2982.58,2962.0,2962.37,5517.8116
1720242000000,2962.36,2978.4,2961.65,2971.89,5390.9876
1720245600000,2971.9,2998.6,2970.52,2991.64,7499.724
1720249200000,2991.63,3016.37,2989.72,3004.69,14616.0206
1720252800000,3004.69,3016.0,2997.8,3002.66,12650.3914
1720256400000,3002.66,3006.55,2985.06,3004.31,22262.7138
1720260000000,3004.31,3014.08,2998.39,3008.76,5681.2396
1720263600000,3008.77,3012.37,3003.32,3005.65,4234.4449
1720267200000,3005.66,3009.85,2989.49,3001.76,6289.9107
1720270800000,3001.76,3020.0,2995.45,3007.73,9046.3154
1720274400000,3007.73,3016.25,2995.32,3011.93,8353.6931
1720278000000,3011.92,3030.0,3007.64,3020.0,9867.6095
1720281600000,3020.0,3065.94,3016.31,3051.04,19866.7961
1720285200000,3051.03,3055.59,3040.29,3050.72,7810.6341
1720288800000,3050.73,3060.56,3045.6,3055.05,6174.8783
1720292400000,3055.05,3064.0,3048.0,3058.21,6283.5024
1720296000000,3058.2,3075.49,3056.47,3063.39,7531.8432
1720299600000,3063.39,3081.78,3057.0,3057.02,7291.1911
1720303200000,3057.01,3066.94,3057.01,3064.37,3382.642
1720306800000,3064.38,3078.89,3061.8,3066.83,4826.6122
1720310400000,3066.83,3068.94,3046.69,3047.81,8097.7693
1720314000000,3047.81,3059.06,3039.4,3053.36,5202.5314
1720317600000,3053.35,3073.08,3052.75,3066.99,4081.1705
1720321200000,3067.0,3067.4,3041.4,3050.76,6517.5206
1720324800000,3050.76,3050.77,3027.44,3029.79,7842.4729
1720328400000,3029.79,3036.38,3016.25,3030.14,8395.5511
1720332000000,3030.13,3038.93,3028.47,3028.69,3369.934
1720335600000,3028.7,3031.98,2993.51,3004.42,10378.0187
1720339200000,3004.42,3013.81,3004.12,3012.99,6660.4298
1720342800000,3012.99,3019.3,3006.96,3014.99,5083.7032
1720346400000,3014.99,3032.18,3008.68,3014.77,4208.7978
1720350000000,3014.77,3019.82,3009.35,3015.51,3891.0255
1720353600000,3015.52,3024.05,2997.0,3009.71,4666.0637
1720357200000,3009.7,3009.71,2967.7,2973.8,18798.1082
1720360800000,2973.81,2974.51,2955.12,2962.58,10595.749
1720364400000,2962.57,2978.59,2960.4,2970.99,7750.5235
1720368000000,2970.99,2992.04,2963.89,2990.79,5496.582
1720371600000,2990.8,2999.16,2976.65,2995.18,4820.3991
1720375200000,2995.17,3009.58,2984.02,2988.11,7910.5298
1720378800000,2988.1,2990.0,2981.43,2985.19,3033.0789
1720382400000,2985.2,3000.72,2978.94,2999.0,4413.7824
1720386000000,2999.01,2999.48,2928.61,2959.72,17603.0533
1720389600000,2959.71,2969.15,2937.02,2937.6,9298.7507
1720393200000,2937.6,2948.76,2922.24,2931.0,11777.2158
1720396800000,2930.99,2951.89,2883.82,2887.0,27980.8408
1720400400000,2887.0,2889.47,2822.8,2856.94,56040.8292
1720404000000,2856.94,2895.45,2840.0,2889.52,17740.0459
1720407600000,2889.52,2896.97,2866.0,2879.71,9838.6427
1720411200000,2879.71,2917.11,2875.22,2913.99,11928.0009
1720414800000,2914.0,2921.51,2902.11,2917.01,10008.7746
1720418400000,2917.01,2932.79,2902.9,2912.63,9587.4002
1720422000000,2912.63,2928.3,2902.16,2927.0,8992.8521
1720425600000,2927.02,3065.56,2922.71,3057.26,48794.514
1720429200000,3057.25,3097.06,3042.0,3051.02,32565.8714
1720432800000,3051.02,3070.0,3007.14,3014.06,21256.557
1720436400000,3014.06,3064.83,3009.52,3053.97,15579.4708
1720440000000,3053.98,3064.71,3038.0,3049.59,10797.6519
1720443600000,3049.59,3060.68,3018.81,3038.0,20973.4707
1720447200000,3038.0,3046.96,2890.0,2982.41,86306.4827
1720450800000,2982.41,3036.17,2966.11,2969.21,37949.4683
1720454400000,2969.21,2993.61,2945.4,2971.94,15084.3646
1720458000000,2971.93,2988.78,2952.91,2984.77,9525.4719
1720461600000,2984.78,3001.18,2974.11,2991.58,7602.13
1720465200000,2991.58,3009.88,2982.63,3004.59,6389.6579
1720468800000,3004.6,3015.6,2992.4,2997.59,8934.6989
1720472400000,2997.59,3028.6,2981.82,3026.06,16044.797
1720476000000,3026.05,3046.0,3020.49,3024.69,6783.9852
1720479600000,3024.68,3034.15,3015.2,3019.01,3739.0318
1720483200000,3019.01,3035.63,3004.0,3023.83,7826.2032
1720486800000,3023.83,3076.74,3017.52,3028.92,21707.308
1720490400000,3028.93,3074.77,3013.55,3074.09,10979.1313
1720494000000,3074.08,3074.31,3043.8,3064.45,10660.1096
1720497600000,3064.45,3085.76,3058.72,3070.54,12446.4072
1720501200000,3070.54,3074.8,3054.14,3068.08,5591.3537
1720504800000,3068.08,3090.38,3061.6,3074.69,9534.7657
1720508400000,3074.69,3080.42,3058.19,3061.93,12336.6223
1720512000000,3061.94,3115.2,3054.99,3083.79,21706.9093
1720515600000,3083.79,3100.7,3080.66,3088.16,7207.5383
1720519200000,3088.16,3098.64,3073.32,3081.6,5760.199
1720522800000,3081.61,3092.5,3063.13,3083.47,6373.7989
1720526400000,3083.45,3087.51,3068.72,3070.33,5062.3323
1720530000000,3070.64,3078.28,3049.38,3068.55,18712.2109
1720533600000,3068.55,3108.72,3031.06,3045.32,33501.1998
1720537200000,3045.32,3069.4,3036.13,3067.83,15720.2526
1720540800000,3067.83,3089.34,3061.33,3076.32,28665.5795
1720544400000,3076.32,3079.64,3046.99,3052.03,7518.7129
1720548000000,3052.04,3081.68,3047.05,3060.25,13302.3371
1720551600000,3060.25,3070.0,3054.6,3068.99,4221.1723
1720555200000,3069.0,3079.2,3064.0,3071.99,4999.7439
1720558800000,3072.0,3073.17,3057.77,3060.88,3940.0413
1720562400000,3060.89,3077.02,3046.32,3059.72,8971.1544
1720566000000,3059.72,3070.0,3056.39,3066.65,3613.0589
1720569600000,3066.65,3066.84,3026.32,3033.2,10578.0807
1720573200000,3033.19,3069.0,3024.0,3059.04,8748.5049
1720576800000,3059.05,3072.4,3049.43,3071.08,6209.016
1720580400000,3071.09,3082.46,3068.04,3080.0,4190.8393
1720584000000,3080.0,3129.89,3080.0,3118.8,26910.6963
1720587600000,3118.79,3124.19,3097.22,3102.3,11241.6441
1720591200000,3102.29,3113.82,3094.4,3110.42,8997.6282
1720594800000,3110.42,3111.82,3088.12,3097.08,7597.9871
1720598400000,3097.07,3099.82,3079.41,3087.52,6769.323
1720602000000,3087.52,3091.13,3078.43,3088.22,6264.3282
1720605600000,3088.33,3109.1,3081.57,3103.01,8959.0679
1720609200000,3102.96,3106.34,3088.89,3102.22,5646.5012
1720612800000,3102.22,3112.86,3077.76,3109.79,14665.6973
1720616400000,3109.79,3121.95,3091.31,3106.25,22345.8095
1720620000000,3106.27,3120.4,3092.67,3100.77,19415.6904
1720623600000,3100.78,3129.61,3090.0,3122.76,21221.3814
1720627200000,3122.76,3151.51,3114.32,3120.01,24356.3301
1720630800000,3120.01,3123.2,3095.99,3102.8,14259.4778
1720634400000,3102.79,3110.0,3094.0,3102.0,5727.4927
1720638000000,3101.84,3110.65,3090.17,3107.03,4719.2768
1720641600000,3107.03,3112.1,3090.25,3096.01,12333.5272
1720645200000,3096.01,3102.78,3080.21,3096.0,11557.7329
1720648800000,3096.0,3108.24,3095.6,3100.94,5476.3988
1720652400000,3100.95,3107.54,3097.13,3101.05,2634.6526
1720656000000,3101.06,3103.38,3085.7,3100.9,4686.6054
1720659600000,3100.91,3130.0,3089.08,3121.79,9145.1223
1720663200000,3121.79,3125.12,3096.6,3104.03,7872.2155
1720666800000,3104.03,3107.74,3054.76,3077.2,13207.3988
1720670400000,3077.2,3088.78,3073.99,3084.7,3606.8987
1720674000000,3084.74,3100.0,3082.45,3098.22,4394.3563
1720677600000,3098.21,3110.0,3093.79,3105.54,6007.4883
1720681200000,3105.55,3124.15,3103.12,3118.22,8662.4603
1720684800000,3118.22,3130.5,3114.52,3122.85,6259.9607
1720688400000,3122.85,3146.91,3119.8,3143.79,12698.3438
1720692000000,3143.8,3156.88,3136.75,3145.0,12364.2273
1720695600000,3145.0,3156.93,3132.89,3147.04,9268.9688
1720699200000,3147.04,3217.24,3127.53,3192.5,60428.4026
1720702800000,3192.49,3192.58,3157.29,3180.68,16736.2239
1720706400000,3180.68,3185.0,3127.74,3149.21,22349.3996
1720710000000,3149.21,3157.49,3104.52,3117.95,17441.8668
1720713600000,3117.95,3137.55,3097.3,3125.75,14697.2997
1720717200000,3125.75,3141.28,3120.04,3131.19,5626.2458
1720720800000,3131.19,3148.58,3129.34,3138.0,17255.8385
1720724400000,3137.99,3139.32,3106.25,3107.11,5687.8089
1720728000000,3107.11,3116.58,3088.98,3115.5,11679.5068
1720731600000,3115.5,3123.7,3101.72,3109.76,8035.4087
1720735200000,3109.76,3110.86,3094.36,3102.98,5146.3823
1720738800000,3102.99,3105.69,3086.0,3099.57,5970.8902
1720742400000,3099.57,3117.92,3090.51,3093.68,6115.1494
1720746000000,3093.68,3106.31,3055.11,3088.51,12836.827
1720749600000,3088.32,3109.84,3085.22,3107.21,7810.3999
1720753200000,3107.21,3108.78,3081.51,3085.74,5621.82
1720756800000,3085.62,3089.87,3064.62,3083.55,5149.8341
1720760400000,3083.55,3087.94,3075.43,3082.72,3659.3311
1720764000000,3082.65,3098.46,3081.2,3092.16,3182.1468
1720767600000,3092.15,3098.67,3057.87,3072.3,8239.1909
1720771200000,3072.3,3086.24,3067.67,3081.09,9622.4977
1720774800000,3081.09,3081.4,3048.0,3058.47,9191.2075
1720778400000,3058.48,3072.71,3045.58,3071.16,8451.5334
1720782000000,3071.15,3074.56,3064.32,3070.0,5241.6553
1720785600000,3070.0,3081.84,3057.58,3075.37,11881.2062
1720789200000,3075.37,3125.42,3074.0,3119.15,13208.2209
1720792800000,3119.16,3127.9,3110.3,3118.26,9788.4814
1720796400000,3118.27,3139.74,3115.42,3131.34,7754.6728
1720800000000,3131.34,3147.21,3116.5,3139.0,6658.1146
1720803600000,3139.01,3157.89,3132.3,3143.3,11633.5641
1720807200000,3143.3,3153.87,3132.44,3142.08,5616.093
1720810800000,3141.97,3144.0,3112.47,3116.1,8774.4593
1720814400000,3116.1,3120.32,3090.0,3109.38,11315.6438
1720818000000,3109.37,3127.64,3108.0,3119.56,7104.2608
1720821600000,3119.44,3131.79,3116.84,3127.28,4440.8922
1720825200000,3127.28,3135.4,3125.05,3133.88,2447.9803
1720828800000,3133.89,3138.05,3126.26,3132.96,2838.2449
1720832400000,3132.96,3140.4,3129.2,3129.65,2831.5941
1720836000000,3129.65,3129.65,3122.33,3127.79,4549.0151
1720839600000,3127.79,3130.32,3120.3,3120.94,3826.9145
1720843200000,3120.95,3121.0,3113.37,3115.72,1969.0402
1720846800000,3115.72,3139.06,3113.54,3133.61,6396.9633
1720850400000,3133.62,3142.62,3130.59,3135.41,4360.2943
1720854000000,3135.41,3141.49,3134.36,3140.21,2862.2697
1720857600000,3140.2,3140.84,3129.24,3129.41,3156.5231
1720861200000,3129.41,3171.0,3128.99,3166.0,14394.765
1720864800000,3165.99,3169.23,3149.5,3158.4,8016.1293
1720868400000,3158.4,3160.89,3151.48,3156.84,3139.3175
1720872000000,3156.84,3165.67,3152.41,3157.41,4766.4397
1720875600000,3157.41,3159.63,3146.87,3154.28,4256.2572
1720879200000,3154.28,3154.38,3140.94,3154.37,5629.4888
1720882800000,3154.37,3160.66,3149.74,3154.87,4110.8819
1720886400000,3154.86,3162.73,3149.7,3152.1,3647.5939
1720890000000,3152.1,3156.57,3146.85,3156.57,3045.1955
1720893600000,3156.58,3160.66,3148.15,3153.21,2999.221
1720897200000,3153.21,3165.32,3152.5,3163.75,2044.4622
1720900800000,3163.75,3168.42,3159.18,3162.73,2142.8179
1720904400000,3162.73,3165.4,3160.43,3165.4,1766.4914
1720908000000,3165.39,3196.8,3144.26,3191.92,14978.3524
1720911600000,3191.95,3201.8,3172.09,3175.93,11574.204
1720915200000,3175.93,3193.61,3172.89,3187.58,8593.4254
1720918800000,3187.58,3188.47,3173.2,3186.69,6531.2775
1720922400000,3186.69,3188.49,3163.67,3172.87,4187.9389
1720926000000,3172.87,3179.9,3169.72,3172.75,3876.7195
1720929600000,3172.74,3200.0,3171.22,3193.36,9021.2846
1720933200000,3193.37,3206.7,3185.03,3201.24,11739.1533
1720936800000,3201.24,3204.56,3186.85,3190.6,4987.5191
1720940400000,3190.6,3202.01,3187.24,3195.4,5755.945
1720944000000,3195.4,3220.9,3195.4,3210.47,8126.0996
1720947600000,3210.47,3225.13,3206.5,3212.97,8969.7764
1720951200000,3212.98,3217.2,3197.0,3197.78,7034.3815
1720954800000,3197.79,3206.12,3197.32,3202.84,5285.6739
1720958400000,3202.85,3203.82,3188.88,3189.51,6160.6878
1720962000000,3189.52,3195.35,3183.23,3184.05,5384.8037
1720965600000,3184.06,3204.48,3173.68,3192.01,7645.1373
1720969200000,3192.01,3196.78,3181.53,3190.48,5518.6766
1720972800000,3190.47,3197.9,3185.84,3196.29,3655.7097
1720976400000,3196.29,3197.15,3183.99,3190.28,5510.4887
1720980000000,3190.28,3191.83,3183.31,3186.26,3565.7551
1720983600000,3186.27,3191.3,3186.0,3190.9,2440.0456
1720987200000,3190.9,3206.89,3190.24,3200.22,4212.002
1720990800000,3200.22,3255.5,3195.61,3254.42,15694.2858
1720994400000,3254.42,3265.54,3240.49,3245.89,13230.331
1720998000000,3245.89,3268.72,3238.68,3245.08,8303.6536
1721001600000,3245.2,3287.6,3233.22,3278.08,13306.1923
1721005200000,3278.12,3300.0,3270.61,3273.2,12349.8649
1721008800000,3273.19,3339.55,3268.01,3331.44,26506.225
1721012400000,3331.44,3342.19,3316.99,3329.37,10005.4884
1721016000000,3329.37,3339.0,3320.78,3336.43,12866.107
1721019600000,3336.43,3346.34,3328.8,3335.05,8431.7027
1721023200000,3335.06,3363.96,3331.27,3349.15,16919.4918
1721026800000,3349.15,3369.42,3342.8,3355.95,13828.2243
1721030400000,3355.96,3373.0,3345.8,3352.79,12175.7887
1721034000000,3352.79,3363.04,3339.84,3348.66,9805.6346
1721037600000,3348.64,3352.0,3331.53,3335.71,6402.6646
1721041200000,3335.72,3345.25,3328.0,3339.68,7518.2108
1721044800000,3339.68,3353.21,3333.33,3343.66,6208.1677
1721048400000,3343.66,3361.81,3337.25,3356.78,8280.2637
1721052000000,3356.78,3376.31,3344.32,3372.48,9667.8908
1721055600000,3372.48,3393.69,3362.2,3367.83,17228.5078
1721059200000,3367.82,3404.66,3358.21,3389.11,13761.4697
1721062800000,3389.11,3401.95,3375.11,3383.0,12043.5558
1721066400000,3383.01,3412.2,3375.88,3396.54,9093.0987
1721070000000,3396.53,3431.92,3379.0,3406.0,29871.166
1721073600000,3406.0,3445.6,3403.21,3432.82,13731.3761
1721077200000,3432.8,3436.68,3417.02,3420.41,8024.0508
1721080800000,3420.41,3493.63,3420.1,3472.74,23437.7908
1721084400000,3472.75,3493.0,3464.25,3483.39,12833.9122
1721088000000,3483.2,3498.59,3462.0,3469.19,13987.3936
1721091600000,3469.19,3485.42,3461.95,3479.09,9857.9398
1721095200000,3479.09,3480.0,3453.96,3465.81,11917.479
1721098800000,3465.81,3472.73,3458.41,3469.51,7427.4667
1721102400000,3469.51,3478.52,3452.65,3459.36,8734.4912
1721106000000,3459.36,3465.76,3403.57,3415.96,27162.8748
1721109600000,3415.97,3434.77,3384.58,3398.99,24372.343
1721113200000,3398.99,3415.26,3372.2,3376.8,25115.6255
1721116800000,3376.8,3390.4,3346.55,3374.83,18396.4543
1721120400000,3374.83,3400.0,3366.52,3394.63,13554.4307
1721124000000,3394.63,3425.0,3388.64,3409.0,11687.258
1721127600000,3408.99,3424.29,3397.05,3419.79,9093.0537
1721131200000,3419.78,3432.46,3396.78,3403.14,14683.0036
1721134800000,3403.13,3422.2,3392.86,3396.25,10993.5207
1721138400000,3396.25,3415.95,3375.6,3413.67,14715.5747
1721142000000,3413.67,3484.73,3412.8,3476.25,32532.1572
1721145600000,3476.21,3494.38,3441.61,3465.59,34093.309
1721149200000,3465.59,3469.94,3448.72,3458.84,9386.6527
1721152800000,3458.85,3470.45,3449.39,3462.22,11611.4578
1721156400000,3462.22,3484.66,3453.8,3474.4,20262.1766
1721160000000,3474.4,3475.0,3435.6,3438.14,10864.0358
1721163600000,3438.13,3445.77,3425.13,3436.52,9519.6873
1721167200000,3436.51,3439.33,3414.31,3428.67,14849.5734
1721170800000,3428.66,3460.2,3426.88,3444.13,11310.8278
1721174400000,3444.14,3470.35,3441.86,3464.9,13632.8833
1721178000000,3464.91,3517.0,3464.36,3482.34,26741.6569
1721181600000,3482.33,3493.28,3472.75,3477.94,11037.2153
1721185200000,3477.94,3488.44,3464.67,3480.25,11775.7632
1721188800000,3480.25,3496.0,3471.99,3496.0,7519.6127
1721192400000,3496.0,3514.54,3489.81,3498.41,15655.9081
1721196000000,3498.38,3508.4,3482.59,3491.62,12203.1165
1721199600000,3491.63,3495.25,3479.42,3486.22,8958.7393
1721203200000,3486.23,3500.0,3463.41,3480.81,16952.5625
1721206800000,3480.81,3498.91,3479.0,3491.68,10079.4484
1721210400000,3491.68,3491.68,3478.68,3479.61,6192.1551
1721214000000,3479.61,3481.11,3440.96,3449.03,23543.3594
1721217600000,3449.03,3463.45,3444.57,3454.75,8621.2288
1721221200000,3454.75,3475.5,3437.69,3467.8,16012.3423
1721224800000,3467.81,3473.03,3446.14,3456.85,15315.0257
1721228400000,3456.85,3467.32,3432.49,3437.17,12750.0267
1721232000000,3437.18,3438.92,3376.0,3401.78,32673.8955
1721235600000,3401.77,3418.79,3388.23,3408.49,9048.9411
1721239200000,3408.49,3420.37,3405.71,3417.49,6093.9991
1721242800000,3417.5,3427.64,3412.51,3416.79,8177.3285
1721246400000,3416.79,3428.4,3412.68,3415.93,5154.5242
1721250000000,3415.93,3419.0,3389.78,3412.39,9062.665
1721253600000,3412.39,3415.77,3390.27,3395.18,6128.21
1721257200000,3395.18,3406.2,3385.5,3387.05,4481.9086
1721260800000,3387.05,3416.77,3383.43,3410.68,9811.0582
1721264400000,3410.68,3425.36,3408.62,3422.22,5850.0261
1721268000000,3422.23,3441.49,3394.5,3424.64,12946.5766
1721271600000,3424.64,3433.5,3418.71,3431.4,8674.5218
1721275200000,3431.4,3432.16,3415.17,3418.05,6164.1208
1721278800000,3418.05,3433.03,3408.95,3423.38,8387.1618
1721282400000,3423.39,3454.08,3419.0,3447.4,9002.3977
1721286000000,3447.41,3450.0,3432.49,3433.0,6769.5017
1721289600000,3433.0,3458.84,3431.34,3458.83,10577.418
1721293200000,3458.82,3461.01,3447.08,3451.66,8906.458
1721296800000,3451.67,3451.67,3435.04,3444.0,8011.1594
1721300400000,3444.0,3459.52,3437.36,3458.83,8735.3845
1721304000000,3458.83,3475.0,3453.89,3472.42,11865.1047
1721307600000,3472.41,3489.98,3458.85,3467.39,16467.3457
1721311200000,3467.38,3477.46,3420.2,3431.87,19140.715
1721314800000,3431.87,3431.87,3385.01,3389.28,23766.8766
1721318400000,3389.29,3420.6,3367.2,3420.4,17004.7309
1721322000000,3420.4,3424.24,3398.55,3399.21,16654.0772
1721325600000,3399.21,3408.84,3388.5,3405.54,9502.9002
1721329200000,3405.54,3412.73,3385.5,3405.6,8674.6627
1721332800000,3405.59,3415.57,3397.44,3414.87,3221.5161
1721336400000,3414.88,3422.54,3412.4,3421.76,2846.5252
1721340000000,3421.77,3436.73,3420.59,3433.59,5984.272
1721343600000,3433.6,3437.3,3425.88,3426.5,2985.8348
1721347200000,3426.49,3428.75,3402.54,3404.71,7013.9161
1721350800000,3404.72,3416.14,3384.04,3414.87,7318.5686
1721354400000,3414.87,3419.34,3401.05,3407.14,7080.0073
1721358000000,3407.14,3432.92,3404.53,3429.59,9589.5082
1721361600000,3429.59,3434.4,3421.04,3421.05,5344.5837
1721365200000,3421.05,3428.5,3416.51,3424.2,4078.314
1721368800000,3424.19,3450.5,3422.8,3439.98,8563.2509
1721372400000,3439.98,3440.86,3386.69,3391.59,22100.9231
1721376000000,3391.59,3402.01,3377.0,3394.94,15153.5721
1721379600000,3394.94,3410.77,3384.0,3387.75,7115.2424
1721383200000,3387.75,3412.0,3380.85,3400.8,8206.8269
1721386800000,3400.81,3407.01,3394.77,3404.54,6185.9728
1721390400000,3404.55,3418.4,3398.88,3414.87,5434.2194
1721394000000,3414.84,3446.42,3395.99,3437.36,21209.2928
1721397600000,3437.36,3473.32,3430.66,3468.01,32150.971
1721401200000,3468.01,3474.99,3439.68,3465.0,17585.4783
1721404800000,3465.0,3500.0,3464.99,3490.94,31237.2078
1721408400000,3490.94,3514.7,3484.21,3500.62,19805.4171
1721412000000,3500.61,3510.0,3491.52,3502.44,8999.5323
1721415600000,3502.45,3540.27,3502.45,3522.97,22167.4107
1721419200000,3522.98,3524.11,3492.54,3504.44,14963.1351
1721422800000,3504.44,3525.96,3504.06,3511.53,8591.9954
1721426400000,3511.53,3519.57,3505.0,3508.34,5572.676
1721430000000,3508.35,3515.96,3499.29,3503.53,4043.6202
1721433600000,3503.53,3508.49,3480.83,3484.9,8058.1316
1721437200000,3484.9,3496.86,3480.0,3484.43,6362.1077
1721440800000,3484.43,3495.73,3481.0,3493.73,5839.6395
1721444400000,3493.74,3502.4,3493.44,3495.01,5034.9162
1721448000000,3495.01,3508.18,3491.95,3507.84,4791.8825
1721451600000,3507.84,3507.84,3496.22,3501.61,3498.0476
1721455200000,3501.62,3504.64,3500.54,3501.6,2718.7531
1721458800000,3501.61,3503.34,3487.39,3487.4,13373.2528
1721462400000,3487.39,3494.09,3480.5,3485.85,5861.9318
1721466000000,3485.84,3494.59,3481.47,3484.4,5076.7322
1721469600000,3484.41,3490.81,3480.77,3488.93,4941.094
1721473200000,3488.92,3491.9,3481.25,3484.81,3850.1501
1721476800000,3484.81,3496.62,3484.43,3492.11,3905.6691
1721480400000,3492.11,3498.2,3481.2,3490.68,7673.3736
1721484000000,3490.69,3507.84,3488.81,3497.41,7296.1032
1721487600000,3497.41,3507.7,3494.66,3503.72,5263.3317
1721491200000,3503.71,3513.4,3490.53,3498.2,6956.131
1721494800000,3498.19,3539.65,3492.38,3527.16,20784.9501
1721498400000,3527.17,3538.0,3517.0,3531.01,6373.3552
1721502000000,3531.01,3536.5,3508.81,3514.45,6826.1725
1721505600000,3514.44,3526.22,3514.44,3522.27,2104.3959
1721509200000,3522.28,3523.0,3500.2,3515.09,4468.0412
1721512800000,3515.09,3522.78,3508.0,3514.2,3624.8436
1721516400000,3514.19,3522.02,3513.37,3517.5,2827.8103
1721520000000,3517.5,3528.8,3503.7,3507.9,5048.9445
1721523600000,3507.89,3523.09,3507.1,3515.99,3317.101
1721527200000,3515.98,3522.45,3514.12,3514.25,2563.0157
1721530800000,3514.25,3520.55,3510.23,3510.47,2678.8735
1721534400000,3510.47,3513.6,3503.48,3504.87,2854.6251
1721538000000,3504.87,3505.99,3494.0,3501.0,3591.6965
1721541600000,3500.99,3503.74,3483.38,3487.04,7559.9828
1721545200000,3487.04,3490.25,3476.6,3485.01,8400.873
1721548800000,3485.0,3492.78,3483.8,3488.59,3485.0414
1721552400000,3488.6,3503.72,3487.13,3501.1,5340.4384
1721556000000,3501.1,3507.21,3494.45,3494.46,4182.5926
1721559600000,3494.46,3498.79,3490.35,3498.79,2415.5528
1721563200000,3498.79,3503.99,3495.15,3500.2,3045.161
1721566800000,3500.2,3502.63,3482.47,3491.09,4956.8408
1721570400000,3491.09,3517.1,3484.0,3510.74,9436.8674
1721574000000,3510.74,3516.79,3495.49,3499.95,8867.6353
1721577600000,3499.95,3520.0,3487.1,3517.42,10902.3373
1721581200000,3517.43,3526.12,3450.1,3468.6,24613.7506
1721584800000,3468.61,3485.89,3411.4,3463.7,42096.9117
1721588400000,3463.7,3497.64,3458.19,3490.72,12731.3963
1721592000000,3490.72,3523.73,3482.6,3497.8,17503.085
1721595600000,3497.8,3520.4,3490.45,3520.4,11803.2514
1721599200000,3520.39,3547.0,3518.88,3533.49,14570.4414
1721602800000,3533.48,3545.69,3521.81,3535.92,6924.5501
1721606400000,3535.93,3562.82,3529.42,3543.32,13230.789
1721610000000,3543.32,3544.95,3522.67,3527.59,8878.6258
1721613600000,3527.59,3540.0,3519.33,3534.45,6958.4045
1721617200000,3534.45,3536.11,3515.27,3517.33,5440.9359
1721620800000,3517.34,3523.58,3510.6,3516.1,6848.867
1721624400000,3516.1,3516.81,3485.0,3495.79,9959.0445
1721628000000,3495.79,3500.84,3459.6,3477.07,12799.2655
1721631600000,3477.07,3484.6,3465.0,3478.89,7304.0337
1721635200000,3478.9,3488.0,3470.17,3475.2,6924.3694
1721638800000,3475.21,3493.09,3469.0,3493.09,5695.9002
1721642400000,3493.1,3499.28,3488.2,3492.25,3571.2415
1721646000000,3492.26,3503.85,3486.06,3500.31,4151.5291
1721649600000,3500.3,3507.35,3492.19,3498.59,6007.0536
1721653200000,3498.6,3506.0,3462.67,3466.99,14737.0546
1721656800000,3466.99,3477.77,3443.7,3448.77,19479.1494
1721660400000,3448.76,3466.4,3435.6,3457.15,11265.5288
1721664000000,3457.15,3471.52,3444.86,3453.57,7084.4936
1721667600000,3453.58,3471.6,3450.02,3470.59,6491.6379
1721671200000,3470.6,3479.47,3463.93,3472.8,6418.325
1721674800000,3472.81,3498.63,3468.4,3498.14,6572.8033
1721678400000,3498.18,3499.53,3477.48,3489.15,9234.7849
1721682000000,3489.16,3489.79,3446.08,3461.51,11196.8848
1721685600000,3461.52,3462.52,3435.6,3448.18,8875.1818
1721689200000,3448.18,3450.44,3422.34,3439.6,8733.6005
1721692800000,3439.61,3479.96,3435.43,3468.91,13750.3379
1721696400000,3468.91,3490.14,3460.12,3481.01,13547.4415
1721700000000,3481.01,3489.99,3468.49,3486.88,9939.2855
1721703600000,3486.87,3488.41,3471.77,3474.99,6465.0006
1721707200000,3474.99,3483.45,3446.59,3454.81,10085.0611
1721710800000,3454.81,3459.08,3425.0,3441.67,17756.4743
1721714400000,3441.67,3461.8,3432.42,3445.39,13655.2076
1721718000000,3445.4,3457.13,3439.4,3454.84,9549.0264
1721721600000,3454.85,3532.38,3452.09,3521.47,45068.7747
1721725200000,3521.48,3541.0,3512.31,3521.99,26167.4226
1721728800000,3522.0,3529.0,3505.92,3506.01,15634.6536
1721732400000,3506.01,3521.38,3481.01,3516.0,19726.5134
1721736000000,3516.01,3518.8,3486.48,3506.27,13141.7933
1721739600000,3506.28,3513.96,3429.59,3440.26,51233.3124
1721743200000,3440.27,3496.67,3437.8,3488.62,28669.4858
1721746800000,3488.62,3488.72,3437.0,3454.38,32063.1713
1721750400000,3454.38,3469.44,3402.55,3403.49,36921.135
1721754000000,3403.49,3429.99,3389.0,3427.97,24809.7174
1721757600000,3427.96,3452.77,3418.89,3446.26,13944.5442
1721761200000,3446.26,3496.49,3445.27,3457.03,33369.9042
1721764800000,3457.03,3489.34,3454.94,3481.65,17426.4676
1721768400000,3481.65,3490.34,3467.24,3467.25,8423.3044
1721772000000,3467.24,3496.5,3456.9,3482.39,18385.7597
1721775600000,3482.4,3500.0,3465.01,3482.51,20834.9866
1721779200000,3482.51,3487.82,3464.33,3464.33,9525.8369
1721782800000,3464.32,3478.04,3436.85,3443.61,21901.2594
1721786400000,3443.61,3451.52,3427.4,3449.81,11334.1082
1721790000000,3449.81,3459.96,3440.42,3448.36,8846.3884
1721793600000,3448.36,3449.58,3432.4,3440.01,7679.6066
1721797200000,3440.01,3444.7,3429.61,3441.68,4955.3696
1721800800000,3441.68,3450.34,3437.09,3440.41,4825.8592
1721804400000,3440.41,3451.74,3437.4,3446.69,5166.3047
1721808000000,3446.69,3462.61,3443.17,3460.16,9770.3155
1721811600000,3460.17,3462.35,3453.2,3459.96,7050.9037
1721815200000,3459.96,3472.33,3457.68,3469.63,7019.5321
1721818800000,3469.64,3472.11,3458.56,3459.63,4954.3426
1721822400000,3459.63,3466.86,3444.05,3447.92,7926.9313
1721826000000,3447.9,3471.54,3438.55,3441.02,12048.8347
1721829600000,3441.02,3459.0,3429.82,3435.65,21588.1939
1721833200000,3435.64,3437.18,3409.01,3414.87,18972.1117
1721836800000,3414.87,3426.32,3401.53,3420.8,8857.6896
1721840400000,3420.81,3432.4,3417.08,3418.02,5335.1853
1721844000000,3418.05,3424.66,3371.0,3383.19,17681.2713
1721847600000,3383.19,3401.92,3357.4,3363.0,15030.156
1721851200000,3362.99,3376.48,3360.04,3375.92,8649.6017
1721854800000,3375.91,3376.23,3300.0,3336.47,32354.0365
1721858400000,3336.47,3338.85,3314.27,3329.25,14200.7727
1721862000000,3329.24,3339.09,3311.63,3335.81,9804.439
1721865600000,3335.82,3342.5,3320.64,3325.01,5588.5777
1721869200000,3325.0,3325.0,3182.84,3215.24,105307.2188
1721872800000,3215.24,3215.24,3153.04,3184.31,34442.8332
1721876400000,3184.32,3184.32,3155.2,3168.3,16809.3612
1721880000000,3168.31,3189.75,3130.0,3183.4,23509.2068
1721883600000,3183.4,3194.65,3175.26,3183.16,18962.9402
1721887200000,3183.17,3185.45,3163.36,3170.78,14587.4983
1721890800000,3170.78,3183.77,3160.69,3171.84,14241.7191
1721894400000,3171.84,3181.55,3152.89,3176.79,15425.8588
1721898000000,3176.8,3187.8,3170.2,3175.56,7807.9301
1721901600000,3175.57,3176.44,3155.0,3170.0,14181.9887
1721905200000,3170.01,3180.48,3169.67,3172.5,9434.387
1721908800000,3172.49,3183.79,3140.79,3151.4,20113.2346
1721912400000,3151.39,3168.5,3130.0,3155.01,17752.3088
1721916000000,3155.01,3178.17,3105.35,3172.0,34874.145
1721919600000,3172.0,3175.32,3132.0,3142.28,20126.7739
1721923200000,3142.28,3172.75,3133.33,3155.27,13987.4408
1721926800000,3155.28,3171.62,3152.1,3166.17,7964.0007
1721930400000,3166.18,3171.75,3100.9,3115.65,18903.843
1721934000000,3115.64,3139.59,3101.66,3123.88,15868.216
1721937600000,3123.88,3157.06,3087.53,3154.8,22962.6201
1721941200000,3154.8,3198.5,3150.8,3177.6,22146.3898
1721944800000,3177.6,3187.5,3162.06,3165.04,10675.3055
1721948400000,3165.03,3180.79,3163.31,3175.48,8608.8417
1721952000000,3175.47,3198.01,3171.0,3192.8,12240.0384
1721955600000,3192.8,3208.54,3175.21,3185.59,14544.3791
1721959200000,3185.59,3253.12,3185.44,3245.01,24317.2795
1721962800000,3245.01,3259.89,3232.91,3236.21,20456.3412
1721966400000,3236.21,3255.47,3233.01,3254.33,12954.7572
1721970000000,3254.32,3269.99,3244.5,3269.16,10686.0092
1721973600000,3269.16,3274.89,3260.57,3266.3,10671.369
1721977200000,3266.29,3276.0,3246.89,3251.0,19533.1731
1721980800000,3251.0,3259.91,3250.0,3253.69,6865.0592
1721984400000,3253.69,3263.76,3250.78,3250.79,10193.8719
1721988000000,3250.79,3254.4,3238.11,3246.21,10428.8286
1721991600000,3246.21,3248.8,3234.43,3246.86,7255.9065
1721995200000,3246.87,3255.28,3230.0,3241.99,7859.1976
1721998800000,3241.98,3254.54,3230.56,3249.54,14002.2
1722002400000,3249.53,3271.14,3221.43,3240.81,25383.7393
1722006000000,3240.8,3264.8,3239.0,3255.02,8726.8104
1722009600000,3255.02,3262.92,3243.0,3246.0,8603.4668
1722013200000,3246.0,3254.9,3242.62,3247.64,3671.4567
1722016800000,3247.64,3262.8,3246.54,3259.99,5128.1531
1722020400000,3259.99,3285.61,3258.18,3274.19,7665.6233
1722024000000,3274.2,3274.72,3251.24,3254.21,5809.271
1722027600000,3254.2,3273.71,3251.95,3265.19,5996.9155
1722031200000,3265.2,3286.36,3262.83,3279.66,4348.9686
1722034800000,3279.69,3285.94,3274.19,3274.61,2894.6489
1722038400000,3274.6,3275.06,3258.16,3259.2,5392.8192
1722042000000,3259.2,3261.95,3245.03,3247.16,4775.6029
1722045600000,3247.15,3260.71,3243.75,3259.0,3582.865
1722049200000,3259.01,3260.73,3241.31,3245.0,9652.2352
1722052800000,3245.0,3257.59,3243.96,3254.1,4978.203
1722056400000,3254.11,3260.35,3252.72,3254.71,2525.0012
1722060000000,3254.72,3270.54,3254.28,3270.39,2990.618
1722063600000,3270.39,3277.8,3263.44,3272.31,6201.7434
1722067200000,3272.31,3282.98,3262.92,3268.0,5829.6409
1722070800000,3268.0,3279.8,3264.27,3276.4,3522.9338
1722074400000,3276.4,3279.53,3270.71,3271.61,4782.229
1722078000000,3271.61,3279.0,3263.99,3278.41,4349.7072
1722081600000,3278.41,3297.93,3278.15,3287.87,10768.0712
1722085200000,3287.87,3327.59,3287.59,3317.59,18850.9269
1722088800000,3317.6,3324.21,3292.2,3311.25,12340.6121
1722092400000,3311.25,3315.38,3269.68,3280.97,15513.2194
1722096000000,3280.97,3291.81,3269.4,3272.12,9577.3246
1722099600000,3272.12,3273.82,3257.0,3260.75,7625.5595
1722103200000,3260.74,3274.35,3244.61,3249.01,9246.5553
1722106800000,3249.01,3262.83,3227.09,3261.0,17961.5202
1722110400000,3261.0,3262.0,3191.01,3242.74,41209.1615
1722114000000,3242.75,3294.5,3233.81,3283.7,19844.8214
1722117600000,3283.8,3289.1,3275.19,3275.19,4204.2524
1722121200000,3275.2,3275.73,3246.37,3249.01,6266.2804
1722124800000,3249.0,3252.9,3225.73,3246.8,8956.1809
1722128400000,3246.8,3256.36,3241.2,3247.56,3616.1807
1722132000000,3247.57,3252.0,3241.98,3251.99,2833.208
1722135600000,3252.0,3252.0,3237.7,3237.7,3074.0547
1722139200000,3237.71,3244.3,3214.58,3218.14,6945.7511
1722142800000,3218.14,3221.46,3198.11,3218.8,7266.0454
1722146400000,3218.8,3232.0,3217.0,3221.98,4366.4446
1722150000000,3221.98,3227.69,3214.6,3227.69,3993.5729
1722153600000,3227.69,3228.57,3215.87,3228.56,2837.1672
1722157200000,3228.57,3238.4,3226.7,3235.15,3761.1107
1722160800000,3235.15,3255.36,3233.05,3248.52,5138.2742
1722164400000,3248.52,3265.72,3248.5,3256.46,6775.9612
1722168000000,3256.46,3275.71,3254.31,3271.07,4817.8488
1722171600000,3271.08,3279.93,3265.12,3274.66,5497.8319
1722175200000,3274.66,3275.78,3259.06,3264.77,5925.6131
1722178800000,3264.76,3272.85,3260.51,3268.61,4182.0529
1722182400000,3268.61,3275.0,3263.93,3265.68,2666.6549
1722186000000,3265.67,3272.78,3262.2,3271.53,2179.2178
1722189600000,3271.53,3284.3,3267.51,3275.55,5201.1241
1722193200000,3275.56,3277.72,3269.12,3271.85,2934.745
1722196800000,3271.85,3273.78,3259.69,3259.7,2323.8578
1722200400000,3259.7,3267.57,3251.08,3263.65,2910.354
1722204000000,3263.66,3269.29,3252.03,3259.73,3446.3349
1722207600000,3259.74,3273.47,3258.31,3270.16,1880.2461
1722211200000,3270.16,3306.5,3267.17,3286.58,14259.1824
1722214800000,3286.58,3294.6,3271.65,3278.0,5474.877
1722218400000,3278.0,3331.5,3277.36,3330.99,16610.3293
1722222000000,3330.99,3356.7,3328.44,3348.98,19984.5515
1722225600000,3348.98,3365.67,3339.86,3343.71,12168.1258
1722229200000,3343.71,3374.0,3342.95,3367.72,10562.1824
1722232800000,3367.72,3389.0,3364.72,3373.56,14753.6793
1722236400000,3373.57,3379.8,3363.66,3366.91,10066.5891
1722240000000,3366.9,3380.0,3361.82,3373.07,9074.3038
1722243600000,3373.07,3396.12,3373.07,3395.0,10838.5651
1722247200000,3394.99,3396.77,3383.41,3384.78,7520.2386
1722250800000,3384.77,3388.0,3374.14,3375.0,5864.1649
1722254400000,3375.01,3386.8,3369.4,3374.8,10041.2594
1722258000000,3374.8,3382.43,3345.01,3348.09,18132.8561
1722261600000,3348.08,3351.16,3315.36,3325.88,21093.863
1722265200000,3325.88,3333.65,3290.0,3308.67,20567.2558
1722268800000,3308.66,3310.79,3258.0,3270.99,29351.2366
1722272400000,3270.99,3321.03,3264.0,3313.46,20109.8005
1722276000000,3313.46,3324.19,3302.71,3313.6,11531.8995
1722279600000,3313.61,3316.27,3304.25,3311.02,7836.6053
1722283200000,3311.03,3328.44,3309.23,3321.57,7366.3935
1722286800000,3321.56,3350.01,3312.99,3346.14,10828.3035
1722290400000,3346.14,3353.38,3328.13,3329.39,8901.1523
1722294000000,3329.4,3336.63,3313.0,3317.66,15534.0908
1722297600000,3317.66,3330.55,3282.3,3328.3,19917.2885
1722301200000,3328.3,3337.94,3295.52,3300.61,7957.8669
1722304800000,3300.6,3315.01,3284.26,3311.4,9548.5801
1722308400000,3311.4,3324.0,3310.42,3321.0,4324.8507
1722312000000,3321.0,3321.1,3307.39,3317.98,2973.0408
1722315600000,3317.98,3319.57,3298.12,3310.8,6463.0519
1722319200000,3310.81,3329.01,3308.4,3328.12,5667.1779
1722322800000,3328.13,3353.41,3328.13,3340.9,11279.7495
1722326400000,3340.9,3355.5,3334.95,3336.63,7225.7509
1722330000000,3336.63,3344.88,3329.0,3335.82,4830.8554
1722333600000,3335.81,3342.92,3327.09,3336.6,5958.7759
1722337200000,3336.6,3341.99,3330.3,3334.65,4926.5963
1722340800000,3334.66,3364.3,3322.53,3354.34,9757.6801
1722344400000,3354.35,3366.4,3328.41,3329.8,7195.3402
1722348000000,3329.79,3333.62,3293.82,3301.0,14376.3138
1722351600000,3301.0,3325.0,3291.6,3321.0,8748.2002
1722355200000,3321.0,3327.42,3307.08,3309.06,5468.932
1722358800000,3309.05,3310.43,3285.71,3294.43,9085.5053
1722362400000,3294.43,3297.41,3277.0,3284.2,7568.0087
1722366000000,3284.19,3288.13,3260.0,3272.79,15404.6844
1722369600000,3272.79,3284.05,3233.18,3281.49,17464.7626
1722373200000,3281.49,3285.0,3262.6,3281.07,3586.4038
1722376800000,3281.08,3285.23,3268.36,3279.04,4649.7306
1722380400000,3279.04,3283.63,3273.4,3279.21,2898.0176
1722384000000,3279.2,3285.5,3262.04,3283.2,4775.5929
1722387600000,3283.21,3288.48,3266.72,3283.58,4460.8758
1722391200000,3283.58,3304.89,3280.88,3291.45,5850.764
1722394800000,3291.45,3301.19,3287.67,3294.01,4308.9572
1722398400000,3294.01,3295.29,3262.49,3277.85,8200.0202
1722402000000,3277.84,3307.34,3263.73,3301.18,7774.108
1722405600000,3301.17,3325.67,3298.26,3324.4,15997.0021
1722409200000,3324.34,3332.04,3314.91,3317.5,9466.5144
1722412800000,3317.49,3326.98,3309.76,3318.89,6087.6497
1722416400000,3318.9,3325.0,3311.79,3318.85,4040.3816
1722420000000,3318.86,3320.0,3306.81,3309.83,6337.8678
1722423600000,3309.83,3323.41,3307.73,3322.87,5513.7086
1722427200000,3322.88,3330.8,3315.0,3316.58,7156.0316
1722430800000,3316.57,3350.0,3315.6,3331.6,15121.9084
1722434400000,3331.6,3340.55,3307.1,3320.87,18812.2961
1722438000000,3320.87,3321.75,3297.85,3302.36,12118.0193
1722441600000,3302.35,3315.71,3282.76,3290.43,7602.2673
1722445200000,3290.43,3326.79,3285.25,3315.4,7865.598
1722448800000,3315.4,3324.38,3287.6,3317.79,14604.9444
1722452400000,3317.79,3322.0,3245.0,3266.19,21498.6315
1722456000000,3266.19,3271.87,3217.35,3222.45,24768.8929
1722459600000,3222.45,3244.07,3213.75,3238.89,10917.8091
1722463200000,3238.9,3244.96,3214.79,3243.34,5412.9517
1722466800000,3243.33,3243.87,3224.6,3232.74,5018.5426
1722470400000,3232.74,3242.57,3214.21,3235.01,7698.7089
1722474000000,3235.0,3239.45,3189.93,3211.81,21184.0685
1722477600000,3211.81,3214.93,3176.81,3197.69,15800.3355
1722481200000,3197.69,3197.69,3171.65,3178.22,8707.4347
1722484800000,3178.22,3189.8,3139.4,3147.59,18114.9585
1722488400000,3147.59,3185.51,3136.47,3185.32,17211.8725
1722492000000,3185.32,3185.32,3163.57,3168.14,7877.6256
1722495600000,3168.14,3180.73,3164.7,3166.81,6167.7942
1722499200000,3166.82,3184.58,3165.52,3184.32,6205.8034
1722502800000,3184.32,3194.23,3179.44,3179.96,6393.1061
1722506400000,3179.96,3192.47,3176.24,3190.61,5331.5038
1722510000000,3190.6,3193.88,3183.6,3188.39,5509.4464
1722513600000,3188.39,3207.0,3186.44,3196.55,7388.0703
1722517200000,3196.55,3199.48,3173.76,3183.01,15993.3742
1722520800000,3183.0,3187.39,3142.73,3142.74,18249.9026
1722524400000,3142.74,3146.25,3102.4,3117.18,34224.832
1722528000000,3117.18,3123.86,3090.81,3107.6,29230.9716
1722531600000,3107.6,3120.73,3090.48,3119.81,17357.6714
1722535200000,3119.81,3121.48,3080.02,3091.99,16468.2803
1722538800000,3091.99,3136.0,3090.3,3131.64,10855.7006
1722542400000,3131.64,3172.55,3121.73,3172.13,16803.9829
1722546000000,3172.13,3185.38,3158.46,3176.57,11160.0201
1722549600000,3176.57,3219.34,3173.58,3209.21,12660.8631
1722553200000,3209.21,3215.5,3198.43,3203.4,6689.2833
1722556800000,3203.4,3218.6,3194.39,3194.39,7816.4506
1722560400000,3194.39,3194.39,3167.87,3173.2,9107.5756
1722564000000,3173.2,3183.8,3136.41,3159.46,11291.0489
1722567600000,3159.46,3171.05,3150.6,3168.27,6645.887
1722571200000,3168.28,3175.52,3161.84,3167.99,4337.8014
1722574800000,3167.99,3168.67,3142.52,3148.8,7136.6802
1722578400000,3148.8,3164.93,3127.0,3155.44,11120.8347
1722582000000,3155.44,3158.08,3137.15,3147.42,7342.4407
1722585600000,3147.41,3159.66,3134.26,3159.66,8085.771
1722589200000,3159.66,3162.64,3149.41,3152.55,6874.6755
1722592800000,3152.55,3164.28,3144.91,3159.38,8097.7128
1722596400000,3159.38,3166.95,3151.88,3153.73,6595.4958
1722600000000,3153.73,3164.56,3116.0,3153.17,19920.4913
1722603600000,3153.17,3182.8,3141.51,3160.64,22021.6893
1722607200000,3160.65,3166.48,3031.61,3038.41,51905.4096
1722610800000,3038.41,3047.0,2985.13,3038.99,80064.8235
1722614400000,3039.0,3048.59,3016.49,3027.3,17618.2606
1722618000000,3027.31,3042.8,3017.9,3025.48,10644.109
1722621600000,3025.49,3034.51,3006.0,3015.1,11228.7424
1722625200000,3015.09,3023.79,2995.0,3011.64,15550.8734
1722628800000,3011.64,3041.91,2989.21,3020.01,19058.8688
1722632400000,3020.01,3020.17,2967.0,3003.79,23491.2429
1722636000000,3003.79,3009.37,2970.46,2978.48,10135.4794
1722639600000,2978.48,2999.97,2970.01,2989.61,9611.6751
1722643200000,2989.61,3003.53,2942.4,2962.4,18434.7487
1722646800000,2962.4,2967.14,2913.56,2956.76,31079.8193
1722650400000,2956.77,2972.56,2954.38,2962.26,9410.482
1722654000000,2962.26,2983.72,2958.41,2982.5,9172.7341
1722657600000,2982.49,2982.96,2961.04,2965.51,6967.7887
1722661200000,2965.51,2975.5,2962.56,2975.5,5183.8648
1722664800000,2975.5,2990.97,2974.02,2990.22,6904.353
1722668400000,2990.22,2996.63,2982.74,2983.9,7987.9645
1722672000000,2983.81,2988.6,2974.5,2982.66,9571.3312
1722675600000,2982.66,2990.33,2977.25,2990.19,6921.3135
1722679200000,2990.19,2995.8,2986.6,2991.6,6855.8039
1722682800000,2991.6,3006.64,2989.02,2997.21,7419.9729
1722686400000,2997.2,3018.02,2995.34,3009.96,9754.3974
1722690000000,3009.96,3012.29,2999.29,3007.39,5068.3923
1722693600000,3007.39,3014.31,2998.49,3000.0,5223.344
1722697200000,3000.0,3005.36,2938.88,2942.4,18957.5785
1722700800000,2942.4,2955.39,2908.0,2935.41,40736.5732
1722704400000,2935.43,2940.73,2900.0,2902.83,26758.116
1722708000000,2902.84,2928.07,2893.01,2903.98,32789.0087
1722711600000,2903.99,2921.31,2878.0,2893.53,19671.703
1722715200000,2893.53,2920.0,2885.0,2893.96,15933.2637
1722718800000,2893.97,2920.63,2859.0,2912.99,25314.491
1722722400000,2913.0,2922.41,2900.87,2909.37,8063.5689
1722726000000,2909.36,2914.1,2895.35,2903.64,10414.7024
1722729600000,2903.65,2918.74,2901.25,2914.39,7996.4592
1722733200000,2914.39,2915.13,2876.22,2907.27,10587.401
1722736800000,2907.27,2935.46,2905.5,2920.51,9525.6412
1722740400000,2920.52,2921.0,2909.0,2915.78,4101.7656
1722744000000,2915.79,2919.37,2900.03,2901.94,4007.638
1722747600000,2901.94,2918.35,2900.05,2915.36,6647.6367
1722751200000,2915.35,2922.0,2910.24,2918.05,3862.3292
1722754800000,2918.04,2918.55,2888.0,2893.24,10763.6265
1722758400000,2893.24,2914.14,2876.93,2906.27,8820.9551
1722762000000,2906.27,2916.0,2904.44,2912.54,4400.3753
1722765600000,2912.54,2916.42,2905.44,2915.83,5212.0536
1722769200000,2915.82,2925.0,2910.36,2914.22,4757.6684
1722772800000,2914.22,2924.51,2910.32,2923.57,5614.9771
1722776400000,2923.57,2925.8,2910.27,2910.83,5839.4744
1722780000000,2910.83,2913.32,2851.8,2864.4,33531.8398
1722783600000,2864.41,2869.51,2819.5,2826.98,43230.8926
1722787200000,2827.0,2837.96,2805.93,2810.8,38710.5367
1722790800000,2810.81,2816.79,2630.0,2700.19,141281.731
1722794400000,2700.2,2740.0,2683.69,2729.78,50804.3455
1722798000000,2729.77,2768.52,2709.32,2757.55,40544.0796
1722801600000,2757.55,2772.74,2733.96,2752.42,18925.7923
1722805200000,2752.43,2753.14,2726.4,2730.48,13894.4587
1722808800000,2730.48,2751.91,2718.07,2722.17,18482.2262
1722812400000,2722.17,2724.12,2681.04,2688.92,20520.3575
1722816000000,2688.91,2697.44,2488.88,2526.81,129773.5559
1722819600000,2526.81,2540.09,2111.0,2319.25,463263.5329
1722823200000,2319.24,2338.66,2215.0,2334.61,231946.0554
1722826800000,2334.61,2345.25,2285.96,2312.72,110031.1067
1722830400000,2312.72,2386.44,2307.1,2336.8,101602.6271
1722834000000,2336.78,2365.22,2262.28,2311.7,131642.4853
1722837600000,2311.73,2323.0,2160.0,2268.21,252886.2031
1722841200000,2268.2,2368.0,2256.6,2357.55,117265.1016
1722844800000,2357.54,2362.24,2292.8,2325.44,81616.1121
1722848400000,2325.44,2337.92,2275.13,2317.64,63771.6562
1722852000000,2317.64,2318.96,2224.22,2272.78,83271.2024
1722855600000,2272.74,2301.61,2225.52,2290.57,93265.9088
1722859200000,2290.6,2306.54,2200.0,2228.21,103640.9938
1722862800000,2228.2,2350.07,2183.51,2337.78,162259.2931
1722866400000,2337.77,2442.59,2337.45,2403.57,158876.4645
1722870000000,2403.57,2462.9,2380.06,2450.8,86842.3143
1722873600000,2450.8,2518.0,2443.95,2453.59,88671.363
1722877200000,2453.69,2494.38,2425.01,2469.62,39707.5204
1722880800000,2469.63,2472.6,2372.0,2374.41,43923.3228
1722884400000,2374.41,2412.97,2364.14,2404.9,41554.2198
1722888000000,2404.89,2442.79,2401.53,2436.87,29322.865
1722891600000,2436.87,2473.45,2421.6,2428.5,20521.4629
1722895200000,2428.51,2463.06,2419.4,2452.79,16769.6302
1722898800000,2452.79,2474.75,2410.71,2419.59,18179.103
1722902400000,2419.76,2541.79,2415.8,2540.91,52717.382
1722906000000,2540.9,2547.43,2498.82,2516.64,34014.8273
1722909600000,2516.65,2523.87,2500.42,2507.8,20222.6974
1722913200000,2507.79,2509.0,2482.7,2491.9,17733.9078
1722916800000,2491.9,2504.7,2478.53,2500.01,19708.2875
1722920400000,2500.0,2526.17,2484.58,2524.8,22651.3368
1722924000000,2524.8,2535.19,2501.0,2514.74,26033.2342
1722927600000,2514.74,2529.41,2494.73,2523.41,22849.4725
1722931200000,2523.42,2525.0,2440.32,2460.51,39719.0893
1722934800000,2460.59,2470.73,2443.21,2463.5,25703.9731
1722938400000,2463.49,2474.68,2446.51,2457.18,16225.9561
1722942000000,2457.18,2471.28,2442.82,2458.91,23164.2462
1722945600000,2458.9,2468.3,2427.2,2439.27,28182.6836
1722949200000,2439.27,2469.29,2414.19,2453.01,43137.3253
1722952800000,2453.0,2556.23,2450.62,2523.92,70134.7304
1722956400000,2523.93,2534.26,2494.4,2527.6,25080.1555
1722960000000,2527.59,2549.73,2510.55,2531.01,29761.3185
1722963600000,2531.01,2542.87,2480.99,2483.38,26397.924
1722967200000,2483.39,2526.03,2482.13,2500.4,17546.9511
1722970800000,2500.4,2514.92,2487.48,2493.04,12223.2754
1722974400000,2493.04,2502.83,2473.89,2488.45,19247.907
1722978000000,2488.44,2495.74,2475.0,2492.8,10486.0614
1722981600000,2492.8,2513.84,2457.51,2475.4,23961.6702
1722985200000,2475.4,2484.33,2446.08,2461.33,15379.3912
1722988800000,2461.33,2472.65,2431.44,2458.81,19149.8866
1722992400000,2458.81,2504.34,2425.53,2500.8,30550.0934
1722996000000,2500.84,2530.0,2481.03,2495.0,25483.1274
1722999600000,2495.01,2515.78,2490.92,2507.27,14815.1079
1723003200000,2507.26,2534.6,2504.23,2516.61,18760.4335
1723006800000,2516.61,2533.96,2503.21,2505.11,25222.01
1723010400000,2505.11,2511.9,2493.0,2500.38,13482.4871
1723014000000,2500.38,2519.52,2485.12,2510.72,13787.4614
1723017600000,2510.79,2526.59,2504.54,2524.59,16881.4621
1723021200000,2524.58,2538.99,2513.28,2517.58,27263.1045
1723024800000,2517.57,2551.32,2508.26,2508.46,25006.3163
1723028400000,2508.46,2513.88,2470.0,2473.01,40006.4928
1723032000000,2473.01,2483.29,2450.0,2469.33,33257.8818
1723035600000,2469.32,2487.64,2436.26,2447.41,45089.3218
1723039200000,2447.42,2455.2,2364.76,2390.21,66882.5979
1723042800000,2390.22,2422.05,2380.2,2412.75,32122.0668
1723046400000,2412.76,2416.45,2376.83,2391.51,27290.4186
1723050000000,2391.51,2403.79,2355.28,2367.62,26558.3168
1723053600000,2367.63,2378.38,2326.95,2344.07,37991.2352
1723057200000,2344.08,2362.29,2342.99,2350.45,15927.281
1723060800000,2350.45,2370.0,2309.04,2349.22,34314.2381
1723064400000,2349.22,2369.5,2334.71,2360.28,13812.3258
1723068000000,2360.16,2363.25,2313.48,2356.46,17991.396
1723071600000,2356.47,2365.48,2333.0,2342.8,8470.36
1723075200000,2342.79,2357.39,2320.4,2353.6,18482.9877
1723078800000,2353.6,2445.41,2352.05,2440.38,40150.0114
1723082400000,2440.39,2465.25,2437.14,2455.24,20671.5451
1723086000000,2455.23,2459.27,2429.44,2430.41,14906.1159
1723089600000,2430.4,2445.32,2418.77,2422.5,12153.5743
1723093200000,2422.49,2434.75,2419.39,2423.13,11471.6786
1723096800000,2423.13,2440.0,2411.31,2433.19,10090.1328
1723100400000,2433.2,2433.8,2411.52,2414.0,13405.7977
1723104000000,2414.0,2432.67,2408.6,2427.38,15645.5439
1723107600000,2427.39,2453.0,2414.85,2437.09,17327.1385
1723111200000,2437.09,2449.58,2425.99,2447.12,11440.565
1723114800000,2447.12,2460.68,2440.44,2447.63,9517.6011
1723118400000,2447.64,2525.68,2439.4,2482.57,52495.994
1723122000000,2482.56,2487.4,2411.02,2434.06,40775.3586
1723125600000,2434.05,2508.76,2430.12,2499.21,34364.1162
1723129200000,2499.2,2512.41,2480.74,2507.2,27508.8533
1723132800000,2507.21,2593.11,2504.02,2585.83,66589.9809
1723136400000,2585.83,2607.29,2571.52,2579.1,30161.7924
1723140000000,2579.09,2595.38,2576.0,2578.61,10601.8592
1723143600000,2578.61,2588.23,2566.0,2573.53,11872.1921
1723147200000,2573.54,2581.0,2567.64,2569.59,7832.3462
1723150800000,2569.58,2655.99,2569.29,2640.9,21879.7807
1723154400000,2640.9,2724.1,2617.33,2707.67,51256.0635
1723158000000,2707.67,2722.0,2675.64,2682.5,35901.8463
1723161600000,2682.5,2694.59,2651.43,2666.18,27204.0287
1723165200000,2666.17,2674.98,2646.4,2670.84,15863.7375
1723168800000,2670.84,2682.35,2659.0,2668.87,8084.5123
1723172400000,2668.87,2702.19,2667.08,2694.67,12842.6505
1723176000000,2694.66,2707.98,2659.2,2659.56,21455.9236
1723179600000,2659.57,2678.86,2649.0,2677.12,11541.7197
1723183200000,2677.13,2704.0,2674.36,2687.9,13740.9007
1723186800000,2687.9,2698.81,2663.04,2670.21,18567.9222
1723190400000,2670.21,2675.2,2655.97,2671.19,11434.8198
1723194000000,2671.19,2681.28,2651.8,2658.39,14822.0641
1723197600000,2658.39,2661.9,2617.2,2635.21,23710.4106
1723201200000,2635.21,2643.89,2618.78,2634.92,9319.9469
1723204800000,2634.93,2648.0,2610.71,2627.63,16229.0693
1723208400000,2627.62,2638.17,2579.2,2615.81,29759.7188
1723212000000,2615.81,2663.96,2557.47,2591.55,55939.1994
1723215600000,2591.55,2606.0,2556.4,2557.82,24914.6972
1723219200000,2557.82,2595.44,2552.61,2592.98,19361.8949
1723222800000,2592.98,2609.75,2584.88,2590.12,12891.5919
1723226400000,2590.12,2597.0,2575.0,2586.19,10334.856
1723230000000,2586.18,2600.0,2578.0,2590.8,5179.2506
1723233600000,2590.8,2607.62,2587.28,2593.17,6443.6663
1723237200000,2593.1,2606.6,2562.39,2602.12,14713.309
1723240800000,2602.13,2613.07,2585.07,2598.4,12640.2048
1723244400000,2598.4,2601.97,2574.61,2598.78,9743.8663
1723248000000,2598.79,2644.7,2576.49,2584.58,21066.015
1723251600000,2584.58,2611.75,2580.51,2600.01,10904.7359
1723255200000,2600.01,2614.4,2592.58,2603.69,4916.3558
1723258800000,2603.7,2607.2,2592.59,2602.59,4894.0492
1723262400000,2602.6,2604.22,2588.4,2599.95,5282.9205
1723266000000,2599.96,2610.97,2594.41,2606.08,4559.9713
1723269600000,2606.08,2625.96,2604.06,2619.9,6823.5058
1723273200000,2619.9,2637.0,2619.1,2634.27,7693.98
1723276800000,2634.27,2640.97,2623.0,2629.8,7522.7835
1723280400000,2629.79,2640.6,2626.01,2632.6,7297.3449
1723284000000,2632.63,2639.0,2624.43,2629.6,4615.3983
1723287600000,2629.6,2642.84,2628.1,2636.58,4144.7534
1723291200000,2636.58,2637.89,2628.22,2630.52,3384.4873
1723294800000,2630.51,2631.94,2606.0,2609.19,6396.2271
1723298400000,2609.2,2618.35,2604.07,2610.66,4642.8147
1723302000000,2610.66,2622.94,2597.0,2599.49,7328.3712
1723305600000,2599.5,2609.2,2589.51,2607.3,10552.653
1723309200000,2607.29,2615.86,2598.02,2610.64,4942.566
1723312800000,2610.64,2622.84,2599.47,2600.68,21596.3386
1723316400000,2600.68,2611.47,2595.29,2603.01,5709.4539
1723320000000,2603.01,2607.5,2596.21,2604.67,4122.6677
1723323600000,2604.66,2618.0,2603.85,2613.07,5540.9473
1723327200000,2613.06,2613.38,2604.6,2606.37,3496.2233
1723330800000,2606.37,2610.31,2600.21,2609.92,3577.7982
1723334400000,2609.92,2629.4,2606.02,2624.7,7930.9993
1723338000000,2624.7,2631.9,2618.29,2629.55,4188.622
1723341600000,2629.55,2631.6,2622.25,2624.93,2588.2565
1723345200000,2624.93,2668.28,2624.93,2646.38,14913.4387
1723348800000,2646.39,2654.04,2634.0,2644.26,7848.2265
1723352400000,2644.27,2666.47,2643.27,2661.27,5917.7641
1723356000000,2661.28,2665.98,2651.71,2659.8,7223.3017
1723359600000,2659.79,2683.15,2659.79,2677.79,10791.0922
1723363200000,2677.8,2697.6,2674.64,2685.78,8982.1233
1723366800000,2685.78,2720.0,2682.13,2684.15,19883.1743
1723370400000,2684.16,2695.47,2673.44,2675.61,11271.2132
1723374000000,2675.61,2677.56,2644.91,2652.61,18963.1479
1723377600000,2652.6,2655.8,2625.6,2637.99,14967.7496
1723381200000,2638.0,2645.31,2616.9,2638.73,11424.7326
1723384800000,2638.72,2652.32,2604.2,2615.49,16336.2507
1723388400000,2615.48,2623.92,2594.46,2614.07,14007.7293
1723392000000,2614.07,2637.75,2603.4,2625.8,8172.1995
1723395600000,2625.79,2642.63,2617.8,2636.6,6179.1337
1723399200000,2636.6,2645.92,2628.71,2639.11,10982.7699
1723402800000,2639.12,2639.88,2596.33,2599.06,25619.4905
1723406400000,2599.06,2602.91,2540.0,2557.41,34012.5285
1723410000000,2557.4,2585.57,2544.11,2581.02,11949.1191
1723413600000,2581.02,2595.21,2540.99,2567.56,15983.6526
1723417200000,2567.55,2567.7,2552.12,2555.38,6962.1988
1723420800000,2555.38,2577.9,2510.05,2537.4,27775.9851
1723424400000,2537.4,2560.0,2529.25,2549.8,11042.2011
1723428000000,2549.81,2553.67,2534.07,2551.21,11949.9322
1723431600000,2551.21,2557.8,2531.0,2541.02,7377.9018
1723435200000,2541.03,2551.97,2535.0,2539.03,4677.1223
1723438800000,2539.02,2554.8,2535.25,2553.66,8137.4342
1723442400000,2553.66,2562.6,2541.47,2552.76,8787.4581
1723446000000,2552.76,2582.75,2516.36,2567.27,21613.6566
1723449600000,2567.27,2596.8,2558.54,2563.28,19295.6645
1723453200000,2563.27,2599.0,2562.67,2596.39,14954.6115
1723456800000,2596.39,2642.87,2588.0,2641.44,28664.6613
1723460400000,2641.43,2683.2,2635.97,2673.6,26746.6523
1723464000000,2673.6,2699.21,2665.45,2684.99,21983.9809
1723467600000,2684.99,2704.0,2602.86,2614.37,39055.6492
1723471200000,2614.67,2723.7,2592.58,2702.09,64202.1611
1723474800000,2702.09,2711.42,2646.84,2689.2,35182.613
1723478400000,2689.2,2698.87,2663.1,2668.57,17765.5265
1723482000000,2668.56,2679.33,2653.76,2655.05,10812.3381
1723485600000,2655.05,2676.0,2627.89,2632.53,13614.8833
1723489200000,2632.54,2664.34,2632.54,2660.09,10800.4885
1723492800000,2660.09,2706.0,2658.54,2681.0,18296.7067
1723496400000,2681.0,2693.23,2658.13,2683.24,13760.4485
1723500000000,2683.24,2704.2,2681.58,2696.32,14603.123
1723503600000,2696.32,2750.0,2695.0,2722.3,32313.0508
1723507200000,2722.3,2730.2,2704.52,2718.32,18576.0762
1723510800000,2718.3,2733.84,2706.43,2733.41,9634.3713
1723514400000,2733.41,2738.4,2686.0,2714.48,16146.9138
1723518000000,2714.47,2715.72,2650.61,2656.39,31490.5173
1723521600000,2656.38,2662.35,2641.46,2660.51,9096.3494
1723525200000,2660.51,2664.0,2651.0,2652.38,5440.2526
1723528800000,2652.38,2658.51,2635.13,2654.61,12361.9802
1723532400000,2654.62,2662.0,2641.59,2648.94,9418.8026
1723536000000,2648.95,2658.34,2633.0,2642.88,9683.2156
1723539600000,2642.89,2647.87,2626.74,2641.82,7403.1032
1723543200000,2641.82,2644.66,2611.37,2633.65,12651.2294
1723546800000,2633.65,2648.82,2630.0,2644.65,6848.641
1723550400000,2644.66,2663.36,2634.08,2650.37,19102.4381
1723554000000,2650.37,2674.99,2635.83,2669.48,15507.6393
1723557600000,2669.48,2674.67,2630.91,2662.34,15732.1151
1723561200000,2662.35,2664.79,2643.77,2652.0,8052.1102
1723564800000,2652.0,2717.72,2650.0,2715.85,26382.5511
1723568400000,2715.85,2730.28,2702.04,2712.98,23276.5756
1723572000000,2712.98,2714.0,2687.29,2697.95,15500.6694
1723575600000,2697.94,2718.72,2675.1,2711.46,15273.7511
1723579200000,2711.46,2715.0,2698.47,2698.68,6003.8032
1723582800000,2698.69,2730.4,2694.96,2730.0,12879.7737
1723586400000,2730.2,2734.0,2707.85,2713.49,11124.2544
1723590000000,2713.48,2713.6,2692.85,2702.44,8081.5626
1723593600000,2702.44,2716.72,2692.99,2715.65,7227.4785
1723597200000,2715.64,2719.93,2690.17,2690.9,5355.3366
1723600800000,2690.9,2713.29,2685.8,2709.06,9050.6856
1723604400000,2709.07,2725.4,2705.0,2709.39,8154.9371
1723608000000,2709.4,2724.0,2707.72,2720.62,8397.8778
1723611600000,2720.62,2744.0,2715.56,2724.1,15248.2447
1723615200000,2724.09,2750.0,2716.9,2727.69,11694.6073
1723618800000,2727.68,2730.0,2718.21,2727.57,10492.8528
1723622400000,2727.56,2737.08,2715.0,2725.99,9305.4593
1723626000000,2726.0,2730.78,2720.0,2721.72,9137.7414
1723629600000,2721.72,2764.05,2720.8,2742.81,24283.0613
1723633200000,2742.81,2756.67,2725.68,2750.24,14710.8993
1723636800000,2750.24,2780.0,2719.88,2732.03,37082.6044
1723640400000,2732.03,2739.0,2651.05,2659.19,42880.1145
1723644000000,2659.19,2669.41,2632.2,2653.79,35777.3035
1723647600000,2653.78,2685.98,2638.35,2674.21,26503.9708
1723651200000,2674.22,2674.22,2641.4,2664.2,18434.7351
1723654800000,2664.15,2671.99,2651.03,2658.37,8041.6029
1723658400000,2658.36,2669.07,2647.0,2659.05,6922.3244
1723662000000,2659.04,2672.0,2651.08,2669.06,5540.8477
1723665600000,2669.06,2678.84,2666.35,2676.16,4468.8149
1723669200000,2676.15,2679.81,2662.79,2663.8,4573.7573
1723672800000,2663.81,2670.88,2641.3,2670.1,11407.9318
1723676400000,2670.1,2674.2,2660.67,2661.45,4115.5251
1723680000000,2661.45,2673.57,2654.79,2666.12,6856.5658
1723683600000,2666.11,2667.4,2636.89,2644.26,9346.3501
1723687200000,2644.27,2663.64,2634.0,2648.64,13848.843
1723690800000,2648.68,2655.92,2647.21,2652.5,5192.3046
1723694400000,2652.49,2654.5,2642.6,2652.33,3702.9993
1723698000000,2652.33,2656.62,2631.13,2636.99,8174.4092
1723701600000,2636.99,2641.48,2610.69,2623.99,18967.282
1723705200000,2623.99,2625.59,2589.0,2615.16,16923.3423
1723708800000,2615.16,2621.99,2604.3,2621.8,9998.4368
1723712400000,2621.79,2630.66,2617.69,2623.22,7028.5718
1723716000000,2623.23,2626.71,2614.09,2618.03,5821.6838
1723719600000,2618.03,2644.1,2617.0,2637.73,9234.5822
1723723200000,2637.73,2667.79,2633.0,2641.52,19741.0755
1723726800000,2641.53,2668.8,2633.33,2662.74,12737.0925
1723730400000,2662.74,2669.95,2647.05,2654.39,13199.3198
1723734000000,2654.39,2675.6,2647.13,2668.4,11347.4547
1723737600000,2668.4,2675.0,2652.9,2658.01,8365.4626
1723741200000,2658.01,2660.74,2604.56,2614.0,14794.9415
1723744800000,2614.0,2614.0,2542.17,2554.32,58757.5987
1723748400000,2554.31,2557.6,2521.87,2549.59,48499.3282
1723752000000,2549.59,2550.93,2515.71,2549.45,17029.6259
1723755600000,2549.45,2573.32,2533.2,2572.08,16664.5972
1723759200000,2572.08,2589.55,2560.54,2576.45,10722.886
1723762800000,2576.45,2581.68,2566.48,2569.89,9592.0524
1723766400000,2569.9,2579.91,2566.13,2572.94,7650.3177
1723770000000,2572.94,2579.06,2552.17,2572.63,7650.3503
1723773600000,2572.64,2610.35,2561.32,2594.2,13108.134
1723777200000,2594.2,2594.2,2576.48,2580.08,6520.0692
1723780800000,2580.08,2598.0,2577.71,2597.13,5123.0234
1723784400000,2597.13,2604.41,2592.0,2596.91,15485.5361
1723788000000,2596.91,2628.22,2593.59,2626.33,8323.7588
1723791600000,2626.32,2628.83,2613.29,2617.45,7334.1112
1723795200000,2617.44,2625.83,2611.0,2618.0,5606.9292
1723798800000,2618.0,2626.22,2612.23,2626.22,6034.1155
1723802400000,2626.21,2626.41,2611.76,2618.31,4624.7163
1723806000000,2618.32,2625.0,2606.55,2612.52,7738.4632
1723809600000,2612.52,2617.0,2560.71,2575.11,19867.8255
1723813200000,2575.12,2619.89,2565.86,2593.55,25293.2161
1723816800000,2593.55,2600.41,2571.59,2582.09,12913.0458
1723820400000,2582.08,2593.42,2550.04,2568.97,15831.4285
1723824000000,2568.96,2610.87,2564.13,2594.13,21222.4442
1723827600000,2594.13,2615.0,2568.57,2610.9,32730.1736
1723831200000,2610.89,2630.97,2603.77,2614.27,19048.1616
1723834800000,2614.28,2629.2,2612.71,2620.4,8117.6102
1723838400000,2620.4,2626.19,2608.56,2608.56,7733.4872
1723842000000,2608.55,2612.31,2591.67,2600.98,5627.3812
1723845600000,2600.99,2605.71,2593.89,2595.9,3422.3979
1723849200000,2595.9,2599.29,2587.0,2592.73,3677.4406
1723852800000,2592.72,2602.21,2587.5,2599.41,5196.6434
1723856400000,2599.41,2607.92,2596.2,2603.8,5877.6888
1723860000000,2603.8,2607.88,2596.3,2598.32,3719.3276
1723863600000,2598.36,2599.99,2588.47,2595.77,3005.9194
1723867200000,2595.78,2602.92,2592.59,2601.16,2856.1644
1723870800000,2601.16,2602.23,2596.26,2601.01,2723.8819
1723874400000,2601.02,2603.65,2596.35,2597.39,1895.9841
1723878000000,2597.39,2600.61,2590.9,2600.24,3332.4149
1723881600000,2600.24,2602.0,2594.3,2601.41,3703.4615
1723885200000,2601.41,2607.28,2596.85,2604.06,4150.1524
1723888800000,2604.07,2606.35,2595.83,2596.73,3589.984
1723892400000,2596.72,2601.26,2593.0,2599.23,2742.6767
1723896000000,2599.23,2604.83,2596.7,2603.19,2797.2401
1723899600000,2603.18,2614.2,2599.2,2604.6,6489.2518
1723903200000,2604.61,2616.21,2599.0,2613.58,5541.245
1723906800000,2613.59,2618.65,2605.26,2606.78,5089.0131
1723910400000,2606.79,2629.69,2606.78,2620.21,5822.1333
1723914000000,2620.21,2627.59,2614.81,2615.39,4400.3724
1723917600000,2615.4,2618.13,2607.68,2610.86,2938.9732
1723921200000,2610.86,2616.8,2608.52,2614.94,2482.1179
1723924800000,2614.95,2618.23,2611.0,2614.6,2099.0106
1723928400000,2614.61,2617.04,2600.0,2607.33,4825.4036
1723932000000,2607.33,2614.25,2606.88,2608.88,2086.8713
1723935600000,2608.89,2614.8,2607.31,2614.51,1982.7446
1723939200000,2614.51,2623.82,2611.0,2616.86,3186.168
1723942800000,2616.86,2619.8,2605.82,2608.62,3246.6623
1723946400000,2608.61,2638.22,2605.05,2631.1,8724.8716
1723950000000,2631.1,2638.22,2605.71,2606.6,10037.4979
1723953600000,2606.61,2608.69,2594.53,2603.07,7828.7875
1723957200000,2603.07,2610.84,2599.36,2602.97,4116.3463
1723960800000,2602.97,2608.62,2601.47,2606.58,2879.4008
1723964400000,2606.58,2608.95,2602.5,2608.06,2830.7198
1723968000000,2608.05,2619.75,2605.59,2617.48,4262.168
1723971600000,2617.49,2669.49,2615.89,2645.22,21596.8477
1723975200000,2645.22,2665.0,2644.3,2644.3,13531.8697
1723978800000,2644.31,2652.64,2642.36,2649.4,7518.4473
1723982400000,2649.4,2689.16,2643.06,2666.81,16315.2799
1723986000000,2666.8,2684.0,2661.42,2661.61,8162.2645
1723989600000,2661.61,2670.9,2657.07,2664.01,7515.6817
1723993200000,2664.01,2673.95,2659.52,2672.2,5255.0643
1723996800000,2672.2,2678.38,2667.0,2668.88,4997.9173
1724000400000,2668.89,2670.8,2643.75,2650.77,7414.2561
1724004000000,2650.77,2661.02,2647.28,2660.21,3239.0844
1724007600000,2660.2,2670.0,2658.0,2667.9,3839.612
1724011200000,2667.99,2670.0,2663.33,2665.7,2628.6271
1724014800000,2665.7,2665.7,2637.65,2643.49,4972.5775
1724018400000,2643.49,2658.11,2642.75,2646.59,5107.6753
1724022000000,2646.59,2648.7,2610.05,2612.15,14866.2315
1724025600000,2612.15,2627.5,2603.53,2612.23,12847.3155
1724029200000,2612.23,2639.54,2610.8,2631.2,11613.834
1724032800000,2631.2,2643.89,2627.0,2639.43,7212.1146
1724036400000,2639.44,2647.42,2635.88,2644.41,7767.2312
1724040000000,2644.41,2648.08,2631.36,2636.29,6124.3652
1724043600000,2636.29,2638.21,2620.11,2625.5,7751.3764
1724047200000,2625.5,2632.84,2619.04,2625.63,5223.4059
1724050800000,2625.64,2632.28,2612.0,2614.31,6223.0466
1724054400000,2614.31,2622.26,2610.6,2615.26,5085.9046
1724058000000,2615.26,2622.07,2565.84,2579.9,21850.4323
1724061600000,2579.91,2585.7,2568.0,2576.81,12978.9753
1724065200000,2576.81,2592.2,2570.4,2587.9,7411.8342
1724068800000,2587.91,2593.6,2579.54,2585.6,7782.7897
1724072400000,2585.78,2604.67,2563.58,2569.96,15669.6421
1724076000000,2570.0,2585.25,2566.8,2584.63,12099.5852
1724079600000,2584.71,2592.36,2578.48,2584.53,10341.9754
1724083200000,2584.54,2589.4,2574.28,2584.99,11476.8777
1724086800000,2584.99,2629.96,2577.84,2606.86,19997.769
1724090400000,2606.87,2616.42,2590.63,2608.6,7629.6119
1724094000000,2608.59,2612.72,2601.66,2606.63,5298.8336
1724097600000,2606.63,2626.19,2604.32,2615.84,5881.1243
1724101200000,2615.84,2625.35,2613.01,2615.39,4891.7969
1724104800000,2615.4,2627.2,2615.4,2622.79,3841.2321
1724108400000,2622.8,2641.15,2616.42,2636.36,7866.0599
1724112000000,2636.36,2670.51,2619.06,2659.4,20701.7256
1724115600000,2659.39,2677.0,2649.01,2651.61,11386.4726
1724119200000,2651.61,2656.0,2644.68,2654.27,6484.0269
1724122800000,2654.28,2662.37,2651.12,2661.99,5446.9238
1724126400000,2662.0,2671.0,2657.63,2664.51,11897.2932
1724130000000,2664.51,2695.0,2664.48,2684.01,19720.8876
1724133600000,2684.01,2685.44,2672.6,2675.97,8968.0457
1724137200000,2675.98,2678.16,2669.32,2674.81,5311.6327
1724140800000,2674.81,2676.4,2657.4,2661.2,7243.224
1724144400000,2661.2,2666.36,2656.14,2660.48,5718.8747
1724148000000,2660.48,2663.25,2653.0,2656.14,4975.546
1724151600000,2656.14,2657.7,2639.4,2642.45,10470.5456
1724155200000,2642.46,2655.78,2640.53,2646.32,8021.8175
1724158800000,2646.32,2651.05,2625.0,2645.61,19645.7192
1724162400000,2645.61,2646.54,2582.78,2585.41,31281.7478
1724166000000,2585.42,2586.3,2555.0,2574.99,36238.4565
1724169600000,2575.0,2583.0,2565.8,2574.59,13244.319
1724173200000,2574.59,2593.4,2570.0,2589.81,7702.3624
1724176800000,2589.81,2602.97,2585.02,2590.19,12008.5493
1724180400000,2590.2,2606.7,2588.81,2601.94,6887.7099
1724184000000,2601.94,2609.93,2588.8,2589.6,6852.0022
1724187600000,2589.59,2591.2,2565.23,2584.37,12143.8401
1724191200000,2584.36,2593.42,2583.65,2586.99,4034.4086
1724194800000,2586.98,2588.19,2572.0,2572.82,4929.7442
1724198400000,2572.81,2585.6,2572.3,2576.69,8168.7486
1724202000000,2576.68,2584.8,2557.0,2584.79,10865.511
1724205600000,2584.79,2598.2,2582.85,2590.66,6907.9038
1724209200000,2590.66,2594.36,2586.4,2591.5,3830.2871
1724212800000,2591.51,2594.04,2588.31,2592.18,5384.6932
1724216400000,2592.18,2596.0,2591.0,2592.75,3179.1473
1724220000000,2592.74,2605.34,2592.3,2600.64,5640.5211
1724223600000,2600.63,2606.6,2595.21,2600.72,6667.6006
1724227200000,2600.73,2607.87,2578.6,2584.84,8876.6936
1724230800000,2584.85,2586.88,2567.35,2581.28,7429.8723
1724234400000,2581.28,2589.52,2578.64,2588.55,4678.0529
1724238000000,2588.56,2591.89,2576.73,2577.6,5009.5727
1724241600000,2577.61,2583.0,2571.0,2577.92,7570.4192
1724245200000,2577.92,2600.86,2536.22,2594.2,27748.9478
1724248800000,2594.19,2618.0,2577.64,2590.32,36530.5985
1724252400000,2590.32,2610.58,2585.91,2601.89,10596.4711
1724256000000,2601.88,2614.63,2592.58,2608.23,9667.2539
1724259600000,2608.23,2630.0,2600.68,2626.0,9917.9407
1724263200000,2626.0,2645.03,2621.88,2638.86,14323.6095
1724266800000,2638.87,2650.0,2627.45,2646.43,14518.4252
1724270400000,2646.42,2663.74,2626.08,2630.58,18904.805
1724274000000,2630.59,2647.43,2623.52,2637.33,7481.1269
1724277600000,2637.33,2641.8,2629.87,2630.77,5230.772
1724281200000,2630.78,2633.9,2619.77,2630.71,6157.6478
1724284800000,2630.71,2640.25,2627.58,2628.6,8912.3982
1724288400000,2628.6,2631.2,2622.37,2628.0,5613.4265
1724292000000,2628.01,2628.2,2584.2,2602.99,14125.882
1724295600000,2602.99,2617.96,2598.06,2616.59,9203.394
1724299200000,2616.6,2626.6,2613.75,2626.38,6356.8763
1724302800000,2626.39,2626.39,2616.01,2619.78,3791.3202
1724306400000,2619.78,2629.73,2618.24,2627.28,4019.5896
1724310000000,2627.29,2642.33,2626.24,2636.29,6105.1996
1724313600000,2636.3,2641.1,2629.0,2634.21,6577.9735
1724317200000,2634.21,2636.61,2624.0,2624.0,7396.709
1724320800000,2624.01,2644.49,2619.6,2640.79,9279.7182
1724324400000,2640.79,2643.94,2632.01,2641.91,9670.7137
1724328000000,2641.9,2644.69,2621.96,2625.19,10114.2558
1724331600000,2625.2,2630.0,2610.0,2620.43,15354.1834
1724335200000,2620.44,2621.19,2599.6,2601.6,19544.7537
1724338800000,2601.59,2613.01,2590.5,2599.4,15162.2599
1724342400000,2599.41,2616.55,2597.4,2605.69,8302.5378
1724346000000,2605.69,2614.23,2601.2,2603.8,6232.5881
1724349600000,2603.79,2619.23,2601.37,2606.61,7719.0723
1724353200000,2606.61,2610.9,2598.89,2606.6,5596.6508
1724356800000,2606.61,2627.06,2606.47,2624.79,9604.3229
1724360400000,2624.78,2626.61,2615.91,2623.61,5017.0612
1724364000000,2623.61,2626.06,2619.3,2624.36,2888.0188
1724367600000,2624.36,2624.83,2618.03,2622.88,2474.2141
1724371200000,2622.89,2652.95,2621.4,2638.51,13013.3868
1724374800000,2638.51,2643.2,2631.94,2638.41,7366.8582
1724378400000,2638.41,2642.16,2631.97,2634.22,4367.9297
1724382000000,2634.21,2639.13,2633.21,2635.72,4424.7846
1724385600000,2635.71,2640.0,2634.41,2638.54,3707.9696
1724389200000,2638.54,2677.5,2638.53,2674.69,27088.6392
1724392800000,2674.7,2689.0,2670.71,2682.07,24749.3906
1724396400000,2682.06,2684.69,2666.61,2669.23,7843.3551
1724400000000,2669.24,2676.5,2666.06,2674.6,6619.0993
1724403600000,2674.6,2681.0,2662.61,2666.85,17644.6137
1724407200000,2666.85,2672.28,2665.0,2665.81,4475.43
1724410800000,2665.81,2667.38,2650.99,2653.27,13137.1892
1724414400000,2653.27,2669.44,2652.9,2668.97,6151.043
1724418000000,2668.97,2668.98,2646.82,2659.76,8822.9445
1724421600000,2659.76,2699.0,2632.83,2650.25,58720.4664
1724425200000,2650.25,2679.97,2647.2,2671.09,17801.9929
1724428800000,2671.09,2680.4,2663.0,2678.78,10866.4514
1724432400000,2678.79,2731.35,2670.32,2727.0,41109.6216
1724436000000,2726.99,2740.27,2712.21,2725.26,36862.5466
1724439600000,2725.26,2750.0,2719.68,2746.54,16121.4186
1724443200000,2746.55,2762.4,2745.55,2752.96,13930.3767
1724446800000,2752.97,2782.0,2752.66,2772.9,20065.7603
1724450400000,2772.9,2799.13,2723.55,2759.86,26330.8956
1724454000000,2759.87,2769.32,2756.21,2762.48,10564.2811
1724457600000,2762.49,2769.6,2752.2,2757.93,8638.2855
1724461200000,2757.93,2758.22,2742.47,2753.13,8834.7931
1724464800000,2753.13,2761.37,2750.01,2754.06,6162.3121
1724468400000,2754.06,2755.0,2743.0,2746.6,13505.7481
1724472000000,2746.59,2750.88,2743.91,2746.18,7064.4449
1724475600000,2746.18,2755.8,2739.4,2755.79,6504.7257
1724479200000,2755.79,2765.3,2753.24,2755.51,6543.7755
1724482800000,2755.51,2763.62,2755.2,2758.48,18180.8777
1724486400000,2758.48,2779.12,2754.82,2776.0,8075.1927
1724490000000,2776.01,2786.29,2767.06,2774.56,8593.2839
1724493600000,2774.56,2778.19,2764.12,2768.13,6578.3781
1724497200000,2768.12,2771.3,2755.98,2756.31,5893.2309
1724500800000,2756.3,2764.58,2752.2,2756.85,7408.6073
1724504400000,2756.84,2764.17,2752.13,2758.68,6580.0784
1724508000000,2758.74,2763.6,2751.36,2759.56,8515.6655
1724511600000,2759.55,2763.78,2754.24,2761.07,5872.4766
1724515200000,2761.06,2820.0,2760.28,2813.94,37173.8884
1724518800000,2813.93,2813.93,2776.74,2783.4,19492.8356
1724522400000,2783.4,2801.76,2771.25,2783.68,18110.1695
1724526000000,2783.68,2800.54,2782.9,2793.01,8309.838
1724529600000,2793.01,2807.61,2789.33,2791.13,8844.8485
1724533200000,2791.13,2791.97,2731.26,2739.21,19373.9149
1724536800000,2739.1,2760.89,2736.74,2751.8,12929.7361
1724540400000,2751.8,2770.63,2751.61,2768.0,6355.8371
1724544000000,2768.01,2782.73,2753.74,2758.19,10158.2586
1724547600000,2758.18,2771.0,2748.9,2759.14,13097.7554
1724551200000,2759.13,2766.65,2756.54,2764.21,3682.2758
1724554800000,2764.22,2765.69,2755.66,2764.53,5370.8026
1724558400000,2764.52,2768.21,2755.52,2767.0,4206.0437
1724562000000,2767.0,2770.29,2761.0,2763.39,3093.6593
1724565600000,2763.39,2764.07,2752.4,2754.66,5062.6638
1724569200000,2754.66,2755.91,2733.21,2743.4,13096.3788
1724572800000,2743.39,2754.2,2737.23,2751.4,6728.4773
1724576400000,2751.39,2757.8,2745.0,2755.61,7151.0542
1724580000000,2755.6,2761.5,2750.0,2753.21,6271.9218
1724583600000,2753.21,2759.87,2750.44,2750.99,3764.391
1724587200000,2751.0,2754.16,2746.0,2753.07,4061.3374
1724590800000,2753.06,2768.71,2749.82,2763.83,7835.3103
1724594400000,2763.84,2772.9,2760.49,2765.09,4955.0194
1724598000000,2765.1,2771.88,2760.0,2763.81,4384.5403
1724601600000,2763.81,2770.7,2760.15,2763.68,4898.7443
1724605200000,2763.68,2773.8,2762.46,2771.7,3423.3207
1724608800000,2771.71,2772.55,2760.88,2764.16,3856.8402
1724612400000,2764.15,2766.83,2762.55,2766.3,1559.0109
1724616000000,2766.3,2772.91,2765.0,2770.08,2830.628
1724619600000,2770.09,2792.28,2769.51,2779.11,11414.8931
1724623200000,2779.12,2787.94,2765.67,2771.04,7507.8444
1724626800000,2771.03,2779.76,2739.77,2746.13,16116.0639
1724630400000,2746.12,2762.0,2742.81,2753.41,5828.4717
1724634000000,2753.41,2757.02,2739.51,2745.6,5222.2939
1724637600000,2745.59,2748.39,2718.14,2741.6,12670.7506
1724641200000,2741.56,2745.54,2738.97,2744.34,6019.8283
1724644800000,2744.35,2752.2,2742.39,2751.35,4193.6773
1724648400000,2751.34,2751.44,2740.62,2743.62,4439.7446
1724652000000,2743.62,2746.82,2733.26,2737.87,5892.1546
1724655600000,2737.87,2742.53,2728.54,2733.13,6052.009
1724659200000,2733.13,2743.0,2731.61,2736.4,5176.2596
1724662800000,2736.4,2740.44,2710.01,2739.93,10737.7611
1724666400000,2739.93,2749.12,2736.78,2737.19,6721.2915
1724670000000,2737.2,2746.34,2735.0,2737.35,4745.1101
1724673600000,2737.34,2742.47,2718.41,2725.93,8989.1745
1724677200000,2725.93,2737.5,2715.19,2728.0,13666.1279
1724680800000,2728.02,2731.2,2704.36,2725.6,14555.7107
1724684400000,2725.6,2729.84,2701.43,2721.69,17950.1345
1724688000000,2721.69,2732.08,2716.08,2726.29,11811.5839
1724691600000,2726.28,2730.32,2688.47,2694.89,20255.8534
1724695200000,2694.88,2704.42,2675.52,2697.77,15915.3119
1724698800000,2697.77,2700.71,2677.9,2680.83,6893.2921
1724702400000,2680.84,2693.23,2671.59,2688.5,8147.1364
1724706000000,2688.5,2688.8,2666.66,2685.54,7684.0063
1724709600000,2685.54,2691.47,2683.23,2686.6,4833.1737
1724713200000,2686.61,2692.93,2678.73,2680.49,3307.2671
1724716800000,2680.49,2693.79,2673.83,2677.58,5741.0899
1724720400000,2677.58,2693.79,2676.54,2680.0,6529.8183
1724724000000,2680.0,2689.69,2671.79,2676.91,5779.7267
1724727600000,2676.91,2686.2,2667.12,2685.27,6171.4932
1724731200000,2685.26,2689.42,2680.3,2686.47,10940.7691
1724734800000,2686.47,2699.98,2686.47,2696.84,12226.0205
1724738400000,2696.84,2698.72,2673.6,2678.88,7558.5963
1724742000000,2678.88,2692.57,2678.6,2687.9,4820.4503
1724745600000,2687.9,2692.07,2675.0,2685.04,4476.5098
1724749200000,2685.05,2688.78,2668.78,2674.1,7849.6312
1724752800000,2674.1,2674.1,2635.76,2638.01,18335.28
1724756400000,2638.0,2638.91,2619.3,2626.67,15561.3372
1724760000000,2626.66,2628.91,2607.41,2621.34,14413.2049
1724763600000,2621.34,2626.04,2603.7,2609.81,16986.599
1724767200000,2609.81,2612.91,2555.0,2586.4,47697.6041
1724770800000,2586.4,2595.8,2574.28,2579.3,20834.4464
1724774400000,2579.3,2587.9,2565.11,2566.24,18332.1498
1724778000000,2566.24,2586.27,2563.49,2586.26,7628.8134
1724781600000,2586.26,2590.64,2576.23,2585.79,9070.2264
1724785200000,2585.79,2591.93,2577.22,2584.0,7155.5889
1724788800000,2584.01,2588.34,2573.57,2581.75,5216.7265
1724792400000,2581.76,2585.0,2418.0,2490.61,56395.4799
1724796000000,2490.61,2491.6,2392.96,2460.39,82011.5057
1724799600000,2460.38,2469.48,2451.5,2457.33,20927.6522
1724803200000,2457.33,2457.33,2428.38,2440.55,23973.5153
1724806800000,2440.55,2450.5,2418.8,2443.35,21257.1307
1724810400000,2443.35,2464.32,2439.0,2459.99,22739.1768
1724814000000,2460.0,2480.31,2458.74,2478.45,20167.1353
1724817600000,2478.45,2485.99,2466.99,2471.6,18548.1959
1724821200000,2471.6,2484.75,2459.3,2464.36,13164.3961
1724824800000,2464.35,2470.0,2461.6,2462.23,6533.4252
1724828400000,2462.23,2466.19,2433.3,2437.02,17810.4284
1724832000000,2437.02,2465.96,2429.14,2463.24,23076.3173
1724835600000,2463.23,2550.31,2462.41,2541.0,33609.4424
1724839200000,2540.81,2544.19,2511.26,2521.25,27693.5119
1724842800000,2521.26,2534.51,2518.0,2523.2,11284.986
1724846400000,2523.19,2539.4,2521.4,2526.53,10342.9028
1724850000000,2526.53,2530.4,2482.49,2483.81,17204.2005
1724853600000,2483.81,2531.34,2481.52,2503.55,23923.3578
1724857200000,2503.5,2503.8,2467.93,2496.05,20340.607
1724860800000,2496.05,2517.8,2456.19,2514.77,35306.7877
1724864400000,2514.73,2528.25,2499.4,2501.96,17389.2036
1724868000000,2501.96,2540.0,2497.25,2533.0,17404.8542
1724871600000,2532.99,2546.13,2501.2,2504.88,19684.9602
1724875200000,2504.89,2554.0,2504.6,2536.98,24172.0284
1724878800000,2536.99,2554.6,2528.71,2530.77,11386.9824
1724882400000,2530.77,2534.9,2516.66,2532.44,8498.0072
1724886000000,2532.45,2537.36,2523.3,2528.33,5755.0809
1724889600000,2528.33,2535.6,2519.13,2534.21,7279.5953
1724893200000,2534.21,2537.99,2514.77,2522.03,6328.6417
1724896800000,2522.02,2531.58,2512.2,2528.62,7120.1647
1724900400000,2528.61,2531.85,2521.0,2523.4,3943.9375
1724904000000,2523.4,2527.3,2518.44,2525.23,5515.9428
1724907600000,2525.24,2541.74,2523.41,2540.77,9247.4705
1724911200000,2540.77,2559.39,2536.45,2550.27,10949.1137
1724914800000,2550.26,2556.7,2544.48,2547.53,6250.007
1724918400000,2547.52,2552.2,2539.81,2544.88,7616.0679
1724922000000,2544.88,2554.92,2542.13,2544.0,6492.8152
1724925600000,2544.0,2547.93,2536.63,2542.2,7152.4668
1724929200000,2542.14,2574.22,2539.58,2555.21,12247.253
1724932800000,2555.2,2581.72,2552.14,2572.91,13565.4787
1724936400000,2572.91,2578.15,2557.16,2570.75,14857.6447
1724940000000,2570.76,2579.08,2559.0,2569.56,13097.8084
1724943600000,2569.55,2595.4,2567.64,2575.97,18132.4491
1724947200000,2575.97,2585.69,2561.84,2570.11,11275.5376
1724950800000,2570.1,2579.6,2564.65,2576.53,5816.8038
1724954400000,2576.52,2577.84,2509.66,2520.59,31709.0121
1724958000000,2520.6,2540.33,2510.45,2528.54,12597.1981
1724961600000,2528.55,2543.6,2527.73,2540.22,6868.1814
1724965200000,2540.22,2540.4,2529.19,2529.8,4522.8492
1724968800000,2529.94,2531.66,2505.88,2524.2,10685.5855
1724972400000,2524.19,2531.35,2520.6,2527.61,3730.9385
1724976000000,2527.6,2535.4,2517.8,2523.2,7623.1771
1724979600000,2523.2,2530.0,2515.4,2524.86,5406.0195
1724983200000,2524.86,2529.4,2512.0,2515.22,6191.9707
1724986800000,2515.21,2523.4,2505.0,2516.8,9387.4047
1724990400000,2516.8,2526.75,2516.78,2518.83,4644.8695
1724994000000,2518.84,2519.24,2503.8,2511.19,7844.283
1724997600000,2511.2,2530.31,2506.33,2528.37,10300.0445
1725001200000,2528.38,2533.52,2514.27,2517.41,11730.4752
1725004800000,2517.42,2526.29,2514.41,2522.12,4873.5351
1725008400000,2522.13,2528.37,2519.8,2524.79,4586.7303
1725012000000,2524.78,2525.41,2510.41,2517.48,5464.3849
1725015600000,2517.48,2520.29,2507.31,2512.44,6372.9063
1725019200000,2512.43,2552.17,2510.25,2524.2,14800.0137
1725022800000,2524.19,2530.8,2493.53,2524.81,17113.6649
1725026400000,2524.81,2533.24,2462.04,2462.72,25378.9005
1725030000000,2462.72,2472.25,2434.96,2448.75,46691.047
1725033600000,2448.76,2464.6,2431.14,2462.49,34957.295
1725037200000,2462.48,2476.75,2454.01,2466.41,9598.799
1725040800000,2466.42,2542.19,2465.21,2535.79,51106.3999
1725044400000,2535.79,2535.79,2497.27,2506.94,35038.6212
1725048000000,2506.94,2519.0,2506.35,2518.79,4740.5801
1725051600000,2518.79,2522.1,2513.79,2518.13,3446.0057
1725055200000,2518.13,2528.81,2517.2,2526.12,6801.3394
1725058800000,2526.12,2530.66,2524.11,2526.0,4280.7269
1725062400000,2525.99,2533.95,2522.61,2524.26,5156.5895
1725066000000,2524.25,2530.41,2519.3,2525.7,3717.585
1725069600000,2525.71,2527.43,2518.86,2522.6,2818.1732
1725073200000,2522.64,2527.27,2521.41,2523.52,2474.592
1725076800000,2523.52,2529.86,2523.01,2529.41,3111.357
1725080400000,2529.4,2529.49,2522.25,2523.2,3618.6544
1725084000000,2523.2,2528.19,2520.99,2522.7,4780.6425
1725087600000,2522.71,2523.72,2518.17,2521.01,3445.5248
1725091200000,2521.01,2523.8,2512.8,2513.23,3672.1967
1725094800000,2513.23,2519.5,2511.47,2514.0,4350.6461
1725098400000,2514.0,2528.5,2513.5,2525.7,3369.4054
1725102000000,2525.69,2529.81,2523.72,2525.5,3381.4244
1725105600000,2525.49,2527.19,2522.05,2523.74,3160.1724
1725109200000,2523.75,2527.8,2515.01,2515.86,3177.7127
1725112800000,2515.87,2526.3,2513.8,2522.38,4633.6168
1725116400000,2522.39,2523.5,2516.6,2519.19,4396.6755
1725120000000,2519.18,2519.8,2503.75,2508.46,4605.9756
1725123600000,2508.45,2511.2,2491.92,2503.41,7232.0185
1725127200000,2503.42,2509.82,2494.8,2496.21,5798.6556
1725130800000,2496.21,2501.14,2493.42,2499.8,4420.6742
1725134400000,2499.79,2508.19,2493.68,2507.01,3102.2691
1725138000000,2507.02,2528.22,2503.4,2517.92,9163.8782
1725141600000,2517.91,2522.21,2515.84,2517.0,2659.668
1725145200000,2517.01,2518.73,2511.25,2513.01,1698.0071
1725148800000,2513.0,2516.28,2504.75,2505.4,4364.9541
1725152400000,2505.4,2508.73,2493.85,2493.86,4434.0318
1725156000000,2493.85,2495.77,2476.44,2487.59,9864.5564
1725159600000,2487.59,2495.74,2485.28,2488.74,3376.8103
1725163200000,2488.75,2491.18,2477.28,2486.4,4646.1055
1725166800000,2486.4,2488.29,2458.84,2464.72,13260.4468
1725170400000,2464.72,2478.44,2464.06,2476.6,3942.5641
1725174000000,2476.61,2488.2,2474.33,2486.82,4971.3611
1725177600000,2486.82,2489.45,2477.65,2479.7,6004.8267
1725181200000,2479.71,2492.88,2477.4,2483.88,4227.7625
1725184800000,2483.89,2484.8,2462.98,2465.0,5259.109
1725188400000,2465.01,2478.43,2459.02,2477.74,6876.4727
1725192000000,2477.73,2481.0,2462.78,2467.39,5741.3279
1725195600000,2467.39,2474.2,2453.0,2472.47,9031.1392
1725199200000,2472.47,2473.15,2438.0,2455.64,19847.6506
1725202800000,2455.63,2489.31,2449.56,2480.83,13358.2479
1725206400000,2480.83,2487.01,2466.54,2472.22,7049.5338
1725210000000,2472.23,2477.63,2457.16,2471.01,4346.3453
1725213600000,2471.01,2499.15,2468.45,2494.13,10363.3804
1725217200000,2494.13,2514.82,2491.3,2501.71,17025.0561
1725220800000,2501.71,2516.0,2500.0,2502.2,4644.0211
1725224400000,2502.21,2502.68,2473.6,2485.6,6706.3266
1725228000000,2485.6,2487.29,2402.57,2406.32,34213.5877
1725231600000,2406.32,2433.29,2400.0,2425.72,19572.1584
1725235200000,2425.71,2455.26,2423.52,2441.12,13661.743
1725238800000,2441.13,2447.0,2431.78,2440.0,8416.9706
1725242400000,2440.0,2451.68,2431.5,2437.49,7297.271
1725246000000,2437.49,2451.92,2437.16,2450.52,5955.6723
1725249600000,2450.47,2451.35,2434.97,2435.4,9087.8592
1725253200000,2435.4,2466.2,2435.28,2454.13,11740.8493
1725256800000,2454.14,2458.64,2445.72,2446.69,6407.0554
1725260400000,2446.7,2451.33,2433.18,2441.14,10708.1034
1725264000000,2441.14,2476.15,2438.39,2468.81,21161.9915
1725267600000,2468.8,2520.41,2461.7,2516.19,29679.1703
1725271200000,2516.19,2539.53,2510.07,2524.79,25938.5132
1725274800000,2524.78,2527.97,2514.47,2515.81,9114.0054
1725278400000,2515.81,2524.67,2510.59,2520.79,8892.7753
1725282000000,2520.79,2523.19,2504.4,2505.21,10525.8327
1725285600000,2505.21,2528.0,2492.55,2519.61,13931.6148
1725289200000,2519.6,2525.79,2512.75,2513.2,8293.201
1725292800000,2513.2,2521.4,2505.78,2511.97,10510.6857
1725296400000,2511.96,2525.0,2511.75,2522.78,5948.2734
1725300000000,2522.79,2530.92,2515.55,2523.86,5845.3272
1725303600000,2523.86,2526.64,2519.21,2524.25,7611.8138
1725307200000,2524.26,2564.83,2522.22,2554.14,15027.9224
1725310800000,2554.13,2563.07,2536.7,2544.73,7913.7582
1725314400000,2544.73,2548.75,2541.17,2545.14,4738.6127
1725318000000,2545.14,2547.73,2534.44,2538.01,4223.8167
1725321600000,2538.0,2540.35,2528.08,2534.65,6004.941
1725325200000,2534.65,2543.65,2527.63,2535.55,5291.2759
1725328800000,2535.55,2553.6,2528.29,2529.1,10071.4383
1725332400000,2529.1,2529.8,2514.73,2516.0,6362.5033
1725336000000,2516.0,2521.99,2513.39,2518.37,5392.7735
1725339600000,2518.37,2525.2,2515.01,2522.14,3579.5444
1725343200000,2522.14,2522.14,2512.46,2513.03,5150.6409
1725346800000,2513.04,2523.62,2513.04,2519.55,5260.2224
1725350400000,2519.55,2520.54,2494.24,2500.07,8385.1827
1725354000000,2500.07,2508.94,2498.14,2504.2,4977.4414
1725357600000,2504.2,2513.0,2499.4,2505.3,4525.3437
1725361200000,2505.34,2510.84,2501.6,2509.59,2816.5003
1725364800000,2509.59,2519.12,2506.14,2510.72,5838.4668
1725368400000,2510.72,2517.93,2459.12,2465.1,25272.9985
1725372000000,2465.09,2469.35,2443.21,2446.26,31220.4681
1725375600000,2446.27,2456.37,2435.79,2444.01,19186.5668
1725379200000,2444.01,2449.02,2437.4,2440.35,11464.9151
1725382800000,2440.28,2464.0,2438.52,2442.3,8506.3686
1725386400000,2442.3,2457.0,2435.83,2452.2,10636.3651
1725390000000,2452.2,2469.87,2446.25,2447.6,10920.4843
1725393600000,2447.6,2465.47,2447.43,2463.61,6659.044
1725397200000,2463.62,2470.57,2449.61,2464.99,8188.8682
1725400800000,2465.0,2465.97,2453.59,2453.59,3674.0529
1725404400000,2453.6,2455.0,2411.12,2425.29,15406.7237
1725408000000,2425.28,2449.22,2389.2,2396.28,23997.2894
1725411600000,2396.28,2397.12,2306.65,2366.11,95628.2198
1725415200000,2366.11,2371.4,2355.73,2364.44,13060.1063
1725418800000,2364.44,2382.48,2364.07,2373.0,11681.3111
1725422400000,2372.99,2380.1,2366.12,2378.6,6379.2723
1725426000000,2378.59,2381.45,2363.56,2365.24,13134.6059
1725429600000,2365.24,2383.94,2365.24,2372.52,9309.1195
1725433200000,2372.51,2414.71,2370.6,2401.52,16896.3521
1725436800000,2401.52,2410.83,2395.6,2401.4,10457.5852
1725440400000,2401.41,2405.0,2392.6,2393.4,10948.859
1725444000000,2393.4,2403.4,2387.15,2389.14,8271.4321
1725447600000,2389.14,2403.2,2388.9,2398.77,6942.7586
1725451200000,2398.77,2413.81,2395.05,2403.18,16367.9783
1725454800000,2403.18,2410.0,2394.77,2404.98,15633.3075
1725458400000,2404.98,2450.68,2393.16,2438.49,34957.7701
1725462000000,2438.49,2458.57,2426.5,2455.4,24280.9611
1725465600000,2455.39,2490.0,2450.0,2477.12,24538.217
1725469200000,2477.12,2477.96,2447.81,2449.49,12731.0707
1725472800000,2449.49,2457.16,2439.2,2442.39,6891.7159
1725476400000,2442.39,2455.32,2440.5,2452.16,4060.7819
1725480000000,2452.15,2459.6,2446.01,2455.38,5645.6907
1725483600000,2455.39,2465.63,2451.28,2463.13,2830.0018
1725487200000,2463.13,2469.55,2458.61,2462.71,4800.1296
1725490800000,2462.71,2464.62,2443.32,2450.71,4734.8495
1725494400000,2450.71,2462.35,2447.17,2454.75,9054.5627
1725498000000,2454.74,2466.0,2451.9,2458.36,5803.5315
1725501600000,2458.36,2460.29,2443.12,2446.06,10961.8744
1725505200000,2446.06,2446.06,2404.28,2405.55,25362.1749
1725508800000,2405.56,2418.47,2401.77,2414.08,11682.9843
1725512400000,2414.08,2414.93,2402.22,2409.64,6054.6632
1725516000000,2409.64,2410.23,2376.72,2399.04,15884.658
1725519600000,2399.03,2417.2,2397.6,2412.4,8516.1672
1725523200000,2412.41,2416.35,2398.46,2406.87,6570.1098
1725526800000,2406.87,2407.0,2385.65,2392.21,8504.1597
1725530400000,2392.2,2395.91,2383.16,2390.73,6225.0529
1725534000000,2390.74,2395.65,2386.94,2389.54,7148.9147
1725537600000,2389.53,2399.0,2377.01,2390.36,14850.7025
1725541200000,2390.36,2414.58,2385.75,2402.32,13836.7942
1725544800000,2402.33,2415.15,2363.68,2377.21,29061.2279
1725548400000,2377.2,2385.45,2355.8,2371.43,27697.3136
1725552000000,2371.43,2378.63,2367.34,2375.2,9441.6079
1725555600000,2375.2,2393.8,2371.61,2393.8,9905.6811
1725559200000,2393.8,2395.99,2387.28,2389.55,5085.1082
1725562800000,2389.55,2390.26,2348.04,2363.97,18757.4001
1725566400000,2363.97,2378.33,2362.61,2367.79,7240.5123
1725570000000,2367.79,2377.14,2350.0,2371.84,9671.1814
1725573600000,2371.85,2375.17,2355.4,2371.67,7264.9087
1725577200000,2371.67,2373.17,2364.1,2368.81,3967.8057
1725580800000,2368.81,2376.58,2357.6,2372.25,6778.1226
1725584400000,2372.23,2400.48,2363.91,2391.42,10686.2131
1725588000000,2391.43,2408.4,2389.42,2402.42,10469.7993
1725591600000,2402.42,2402.95,2391.8,2392.63,5046.3849
1725595200000,2392.63,2397.35,2385.0,2386.06,5697.2448
1725598800000,2386.07,2389.31,2375.28,2384.27,7244.683
1725602400000,2384.26,2386.06,2373.17,2379.48,5773.9954
1725606000000,2379.48,2379.83,2321.21,2344.45,38427.8283
1725609600000,2344.44,2357.56,2338.57,2350.14,12980.9164
1725613200000,2350.15,2359.36,2345.84,2358.32,7823.602
1725616800000,2358.32,2377.4,2356.21,2367.54,9248.8278
1725620400000,2367.55,2379.4,2365.41,2372.95,9859.8638
1725624000000,2372.96,2408.83,2355.84,2399.77,35045.3941
1725627600000,2399.76,2401.28,2355.39,2363.2,24613.4264
1725631200000,2363.2,2366.76,2311.54,2327.21,54385.55
1725634800000,2327.21,2339.34,2266.0,2290.21,61299.3387
1725638400000,2290.21,2293.17,2251.0,2266.51,56566.0098
1725642000000,2266.52,2276.91,2226.0,2245.5,41803.7621
1725645600000,2245.5,2248.85,2210.0,2210.17,33237.0583
1725649200000,2210.17,2245.67,2207.4,2222.56,44692.7168
1725652800000,2222.56,2229.89,2166.0,2169.96,87136.4205
1725656400000,2169.96,2219.6,2150.55,2217.77,50966.9775
1725660000000,2217.76,2222.89,2207.18,2209.48,12835.5603
1725663600000,2209.48,2225.98,2209.11,2225.23,10407.4151
1725667200000,2225.24,2243.0,2224.01,2233.6,13394.6715
1725670800000,2233.59,2237.29,2220.98,2226.78,9360.0824
1725674400000,2226.78,2239.9,2222.8,2233.09,5818.9434
1725678000000,2233.1,2241.97,2233.01,2238.41,5753.5945
1725681600000,2238.41,2250.77,2237.61,2250.66,8015.6566
1725685200000,2250.66,2275.7,2246.4,2264.82,17962.6409
1725688800000,2264.83,2283.15,2258.75,2277.23,15967.0984
1725692400000,2277.24,2293.76,2274.62,2288.11,12195.5604
1725696000000,2288.11,2299.47,2275.2,2296.14,11507.5563
1725699600000,2296.14,2297.37,2278.43,2282.2,7351.1801
1725703200000,2282.2,2290.57,2282.0,2282.19,5170.2423
1725706800000,2282.2,2290.2,2280.31,2283.7,5168.2541
1725710400000,2283.7,2296.99,2283.69,2290.47,6612.2211
1725714000000,2290.46,2298.79,2282.03,2291.77,8033.8327
1725717600000,2291.77,2298.1,2288.73,2294.79,6058.3925
1725721200000,2294.79,2311.27,2291.81,2300.49,14313.8642
1725724800000,2300.49,2304.54,2283.91,2289.07,10505.0239
1725728400000,2289.06,2292.37,2263.4,2272.74,16051.077
1725732000000,2272.73,2287.3,2267.43,2282.9,8591.8314
1725735600000,2282.89,2293.97,2279.89,2290.44,6452.1359
1725739200000,2290.43,2291.19,2271.05,2271.06,7439.1783
1725742800000,2271.06,2274.41,2257.37,2264.83,8655.9092
1725746400000,2264.83,2271.33,2262.21,2264.83,4612.5747
1725750000000,2264.83,2275.79,2258.2,2273.58,4461.6858
1725753600000,2273.58,2275.21,2263.22,2269.52,4945.9392
1725757200000,2269.52,2280.78,2269.06,2279.95,4828.2409
1725760800000,2279.95,2288.33,2279.25,2283.78,6785.6867
1725764400000,2283.79,2286.94,2280.11,2286.04,2531.9243
1725768000000,2286.04,2304.8,2285.28,2297.61,7147.8769
1725771600000,2297.6,2299.6,2283.75,2284.93,5932.8089
1725775200000,2284.93,2288.77,2284.36,2287.01,3045.4041
1725778800000,2287.01,2299.48,2287.01,2294.94,5832.5959
1725782400000,2294.94,2297.84,2287.64,2296.75,4183.1447
1725786000000,2296.76,2309.86,2294.6,2295.1,9103.592
1725789600000,2295.1,2308.8,2295.1,2303.95,5799.8197
1725793200000,2303.95,2306.42,2294.25,2296.6,4989.3358
1725796800000,2296.6,2299.0,2271.5,2277.2,11898.0895
1725800400000,2277.2,2285.8,2267.0,2284.33,9980.1499
1725804000000,2284.32,2285.41,2267.4,2268.25,10514.9588
1725807600000,2268.25,2272.08,2240.94,2245.74,19838.8908
1725811200000,2245.74,2261.14,2243.26,2251.13,8379.8156
1725814800000,2251.13,2282.92,2250.37,2281.92,9853.1632
1725818400000,2281.92,2283.46,2271.46,2275.98,5204.0636
1725822000000,2275.98,2278.4,2269.36,2272.09,3571.556
1725825600000,2272.08,2277.19,2267.39,2276.7,3995.207
1725829200000,2276.71,2289.86,2274.55,2280.6,5823.4255
1725832800000,2280.59,2333.58,2278.43,2293.46,30173.1815
1725836400000,2293.46,2306.89,2289.21,2297.3,8416.7788
1725840000000,2297.3,2313.0,2288.61,2307.83,9099.3042
1725843600000,2307.83,2320.74,2296.6,2311.03,12446.533
1725847200000,2311.03,2311.4,2297.41,2307.01,5032.8445
1725850800000,2307.02,2307.79,2290.02,2304.23,9895.4848
1725854400000,2304.23,2307.58,2293.8,2296.99,7373.6152
1725858000000,2296.99,2299.63,2283.1,2288.6,7239.986
1725861600000,2288.61,2306.0,2287.11,2305.27,9414.2729
1725865200000,2305.27,2316.51,2299.14,2314.33,7074.5737
1725868800000,2314.33,2330.61,2313.57,2326.41,12420.7152
1725872400000,2326.42,2339.0,2314.42,2317.5,12185.8903
1725876000000,2317.5,2326.9,2310.06,2319.99,15611.3561
1725879600000,2320.0,2321.1,2312.2,2315.29,4973.216
1725883200000,2315.3,2316.52,2300.0,2313.09,16927.4041
1725886800000,2313.09,2325.51,2306.32,2320.83,12642.2642
1725890400000,2320.84,2321.98,2276.0,2278.54,29724.6305
1725894000000,2278.53,2297.0,2272.8,2292.55,12129.2165
1725897600000,2292.56,2347.15,2291.0,2341.8,41903.9914
1725901200000,2341.81,2352.89,2333.86,2341.99,19369.8924
1725904800000,2341.99,2344.48,2324.6,2332.68,17927.8308
1725908400000,2332.68,2352.69,2328.4,2350.57,12194.3212
1725912000000,2350.57,2351.6,2337.04,2341.18,6379.0266
1725915600000,2341.18,2381.41,2340.37,2368.48,27960.6447
1725919200000,2368.48,2375.77,2355.49,2357.36,6686.2538
1725922800000,2357.36,2366.8,2355.35,2359.5,5085.7219
1725926400000,2359.51,2360.59,2339.02,2349.0,10120.4607
1725930000000,2349.01,2350.57,2334.99,2342.84,8090.2218
1725933600000,2342.84,2347.97,2337.07,2344.98,4460.2307
1725937200000,2344.98,2347.17,2340.37,2340.84,4738.3655
1725940800000,2340.85,2346.1,2328.0,2337.79,5999.3475
1725944400000,2337.78,2349.94,2336.41,2349.75,5299.2068
1725948000000,2349.75,2349.75,2339.58,2343.76,4225.6316
1725951600000,2343.77,2366.47,2341.04,2363.51,11528.7287
1725955200000,2363.51,2372.0,2352.24,2354.79,14491.8972
1725958800000,2354.8,2356.14,2343.49,2349.43,7357.6367
1725962400000,2349.44,2352.77,2339.08,2350.82,6825.6495
1725966000000,2350.82,2353.12,2344.66,2351.0,4987.3467
1725969600000,2351.0,2364.16,2349.8,2349.8,11007.0705
1725973200000,2349.8,2350.18,2329.82,2331.79,20327.4947
1725976800000,2331.79,2347.4,2320.41,2336.79,14854.8358
1725980400000,2336.79,2352.4,2323.75,2325.01,10510.8746
1725984000000,2325.01,2342.65,2324.52,2337.64,7370.3339
1725987600000,2337.65,2363.0,2337.65,2350.91,11003.4689
1725991200000,2350.91,2391.94,2348.81,2369.0,18063.6066
1725994800000,2368.99,2386.0,2357.89,2380.73,11190.766
1725998400000,2380.73,2395.59,2373.02,2378.11,12512.5796
1726002000000,2378.11,2384.39,2372.2,2374.68,6722.8293
1726005600000,2374.69,2391.0,2372.2,2390.56,6907.0253
1726009200000,2390.56,2400.0,2384.8,2388.52,5786.5643
1726012800000,2388.52,2389.32,2374.12,2377.16,4362.4243
1726016400000,2377.17,2381.47,2339.0,2350.55,16924.8256
1726020000000,2350.54,2368.97,2348.6,2353.76,10899.7887
1726023600000,2353.76,2355.56,2344.0,2348.31,6893.7308
1726027200000,2348.31,2348.31,2318.66,2334.0,15799.5392
1726030800000,2334.0,2334.4,2319.37,2326.41,7476.1234
1726034400000,2326.35,2338.64,2322.49,2330.99,5049.7865
1726038000000,2330.99,2343.8,2330.99,2341.66,4609.0457
1726041600000,2341.66,2341.89,2322.34,2322.71,5473.3763
1726045200000,2322.72,2335.57,2320.0,2329.99,6775.4387
1726048800000,2330.0,2330.4,2306.45,2316.48,10882.7639
1726052400000,2316.49,2330.94,2316.49,2327.59,6104.7481
1726056000000,2327.59,2337.63,2311.01,2334.72,18581.0721
1726059600000,2334.71,2355.32,2283.75,2288.0,34070.1187
1726063200000,2288.0,2312.34,2277.68,2309.73,30266.2173
1726066800000,2309.72,2337.15,2302.48,2325.9,27702.9901
1726070400000,2325.89,2353.43,2324.48,2346.54,15882.6142
1726074000000,2346.53,2368.87,2345.2,2357.19,18206.9682
1726077600000,2357.19,2359.63,2329.63,2337.48,14873.1167
1726081200000,2337.44,2344.75,2330.19,2340.6,5389.463
1726084800000,2340.6,2351.0,2339.4,2347.65,3823.6918
1726088400000,2347.64,2351.8,2340.0,2342.64,2732.7267
1726092000000,2342.64,2345.51,2333.0,2339.99,4989.7455
1726095600000,2340.0,2345.13,2337.8,2340.55,5127.997
1726099200000,2340.54,2365.41,2339.54,2352.43,13467.78
1726102800000,2352.42,2377.0,2352.4,2372.99,8649.4822
1726106400000,2372.98,2391.93,2360.26,2362.89,16539.8324
1726110000000,2362.88,2372.89,2362.88,2368.0,5904.6515
1726113600000,2368.01,2379.33,2361.65,2364.74,6685.5342
1726117200000,2364.74,2370.65,2354.96,2356.43,8455.7587
1726120800000,2356.43,2364.74,2352.74,2358.91,6211.9608
1726124400000,2358.91,2366.0,2354.98,2359.59,4602.4288
1726128000000,2359.59,2365.99,2357.8,2359.22,7681.5177
1726131600000,2359.21,2361.23,2350.27,2352.1,5539.0758
1726135200000,2352.09,2355.76,2344.73,2345.04,4814.6192
1726138800000,2345.04,2353.19,2343.2,2348.55,5424.2895
1726142400000,2348.56,2353.97,2337.21,2342.94,9042.8014
1726146000000,2342.94,2358.22,2333.78,2340.81,9491.1317
1726149600000,2340.81,2366.98,2327.71,2328.19,18611.983
1726153200000,2328.2,2337.94,2315.39,2323.2,17043.5215
1726156800000,2323.2,2341.12,2322.42,2339.43,5483.6151
1726160400000,2339.43,2350.0,2337.2,2349.54,7544.0767
1726164000000,2349.54,2359.0,2338.5,2347.17,9981.005
1726167600000,2347.17,2361.54,2345.4,2361.03,9554.2864
1726171200000,2361.03,2361.04,2350.16,2351.85,2986.8718
1726174800000,2351.85,2358.79,2341.5,2349.16,8379.0684
1726178400000,2349.16,2373.64,2348.96,2360.99,6155.5187
1726182000000,2360.99,2366.54,2357.63,2361.76,4360.3203
1726185600000,2361.75,2363.94,2357.0,2357.41,3065.4279
1726189200000,2357.41,2364.56,2350.27,2358.79,3574.0895
1726192800000,2358.79,2360.51,2353.51,2356.24,2942.0786
1726196400000,2356.23,2360.79,2355.61,2356.04,4032.1263
1726200000000,2356.04,2359.2,2348.0,2348.01,4658.3882
1726203600000,2348.01,2352.18,2345.13,2348.86,4384.0659
1726207200000,2348.86,2349.48,2337.5,2337.81,4138.644
1726210800000,2337.81,2349.71,2337.35,2348.88,4724.1762
1726214400000,2348.87,2350.65,2342.85,2342.85,3410.2711
1726218000000,2342.85,2358.0,2341.66,2352.2,5410.6871
1726221600000,2352.21,2371.39,2351.4,2371.39,6645.2665
1726225200000,2371.38,2376.22,2350.8,2354.35,11730.6794
1726228800000,2354.39,2360.48,2342.41,2352.21,15369.283
1726232400000,2352.2,2360.69,2345.6,2355.59,8067.3979
1726236000000,2355.59,2370.8,2345.05,2366.86,16074.1571
1726239600000,2366.86,2412.61,2363.71,2407.79,44640.681
1726243200000,2407.79,2418.93,2396.06,2407.01,24393.9734
1726246800000,2407.01,2427.78,2405.64,2410.51,16567.3301
1726250400000,2410.51,2428.38,2406.6,2421.18,14465.2794
1726254000000,2421.18,2428.25,2412.08,2421.07,8879.8768
1726257600000,2421.06,2426.0,2413.14,2421.96,5363.1725
1726261200000,2421.96,2464.82,2421.62,2446.74,27024.5349
1726264800000,2446.75,2458.14,2442.68,2446.8,9106.8513
1726268400000,2446.8,2447.65,2438.37,2439.19,5220.1779
1726272000000,2439.19,2440.6,2425.43,2428.26,7683.9827
1726275600000,2428.27,2435.3,2422.28,2423.58,8720.6546
1726279200000,2423.59,2429.61,2423.58,2424.99,3278.5143
1726282800000,2425.0,2434.72,2424.99,2432.94,3937.4494
1726286400000,2432.94,2433.6,2425.92,2426.18,3634.4993
1726290000000,2426.18,2427.1,2414.8,2414.81,5356.7683
1726293600000,2414.81,2421.55,2413.8,2419.31,3795.123
1726297200000,2419.31,2423.0,2416.79,2420.23,3540.4098
1726300800000,2420.23,2421.76,2412.0,2415.54,4659.6374
1726304400000,2415.54,2420.49,2413.15,2420.2,3573.536
1726308000000,2420.2,2420.2,2411.08,2413.6,3691.9883
1726311600000,2413.59,2417.27,2407.98,2417.07,7748.241
1726315200000,2417.08,2424.11,2414.23,2420.42,4207.5751
1726318800000,2420.42,2421.19,2412.17,2416.81,8203.6694
1726322400000,2416.8,2423.58,2414.75,2420.12,3575.3185
1726326000000,2420.12,2422.9,2415.34,2418.54,3132.5738
1726329600000,2418.55,2421.15,2415.2,2418.09,3284.1485
1726333200000,2418.09,2418.09,2411.69,2414.34,3065.0105
1726336800000,2414.34,2414.34,2376.72,2407.36,22596.5232
1726340400000,2407.35,2412.16,2404.03,2408.71,2855.655
1726344000000,2408.71,2422.99,2407.16,2416.12,5331.351
1726347600000,2416.12,2418.84,2413.14,2416.57,2722.6228
1726351200000,2416.57,2419.4,2411.48,2416.93,2833.8804
1726354800000,2416.92,2419.03,2414.6,2417.79,1502.0979
1726358400000,2417.8,2422.99,2416.53,2419.63,2885.7262
1726362000000,2419.63,2430.32,2419.63,2425.45,4855.4661
1726365600000,2425.44,2427.89,2419.6,2425.58,4136.5369
1726369200000,2425.58,2425.95,2419.79,2420.09,2720.8731
1726372800000,2420.09,2421.82,2414.1,2416.79,2867.307
1726376400000,2416.8,2421.2,2416.8,2418.66,1688.8382
1726380000000,2418.67,2421.57,2418.66,2421.15,2114.3542
1726383600000,2421.15,2424.49,2419.8,2422.9,2378.1705
1726387200000,2422.89,2423.18,2413.55,2415.4,2951.8729
1726390800000,2415.4,2415.87,2411.04,2412.78,2272.187
1726394400000,2412.78,2414.09,2403.6,2409.63,4210.2622
1726398000000,2409.63,2409.63,2401.75,2406.86,5337.3463
1726401600000,2406.86,2412.67,2405.2,2410.81,2868.6865
1726405200000,2410.8,2418.72,2407.37,2410.4,6470.8404
1726408800000,2410.39,2413.0,2396.28,2411.79,6966.1784
1726412400000,2411.79,2415.4,2406.19,2408.71,4076.9996
1726416000000,2408.72,2409.12,2387.15,2388.01,7549.5141
1726419600000,2388.0,2392.4,2376.0,2383.36,10456.3456
1726423200000,2383.35,2388.33,2362.71,2380.61,17254.6566
1726426800000,2380.61,2387.75,2371.2,2372.35,6410.5553
1726430400000,2372.34,2372.34,2355.77,2363.06,8465.5432
1726434000000,2363.06,2363.34,2336.39,2353.08,16130.4646
1726437600000,2353.08,2353.36,2341.67,2346.42,5179.4076
1726441200000,2346.4,2346.4,2283.75,2316.1,44116.0621
1726444800000,2316.09,2322.6,2292.33,2300.04,16411.5883
1726448400000,2300.03,2303.89,2260.25,2277.58,30986.7628
1726452000000,2277.58,2284.68,2252.39,2261.26,19389.6252
1726455600000,2261.27,2279.22,2259.62,2278.38,20174.8614
1726459200000,2278.38,2283.22,2276.1,2281.78,9577.5753
1726462800000,2281.78,2295.54,2281.03,2293.23,12047.8758
1726466400000,2293.24,2301.19,2290.0,2291.59,10497.5388
1726470000000,2291.59,2312.86,2290.02,2310.69,10140.8263
1726473600000,2310.69,2335.7,2307.86,2315.87,16744.5166
1726477200000,2315.88,2319.87,2289.0,2291.76,14174.8034
1726480800000,2291.76,2305.82,2289.4,2303.54,8981.7309
1726484400000,2303.55,2309.58,2299.55,2307.8,5363.5862
1726488000000,2307.8,2312.6,2293.78,2301.7,12062.6462
1726491600000,2301.7,2307.0,2281.12,2303.07,14424.1494
1726495200000,2303.04,2305.8,2269.52,2278.15,17975.0153
1726498800000,2278.16,2296.89,2277.0,2287.72,9114.2742
1726502400000,2287.73,2296.4,2284.2,2287.21,8733.7967
1726506000000,2287.21,2311.06,2269.25,2306.02,21669.4357
1726509600000,2306.0,2306.46,2282.37,2289.88,12089.4242
1726513200000,2289.88,2292.4,2272.39,2275.22,14639.0096
1726516800000,2275.22,2288.39,2267.6,2274.59,25001.4183
1726520400000,2274.59,2291.2,2270.5,2291.2,12869.3454
1726524000000,2291.19,2291.41,2282.02,2284.44,2782.8533
1726527600000,2284.44,2301.6,2284.44,2295.68,4702.5727
1726531200000,2295.67,2298.91,2272.57,2272.66,6854.8358
1726534800000,2272.65,2281.46,2263.29,2275.32,10155.6795
1726538400000,2275.33,2289.6,2274.4,2286.99,6656.6941
1726542000000,2286.99,2288.64,2281.9,2284.18,4836.5656
1726545600000,2284.19,2290.8,2282.44,2288.68,4500.4474
1726549200000,2288.68,2306.34,2287.7,2301.84,5994.9555
1726552800000,2301.84,2304.38,2296.71,2299.0,6710.8842
1726556400000,2299.0,2310.75,2295.61,2309.18,5945.4883
1726560000000,2309.18,2316.27,2305.99,2309.77,13453.6177
1726563600000,2309.77,2320.23,2302.46,2313.96,9843.112
1726567200000,2313.97,2318.94,2308.2,2317.28,9961.3555
1726570800000,2317.28,2323.69,2306.47,2308.12,7309.726
1726574400000,2308.12,2321.67,2306.8,2318.43,7581.1484
1726578000000,2318.43,2329.29,2302.61,2306.61,13257.1351
1726581600000,2306.6,2364.48,2305.61,2346.18,41062.3999
1726585200000,2346.18,2393.63,2346.1,2383.79,38377.2592
1726588800000,2383.79,2390.0,2361.43,2368.4,18977.6187
1726592400000,2368.4,2376.39,2362.0,2367.25,10559.949
1726596000000,2367.25,2370.8,2339.0,2350.0,11726.0911
1726599600000,2349.99,2357.96,2327.9,2353.09,14086.9451
1726603200000,2353.09,2361.6,2343.29,2344.0,13332.3734
1726606800000,2344.0,2351.81,2343.99,2347.8,4272.2132
1726610400000,2347.8,2348.2,2334.8,2337.79,4775.494
1726614000000,2337.8,2342.28,2328.79,2341.8,3974.2701
1726617600000,2341.79,2341.8,2309.69,2323.95,10959.747
1726621200000,2323.95,2331.45,2313.43,2325.08,7122.429
1726624800000,2325.08,2333.82,2323.07,2331.35,7371.1947
1726628400000,2331.34,2343.28,2330.61,2334.79,7815.6777
1726632000000,2334.79,2336.24,2318.32,2323.68,8231.8397
1726635600000,2323.68,2323.68,2312.64,2321.14,6103.7907
1726639200000,2321.13,2330.12,2320.01,2329.39,5586.2476
1726642800000,2329.39,2335.0,2328.45,2330.0,4418.1447
1726646400000,2330.0,2330.01,2317.8,2321.09,6604.2542
1726650000000,2321.1,2321.1,2293.31,2295.35,13084.2064
1726653600000,2295.34,2311.27,2277.34,2305.2,18332.0281
1726657200000,2305.19,2311.0,2299.61,2300.59,5978.2694
1726660800000,2300.6,2313.84,2295.79,2310.54,6542.1163
1726664400000,2310.53,2318.0,2288.05,2295.15,11339.6963
1726668000000,2295.14,2306.77,2288.0,2298.97,10126.1698
1726671600000,2298.97,2311.5,2289.0,2296.0,11246.5744
1726675200000,2296.0,2308.0,2288.25,2304.4,7901.4557
1726678800000,2304.41,2318.4,2290.63,2309.21,11981.8337
1726682400000,2309.21,2364.42,2301.93,2335.6,67196.6695
1726686000000,2335.61,2339.2,2309.49,2315.19,20898.9113
1726689600000,2315.19,2328.72,2290.0,2326.0,14299.6457
1726693200000,2326.01,2342.71,2325.0,2331.46,7307.2535
1726696800000,2331.42,2345.42,2331.4,2339.75,6715.2402
1726700400000,2339.8,2376.14,2339.8,2374.75,15754.2052
1726704000000,2374.74,2409.4,2372.6,2398.4,33370.4263
1726707600000,2398.4,2401.2,2374.0,2390.31,19578.3357
1726711200000,2390.32,2402.2,2384.09,2400.6,9833.7155
1726714800000,2400.6,2412.82,2397.96,2403.68,11280.988
1726718400000,2403.69,2418.77,2399.59,2416.4,9547.1695
1726722000000,2416.4,2422.79,2406.93,2411.8,10962.5101
1726725600000,2411.79,2420.6,2404.5,2417.27,9911.7176
1726729200000,2417.27,2442.6,2414.46,2438.06,21503.4194
1726732800000,2438.07,2442.1,2430.04,2431.41,18353.3273
1726736400000,2431.4,2441.6,2428.99,2430.81,8986.6304
1726740000000,2430.82,2439.1,2425.25,2425.63,8993.4544
1726743600000,2425.62,2437.78,2423.35,2435.35,6306.4404
1726747200000,2435.34,2453.0,2427.32,2435.78,17961.9697
1726750800000,2435.78,2450.0,2420.48,2432.49,15478.5007
1726754400000,2432.49,2440.61,2421.56,2426.24,14000.2866
1726758000000,2426.24,2441.0,2421.93,2440.0,9589.5755
1726761600000,2439.99,2483.66,2433.41,2472.59,28719.1675
1726765200000,2472.59,2479.86,2455.87,2475.61,16742.7708
1726768800000,2475.61,2494.95,2472.28,2475.16,15460.6605
1726772400000,2475.17,2475.7,2460.01,2460.93,8549.055
1726776000000,2460.94,2470.58,2456.52,2465.03,5876.5159
1726779600000,2465.04,2471.38,2459.89,2461.65,4964.8606
1726783200000,2461.65,2475.0,2452.26,2472.0,11834.5819
1726786800000,2472.0,2478.8,2462.32,2465.21,8939.9527
1726790400000,2465.21,2467.17,2446.48,2447.54,11911.9379
1726794000000,2447.53,2457.71,2437.31,2454.4,8714.4594
1726797600000,2454.39,2458.5,2445.09,2456.27,4910.8852
1726801200000,2456.27,2521.71,2454.38,2520.56,23717.1697
1726804800000,2520.56,2547.93,2516.81,2538.45,42195.5566
1726808400000,2538.45,2557.79,2537.65,2544.0,16580.7026
1726812000000,2544.0,2565.17,2537.55,2564.05,16472.031
1726815600000,2564.06,2571.93,2551.0,2561.0,28251.3457
1726819200000,2561.0,2565.0,2539.34,2545.81,20432.8717
1726822800000,2545.81,2553.4,2542.44,2543.07,7265.5629
1726826400000,2543.06,2555.39,2540.66,2555.08,6345.4458
1726830000000,2555.08,2555.1,2539.39,2544.96,9253.3284
1726833600000,2544.95,2559.32,2543.51,2553.92,10232.9548
1726837200000,2553.92,2556.0,2523.0,2527.95,19813.132
1726840800000,2527.96,2570.0,2516.2,2546.35,34386.2818
1726844400000,2546.35,2562.0,2523.35,2560.27,16859.9612
1726848000000,2560.27,2569.0,2542.02,2547.6,15307.069
1726851600000,2547.61,2551.4,2531.08,2537.0,9060.9072
1726855200000,2537.0,2546.4,2525.36,2542.94,10242.7328
1726858800000,2542.94,2549.4,2539.8,2540.98,7530.9681
1726862400000,2540.97,2547.36,2538.47,2540.57,4490.0259
1726866000000,2540.56,2553.67,2540.0,2545.77,7348.8203
1726869600000,2545.77,2555.3,2545.2,2550.58,3406.8722
1726873200000,2550.59,2562.4,2545.25,2561.4,6023.569
1726876800000,2561.4,2587.4,2553.84,2568.14,21611.3097
1726880400000,2568.15,2573.0,2542.0,2543.8,12988.3047
1726884000000,2543.8,2548.5,2534.17,2542.2,5682.5485
1726887600000,2542.2,2549.68,2541.0,2544.0,3480.1052
1726891200000,2544.01,2545.8,2528.97,2537.72,8510.3163
1726894800000,2537.71,2545.79,2535.33,2544.53,3624.264
1726898400000,2544.53,2553.26,2542.99,2547.96,5048.7455
1726902000000,2547.96,2558.99,2547.96,2555.77,6932.6586
1726905600000,2555.77,2557.34,2548.35,2549.36,4230.5039
1726909200000,2549.36,2553.02,2546.29,2552.99,3692.5813
1726912800000,2552.99,2553.3,2545.04,2546.55,2759.6374
1726916400000,2546.55,2557.14,2545.49,2556.5,2956.5862
1726920000000,2556.49,2562.08,2551.36,2561.86,3978.0729
1726923600000,2561.85,2576.47,2556.31,2570.4,9209.6813
1726927200000,2570.41,2575.25,2562.43,2567.57,7554.0713
1726930800000,2567.57,2567.8,2550.44,2560.0,6065.767
1726934400000,2560.0,2567.0,2556.21,2560.19,3881.4972
1726938000000,2560.2,2573.0,2560.2,2570.08,5917.9006
1726941600000,2570.08,2571.99,2566.88,2570.0,2234.4682
1726945200000,2569.99,2578.4,2569.02,2572.05,4019.9047
1726948800000,2572.06,2572.39,2564.7,2565.5,2978.1957
1726952400000,2565.5,2567.09,2560.37,2561.55,2034.1756
1726956000000,2561.56,2576.2,2560.0,2575.89,3615.1171
1726959600000,2575.88,2623.34,2573.65,2612.4,21751.4644
1726963200000,2612.4,2632.57,2604.86,2620.57,19530.1711
1726966800000,2620.54,2621.31,2600.26,2600.79,7283.1099
1726970400000,2600.8,2603.6,2588.1,2594.71,8947.4524
1726974000000,2594.71,2614.68,2592.0,2594.71,9199.1666
1726977600000,2594.7,2604.6,2593.81,2598.62,4439.6813
1726981200000,2598.63,2599.4,2579.31,2582.06,7045.9493
1726984800000,2582.05,2590.74,2576.01,2580.52,7588.8923
1726988400000,2580.52,2588.35,2580.0,2587.99,4629.5505
1726992000000,2587.99,2595.76,2586.09,2595.0,4877.4364
1726995600000,2595.01,2595.01,2573.39,2579.62,9345.9641
1726999200000,2579.63,2582.0,2569.61,2580.15,5494.737
1727002800000,2580.15,2584.77,2572.05,2580.59,7885.5562
1727006400000,2580.59,2585.53,2575.12,2581.17,4044.7767
1727010000000,2581.17,2588.0,2566.19,2570.7,12832.4517
1727013600000,2570.7,2574.6,2554.82,2564.04,13095.4564
1727017200000,2564.04,2576.2,2562.24,2570.51,5550.1126
1727020800000,2570.51,2574.79,2552.49,2571.22,14994.8652
1727024400000,2571.21,2591.69,2570.38,2585.39,9718.1771
1727028000000,2585.39,2586.0,2573.0,2576.56,6252.4138
1727031600000,2576.55,2583.45,2562.62,2578.37,5444.9736
1727035200000,2578.38,2582.97,2571.69,2573.35,5307.0142
1727038800000,2573.34,2579.97,2544.63,2547.61,7541.2621
1727042400000,2547.6,2594.0,2524.58,2589.93,25004.5938
1727046000000,2589.93,2593.62,2574.15,2581.0,8212.5614
1727049600000,2580.99,2604.21,2539.49,2593.97,22006.3444
1727053200000,2593.98,2620.29,2589.05,2614.0,19498.0442
1727056800000,2614.0,2643.19,2608.99,2636.0,18956.2276
1727060400000,2636.01,2687.24,2632.42,2676.71,37848.2019
1727064000000,2676.71,2681.13,2656.99,2664.09,14591.9893
1727067600000,2664.09,2665.4,2652.61,2657.4,9664.7024
1727071200000,2657.39,2661.61,2651.92,2655.0,8473.4442
1727074800000,2654.99,2656.41,2636.49,2646.48,11488.126
1727078400000,2646.47,2648.49,2636.76,2646.06,9763.5141
1727082000000,2646.07,2662.47,2646.0,2656.35,9902.7046
1727085600000,2656.36,2657.48,2633.91,2649.17,9063.8136
1727089200000,2649.17,2652.32,2637.61,2646.0,8110.068
1727092800000,2646.0,2652.19,2640.0,2646.4,7980.7453
1727096400000,2646.39,2651.56,2631.45,2643.4,14247.3342
1727100000000,2643.39,2672.72,2640.91,2660.2,20791.9724
1727103600000,2660.21,2685.1,2648.54,2675.38,16249.4118
1727107200000,2675.37,2702.82,2660.54,2663.4,32826.6383
1727110800000,2663.41,2670.94,2658.08,2668.64,7545.6388
1727114400000,2668.66,2692.61,2664.25,2680.02,8058.9003
1727118000000,2680.01,2682.82,2668.63,2672.97,10535.4418
1727121600000,2672.97,2682.3,2660.99,2661.58,5253.2741
1727125200000,2661.57,2666.33,2644.8,2656.0,12115.7558
1727128800000,2656.0,2656.59,2645.0,2646.34,11386.4832
1727132400000,2646.34,2653.57,2639.55,2646.97,6923.2386
1727136000000,2646.98,2651.39,2622.8,2627.99,16141.5235
1727139600000,2628.0,2643.8,2616.67,2627.71,10457.5627
1727143200000,2627.71,2630.79,2609.4,2621.5,18112.5996
1727146800000,2621.54,2629.68,2617.74,2627.4,7355.2788
1727150400000,2627.39,2628.0,2618.28,2622.72,5859.0531
1727154000000,2622.72,2633.32,2622.12,2631.79,4548.1578
1727157600000,2631.8,2647.05,2631.79,2640.16,7489.7323
1727161200000,2640.16,2649.4,2636.95,2647.0,7708.5507
1727164800000,2647.0,2667.75,2643.13,2661.21,13123.149
1727168400000,2661.2,2662.61,2644.0,2645.39,6855.3987
1727172000000,2645.39,2652.39,2643.0,2647.4,5521.0306
1727175600000,2647.41,2648.36,2619.35,2636.85,19610.9631
1727179200000,2636.86,2646.19,2631.4,2632.61,10624.1075
1727182800000,2632.61,2646.36,2629.61,2634.35,10874.1352
1727186400000,2634.35,2634.36,2591.56,2613.06,44334.7312
1727190000000,2613.05,2619.0,2605.73,2612.44,13833.7675
1727193600000,2612.44,2634.54,2611.07,2627.02,13078.8685
1727197200000,2627.02,2657.0,2625.38,2647.62,17226.8436
1727200800000,2647.6,2651.5,2633.36,2638.22,8228.0918
1727204400000,2638.22,2655.39,2636.49,2650.49,5645.6103
1727208000000,2650.49,2659.72,2640.14,2650.4,11930.1304
1727211600000,2650.4,2655.58,2640.39,2647.77,5518.1673
1727215200000,2647.77,2670.96,2647.77,2666.18,16110.3555
1727218800000,2666.18,2668.79,2651.6,2653.2,8412.2315
1727222400000,2653.2,2657.12,2632.5,2638.62,11997.3077
1727226000000,2638.63,2673.5,2636.6,2649.52,17927.6829
1727229600000,2649.51,2657.0,2640.0,2647.8,9979.9638
1727233200000,2647.81,2647.81,2640.0,2646.6,5666.7436
1727236800000,2646.61,2646.87,2625.01,2625.01,9143.1644
1727240400000,2625.01,2631.46,2620.6,2624.41,7505.2944
1727244000000,2624.4,2625.79,2610.53,2617.62,11973.0458
1727247600000,2617.62,2627.4,2612.49,2621.47,7455.2989
1727251200000,2621.48,2628.0,2620.5,2625.25,4899.0048
1727254800000,2625.25,2629.82,2620.0,2620.99,5284.011
1727258400000,2620.99,2630.52,2613.99,2622.8,8933.7551
1727262000000,2622.8,2627.97,2614.12,2627.4,9367.9508
1727265600000,2627.39,2627.6,2617.8,2617.81,4532.3462
1727269200000,2617.81,2623.0,2604.11,2617.77,10252.4746
1727272800000,2617.77,2629.56,2616.1,2627.07,10528.6917
1727276400000,2627.07,2629.0,2595.61,2600.81,14953.6304
1727280000000,2600.81,2609.39,2589.86,2600.35,13411.8571
1727283600000,2600.35,2604.36,2564.77,2575.41,20380.8713
1727287200000,2575.41,2584.13,2573.29,2582.81,6246.4222
1727290800000,2582.81,2589.06,2568.0,2570.69,7153.7339
1727294400000,2570.69,2582.99,2570.36,2580.98,3972.0669
1727298000000,2580.99,2584.75,2577.5,2581.01,2888.784
1727301600000,2581.02,2582.24,2554.05,2572.41,9471.1411
1727305200000,2572.42,2582.5,2566.99,2579.95,6418.1867
1727308800000,2580.09,2588.85,2559.2,2571.28,8491.6688
1727312400000,2571.28,2587.89,2560.26,2586.3,13990.1598
1727316000000,2586.35,2600.6,2585.6,2597.27,12298.4069
1727319600000,2597.28,2607.0,2593.7,2602.3,6497.7202
1727323200000,2602.31,2605.2,2591.75,2596.3,4589.1404
1727326800000,2596.29,2616.61,2592.64,2613.19,7080.0582
1727330400000,2613.2,2620.0,2612.04,2617.0,7549.1118
1727334000000,2617.0,2634.95,2614.4,2629.8,11449.0486
1727337600000,2629.8,2632.8,2616.23,2620.15,9423.7041
1727341200000,2620.15,2626.46,2612.83,2619.86,11260.3559
1727344800000,2619.86,2639.5,2617.0,2630.32,14977.5137
1727348400000,2630.32,2631.49,2622.32,2628.8,11172.227
1727352000000,2628.79,2639.89,2621.0,2629.97,12960.264
1727355600000,2629.98,2635.05,2613.2,2620.71,9839.5909
1727359200000,2620.72,2653.75,2613.33,2613.68,31180.5208
1727362800000,2613.68,2663.8,2607.92,2652.01,28816.14
1727366400000,2652.01,2664.89,2642.92,2650.45,14198.5508
1727370000000,2650.44,2666.22,2628.4,2629.93,15257.7332
1727373600000,2629.93,2660.0,2626.8,2659.99,9120.1489
1727377200000,2659.99,2659.99,2646.8,2648.99,8086.6235
1727380800000,2649.0,2654.97,2628.71,2631.01,12646.3866
1727384400000,2631.0,2648.5,2630.0,2638.6,6251.1296
1727388000000,2638.6,2646.15,2633.67,2637.71,4409.1468
1727391600000,2637.7,2637.95,2617.49,2632.26,7141.0068
1727395200000,2632.25,2641.52,2625.22,2641.23,6388.9063
1727398800000,2641.23,2644.9,2621.67,2625.5,7557.6436
1727402400000,2625.5,2630.4,2617.17,2618.91,5946.5382
1727406000000,2618.9,2641.48,2615.21,2638.66,6875.2857
1727409600000,2638.66,2649.56,2637.49,2645.59,8254.864
1727413200000,2645.59,2655.12,2636.8,2653.57,8965.7735
1727416800000,2653.57,2668.37,2652.87,2656.76,20583.7425
1727420400000,2656.76,2662.61,2652.43,2657.27,18909.2086
1727424000000,2657.28,2677.61,2656.16,2667.0,12581.516
1727427600000,2667.0,2673.65,2654.54,2662.6,9959.2713
1727431200000,2662.61,2663.9,2641.38,2641.44,12212.1903
1727434800000,2641.45,2654.4,2641.3,2652.0,6843.5487
1727438400000,2652.0,2665.0,2645.0,2658.87,8837.4711
1727442000000,2658.87,2663.5,2642.2,2662.72,9858.6023
1727445600000,2662.73,2696.99,2657.49,2681.98,29683.6149
1727449200000,2681.97,2699.68,2679.73,2683.62,18857.5233
1727452800000,2683.63,2728.6,2678.49,2718.2,31762.7284
1727456400000,2718.19,2720.96,2685.81,2703.52,18497.5145
1727460000000,2703.53,2705.14,2686.91,2699.89,11187.0098
1727463600000,2699.89,2709.1,2692.06,2701.37,10370.0037
1727467200000,2701.38,2704.0,2689.99,2693.84,6857.787
1727470800000,2693.85,2697.92,2690.04,2693.99,3176.4799
1727474400000,2694.0,2708.41,2691.16,2705.5,3886.6407
1727478000000,2705.51,2708.14,2694.43,2694.43,3773.1149
1727481600000,2694.43,2700.5,2690.31,2696.39,4286.4101
1727485200000,2696.39,2698.55,2691.5,2697.85,4002.9705
1727488800000,2697.85,2704.35,2688.01,2700.33,6368.255
1727492400000,2700.32,2703.35,2688.01,2690.31,6470.4459
1727496000000,2690.31,2700.36,2687.6,2692.87,6612.5302
1727499600000,2692.88,2694.54,2682.69,2683.09,5582.8767
1727503200000,2683.08,2687.0,2674.75,2679.21,7626.2649
1727506800000,2679.2,2683.7,2675.59,2677.93,4297.0458
1727510400000,2677.93,2678.42,2665.0,2666.0,9980.4374
1727514000000,2666.0,2670.87,2650.0,2669.92,10359.3088
1727517600000,2669.92,2676.92,2666.75,2675.69,4998.9769
1727521200000,2675.7,2677.14,2670.52,2675.22,4342.4775
1727524800000,2675.23,2675.9,2655.1,2658.9,9120.1707
1727528400000,2658.91,2663.6,2652.2,2659.6,5988.3538
1727532000000,2659.61,2675.82,2659.61,2673.56,6164.042
1727535600000,2673.56,2673.59,2667.32,2669.9,3400.1057
1727539200000,2669.89,2672.26,2662.21,2665.08,4944.1309
1727542800000,2665.08,2683.74,2663.52,2675.47,10473.6467
1727546400000,2675.47,2684.51,2675.08,2675.37,3668.4366
1727550000000,2675.38,2680.2,2675.12,2678.34,2313.3742
1727553600000,2678.33,2679.99,2673.25,2675.51,2026.7404
1727557200000,2675.52,2676.97,2655.5,2670.69,4507.5971
1727560800000,2670.7,2680.26,2664.8,2675.0,6272.6799
1727564400000,2675.01,2680.33,2669.12,2675.21,3422.7565
1727568000000,2675.21,2682.21,2663.64,2668.26,4433.4976
1727571600000,2668.25,2675.93,2665.0,2675.66,3014.2611
1727575200000,2675.67,2683.7,2672.64,2675.01,3731.4276
1727578800000,2675.0,2676.0,2667.19,2674.96,2234.1212
1727582400000,2674.96,2674.96,2666.11,2670.75,3146.8561
1727586000000,2670.74,2674.37,2662.06,2665.31,3515.3221
1727589600000,2665.31,2668.2,2648.0,2650.0,25950.1137
1727593200000,2650.0,2654.29,2629.73,2640.44,22567.8155
1727596800000,2640.43,2648.77,2634.2,2647.5,8000.5532
1727600400000,2647.49,2652.5,2645.99,2647.33,8255.4881
1727604000000,2647.33,2648.19,2638.2,2646.63,3470.0667
1727607600000,2646.63,2655.0,2644.94,2652.49,4594.6755
1727611200000,2652.49,2659.16,2644.49,2646.17,5780.4564
1727614800000,2646.17,2659.0,2641.0,2656.2,5231.8105
1727618400000,2656.2,2657.0,2647.88,2652.87,4186.4736
1727622000000,2652.88,2669.2,2651.0,2666.38,9693.2489
1727625600000,2666.38,2668.25,2650.49,2663.94,7773.4232
1727629200000,2663.94,2671.8,2661.6,2662.79,5841.3629
1727632800000,2662.8,2665.7,2660.01,2663.79,3482.9923
1727636400000,2663.79,2667.63,2663.1,2666.78,3272.0333
1727640000000,2666.77,2673.41,2658.01,2660.89,7578.8239
1727643600000,2660.89,2668.77,2660.12,2666.63,3511.7345
1727647200000,2666.62,2671.52,2655.5,2655.82,6182.3088
1727650800000,2655.82,2662.38,2648.0,2657.62,5105.4479
1727654400000,2657.62,2663.5,2625.31,2648.68,14393.8083
1727658000000,2648.68,2655.8,2613.5,2615.17,17982.9821
1727661600000,2615.17,2622.0,2601.12,2613.27,17612.8948
1727665200000,2613.26,2632.0,2604.99,2629.89,17484.9625
1727668800000,2629.89,2630.56,2623.08,2628.39,7130.8126
1727672400000,2628.39,2637.62,2624.62,2636.2,7052.4308
1727676000000,2636.2,2643.53,2629.34,2629.84,7844.6554
1727679600000,2629.84,2643.38,2629.63,2637.82,5969.5032
1727683200000,2637.81,2643.08,2625.31,2641.29,13362.7411
1727686800000,2641.29,2642.25,2607.0,2607.0,18063.5472
1727690400000,2607.01,2614.86,2592.42,2605.55,22018.0477
1727694000000,2605.55,2632.84,2601.5,2628.94,13342.2008
1727697600000,2628.94,2635.99,2626.68,2633.81,5765.1831
1727701200000,2633.81,2638.94,2621.55,2625.21,7430.8879
1727704800000,2625.21,2628.92,2605.32,2611.36,10256.129
1727708400000,2611.36,2623.1,2593.73,2596.0,12315.154
1727712000000,2595.99,2610.0,2590.0,2603.59,9962.2834
1727715600000,2603.6,2609.39,2591.49,2609.39,6873.4037
1727719200000,2609.38,2610.01,2575.0,2589.09,20205.2728
1727722800000,2589.09,2601.95,2583.99,2595.31,8030.6907
1727726400000,2595.31,2617.46,2593.45,2614.41,13747.5178
1727730000000,2614.41,2615.69,2599.97,2610.55,6635.4001
1727733600000,2610.54,2614.41,2601.55,2602.39,6591.3041
1727737200000,2602.39,2610.37,2576.58,2602.23,12403.983
1727740800000,2602.24,2623.52,2591.34,2618.82,16671.6639
1727744400000,2618.82,2629.37,2616.21,2621.62,12152.2089
1727748000000,2621.62,2621.73,2608.2,2619.73,7071.276
1727751600000,2619.73,2633.3,2617.45,2629.83,10826.3299
1727755200000,2629.83,2647.25,2627.6,2644.6,15475.7292
1727758800000,2644.61,2645.5,2636.55,2639.9,6324.0388
1727762400000,2639.91,2659.0,2639.82,2656.4,11698.9107
1727766000000,2656.4,2657.6,2643.52,2645.61,8461.775
1727769600000,2645.61,2647.19,2635.46,2640.99,8747.1876
1727773200000,2640.99,2645.47,2634.65,2635.18,6858.1648
1727776800000,2635.19,2639.6,2631.59,2638.02,6207.0827
1727780400000,2638.03,2639.51,2628.47,2628.87,6281.8561
1727784000000,2628.86,2633.42,2619.79,2621.85,8698.0182
1727787600000,2621.84,2622.9,2566.75,2580.7,35795.0171
1727791200000,2580.7,2591.36,2536.0,2549.54,44612.3792
1727794800000,2549.55,2551.5,2481.4,2524.81,73257.9376
1727798400000,2524.81,2531.4,2483.0,2509.78,36889.357
1727802000000,2509.77,2512.31,2428.34,2505.99,72782.8158
1727805600000,2505.99,2519.71,2492.1,2502.0,17571.3556
1727809200000,2502.0,2506.8,2486.2,2488.71,10251.1038
1727812800000,2488.71,2492.4,2414.0,2451.78,49772.3263
1727816400000,2451.78,2474.59,2445.18,2471.84,13093.3505
1727820000000,2471.84,2471.85,2446.08,2453.93,14735.9904
1727823600000,2453.94,2457.09,2440.0,2447.79,8592.8053
1727827200000,2447.78,2467.56,2442.13,2464.22,13260.23
1727830800000,2464.21,2482.21,2460.78,2480.64,11685.2509
1727834400000,2480.64,2499.0,2475.25,2492.52,10539.1756
1727838000000,2492.53,2496.27,2484.29,2489.6,9266.056
1727841600000,2489.6,2490.26,2475.42,2486.98,7584.48
1727845200000,2486.98,2491.81,2472.64,2478.0,6538.1579
1727848800000,2478.0,2490.2,2467.19,2485.84,8630.6768
1727852400000,2485.84,2492.93,2475.24,2482.04,11001.2084
1727856000000,2482.03,2486.89,2475.29,2480.79,6451.5536
1727859600000,2480.78,2481.92,2447.0,2452.67,13962.1071
1727863200000,2452.67,2470.58,2448.31,2450.99,8428.5172
1727866800000,2451.0,2465.79,2441.71,2455.22,11076.0444
1727870400000,2455.22,2461.22,2432.51,2435.33,16292.86
1727874000000,2435.33,2456.22,2418.8,2450.32,26292.0303
1727877600000,2450.33,2459.4,2431.81,2434.39,16110.7419
1727881200000,2434.4,2463.67,2433.47,2460.4,10756.0358
1727884800000,2460.4,2478.89,2452.25,2452.84,11169.1383
1727888400000,2452.85,2454.0,2433.48,2446.71,7898.8674
1727892000000,2446.71,2447.15,2389.05,2389.82,24804.9397
1727895600000,2389.82,2399.79,2368.03,2371.77,31113.283
1727899200000,2371.77,2392.99,2360.0,2386.1,19337.8359
1727902800000,2386.11,2387.18,2363.89,2378.94,10018.8988
1727906400000,2378.95,2382.26,2352.0,2382.12,15128.905
1727910000000,2382.12,2382.98,2360.33,2364.1,10137.741
1727913600000,2364.09,2382.59,2352.59,2372.16,17092.4473
1727917200000,2372.16,2393.31,2371.66,2384.53,10337.8256
1727920800000,2384.54,2397.55,2381.65,2391.8,7199.4791
1727924400000,2391.8,2399.6,2385.4,2399.32,7488.6301
1727928000000,2399.32,2403.38,2391.74,2397.54,6179.7693
1727931600000,2397.55,2399.2,2380.8,2383.62,13040.2305
1727935200000,2383.62,2393.52,2379.44,2389.11,4304.7088
1727938800000,2389.11,2392.92,2360.0,2364.66,18844.7923
1727942400000,2364.65,2367.38,2328.26,2337.52,38330.3402
1727946000000,2337.51,2353.53,2318.72,2352.77,22989.8927
1727949600000,2352.77,2369.38,2348.17,2368.58,9062.0468
1727953200000,2368.57,2370.0,2347.81,2352.34,12906.6473
1727956800000,2352.35,2357.8,2336.94,2352.35,10167.1028
1727960400000,2352.34,2357.74,2325.04,2347.29,19615.3218
1727964000000,2347.3,2366.09,2315.0,2317.55,31300.9172
1727967600000,2317.55,2346.04,2310.0,2340.59,26101.5575
1727971200000,2340.6,2343.84,2312.0,2324.9,15281.8016
1727974800000,2324.9,2349.73,2315.65,2343.83,12270.5229
1727978400000,2343.83,2351.7,2337.65,2344.15,6963.6984
1727982000000,2344.14,2354.31,2338.2,2353.51,5034.6746
1727985600000,2353.51,2354.83,2338.2,2341.97,6323.0942
1727989200000,2341.97,2353.99,2332.6,2350.42,4710.2119
1727992800000,2350.42,2355.19,2343.24,2352.08,4843.6101
1727996400000,2352.08,2357.9,2345.0,2349.8,4246.6033
1728000000000,2349.8,2352.83,2339.15,2340.36,6921.6592
1728003600000,2340.37,2378.92,2339.89,2377.56,16566.0853
1728007200000,2377.56,2380.0,2366.99,2370.4,10781.6514
1728010800000,2370.41,2371.87,2361.35,2367.06,3889.9902
1728014400000,2367.07,2381.4,2365.63,2374.22,8896.3548
1728018000000,2374.22,2385.12,2372.28,2383.34,5823.2308
1728021600000,2383.34,2387.58,2374.3,2374.97,5686.3476
1728025200000,2374.96,2386.28,2370.9,2381.6,9023.8397
1728028800000,2381.6,2393.52,2378.04,2381.51,10313.7143
1728032400000,2381.51,2387.82,2374.48,2377.15,7164.6453
1728036000000,2377.15,2380.3,2374.11,2375.17,3503.6003
1728039600000,2375.17,2386.49,2374.21,2386.2,3962.9595
1728043200000,2386.2,2399.05,2374.65,2397.35,17940.6705
1728046800000,2397.35,2399.99,2376.16,2378.59,15926.2883
1728050400000,2378.59,2383.3,2352.6,2367.21,17158.0439
1728054000000,2367.21,2418.41,2366.95,2417.05,28238.7258
1728057600000,2417.1,2441.64,2413.4,2433.73,25859.7157
1728061200000,2433.73,2437.4,2409.67,2415.25,12562.8677
1728064800000,2415.25,2432.46,2409.99,2432.2,7199.0087
1728068400000,2432.19,2436.1,2423.6,2428.9,6703.4552
1728072000000,2428.9,2431.74,2421.87,2429.3,4657.8411
1728075600000,2429.29,2431.22,2422.68,2424.35,3026.8565
1728079200000,2424.34,2428.35,2417.38,2420.91,3077.5266
1728082800000,2420.91,2421.5,2412.4,2414.41,4497.9386
1728086400000,2414.41,2425.16,2412.67,2425.15,4440.3937
1728090000000,2425.16,2428.23,2415.18,2417.91,4984.7478
1728093600000,2417.92,2418.66,2401.05,2401.57,5094.255
1728097200000,2401.58,2403.62,2390.26,2399.6,5836.857
1728100800000,2399.61,2409.19,2397.11,2405.56,3088.4104
1728104400000,2405.57,2417.95,2404.8,2417.94,3625.2607
1728108000000,2417.95,2427.0,2413.21,2424.28,3317.7002
1728111600000,2424.28,2426.16,2415.1,2415.1,4607.102
1728115200000,2415.11,2421.35,2415.1,2419.66,2871.8219
1728118800000,2419.67,2428.22,2418.66,2425.13,4642.8356
1728122400000,2425.12,2426.95,2417.34,2419.22,3347.677
1728126000000,2419.22,2422.25,2416.63,2417.19,3163.9194
1728129600000,2417.19,2422.8,2417.07,2422.8,3214.1194
1728133200000,2422.79,2424.15,2408.02,2409.91,6069.5848
1728136800000,2409.91,2418.86,2404.7,2414.46,4939.0478
1728140400000,2414.47,2417.0,2406.23,2415.01,6347.9621
1728144000000,2415.01,2416.1,2403.6,2404.82,3599.1577
1728147600000,2404.83,2410.62,2402.28,2410.15,2669.219
1728151200000,2410.16,2411.8,2396.0,2402.57,5999.5533
1728154800000,2402.57,2402.57,2392.8,2396.54,6528.2794
1728158400000,2396.54,2399.97,2390.05,2392.35,3909.2791
1728162000000,2392.35,2409.35,2392.12,2403.38,3484.7873
1728165600000,2403.39,2419.5,2403.03,2418.0,5060.7624
1728169200000,2418.0,2419.5,2411.28,2414.66,2897.4986
1728172800000,2414.66,2415.9,2407.0,2410.47,2567.9815
1728176400000,2410.48,2423.0,2408.76,2420.68,3702.7265
1728180000000,2420.68,2422.5,2414.11,2416.5,2470.7844
1728183600000,2416.5,2421.68,2413.2,2413.64,3124.0739
1728187200000,2413.63,2420.8,2410.35,2415.28,4184.0607
1728190800000,2415.28,2418.2,2411.63,2417.06,2173.4772
1728194400000,2417.06,2421.0,2413.63,2416.13,2358.4653
1728198000000,2416.13,2419.76,2416.13,2417.38,1839.4579
1728201600000,2417.39,2426.6,2415.4,2420.99,4075.159
1728205200000,2420.98,2428.0,2420.45,2422.01,2791.3028
1728208800000,2422.01,2422.5,2419.08,2420.04,2215.2461
1728212400000,2420.05,2430.73,2419.17,2426.63,4837.7078
1728216000000,2426.64,2433.74,2424.91,2429.42,4851.8473
1728219600000,2429.42,2437.59,2429.09,2431.06,4977.0984
1728223200000,2431.07,2457.8,2426.7,2452.9,10015.625
1728226800000,2452.89,2455.4,2439.31,2446.62,8341.2024
1728230400000,2446.62,2453.0,2436.4,2436.99,8098.3886
1728234000000,2436.99,2443.8,2435.4,2441.89,4101.0185
1728237600000,2441.9,2449.4,2441.18,2446.33,3529.4419
1728241200000,2446.33,2452.84,2438.95,2441.39,4356.1371
1728244800000,2441.4,2444.37,2437.6,2438.78,3090.6016
1728248400000,2438.77,2442.7,2415.65,2417.83,7535.5033
1728252000000,2417.83,2432.3,2417.65,2431.91,3612.5487
1728255600000,2431.9,2444.6,2431.8,2440.03,6902.8537
1728259200000,2440.02,2490.24,2435.84,2488.76,22528.3442
1728262800000,2488.78,2499.0,2483.64,2496.83,11997.6458
1728266400000,2496.83,2512.92,2495.6,2504.75,15402.6277
1728270000000,2504.74,2511.9,2488.0,2495.34,14977.4947
1728273600000,2495.34,2498.7,2486.5,2487.71,6559.0446
1728277200000,2487.71,2493.67,2481.01,2484.89,5733.0719
1728280800000,2484.9,2491.1,2483.07,2490.42,5549.1553
1728284400000,2490.42,2492.18,2477.24,2480.53,6678.4119
1728288000000,2480.54,2488.87,2479.98,2482.6,5272.6801
1728291600000,2482.6,2482.6,2448.53,2458.62,16971.9107
1728295200000,2458.62,2458.73,2437.9,2449.13,13976.6658
1728298800000,2449.13,2476.57,2439.04,2475.84,16847.1474
1728302400000,2475.84,2476.46,2462.67,2465.59,9977.6034
1728306000000,2465.6,2485.2,2463.12,2475.69,11316.0798
1728309600000,2475.69,2521.0,2475.31,2498.52,30817.224
1728313200000,2498.51,2500.0,2471.34,2474.23,17872.7384
1728316800000,2474.24,2479.16,2458.42,2478.5,11189.769
1728320400000,2478.5,2481.2,2466.85,2476.49,5793.3379
1728324000000,2476.49,2477.0,2420.01,2425.07,23228.3147
1728327600000,2425.07,2449.6,2423.87,2445.62,9927.1911
1728331200000,2445.62,2448.8,2437.59,2442.0,4604.4025
1728334800000,2442.01,2457.59,2441.0,2454.77,5434.8286
1728338400000,2454.76,2457.65,2411.21,2416.7,12792.6313
1728342000000,2416.71,2434.2,2403.0,2422.71,15011.2199
1728345600000,2422.7,2439.35,2422.7,2437.03,5441.8709
1728349200000,2437.03,2440.0,2426.49,2434.75,5953.4601
1728352800000,2434.75,2448.0,2424.0,2445.79,7123.4508
1728356400000,2445.79,2448.1,2436.25,2438.13,4923.5993
1728360000000,2438.13,2445.74,2433.33,2437.44,4672.8418
1728363600000,2437.44,2439.04,2419.18,2428.4,8726.5488
1728367200000,2428.4,2438.75,2415.8,2435.66,8152.2349
1728370800000,2435.66,2435.89,2410.51,2428.6,9087.6946
1728374400000,2428.6,2431.66,2421.0,2426.67,6767.2253
1728378000000,2426.68,2437.31,2417.4,2433.31,6013.7986
1728381600000,2433.3,2435.79,2427.52,2429.96,3994.1607
1728385200000,2429.96,2441.74,2428.55,2439.71,3874.2395
1728388800000,2439.71,2442.77,2427.04,2428.69,6111.2002
1728392400000,2428.69,2450.27,2419.68,2448.28,11524.1172
1728396000000,2448.28,2453.23,2413.2,2435.4,16105.6508
1728399600000,2435.4,2441.48,2401.18,2419.5,29438.4324
1728403200000,2419.49,2450.0,2411.17,2446.0,12232.1958
1728406800000,2445.99,2446.0,2426.47,2442.87,9449.2465
1728410400000,2442.88,2456.62,2427.23,2436.84,13885.9443
1728414000000,2436.85,2443.73,2424.1,2440.13,7654.1449
1728417600000,2440.13,2444.8,2434.84,2443.9,3462.4072
1728421200000,2443.9,2466.66,2440.48,2456.54,6404.6633
1728424800000,2456.55,2459.68,2439.6,2441.76,6126.9008
1728428400000,2441.76,2445.65,2434.06,2440.89,4232.3025
1728432000000,2440.88,2443.89,2427.44,2438.04,6470.2943
1728435600000,2438.04,2473.61,2434.84,2462.4,14752.1891
1728439200000,2462.4,2463.0,2447.6,2447.6,5286.393
1728442800000,2447.6,2454.28,2440.9,2446.78,9426.7211
1728446400000,2446.78,2447.94,2439.5,2445.49,6352.6079
1728450000000,2445.49,2452.12,2442.56,2451.13,4892.8783
1728453600000,2451.13,2452.61,2442.0,2443.73,3584.4244
1728457200000,2443.72,2443.72,2431.71,2436.01,6393.5814
1728460800000,2436.0,2440.2,2429.28,2430.99,7184.4532
1728464400000,2431.0,2438.48,2427.79,2437.33,6735.7341
1728468000000,2437.32,2437.49,2427.81,2434.59,4647.3383
1728471600000,2434.59,2442.55,2432.79,2441.7,4418.2044
1728475200000,2441.69,2445.62,2425.6,2434.8,9404.2142
1728478800000,2434.8,2437.8,2423.13,2429.4,12408.2216
1728482400000,2429.4,2443.48,2425.25,2436.91,13390.5141
1728486000000,2436.92,2472.08,2436.0,2461.3,20375.0531
1728489600000,2461.3,2462.61,2431.0,2434.13,12198.3304
1728493200000,2434.14,2440.42,2428.47,2434.25,5908.7752
1728496800000,2434.24,2437.35,2409.0,2415.2,16172.0552
1728500400000,2415.21,2421.77,2407.43,2418.3,6483.9721
1728504000000,2418.3,2418.3,2353.2,2356.17,35129.2375
1728507600000,2356.18,2380.51,2351.42,2378.43,13405.1936
1728511200000,2378.43,2381.4,2366.7,2373.46,10271.5362
1728514800000,2373.45,2376.48,2363.8,2370.47,6790.3498
1728518400000,2370.47,2383.82,2366.87,2375.86,9710.1025
1728522000000,2375.87,2400.6,2375.01,2391.7,10430.5143
1728525600000,2391.7,2400.36,2391.64,2394.43,12624.2333
1728529200000,2394.43,2398.4,2392.95,2395.3,5413.523
1728532800000,2395.31,2399.43,2391.12,2394.8,4017.1174
1728536400000,2394.79,2411.38,2392.57,2405.58,6019.7819
1728540000000,2405.58,2410.0,2400.69,2408.75,5468.4377
1728543600000,2408.74,2408.74,2394.51,2395.8,4512.7361
1728547200000,2395.78,2397.64,2380.61,2381.99,7221.8433
1728550800000,2382.0,2388.1,2368.55,2387.09,11321.074
1728554400000,2387.08,2400.7,2387.08,2397.21,6559.628
1728558000000,2397.21,2408.12,2395.05,2406.56,7394.9073
1728561600000,2406.56,2408.93,2379.01,2388.01,14749.2381
1728565200000,2388.01,2396.96,2373.0,2382.81,10919.6712
1728568800000,2382.81,2388.4,2370.0,2381.82,12331.9728
1728572400000,2381.82,2405.56,2376.7,2404.63,12310.9574
1728576000000,2404.62,2421.36,2389.99,2392.71,23706.7317
1728579600000,2392.71,2398.0,2364.05,2373.17,21563.9074
1728583200000,2373.17,2374.1,2330.66,2357.73,40312.8601
1728586800000,2357.73,2370.21,2350.81,2367.13,7726.3768
1728590400000,2367.13,2377.9,2357.07,2369.29,8800.2896
1728594000000,2369.28,2387.09,2362.01,2387.08,6020.1382
1728597600000,2387.08,2387.08,2371.6,2377.96,5745.9422
1728601200000,2377.96,2386.5,2377.96,2386.49,2980.9776
1728604800000,2386.49,2390.82,2382.0,2386.32,5004.8474
1728608400000,2386.31,2415.4,2381.86,2406.9,10709.3364
1728612000000,2406.91,2410.7,2394.77,2400.12,8111.2762
1728615600000,2400.11,2416.94,2400.11,2411.1,6464.3709
1728619200000,2411.18,2416.02,2405.27,2409.14,4703.4929
1728622800000,2409.13,2413.6,2403.36,2406.26,5046.094
1728626400000,2406.26,2418.55,2404.8,2411.4,6747.4451
1728630000000,2411.39,2415.5,2405.14,2407.64,8318.702
1728633600000,2407.64,2409.87,2403.0,2403.1,4516.1274
1728637200000,2403.1,2418.87,2402.65,2414.8,10415.7463
1728640800000,2414.8,2426.22,2411.09,2414.71,9016.5975
1728644400000,2414.72,2421.84,2412.0,2417.82,5129.3529
1728648000000,2417.83,2428.41,2414.51,2425.3,10359.4567
1728651600000,2425.31,2438.6,2416.54,2431.31,15502.9439
1728655200000,2431.31,2439.71,2425.78,2432.5,26006.2319
1728658800000,2432.51,2453.84,2432.18,2443.81,18919.0678
1728662400000,2443.8,2449.48,2435.12,2438.38,12935.3975
1728666000000,2438.39,2452.96,2433.46,2450.04,10532.7143
1728669600000,2450.04,2450.5,2439.75,2446.01,8857.0546
1728673200000,2446.0,2471.45,2444.93,2459.6,21930.7762
1728676800000,2459.59,2462.31,2452.43,2457.14,5705.8859
1728680400000,2457.14,2461.3,2450.02,2450.02,6123.2777
1728684000000,2450.02,2452.58,2437.57,2439.38,9806.2044
1728687600000,2439.38,2444.99,2434.22,2439.5,4578.8198
1728691200000,2439.49,2448.35,2436.2,2444.31,7441.2573
1728694800000,2444.3,2451.37,2442.0,2444.31,9969.261
1728698400000,2444.3,2444.79,2435.49,2436.67,4908.8693
1728702000000,2436.66,2441.02,2434.35,2439.04,3261.9983
1728705600000,2439.05,2451.77,2439.05,2445.95,5693.9389
1728709200000,2445.94,2448.21,2442.46,2447.41,4904.2448
1728712800000,2447.41,2448.98,2445.42,2446.5,3433.0226
1728716400000,2446.5,2447.22,2442.72,2446.69,5076.2606
1728720000000,2446.68,2447.0,2442.61,2445.8,3169.4445
1728723600000,2445.8,2447.03,2443.45,2445.39,3112.5053
1728727200000,2445.38,2457.5,2443.6,2455.5,8117.396
1728730800000,2455.5,2467.51,2450.97,2452.5,7959.893
1728734400000,2452.5,2459.74,2448.8,2458.01,5308.2376
1728738000000,2458.01,2462.31,2455.9,2461.72,4479.0409
1728741600000,2461.72,2479.33,2458.0,2471.43,11942.2849
1728745200000,2471.43,2484.0,2466.0,2473.11,16430.3085
1728748800000,2473.1,2486.75,2469.5,2469.73,9283.1306
1728752400000,2469.73,2481.12,2468.51,2475.9,4587.8974
1728756000000,2475.9,2482.0,2467.65,2469.72,4467.7009
1728759600000,2469.72,2474.12,2466.66,2472.6,3530.2124
1728763200000,2472.6,2473.3,2469.1,2470.5,2200.4162
1728766800000,2470.51,2480.53,2470.35,2479.87,2992.6968
1728770400000,2479.87,2490.51,2475.9,2487.32,4319.8233
1728774000000,2487.31,2488.46,2476.4,2476.4,3047.6651
1728777600000,2476.4,2484.92,2475.1,2476.83,4913.3139
1728781200000,2476.83,2476.83,2462.35,2467.39,6896.0602
1728784800000,2467.39,2470.36,2464.8,2469.67,4109.2358
1728788400000,2469.67,2470.21,2452.55,2457.86,6305.8224
1728792000000,2457.86,2464.2,2457.32,2463.53,2760.1454
1728795600000,2463.53,2468.94,2462.59,2463.59,3028.7325
1728799200000,2463.6,2469.84,2463.42,2464.97,3550.1945
1728802800000,2464.97,2467.01,2459.87,2465.0,2490.2372
1728806400000,2465.0,2471.74,2461.0,2463.13,4034.1018
1728810000000,2463.13,2468.27,2462.52,2467.6,2422.8985
1728813600000,2467.59,2470.98,2462.49,2462.8,2800.4313
1728817200000,2462.8,2466.39,2457.52,2458.27,4028.7873
1728820800000,2458.27,2467.49,2458.06,2465.32,3461.3395
1728824400000,2465.32,2470.49,2462.69,2464.46,3443.5011
1728828000000,2464.45,2464.45,2444.8,2447.06,8824.2891
1728831600000,2447.05,2452.2,2436.4,2440.51,9574.5665
1728835200000,2440.51,2459.41,2437.92,2455.24,7986.982
1728838800000,2455.24,2462.31,2440.7,2446.3,7920.5488
1728842400000,2446.3,2453.9,2440.0,2444.5,4293.5759
1728846000000,2444.5,2458.8,2444.5,2458.09,4062.3152
1728849600000,2458.09,2460.79,2452.87,2460.71,4273.5468
1728853200000,2460.72,2469.59,2457.6,2465.01,5434.5138
1728856800000,2465.0,2484.6,2463.6,2467.11,8630.9221
1728860400000,2467.11,2470.0,2460.67,2468.91,4776.7563
1728864000000,2468.92,2469.8,2449.6,2452.77,5727.8741
1728867600000,2452.76,2464.04,2450.02,2452.62,5158.1256
1728871200000,2452.62,2452.84,2443.39,2452.3,5034.9039
1728874800000,2452.29,2526.6,2451.25,2521.11,49419.3504
1728878400000,2521.11,2548.43,2521.11,2542.15,33670.0208
1728882000000,2542.16,2544.36,2511.34,2531.44,21355.461
1728885600000,2531.45,2539.0,2524.6,2528.37,11950.3393
1728889200000,2528.38,2540.52,2516.05,2535.78,23702.0612
1728892800000,2535.78,2543.72,2521.97,2524.58,15509.3355
1728896400000,2524.58,2538.7,2519.65,2533.87,8950.6451
1728900000000,2533.87,2545.65,2531.0,2540.87,11261.2318
1728903600000,2540.86,2547.49,2535.46,2537.9,8963.3475
1728907200000,2537.91,2564.97,2534.47,2555.2,23823.5328
1728910800000,2555.2,2575.28,2546.66,2568.99,28254.9066
1728914400000,2569.0,2638.05,2567.99,2622.59,62391.9217
1728918000000,2622.59,2642.88,2617.4,2635.47,34918.2285
1728921600000,2635.47,2640.4,2615.12,2620.3,21044.2318
1728925200000,2620.29,2634.63,2617.0,2627.03,11801.3867
1728928800000,2627.03,2635.68,2623.16,2629.58,7510.5007
1728932400000,2629.57,2634.1,2619.0,2620.51,11319.4843
1728936000000,2620.5,2629.32,2617.71,2621.69,5527.3429
1728939600000,2621.69,2624.47,2616.1,2616.98,3887.3338
1728943200000,2616.98,2651.8,2616.55,2649.8,15143.5119
1728946800000,2649.79,2654.0,2626.33,2629.79,9575.084
1728950400000,2629.79,2637.38,2617.93,2622.75,9109.2021
1728954000000,2622.76,2634.11,2621.0,2629.76,6435.8852
1728957600000,2629.76,2634.44,2625.0,2627.4,7768.1134
1728961200000,2627.4,2627.5,2608.52,2612.32,9386.7352
1728964800000,2612.33,2618.71,2605.61,2614.67,8036.8866
1728968400000,2614.68,2615.63,2590.29,2594.99,13456.6761
1728972000000,2595.0,2610.65,2592.73,2608.7,8057.0996
1728975600000,2608.7,2623.7,2608.7,2615.66,10186.4887
1728979200000,2615.67,2622.5,2614.99,2617.36,8013.5068
1728982800000,2617.37,2618.95,2607.26,2609.94,10124.6902
1728986400000,2609.94,2620.64,2605.57,2613.17,8156.7655
1728990000000,2613.17,2614.2,2580.01,2586.2,19743.612
1728993600000,2586.2,2610.0,2582.18,2602.51,14753.3363
1728997200000,2602.5,2676.31,2597.01,2671.18,39286.7504
1729000800000,2671.19,2688.6,2562.35,2568.01,91091.9866
1729004400000,2568.02,2589.18,2537.36,2573.45,46179.9473
1729008000000,2573.42,2619.33,2571.36,2592.85,25221.7329
1729011600000,2592.84,2600.4,2576.0,2582.04,14549.1001
1729015200000,2582.03,2605.62,2580.49,2592.97,12972.8996
1729018800000,2592.98,2598.28,2580.12,2592.11,17416.7588
1729022400000,2592.11,2595.5,2563.6,2572.0,13835.8357
1729026000000,2572.0,2590.0,2568.42,2588.29,7334.0893
1729029600000,2588.28,2603.46,2585.02,2594.5,8296.1057
1729033200000,2594.5,2609.08,2591.54,2607.41,6871.4622
1729036800000,2607.41,2608.46,2596.0,2596.39,7294.2256
1729040400000,2596.39,2624.82,2588.67,2619.5,15936.0617
1729044000000,2619.49,2630.6,2617.72,2622.08,9958.1097
1729047600000,2622.08,2623.0,2614.2,2617.23,8370.7524
1729051200000,2617.22,2621.47,2603.25,2614.5,8151.8069
1729054800000,2614.51,2624.44,2611.41,2619.01,13463.8052
1729058400000,2619.01,2621.9,2604.2,2611.21,9606.2852
1729062000000,2611.2,2611.21,2598.77,2607.13,13732.8614
1729065600000,2607.12,2617.15,2605.01,2609.06,8178.4003
1729069200000,2609.06,2622.74,2608.0,2620.32,8821.1861
1729072800000,2620.33,2630.2,2612.81,2615.87,14957.1535
1729076400000,2615.87,2642.69,2608.99,2630.4,25448.5017
1729080000000,2630.41,2647.79,2623.8,2628.06,15914.8071
1729083600000,2628.05,2636.03,2599.83,2606.36,21329.0715
1729087200000,2606.37,2645.59,2595.0,2607.59,23061.8028
1729090800000,2607.59,2618.68,2598.2,2607.67,8837.0596
1729094400000,2607.68,2619.89,2591.58,2618.71,12524.2028
1729098000000,2618.71,2626.83,2610.84,2621.0,6841.6889
1729101600000,2621.0,2628.0,2615.64,2617.38,5518.8531
1729105200000,2617.39,2619.5,2611.12,2614.93,4364.4387
1729108800000,2614.93,2628.83,2614.25,2618.11,5002.9383
1729112400000,2618.11,2621.75,2608.94,2613.79,4140.6907
1729116000000,2613.79,2625.36,2613.25,2621.91,5287.8054
1729119600000,2621.91,2622.74,2609.49,2611.1,3579.9156
1729123200000,2611.1,2625.0,2611.1,2617.22,6125.3208
1729126800000,2617.22,2642.66,2610.03,2642.56,13391.9029
1729130400000,2642.56,2643.39,2617.3,2624.5,10465.575
1729134000000,2624.51,2645.6,2623.0,2640.8,12114.074
1729137600000,2640.8,2648.37,2625.99,2627.86,9534.1093
1729141200000,2627.86,2638.64,2625.19,2626.67,6628.3611
1729144800000,2626.67,2636.37,2618.99,2625.12,8008.9556
1729148400000,2625.13,2630.0,2620.81,2628.5,9662.0841
1729152000000,2628.5,2630.71,2615.3,2626.8,9498.8056
1729155600000,2626.81,2627.81,2616.0,2616.85,8802.2181
1729159200000,2616.86,2619.88,2599.32,2614.31,11402.9271
1729162800000,2614.31,2617.87,2596.49,2598.01,8257.4134
1729166400000,2598.01,2614.79,2595.45,2614.53,5907.5034
1729170000000,2614.53,2617.2,2593.0,2600.27,11260.0749
1729173600000,2600.28,2609.5,2583.5,2607.71,17993.2217
1729177200000,2607.71,2632.73,2600.37,2630.82,18209.3693
1729180800000,2630.81,2631.43,2606.41,2612.67,9865.6011
1729184400000,2612.67,2618.9,2601.15,2605.99,6850.3932
1729188000000,2606.0,2606.79,2575.4,2587.12,14877.175
1729191600000,2587.13,2598.71,2583.1,2595.59,4433.8814
1729195200000,2595.6,2607.99,2594.8,2597.99,4943.7003
1729198800000,2597.99,2606.14,2597.67,2603.82,2374.6546
1729202400000,2603.82,2614.91,2603.82,2612.68,4991.8373
1729206000000,2612.68,2612.98,2601.64,2605.8,6025.3842
1729209600000,2605.79,2608.32,2596.49,2597.25,6230.3829
1729213200000,2597.25,2651.66,2596.8,2643.87,22025.5539
1729216800000,2643.88,2646.0,2628.42,2633.8,16074.6453
1729220400000,2633.79,2634.36,2608.76,2609.99,10919.4036
1729224000000,2609.98,2622.2,2608.79,2615.69,8170.1995
1729227600000,2615.69,2628.28,2612.62,2627.49,5799.4813
1729231200000,2627.5,2638.73,2625.26,2627.29,9330.0958
1729234800000,2627.29,2645.83,2625.11,2644.5,16483.203
1729238400000,2644.51,2650.0,2635.2,2638.29,12131.6954
1729242000000,2638.3,2639.5,2621.2,2624.75,9119.5777
1729245600000,2624.74,2631.21,2624.0,2627.55,7015.5344
1729249200000,2627.54,2632.5,2621.0,2621.98,5760.075
1729252800000,2621.98,2624.75,2613.12,2616.61,7502.3826
1729256400000,2616.6,2629.6,2612.2,2627.76,14581.3898
1729260000000,2627.76,2646.44,2617.5,2641.79,27546.3203
1729263600000,2641.79,2663.4,2637.46,2653.15,23664.4564
1729267200000,2653.15,2656.4,2629.5,2651.49,19910.4383
1729270800000,2651.49,2656.0,2639.53,2647.0,11863.7561
1729274400000,2647.0,2675.58,2641.31,2663.5,20265.7232
1729278000000,2663.5,2668.0,2648.79,2651.31,13294.3738
1729281600000,2651.38,2652.03,2641.6,2643.52,7555.4657
1729285200000,2643.52,2648.12,2636.86,2642.5,4674.3838
1729288800000,2642.49,2642.77,2633.59,2636.46,6778.6479
1729292400000,2636.46,2644.78,2636.13,2642.17,5746.9296
1729296000000,2642.17,2643.4,2636.0,2639.7,5035.4039
1729299600000,2639.7,2646.0,2635.31,2635.89,5764.6777
1729303200000,2635.9,2648.4,2635.22,2647.11,4982.2942
1729306800000,2647.11,2663.49,2645.74,2646.41,8568.7462
1729310400000,2646.41,2650.97,2640.55,2640.74,4571.9629
1729314000000,2640.73,2647.97,2640.73,2647.21,3068.0707
1729317600000,2647.2,2647.52,2642.41,2644.26,4605.8063
1729321200000,2644.25,2645.0,2638.0,2641.05,4632.0784
1729324800000,2641.05,2647.55,2641.05,2645.69,4458.624
1729328400000,2645.69,2648.6,2643.89,2646.03,2955.3425
1729332000000,2646.02,2646.52,2639.52,2639.6,4097.3222
1729335600000,2639.6,2644.18,2631.02,2631.48,6036.2323
1729339200000,2631.48,2641.6,2631.04,2640.23,4433.2868
1729342800000,2640.23,2640.57,2635.2,2635.98,3642.7843
1729346400000,2635.98,2651.44,2635.98,2650.09,5517.5665
1729350000000,2650.08,2654.41,2641.21,2645.7,6107.3757
1729353600000,2645.69,2645.92,2637.0,2637.41,4728.7552
1729357200000,2637.4,2644.18,2637.05,2641.29,3707.7875
1729360800000,2641.28,2644.94,2638.5,2642.13,3291.1796
1729364400000,2642.13,2646.52,2638.73,2641.34,2292.5806
1729368000000,2641.34,2649.07,2640.89,2645.0,2103.71
1729371600000,2645.0,2649.8,2643.3,2643.31,2567.0498
1729375200000,2643.31,2653.56,2641.2,2650.8,3813.5347
1729378800000,2650.81,2655.5,2647.33,2648.2,4431.5926
1729382400000,2648.2,2653.56,2641.9,2642.49,4760.3974
1729386000000,2642.49,2643.6,2638.22,2640.33,3733.4204
1729389600000,2640.34,2645.81,2636.53,2639.19,3963.4414
1729393200000,2639.19,2641.95,2635.54,2640.25,4402.8115
1729396800000,2640.26,2646.78,2638.49,2641.79,3225.3912
1729400400000,2641.79,2646.32,2639.8,2640.29,3522.4308
1729404000000,2640.3,2652.03,2638.45,2650.79,5164.1622
1729407600000,2650.78,2650.8,2645.0,2646.1,4453.2396
1729411200000,2646.1,2651.49,2643.13,2646.42,4237.3679
1729414800000,2646.43,2649.96,2643.56,2648.63,2791.5015
1729418400000,2648.63,2651.02,2645.99,2646.06,2748.5504
1729422000000,2646.07,2650.77,2646.07,2649.49,2918.7776
1729425600000,2649.5,2655.28,2644.0,2644.65,7060.5459
1729429200000,2644.65,2662.0,2642.0,2660.99,10017.0278
1729432800000,2661.0,2721.0,2660.99,2711.01,63252.3535
1729436400000,2711.0,2714.0,2685.26,2706.58,20255.0204
1729440000000,2706.58,2709.77,2692.0,2692.37,11502.9439
1729443600000,2692.38,2698.24,2686.25,2694.83,9311.2889
1729447200000,2694.84,2706.31,2694.84,2702.13,6208.1827
1729450800000,2702.14,2702.87,2692.48,2699.86,4692.3395
1729454400000,2699.87,2717.98,2697.03,2711.53,6978.9742
1729458000000,2711.54,2719.13,2704.88,2715.46,19246.136
1729461600000,2715.46,2759.0,2714.5,2747.42,40221.0381
1729465200000,2747.41,2754.48,2741.07,2746.91,12243.402
1729468800000,2746.91,2769.48,2742.05,2746.25,20302.2987
1729472400000,2746.24,2761.13,2742.44,2745.54,16255.8996
1729476000000,2745.55,2748.54,2728.44,2731.19,19853.1878
1729479600000,2731.19,2738.15,2725.3,2733.81,8867.8532
1729483200000,2733.81,2739.55,2727.79,2738.5,9778.1295
1729486800000,2738.51,2744.24,2733.3,2735.11,7932.7453
1729490400000,2735.1,2742.76,2724.4,2727.57,8782.9427
1729494000000,2727.57,2734.0,2721.62,2722.01,9992.3881
1729497600000,2722.01,2729.2,2714.39,2715.4,14062.4534
1729501200000,2715.4,2720.66,2701.41,2712.96,16986.2903
1729504800000,2712.97,2717.11,2705.0,2705.62,8969.8469
1729508400000,2705.62,2713.4,2702.0,2704.77,6360.8707
1729512000000,2704.77,2711.36,2688.21,2697.86,12790.5093
1729515600000,2697.85,2700.3,2662.81,2672.05,38149.7062
1729519200000,2672.05,2685.46,2659.12,2672.22,24965.8128
1729522800000,2672.22,2679.99,2659.54,2679.43,15008.2295
1729526400000,2679.43,2679.5,2655.01,2671.57,13364.8166
1729530000000,2671.56,2683.72,2671.01,2672.71,12713.7473
1729533600000,2672.72,2673.75,2658.4,2666.53,10545.4111
1729537200000,2666.54,2684.79,2666.53,2680.1,9807.9634
1729540800000,2680.1,2681.68,2672.5,2676.06,6605.4218
1729544400000,2676.07,2681.86,2672.56,2675.67,3523.2141
1729548000000,2675.67,2685.02,2673.0,2677.31,8466.0988
1729551600000,2677.31,2677.31,2665.69,2666.7,6588.8861
1729555200000,2666.71,2671.92,2613.49,2638.1,43986.225
1729558800000,2638.1,2650.0,2626.99,2647.14,13707.0113
1729562400000,2647.13,2656.86,2633.4,2636.79,10325.7483
1729566000000,2636.79,2646.0,2635.1,2644.56,6863.1326
1729569600000,2644.56,2644.56,2635.21,2640.27,5375.0755
1729573200000,2640.26,2650.98,2638.34,2646.45,6658.6577
1729576800000,2646.45,2659.39,2646.45,2653.91,9363.5866
1729580400000,2653.9,2658.34,2645.8,2646.79,7065.7769
1729584000000,2646.8,2649.19,2628.2,2630.02,12766.5007
1729587600000,2630.03,2634.48,2613.2,2622.51,16267.6475
1729591200000,2622.5,2634.98,2620.0,2632.76,8362.1852
1729594800000,2632.75,2640.52,2631.62,2632.9,8128.598
1729598400000,2632.89,2645.5,2618.09,2622.42,12222.9337
1729602000000,2622.42,2633.91,2606.56,2621.4,15041.1626
1729605600000,2621.39,2641.37,2614.4,2638.95,22981.6744
1729609200000,2638.96,2642.0,2615.5,2624.33,15334.7931
1729612800000,2624.33,2627.74,2607.2,2607.69,11388.8217
1729616400000,2607.69,2628.09,2607.0,2624.99,9126.754
1729620000000,2624.98,2631.82,2621.12,2622.41,5663.1928
1729623600000,2622.41,2633.82,2621.5,2628.01,4347.8705
1729627200000,2628.01,2635.21,2626.32,2634.01,3618.2466
1729630800000,2634.0,2636.5,2630.16,2634.37,3275.7363
1729634400000,2634.36,2644.1,2632.09,2635.83,8499.6159
1729638000000,2635.82,2638.78,2618.21,2622.81,5376.7661
1729641600000,2622.81,2628.2,2611.92,2614.09,7051.0419
1729645200000,2614.09,2625.43,2613.81,2624.16,4605.2281
1729648800000,2624.14,2624.5,2610.37,2613.19,5899.9324
1729652400000,2613.18,2617.75,2601.18,2616.5,10813.8312
1729656000000,2616.49,2619.91,2610.07,2617.25,6008.5439
1729659600000,2617.25,2619.66,2610.0,2614.99,4193.7881
1729663200000,2614.99,2624.68,2610.9,2612.2,7421.7242
1729666800000,2612.2,2616.45,2602.63,2602.81,7536.7634
1729670400000,2602.81,2611.52,2571.57,2576.6,28953.3363
1729674000000,2576.59,2582.75,2563.73,2580.03,16240.2066
1729677600000,2580.03,2588.8,2578.22,2581.56,5780.3948
1729681200000,2581.56,2587.56,2578.0,2580.93,6472.4263
1729684800000,2580.94,2583.37,2556.8,2571.6,18103.1404
1729688400000,2571.6,2587.4,2568.49,2581.99,10835.8364
1729692000000,2581.99,2582.8,2560.6,2563.69,15228.2446
1729695600000,2563.68,2565.0,2529.66,2540.22,38369.3366
1729699200000,2540.21,2542.56,2485.71,2492.21,45077.7362
1729702800000,2492.22,2512.25,2485.0,2496.1,24126.4565
1729706400000,2496.1,2497.17,2450.0,2491.32,38090.6083
1729710000000,2491.32,2515.48,2488.75,2512.51,19831.6835
1729713600000,2512.51,2518.94,2506.49,2515.49,10950.2568
1729717200000,2515.49,2515.8,2502.0,2504.76,6054.3078
1729720800000,2504.75,2515.2,2503.5,2510.61,6868.7762
1729724400000,2510.61,2528.49,2508.55,2524.61,8134.1081
1729728000000,2524.6,2550.0,2508.98,2549.48,16371.7781
1729731600000,2549.49,2560.75,2537.58,2545.35,15914.1694
1729735200000,2545.35,2557.9,2540.0,2556.07,10751.7396
1729738800000,2556.07,2559.59,2544.8,2544.8,8406.9184
1729742400000,2544.8,2555.32,2540.38,2553.38,9536.9795
1729746000000,2553.39,2559.48,2551.67,2557.13,16418.5919
1729749600000,2557.11,2562.65,2547.11,2548.5,14829.9636
1729753200000,2548.49,2555.25,2543.07,2544.76,9301.4637
1729756800000,2544.76,2551.4,2518.1,2519.39,14161.4697
1729760400000,2519.4,2528.63,2508.8,2520.87,15034.6768
1729764000000,2520.87,2534.96,2520.5,2525.99,6932.8062
1729767600000,2525.99,2533.2,2521.69,2529.47,6018.9542
1729771200000,2529.47,2539.73,2526.35,2530.4,12186.3491
1729774800000,2530.4,2545.75,2525.23,2536.21,19439.409
1729778400000,2536.21,2537.71,2513.4,2525.07,23662.8767
1729782000000,2525.07,2536.0,2520.25,2525.84,17328.8063
1729785600000,2525.8,2530.0,2507.31,2518.36,12392.12
1729789200000,2518.37,2527.59,2510.5,2521.42,7987.3844
1729792800000,2521.41,2532.4,2520.24,2527.01,10157.8799
1729796400000,2527.0,2541.91,2522.42,2539.96,9926.2925
1729800000000,2539.97,2540.49,2526.6,2537.88,8039.6679
1729803600000,2537.88,2560.0,2537.17,2538.78,14622.5502
1729807200000,2538.78,2547.66,2530.7,2533.22,7329.7623
1729810800000,2533.22,2537.28,2529.44,2535.82,4099.1748
1729814400000,2535.82,2538.53,2520.99,2525.11,6864.4986
1729818000000,2525.09,2527.22,2514.57,2519.5,6079.8624
1729821600000,2519.49,2524.8,2509.89,2522.4,6759.621
1729825200000,2522.4,2532.06,2520.2,2521.73,7881.163
1729828800000,2521.73,2522.55,2488.8,2492.53,21269.79
1729832400000,2492.52,2501.9,2485.86,2494.91,11181.394
1729836000000,2494.92,2500.39,2488.42,2490.94,7835.3363
1729839600000,2490.94,2496.91,2462.06,2484.07,23462.845
1729843200000,2484.07,2519.41,2478.37,2517.49,26006.0811
1729846800000,2517.49,2543.32,2515.23,2539.23,31786.2577
1729850400000,2539.24,2545.0,2531.34,2542.25,10957.2079
1729854000000,2542.25,2547.0,2537.18,2545.13,10268.4169
1729857600000,2545.13,2553.5,2536.56,2538.14,12184.7155
1729861200000,2538.14,2556.32,2525.1,2551.93,18872.2677
1729864800000,2551.93,2566.33,2536.01,2544.79,25916.4777
1729868400000,2544.79,2557.43,2508.71,2524.86,26793.6572
1729872000000,2524.86,2536.7,2511.65,2531.63,15344.2703
1729875600000,2531.64,2535.49,2480.36,2486.64,24186.134
1729879200000,2486.64,2513.69,2455.6,2482.9,53121.1873
1729882800000,2482.91,2489.08,2471.42,2476.1,22144.2476
1729886400000,2476.11,2491.72,2467.44,2480.29,23739.2851
1729890000000,2480.3,2495.69,2478.0,2494.99,7816.5739
1729893600000,2494.99,2496.59,2463.2,2464.2,13409.109
1729897200000,2464.21,2466.72,2382.59,2440.62,100919.483
1729900800000,2440.63,2450.83,2430.12,2443.75,26841.0272
1729904400000,2443.76,2448.6,2435.21,2442.88,12243.9794
1729908000000,2442.88,2458.0,2432.72,2445.02,11802.774
1729911600000,2445.01,2457.49,2439.23,2452.27,8278.6214
1729915200000,2452.27,2461.5,2451.4,2460.11,8622.9593
1729918800000,2460.11,2475.0,2459.8,2471.71,11323.3082
1729922400000,2471.7,2479.7,2463.67,2473.54,10518.2059
1729926000000,2473.54,2475.92,2464.19,2465.61,9051.1825
1729929600000,2465.62,2474.7,2464.4,2471.2,6925.4667
1729933200000,2471.2,2478.99,2465.0,2465.56,12933.1505
1729936800000,2465.57,2474.64,2465.33,2469.13,6041.2036
1729940400000,2469.12,2475.43,2463.23,2472.98,9746.7533
1729944000000,2472.98,2478.8,2471.23,2471.59,8709.5423
1729947600000,2471.58,2476.32,2464.24,2465.75,9708.216
1729951200000,2465.64,2467.89,2442.2,2446.85,22463.8741
1729954800000,2446.85,2462.49,2443.4,2457.59,13192.8825
1729958400000,2457.6,2475.6,2455.77,2471.75,11157.0969
1729962000000,2471.76,2483.35,2471.2,2479.29,11017.5249
1729965600000,2479.3,2487.34,2477.63,2480.86,6722.421
1729969200000,2480.86,2488.14,2480.71,2486.68,6333.3393
1729972800000,2486.68,2508.0,2484.41,2490.81,13014.4786
1729976400000,2490.81,2493.6,2485.52,2488.7,5705.8688
1729980000000,2488.7,2491.38,2486.1,2486.77,3062.569
1729983600000,2486.77,2488.23,2481.9,2482.51,3308.3859
1729987200000,2482.51,2483.55,2474.6,2476.44,4717.1123
1729990800000,2476.45,2481.11,2470.71,2477.81,3227.3805
1729994400000,2477.8,2480.75,2472.22,2473.05,3128.0762
1729998000000,2473.04,2484.89,2469.52,2484.64,4616.1931
1730001600000,2484.65,2486.84,2478.42,2480.0,4614.6669
1730005200000,2480.0,2485.46,2479.01,2482.39,3248.2852
1730008800000,2482.38,2482.39,2477.98,2480.18,2809.5032
1730012400000,2480.18,2483.87,2479.7,2481.26,2343.847
1730016000000,2481.25,2484.4,2475.68,2475.68,4750.112
1730019600000,2475.68,2475.72,2466.43,2471.82,8114.2083
1730023200000,2471.81,2474.6,2465.96,2467.92,3402.6328
1730026800000,2467.93,2472.42,2464.13,2469.86,3887.667
1730030400000,2469.86,2483.0,2469.75,2476.16,5969.562
1730034000000,2476.15,2503.98,2475.73,2484.79,18897.2453
1730037600000,2484.79,2494.73,2482.12,2493.61,5434.4147
1730041200000,2493.61,2505.82,2491.4,2501.97,7076.4992
1730044800000,2501.98,2507.16,2492.24,2501.73,7098.7409
1730048400000,2501.73,2511.7,2496.3,2497.72,7881.3823
1730052000000,2497.71,2498.57,2486.22,2487.78,4375.6383
1730055600000,2487.78,2496.45,2486.0,2494.59,3194.4655
1730059200000,2494.58,2496.91,2491.56,2492.03,2833.4845
1730062800000,2492.02,2521.83,2490.83,2511.61,8842.8624
1730066400000,2511.62,2527.99,2511.62,2514.49,9825.0506
1730070000000,2514.5,2523.4,2506.49,2507.8,7291.8534
1730073600000,2507.8,2512.53,2498.48,2499.72,8296.7012
1730077200000,2499.71,2504.09,2491.8,2492.0,5177.6491
1730080800000,2492.0,2495.78,2488.2,2490.0,5124.5358
1730084400000,2490.01,2495.27,2471.67,2477.71,10303.4526
1730088000000,2477.7,2486.41,2473.2,2486.29,7648.3768
1730091600000,2486.29,2490.79,2474.6,2486.53,5735.6652
1730095200000,2486.53,2491.79,2482.38,2491.78,5274.9188
1730098800000,2491.78,2527.0,2491.03,2511.77,20875.4908
1730102400000,2511.77,2521.25,2509.69,2512.99,7397.5192
1730106000000,2513.0,2542.62,2505.18,2542.3,16280.5353
1730109600000,2542.3,2544.74,2529.49,2531.35,18901.7038
1730113200000,2531.35,2532.44,2525.88,2527.12,8086.0237
1730116800000,2527.12,2536.6,2517.15,2526.92,14937.7842
1730120400000,2526.85,2533.5,2511.97,2513.77,18154.5327
1730124000000,2513.77,2536.34,2509.05,2525.95,24079.3793
1730127600000,2525.95,2526.33,2498.46,2501.02,16608.3981
1730131200000,2501.01,2516.4,2494.21,2505.01,14572.5058
1730134800000,2505.01,2515.5,2488.0,2501.27,20579.6942
1730138400000,2501.27,2512.49,2489.1,2505.6,12395.2981
1730142000000,2505.6,2524.3,2498.0,2506.7,29622.4558
1730145600000,2506.7,2517.08,2505.01,2516.94,8146.2758
1730149200000,2516.94,2548.47,2515.56,2544.23,21127.445
1730152800000,2544.23,2589.67,2544.23,2568.79,48886.1628
1730156400000,2568.78,2578.05,2563.03,2567.48,12392.8229
1730160000000,2567.49,2586.89,2561.2,2583.19,14704.3099
1730163600000,2583.19,2596.4,2577.68,2583.07,18955.607
1730167200000,2583.07,2631.66,2579.3,2612.83,62539.6015
1730170800000,2612.82,2623.57,2605.2,2607.75,17034.9969
1730174400000,2607.75,2621.71,2607.75,2621.59,13016.6199
1730178000000,2621.59,2626.49,2614.98,2617.71,12965.424
1730181600000,2617.72,2624.49,2617.34,2620.9,9877.9449
1730185200000,2620.9,2621.87,2609.09,2613.3,11738.2163
1730188800000,2613.29,2630.2,2612.81,2621.82,11940.4115
1730192400000,2621.82,2627.89,2620.01,2624.39,11358.6601
1730196000000,2624.39,2638.8,2619.63,2631.46,14992.3005
1730199600000,2631.46,2635.0,2623.85,2631.59,9192.8463
1730203200000,2631.59,2634.15,2616.2,2618.01,10580.1994
1730206800000,2618.0,2638.69,2611.33,2637.31,19553.4531
1730210400000,2637.3,2645.41,2618.0,2630.62,22765.8293
1730214000000,2630.62,2650.99,2622.8,2648.52,23856.3052
1730217600000,2648.51,2673.64,2642.46,2669.41,32962.5104
1730221200000,2669.41,2681.86,2654.63,2655.98,28326.4758
1730224800000,2655.98,2666.99,2644.61,2666.09,21210.5233
1730228400000,2666.09,2674.79,2623.22,2624.74,35682.4739
1730232000000,2624.74,2629.05,2606.82,2620.67,22617.7765
1730235600000,2620.67,2629.99,2616.99,2622.53,9047.6754
1730239200000,2622.52,2648.25,2620.51,2636.63,10322.9656
1730242800000,2636.64,2640.0,2630.6,2638.8,6672.5758
1730246400000,2638.8,2641.5,2615.47,2620.41,15727.4054
1730250000000,2620.41,2627.58,2599.66,2625.5,17014.2293
1730253600000,2625.5,2641.6,2623.68,2627.6,10569.3321
1730257200000,2627.6,2651.42,2627.17,2641.7,15340.4999
1730260800000,2641.71,2646.65,2636.2,2640.42,7054.0214
1730264400000,2640.42,2654.64,2640.41,2652.9,18559.1548
1730268000000,2652.9,2684.21,2652.9,2657.4,18275.6403
1730271600000,2657.39,2673.68,2657.39,2668.6,12203.8141
1730275200000,2668.6,2682.26,2661.51,2662.95,12936.3349
1730278800000,2662.94,2693.73,2662.26,2692.19,19394.0339
1730282400000,2692.19,2696.5,2679.97,2682.21,21279.5848
1730286000000,2682.21,2682.61,2657.09,2659.18,19804.8012
1730289600000,2659.18,2692.66,2653.03,2686.08,27899.3028
1730293200000,2686.07,2702.65,2671.34,2696.76,38682.7778
1730296800000,2696.75,2722.3,2696.2,2709.49,50807.6086
1730300400000,2709.5,2713.0,2671.1,2683.08,32102.8714
1730304000000,2683.07,2696.22,2674.61,2688.0,14125.0108
1730307600000,2688.0,2688.0,2660.0,2674.0,14327.0701
1730311200000,2674.01,2682.5,2663.22,2666.62,12313.7433
1730314800000,2666.61,2668.47,2653.26,2655.0,10993.013
1730318400000,2655.0,2679.5,2635.52,2679.49,37982.7966
1730322000000,2679.49,2686.13,2644.74,2660.11,16987.5022
1730325600000,2660.11,2667.78,2648.87,2659.79,9645.3375
1730329200000,2659.79,2670.28,2656.78,2659.19,6601.2398
1730332800000,2659.19,2665.6,2655.2,2658.56,7404.9297
1730336400000,2658.56,2669.0,2637.63,2663.03,14795.5611
1730340000000,2663.02,2667.47,2649.0,2663.17,10484.8646
1730343600000,2663.17,2667.16,2653.8,2657.0,12060.1085
1730347200000,2657.0,2657.99,2642.99,2646.27,9011.3895
1730350800000,2646.27,2653.8,2644.0,2649.95,5706.5563
1730354400000,2649.95,2650.99,2632.35,2638.49,8039.2568
1730358000000,2638.49,2648.8,2631.63,2646.8,7737.2133
1730361600000,2646.79,2647.5,2625.26,2636.59,11870.4616
1730365200000,2636.6,2643.63,2634.64,2635.09,8112.247
1730368800000,2635.09,2646.89,2625.61,2646.61,15348.6612
1730372400000,2646.6,2648.5,2630.61,2638.81,14454.01
1730376000000,2638.82,2641.0,2628.65,2638.78,11507.6094
1730379600000,2638.78,2639.68,2596.14,2602.84,30562.8481
1730383200000,2602.83,2603.28,2541.23,2555.8,66724.6862
1730386800000,2555.81,2576.46,2549.74,2562.86,30095.7319
1730390400000,2562.86,2564.09,2546.02,2552.89,20457.5249
1730394000000,2552.89,2561.0,2523.15,2542.49,23602.4282
1730397600000,2542.49,2542.93,2506.3,2525.19,30660.9699
1730401200000,2525.18,2531.86,2511.6,2514.33,11456.8286
1730404800000,2514.34,2528.35,2503.0,2520.82,19981.5899
1730408400000,2520.82,2527.5,2515.49,2525.05,9532.3752
1730412000000,2525.05,2525.72,2506.55,2521.62,11803.533
1730415600000,2521.61,2530.07,2514.2,2518.61,12015.8168
1730419200000,2518.61,2533.25,2517.21,2524.61,9848.7794
1730422800000,2524.6,2530.79,2495.42,2501.51,26614.1728
1730426400000,2501.5,2512.63,2467.67,2510.01,40134.1753
1730430000000,2510.01,2519.84,2498.32,2503.2,10094.2052
1730433600000,2503.2,2516.2,2501.5,2513.35,5239.7244
1730437200000,2513.36,2515.0,2507.6,2510.29,7313.1269
1730440800000,2510.29,2513.4,2500.11,2500.4,11657.4784
1730444400000,2500.39,2507.9,2485.35,2504.12,19518.0045
1730448000000,2504.12,2515.48,2494.55,2501.03,14829.17
1730451600000,2501.03,2513.55,2498.62,2510.82,8868.8199
1730455200000,2510.82,2524.89,2509.22,2518.74,18157.093
1730458800000,2518.75,2525.8,2515.43,2515.44,8479.1852
1730462400000,2515.44,2543.14,2514.69,2536.8,22421.6351
1730466000000,2536.8,2575.68,2530.1,2573.99,30193.4227
1730469600000,2573.99,2586.8,2551.02,2561.82,43103.046
1730473200000,2561.81,2565.0,2481.68,2500.03,52382.9551
1730476800000,2500.02,2538.58,2498.64,2518.4,31051.0884
1730480400000,2518.4,2530.58,2507.49,2513.6,14366.7345
1730484000000,2513.6,2517.62,2505.8,2508.39,10750.8032
1730487600000,2508.39,2517.48,2495.2,2514.49,14648.5301
1730491200000,2514.5,2527.46,2512.15,2520.61,8483.4089
1730494800000,2520.61,2520.79,2485.05,2505.9,12775.6429
1730498400000,2505.9,2514.18,2503.99,2513.23,4818.1043
1730502000000,2513.22,2517.33,2510.25,2511.49,4499.8011
1730505600000,2511.49,2520.0,2510.61,2515.98,4645.7606
1730509200000,2515.98,2520.0,2511.22,2514.8,3723.8564
1730512800000,2514.8,2523.45,2511.86,2511.86,7203.9834
1730516400000,2511.87,2515.4,2501.0,2506.7,8286.9829
1730520000000,2506.71,2509.0,2502.0,2505.31,3308.2346
1730523600000,2505.31,2513.65,2499.59,2513.0,4326.1897
1730527200000,2513.0,2513.87,2505.3,2511.86,3440.5361
1730530800000,2511.86,2512.15,2505.48,2507.35,4768.312
1730534400000,2507.34,2510.3,2495.0,2496.0,7274.3128
1730538000000,2495.99,2505.0,2491.2,2497.23,5726.1987
1730541600000,2497.22,2502.64,2492.89,2502.21,4233.1426
1730545200000,2502.2,2506.32,2499.5,2502.13,3319.0207
1730548800000,2502.14,2504.5,2483.2,2488.33,10579.841
1730552400000,2488.33,2498.79,2470.0,2480.29,23065.5094
1730556000000,2480.29,2490.39,2476.0,2490.28,14672.004
1730559600000,2490.27,2492.25,2478.1,2488.79,7254.8178
1730563200000,2488.78,2497.73,2482.68,2494.7,4857.9733
1730566800000,2494.71,2495.2,2480.0,2485.9,6721.1331
1730570400000,2485.89,2491.58,2479.3,2487.29,4489.0147
1730574000000,2487.29,2494.53,2485.55,2493.02,2542.6861
1730577600000,2493.01,2496.76,2491.4,2495.6,3707.7868
1730581200000,2495.59,2496.6,2491.8,2493.81,2117.0363
1730584800000,2493.81,2497.89,2490.3,2491.45,2795.2978
1730588400000,2491.44,2494.37,2485.1,2494.23,2901.4992
1730592000000,2494.23,2496.39,2483.01,2483.01,3501.2172
1730595600000,2483.0,2486.78,2470.78,2471.83,7628.9225
1730599200000,2471.82,2477.2,2426.5,2434.6,40603.4683
1730602800000,2434.59,2452.53,2421.29,2449.59,15337.1407
1730606400000,2449.6,2463.83,2448.29,2455.54,7221.0529
1730610000000,2455.53,2458.02,2441.1,2442.54,6018.0072
1730613600000,2442.53,2462.84,2442.04,2456.41,5831.9415
1730617200000,2456.41,2459.13,2449.38,2450.03,4959.4769
1730620800000,2450.03,2462.64,2443.94,2459.04,19526.537
1730624400000,2459.05,2460.06,2447.22,2449.6,7689.6514
1730628000000,2449.61,2461.52,2449.6,2457.38,4365.6041
1730631600000,2457.37,2462.37,2451.68,2454.47,5217.5427
1730635200000,2454.47,2460.6,2452.44,2454.8,3674.0039
1730638800000,2454.8,2457.49,2430.5,2434.85,12483.3687
1730642400000,2434.86,2439.53,2418.0,2425.12,24103.841
1730646000000,2425.13,2447.4,2413.38,2442.63,20684.2042
1730649600000,2442.63,2459.53,2438.1,2442.78,16013.253
1730653200000,2442.78,2453.92,2442.07,2447.16,9435.4238
1730656800000,2447.17,2449.2,2411.0,2425.01,17894.1686
1730660400000,2425.0,2453.73,2423.8,2452.89,9564.3696
1730664000000,2452.89,2470.78,2447.4,2467.64,11375.8795
1730667600000,2467.65,2475.52,2464.95,2470.0,9908.0736
1730671200000,2470.0,2474.58,2457.36,2460.19,4178.6946
1730674800000,2460.16,2460.36,2447.61,2457.73,8793.2768
1730678400000,2457.73,2458.0,2434.99,2450.15,7320.3276
1730682000000,2450.16,2474.77,2445.71,2466.4,10345.0695
1730685600000,2466.4,2485.23,2462.53,2483.8,12908.8925
1730689200000,2483.79,2491.39,2472.97,2473.76,6553.2106
1730692800000,2473.77,2482.42,2471.2,2472.64,4992.6302
1730696400000,2472.65,2473.93,2460.16,2462.45,4931.9902
1730700000000,2462.45,2480.73,2462.45,2477.4,5039.1176
1730703600000,2477.39,2479.7,2457.21,2459.67,7671.2966
1730707200000,2459.68,2467.6,2451.48,2457.92,8613.4368
1730710800000,2457.92,2464.87,2447.34,2457.61,6053.3758
1730714400000,2457.62,2472.85,2455.44,2467.12,8122.6053
1730718000000,2467.12,2478.0,2463.54,2470.2,5777.2586
1730721600000,2470.2,2478.6,2466.65,2476.64,10416.0123
1730725200000,2476.64,2486.0,2458.65,2458.92,10719.5036
1730728800000,2458.93,2464.56,2445.4,2450.35,13921.4232
1730732400000,2450.35,2454.94,2431.51,2442.6,21158.4131
1730736000000,2442.6,2446.32,2407.91,2414.56,25881.7412
1730739600000,2414.55,2429.12,2405.8,2424.99,21728.1177
1730743200000,2424.99,2436.2,2417.92,2425.43,8810.325
1730746800000,2425.43,2436.77,2425.2,2430.43,7012.3693
1730750400000,2430.42,2432.08,2419.83,2422.7,7284.4951
1730754000000,2422.71,2429.69,2357.59,2371.21,58057.9171
1730757600000,2371.21,2414.4,2365.81,2406.2,20734.9822
1730761200000,2406.2,2411.06,2392.24,2398.21,12262.4534
1730764800000,2398.21,2410.8,2396.64,2401.01,14339.0381
1730768400000,2401.01,2413.6,2380.74,2410.89,17088.4122
1730772000000,2410.9,2415.8,2400.68,2405.28,7702.7522
1730775600000,2405.29,2421.4,2405.0,2420.41,8814.6639
1730779200000,2420.4,2434.24,2417.21,2428.88,6706.1133
1730782800000,2428.89,2435.0,2423.96,2432.26,6947.5474
1730786400000,2432.26,2433.59,2424.6,2430.16,6633.2297
1730790000000,2430.16,2445.7,2422.0,2443.4,18656.1326
1730793600000,2443.41,2445.46,2433.48,2442.5,9587.8818
1730797200000,2442.5,2448.0,2435.22,2435.41,12450.4717
1730800800000,2435.41,2439.54,2430.31,2435.5,6468.933
1730804400000,2435.49,2443.3,2435.49,2440.63,7555.2147
1730808000000,2440.63,2448.18,2435.52,2443.9,8104.6288
1730811600000,2443.91,2445.86,2436.82,2442.1,8860.8352
1730815200000,2442.1,2480.0,2438.61,2469.9,34243.8371
1730818800000,2469.9,2473.6,2427.4,2441.19,38063.1643
1730822400000,2441.2,2469.38,2437.8,2462.4,21602.7905
1730826000000,2462.4,2475.0,2451.27,2451.43,14360.419
1730829600000,2451.44,2459.39,2446.59,2452.63,9179.1599
1730833200000,2452.64,2455.0,2401.3,2408.4,26186.4026
1730836800000,2408.39,2436.82,2401.7,2426.58,22217.6207
1730840400000,2426.58,2429.65,2413.05,2415.45,7408.834
1730844000000,2415.44,2435.27,2407.71,2434.79,7975.9106
1730847600000,2434.79,2440.0,2420.24,2422.55,10465.2612
1730851200000,2422.6,2494.03,2420.3,2484.9,37474.5972
1730854800000,2484.91,2510.39,2470.42,2482.4,47630.5784
1730858400000,2482.41,2577.68,2476.67,2568.3,63474.5676
1730862000000,2568.31,2638.0,2563.76,2579.31,124616.5718
1730865600000,2579.31,2604.52,2575.13,2583.3,60844.2977
1730869200000,2583.3,2597.4,2561.0,2596.67,46546.5809
1730872800000,2596.67,2623.71,2583.73,2583.95,60894.3097
1730876400000,2583.95,2643.2,2583.43,2594.0,95121.6657
1730880000000,2593.99,2606.76,2571.0,2605.79,56535.7013
1730883600000,2605.79,2628.87,2604.49,2622.04,27963.0023
1730887200000,2622.03,2630.44,2609.82,2623.73,19076.4697
1730890800000,2623.73,2637.0,2617.54,2629.02,26432.6749
1730894400000,2629.03,2648.0,2628.23,2633.38,29122.1228
1730898000000,2633.38,2635.2,2608.0,2618.01,27810.1824
1730901600000,2618.01,2643.0,2608.35,2613.79,37598.2285
1730905200000,2613.8,2666.66,2611.0,2634.19,48142.5365
1730908800000,2634.2,2665.0,2633.43,2656.17,23176.3634
1730912400000,2656.11,2660.57,2643.32,2652.32,17027.1742
1730916000000,2652.33,2678.79,2651.0,2677.39,19453.8319
1730919600000,2677.39,2687.26,2658.48,2687.25,24489.8285
1730923200000,2687.25,2700.0,2669.25,2689.6,33097.6045
1730926800000,2689.6,2703.5,2682.55,2686.62,21233.5764
1730930400000,2686.62,2744.7,2684.0,2735.31,30227.3198
1730934000000,2735.31,2741.6,2711.58,2721.87,24151.5757
1730937600000,2721.88,2725.7,2699.49,2725.7,21967.6637
1730941200000,2725.7,2837.2,2723.8,2813.46,115907.1268
1730944800000,2813.46,2877.43,2810.91,2871.8,48003.0113
1730948400000,2871.81,2880.0,2836.46,2852.42,53232.2978
1730952000000,2852.43,2855.0,2825.3,2838.75,27822.5343
1730955600000,2838.74,2849.86,2833.41,2838.9,20488.2341
1730959200000,2838.9,2839.2,2779.91,2802.51,39315.8176
1730962800000,2802.5,2825.5,2796.5,2820.29,16495.9589
1730966400000,2820.3,2830.0,2804.44,2821.29,18717.5014
1730970000000,2821.29,2829.99,2816.26,2822.15,14599.2545
1730973600000,2822.15,2822.15,2805.71,2818.32,14182.3917
1730977200000,2818.33,2825.31,2790.0,2792.28,18355.242
1730980800000,2792.28,2821.25,2790.2,2818.57,14710.3317
1730984400000,2818.57,2822.97,2803.0,2805.0,16441.5217
1730988000000,2805.0,2819.0,2776.0,2792.62,34614.3189
1730991600000,2792.62,2849.0,2780.9,2847.49,34718.2763
1730995200000,2847.5,2852.47,2823.75,2844.64,24528.7219
1730998800000,2844.64,2871.57,2833.34,2860.99,30098.0353
1731002400000,2861.0,2890.0,2837.4,2879.17,30141.3725
1731006000000,2879.16,2893.8,2850.99,2885.0,37051.7055
1731009600000,2885.0,2907.75,2876.43,2896.68,36926.9359
1731013200000,2896.68,2916.11,2888.11,2890.85,29819.5708
1731016800000,2890.84,2895.77,2864.25,2881.41,18197.0703
1731020400000,2881.42,2902.5,2867.54,2895.47,14511.0575
1731024000000,2895.47,2954.94,2895.4,2907.07,50486.3286
1731027600000,2907.08,2928.21,2897.49,2922.41,32117.6717
1731031200000,2922.42,2928.3,2886.4,2889.65,24983.1131
1731034800000,2889.65,2909.0,2886.5,2902.42,18939.8191
1731038400000,2902.42,2916.58,2900.0,2901.81,15380.1499
1731042000000,2901.8,2924.2,2901.01,2924.19,16147.5021
1731045600000,2924.19,2924.19,2904.25,2908.63,10401.7625
1731049200000,2908.63,2919.8,2892.0,2911.96,28812.3201
1731052800000,2911.88,2913.62,2893.33,2899.18,18586.3002
1731056400000,2899.18,2918.0,2897.61,2913.59,14823.9923
1731060000000,2913.58,2930.89,2903.0,2923.52,16647.3739
1731063600000,2923.52,2926.93,2913.8,2914.39,12135.2487
1731067200000,2914.4,2940.8,2910.11,2936.48,18078.7252
1731070800000,2936.49,2952.8,2924.6,2946.81,23434.0058
1731074400000,2946.81,2956.56,2909.09,2913.1,33520.8842
1731078000000,2913.09,2946.25,2903.0,2937.04,35074.4124
1731081600000,2937.03,2944.66,2905.31,2906.37,31977.9563
1731085200000,2906.36,2925.75,2890.04,2919.5,26417.5645
1731088800000,2919.5,2971.21,2915.51,2957.93,40001.7836
1731092400000,2957.93,2981.69,2949.94,2949.96,28108.4493
1731096000000,2949.96,2958.71,2925.16,2935.0,26573.4954
1731099600000,2935.0,2944.74,2915.8,2942.0,20227.5931
1731103200000,2942.0,2975.45,2940.63,2958.87,18935.4632
1731106800000,2958.87,2962.43,2952.73,2961.75,7052.5198
1731110400000,2961.75,2995.0,2954.56,2982.46,29219.739
1731114000000,2982.45,2995.22,2975.61,2986.07,19966.1927
1731117600000,2986.07,2987.08,2961.77,2975.99,19408.5425
1731121200000,2975.88,2980.4,2962.2,2965.5,8363.7222
1731124800000,2965.5,2973.9,2953.71,2972.32,12281.9858
1731128400000,2972.31,3051.22,2969.01,3039.61,58506.1155
1731132000000,3039.61,3058.77,3030.0,3036.47,39745.3782
1731135600000,3036.47,3042.53,3020.41,3030.38,18497.4587
1731139200000,3030.37,3034.5,3021.46,3025.61,16313.5364
1731142800000,3025.61,3050.0,3025.28,3046.0,20580.0258
1731146400000,3045.99,3055.88,3040.18,3048.87,18961.6607
1731150000000,3048.88,3055.0,3044.61,3051.6,13815.0712
1731153600000,3051.59,3054.17,3030.0,3031.08,15969.539
1731157200000,3031.08,3052.6,3031.08,3046.73,11846.7777
1731160800000,3046.72,3046.73,3028.4,3040.96,14995.6277
1731164400000,3040.95,3049.0,3031.2,3040.88,10936.9409
1731168000000,3040.85,3044.4,3019.15,3028.28,17817.3486
1731171600000,3028.28,3036.71,2990.58,3036.71,29786.9806
1731175200000,3036.72,3050.0,3031.65,3049.51,10666.9646
1731178800000,3049.52,3094.55,3048.5,3070.39,40260.1152
1731182400000,3070.4,3090.36,3065.56,3086.27,10243.3485
1731186000000,3086.27,3087.0,3072.6,3076.97,8998.5187
1731189600000,3076.97,3142.67,3073.13,3134.37,36580.2538
1731193200000,3134.36,3157.4,3115.39,3126.21,42957.5772
1731196800000,3126.2,3134.31,3112.0,3121.59,25010.6361
1731200400000,3121.59,3123.0,3103.7,3119.24,21290.2186
1731204000000,3119.24,3151.41,3118.77,3126.99,30116.3262
1731207600000,3126.99,3144.27,3118.31,3134.82,16152.3877
1731211200000,3134.82,3186.76,3129.97,3181.02,51762.4488
1731214800000,3181.02,3216.47,3166.83,3180.4,78445.945
1731218400000,3180.41,3182.4,3163.02,3178.65,33583.9562
1731222000000,3178.65,3202.83,3178.65,3185.89,24352.9829
1731225600000,3185.89,3190.99,3168.81,3182.59,17359.2721
1731229200000,3182.6,3199.44,3180.5,3187.6,16226.1567
1731232800000,3187.6,3212.58,3183.6,3200.26,29636.6443
1731236400000,3200.27,3230.0,3191.93,3220.0,32899.1917
1731240000000,3220.01,3236.64,3178.45,3195.06,44324.9471
1731243600000,3195.06,3208.0,3191.0,3201.8,18574.3203
1731247200000,3201.81,3209.0,3167.56,3195.41,35734.1496
1731250800000,3195.42,3210.0,3185.5,3209.53,28229.6019
1731254400000,3209.52,3222.0,3190.8,3212.0,26713.2403
1731258000000,3212.0,3240.8,3205.57,3210.01,36725.0274
1731261600000,3210.01,3248.52,3210.0,3218.26,40207.3502
1731265200000,3218.26,3233.61,3150.0,3164.27,63965.1
1731268800000,3164.27,3184.26,3115.21,3117.36,61713.0962
1731272400000,3117.36,3186.14,3069.0,3169.33,61873.4308
1731276000000,3169.34,3225.99,3148.18,3184.36,48659.7697
1731279600000,3184.38,3195.47,3172.09,3183.21,21980.5324
1731283200000,3183.2,3205.22,3174.47,3193.5,30108.1177
1731286800000,3193.57,3221.8,3183.04,3199.2,21777.2148
1731290400000,3199.2,3214.0,3192.0,3202.28,19060.9787
1731294000000,3202.29,3202.94,3171.16,3195.07,23264.8303
1731297600000,3195.08,3196.98,3164.48,3180.2,21772.1932
1731301200000,3180.2,3184.0,3105.0,3129.62,39536.6198
1731304800000,3129.62,3149.73,3117.32,3137.65,25171.5835
1731308400000,3137.65,3146.05,3127.24,3140.16,17153.4923
1731312000000,3140.16,3152.93,3132.1,3149.28,19840.6535
1731315600000,3149.27,3185.4,3142.0,3173.99,23118.4467
1731319200000,3174.0,3212.49,3170.58,3190.99,30472.4723
1731322800000,3190.98,3204.07,3180.51,3197.79,18490.4278
1731326400000,3197.79,3208.42,3152.36,3172.64,47946.2888
1731330000000,3172.65,3176.96,3139.5,3152.19,28700.2871
1731333600000,3152.19,3190.35,3144.69,3182.8,41504.7591
1731337200000,3182.81,3256.4,3174.51,3236.98,84113.0724
1731340800000,3236.97,3311.48,3233.63,3276.7,104305.6765
1731344400000,3276.71,3323.05,3272.51,3294.2,57644.7134
1731348000000,3294.29,3328.19,3270.75,3323.61,49413.2628
1731351600000,3323.61,3346.4,3294.09,3300.2,53011.5146
1731355200000,3300.21,3368.18,3291.69,3353.78,58221.1147
1731358800000,3353.78,3365.92,3316.13,3323.49,58996.8003
1731362400000,3323.49,3342.56,3280.0,3341.8,53896.3682
1731366000000,3341.8,3387.61,3334.33,3371.59,72573.0779
1731369600000,3371.59,3374.78,3248.42,3342.46,66001.5559
1731373200000,3342.45,3345.77,3299.0,3317.99,39013.0853
1731376800000,3317.99,3335.22,3281.08,3306.04,36695.5575
1731380400000,3306.04,3338.0,3292.5,3335.6,34273.5885
1731384000000,3335.59,3350.92,3314.98,3326.57,35136.1369
1731387600000,3326.57,3347.72,3316.74,3329.01,25374.8904
1731391200000,3329.01,3394.09,3321.31,3379.87,38700.9585
1731394800000,3379.87,3383.44,3348.6,3368.72,30751.2891
1731398400000,3368.72,3424.92,3361.55,3420.64,41716.3611
1731402000000,3420.64,3442.5,3347.94,3358.53,66622.2457
1731405600000,3358.54,3377.4,3207.67,3281.13,122005.7702
1731409200000,3281.14,3315.05,3259.36,3282.42,50205.2854
1731412800000,3282.41,3296.93,3225.0,3251.0,44176.8295
1731416400000,3251.01,3274.0,3208.33,3261.54,56436.1332
1731420000000,3261.53,3291.46,3230.0,3285.25,51892.874
1731423600000,3285.26,3292.5,3250.32,3261.65,35791.6297
1731427200000,3261.72,3272.29,3209.5,3253.0,42022.7353
1731430800000,3253.0,3271.6,3226.03,3228.43,19439.5524
1731434400000,3228.44,3288.55,3226.13,3282.41,24837.2281
1731438000000,3282.41,3304.57,3270.63,3272.82,30933.9979
1731441600000,3272.94,3304.78,3258.3,3286.0,21686.108
1731445200000,3286.0,3291.82,3251.25,3278.24,20891.6148
1731448800000,3278.24,3291.72,3253.32,3288.4,16460.1502
1731452400000,3288.4,3288.4,3238.63,3243.8,22150.1509
1731456000000,3243.79,3267.34,3222.22,3249.25,27945.6784
1731459600000,3249.25,3285.52,3239.51,3271.01,36486.3603
1731463200000,3271.01,3276.66,3206.9,3252.01,35129.6175
1731466800000,3252.01,3258.2,3201.83,3207.99,30887.882
1731470400000,3207.99,3230.19,3150.0,3190.06,54389.8206
1731474000000,3190.06,3190.19,3129.8,3140.91,37630.3935
1731477600000,3140.9,3156.25,3116.69,3126.96,35782.6937
1731481200000,3126.97,3164.32,3126.14,3160.89,25690.7089
1731484800000,3160.89,3182.35,3144.0,3158.75,22219.8762
1731488400000,3158.74,3169.8,3140.75,3162.0,15496.8198
1731492000000,3161.99,3168.79,3143.01,3167.62,21218.5049
1731495600000,3167.61,3191.74,3163.7,3168.0,24758.3536
1731499200000,3168.0,3178.39,3152.15,3164.4,16853.0571
1731502800000,3164.41,3241.77,3155.11,3215.28,69417.3729
1731506400000,3215.28,3328.53,3194.52,3320.2,102452.1542
1731510000000,3320.19,3320.27,3261.29,3309.28,64401.4675
1731513600000,3309.28,3331.0,3255.89,3285.0,61264.367
1731517200000,3285.01,3304.0,3262.6,3274.22,29158.1163
1731520800000,3274.22,3286.33,3253.72,3270.23,24508.4599
1731524400000,3270.23,3273.2,3155.0,3158.81,78205.3326
1731528000000,3158.8,3198.52,3127.0,3168.39,42482.0255
1731531600000,3168.38,3172.5,3118.39,3151.45,36182.7375
1731535200000,3151.44,3187.07,3140.7,3179.8,13238.9586
1731538800000,3179.79,3196.0,3160.64,3187.16,13885.6162
1731542400000,3187.16,3205.81,3178.81,3180.01,18004.827
1731546000000,3180.01,3217.02,3163.64,3215.82,22343.6065
1731549600000,3215.81,3228.35,3181.78,3210.51,22289.2247
1731553200000,3210.5,3217.99,3180.41,3217.21,23091.7599
1731556800000,3217.21,3240.4,3204.29,3236.41,18164.9702
1731560400000,3236.4,3236.41,3213.33,3222.53,12302.4428
1731564000000,3222.52,3239.32,3184.44,3184.45,17370.8309
1731567600000,3184.44,3224.18,3174.37,3217.62,19522.2027
1731571200000,3217.62,3230.73,3193.18,3202.73,17823.6437
1731574800000,3202.73,3217.82,3193.96,3204.13,13431.199
1731578400000,3204.13,3219.59,3179.0,3180.36,17257.5287
1731582000000,3180.37,3190.72,3155.0,3185.23,29804.4033
1731585600000,3185.22,3193.8,3176.68,3182.53,19098.513
1731589200000,3182.53,3198.99,3157.38,3166.59,30122.3847
1731592800000,3166.59,3195.0,3108.01,3109.4,60794.9964
1731596400000,3109.4,3127.74,3060.0,3077.68,70760.0747
1731600000000,3077.68,3181.0,3070.84,3171.2,55208.2344
1731603600000,3171.13,3171.46,3122.34,3130.33,19231.9903
1731607200000,3130.33,3143.85,3123.12,3132.18,11482.5494
1731610800000,3132.18,3149.0,3127.62,3145.41,11153.0463
1731614400000,3145.41,3145.41,3094.51,3099.16,26890.5996
1731618000000,3099.05,3120.84,3082.79,3119.0,19926.5077
1731621600000,3119.03,3122.29,3068.0,3088.0,19165.7009
1731625200000,3088.0,3094.4,3028.56,3058.82,30539.4294
1731628800000,3058.81,3092.54,3056.28,3061.01,19923.2289
1731632400000,3061.01,3078.4,3034.87,3064.32,19967.7145
1731636000000,3064.33,3084.57,3048.53,3081.74,11902.279
1731639600000,3081.73,3090.39,3068.34,3082.44,10566.8668
1731643200000,3082.43,3082.43,3014.79,3026.0,24915.6079
1731646800000,3025.99,3059.76,3017.5,3056.71,14866.0643
1731650400000,3056.72,3073.0,3044.4,3064.01,12820.575
1731654000000,3064.0,3073.15,3038.94,3039.48,22325.244
1731657600000,3039.49,3072.65,3022.0,3069.95,16222.4255
1731661200000,3069.95,3114.0,3068.75,3096.25,26113.1767
1731664800000,3096.25,3110.0,3088.5,3100.79,11597.2197
1731668400000,3100.8,3106.04,3083.47,3104.29,18663.496
1731672000000,3104.29,3131.06,3086.66,3103.68,23095.5318
1731675600000,3103.67,3114.29,3080.76,3102.85,21554.3007
1731679200000,3102.84,3107.23,3043.13,3059.38,39633.3489
1731682800000,3059.37,3061.2,3014.5,3023.73,35539.8197
1731686400000,3023.73,3049.99,3016.0,3035.0,27869.1419
1731690000000,3034.99,3055.78,3031.5,3036.59,16614.8816
1731693600000,3036.52,3045.75,3017.74,3020.54,28668.9718
1731697200000,3020.54,3059.9,3015.6,3039.58,21619.9689
1731700800000,3039.58,3091.22,3038.24,3090.6,35658.6538
1731704400000,3090.62,3100.0,3077.42,3090.01,26584.1188
1731708000000,3090.01,3120.0,3081.32,3100.49,19100.0038
1731711600000,3100.49,3111.74,3086.6,3090.01,13800.9917
1731715200000,3090.01,3090.4,3072.0,3084.92,14886.0518
1731718800000,3084.91,3111.47,3081.99,3098.01,17221.1096
1731722400000,3098.0,3122.72,3094.06,3110.78,15460.5769
1731726000000,3110.77,3157.71,3108.2,3154.78,22292.1597
1731729600000,3154.77,3165.0,3127.0,3133.5,14911.2791
1731733200000,3133.5,3137.0,3123.97,3130.51,13100.3814
1731736800000,3130.51,3131.4,3110.55,3113.8,12567.0905
1731740400000,3113.81,3122.95,3101.11,3106.66,12904.2229
1731744000000,3106.67,3121.31,3103.17,3120.38,11646.9173
1731747600000,3120.38,3127.15,3106.82,3116.61,14775.8377
1731751200000,3116.61,3134.7,3113.03,3127.11,13401.3984
1731754800000,3127.11,3195.63,3121.27,3195.34,41650.2352
1731758400000,3195.34,3219.97,3166.26,3175.84,49393.6863
1731762000000,3175.83,3189.81,3158.1,3172.72,17919.6724
1731765600000,3172.73,3183.0,3156.32,3168.2,18980.4127
1731769200000,3168.19,3171.4,3120.41,3141.11,34338.1427
1731772800000,3141.11,3157.35,3128.0,3145.18,19499.5285
1731776400000,3145.19,3176.3,3141.18,3167.41,13260.0725
1731780000000,3167.4,3182.33,3163.63,3180.76,12191.2088
1731783600000,3180.76,3184.6,3164.59,3169.01,10067.3986
1731787200000,3169.01,3175.0,3144.66,3150.12,14318.26
1731790800000,3150.12,3159.49,3147.5,3154.2,7265.4812
1731794400000,3154.2,3164.6,3132.4,3132.99,9507.2153
1731798000000,3132.99,3146.2,3121.91,3132.87,12080.8178
1731801600000,3132.88,3154.0,3131.2,3149.13,11380.7413
1731805200000,3149.13,3149.13,3073.0,3085.0,32874.8138
1731808800000,3085.0,3085.0,3034.99,3065.36,39334.9677
1731812400000,3065.36,3080.97,3053.07,3080.68,15708.9407
1731816000000,3080.67,3136.64,3076.2,3126.7,35026.2298
1731819600000,3126.69,3135.47,3093.76,3103.45,18954.3689
1731823200000,3103.46,3141.43,3102.51,3134.27,17433.2662
1731826800000,3134.26,3147.72,3120.58,3136.79,13925.572
1731830400000,3136.79,3161.49,3130.37,3145.33,21875.5059
1731834000000,3145.34,3162.11,3131.94,3140.33,11535.0813
1731837600000,3140.32,3151.32,3130.37,3138.0,10951.5361
1731841200000,3138.0,3138.57,3100.81,3105.52,20064.8404
1731844800000,3105.53,3126.72,3101.2,3121.6,12095.7157
1731848400000,3121.6,3122.26,3077.0,3103.34,24083.0232
1731852000000,3103.34,3111.36,3067.33,3088.27,24266.865
1731855600000,3088.26,3102.68,3077.55,3086.21,15282.6606
1731859200000,3086.2,3098.35,3071.6,3093.16,14060.7543
1731862800000,3093.16,3115.72,3081.0,3107.0,15684.0425
1731866400000,3107.0,3107.9,3072.34,3081.0,15899.7669
1731870000000,3081.0,3097.9,3071.87,3097.74,11815.4923
1731873600000,3097.74,3106.99,3057.45,3073.37,20559.2902
1731877200000,3073.37,3086.18,3054.5,3062.25,13755.783
1731880800000,3062.25,3089.59,3042.93,3068.08,21296.4828
1731884400000,3068.07,3078.2,3050.56,3076.0,11953.2169
1731888000000,3075.99,3124.2,3069.0,3097.99,23314.0949
1731891600000,3097.99,3121.8,3093.0,3115.05,12560.2956
1731895200000,3115.06,3124.13,3104.0,3110.4,10478.9569
1731898800000,3110.4,3112.28,3094.6,3111.96,9319.1414
1731902400000,3111.95,3116.2,3096.07,3100.65,8621.2977
1731906000000,3100.65,3118.6,3097.0,3118.42,9883.3066
1731909600000,3118.43,3146.93,3113.2,3146.34,22151.0826
1731913200000,3146.33,3149.71,3123.38,3130.55,16393.1471
1731916800000,3130.56,3139.78,3116.22,3121.51,12408.0874
1731920400000,3121.51,3123.8,3102.0,3107.25,14853.6105
1731924000000,3107.25,3123.46,3105.0,3115.45,13416.8643
1731927600000,3115.45,3116.97,3050.01,3056.28,33956.3152
1731931200000,3056.29,3090.0,3053.86,3086.92,33466.3126
1731934800000,3086.92,3089.2,3052.19,3067.6,35671.708
1731938400000,3067.6,3108.79,3058.82,3087.12,37867.2252
1731942000000,3087.12,3157.5,3083.62,3143.41,43236.0753
1731945600000,3143.41,3187.0,3134.62,3168.01,65668.9402
1731949200000,3168.0,3189.0,3152.29,3174.92,30610.735
1731952800000,3174.93,3199.0,3156.0,3164.18,38526.64
1731956400000,3164.18,3168.36,3090.3,3127.17,47373.1548
1731960000000,3127.17,3189.13,3122.22,3155.21,44377.6127
1731963600000,3155.2,3171.8,3144.0,3147.59,15237.6918
1731967200000,3147.59,3163.8,3146.1,3149.11,12686.2038
1731970800000,3149.12,3224.94,3140.1,3207.8,48579.9361
1731974400000,3207.81,3221.2,3154.45,3156.01,41260.4978
1731978000000,3156.01,3164.01,3141.7,3143.4,24226.0946
1731981600000,3143.4,3160.34,3143.22,3157.14,9053.2413
1731985200000,3157.14,3159.33,3145.09,3148.5,10072.5785
1731988800000,3148.5,3159.93,3120.5,3130.25,19840.5135
1731992400000,3130.24,3141.0,3114.99,3134.86,19072.4565
1731996000000,3134.85,3134.85,3116.14,3130.45,10911.5101
1731999600000,3130.45,3131.14,3107.37,3118.08,17246.1036
1732003200000,3118.09,3127.63,3104.25,3119.64,25308.866
1732006800000,3119.64,3127.33,3091.13,3110.63,17017.5412
1732010400000,3110.63,3122.98,3101.76,3120.32,10120.5213
1732014000000,3120.33,3130.0,3111.66,3126.51,11498.8348
1732017600000,3126.51,3150.0,3126.51,3132.21,18211.5471
1732021200000,3132.21,3135.28,3079.0,3082.19,34355.4823
1732024800000,3082.19,3119.5,3076.0,3096.78,37055.9616
1732028400000,3096.77,3108.39,3087.25,3104.36,20583.3108
1732032000000,3104.35,3116.5,3099.49,3110.16,15221.9486
1732035600000,3110.17,3129.65,3105.93,3117.45,16115.0543
1732039200000,3117.44,3143.0,3113.91,3140.69,33821.2631
1732042800000,3140.7,3145.0,3118.0,3122.19,21729.5172
1732046400000,3122.2,3131.11,3085.0,3100.17,20976.5046
1732050000000,3100.17,3106.91,3068.0,3092.19,38041.0802
1732053600000,3092.19,3099.51,3065.4,3092.67,14723.6717
1732057200000,3092.66,3114.87,3087.8,3107.44,13647.9187
1732060800000,3107.45,3112.98,3090.39,3107.06,12522.741
1732064400000,3107.06,3127.64,3093.63,3098.97,17052.3378
1732068000000,3098.98,3106.19,3084.0,3086.44,14913.1404
1732071600000,3086.44,3097.69,3071.6,3096.0,16755.9025
1732075200000,3095.99,3102.0,3087.51,3098.0,7541.457
1732078800000,3098.0,3115.01,3091.22,3108.5,11219.6911
1732082400000,3108.51,3113.99,3101.57,3104.52,8701.1078
1732086000000,3104.52,3115.0,3098.8,3109.54,14414.2312
1732089600000,3109.54,3129.54,3105.52,3123.46,17730.0497
1732093200000,3123.45,3135.13,3116.0,3118.65,24824.9096
1732096800000,3118.66,3120.83,3108.11,3109.4,10307.5304
1732100400000,3109.4,3110.16,3083.8,3099.82,17908.6028
1732104000000,3099.82,3102.33,3081.56,3089.45,25871.4508
1732107600000,3089.45,3114.26,3085.5,3113.26,23656.329
1732111200000,3113.25,3159.2,3091.0,3114.48,61067.1575
1732114800000,3114.48,3130.79,3090.0,3130.0,36350.9134
1732118400000,3130.0,3135.0,3075.02,3089.1,39337.8372
1732122000000,3089.07,3096.5,3063.81,3064.01,28162.5677
1732125600000,3064.01,3077.74,3037.05,3049.01,40546.4028
1732129200000,3049.0,3063.32,3029.41,3058.05,22121.3957
1732132800000,3058.04,3081.88,3044.38,3072.32,20044.6255
1732136400000,3072.32,3083.05,3062.21,3078.16,12362.1334
1732140000000,3078.15,3093.16,3066.33,3074.38,10537.2525
1732143600000,3074.38,3079.68,3063.4,3069.97,9658.0668
1732147200000,3069.97,3090.0,3065.2,3079.19,11708.0096
1732150800000,3079.2,3098.43,3076.4,3079.06,11550.9055
1732154400000,3079.07,3080.01,3032.59,3056.21,27526.9407
1732158000000,3056.21,3101.0,3053.67,3081.98,37569.6038
1732161600000,3081.99,3139.4,3080.5,3130.67,53599.3311
1732165200000,3130.67,3143.64,3092.65,3107.71,34959.6742
1732168800000,3107.71,3129.0,3099.5,3127.21,22711.4954
1732172400000,3127.21,3141.14,3121.61,3137.02,20490.9523
1732176000000,3137.02,3148.11,3128.0,3141.19,25307.485
1732179600000,3141.19,3144.34,3122.4,3125.99,20396.2099
1732183200000,3125.98,3139.13,3118.37,3131.7,16245.2878
1732186800000,3131.7,3155.0,3129.18,3147.75,30490.13
1732190400000,3147.74,3317.85,3146.2,3284.99,179740.4868
1732194000000,3284.99,3366.94,3284.38,3348.0,98001.2227
1732197600000,3348.0,3372.6,3307.81,3345.5,77582.9823
1732201200000,3345.49,3346.28,3236.88,3277.03,90929.2832
1732204800000,3277.03,3340.82,3277.03,3331.48,40817.5219
1732208400000,3331.47,3350.0,3313.05,3349.27,24337.7757
1732212000000,3349.27,3383.58,3338.91,3379.22,40354.203
1732215600000,3379.22,3386.73,3337.01,3347.0,39189.219
1732219200000,3347.0,3367.58,3333.54,3347.96,22105.5789
1732222800000,3347.96,3355.96,3334.2,3345.13,15057.3191
1732226400000,3345.13,3378.68,3344.01,3371.34,17009.4074
1732230000000,3371.33,3376.2,3354.81,3355.81,17242.2782
1732233600000,3355.88,3372.56,3309.47,3316.1,26507.7822
1732237200000,3316.09,3330.41,3304.39,3321.5,18054.234
1732240800000,3321.49,3343.72,3320.0,3331.01,20471.4336
1732244400000,3331.0,3380.68,3321.0,3365.8,27973.0969
1732248000000,3365.8,3425.92,3357.44,3390.01,44626.4088
1732251600000,3390.0,3394.98,3369.4,3376.14,22925.0339
1732255200000,3376.15,3384.42,3355.0,3371.77,19019.827
1732258800000,3371.77,3386.87,3358.29,3362.66,20666.6954
1732262400000,3362.65,3381.2,3360.01,3372.01,18990.8137
1732266000000,3372.01,3383.84,3350.01,3364.31,19219.573
1732269600000,3364.31,3369.84,3319.54,3322.62,30734.5027
1732273200000,3322.63,3347.0,3311.68,3344.75,22269.5648
1732276800000,3344.76,3357.18,3329.14,3348.43,19200.852
1732280400000,3348.43,3348.59,3257.54,3293.21,83686.6854
1732284000000,3293.22,3311.2,3280.32,3288.0,36803.993
1732287600000,3287.99,3323.67,3282.67,3314.15,34906.2183
1732291200000,3314.15,3316.73,3290.07,3308.41,24710.5269
1732294800000,3308.4,3321.14,3293.21,3296.48,19047.741
1732298400000,3296.48,3307.4,3266.66,3280.01,17723.6531
1732302000000,3280.0,3297.38,3264.84,3282.4,19764.6886
1732305600000,3282.39,3297.26,3273.2,3291.31,13140.2523
1732309200000,3291.31,3319.67,3279.39,3316.47,13923.0339
1732312800000,3316.51,3319.45,3300.85,3308.14,14736.0182
1732316400000,3308.14,3330.0,3307.01,3327.78,14171.0806
1732320000000,3327.78,3364.98,3317.0,3341.81,30155.5223
1732323600000,3341.81,3358.03,3321.63,3343.2,42729.6519
1732327200000,3343.19,3347.8,3312.72,3325.79,19549.2114
1732330800000,3325.79,3345.52,3320.09,3345.51,12831.365
1732334400000,3345.51,3356.06,3326.89,3353.87,25242.0246
1732338000000,3353.86,3361.71,3329.1,3348.75,15417.865
1732341600000,3348.75,3351.8,3341.7,3343.72,11618.1029
1732345200000,3343.71,3351.45,3335.2,3341.34,15167.3434
1732348800000,3341.34,3402.98,3335.16,3369.27,55944.1373
1732352400000,3369.28,3373.82,3342.63,3359.87,19664.5283
1732356000000,3359.87,3367.4,3342.6,3348.27,18185.3677
1732359600000,3348.26,3363.89,3347.0,3354.65,11484.9866
1732363200000,3354.65,3428.0,3349.68,3399.82,56873.1526
1732366800000,3399.82,3444.47,3392.01,3435.03,55172.6575
1732370400000,3435.02,3497.51,3426.29,3472.2,77400.4418
1732374000000,3472.19,3480.42,3444.53,3460.33,40079.1527
1732377600000,3460.34,3470.22,3377.0,3413.14,83239.0688
1732381200000,3413.13,3435.19,3389.44,3424.67,37633.4777
1732384800000,3424.67,3431.11,3401.01,3424.18,16507.87
1732388400000,3424.18,3433.0,3400.77,3407.83,12756.469
1732392000000,3407.82,3408.73,3379.2,3405.1,21240.0642
1732395600000,3405.11,3427.73,3401.78,3417.24,15728.263
1732399200000,3417.24,3423.48,3393.0,3405.87,14222.6376
1732402800000,3405.85,3406.96,3382.0,3393.91,12180.6396
1732406400000,3393.91,3425.9,3389.03,3417.5,16380.3334
1732410000000,3417.49,3436.62,3414.99,3433.38,19682.1357
1732413600000,3433.38,3450.0,3428.68,3430.39,15560.8673
1732417200000,3430.39,3432.6,3418.15,3427.0,11318.5956
1732420800000,3427.0,3431.99,3399.69,3413.45,15349.3518
1732424400000,3413.45,3421.22,3398.12,3413.61,14343.7254
1732428000000,3413.6,3430.0,3401.17,3423.0,10659.1772
1732431600000,3423.01,3427.25,3409.46,3422.51,9796.4219
1732435200000,3422.51,3428.35,3388.7,3394.0,20034.8766
1732438800000,3394.0,3405.9,3388.01,3403.09,12710.0708
1732442400000,3403.09,3403.91,3360.01,3374.54,20443.3577
1732446000000,3374.54,3379.6,3339.11,3344.22,46582.037
1732449600000,3344.22,3357.32,3281.4,3315.0,59235.8848
1732453200000,3314.99,3340.07,3305.0,3325.0,27591.4783
1732456800000,3325.01,3332.73,3284.32,3325.99,35051.1827
1732460400000,3325.99,3327.75,3291.85,3294.39,25658.5876
1732464000000,3294.39,3333.07,3287.19,3318.48,24455.5367
1732467600000,3318.48,3319.65,3298.0,3309.61,14067.0571
1732471200000,3309.6,3334.19,3307.07,3326.59,13181.5979
1732474800000,3326.59,3329.25,3309.99,3326.63,11508.3886
1732478400000,3326.64,3343.82,3321.51,3341.59,12351.2148
1732482000000,3341.59,3346.73,3331.68,3345.01,8402.7462
1732485600000,3345.01,3363.38,3337.4,3358.83,14461.9997
1732489200000,3358.83,3372.22,3351.38,3361.2,20271.4673
1732492800000,3361.21,3365.68,3334.99,3348.82,20176.9968
1732496400000,3348.81,3353.78,3300.01,3328.55,23365.2303
1732500000000,3328.56,3350.11,3327.95,3338.16,10740.1496
1732503600000,3338.16,3370.4,3338.16,3362.44,11882.7511
1732507200000,3362.44,3387.66,3361.21,3365.79,18172.7731
1732510800000,3365.79,3391.79,3365.61,3381.72,12677.6894
1732514400000,3381.72,3390.39,3375.0,3380.39,9950.5677
1732518000000,3380.4,3419.81,3368.58,3399.41,22415.5538
1732521600000,3399.4,3414.4,3396.6,3413.0,15521.016
1732525200000,3413.0,3483.88,3410.3,3477.56,53171.4017
1732528800000,3477.55,3527.0,3460.02,3500.78,61354.1293
1732532400000,3500.77,3507.33,3453.02,3471.84,39714.7774
1732536000000,3471.84,3499.72,3470.0,3482.0,24775.0569
1732539600000,3482.0,3495.02,3448.59,3476.38,40281.0716
1732543200000,3476.38,3521.5,3403.66,3407.74,90543.1626
1732546800000,3407.75,3537.98,3348.72,3518.41,134055.2385
1732550400000,3518.41,3546.66,3460.0,3483.8,86641.2093
1732554000000,3483.81,3485.44,3423.47,3462.18,49844.4154
1732557600000,3462.18,3481.47,3437.6,3447.73,26094.7548
1732561200000,3447.74,3485.0,3429.26,3464.0,28170.6467
1732564800000,3464.01,3503.0,3456.82,3501.8,27823.1558
1732568400000,3501.79,3505.45,3415.67,3439.37,35356.4172
1732572000000,3439.36,3455.0,3363.62,3451.15,73057.5054
1732575600000,3451.16,3471.42,3409.09,3414.49,33544.6996
1732579200000,3414.49,3451.91,3395.84,3425.5,38917.0842
1732582800000,3425.51,3462.49,3422.61,3447.85,22984.2653
1732586400000,3447.84,3455.61,3437.03,3444.99,12362.7843
1732590000000,3444.99,3447.57,3421.23,3434.61,24789.3303
1732593600000,3434.62,3439.35,3415.43,3420.61,23527.7406
1732597200000,3420.61,3432.38,3410.0,3432.14,12714.4335
1732600800000,3432.14,3442.72,3417.58,3423.77,12362.3662
1732604400000,3423.76,3423.77,3382.35,3394.8,24016.9566
1732608000000,3394.8,3397.33,3350.99,3373.21,44889.0582
1732611600000,3373.21,3390.74,3342.75,3356.81,27596.1541
1732615200000,3356.81,3367.98,3314.1,3317.4,33970.6681
1732618800000,3317.41,3331.32,3280.1,3323.01,53314.1369
1732622400000,3323.02,3339.6,3299.85,3312.0,29698.0859
1732626000000,3312.01,3335.49,3302.18,3311.5,22941.6587
1732629600000,3311.51,3362.5,3290.35,3345.96,45743.8152
1732633200000,3345.96,3354.4,3296.12,3296.32,33129.491
1732636800000,3296.33,3338.0,3291.49,3335.4,30007.076
1732640400000,3335.4,3336.01,3308.28,3326.57,31639.1803
1732644000000,3326.57,3331.82,3252.0,3282.31,46887.0904
1732647600000,3282.31,3300.8,3263.94,3300.61,30796.5942
1732651200000,3300.61,3333.48,3286.89,3324.19,30851.4159
1732654800000,3324.18,3331.79,3302.8,3323.52,17931.0133
1732658400000,3323.53,3344.31,3319.5,3325.39,12970.8608
1732662000000,3325.4,3333.17,3315.2,3324.73,8325.8903
1732665600000,3324.74,3345.73,3305.75,3309.35,15812.8528
1732669200000,3309.34,3346.6,3302.4,3341.77,16036.9579
1732672800000,3341.78,3366.61,3318.49,3364.77,30995.2311
1732676400000,3364.77,3372.5,3350.0,3361.03,23257.9507
1732680000000,3361.02,3436.05,3359.32,3400.64,53884.1928
1732683600000,3400.65,3414.29,3385.0,3399.6,17212.0223
1732687200000,3399.59,3445.73,3398.5,3426.92,37545.0967
1732690800000,3426.93,3437.2,3418.15,3424.11,15470.6086
1732694400000,3424.12,3438.44,3412.57,3421.98,22478.7669
1732698000000,3421.98,3423.5,3402.43,3412.6,13022.2038
1732701600000,3412.61,3485.5,3411.43,3455.49,44642.6321
1732705200000,3455.5,3467.35,3434.83,3460.43,17537.1559
1732708800000,3460.43,3484.0,3441.31,3478.0,23035.9114
1732712400000,3478.0,3505.0,3472.05,3504.99,33588.1829
1732716000000,3504.99,3528.8,3468.11,3520.5,69082.9613
1732719600000,3520.51,3573.17,3517.6,3552.79,66339.3705
1732723200000,3552.79,3574.89,3539.42,3557.89,41744.5587
1732726800000,3557.89,3570.42,3533.83,3560.77,24840.4095
1732730400000,3560.77,3593.73,3553.6,3586.19,27130.0224
1732734000000,3586.19,3611.8,3573.31,3589.6,36537.9685
1732737600000,3589.6,3630.0,3588.0,3623.99,33938.9897
1732741200000,3624.0,3645.94,3613.63,3632.79,30189.2508
1732744800000,3632.79,3674.97,3632.4,3665.9,32518.0794
1732748400000,3665.9,3684.92,3650.79,3653.28,27732.2718
1732752000000,3653.27,3661.92,3634.5,3642.54,33071.8655
1732755600000,3642.54,3646.75,3615.0,3638.73,19679.6626
1732759200000,3638.73,3644.13,3616.67,3621.49,14065.977
1732762800000,3621.49,3627.8,3564.75,3598.8,35961.0745
1732766400000,3598.81,3613.98,3580.0,3604.0,34138.9206
1732770000000,3604.0,3618.4,3585.09,3588.95,15359.5798
1732773600000,3588.96,3603.82,3566.91,3594.81,17171.0135
1732777200000,3594.8,3612.13,3583.62,3592.4,14883.6167
1732780800000,3592.4,3638.39,3574.23,3629.14,39565.2573
1732784400000,3629.14,3630.5,3598.35,3598.36,18227.9603
1732788000000,3598.36,3622.99,3577.91,3603.26,17953.0031
1732791600000,3603.27,3636.36,3590.0,3620.51,17663.2522
1732795200000,3620.51,3642.19,3606.88,3622.38,21606.1538
1732798800000,3622.37,3622.92,3580.83,3588.12,24324.7015
1732802400000,3588.13,3607.79,3548.01,3567.17,47236.3011
1732806000000,3567.18,3577.01,3536.95,3541.78,53596.0764
1732809600000,3541.78,3559.18,3529.76,3541.08,31650.0767
1732813200000,3541.08,3563.46,3540.42,3552.99,18107.0802
1732816800000,3552.99,3582.69,3552.79,3578.39,17051.304
1732820400000,3578.39,3584.87,3564.19,3575.05,9762.1012
1732824000000,3575.05,3575.24,3547.86,3556.52,10684.6751
1732827600000,3556.53,3578.2,3556.53,3571.77,9682.3506
1732831200000,3571.78,3599.2,3567.22,3592.62,13379.3495
1732834800000,3592.62,3597.32,3574.86,3578.79,26155.0718
1732838400000,3578.8,3584.93,3552.0,3558.11,21412.8296
1732842000000,3558.11,3570.14,3550.07,3565.15,11089.2736
1732845600000,3565.15,3600.0,3564.0,3599.98,20425.0602
1732849200000,3599.98,3602.85,3578.98,3583.82,12105.9804
1732852800000,3583.82,3588.44,3563.16,3578.75,10544.3146
1732856400000,3578.75,3595.7,3575.59,3578.03,12976.3996
1732860000000,3578.03,3586.5,3558.0,3561.45,19160.3398
1732863600000,3561.46,3566.64,3534.28,3544.49,33343.4365
1732867200000,3544.5,3569.99,3544.49,3568.88,12436.1602
1732870800000,3568.88,3579.0,3560.5,3568.35,9835.854
1732874400000,3568.35,3584.88,3562.05,3584.88,15952.2749
1732878000000,3584.87,3599.66,3572.8,3594.74,17276.2677
1732881600000,3594.75,3600.69,3574.0,3586.39,19940.0263
1732885200000,3586.38,3616.99,3584.34,3610.61,25195.9134
1732888800000,3610.6,3636.36,3595.99,3633.6,23950.5357
1732892400000,3633.6,3647.98,3602.0,3613.95,45021.6581
1732896000000,3613.95,3620.08,3585.0,3596.61,26607.8747
1732899600000,3596.61,3601.8,3578.48,3582.99,20399.0903
1732903200000,3582.99,3593.34,3570.0,3573.79,16826.587
1732906800000,3573.78,3585.0,3559.24,3582.79,12661.0697
1732910400000,3582.78,3603.08,3577.16,3592.86,9915.0931
1732914000000,3592.87,3594.62,3575.56,3591.34,9874.9416
1732917600000,3591.34,3604.0,3584.83,3595.97,6982.6002
1732921200000,3595.96,3599.0,3588.12,3592.21,11559.6637
1732924800000,3592.22,3609.99,3578.0,3590.0,14481.1797
1732928400000,3590.0,3623.26,3568.4,3599.83,21475.4213
1732932000000,3599.83,3647.4,3593.81,3624.72,28509.5312
1732935600000,3624.72,3661.0,3617.84,3657.12,27713.202
1732939200000,3657.12,3668.64,3635.42,3651.78,21470.2794
1732942800000,3651.78,3694.08,3639.87,3693.69,28432.3283
1732946400000,3693.7,3726.71,3685.8,3696.19,56692.766
1732950000000,3696.19,3716.59,3686.76,3703.07,22231.4817
1732953600000,3703.06,3718.0,3690.72,3693.62,19946.4935
1732957200000,3693.62,3696.4,3679.01,3692.0,14093.2749
1732960800000,3692.0,3692.55,3636.87,3641.79,25967.5454
1732964400000,3641.79,3663.26,3631.23,3653.69,16956.7026
1732968000000,3653.68,3681.81,3652.63,3681.6,14350.0064
1732971600000,3681.59,3682.46,3666.1,3667.83,26126.5385
1732975200000,3667.84,3684.18,3651.63,3655.79,17532.2504
1732978800000,3655.8,3685.33,3651.38,3674.0,19201.0562
1732982400000,3674.0,3682.58,3656.23,3675.41,28087.8167
1732986000000,3675.4,3687.49,3665.79,3677.0,10681.1865
1732989600000,3677.0,3678.99,3663.64,3670.98,10608.8182
1732993200000,3670.99,3696.78,3666.1,3689.56,12116.4817
1732996800000,3689.56,3712.85,3686.58,3712.02,12325.8133
1733000400000,3712.03,3734.95,3695.0,3720.2,19398.6311
1733004000000,3720.21,3727.01,3701.15,3708.75,19022.3279
1733007600000,3708.75,3738.98,3701.64,3703.6,16263.6156
1733011200000,3703.59,3727.42,3687.72,3688.54,22205.3595
1733014800000,3688.55,3732.34,3675.03,3709.59,28933.7269
1733018400000,3709.59,3713.53,3659.2,3664.01,27340.4985
1733022000000,3664.02,3712.55,3663.5,3707.0,14300.0108
1733025600000,3707.0,3707.63,3688.2,3702.21,11741.5138
1733029200000,3702.2,3702.21,3682.01,3683.26,11450.6999
1733032800000,3683.26,3705.67,3682.0,3699.86,7675.9117
1733036400000,3699.87,3716.96,3693.7,3702.31,9683.3944
1733040000000,3702.32,3717.0,3698.71,3707.62,16578.5791
1733043600000,3707.61,3710.83,3690.78,3700.7,11053.4555
1733047200000,3700.7,3701.05,3675.47,3682.25,12197.5358
1733050800000,3682.25,3698.67,3677.59,3692.42,21628.7035
1733054400000,3692.43,3695.2,3680.27,3682.62,13078.7755
1733058000000,3682.62,3714.74,3678.61,3701.21,22214.9356
1733061600000,3701.2,3713.0,3693.43,3706.01,26181.9711
1733065200000,3706.01,3746.8,3701.2,3728.59,38241.5685
1733068800000,3728.59,3744.11,3723.0,3725.43,18785.6844
1733072400000,3725.43,3729.75,3705.88,3723.5,17406.5713
1733076000000,3723.5,3731.47,3708.21,3711.81,14201.1527
1733079600000,3711.81,3718.2,3693.02,3707.96,15829.0991
1733083200000,3707.95,3710.0,3679.0,3690.43,20029.167
1733086800000,3690.43,3706.27,3686.66,3706.26,13438.3955
1733090400000,3706.27,3734.26,3702.0,3721.21,21544.6142
1733094000000,3721.2,3728.5,3703.0,3707.61,13347.939
1733097600000,3707.61,3719.35,3692.84,3701.84,20077.6802
1733101200000,3701.84,3739.0,3697.6,3732.47,28286.4734
1733104800000,3732.48,3740.9,3703.61,3740.51,19391.9158
1733108400000,3740.5,3760.0,3674.6,3685.01,46864.5791
1733112000000,3685.0,3695.99,3650.0,3691.12,44882.9764
1733115600000,3691.12,3709.59,3672.4,3676.82,34169.9938
1733119200000,3676.82,3684.0,3655.0,3680.61,20122.2233
1733122800000,3680.61,3686.29,3651.88,3666.88,22600.2446
1733126400000,3666.88,3672.47,3586.5,3602.51,108271.5513
1733130000000,3602.5,3622.16,3594.28,3621.2,33642.6989
1733133600000,3621.21,3622.22,3571.81,3578.41,36864.4
1733137200000,3578.27,3597.96,3569.58,3588.99,23926.3108
1733140800000,3588.99,3615.19,3582.6,3595.64,20758.0196
1733144400000,3595.64,3629.4,3590.71,3626.34,22063.0441
1733148000000,3626.34,3664.5,3615.2,3640.42,33980.2153
1733151600000,3640.42,3680.37,3620.29,3672.13,32711.5266
1733155200000,3672.13,3682.01,3618.0,3625.95,31967.9036
1733158800000,3625.95,3644.99,3554.32,3566.35,65730.2515
1733162400000,3566.35,3632.88,3564.5,3622.38,23853.082
1733166000000,3622.37,3622.5,3584.36,3612.17,16132.1198
1733169600000,3612.17,3630.58,3601.83,3614.81,14806.6899
1733173200000,3614.82,3628.63,3599.5,3615.92,13575.7454
1733176800000,3615.92,3622.11,3598.5,3615.03,12056.6175
1733180400000,3615.02,3644.44,3612.0,3643.42,10394.3061
1733184000000,3643.43,3647.34,3621.5,3637.74,22270.8088
1733187600000,3637.73,3653.83,3617.64,3619.02,19064.108
1733191200000,3619.01,3658.16,3607.8,3644.38,26073.7206
1733194800000,3644.37,3656.79,3635.59,3639.75,19324.787
1733198400000,3639.75,3655.52,3635.27,3644.43,12347.8613
1733202000000,3644.43,3664.54,3640.34,3655.14,13415.7978
1733205600000,3655.13,3670.0,3626.34,3634.14,16039.2091
1733209200000,3634.14,3641.0,3600.0,3616.85,31245.8637
1733212800000,3616.85,3635.14,3600.5,3613.81,37930.0582
1733216400000,3613.82,3615.45,3596.2,3611.0,29723.4866
1733220000000,3611.01,3618.88,3585.0,3594.44,26466.2991
1733223600000,3594.44,3615.01,3591.54,3613.81,26953.919
1733227200000,3613.81,3617.64,3598.0,3605.0,20350.8761
1733230800000,3605.0,3608.6,3538.0,3545.41,59613.93
1733234400000,3545.22,3586.0,3500.0,3580.36,101373.4198
1733238000000,3580.35,3597.21,3558.17,3571.79,47675.0703
1733241600000,3571.8,3594.4,3542.39,3551.81,33613.6463
1733245200000,3551.81,3578.76,3538.55,3578.76,22665.6431
1733248800000,3578.75,3582.92,3565.03,3578.26,15202.8408
1733252400000,3578.26,3579.85,3550.07,3577.34,19032.2715
1733256000000,3577.34,3609.5,3575.2,3606.94,19487.4806
1733259600000,3606.78,3627.83,3603.59,3611.78,17505.6948
1733263200000,3611.79,3633.0,3595.52,3632.42,15107.0728
1733266800000,3632.42,3634.81,3611.75,3614.51,25916.3379
1733270400000,3614.51,3694.86,3614.51,3691.87,46056.7366
1733274000000,3691.87,3707.57,3673.6,3686.04,60141.2521
1733277600000,3686.04,3687.77,3628.84,3648.63,51061.9205
1733281200000,3648.63,3676.43,3648.5,3661.8,15688.6212
1733284800000,3661.79,3675.39,3659.55,3669.63,14535.062
1733288400000,3669.62,3686.56,3669.55,3681.99,14747.1758
1733292000000,3681.99,3695.38,3664.03,3694.61,16911.7049
1733295600000,3694.61,3721.73,3681.72,3714.99,32692.8464
1733299200000,3715.0,3720.44,3698.0,3702.7,23707.3787
1733302800000,3702.69,3733.0,3696.42,3725.93,35356.1297
1733306400000,3725.93,3742.17,3711.64,3721.91,36065.2565
1733310000000,3721.91,3751.44,3717.17,3729.09,44515.282
1733313600000,3729.09,3744.0,3697.24,3717.89,35079.1887
1733317200000,3717.9,3735.86,3690.0,3707.61,31552.1369
1733320800000,3707.61,3794.89,3693.23,3778.9,64539.7728
1733324400000,3778.9,3853.38,3763.84,3821.0,111093.624
1733328000000,3820.99,3829.6,3732.98,3756.43,80879.9363
1733331600000,3756.43,3819.73,3754.75,3811.24,45012.1697
1733335200000,3811.25,3839.04,3796.0,3823.16,36025.2785
1733338800000,3823.11,3844.65,3817.1,3841.15,28934.8555
1733342400000,3841.15,3887.0,3830.01,3879.01,61655.3413
1733346000000,3879.01,3887.24,3832.6,3837.6,35003.6298
1733349600000,3837.61,3870.23,3833.3,3842.0,16519.7062
1733353200000,3842.0,3860.5,3822.5,3837.8,30969.0338
1733356800000,3837.8,3839.6,3795.59,3796.44,28135.5577
1733360400000,3796.43,3826.52,3765.71,3801.21,46779.4766
1733364000000,3801.21,3880.0,3797.61,3856.0,59440.3959
1733367600000,3856.0,3905.0,3817.74,3832.66,83971.649
1733371200000,3832.67,3880.2,3830.79,3855.98,32758.551
1733374800000,3855.99,3872.96,3820.02,3845.99,30703.5213
1733378400000,3846.0,3864.99,3818.61,3850.3,22546.8605
1733382000000,3850.29,3867.14,3844.0,3850.98,24878.5349
1733385600000,3850.98,3922.99,3850.75,3907.3,47269.3514
1733389200000,3907.3,3922.0,3900.0,3920.8,37045.5151
1733392800000,3920.79,3935.0,3908.5,3915.6,28007.8721
1733396400000,3915.6,3943.28,3909.2,3930.98,25986.4015
1733400000000,3930.98,3938.87,3917.4,3924.6,28959.1192
1733403600000,3924.56,3937.0,3913.15,3917.14,26322.1106
1733407200000,3917.14,3956.0,3902.0,3927.18,38189.912
1733410800000,3927.19,3930.0,3861.0,3888.0,59532.4842
1733414400000,3888.0,3921.4,3869.54,3901.58,34089.2892
1733418000000,3901.58,3926.33,3893.18,3918.31,24954.7719
1733421600000,3918.31,3923.61,3866.67,3870.0,27626.0598
1733425200000,3870.01,3887.77,3820.01,3830.81,34196.7464
1733428800000,3830.8,3846.74,3785.49,3826.2,54462.8373
1733432400000,3826.2,3858.96,3820.23,3855.6,17976.6754
1733436000000,3855.6,3862.23,3677.0,3803.32,93377.9077
1733439600000,3803.32,3818.5,3763.85,3785.2,39281.6753
1733443200000,3785.21,3882.7,3777.26,3862.32,42943.531
1733446800000,3862.32,3888.2,3838.4,3869.47,30267.0551
1733450400000,3869.47,3877.14,3849.88,3877.14,15615.3591
1733454000000,3877.13,3914.0,3850.39,3907.01,24301.0882
1733457600000,3907.01,3913.95,3889.4,3903.0,17111.6647
1733461200000,3903.0,3903.61,3874.5,3889.09,18209.4599
1733464800000,3889.1,3929.0,3888.8,3907.02,27877.9448
1733468400000,3907.02,3907.73,3885.75,3893.75,17599.6907
1733472000000,3893.74,3910.45,3878.48,3879.38,20699.6074
1733475600000,3879.38,3886.65,3855.46,3868.6,28542.7258
1733479200000,3868.6,3876.36,3845.3,3864.01,24240.7526
1733482800000,3864.01,3879.79,3852.4,3867.02,18857.4589
1733486400000,3867.01,3883.45,3831.9,3837.0,24659.1381
1733490000000,3837.01,3894.6,3836.22,3888.8,46376.6517
1733493600000,3888.79,3986.15,3874.06,3984.49,71928.0543
1733497200000,3984.48,4041.0,3974.6,3993.02,143735.0337
1733500800000,3993.01,4014.42,3980.11,4003.52,39957.3454
1733504400000,4003.51,4041.81,4003.51,4016.41,36731.0801
1733508000000,4016.42,4058.0,4008.57,4051.01,33748.7938
1733511600000,4051.0,4073.86,4043.0,4067.62,27189.8283
1733515200000,4067.61,4087.73,4024.59,4044.31,42330.1112
1733518800000,4044.31,4056.22,4018.67,4022.8,19582.8674
1733522400000,4022.8,4039.98,4021.2,4023.94,13289.5365
1733526000000,4023.94,4026.64,3990.03,3998.87,18060.3359
1733529600000,3998.87,4024.46,3991.39,4013.4,14762.1069
1733533200000,4013.4,4018.91,3978.94,3981.62,22877.0492
1733536800000,3981.62,4001.6,3975.08,3991.36,13202.8066
1733540400000,3991.35,3994.48,3970.0,3986.87,14446.5118
1733544000000,3986.87,4000.0,3980.61,3995.26,12113.2449
1733547600000,3995.26,4003.16,3981.69,3989.21,11611.0912
1733551200000,3989.22,3992.25,3976.69,3978.0,9172.1801
1733554800000,3978.0,3987.99,3968.0,3985.87,11561.5311
1733558400000,3985.87,3996.02,3973.51,3979.22,11015.4131
1733562000000,3979.21,3991.46,3978.27,3986.28,10821.5723
1733565600000,3986.28,3986.44,3975.0,3981.83,9147.6256
1733569200000,3981.83,4009.0,3980.41,3998.3,13398.8611
1733572800000,3998.29,4004.5,3990.0,3999.12,9605.1676
1733576400000,3999.13,4008.46,3991.61,3994.23,9363.7283
1733580000000,3994.24,4008.0,3976.2,3997.79,13930.1878
1733583600000,3997.79,4007.83,3988.44,4004.71,15759.7536
1733587200000,4004.72,4006.51,3986.0,3997.2,12354.2054
1733590800000,3997.2,3997.95,3986.43,3991.37,8502.8236
1733594400000,3991.37,4016.47,3991.36,4011.41,11486.5704
1733598000000,4011.41,4020.43,4003.57,4012.19,13947.8205
1733601600000,4012.2,4024.01,4007.79,4016.91,8826.4715
1733605200000,4016.91,4022.5,3998.63,4005.36,10216.8782
1733608800000,4005.37,4008.5,3993.02,3994.3,7644.0419
1733612400000,3994.3,4012.64,3993.4,3996.22,8152.3773
1733616000000,3996.22,4005.72,3993.4,4003.79,6478.1226
1733619600000,4003.79,4008.99,3985.47,3993.2,7754.3523
1733623200000,3993.21,4003.23,3989.15,3997.49,6673.8297
1733626800000,3997.48,4001.6,3988.15,3989.28,6395.9257
1733630400000,3989.28,3995.85,3979.57,3979.58,11766.233
1733634000000,3979.57,3983.98,3961.0,3970.82,11351.2629
1733637600000,3970.82,3982.4,3958.87,3979.22,8610.6655
1733641200000,3979.21,3986.41,3972.73,3980.6,5534.2726
1733644800000,3980.6,3981.79,3937.1,3939.98,19618.502
1733648400000,3939.98,3958.11,3923.5,3936.16,17039.8718
1733652000000,3936.16,3965.0,3936.16,3962.74,9595.41
1733655600000,3962.74,3980.41,3956.04,3971.84,9606.4905
1733659200000,3971.85,3992.38,3959.4,3985.61,12091.5555
1733662800000,3985.61,4003.4,3980.02,3997.17,19149.4878
1733666400000,3997.17,3997.78,3976.81,3978.68,12871.8228
1733670000000,3978.69,4000.0,3956.16,3990.79,16010.3617
1733673600000,3990.79,3999.89,3976.2,3983.79,11870.2952
1733677200000,3983.8,3991.22,3973.33,3985.17,8785.3217
1733680800000,3985.18,3987.0,3965.4,3968.36,6536.6035
1733684400000,3968.35,3992.9,3964.4,3989.99,8438.6087
1733688000000,3989.99,3992.6,3976.0,3976.6,6052.9341
1733691600000,3976.6,3992.71,3975.4,3991.01,4612.3863
1733695200000,3991.0,4010.71,3988.44,4010.34,8774.7288
1733698800000,4010.34,4015.58,3987.8,4004.15,15743.1238
1733702400000,4004.15,4006.17,3953.54,3972.37,29234.7891
1733706000000,3972.36,3980.05,3942.2,3945.0,14564.4115
1733709600000,3945.0,3959.2,3935.0,3941.53,12653.7861
1733713200000,3941.54,3955.13,3905.21,3929.37,18452.7302
1733716800000,3929.37,3940.98,3903.66,3940.97,16348.7548
1733720400000,3940.98,3948.91,3934.6,3943.38,13096.0962
1733724000000,3943.39,3943.5,3906.0,3916.0,13296.2788
1733727600000,3916.01,3927.31,3880.44,3918.44,32450.5731
1733731200000,3918.44,3920.0,3860.48,3866.85,34689.0182
1733734800000,3866.81,3886.0,3850.01,3873.53,27162.8424
1733738400000,3873.53,3888.22,3864.73,3884.39,12440.1917
1733742000000,3884.4,3884.4,3841.24,3850.88,21043.6835
1733745600000,3850.88,3867.36,3836.84,3864.25,22055.0491
1733749200000,3864.24,3903.0,3851.14,3897.01,22703.8552
1733752800000,3897.0,3946.0,3877.15,3931.78,37667.3001
1733756400000,3931.78,3937.4,3804.32,3824.0,81586.3713
1733760000000,3824.0,3866.35,3807.42,3846.13,33132.3047
1733763600000,3846.12,3863.77,3827.1,3827.41,15423.342
1733767200000,3827.41,3858.0,3826.7,3837.11,15538.4473
1733770800000,3837.1,3837.11,3786.87,3795.78,44379.6568
1733774400000,3795.77,3804.19,3723.33,3743.79,81573.8237
1733778000000,3743.79,3747.94,3509.0,3698.36,164375.2535
1733781600000,3698.36,3731.11,3513.41,3714.19,140435.6294
1733785200000,3714.18,3735.0,3690.0,3712.0,35338.0114
1733788800000,3712.0,3780.76,3678.26,3767.43,52701.9576
1733792400000,3767.43,3774.6,3724.66,3757.89,30195.449
1733796000000,3757.89,3758.17,3684.36,3686.94,32445.4054
1733799600000,3686.98,3698.8,3615.11,3682.4,86304.74
1733803200000,3682.39,3709.69,3638.0,3708.72,34729.1632
1733806800000,3708.62,3713.4,3679.41,3702.82,18896.1841
1733810400000,3702.82,3743.65,3691.5,3739.5,21818.4157
1733814000000,3739.49,3740.38,3719.02,3734.55,19697.0624
1733817600000,3734.54,3752.0,3713.56,3743.15,17246.9543
1733821200000,3743.14,3766.0,3736.5,3751.89,18470.5125
1733824800000,3751.89,3773.39,3750.31,3763.8,17662.158
1733828400000,3763.79,3763.8,3738.2,3750.11,13089.7642
1733832000000,3750.1,3754.5,3665.16,3677.21,48344.2677
1733835600000,3677.2,3713.39,3673.76,3693.66,36558.2102
1733839200000,3693.67,3731.66,3655.18,3671.44,55266.816
1733842800000,3671.44,3689.61,3555.41,3567.75,119862.93
1733846400000,3567.76,3618.89,3530.0,3613.4,100110.4712
1733850000000,3613.4,3615.6,3520.2,3527.51,68615.8566
1733853600000,3527.52,3596.9,3515.89,3580.71,42957.9704
1733857200000,3580.71,3634.92,3577.0,3628.82,26701.0364
1733860800000,3628.81,3657.87,3619.8,3646.7,24903.2341
1733864400000,3646.7,3673.2,3630.08,3639.13,21385.2496
1733868000000,3639.14,3655.93,3630.0,3633.22,14391.932
1733871600000,3633.21,3653.0,3613.3,3628.25,19850.2931
1733875200000,3628.24,3638.31,3581.0,3611.94,21727.145
1733878800000,3611.93,3613.63,3565.42,3567.19,25061.4304
1733882400000,3567.19,3658.48,3562.34,3651.2,21431.8153
1733886000000,3651.2,3668.96,3648.02,3665.23,15458.0593
1733889600000,3665.23,3681.5,3657.4,3668.4,12690.6593
1733893200000,3668.4,3674.98,3646.0,3659.19,11503.1255
1733896800000,3659.2,3678.4,3651.0,3674.82,9201.9054
1733900400000,3674.82,3681.81,3650.61,3652.58,13693.0196
1733904000000,3652.58,3707.0,3651.23,3696.5,20672.8531
1733907600000,3696.5,3700.0,3683.6,3699.7,12754.6798
1733911200000,3699.69,3708.71,3694.6,3707.81,12428.7142
1733914800000,3707.8,3728.0,3704.6,3716.84,16278.132
1733918400000,3716.84,3737.4,3710.18,3722.33,14895.7282
1733922000000,3722.34,3749.79,3709.17,3743.78,31317.0271
1733925600000,3743.77,3777.57,3716.79,3770.8,32296.7328
1733929200000,3770.8,3821.0,3763.51,3787.34,53306.7459
1733932800000,3787.34,3803.87,3778.56,3797.5,29062.6959
1733936400000,3797.49,3814.2,3757.61,3762.35,22610.2886
1733940000000,3762.35,3808.0,3753.5,3790.5,20302.6034
1733943600000,3790.5,3812.37,3788.56,3803.91,11868.4727
1733947200000,3803.91,3840.0,3803.0,3832.36,21169.0309
1733950800000,3832.22,3834.44,3811.96,3828.67,9900.8258
1733954400000,3828.66,3846.0,3823.0,3836.01,10848.3045
1733958000000,3836.0,3848.64,3824.4,3831.81,11338.7854
1733961600000,3831.82,3837.33,3806.4,3817.81,12428.5313
1733965200000,3817.81,3823.71,3796.8,3804.23,11916.0117
1733968800000,3804.23,3884.94,3801.01,3880.39,22931.882
1733972400000,3880.39,3947.81,3849.68,3935.0,49716.5494
1733976000000,3935.0,3944.68,3894.09,3908.96,24845.9526
1733979600000,3908.95,3945.67,3901.61,3925.4,20455.1274
1733983200000,3925.4,3937.27,3907.27,3937.26,14934.2409
1733986800000,3937.26,3941.6,3902.74,3905.4,15406.2198
1733990400000,3905.4,3922.61,3901.6,3911.99,11793.1001
1733994000000,3911.99,3937.0,3911.39,3922.31,11335.2041
1733997600000,3922.31,3925.67,3891.32,3925.67,19623.4197
1734001200000,3925.67,3937.99,3903.0,3913.38,17480.856
1734004800000,3913.38,3962.6,3913.38,3955.3,22959.6428
1734008400000,3955.3,3979.2,3916.34,3942.6,61033.0743
1734012000000,3942.6,3984.8,3931.0,3981.92,45928.7127
1734015600000,3981.91,3987.41,3939.07,3957.67,31396.6638
1734019200000,3957.77,3985.56,3929.36,3934.24,31292.6389
1734022800000,3934.23,3966.6,3928.2,3961.79,17347.7878
1734026400000,3961.79,3966.38,3913.0,3920.64,15683.159
1734030000000,3920.64,3933.16,3853.83,3871.14,45426.8852
1734033600000,3871.13,3902.04,3864.26,3886.87,18404.5927
1734037200000,3886.83,3895.53,3862.5,3865.69,16233.768
1734040800000,3865.68,3889.58,3836.07,3882.73,25129.6775
1734044400000,3882.73,3887.14,3858.35,3881.61,8394.9366
1734048000000,3881.6,3906.0,3874.63,3888.8,11185.1113
1734051600000,3888.81,3889.5,3852.94,3884.0,15946.0667
1734055200000,3884.0,3928.05,3878.5,3907.49,20095.9572
1734058800000,3907.49,3941.19,3902.16,3932.83,17314.8915
1734062400000,3932.83,3936.26,3911.96,3916.97,12409.9115
1734066000000,3916.98,3931.4,3904.61,3908.99,8100.4455
1734069600000,3909.0,3926.8,3886.99,3886.99,11644.9749
1734073200000,3886.99,3904.39,3871.0,3885.64,19820.8774
1734076800000,3885.64,3903.8,3874.2,3898.31,15943.3636
1734080400000,3898.31,3904.2,3875.46,3889.61,10880.176
1734084000000,3889.61,3907.05,3872.2,3904.0,11275.7477
1734087600000,3904.01,3923.66,3901.5,3901.5,16133.8208
1734091200000,3901.5,3931.58,3901.5,3930.69,16640.7691
1734094800000,3930.69,3936.43,3908.89,3924.53,21933.5274
1734098400000,3924.54,3951.4,3917.8,3951.0,27056.3915
1734102000000,3951.0,3968.47,3879.0,3886.21,41633.2703
1734105600000,3886.2,3934.8,3880.07,3912.0,27791.8055
1734109200000,3912.0,3946.37,3907.16,3939.49,16587.5884
1734112800000,3939.48,3941.39,3912.0,3912.83,14388.7913
1734116400000,3912.83,3926.92,3911.0,3917.98,7574.137
1734120000000,3917.99,3936.0,3910.14,3917.49,15498.4796
1734123600000,3917.5,3918.0,3891.0,3902.0,12286.39
1734127200000,3902.0,3906.58,3892.36,3896.45,8739.5695
1734130800000,3896.44,3913.46,3895.0,3906.8,6883.6236
1734134400000,3906.8,3926.55,3895.67,3906.01,9578.4826
1734138000000,3906.0,3945.0,3905.63,3925.21,20868.8685
1734141600000,3925.2,3927.68,3902.61,3912.61,8454.3593
1734145200000,3912.6,3921.65,3904.5,3910.83,9175.533
1734148800000,3910.83,3918.4,3906.26,3915.54,6406.8637
1734152400000,3915.55,3921.49,3909.0,3920.6,4990.6892
1734156000000,3920.59,3935.71,3918.21,3930.89,6789.0306
1734159600000,3930.89,3933.8,3919.6,3920.76,5104.2051
1734163200000,3920.75,3931.38,3916.91,3925.75,6488.3447
1734166800000,3925.75,3927.27,3911.2,3911.79,6018.6907
1734170400000,3911.79,3912.37,3886.2,3897.9,14043.7542
1734174000000,3897.89,3905.58,3891.5,3894.53,6048.5338
1734177600000,3894.53,3898.8,3865.02,3868.84,16110.1714
1734181200000,3868.83,3875.81,3846.3,3863.59,21626.6617
1734184800000,3863.58,3892.81,3863.0,3884.2,10101.7399
1734188400000,3884.2,3893.95,3877.68,3889.01,11261.3238
1734192000000,3889.0,3897.48,3869.0,3893.21,15885.3003
1734195600000,3893.21,3898.23,3842.0,3859.21,20382.2007
1734199200000,3859.21,3863.55,3827.0,3833.59,19697.6738
1734202800000,3833.59,3860.8,3830.87,3859.11,9899.4083
1734206400000,3859.11,3865.8,3825.03,3832.95,10447.9465
1734210000000,3832.95,3857.38,3831.97,3848.11,6569.8893
1734213600000,3848.1,3867.55,3839.0,3861.89,8622.5576
1734217200000,3861.89,3876.87,3854.8,3870.29,10966.7192
1734220800000,3870.3,3875.44,3856.02,3864.21,5579.7368
1734224400000,3864.21,3895.53,3863.52,3890.11,8991.301
1734228000000,3890.11,3893.0,3882.53,3884.1,5506.4433
1734231600000,3884.09,3887.2,3872.61,3874.48,4706.3579
1734235200000,3874.49,3911.5,3872.6,3897.39,11874.6334
1734238800000,3897.38,3905.0,3891.5,3892.84,5371.8587
1734242400000,3892.84,3895.2,3875.95,3877.9,6793.4425
1734246000000,3877.9,3883.18,3831.5,3845.2,14016.123
1734249600000,3845.19,3865.51,3837.21,3862.41,8629.7583
1734253200000,3862.41,3868.0,3851.8,3863.38,5748.8408
1734256800000,3863.39,3874.31,3860.42,3860.43,5464.9945
1734260400000,3860.42,3879.01,3859.36,3877.61,5746.7897
1734264000000,3877.61,3893.2,3867.99,3884.63,13181.8887
1734267600000,3884.62,3893.53,3873.0,3884.03,9666.9073
1734271200000,3884.02,3910.33,3883.23,3907.08,11575.7058
1734274800000,3907.07,3909.34,3887.11,3894.76,10189.9493
1734278400000,3894.76,3919.6,3886.4,3911.81,11466.6553
1734282000000,3911.82,3916.71,3902.13,3910.41,6472.1626
1734285600000,3910.41,3913.6,3890.79,3898.82,6304.1872
1734289200000,3898.82,3913.61,3898.03,3904.09,7568.637
1734292800000,3904.09,3911.13,3889.74,3892.0,9112.4065
1734296400000,3892.01,3892.64,3844.4,3856.23,21134.2227
1734300000000,3856.23,3900.0,3850.0,3889.21,13702.0115
1734303600000,3889.21,3974.61,3887.41,3959.09,45028.2003
1734307200000,3959.09,4019.0,3948.75,4000.27,61008.694
1734310800000,4000.28,4025.18,3989.18,4009.59,43873.3144
1734314400000,4009.6,4011.59,3961.11,3971.21,20146.8237
1734318000000,3971.2,3977.78,3928.88,3942.6,19601.91
1734321600000,3942.6,3961.92,3935.23,3955.0,10169.4135
1734325200000,3955.0,3972.2,3946.21,3966.86,9080.727
1734328800000,3966.86,3975.0,3950.4,3957.81,10145.9031
1734332400000,3957.81,3983.0,3952.76,3974.01,14412.3444
1734336000000,3974.0,3975.91,3951.53,3951.83,11306.4797
1734339600000,3951.84,3961.21,3935.5,3942.28,13577.057
1734343200000,3942.29,3954.7,3926.05,3950.81,18631.9045
1734346800000,3950.8,3953.35,3902.39,3909.67,20394.8455
1734350400000,3909.68,3926.15,3886.42,3894.99,34886.9683
1734354000000,3895.0,3914.42,3884.0,3898.75,17293.2727
1734357600000,3898.75,3960.0,3898.51,3929.99,31075.3801
1734361200000,3930.0,3949.2,3917.95,3941.21,39028.6036
1734364800000,3941.21,3973.0,3939.4,3962.41,31949.4036
1734368400000,3962.42,4042.11,3958.6,4033.7,66377.4354
1734372000000,4033.7,4107.8,4031.71,4086.66,73953.7892
1734375600000,4086.66,4088.22,4033.24,4056.88,48001.6435
1734379200000,4056.89,4071.99,4036.27,4043.39,23227.4679
1734382800000,4043.39,4054.41,4017.79,4047.31,20097.686
1734386400000,4047.31,4053.99,4024.15,4031.04,13653.6963
1734390000000,4031.04,4038.6,3980.0,3986.24,21456.3089
1734393600000,3986.24,3989.6,3950.0,3959.01,28520.8595
1734397200000,3959.0,3993.04,3943.0,3987.23,16691.2076
1734400800000,3987.23,4024.08,3987.23,4009.72,16129.9992
1734404400000,4009.72,4041.82,4008.0,4035.01,11692.8273
1734408000000,4035.01,4035.02,3999.63,4005.2,14638.8948
1734411600000,4005.21,4027.8,3999.6,4024.53,8270.384
1734415200000,4024.53,4030.8,3996.02,4010.09,10114.661
1734418800000,4010.1,4024.4,3982.77,3994.24,16937.3037
1734422400000,3994.23,4019.19,3992.52,4010.62,14089.9454
1734426000000,4010.61,4031.38,4004.2,4027.0,14196.0969
1734429600000,4027.0,4030.0,4004.0,4011.33,12164.7764
1734433200000,4011.34,4023.0,3990.0,3997.14,11391.7063
1734436800000,3997.15,4013.24,3986.21,4002.2,13750.5093
1734440400000,4002.2,4019.12,3994.38,4007.6,13224.3076
1734444000000,4007.61,4025.6,3975.4,4020.01,30719.9187
1734447600000,4020.02,4020.02,3916.57,3939.18,61296.113
1734451200000,3939.19,3962.28,3922.0,3953.02,23571.1415
1734454800000,3953.03,3984.46,3942.98,3974.52,13979.0467
1734458400000,3974.52,3981.6,3926.0,3930.97,19539.5532
1734462000000,3930.98,3954.09,3917.2,3943.99,14603.8424
1734465600000,3944.0,3952.0,3924.64,3936.5,11807.9679
1734469200000,3936.5,3951.08,3921.0,3932.01,8801.3726
1734472800000,3932.01,3937.4,3853.2,3883.33,32603.3736
1734476400000,3883.32,3893.93,3847.96,3893.01,32090.1775
1734480000000,3893.01,3903.2,3855.99,3883.43,21721.9319
1734483600000,3883.43,3897.42,3834.66,3845.06,23399.6152
1734487200000,3845.06,3880.54,3838.49,3870.66,19468.4574
1734490800000,3870.66,3874.36,3838.0,3849.81,15974.7349
1734494400000,3849.8,3850.77,3814.4,3841.12,26644.9496
1734498000000,3841.12,3861.7,3829.0,3836.48,14837.89
1734501600000,3836.48,3849.98,3803.63,3829.38,27766.7342
1734505200000,3829.38,3856.79,3825.27,3847.33,14655.3546
1734508800000,3847.33,3861.24,3842.12,3842.61,10870.1874
1734512400000,3842.62,3878.01,3841.6,3869.81,12331.8882
1734516000000,3869.81,3876.97,3859.99,3873.39,10119.4272
1734519600000,3873.4,3887.32,3872.0,3882.65,11433.3046
1734523200000,3882.66,3891.09,3852.43,3861.22,19569.3202
1734526800000,3861.22,3875.96,3852.37,3855.71,15249.1622
1734530400000,3855.72,3873.04,3833.07,3837.55,21708.75
1734534000000,3837.56,3873.51,3825.0,3867.98,28823.6817
1734537600000,3867.99,3879.4,3836.29,3872.13,16259.8498
1734541200000,3872.14,3892.0,3856.5,3879.54,15136.465
1734544800000,3879.55,3902.51,3867.46,3899.09,11176.7325
1734548400000,3899.09,3907.19,3770.0,3770.29,77533.4753
1734552000000,3770.3,3786.23,3650.0,3695.0,186764.2125
1734555600000,3695.01,3714.34,3662.5,3692.8,50839.7621
1734559200000,3692.74,3702.98,3664.21,3680.75,24024.0878
1734562800000,3680.76,3681.17,3617.42,3626.8,46195.0875
1734566400000,3626.8,3664.92,3626.08,3655.99,32865.0968
1734570000000,3656.0,3657.6,3596.55,3609.79,32464.0298
1734573600000,3609.78,3654.34,3542.22,3648.87,101950.8976
1734577200000,3648.88,3673.82,3644.47,3668.9,32608.0929
1734580800000,3668.9,3676.6,3653.0,3654.01,13227.5826
1734584400000,3654.01,3680.08,3654.0,3671.11,13037.5948
1734588000000,3671.11,3692.4,3664.4,3680.0,16382.4881
1734591600000,3680.0,3699.58,3678.31,3693.79,19481.468
1734595200000,3693.79,3693.79,3666.4,3669.24,14746.2004
1734598800000,3669.24,3680.8,3664.28,3680.0,11806.6026
1734602400000,3680.0,3720.0,3671.61,3707.59,20188.9019
1734606000000,3707.6,3712.99,3697.09,3705.62,11556.9539
1734609600000,3705.62,3710.2,3674.4,3679.73,15833.5775
1734613200000,3679.73,3699.31,3673.48,3678.39,23140.9521
1734616800000,3678.39,3702.51,3634.34,3638.59,37906.7045
1734620400000,3638.59,3640.94,3572.73,3613.92,61338.9843
1734624000000,3613.92,3637.1,3589.07,3620.17,26959.945
1734627600000,3620.17,3621.01,3394.97,3479.84,148346.1249
1734631200000,3479.83,3521.05,3403.12,3519.91,122796.1941
1734634800000,3519.9,3528.69,3376.2,3439.44,94436.3717
1734638400000,3439.45,3442.2,3326.8,3381.47,126190.2947
1734642000000,3381.48,3453.77,3350.0,3419.07,50221.8298
1734645600000,3419.01,3465.11,3404.07,3459.41,27685.934
1734649200000,3459.41,3459.78,3415.63,3417.01,22980.6631
1734652800000,3417.01,3438.64,3382.49,3411.84,39549.3217
1734656400000,3411.84,3431.26,3373.01,3379.49,36708.8117
1734660000000,3379.5,3465.6,3370.47,3455.1,45581.3704
1734663600000,3455.11,3457.35,3406.8,3413.87,25179.137
1734667200000,3413.85,3431.16,3393.07,3393.74,24371.6835
1734670800000,3393.74,3402.89,3352.0,3356.85,33208.1064
1734674400000,3356.84,3390.4,3328.44,3359.22,40720.459
1734678000000,3359.22,3418.54,3357.51,3390.48,47536.1542
1734681600000,3390.48,3390.79,3280.0,3290.29,98189.8031
1734685200000,3290.29,3315.39,3260.35,3265.59,84933.051
1734688800000,3265.6,3278.0,3145.65,3186.73,142491.2678
1734692400000,3186.73,3218.21,3103.0,3104.56,132908.402
1734696000000,3104.68,3255.0,3101.9,3236.01,96748.9933
1734699600000,3236.0,3313.67,3206.69,3296.63,87564.5794
1734703200000,3296.62,3356.85,3273.37,3328.54,66291.6531
1734706800000,3328.55,3396.4,3327.37,3374.61,84869.0874
1734710400000,3374.62,3423.81,3366.68,3383.18,69322.6844
1734714000000,3383.18,3452.21,3371.4,3437.81,33547.3206
1734717600000,3437.81,3451.48,3413.06,3429.55,24018.01
1734721200000,3429.55,3497.84,3427.63,3479.35,33778.9635
1734724800000,3479.36,3480.45,3437.78,3440.75,20938.074
1734728400000,3440.75,3450.23,3393.09,3440.31,30925.6803
1734732000000,3440.31,3480.24,3434.03,3472.0,18522.1605
1734735600000,3471.99,3489.99,3459.18,3472.21,14878.9567
1734739200000,3472.2,3477.68,3445.35,3457.63,14156.575
1734742800000,3457.62,3483.3,3455.06,3473.03,20044.8526
1734746400000,3473.03,3489.96,3460.0,3474.72,12461.7329
1734750000000,3474.72,3478.74,3455.0,3467.64,7912.0257
1734753600000,3467.64,3488.82,3460.8,3483.0,12238.1553
1734757200000,3483.01,3532.99,3476.95,3532.59,22030.2716
1734760800000,3532.59,3534.3,3504.83,3531.95,28776.8992
1734764400000,3531.95,3555.18,3523.01,3523.46,22470.5953
1734768000000,3523.45,3527.49,3479.33,3484.5,22373.9839
1734771600000,3484.5,3489.2,3456.96,3482.76,16056.5709
1734775200000,3482.76,3497.12,3456.34,3466.13,15124.6651
1734778800000,3466.14,3471.2,3423.91,3442.23,18288.4102
1734782400000,3442.23,3444.24,3400.06,3403.19,28874.5211
1734786000000,3403.2,3422.45,3347.0,3390.56,56084.2
1734789600000,3390.56,3418.89,3372.5,3375.27,25399.8446
1734793200000,3375.27,3403.98,3373.45,3390.4,11499.5158
1734796800000,3390.4,3401.33,3358.42,3369.99,22938.3673
1734800400000,3370.07,3388.12,3349.85,3382.18,19195.832
1734804000000,3382.18,3392.26,3351.78,3363.4,13286.6218
1734807600000,3363.4,3364.36,3326.59,3359.89,24069.8646
1734811200000,3359.89,3388.88,3349.01,3357.44,17285.4638
1734814800000,3357.44,3362.64,3303.2,3318.0,18575.6932
1734818400000,3318.0,3338.0,3293.11,3330.5,16003.115
1734822000000,3330.5,3343.02,3303.69,3338.92,10128.0431
1734825600000,3338.92,3369.44,3323.64,3362.37,12391.9531
1734829200000,3362.36,3374.48,3335.73,3356.32,10856.3323
1734832800000,3356.31,3367.4,3329.34,3336.79,9376.5553
1734836400000,3336.8,3362.31,3318.71,3356.38,13988.2855
1734840000000,3356.38,3361.75,3311.0,3311.5,9861.5866
1734843600000,3311.55,3338.98,3295.07,3330.35,15816.259
1734847200000,3330.35,3350.0,3322.63,3342.54,8730.7827
1734850800000,3342.54,3349.12,3323.01,3332.4,6172.9025
1734854400000,3332.5,3366.66,3331.19,3357.39,12326.096
1734858000000,3357.39,3401.69,3350.0,3383.51,14509.8072
1734861600000,3383.52,3403.0,3378.66,3379.26,10054.0779
1734865200000,3379.25,3392.0,3374.47,3381.03,7380.8918
1734868800000,3381.03,3397.88,3368.51,3375.11,11861.1504
1734872400000,3375.11,3390.33,3362.84,3370.97,13969.4647
1734876000000,3370.97,3377.68,3275.0,3277.94,38541.2844
1734879600000,3277.94,3316.2,3277.37,3302.38,22057.617
1734883200000,3302.38,3337.29,3291.05,3333.46,19795.0272
1734886800000,3333.45,3335.87,3312.01,3315.27,13057.8571
1734890400000,3315.27,3338.65,3298.73,3311.15,15679.7219
1734894000000,3311.15,3319.19,3238.0,3247.14,27045.2779
1734897600000,3247.14,3291.96,3221.1,3290.77,25050.8149
1734901200000,3290.81,3310.93,3274.9,3283.51,13348.2196
1734904800000,3283.51,3291.14,3235.0,3288.96,18618.8014
1734908400000,3288.95,3306.0,3268.51,3281.83,11429.4831
1734912000000,3281.83,3290.5,3250.0,3255.32,14920.3273
1734915600000,3255.25,3297.6,3216.97,3261.33,28348.7508
1734919200000,3261.33,3285.5,3230.0,3282.52,21985.438
1734922800000,3282.51,3357.03,3275.46,3351.0,26818.4066
1734926400000,3351.0,3363.12,3316.54,3325.59,15086.1197
1734930000000,3325.57,3332.19,3300.67,3319.39,12422.1044
1734933600000,3319.4,3322.0,3260.48,3277.47,19841.7988
1734937200000,3277.47,3306.46,3273.0,3305.2,12139.0221
1734940800000,3305.2,3318.69,3293.5,3316.68,12243.7828
1734944400000,3316.68,3344.0,3315.58,3336.91,17398.455
1734948000000,3336.91,3354.2,3333.76,3349.78,14607.0652
1734951600000,3349.78,3355.54,3332.1,3339.54,10293.6953
1734955200000,3339.51,3361.78,3334.8,3349.08,15499.1032
1734958800000,3349.07,3353.61,3308.11,3317.6,20883.6725
1734962400000,3317.6,3355.27,3281.4,3313.12,32722.5158
1734966000000,3313.12,3314.29,3269.35,3277.2,30019.457
1734969600000,3277.19,3384.6,3270.91,3374.67,40361.7622
1734973200000,3374.67,3382.45,3327.77,3336.02,26548.1545
1734976800000,3336.02,3348.19,3297.52,3305.0,13481.7255
1734980400000,3304.99,3354.5,3304.01,3338.21,17249.0358
1734984000000,3338.21,3415.67,3329.66,3403.59,23401.6479
1734987600000,3403.6,3459.88,3403.2,3423.01,32135.5459
1734991200000,3423.0,3466.99,3417.73,3459.68,15127.9825
1734994800000,3459.68,3465.25,3415.61,3422.53,14717.8412
1734998400000,3422.53,3426.4,3390.01,3419.03,14717.657
1735002000000,3419.03,3422.76,3377.13,3383.34,14631.8163
1735005600000,3383.34,3392.57,3358.19,3372.76,12689.6227
1735009200000,3372.76,3398.79,3372.76,3396.94,10022.6019
1735012800000,3396.95,3417.32,3387.3,3413.32,9567.9625
1735016400000,3413.33,3434.97,3408.5,3423.98,8873.9008
1735020000000,3423.99,3426.81,3386.95,3393.42,10262.0836
1735023600000,3393.42,3415.66,3385.02,3401.22,8984.1094
1735027200000,3401.22,3416.65,3393.44,3413.69,9442.0549
1735030800000,3413.69,3415.5,3385.98,3399.51,9599.7995
1735034400000,3399.5,3405.54,3389.93,3393.19,10018.8228
1735038000000,3393.2,3416.04,3392.69,3414.56,5649.304
1735041600000,3414.56,3415.94,3395.59,3406.55,9427.953
1735045200000,3406.64,3456.26,3401.68,3452.96,18744.7213
1735048800000,3452.95,3471.29,3430.73,3455.91,27559.359
1735052400000,3455.9,3510.0,3443.98,3493.07,28995.1068
1735056000000,3493.07,3519.0,3475.48,3480.0,20900.4783
1735059600000,3480.0,3510.96,3479.5,3501.75,17125.7911
1735063200000,3501.76,3539.65,3486.6,3493.62,18957.3701
1735066800000,3493.63,3499.63,3465.02,3465.52,11658.4935
1735070400000,3465.51,3468.5,3431.99,3450.21,15636.8765
1735074000000,3450.2,3493.2,3446.52,3489.24,9607.5583
1735077600000,3489.25,3500.0,3478.0,3492.63,6616.979
1735081200000,3492.62,3505.0,3489.6,3493.18,6033.254
1735084800000,3493.17,3495.88,3478.54,3482.73,7995.2874
1735088400000,3482.73,3491.41,3466.26,3473.31,9676.1638
1735092000000,3473.3,3491.74,3458.0,3485.31,11761.0005
1735095600000,3485.31,3495.97,3468.16,3478.23,8020.0374
1735099200000,3478.23,3492.33,3469.61,3488.81,5181.6388
1735102800000,3488.81,3499.0,3483.13,3492.2,4477.6004
1735106400000,3492.19,3509.68,3482.6,3486.7,7320.9979
1735110000000,3486.7,3505.69,3480.0,3489.22,6489.8202
1735113600000,3489.21,3502.4,3481.0,3489.2,8367.7886
1735117200000,3489.2,3499.62,3483.73,3494.99,6638.2523
1735120800000,3494.99,3547.95,3492.0,3514.79,25374.1203
1735124400000,3514.69,3524.81,3465.43,3471.04,16308.9173
1735128000000,3471.04,3492.67,3457.7,3478.45,16372.0029
1735131600000,3478.45,3490.93,3473.99,3482.57,7790.4444
1735135200000,3482.57,3501.05,3478.53,3490.59,8613.9488
1735138800000,3490.6,3491.63,3458.7,3472.99,10487.4077
1735142400000,3473.0,3478.8,3440.93,3454.48,13094.5833
1735146000000,3454.49,3472.22,3446.6,3471.0,5580.9526
1735149600000,3471.0,3479.05,3465.77,3470.68,5907.5706
1735153200000,3470.68,3488.55,3467.4,3481.21,5699.9969
1735156800000,3481.21,3488.39,3466.41,3473.73,4739.653
1735160400000,3473.73,3482.6,3449.64,3467.59,8415.6934
1735164000000,3467.59,3485.7,3460.94,3475.6,6415.0092
1735167600000,3475.6,3500.0,3475.11,3497.0,9117.1575
1735171200000,3497.0,3514.94,3475.2,3482.31,12831.6245
1735174800000,3482.31,3490.0,3464.46,3476.49,10302.6204
1735178400000,3476.37,3481.0,3455.93,3460.61,9277.587
1735182000000,3460.61,3466.0,3450.45,3455.71,7078.2762
1735185600000,3455.71,3455.71,3426.79,3441.39,10831.0619
1735189200000,3441.39,3447.61,3428.57,3441.97,7655.8439
1735192800000,3441.97,3450.8,3432.57,3440.01,6342.0776
1735196400000,3440.01,3446.65,3417.95,3422.0,12181.8419
1735200000000,3422.0,3426.0,3346.87,3366.48,42539.7727
1735203600000,3366.51,3381.0,3364.56,3372.42,15878.2027
1735207200000,3372.42,3378.63,3358.4,3369.42,11027.6872
1735210800000,3369.42,3384.05,3367.1,3373.28,6259.4959
1735214400000,3373.28,3373.28,3354.41,3358.02,7979.4084
1735218000000,3358.01,3364.37,3336.8,3354.19,16675.6435
1735221600000,3354.19,3374.0,3328.21,3340.0,16316.4031
1735225200000,3340.01,3360.23,3330.25,3344.13,11875.1749
1735228800000,3344.14,3363.25,3335.08,3356.97,12403.8183
1735232400000,3356.97,3365.01,3313.5,3327.7,19218.873
1735236000000,3327.71,3339.7,3317.01,3337.38,10822.9078
1735239600000,3337.38,3341.82,3314.01,3339.75,8566.3078
1735243200000,3339.74,3341.82,3308.33,3329.81,10492.1746
1735246800000,3329.82,3344.09,3304.63,3337.04,10686.145
1735250400000,3337.05,3350.0,3333.36,3340.96,8460.6228
1735254000000,3340.96,3342.26,3310.68,3335.05,24466.6008
1735257600000,3335.04,3349.3,3317.27,3347.42,9994.0377
1735261200000,3347.42,3374.72,3341.44,3364.2,12599.5113
1735264800000,3364.2,3388.57,3352.01,3364.99,15032.4902
1735268400000,3365.0,3385.6,3359.67,3379.4,8004.5583
1735272000000,3379.4,3392.45,3373.34,3379.17,7655.4451
1735275600000,3379.17,3384.54,3362.62,3383.93,7418.6627
1735279200000,3383.94,3397.99,3372.2,3397.99,7492.2773
1735282800000,3397.99,3398.79,3317.25,3326.02,29023.0069
1735286400000,3326.01,3372.36,3325.68,3359.0,15154.6147
1735290000000,3359.0,3444.16,3358.09,3423.09,46412.4444
1735293600000,3423.08,3429.28,3385.01,3402.53,15684.6238
1735297200000,3402.53,3420.0,3397.2,3419.27,7488.9331
1735300800000,3419.27,3423.0,3407.73,3413.84,8146.8531
1735304400000,3413.84,3415.15,3379.0,3387.87,10980.8783
1735308000000,3387.87,3393.64,3338.85,3359.0,23042.895
1735311600000,3359.0,3360.33,3307.83,3326.32,34314.6756
1735315200000,3326.32,3337.6,3309.68,3316.6,15641.6095
1735318800000,3316.6,3352.94,3306.6,3351.05,17955.7883
1735322400000,3350.43,3366.62,3342.2,3361.99,9750.1919
1735326000000,3361.99,3362.93,3343.3,3355.0,8234.5321
1735329600000,3354.99,3355.54,3335.0,3339.84,7984.338
1735333200000,3339.84,3344.86,3317.6,3319.17,8402.2588
1735336800000,3319.17,3334.93,3310.0,3320.84,7492.4927
1735340400000,3320.85,3337.84,3315.67,3333.51,8622.485
1735344000000,3333.51,3347.8,3332.2,3344.03,6916.0756
1735347600000,3344.03,3347.0,3322.23,3334.01,7691.366
1735351200000,3334.01,3343.45,3327.34,3327.35,5794.7754
1735354800000,3327.34,3353.09,3326.92,3345.51,5836.5358
1735358400000,3345.51,3348.3,3339.81,3344.47,2709.5539
1735362000000,3344.47,3361.14,3344.47,3348.02,7054.5037
1735365600000,3348.02,3350.8,3334.0,3341.68,8627.745
1735369200000,3341.68,3349.5,3332.71,3335.53,5575.8429
1735372800000,3335.53,3347.75,3333.0,3345.01,5963.9352
1735376400000,3345.01,3359.26,3342.65,3351.61,7978.7414
1735380000000,3351.61,3353.93,3337.36,3339.8,7268.5611
1735383600000,3339.79,3363.53,3339.79,3359.23,5748.3428
1735387200000,3359.23,3365.0,3351.65,3353.11,6664.6138
1735390800000,3353.11,3370.06,3351.02,3366.01,7505.5859
1735394400000,3366.0,3396.0,3364.19,3373.2,16246.5691
1735398000000,3373.19,3388.97,3366.26,3368.38,10846.6045
1735401600000,3368.39,3388.0,3365.61,3387.99,7558.7714
1735405200000,3387.99,3413.0,3382.58,3394.5,12675.9972
1735408800000,3394.5,3398.0,3384.13,3390.88,7774.1753
1735412400000,3390.89,3402.56,3390.88,3400.87,5155.8654
1735416000000,3400.87,3404.18,3393.03,3400.36,4690.1411
1735419600000,3400.36,3405.53,3389.71,3403.89,4686.269
1735423200000,3403.89,3428.68,3397.86,3410.61,8333.3151
1735426800000,3410.6,3412.86,3397.04,3404.0,6659.7264
1735430400000,3404.01,3406.6,3386.76,3393.65,6201.7798
1735434000000,3393.65,3396.28,3375.62,3378.57,6063.9594
1735437600000,3378.57,3393.0,3376.69,3388.16,4559.7138
1735441200000,3388.17,3389.29,3377.74,3382.98,3933.8939
1735444800000,3382.98,3392.58,3381.26,3388.78,2759.4402
1735448400000,3388.78,3391.4,3384.3,3387.77,2785.6362
1735452000000,3387.76,3398.5,3380.0,3397.38,4841.9727
1735455600000,3397.39,3407.99,3392.8,3407.61,5242.5197
1735459200000,3407.6,3409.81,3393.61,3396.4,7198.7357
1735462800000,3396.41,3406.5,3390.0,3405.87,5214.4869
1735466400000,3405.88,3413.78,3402.16,3404.5,5206.656
1735470000000,3404.5,3407.92,3397.84,3398.36,3993.9333
1735473600000,3398.37,3404.5,3390.79,3391.8,4345.7263
1735477200000,3391.79,3400.0,3387.57,3399.39,5249.7391
1735480800000,3399.38,3410.92,3354.68,3370.12,20734.7508
1735484400000,3370.12,3383.26,3364.35,3373.82,5315.0307
1735488000000,3373.82,3376.21,3345.9,3356.38,10681.1011
1735491600000,3356.39,3365.06,3348.38,3361.08,4813.2133
1735495200000,3361.08,3369.74,3350.7,3361.91,5297.6191
1735498800000,3361.92,3369.65,3357.09,3362.6,4382.8382
1735502400000,3362.59,3362.59,3335.0,3359.37,8374.6891
1735506000000,3359.36,3368.35,3341.66,3350.27,6528.2234
1735509600000,3350.27,3361.59,3326.41,3340.44,10404.9137
1735513200000,3340.44,3366.62,3326.17,3356.48,12126.3095
1735516800000,3356.48,3391.8,3347.77,3385.59,15888.875
1735520400000,3385.59,3437.59,3383.64,3421.02,26768.4926
1735524000000,3421.01,3426.48,3404.49,3417.21,10430.649
1735527600000,3417.2,3425.0,3403.52,3403.76,10544.2066
1735531200000,3403.75,3417.68,3391.2,3391.6,10641.7076
1735534800000,3391.6,3409.6,3388.6,3408.56,8193.6468
1735538400000,3408.55,3431.25,3407.08,3431.25,14354.1947
1735542000000,3431.24,3432.65,3409.44,3427.0,16235.0473
1735545600000,3427.01,3434.35,3412.83,3422.1,15974.2326
1735549200000,3422.1,3427.91,3412.75,3421.6,8601.182
1735552800000,3421.6,3427.99,3411.73,3412.42,6997.3127
1735556400000,3412.42,3424.8,3395.05,3424.13,10201.055
1735560000000,3424.12,3430.2,3403.72,3409.01,8341.2076
1735563600000,3409.0,3413.0,3330.39,3336.84,31498.8417
1735567200000,3336.89,3352.64,3310.0,3315.54,30471.8646
1735570800000,3315.57,3343.98,3305.0,3324.16,33692.2557
1735574400000,3324.16,3341.92,3317.5,3339.89,16076.5829
1735578000000,3339.89,3408.56,3333.0,3391.27,25912.6658
1735581600000,3391.24,3405.0,3382.67,3396.52,20415.4558
1735585200000,3396.52,3407.6,3388.32,3401.93,11570.1986
1735588800000,3401.93,3419.0,3396.58,3399.43,10496.3129
1735592400000,3399.37,3401.25,3308.87,3319.26,36738.9652
1735596000000,3319.26,3367.94,3317.63,3358.93,21722.4794
1735599600000,3358.93,3368.45,3347.56,3361.84,19027.2155
1735603200000,3361.83,3365.04,3327.2,3328.67,15740.6939
1735606800000,3328.68,3345.0,3315.59,3340.6,13851.1532
1735610400000,3340.6,3349.51,3332.8,3343.24,6023.8241
1735614000000,3343.23,3347.3,3332.5,3340.18,5746.8545
1735617600000,3340.19,3354.04,3330.5,3333.7,5880.076
1735621200000,3333.71,3348.19,3328.77,3344.32,3756.6715
1735624800000,3344.33,3363.42,3339.85,3353.46,9038.6361
1735628400000,3353.48,3361.41,3350.05,3353.64,6179.2006
1735632000000,3353.64,3410.0,3352.79,3380.14,19313.2408
1735635600000,3380.13,3394.4,3378.01,3389.23,9646.6858
1735639200000,3389.22,3399.66,3379.57,3394.95,9910.9878
1735642800000,3394.96,3399.99,3389.76,3394.73,5666.4101
1735646400000,3394.74,3414.01,3393.15,3393.16,15263.7557
1735650000000,3393.15,3442.0,3393.12,3428.37,22501.4807
1735653600000,3428.37,3451.0,3420.0,3426.75,32763.6388
1735657200000,3426.75,3434.0,3404.66,3412.85,24795.1411
1735660800000,3412.86,3416.35,3390.29,3408.62,19369.9867
1735664400000,3408.63,3410.66,3330.0,3363.42,28059.3213
1735668000000,3363.42,3373.18,3350.22,3361.37,12628.021
1735671600000,3361.36,3368.25,3343.77,3355.38,5911.0961
1735675200000,3355.37,3364.64,3337.44,3346.2,8087.2671
1735678800000,3346.2,3354.44,3332.0,3352.75,7845.7308
1735682400000,3352.64,3352.64,3329.0,3339.88,8990.5065
1735686000000,3339.88,3345.98,3328.47,3337.78,6082.7883
1735689600000,3337.78,3365.71,3335.84,3363.7,8894.4444
1735693200000,3363.69,3366.4,3342.67,3346.54,6138.1376
1735696800000,3346.54,3368.42,3346.35,3362.61,8775.81
1735700400000,3362.61,3363.72,3351.0,3355.2,4025.4646
1735704000000,3355.2,3356.61,3339.45,3341.14,4626.6506
1735707600000,3341.14,3351.57,3340.02,3345.41,3247.0621
1735711200000,3345.41,3348.0,3336.88,3346.6,6325.1491
1735714800000,3346.61,3350.49,3339.35,3347.12,5869.4211
1735718400000,3347.11,3348.84,3331.56,3337.01,8469.9751
1735722000000,3337.0,3341.0,3313.88,3334.64,18722.6924
1735725600000,3334.83,3338.82,3325.7,3326.69,5694.9502
1735729200000,3326.69,3348.35,3323.71,3341.0,6732.5827
1735732800000,3341.01,3352.31,3338.58,3347.46,5866.8953
1735736400000,3347.46,3353.5,3332.51,3343.37,6632.2317
1735740000000,3343.37,3359.37,3328.2,3345.86,10728.9812
1735743600000,3345.86,3355.91,3333.42,3352.93,7671.632
1735747200000,3352.93,3357.19,3332.26,3338.68,9897.787
1735750800000,3338.68,3344.81,3323.03,3343.7,6245.6219
1735754400000,3343.71,3352.0,3333.26,3348.57,7571.9247
1735758000000,3348.57,3364.14,3337.92,3356.55,12249.5259
1735761600000,3356.56,3362.6,3352.0,3360.4,9048.4681
1735765200000,3360.41,3371.39,3353.76,3368.39,8283.2453
1735768800000,3368.39,3374.85,3359.0,3361.63,12395.1235
1735772400000,3361.63,3366.79,3352.66,3360.38,6124.8096
1735776000000,3360.39,3400.0,3354.5,3389.92,25353.4495
1735779600000,3389.91,3405.6,3377.72,3383.92,12042.4553
1735783200000,3383.93,3398.5,3378.0,3398.49,6649.5622
1735786800000,3398.49,3401.99,3387.23,3388.55,8153.031
1735790400000,3388.54,3427.54,3388.0,3417.69,21263.6161
1735794000000,3417.69,3419.14,3403.99,3412.39,9082.2648
1735797600000,3412.4,3415.68,3402.13,3410.37,6764.2091
1735801200000,3410.37,3422.0,3408.79,3420.05,8269.1047
1735804800000,3420.06,3442.62,3414.21,3437.93,12781.0633
1735808400000,3437.92,3470.0,3434.4,3467.95,16975.8994
1735812000000,3467.94,3476.0,3457.99,3468.81,13175.5473
1735815600000,3468.81,3475.0,3456.87,3471.18,8525.1221
1735819200000,3471.18,3481.14,3465.93,3480.48,11713.9902
1735822800000,3480.48,3484.4,3459.44,3465.85,17496.4264
1735826400000,3465.86,3509.99,3440.38,3495.19,48467.5536
1735830000000,3495.15,3496.26,3456.52,3463.51,22439.9878
1735833600000,3463.52,3491.19,3448.6,3469.54,20071.7158
1735837200000,3469.54,3478.95,3428.99,3450.46,19324.2089
1735840800000,3450.42,3465.53,3440.21,3465.24,10697.789
1735844400000,3465.23,3474.69,3459.13,3463.18,9031.3711
1735848000000,3463.18,3475.28,3452.04,3453.0,7230.9041
1735851600000,3453.0,3455.93,3443.01,3454.2,6454.7338
1735855200000,3454.2,3454.2,3421.79,3440.61,9097.7128
1735858800000,3440.6,3456.99,3437.49,3455.67,7571.1691
1735862400000,3455.68,3466.54,3446.75,3449.22,6987.2027
1735866000000,3449.22,3465.59,3442.62,3464.83,7084.8117
1735869600000,3464.83,3477.03,3457.04,3457.95,9491.4632
1735873200000,3457.96,3472.89,3456.02,3470.16,6813.8043
1735876800000,3470.17,3470.94,3456.0,3458.38,4721.452
1735880400000,3458.39,3460.51,3444.81,3455.98,5278.9939
1735884000000,3455.98,3461.51,3442.0,3442.6,6067.3688
1735887600000,3442.59,3444.4,3432.44,3433.27,10366.9208
1735891200000,3433.27,3442.51,3423.44,3430.2,9863.8558
1735894800000,3430.2,3450.85,3429.11,3443.62,8419.4183
1735898400000,3443.63,3452.0,3438.59,3446.01,6043.2111
1735902000000,3446.0,3468.01,3446.0,3465.62,8910.8343
1735905600000,3465.61,3476.53,3461.26,3463.83,9335.3841
1735909200000,3463.83,3498.38,3463.51,3481.85,20429.6258
1735912800000,3481.86,3536.64,3481.61,3527.19,40404.7648
1735916400000,3527.19,3576.0,3520.09,3565.13,43427.6596
1735920000000,3565.14,3598.8,3565.14,3584.28,36438.0576
1735923600000,3584.28,3593.45,3573.6,3575.47,17057.277
1735927200000,3575.47,3617.5,3574.08,3605.59,21918.6992
1735930800000,3605.59,3630.0,3602.24,3622.83,16233.7184
1735934400000,3622.82,3623.44,3600.0,3600.57,12673.3172
1735938000000,3600.57,3616.69,3595.0,3614.39,9275.1467
1735941600000,3614.38,3624.38,3610.21,3616.18,9072.8703
1735945200000,3616.19,3617.72,3604.63,3609.01,7725.2028
1735948800000,3609.0,3620.86,3601.81,3602.41,8720.3463
1735952400000,3602.42,3604.11,3579.92,3596.27,12627.9075
1735956000000,3596.28,3600.0,3582.88,3596.4,5799.9804
1735959600000,3596.4,3600.42,3591.0,3597.97,4911.3179
1735963200000,3597.98,3597.98,3584.16,3591.47,6145.7455
1735966800000,3591.48,3597.01,3586.71,3596.65,6759.1067
1735970400000,3596.66,3607.13,3595.2,3600.61,8055.571
1735974000000,3600.61,3609.81,3593.2,3594.04,8427.0417
1735977600000,3594.05,3603.62,3585.0,3585.01,8414.6727
1735981200000,3585.01,3595.58,3583.73,3589.55,5935.4402
1735984800000,3589.55,3592.57,3572.42,3588.09,6155.1131
1735988400000,3588.08,3605.57,3585.0,3602.01,6166.174
1735992000000,3602.01,3644.4,3600.62,3635.52,19709.5732
1735995600000,3635.53,3649.66,3626.32,3644.0,15195.3965
1735999200000,3644.0,3647.03,3633.1,3636.99,10596.9781
1736002800000,3637.0,3663.25,3592.06,3607.81,29445.2197
1736006400000,3607.81,3628.23,3601.62,3622.09,13219.1063
1736010000000,3622.09,3634.1,3620.01,3633.31,7443.0027
1736013600000,3633.32,3644.54,3619.61,3626.73,5942.0122
1736017200000,3626.73,3639.39,3624.24,3631.14,5014.6305
1736020800000,3631.13,3668.0,3631.13,3660.47,11788.1643
1736024400000,3660.47,3671.6,3654.73,3658.11,10460.5936
1736028000000,3658.12,3662.92,3646.0,3660.09,5837.6981
1736031600000,3660.08,3665.75,3651.12,3656.88,6495.5211
1736035200000,3656.88,3675.25,3648.32,3650.11,7721.2453
1736038800000,3650.11,3651.35,3631.28,3636.78,7251.8803
1736042400000,3636.79,3645.37,3635.0,3641.41,3940.0888
1736046000000,3641.42,3641.56,3629.66,3637.79,4257.575
1736049600000,3637.79,3650.44,3637.17,3644.3,5267.2416
1736053200000,3644.31,3644.31,3631.14,3632.65,3565.7741
1736056800000,3632.65,3641.83,3629.0,3639.08,2493.9537
1736060400000,3639.09,3641.26,3630.2,3631.56,3206.8857
1736064000000,3631.55,3633.29,3607.35,3620.01,10062.2175
1736067600000,3620.0,3623.4,3605.0,3609.46,6934.7639
1736071200000,3609.49,3618.12,3603.33,3615.62,6390.2224
1736074800000,3615.61,3620.96,3609.61,3613.47,5702.4335
1736078400000,3613.46,3622.82,3605.0,3614.08,6026.4379
1736082000000,3614.13,3627.5,3612.74,3614.65,5317.1915
1736085600000,3614.67,3628.15,3593.7,3623.11,16124.9013
1736089200000,3623.12,3638.77,3619.43,3629.6,10598.325
1736092800000,3629.6,3641.12,3624.51,3628.01,8603.3835
1736096400000,3628.02,3648.11,3622.47,3627.81,7556.8965
1736100000000,3627.81,3632.91,3613.04,3630.75,6588.636
1736103600000,3630.75,3639.67,3626.51,3637.78,4983.438
1736107200000,3637.78,3656.88,3629.5,3635.77,7618.656
1736110800000,3635.77,3648.4,3634.13,3645.66,4085.5397
1736114400000,3645.65,3649.49,3634.78,3645.32,4857.2098
1736118000000,3645.32,3656.0,3633.0,3635.99,6289.2771
1736121600000,3636.0,3655.62,3621.15,3621.74,8638.5392
1736125200000,3621.74,3655.58,3610.63,3648.84,10083.4556
1736128800000,3648.83,3684.03,3645.01,3658.46,24484.5836
1736132400000,3658.45,3675.0,3654.3,3664.92,7108.9878
1736136000000,3664.92,3678.79,3660.01,3672.68,8059.5478
1736139600000,3672.67,3698.04,3667.29,3680.61,13438.1539
1736143200000,3680.61,3684.98,3665.61,3666.22,9560.6493
1736146800000,3666.22,3668.45,3642.6,3650.75,12947.0168
1736150400000,3650.75,3662.73,3636.41,3640.9,11828.1837
1736154000000,3640.89,3650.0,3640.38,3644.75,7532.7706
1736157600000,3644.75,3646.48,3633.0,3637.87,9231.291
1736161200000,3637.88,3659.58,3636.0,3654.52,7279.3633
1736164800000,3654.51,3663.11,3641.73,3642.52,7854.6157
1736168400000,3642.52,3653.17,3625.27,3651.03,11920.5926
1736172000000,3651.03,3702.8,3622.1,3685.47,39793.0032
1736175600000,3685.48,3714.49,3671.11,3714.45,38122.313
1736179200000,3714.45,3744.83,3691.19,3710.18,35457.3293
1736182800000,3710.18,3710.19,3655.55,3673.87,22148.2314
1736186400000,3673.86,3692.3,3662.14,3682.22,8783.3147
1736190000000,3682.23,3695.51,3675.36,3687.44,5775.7957
1736193600000,3687.44,3703.38,3672.68,3683.49,9805.4595
1736197200000,3683.41,3689.2,3666.37,3667.16,8740.3237
1736200800000,3667.17,3683.67,3667.0,3678.52,5738.7596
1736204400000,3678.52,3687.74,3668.69,3687.45,5310.0838
1736208000000,3687.44,3693.67,3673.04,3675.14,9549.757
1736211600000,3675.14,3696.27,3663.0,3694.55,7285.253
1736215200000,3694.55,3700.86,3676.0,3678.07,5392.2517
1736218800000,3678.07,3688.68,3674.24,3682.25,5464.8177
1736222400000,3682.25,3685.92,3673.51,3673.52,3573.3921
1736226000000,3673.51,3676.91,3659.0,3669.38,7338.6124
1736229600000,3669.37,3675.52,3664.43,3672.6,4213.4243
1736233200000,3672.61,3680.0,3662.8,3667.77,5648.3919
1736236800000,3667.78,3679.27,3660.33,3674.63,6959.3098
1736240400000,3674.63,3676.74,3652.8,3661.09,8630.073
1736244000000,3661.08,3665.31,3651.54,3657.61,6950.9515
1736247600000,3657.6,3658.59,3625.55,3639.27,15576.5266
1736251200000,3639.28,3643.16,3626.07,3633.42,9322.2855
1736254800000,3633.42,3645.95,3631.0,3636.0,11886.0966
1736258400000,3636.0,3642.0,3532.41,3568.75,40590.9625
1736262000000,3568.75,3582.4,3413.81,3462.64,175958.0091
1736265600000,3462.65,3491.7,3448.74,3458.06,39325.1035
1736269200000,3458.07,3470.28,3420.0,3442.55,32622.0802
1736272800000,3442.56,3458.96,3413.11,3421.82,24724.3267
1736276400000,3421.82,3438.01,3372.71,3385.67,40578.2809
1736280000000,3385.68,3400.9,3364.85,3396.62,29685.6682
1736283600000,3396.61,3414.04,3361.77,3363.32,23011.093
1736287200000,3363.31,3397.67,3356.31,3396.7,15975.0119
1736290800000,3396.7,3396.7,3374.67,3381.31,11281.6083
1736294400000,3381.31,3415.1,3378.23,3411.71,16300.7594
1736298000000,3411.71,3411.72,3375.01,3391.32,12559.7522
1736301600000,3391.32,3404.78,3382.73,3382.9,11179.4043
1736305200000,3382.9,3387.94,3343.22,3360.31,31992.3981
1736308800000,3360.31,3373.14,3342.76,3348.12,19029.7933
1736312400000,3348.12,3373.0,3336.95,3351.41,18943.3303
1736316000000,3351.41,3362.37,3307.1,3308.77,35109.8738
1736319600000,3308.77,3359.37,3306.41,3354.59,23788.447
1736323200000,3354.59,3376.85,3351.01,3366.14,17986.478
1736326800000,3366.13,3374.28,3346.2,3347.48,11564.1915
1736330400000,3347.48,3373.37,3346.91,3362.45,9384.1924
1736334000000,3362.45,3367.81,3323.0,3349.79,17172.4943
1736337600000,3349.78,3360.91,3338.83,3339.62,11019.1562
1736341200000,3339.61,3366.54,3339.61,3358.25,21452.5986
1736344800000,3358.25,3381.6,3347.66,3369.53,36293.0925
1736348400000,3369.54,3386.36,3332.55,3346.73,41700.7057
1736352000000,3346.72,3347.68,3311.71,3314.03,26561.8171
1736355600000,3314.03,3320.1,3208.2,3263.06,114192.1444
1736359200000,3263.06,3330.98,3259.1,3282.83,39039.0985
1736362800000,3282.84,3310.0,3272.05,3280.68,22809.3997
1736366400000,3280.68,3292.14,3266.08,3285.68,11729.2775
1736370000000,3285.68,3305.31,3270.0,3299.35,15413.6005
1736373600000,3299.35,3334.15,3299.01,3333.14,13115.6852
1736377200000,3333.13,3334.8,3316.67,3327.29,6412.2722
1736380800000,3327.29,3343.2,3318.21,3342.2,7581.3299
1736384400000,3342.2,3357.27,3335.54,3345.96,9720.2156
1736388000000,3345.96,3351.22,3306.5,3341.18,25042.5614
1736391600000,3341.19,3342.49,3317.19,3324.74,9884.4092
1736395200000,3324.71,3343.23,3312.13,3340.3,9291.5614
1736398800000,3340.3,3343.36,3325.06,3328.87,8953.9185
1736402400000,3328.86,3334.99,3315.26,3316.21,9212.1338
1736406000000,3316.21,3324.43,3281.96,3288.71,21420.9516
1736409600000,3288.71,3327.2,3265.77,3309.91,28998.0043
1736413200000,3309.92,3327.75,3306.93,3318.1,13185.9131
1736416800000,3318.11,3322.11,3284.88,3311.56,16748.1018
1736420400000,3311.57,3326.72,3293.5,3301.41,9477.9267
1736424000000,3301.41,3310.31,3280.86,3296.2,10210.5769
1736427600000,3296.21,3298.99,3213.0,3221.04,45027.4256
1736431200000,3221.04,3253.2,3210.28,3251.3,41712.5213
1736434800000,3251.3,3337.0,3244.29,3320.58,32545.3779
1736438400000,3320.57,3327.91,3288.01,3302.76,24390.6587
1736442000000,3302.75,3304.4,3235.8,3250.48,25390.063
1736445600000,3250.46,3270.35,3245.63,3260.16,14587.1581
1736449200000,3260.17,3268.79,3190.82,3195.63,36953.3121
1736452800000,3195.63,3214.4,3158.0,3195.55,54616.7903
1736456400000,3195.55,3226.29,3190.21,3207.43,16850.589
1736460000000,3207.43,3239.59,3187.58,3224.24,20748.2553
1736463600000,3224.23,3233.33,3209.99,3219.2,9268.6692
1736467200000,3219.2,3233.79,3214.11,3222.98,8720.494
1736470800000,3222.98,3240.24,3213.74,3237.29,10481.3848
1736474400000,3237.29,3260.47,3230.89,3241.47,11765.7733
1736478000000,3241.48,3256.0,3239.16,3254.37,7758.615
1736481600000,3254.36,3265.08,3246.84,3254.2,8337.3664
1736485200000,3254.21,3281.57,3242.4,3264.18,11603.6494
1736488800000,3264.19,3280.97,3260.0,3278.39,9624.4359
1736492400000,3278.38,3313.65,3271.02,3296.29,24701.258
1736496000000,3296.29,3302.0,3288.12,3296.31,14474.4792
1736499600000,3296.31,3310.8,3290.5,3302.45,15979.6805
1736503200000,3302.45,3321.25,3297.84,3318.54,10522.1835
1736506800000,3318.53,3320.8,3295.74,3311.65,17363.6052
1736510400000,3311.64,3312.52,3293.1,3310.73,10621.6203
1736514000000,3310.73,3317.03,3215.76,3244.24,80403.3222
1736517600000,3244.23,3279.39,3235.75,3257.01,40048.9256
1736521200000,3257.0,3276.34,3193.97,3245.14,57697.7222
1736524800000,3245.15,3261.84,3232.2,3247.48,23216.5797
1736528400000,3247.48,3322.49,3242.52,3315.07,30344.343
1736532000000,3315.06,3315.06,3281.43,3286.67,22616.7283
1736535600000,3286.67,3299.27,3270.55,3295.66,11624.6174
1736539200000,3295.65,3295.65,3257.38,3259.59,10231.9101
1736542800000,3259.57,3274.4,3256.9,3264.85,5626.5976
1736546400000,3264.85,3281.37,3260.0,3273.62,6197.2518
1736550000000,3273.61,3275.53,3264.77,3267.04,4179.5899
1736553600000,3267.05,3270.0,3257.42,3265.55,5538.7822
1736557200000,3265.55,3267.72,3236.54,3245.64,7443.4878
1736560800000,3245.65,3252.24,3237.6,3247.96,5068.2413
1736564400000,3247.96,3248.56,3231.83,3236.8,5534.5624
1736568000000,3236.8,3243.0,3230.0,3239.11,4481.0077
1736571600000,3239.08,3246.22,3233.0,3246.0,3681.7333
1736575200000,3246.0,3251.13,3237.95,3238.06,4764.008
1736578800000,3238.06,3244.58,3222.73,3235.72,9117.1608
1736582400000,3235.72,3240.3,3217.56,3224.64,9500.0823
1736586000000,3224.64,3244.41,3223.53,3244.0,5395.231
1736589600000,3244.0,3256.1,3243.06,3256.1,6713.2099
1736593200000,3256.09,3280.5,3254.04,3273.81,12319.6434
1736596800000,3273.81,3281.23,3267.45,3272.6,4777.0516
1736600400000,3272.6,3275.62,3258.3,3267.61,8357.3724
1736604000000,3267.62,3280.0,3258.36,3278.52,5322.3801
1736607600000,3278.52,3282.94,3266.5,3271.33,4119.3617
1736611200000,3271.33,3277.9,3262.0,3274.99,5486.8559
1736614800000,3275.0,3275.78,3259.06,3271.79,5795.2263
1736618400000,3271.78,3280.94,3267.51,3278.37,5100.0272
1736622000000,3278.37,3283.54,3269.6,3278.45,4291.9093
1736625600000,3278.46,3300.69,3275.84,3299.54,6442.2651
1736629200000,3299.54,3320.18,3299.22,3307.1,12280.4578
1736632800000,3307.1,3308.5,3286.25,3288.67,5714.0729
1736636400000,3288.68,3294.43,3281.36,3282.83,4435.6183
1736640000000,3282.83,3286.98,3278.7,3283.37,4544.4493
1736643600000,3283.38,3289.41,3274.12,3289.08,4680.602
1736647200000,3289.08,3289.94,3279.64,3289.79,3637.4813
1736650800000,3289.78,3290.91,3278.35,3286.0,3475.8512
1736654400000,3286.0,3289.41,3278.89,3283.49,5420.0322
1736658000000,3283.5,3285.28,3274.28,3279.8,2907.8463
1736661600000,3279.81,3281.33,3267.37,3270.33,4761.3496
1736665200000,3270.33,3274.0,3263.49,3266.87,4012.1655
1736668800000,3266.87,3271.36,3235.47,3239.98,10302.4579
1736672400000,3239.98,3244.95,3224.49,3238.67,9390.8735
1736676000000,3238.67,3246.31,3234.21,3244.62,4606.0124
1736679600000,3244.63,3258.38,3241.5,3253.02,5827.9847
1736683200000,3253.03,3265.52,3247.97,3250.61,5857.2876
1736686800000,3250.6,3271.38,3247.89,3267.09,13713.8462
1736690400000,3267.09,3280.78,3266.0,3269.1,14599.7319
1736694000000,3269.09,3296.14,3265.5,3285.68,11733.1916
1736697600000,3285.68,3288.0,3268.66,3281.67,6474.2858
1736701200000,3281.67,3292.43,3278.37,3288.57,8791.4505
1736704800000,3288.57,3300.0,3280.74,3285.15,6115.9876
1736708400000,3285.15,3288.97,3276.89,3280.12,4183.7122
1736712000000,3280.11,3289.31,3273.58,3281.67,4244.7552
1736715600000,3281.66,3282.94,3263.52,3266.28,6758.2345
1736719200000,3266.27,3268.2,3234.38,3240.62,13279.9258
1736722800000,3240.62,3269.22,3239.23,3267.3,5560.4561
1736726400000,3267.3,3339.0,3265.51,3308.56,27882.9084
1736730000000,3308.55,3312.4,3252.77,3261.48,22011.3895
1736733600000,3261.47,3270.95,3237.0,3255.96,15001.7336
1736737200000,3255.96,3267.33,3235.69,3242.72,9997.4831
1736740800000,3242.73,3260.49,3238.77,3239.01,12135.1919
1736744400000,3239.01,3239.01,3213.0,3225.83,15743.3482
1736748000000,3225.82,3233.53,3181.3,3191.36,19412.2615
1736751600000,3191.37,3209.74,3183.5,3201.66,12775.6445
1736755200000,3201.66,3205.9,3161.7,3169.36,19169.4537
1736758800000,3169.36,3176.98,3124.18,3155.8,39329.0438
1736762400000,3155.81,3156.84,3106.74,3118.61,44194.6647
1736766000000,3118.61,3123.81,3055.88,3057.16,65456.7109
1736769600000,3057.15,3085.54,3040.0,3046.96,43707.9838
1736773200000,3046.97,3091.38,3033.05,3060.05,35718.1624
1736776800000,3060.05,3060.98,2920.0,3034.41,159871.081
1736780400000,3034.4,3078.04,3026.01,3049.0,68354.3412
1736784000000,3049.01,3060.51,3005.68,3009.91,41451.9942
1736787600000,3009.91,3037.08,3004.2,3020.79,31014.2351
1736791200000,3020.79,3034.23,2986.4,3007.6,35346.8651
1736794800000,3007.61,3037.91,2993.0,3025.07,26030.7461
1736798400000,3025.06,3104.85,3011.71,3091.36,33191.6844
1736802000000,3091.36,3120.01,3083.13,3114.39,41226.7796
1736805600000,3114.39,3143.2,3112.71,3131.96,19047.802
1736809200000,3131.97,3140.99,3126.0,3137.51,7836.0582
1736812800000,3137.51,3148.54,3125.65,3134.3,12504.907
1736816400000,3134.31,3159.6,3133.69,3139.52,14586.5947
1736820000000,3139.51,3167.38,3132.11,3157.36,12143.3603
1736823600000,3157.36,3175.51,3155.0,3158.87,10452.1066
1736827200000,3158.87,3175.0,3158.86,3172.96,7903.4749
1736830800000,3172.96,3182.69,3159.6,3161.99,10046.3709
1736834400000,3162.0,3187.95,3158.18,3183.91,8560.6063
1736838000000,3183.91,3190.07,3171.01,3171.53,8068.483
1736841600000,3171.53,3192.6,3169.41,3183.78,15312.8645
1736845200000,3183.78,3256.67,3178.27,3243.89,38015.3134
1736848800000,3243.9,3244.83,3219.97,3235.31,18555.5103
1736852400000,3235.31,3235.62,3210.77,3217.62,10058.8023
1736856000000,3217.61,3220.08,3180.59,3183.32,21352.7501
1736859600000,3183.33,3233.18,3178.11,3208.7,39577.1601
1736863200000,3208.71,3233.27,3187.1,3191.56,41858.5887
1736866800000,3191.56,3216.11,3187.08,3199.45,18096.0346
1736870400000,3199.45,3203.88,3172.12,3191.13,19722.4958
1736874000000,3191.12,3212.99,3184.02,3212.6,14614.026
1736877600000,3212.6,3232.93,3207.23,3225.01,12052.0055
1736881200000,3225.0,3235.99,3212.53,3214.38,10542.0126
1736884800000,3214.37,3226.29,3194.86,3222.44,11305.8583
1736888400000,3222.45,3234.0,3212.0,3216.04,7408.4828
1736892000000,3216.04,3240.69,3213.83,3235.41,6446.6236
1736895600000,3235.41,3238.0,3222.63,3225.63,5124.0194
1736899200000,3225.63,3242.65,3217.5,3221.79,10886.1282
1736902800000,3221.79,3245.77,3217.5,3230.33,18839.5294
1736906400000,3230.34,3240.0,3205.17,3213.09,13913.3244
1736910000000,3213.1,3241.37,3208.4,3240.79,10208.0462
1736913600000,3240.8,3252.35,3222.31,3226.41,10061.384
1736917200000,3226.4,3235.5,3215.73,3230.32,7581.5049
1736920800000,3230.31,3233.18,3216.62,3230.29,7189.0144
1736924400000,3230.29,3250.92,3230.29,3233.3,11190.0899
1736928000000,3233.3,3248.55,3230.5,3232.63,8482.1708
1736931600000,3232.64,3237.63,3196.71,3199.52,12325.7353
1736935200000,3199.52,3218.61,3198.19,3209.5,9279.9467
1736938800000,3209.51,3210.23,3186.36,3199.6,11051.1664
1736942400000,3199.61,3211.91,3186.73,3202.63,10724.6079
1736946000000,3202.63,3299.07,3202.22,3298.94,63216.9132
1736949600000,3298.93,3331.78,3276.03,3329.48,51262.6101
1736953200000,3329.49,3353.82,3324.98,3334.47,41882.4121
1736956800000,3334.47,3366.54,3334.2,3339.49,25666.0218
1736960400000,3339.49,3358.95,3323.91,3325.81,16436.6907
1736964000000,3325.82,3375.71,3325.82,3372.31,13727.1344
1736967600000,3372.32,3442.59,3368.37,3434.99,36412.04
1736971200000,3434.99,3473.75,3432.54,3434.01,38976.3346
1736974800000,3434.04,3447.0,3425.15,3432.41,13157.4547
1736978400000,3432.4,3435.9,3418.4,3430.78,8235.4263
1736982000000,3430.79,3454.11,3420.61,3451.52,13482.3476
1736985600000,3451.51,3460.79,3388.5,3398.82,33723.1161
1736989200000,3398.82,3413.43,3392.62,3403.37,13357.8024
1736992800000,3403.37,3406.0,3381.6,3384.83,12537.1582
1736996400000,3384.83,3387.88,3346.0,3363.38,20397.5497
1737000000000,3363.38,3375.8,3362.0,3375.04,8312.1212
1737003600000,3375.04,3377.5,3366.0,3368.39,6031.7953
1737007200000,3368.4,3388.44,3363.21,3380.78,8375.8276
1737010800000,3380.78,3391.5,3378.0,3384.3,12892.7645
1737014400000,3384.3,3385.84,3303.2,3316.2,39136.7594
1737018000000,3316.21,3338.31,3300.21,3336.23,20061.7705
1737021600000,3336.22,3342.63,3329.04,3334.05,7719.9561
1737025200000,3334.06,3356.0,3321.51,3351.27,15050.5856
1737028800000,3351.26,3365.16,3341.65,3357.5,20590.1608
1737032400000,3357.5,3359.03,3308.05,3328.61,32569.1366
1737036000000,3328.62,3343.0,3265.44,3277.14,53199.9031
1737039600000,3277.14,3333.21,3269.7,3333.04,37060.1033
1737043200000,3333.02,3361.72,3330.4,3340.41,27181.336
1737046800000,3340.4,3365.95,3330.9,3343.86,15737.5176
1737050400000,3343.86,3350.89,3310.47,3325.97,14342.1766
1737054000000,3325.96,3346.2,3319.5,3344.81,9346.9564
1737057600000,3344.81,3354.01,3326.23,3337.33,13577.9781
1737061200000,3337.34,3337.94,3311.92,3320.08,10260.0138
1737064800000,3320.08,3320.09,3269.0,3297.62,19217.3647
1737068400000,3297.62,3312.27,3290.6,3308.05,20602.8251
1737072000000,3308.04,3317.86,3307.5,3313.68,7509.1143
1737075600000,3313.68,3391.02,3313.68,3386.31,42469.8212
1737079200000,3386.3,3397.66,3355.0,3373.3,35791.6996
1737082800000,3373.31,3377.49,3358.66,3361.01,11428.7934
1737086400000,3361.01,3372.47,3347.79,3371.07,9271.8862
1737090000000,3371.07,3376.51,3359.28,3366.71,23978.1347
1737093600000,3366.7,3376.0,3364.47,3367.44,8060.1814
1737097200000,3367.44,3389.11,3363.0,3373.14,10647.7495
1737100800000,3373.14,3413.86,3372.52,3407.33,19774.3783
1737104400000,3407.33,3415.14,3400.64,3404.12,16134.37
1737108000000,3404.12,3439.0,3403.01,3427.47,20830.7865
1737111600000,3427.47,3430.0,3416.68,3423.24,13746.7974
1737115200000,3423.25,3426.2,3400.69,3407.63,19499.6644
1737118800000,3407.64,3424.0,3395.14,3402.0,17785.3649
1737122400000,3402.0,3433.09,3401.9,3428.87,44710.3642
1737126000000,3428.86,3450.53,3404.24,3421.8,37281.2983
1737129600000,3421.8,3448.5,3411.83,3437.74,25169.2311
1737133200000,3437.74,3443.2,3407.63,3414.41,19104.6205
1737136800000,3414.41,3429.88,3410.18,3411.54,9502.338
1737140400000,3411.53,3443.87,3410.78,3432.11,15642.0075
1737144000000,3432.1,3525.0,3425.9,3514.81,63777.868
1737147600000,3514.8,3525.72,3466.84,3473.58,24456.7291
1737151200000,3473.58,3487.51,3467.8,3470.21,12843.8005
1737154800000,3470.22,3485.52,3462.85,3473.63,9133.1823
1737158400000,3473.64,3494.39,3469.15,3487.71,9543.1177
1737162000000,3487.71,3487.71,3455.44,3466.31,12798.0584
1737165600000,3466.31,3475.0,3447.72,3451.36,10614.2665
1737169200000,3451.39,3456.3,3368.06,3384.07,39347.2863
1737172800000,3384.08,3395.49,3350.9,3365.69,30154.9392
1737176400000,3365.69,3371.07,3290.01,3294.0,48600.5148
1737180000000,3294.0,3340.39,3292.54,3313.52,32512.7869
1737183600000,3313.52,3315.32,3281.09,3287.63,24832.0709
1737187200000,3287.64,3295.77,3251.65,3293.21,33118.5022
1737190800000,3293.21,3301.2,3252.8,3270.97,26513.2941
1737194400000,3270.97,3278.42,3227.0,3267.1,55640.29
1737198000000,3267.09,3324.1,3249.1,3311.62,38230.5492
1737201600000,3311.63,3322.44,3274.17,3289.9,30302.6872
1737205200000,3289.9,3323.53,3280.04,3323.38,23027.9115
1737208800000,3323.38,3326.99,3289.36,3297.5,20064.6455
1737212400000,3297.5,3347.34,3285.16,3307.07,47731.015
1737216000000,3307.07,3316.62,3253.89,3253.89,53409.0067
1737219600000,3253.9,3285.93,3253.46,3258.2,18355.0205
1737223200000,3258.2,3284.27,3250.0,3264.78,16147.7407
1737226800000,3264.77,3293.23,3261.5,3290.2,14294.3793
1737230400000,3290.21,3291.96,3258.37,3266.02,12584.5613
1737234000000,3266.02,3285.93,3263.59,3274.72,8862.5461
1737237600000,3274.72,3288.39,3271.62,3280.46,9214.0718
1737241200000,3280.47,3321.11,3279.45,3307.71,18297.8663
1737244800000,3307.71,3322.85,3298.71,3316.3,15489.0175
1737248400000,3316.3,3365.93,3314.07,3353.3,31236.1906
1737252000000,3353.3,3378.11,3347.94,3353.41,20917.018
1737255600000,3353.4,3365.82,3333.0,3335.47,17747.9287
1737259200000,3335.47,3337.95,3276.99,3283.51,46369.4594
1737262800000,3283.51,3301.13,3259.9,3299.91,24254.8774
1737266400000,3299.92,3301.0,3282.49,3283.44,20427.1744
1737270000000,3283.44,3293.29,3263.0,3276.06,25129.6359
1737273600000,3276.06,3277.53,3215.81,3221.9,47929.5451
1737277200000,3221.9,3233.77,3143.02,3226.0,105144.5117
1737280800000,3226.01,3226.89,3172.97,3174.7,51453.0068
1737284400000,3174.7,3188.9,3130.48,3149.97,50955.6276
1737288000000,3149.98,3211.55,3145.0,3205.9,38838.6903
1737291600000,3205.9,3279.0,3193.1,3276.99,52675.9772
1737295200000,3276.99,3397.7,3259.35,3381.16,191257.8743
1737298800000,3381.15,3426.05,3353.17,3383.68,84070.5422
1737302400000,3383.68,3424.43,3378.11,3410.74,49594.8858
1737306000000,3410.74,3447.7,3385.52,3442.39,43944.6676
1737309600000,3442.38,3448.99,3406.62,3432.73,25075.6922
1737313200000,3432.73,3432.76,3407.05,3418.92,14625.0314
1737316800000,3418.93,3431.82,3361.4,3377.67,28343.5073
1737320400000,3377.66,3378.96,3208.0,3233.0,130221.2604
1737324000000,3233.0,3312.81,3156.7,3266.65,109082.7312
1737327600000,3266.66,3266.81,3160.76,3215.12,117516.6687
1737331200000,3215.2,3226.0,3142.78,3170.9,121008.5413
1737334800000,3170.91,3221.04,3166.22,3201.01,63258.2751
1737338400000,3201.01,3274.8,3196.92,3245.07,57397.1934
1737342000000,3245.07,3280.75,3228.06,3272.34,32465.9972
1737345600000,3272.3,3300.0,3250.66,3270.73,23552.6098
1737349200000,3270.73,3320.0,3267.38,3291.33,28057.2762
1737352800000,3291.33,3453.69,3286.2,3416.01,89600.0067
1737356400000,3416.02,3441.82,3351.09,3382.59,91256.958
1737360000000,3382.58,3413.3,3380.0,3392.43,26773.5761
1737363600000,3392.43,3412.28,3352.5,3364.0,40084.8496
1737367200000,3364.01,3391.16,3340.33,3353.42,34784.3584
1737370800000,3353.42,3388.63,3334.32,3375.43,29826.0765
1737374400000,3375.42,3379.34,3257.2,3304.02,64315.9086
1737378000000,3304.02,3355.0,3295.17,3342.99,37326.2638
1737381600000,3342.99,3361.98,3330.29,3359.4,25916.2554
1737385200000,3359.4,3379.94,3315.77,3335.9,39536.5265
1737388800000,3335.91,3390.68,3277.74,3379.97,53946.9875
1737392400000,3379.96,3383.85,3205.42,3292.93,161931.3324
1737396000000,3292.98,3342.69,3284.02,3330.53,42353.3875
1737399600000,3330.53,3364.12,3308.41,3343.5,28105.9752
1737403200000,3343.49,3344.5,3314.0,3320.24,12244.0639
1737406800000,3320.23,3337.17,3279.76,3284.96,16198.8624
1737410400000,3284.97,3324.46,3255.92,3318.49,18165.728
1737414000000,3318.5,3320.84,3260.93,3284.0,20247.7719
1737417600000,3283.99,3289.85,3221.02,3226.87,46276.4991
1737421200000,3226.88,3260.96,3204.6,3250.63,43265.9768
1737424800000,3250.62,3273.16,3228.5,3257.94,24789.943
1737428400000,3257.94,3270.0,3249.06,3262.6,19140.9358
1737432000000,3262.6,3262.76,3213.82,3247.15,20738.9753
1737435600000,3247.15,3254.13,3217.07,3225.13,14843.0809
1737439200000,3225.14,3254.2,3213.03,3241.99,20222.0515
1737442800000,3241.99,3266.24,3235.37,3254.7,15558.0566
1737446400000,3254.7,3263.28,3234.48,3254.14,16980.3298
1737450000000,3254.13,3277.0,3250.92,3276.66,18582.6896
1737453600000,3276.66,3310.0,3271.39,3303.11,24211.1483
1737457200000,3303.09,3314.0,3292.71,3305.07,22737.4085
1737460800000,3305.07,3326.74,3293.59,3307.19,29151.6409
1737464400000,3307.19,3314.99,3290.0,3309.68,18247.497
1737468000000,3309.69,3335.44,3279.09,3289.41,46772.5606
1737471600000,3289.42,3302.09,3265.11,3295.1,27063.3701
1737475200000,3295.1,3349.17,3290.5,3313.85,34589.3161
1737478800000,3313.85,3356.59,3307.81,3351.0,20466.3539
1737482400000,3351.0,3368.0,3330.74,3345.76,21973.6098
1737486000000,3345.75,3346.63,3318.0,3332.16,14995.3714
1737489600000,3332.16,3339.49,3304.01,3314.39,11131.4679
1737493200000,3314.39,3336.5,3302.03,3331.9,12215.3789
1737496800000,3331.9,3347.12,3326.7,3333.74,8771.2347
1737500400000,3333.75,3334.89,3308.11,3327.54,15981.1548
1737504000000,3327.55,3365.99,3323.37,3361.54,17379.4894
1737507600000,3361.54,3361.55,3321.31,3328.84,16728.477
1737511200000,3328.84,3347.0,3322.0,3343.77,15037.2716
1737514800000,3343.76,3348.0,3327.0,3330.98,11103.2117
1737518400000,3330.98,3333.1,3316.18,3331.96,8867.4232
1737522000000,3331.96,3339.59,3317.0,3318.5,8801.1286
1737525600000,3318.49,3324.27,3303.0,3309.39,12199.9269
1737529200000,3309.39,3311.0,3287.0,3288.07,20719.9999
1737532800000,3288.08,3301.56,3273.83,3299.56,19940.8671
1737536400000,3299.56,3304.25,3290.37,3298.55,10535.755
1737540000000,3298.55,3308.17,3289.14,3308.09,10826.8023
1737543600000,3308.09,3329.99,3304.51,3326.55,11276.7626
1737547200000,3326.55,3332.7,3311.5,3316.97,8087.6257
1737550800000,3316.97,3319.29,3280.19,3284.15,17959.6925
1737554400000,3284.15,3312.22,3267.17,3293.97,28070.9566
1737558000000,3293.97,3305.68,3270.0,3278.39,23694.5576
1737561600000,3278.39,3283.11,3259.93,3277.9,19860.2333
1737565200000,3277.9,3287.49,3272.16,3285.39,8676.2212
1737568800000,3285.4,3291.3,3239.4,3249.93,16645.9697
1737572400000,3249.94,3280.65,3248.3,3261.99,16388.7323
1737576000000,3262.0,3276.6,3253.79,3256.61,11364.2789
1737579600000,3256.6,3264.87,3241.37,3259.32,11848.073
1737583200000,3259.32,3266.36,3233.02,3238.89,9809.5006
1737586800000,3238.89,3246.87,3222.85,3242.6,13417.7931
1737590400000,3242.61,3261.34,3238.21,3253.62,13267.2913
1737594000000,3253.62,3258.38,3220.43,3235.26,15286.5526
1737597600000,3235.27,3237.38,3204.18,3223.13,25069.0676
1737601200000,3223.13,3243.22,3215.77,3226.92,13015.9703
1737604800000,3227.0,3231.72,3185.0,3197.5,24050.628
1737608400000,3197.51,3221.32,3196.61,3215.0,9634.7759
1737612000000,3215.0,3225.28,3204.81,3208.1,8953.3819
1737615600000,3208.11,3234.0,3199.0,3233.48,13235.6793
1737619200000,3233.48,3233.65,3208.63,3210.05,10795.8948
1737622800000,3210.06,3221.76,3192.09,3197.01,12553.0511
1737626400000,3197.01,3213.37,3188.89,3203.99,15495.8935
1737630000000,3204.0,3216.75,3195.35,3213.08,15469.8645
1737633600000,3213.08,3218.18,3189.69,3203.75,22116.2686
1737637200000,3203.75,3243.0,3202.01,3233.99,25620.2224
1737640800000,3233.99,3286.72,3222.66,3275.55,53034.3117
1737644400000,3275.55,3282.0,3225.68,3259.33,61528.9591
1737648000000,3259.33,3297.49,3252.5,3254.72,33511.4808
1737651600000,3254.72,3272.0,3230.74,3265.85,18791.2023
1737655200000,3265.85,3270.28,3235.29,3241.09,10949.8799
1737658800000,3241.09,3246.88,3195.0,3204.98,22876.6148
1737662400000,3204.98,3295.47,3196.25,3247.18,87094.9417
1737666000000,3247.17,3255.86,3213.93,3248.56,26681.8711
1737669600000,3248.56,3323.49,3246.25,3322.36,39373.9853
1737673200000,3322.36,3347.97,3312.0,3338.21,27184.934
1737676800000,3338.22,3349.6,3284.6,3285.42,23709.1834
1737680400000,3285.42,3325.97,3284.27,3298.49,20655.3994
1737684000000,3298.49,3313.9,3280.24,3285.41,13458.9643
1737687600000,3285.41,3313.13,3275.9,3302.26,21996.9398
1737691200000,3302.26,3340.4,3292.23,3333.4,17314.2984
1737694800000,3333.4,3409.99,3329.3,3409.96,41052.5071
1737698400000,3409.97,3421.0,3378.0,3386.4,35399.191
1737702000000,3386.41,3401.0,3372.33,3380.8,17269.1118
1737705600000,3380.79,3416.5,3374.68,3401.3,22720.9114
1737709200000,3401.29,3413.0,3391.68,3401.39,10977.3546
1737712800000,3401.38,3415.0,3390.74,3413.4,13550.0405
1737716400000,3413.39,3414.66,3392.39,3399.22,9836.5133
1737720000000,3399.21,3405.0,3386.67,3404.0,11390.7722
1737723600000,3404.0,3428.0,3391.16,3394.99,22276.1605
1737727200000,3395.0,3422.7,3378.56,3399.66,23892.9911
1737730800000,3399.67,3409.73,3355.67,3383.69,24718.0203
1737734400000,3383.64,3397.87,3377.39,3380.2,13007.3395
1737738000000,3380.2,3406.24,3373.1,3397.9,12660.6054
1737741600000,3397.88,3409.4,3375.5,3381.49,12426.2516
1737745200000,3381.49,3395.0,3365.0,3368.7,16780.4663
1737748800000,3368.7,3378.79,3327.19,3329.28,27353.6222
1737752400000,3329.29,3346.99,3323.49,3329.84,14875.3624
1737756000000,3329.9,3336.88,3322.36,3325.73,9892.6289
1737759600000,3325.72,3325.99,3304.11,3310.09,14309.6398
1737763200000,3310.1,3313.98,3270.46,3273.97,23108.5811
1737766800000,3273.97,3306.5,3268.66,3294.54,15590.1619
1737770400000,3294.54,3304.1,3289.33,3295.0,7449.8997
1737774000000,3295.0,3325.0,3292.42,3319.44,10430.9198
1737777600000,3319.43,3319.7,3298.02,3300.05,6364.7943
1737781200000,3300.05,3302.87,3288.0,3296.51,6786.7468
1737784800000,3296.5,3303.31,3283.82,3292.51,12678.8477
1737788400000,3292.51,3295.45,3283.57,3291.53,6698.6295
1737792000000,3291.52,3301.2,3282.62,3291.06,6385.095
1737795600000,3291.06,3292.49,3281.35,3283.69,4070.1888
1737799200000,3283.69,3298.24,3272.09,3295.53,8030.153
1737802800000,3295.53,3311.5,3291.13,3306.91,7968.3326
1737806400000,3306.91,3307.24,3294.24,3306.17,5747.1869
1737810000000,3306.17,3310.1,3300.68,3307.83,5173.3324
1737813600000,3307.82,3319.5,3298.45,3315.85,5379.9266
1737817200000,3315.84,3345.0,3310.0,3334.62,20905.2441
1737820800000,3334.62,3349.58,3330.64,3342.27,11132.2982
1737824400000,3342.28,3346.19,3330.63,3344.17,9698.4607
1737828000000,3344.16,3348.67,3335.6,3342.2,5796.8249
1737831600000,3342.19,3344.45,3334.71,3340.3,4060.1633
1737835200000,3340.29,3350.68,3335.8,3337.03,4459.9355
1737838800000,3337.04,3342.72,3332.53,3339.43,5452.4066
1737842400000,3339.43,3346.0,3332.1,3334.42,4858.5367
1737846000000,3334.42,3337.0,3314.87,3318.77,10332.3754
1737849600000,3318.76,3327.5,3313.9,3321.01,11681.2763
1737853200000,3321.01,3337.78,3318.6,3331.18,6953.7509
1737856800000,3331.18,3331.19,3318.14,3328.35,4353.555
1737860400000,3328.4,3350.0,3326.36,3338.94,7632.2227
1737864000000,3338.95,3362.0,3336.41,3352.27,11570.4191
1737867600000,3352.27,3353.6,3338.0,3342.32,9181.0999
1737871200000,3342.32,3348.01,3338.63,3341.85,5728.3281
1737874800000,3341.85,3345.33,3330.3,3338.56,5495.8937
1737878400000,3338.57,3343.45,3323.43,3332.08,6464.5738
1737882000000,3332.08,3332.49,3292.82,3298.5,17258.8861
1737885600000,3298.5,3306.76,3295.81,3305.98,7225.4917
1737889200000,3305.99,3316.55,3302.73,3312.3,6790.3126
1737892800000,3312.3,3312.3,3300.14,3307.77,7222.1993
1737896400000,3307.76,3308.89,3299.66,3307.84,13719.0395
1737900000000,3307.85,3313.16,3297.47,3311.09,7150.8868
1737903600000,3311.09,3320.68,3308.74,3315.31,7303.5872
1737907200000,3315.31,3320.0,3307.96,3315.82,6878.4304
1737910800000,3315.83,3344.88,3315.36,3338.04,9465.0436
1737914400000,3338.03,3342.92,3334.02,3337.16,8731.0488
1737918000000,3337.17,3341.95,3329.62,3338.74,7563.7282
1737921600000,3338.73,3342.34,3327.23,3329.67,5989.0255
1737925200000,3329.68,3330.0,3291.35,3296.45,15535.9718
1737928800000,3296.45,3309.87,3281.56,3288.16,19617.0181
1737932400000,3288.16,3288.16,3230.0,3232.61,62653.6799
1737936000000,3232.61,3253.91,3210.0,3214.12,40430.277
1737939600000,3214.13,3224.5,3188.01,3195.58,40088.2742
1737943200000,3195.58,3195.58,3164.0,3170.82,44947.5781
1737946800000,3170.82,3199.96,3160.71,3183.6,18286.2745
1737950400000,3183.6,3183.6,3155.15,3157.14,18969.6462
1737954000000,3157.14,3164.3,3115.0,3140.94,34610.6023
1737957600000,3140.94,3151.39,3079.0,3084.05,54424.6119
1737961200000,3084.06,3091.41,3020.01,3070.8,82983.5393
1737964800000,3070.8,3073.54,3038.81,3066.01,32840.393
1737968400000,3066.01,3090.77,3058.43,3080.5,28351.4103
1737972000000,3080.49,3081.5,3034.48,3038.39,28715.8025
1737975600000,3038.4,3075.5,3037.65,3058.94,23511.9045
1737979200000,3058.94,3122.87,3053.67,3103.13,32544.0653
1737982800000,3103.13,3134.74,3088.85,3099.32,38081.5218
1737986400000,3099.33,3146.61,3083.21,3137.51,33437.6619
1737990000000,3137.51,3152.0,3112.0,3133.4,26579.6341
1737993600000,3133.39,3133.39,3075.81,3084.0,32076.765
1737997200000,3084.01,3099.08,3066.68,3072.7,21802.6252
1738000800000,3072.7,3088.95,3046.68,3054.82,22192.7521
1738004400000,3054.82,3081.99,3054.81,3075.93,15744.7873
1738008000000,3075.93,3148.97,3073.13,3145.38,17465.546
1738011600000,3145.37,3239.0,3142.0,3159.25,42463.1642
1738015200000,3159.26,3181.5,3146.54,3170.95,11699.4138
1738018800000,3170.95,3183.04,3160.0,3182.44,10756.5024
1738022400000,3182.44,3203.89,3164.2,3167.28,22061.6655
1738026000000,3167.29,3176.88,3151.62,3166.68,9690.8417
1738029600000,3166.61,3199.77,3165.21,3192.83,10901.3584
1738033200000,3192.83,3218.39,3175.73,3203.15,17076.5308
1738036800000,3203.15,3223.01,3197.78,3212.37,10171.3758
1738040400000,3212.38,3221.97,3209.0,3212.95,8238.4722
1738044000000,3212.95,3215.41,3191.97,3195.0,9825.9125
1738047600000,3194.99,3216.11,3188.8,3196.22,8640.7088
1738051200000,3196.22,3205.45,3183.4,3198.4,8738.3625
1738054800000,3198.4,3201.62,3184.22,3196.92,7625.5712
1738058400000,3196.92,3208.0,3189.26,3194.38,7499.2033
1738062000000,3194.39,3200.89,3177.1,3186.74,6064.658
1738065600000,3186.75,3196.01,3166.4,3174.99,8315.1737
1738069200000,3174.99,3189.5,3170.49,3175.36,5771.4535
1738072800000,3175.36,3180.5,3156.86,3172.31,18154.6623
1738076400000,3172.32,3214.38,3171.2,3181.36,23867.2666
1738080000000,3181.37,3182.98,3136.74,3150.81,20664.8284
1738083600000,3150.8,3182.77,3150.8,3167.62,17572.0853
1738087200000,3167.62,3177.56,3141.0,3144.06,12785.9148
1738090800000,3144.06,3150.49,3120.36,3147.31,19585.0183
1738094400000,3147.31,3155.37,3093.03,3095.42,23944.2654
1738098000000,3095.42,3115.27,3052.15,3053.51,31612.7075
1738101600000,3053.5,3091.06,3040.03,3084.16,28997.0754
1738105200000,3084.15,3097.0,3053.84,3077.72,13154.6054
1738108800000,3077.72,3117.43,3076.31,3110.14,13530.1419
1738112400000,3110.15,3120.0,3099.21,3110.78,7998.1706
1738116000000,3110.78,3129.43,3110.1,3114.1,8658.1699
1738119600000,3114.1,3132.69,3108.15,3130.43,8379.2752
1738123200000,3130.43,3140.0,3123.01,3124.33,8931.682
1738126800000,3124.32,3134.41,3117.01,3131.0,6550.9005
1738130400000,3131.0,3150.27,3128.65,3147.32,8795.4613
1738134000000,3147.32,3160.0,3139.01,3156.89,7438.9456
1738137600000,3156.88,3164.11,3143.35,3147.51,9373.1244
1738141200000,3147.5,3148.46,3123.14,3130.32,8801.3608
1738144800000,3130.32,3143.53,3119.8,3137.7,7587.6034
1738148400000,3137.7,3144.0,3132.03,3135.13,5536.0587
1738152000000,3135.13,3140.38,3112.92,3118.7,11845.2882
1738155600000,3118.71,3122.18,3089.26,3102.5,19797.0346
1738159200000,3102.5,3116.9,3080.57,3096.62,18701.1968
1738162800000,3096.62,3119.19,3094.16,3101.12,12913.7357
1738166400000,3101.11,3105.34,3072.57,3086.09,13269.011
1738170000000,3086.09,3132.08,3084.66,3111.59,12740.5843
1738173600000,3111.6,3135.16,3089.64,3127.94,14390.7972
1738177200000,3127.94,3153.22,3054.06,3126.5,98422.1625
1738180800000,3126.49,3182.52,3091.0,3136.56,54864.0209
1738184400000,3136.56,3163.36,3113.64,3140.61,28435.9521
1738188000000,3140.6,3159.35,3124.5,3132.45,11785.2572
1738191600000,3132.45,3149.0,3109.5,3113.9,10991.3228
1738195200000,3113.9,3127.18,3091.06,3124.42,14048.5705
1738198800000,3124.42,3155.51,3121.0,3138.39,13511.1365
1738202400000,3138.39,3155.37,3128.07,3155.37,13166.2832
1738206000000,3155.36,3202.58,3153.64,3201.5,19041.8865
1738209600000,3201.5,3215.73,3187.42,3196.81,16348.1275
1738213200000,3196.83,3198.9,3182.75,3194.99,6973.1447
1738216800000,3194.99,3208.38,3184.68,3186.1,8506.3978
1738220400000,3186.11,3194.8,3178.76,3191.04,9443.6084
1738224000000,3191.04,3211.35,3181.1,3205.01,10707.1441
1738227600000,3205.01,3229.82,3200.59,3221.54,15474.3777
1738231200000,3221.55,3223.0,3207.76,3219.69,7730.8201
1738234800000,3219.69,3227.8,3214.74,3222.71,9588.3875
1738238400000,3222.71,3224.28,3209.24,3220.01,8195.6106
1738242000000,3220.0,3275.97,3215.76,3263.14,35312.3398
1738245600000,3263.14,3281.0,3241.05,3271.24,40826.8424
1738249200000,3271.23,3280.0,3248.31,3255.3,30854.1148
1738252800000,3255.3,3279.95,3249.06,3278.93,14958.1308
1738256400000,3278.94,3283.43,3257.42,3272.6,14140.3626
1738260000000,3272.6,3276.97,3255.22,3270.34,11568.313
1738263600000,3270.34,3276.27,3255.9,3271.61,8095.3391
1738267200000,3271.6,3273.2,3228.68,3231.6,20815.1696
1738270800000,3231.6,3248.13,3231.5,3244.35,7689.4888
1738274400000,3244.35,3272.0,3238.28,3260.88,7185.0461
1738278000000,3260.88,3270.0,3245.52,3247.39,6458.8402
1738281600000,3247.38,3271.6,3237.23,3270.5,10592.0236
1738285200000,3270.5,3273.89,3254.09,3270.63,8308.0162
1738288800000,3270.63,3279.5,3247.37,3247.61,11293.6476
1738292400000,3247.6,3247.61,3221.2,3230.65,14679.6715
1738296000000,3230.65,3235.88,3213.8,3216.61,9004.3773
1738299600000,3216.61,3248.93,3216.0,3245.32,7969.9571
1738303200000,3245.32,3271.5,3241.62,3262.93,13003.4056
1738306800000,3262.94,3276.93,3239.2,3241.63,20512.5934
1738310400000,3241.63,3249.08,3234.05,3237.01,15422.324
1738314000000,3237.01,3271.33,3235.0,3266.4,14051.4631
1738317600000,3266.4,3272.0,3256.57,3269.68,13877.8108
1738321200000,3269.67,3338.55,3269.67,3335.16,50510.1667
1738324800000,3335.16,3359.72,3325.3,3350.69,39929.1247
1738328400000,3350.7,3370.13,3341.49,3354.68,31071.6507
1738332000000,3354.67,3374.02,3334.71,3351.11,43522.1941
1738335600000,3351.11,3436.34,3351.11,3427.66,72263.7193
1738339200000,3427.65,3437.31,3391.2,3403.09,51738.1014
1738342800000,3403.1,3405.45,3370.34,3375.88,20656.1508
1738346400000,3375.87,3385.11,3294.97,3314.76,73301.1532
1738350000000,3314.76,3345.84,3308.13,3339.08,38045.5815
1738353600000,3339.07,3339.07,3285.68,3315.99,36053.0954
1738357200000,3315.91,3320.6,3278.5,3319.12,26296.3003
1738360800000,3319.12,3321.0,3282.0,3296.39,14799.1152
1738364400000,3296.38,3302.82,3278.8,3300.99,11780.0126
1738368000000,3300.99,3321.11,3288.35,3317.0,15325.8883
1738371600000,3317.0,3331.98,3312.7,3313.11,10412.7877
1738375200000,3313.12,3325.53,3302.67,3306.2,8676.7715
1738378800000,3306.21,3309.9,3283.01,3291.97,10970.9011
1738382400000,3291.97,3307.19,3285.0,3294.59,9971.9675
1738386000000,3294.6,3303.44,3292.88,3299.73,5520.5009
1738389600000,3299.72,3306.5,3273.44,3295.99,16866.1606
1738393200000,3296.0,3301.04,3277.67,3280.1,5841.9413
1738396800000,3280.11,3286.31,3246.1,3268.48,21286.9499
1738400400000,3268.48,3268.8,3224.01,3236.19,21390.2967
1738404000000,3236.19,3252.5,3228.14,3234.31,11252.0839
1738407600000,3234.31,3253.0,3230.0,3252.16,7296.742
1738411200000,3252.17,3272.28,3246.67,3267.2,10024.596
1738414800000,3267.2,3273.15,3242.15,3246.21,8349.5062
1738418400000,3246.21,3256.46,3234.53,3238.8,10290.2676
1738422000000,3238.8,3258.59,3228.93,3250.99,13629.6263
1738425600000,3251.0,3266.46,3240.42,3243.01,9858.2123
1738429200000,3243.01,3266.66,3243.0,3262.24,8133.8623
1738432800000,3262.24,3267.24,3240.1,3242.04,8219.5568
1738436400000,3242.05,3244.46,3178.07,3197.08,34326.7725
1738440000000,3197.09,3197.09,3151.71,3164.01,33905.4566
1738443600000,3164.0,3179.49,3142.72,3149.8,21287.4656
1738447200000,3149.79,3162.38,3125.0,3137.94,18229.4243
1738450800000,3137.94,3139.33,3101.7,3117.54,32997.5146
1738454400000,3117.54,3156.68,3111.8,3151.46,15737.4606
1738458000000,3151.47,3163.2,3143.47,3152.49,9880.5708
1738461600000,3152.5,3152.92,3113.69,3115.81,14174.0312
1738465200000,3115.82,3128.84,3069.36,3077.97,50147.3265
1738468800000,3077.98,3111.53,3075.0,3096.56,27495.3343
1738472400000,3096.56,3123.53,3093.64,3119.72,12802.1706
1738476000000,3119.72,3139.0,3111.09,3114.99,16905.8627
1738479600000,3114.99,3115.09,3082.82,3101.51,22039.9699
1738483200000,3101.5,3124.13,3090.25,3110.01,13826.8299
1738486800000,3110.0,3112.04,3096.33,3111.29,9661.4066
1738490400000,3111.3,3111.43,3091.1,3104.47,11975.132
1738494000000,3104.48,3112.89,3052.19,3064.86,38775.4157
1738497600000,3064.87,3080.39,3050.64,3052.39,41132.0816
1738501200000,3052.4,3088.13,3052.4,3087.47,22373.8455
1738504800000,3087.47,3101.92,3082.23,3087.07,25861.5024
1738508400000,3087.08,3087.08,3061.41,3081.19,21005.6924
1738512000000,3081.18,3082.02,3003.53,3015.9,60130.3662
1738515600000,3015.9,3037.0,2951.58,2972.99,117492.0522
1738519200000,2972.99,2990.5,2916.66,2928.36,103529.5935
1738522800000,2928.36,2984.0,2894.4,2958.9,90011.2213
1738526400000,2958.91,2987.68,2943.34,2950.64,27865.7672
1738530000000,2950.64,2956.82,2896.4,2907.9,48138.9116
1738533600000,2907.9,2937.17,2750.71,2875.46,119539.8168
1738537200000,2875.46,2875.46,2778.49,2869.68,130303.5685
1738540800000,2869.68,2872.75,2768.55,2823.49,136414.9217
1738544400000,2823.5,2844.28,2400.0,2491.99,289020.7015
1738548000000,2493.89,2563.57,2125.01,2486.64,508838.4049
1738551600000,2486.66,2544.35,2479.2,2527.12,179782.6192
1738555200000,2527.2,2565.5,2448.97,2452.65,109726.0181
1738558800000,2452.65,2521.88,2447.25,2515.01,84593.8219
1738562400000,2515.0,2537.62,2483.91,2525.63,70534.6067
1738566000000,2525.62,2632.8,2520.99,2622.35,95561.3866
1738569600000,2622.35,2622.51,2526.16,2572.8,110720.8702
1738573200000,2572.81,2616.5,2557.87,2570.9,94025.4203
1738576800000,2570.91,2614.8,2562.31,2610.43,58855.0782
1738580400000,2610.43,2612.35,2577.1,2581.41,50390.8651
1738584000000,2581.41,2636.27,2574.6,2580.52,60720.0655
1738587600000,2580.52,2596.5,2547.22,2576.77,55011.4565
1738591200000,2576.77,2647.11,2529.39,2620.58,175977.7529
1738594800000,2620.57,2728.0,2600.0,2700.72,188504.8881
1738598400000,2700.73,2733.9,2678.39,2706.33,92551.9387
1738602000000,2706.32,2718.14,2668.06,2707.7,61749.9817
1738605600000,2707.69,2735.0,2697.12,2732.7,51625.4386
1738609200000,2732.7,2770.26,2728.3,2764.23,58552.2504
1738612800000,2764.21,2764.51,2695.61,2704.12,48964.8575
1738616400000,2704.2,2819.99,2700.15,2817.69,54644.5065
1738620000000,2817.62,2921.0,2810.8,2870.0,128928.088
1738623600000,2870.0,2894.0,2852.61,2879.9,42283.0822
1738627200000,2879.89,2888.5,2838.94,2840.95,38754.2183
1738630800000,2840.95,2861.04,2834.14,2853.79,31968.2542
1738634400000,2853.79,2858.53,2800.99,2801.8,29192.8692
1738638000000,2801.73,2815.9,2792.22,2811.0,38096.5301
1738641600000,2810.99,2836.68,2794.4,2800.59,29324.4242
1738645200000,2800.59,2805.0,2663.21,2691.07,140453.7504
1738648800000,2691.07,2732.0,2691.07,2727.61,57550.2966
1738652400000,2727.6,2734.5,2685.49,2703.53,36621.9859
1738656000000,2703.54,2723.96,2677.0,2698.31,41625.1016
1738659600000,2698.31,2717.49,2690.78,2694.97,21742.3101
1738663200000,2694.97,2758.78,2693.88,2750.01,35946.092
1738666800000,2750.0,2789.44,2748.4,2757.99,36928.7013
1738670400000,2757.99,2821.0,2757.65,2804.99,36717.8869
1738674000000,2804.99,2836.0,2790.63,2795.88,47130.049
1738677600000,2795.87,2846.3,2774.72,2818.47,69426.9912
1738681200000,2818.46,2827.17,2730.18,2777.18,95316.1068
1738684800000,2777.18,2805.54,2765.26,2790.57,40888.962
1738688400000,2790.55,2842.77,2784.11,2815.1,47213.6732
1738692000000,2815.1,2835.23,2794.71,2829.6,29233.5366
1738695600000,2829.59,2869.39,2770.02,2770.6,80282.0086
1738699200000,2770.6,2794.05,2721.05,2733.0,88432.9438
1738702800000,2733.0,2734.33,2637.2,2639.59,93371.4668
1738706400000,2639.58,2699.99,2632.6,2683.99,55617.6467
1738710000000,2683.99,2748.0,2676.29,2731.19,37758.5864
1738713600000,2731.19,2746.37,2712.31,2729.41,27261.1592
1738717200000,2729.4,2767.78,2714.49,2721.89,29459.3562
1738720800000,2721.9,2750.4,2699.13,2739.51,34709.7208
1738724400000,2739.5,2749.55,2717.59,2720.38,24040.1145
1738728000000,2720.38,2737.69,2712.62,2729.16,11678.0974
1738731600000,2729.15,2788.0,2709.2,2784.74,28071.9419
1738735200000,2784.62,2785.5,2738.1,2744.72,25049.2361
1738738800000,2744.72,2774.81,2735.29,2759.31,18864.6625
1738742400000,2759.3,2782.16,2753.8,2773.86,31741.0119
1738746000000,2773.84,2793.08,2746.85,2758.79,23034.1255
1738749600000,2758.79,2786.94,2755.7,2778.91,12919.9428
1738753200000,2778.91,2817.89,2778.9,2800.01,30134.5215
1738756800000,2800.0,2811.5,2783.01,2787.5,23383.0197
1738760400000,2787.5,2820.0,2784.0,2817.88,25474.1134
1738764000000,2817.88,2826.95,2771.42,2787.39,45997.8165
1738767600000,2787.38,2800.46,2757.46,2773.46,50366.7095
1738771200000,2773.45,2783.65,2734.06,2771.78,49840.0012
1738774800000,2771.79,2781.02,2730.4,2740.69,34691.0743
1738778400000,2740.7,2755.15,2715.27,2723.01,33079.0434
1738782000000,2723.0,2787.56,2716.54,2775.49,29845.1005
1738785600000,2775.5,2783.58,2743.51,2763.01,25900.3369
1738789200000,2763.0,2792.47,2758.49,2787.0,15995.7208
1738792800000,2786.99,2803.0,2739.49,2760.1,31371.3366
1738796400000,2760.09,2793.99,2755.47,2788.25,23684.8798
1738800000000,2788.25,2798.75,2760.96,2768.34,25036.8169
1738803600000,2768.35,2812.83,2755.69,2790.53,25571.4479
1738807200000,2790.53,2817.27,2786.43,2808.01,23737.3498
1738810800000,2808.01,2819.51,2790.72,2806.49,16145.4133
1738814400000,2806.5,2831.97,2805.87,2820.61,18483.1773
1738818000000,2820.61,2849.5,2820.25,2832.16,19495.0386
1738821600000,2832.16,2856.21,2822.93,2853.18,18742.56
1738825200000,2853.18,2854.78,2826.15,2831.32,16103.0062
1738828800000,2831.33,2845.39,2823.01,2829.39,16417.4531
1738832400000,2829.4,2857.64,2826.09,2851.76,18619.0378
1738836000000,2851.75,2854.78,2819.02,2828.9,20819.097
1738839600000,2828.89,2830.9,2793.05,2803.92,22964.3827
1738843200000,2803.92,2807.77,2767.35,2770.88,32899.3234
1738846800000,2770.89,2799.0,2768.35,2791.66,30257.1321
1738850400000,2791.67,2796.16,2737.62,2748.48,53413.3295
1738854000000,2748.49,2760.75,2683.71,2705.57,85378.2016
1738857600000,2705.57,2724.31,2695.0,2708.01,46717.7861
1738861200000,2708.01,2719.1,2696.06,2700.0,35650.74
1738864800000,2700.0,2712.78,2672.03,2693.76,59480.4238
1738868400000,2693.75,2726.75,2680.0,2689.57,36947.1813
1738872000000,2689.56,2725.6,2685.64,2722.96,29697.7258
1738875600000,2722.96,2723.33,2675.0,2709.49,27045.1074
1738879200000,2709.5,2710.0,2655.28,2700.5,22946.4221
1738882800000,2700.5,2702.48,2666.8,2686.64,16891.8034
1738886400000,2686.63,2716.21,2679.79,2687.66,20525.7621
1738890000000,2687.65,2739.61,2687.0,2717.26,25432.1634
1738893600000,2717.27,2734.09,2712.92,2724.9,22281.7359
1738897200000,2724.9,2736.47,2703.2,2715.58,16354.6295
1738900800000,2715.58,2731.0,2713.56,2720.6,11685.7143
1738904400000,2720.61,2727.36,2704.26,2713.98,11692.8068
1738908000000,2713.98,2715.5,2668.03,2696.39,27490.2281
1738911600000,2696.38,2729.85,2695.71,2713.07,22365.3447
1738915200000,2713.06,2743.77,2705.56,2729.6,18001.3493
1738918800000,2729.6,2741.74,2725.81,2738.92,9873.6355
1738922400000,2738.91,2754.1,2736.2,2743.01,12383.8985
1738926000000,2743.0,2764.78,2739.23,2762.69,14429.7801
1738929600000,2762.69,2771.05,2745.85,2757.31,19779.1633
1738933200000,2757.31,2780.0,2723.68,2776.01,46978.041
1738936800000,2776.0,2797.5,2764.23,2782.86,44198.3837
1738940400000,2782.87,2782.95,2710.97,2721.73,75494.2212
1738944000000,2721.74,2727.78,2691.48,2693.86,44430.6807
1738947600000,2693.86,2699.0,2662.02,2680.09,48207.1263
1738951200000,2680.09,2703.7,2676.33,2678.47,23491.9236
1738954800000,2678.48,2679.92,2655.8,2659.3,20434.0774
1738958400000,2659.3,2661.85,2579.53,2587.65,67234.5528
1738962000000,2587.66,2610.3,2576.34,2587.77,32753.1891
1738965600000,2587.78,2592.0,2562.51,2583.77,32399.8071
1738969200000,2583.77,2625.71,2578.2,2622.1,27549.1468
1738972800000,2622.11,2667.3,2615.88,2646.68,33986.4144
1738976400000,2646.68,2646.68,2627.49,2630.39,27941.3108
1738980000000,2630.39,2643.82,2622.64,2640.95,17068.3533
1738983600000,2640.95,2656.99,2635.6,2641.66,13983.1335
1738987200000,2641.67,2648.99,2630.95,2634.18,10387.5196
1738990800000,2634.19,2636.28,2613.35,2620.19,20313.2622
1738994400000,2620.2,2632.0,2608.3,2616.14,17276.8732
1738998000000,2616.13,2638.0,2594.63,2629.61,34554.8909
1739001600000,2629.61,2632.5,2605.98,2606.22,11801.9147
1739005200000,2606.22,2619.33,2604.29,2619.0,13394.3571
1739008800000,2619.0,2630.5,2613.23,2617.89,9542.4124
1739012400000,2617.88,2621.0,2601.4,2613.32,11453.2021
1739016000000,2613.3,2620.48,2599.0,2604.91,13384.5056
1739019600000,2604.9,2636.9,2604.02,2621.44,16263.5182
1739023200000,2621.44,2626.39,2602.01,2616.23,17720.2547
1739026800000,2616.23,2626.0,2588.8,2605.24,17514.2675
1739030400000,2605.24,2613.82,2589.97,2609.48,14966.2918
1739034000000,2609.48,2633.79,2609.27,2629.89,19380.0569
1739037600000,2629.89,2640.81,2618.66,2631.63,13957.0202
1739041200000,2631.63,2649.9,2627.3,2637.89,15830.852
1739044800000,2637.89,2642.72,2628.1,2635.83,8054.6976
1739048400000,2635.82,2642.49,2628.99,2638.76,6092.7004
1739052000000,2638.75,2645.6,2623.78,2627.01,8333.3247
1739055600000,2627.01,2643.88,2626.64,2632.46,6484.0171
1739059200000,2632.46,2640.81,2626.63,2637.16,6611.3275
1739062800000,2637.16,2657.11,2635.1,2649.42,13285.4614
1739066400000,2649.41,2652.73,2636.44,2639.62,7870.9066
1739070000000,2639.62,2698.9,2634.0,2678.54,29535.4146
1739073600000,2678.53,2678.9,2660.39,2672.83,10806.8267
1739077200000,2672.84,2673.49,2656.46,2661.47,7896.1995
1739080800000,2661.47,2664.5,2649.29,2663.04,7901.293
1739084400000,2663.03,2668.37,2658.6,2662.59,6012.3434
1739088000000,2662.59,2673.38,2661.52,2666.99,11877.2854
1739091600000,2666.99,2667.37,2650.99,2658.37,6786.5614
1739095200000,2658.36,2669.37,2652.08,2661.68,9365.831
1739098800000,2661.69,2667.0,2652.53,2654.78,8805.0904
1739102400000,2654.8,2661.81,2644.3,2654.99,12062.3584
1739106000000,2655.0,2657.99,2611.78,2618.38,23615.1896
1739109600000,2618.38,2634.53,2615.24,2627.63,13335.9169
1739113200000,2627.63,2658.95,2626.99,2653.21,13687.7279
1739116800000,2653.22,2666.38,2649.59,2659.32,8559.6857
1739120400000,2659.32,2665.24,2634.02,2641.74,9914.5452
1739124000000,2641.75,2642.1,2624.33,2636.69,9869.6996
1739127600000,2636.68,2643.25,2616.81,2623.89,9944.3059
1739131200000,2623.89,2649.55,2622.14,2637.19,10437.9144
1739134800000,2637.2,2641.0,2520.02,2552.38,71526.2046
1739138400000,2552.38,2646.99,2527.2,2615.77,54412.27
1739142000000,2615.77,2635.64,2606.72,2627.18,23046.432
1739145600000,2627.18,2658.6,2626.83,2642.71,21885.093
1739149200000,2642.72,2644.7,2559.85,2574.69,38178.6618
1739152800000,2574.69,2595.63,2569.3,2589.54,28182.0895
1739156400000,2589.54,2648.56,2584.65,2625.97,35839.2729
1739160000000,2625.97,2641.42,2618.4,2628.75,12798.936
1739163600000,2628.76,2660.0,2620.92,2638.4,15230.3582
1739167200000,2638.43,2642.87,2626.52,2636.25,11050.8833
1739170800000,2636.26,2644.67,2629.0,2637.03,11579.0236
1739174400000,2637.02,2652.5,2634.84,2644.8,15304.2307
1739178000000,2644.8,2654.55,2639.0,2650.4,9324.7913
1739181600000,2650.4,2662.0,2639.78,2647.47,9355.8073
1739185200000,2647.47,2659.5,2639.7,2653.16,10484.7051
1739188800000,2653.16,2662.12,2631.24,2639.33,14175.0798
1739192400000,2639.33,2684.55,2637.6,2677.76,17994.6949
1739196000000,2677.77,2680.99,2638.99,2650.86,27521.0203
1739199600000,2650.86,2662.27,2643.52,2658.22,19984.0225
1739203200000,2658.21,2676.31,2650.0,2664.82,17799.4072
1739206800000,2664.82,2685.45,2650.33,2679.01,19728.7922
1739210400000,2679.0,2689.41,2670.11,2683.22,14652.4257
1739214000000,2683.21,2693.79,2667.6,2672.28,12470.8968
1739217600000,2672.28,2686.61,2668.17,2684.28,12776.4944
1739221200000,2684.29,2684.96,2657.29,2664.34,7583.0183
1739224800000,2664.34,2671.35,2652.49,2658.49,7900.5336
1739228400000,2658.5,2662.99,2651.74,2661.19,6373.0332
1739232000000,2661.19,2725.04,2660.72,2705.59,30158.7185
1739235600000,2705.6,2720.38,2692.23,2695.0,20660.2709
1739239200000,2694.99,2699.9,2666.7,2681.49,17275.3102
1739242800000,2681.5,2681.57,2668.41,2678.89,6823.4934
1739246400000,2678.89,2695.8,2676.49,2693.21,9240.7306
1739250000000,2693.22,2722.0,2690.22,2717.01,19904.7839
1739253600000,2717.04,2724.98,2702.36,2722.81,12497.9385
1739257200000,2722.81,2724.32,2709.47,2712.15,14622.364
1739260800000,2712.12,2720.9,2705.8,2715.29,20135.3908
1739264400000,2715.3,2717.88,2701.28,2704.52,16146.323
1739268000000,2704.52,2706.5,2690.24,2697.06,15168.4614
1739271600000,2697.07,2710.0,2692.12,2708.8,8499.1873
1739275200000,2708.8,2710.29,2680.0,2686.03,12281.4733
1739278800000,2686.02,2694.42,2629.24,2634.47,31466.0075
1739282400000,2634.41,2670.0,2626.13,2663.81,25089.1168
1739286000000,2663.81,2676.86,2648.0,2662.36,18700.9011
1739289600000,2662.35,2670.8,2641.96,2645.43,23634.72
1739293200000,2645.43,2653.92,2632.0,2640.79,18268.5543
1739296800000,2640.8,2641.67,2607.28,2610.77,19329.1879
1739300400000,2610.78,2619.0,2580.0,2589.7,42370.1269
1739304000000,2589.69,2612.25,2585.51,2598.44,35959.3306
1739307600000,2598.32,2631.36,2592.15,2622.12,22647.9795
1739311200000,2622.11,2631.29,2558.24,2586.39,27062.9662
1739314800000,2586.4,2611.77,2584.84,2602.59,16252.8069
1739318400000,2602.59,2617.03,2589.0,2610.4,13354.7191
1739322000000,2610.33,2624.36,2600.19,2616.8,9218.734
1739325600000,2616.8,2618.66,2587.31,2596.65,11148.5732
1739329200000,2596.65,2601.49,2569.31,2587.24,17567.688
1739332800000,2587.23,2597.5,2577.5,2590.07,12498.0543
1739336400000,2590.07,2611.0,2585.17,2609.0,10212.8436
1739340000000,2609.01,2612.75,2597.51,2601.81,8461.9094
1739343600000,2601.81,2624.07,2599.09,2618.63,16680.6875
1739347200000,2618.62,2637.24,2618.2,2629.94,14160.6828
1739350800000,2629.94,2632.67,2610.78,2629.17,13271.7409
1739354400000,2629.16,2632.48,2611.01,2618.89,21548.9386
1739358000000,2618.88,2639.49,2618.88,2627.08,9338.2888
1739361600000,2627.08,2642.9,2625.33,2628.4,11975.9569
1739365200000,2628.41,2665.16,2558.0,2595.48,118327.2964
1739368800000,2595.48,2600.9,2546.92,2599.43,54914.7619
1739372400000,2599.42,2615.69,2569.29,2606.9,46557.8244
1739376000000,2606.9,2652.78,2583.18,2648.36,36834.0229
1739379600000,2648.35,2683.65,2648.01,2672.99,39535.3861
1739383200000,2673.0,2674.86,2647.61,2663.81,19086.4135
1739386800000,2663.82,2681.23,2647.8,2677.95,21537.6665
1739390400000,2677.95,2695.72,2669.49,2677.8,19476.1728
1739394000000,2677.8,2693.97,2672.01,2682.31,10546.6545
1739397600000,2682.32,2795.45,2678.33,2745.6,80520.036
1739401200000,2745.6,2756.79,2726.66,2738.27,29520.8438
1739404800000,2738.27,2741.49,2716.0,2728.39,16870.8689
1739408400000,2728.4,2757.28,2723.0,2748.5,18033.758
1739412000000,2748.49,2749.46,2731.55,2739.69,12798.9273
1739415600000,2739.69,2746.95,2736.31,2744.0,12274.9576
1739419200000,2744.0,2745.73,2713.7,2721.44,13241.4791
1739422800000,2721.43,2725.7,2703.97,2720.77,12544.3443
1739426400000,2720.76,2723.62,2680.62,2686.21,17739.1426
1739430000000,2686.2,2690.92,2672.03,2681.5,21912.2375
1739433600000,2681.51,2685.43,2658.1,2666.62,27068.0656
1739437200000,2666.62,2686.8,2659.29,2683.5,13229.1991
1739440800000,2683.5,2688.43,2675.39,2677.3,9738.1959
1739444400000,2677.3,2679.2,2650.65,2656.19,17051.9324
1739448000000,2656.18,2669.29,2645.6,2655.8,14831.6836
1739451600000,2655.82,2677.77,2651.7,2659.0,28881.086
1739455200000,2658.99,2659.97,2616.04,2636.53,46413.3039
1739458800000,2636.53,2667.04,2621.78,2647.95,39695.5014
1739462400000,2647.96,2647.97,2618.7,2626.66,22503.7844
1739466000000,2626.76,2647.98,2625.22,2631.39,16495.011
1739469600000,2631.4,2639.7,2612.76,2639.6,24118.6286
1739473200000,2639.59,2662.17,2629.35,2640.94,18993.2044
1739476800000,2640.94,2659.29,2640.5,2653.61,9408.9137
1739480400000,2653.6,2675.72,2651.49,2666.99,14287.2916
1739484000000,2667.0,2676.92,2662.94,2668.78,9206.997
1739487600000,2668.79,2679.99,2664.1,2675.87,6430.7714
1739491200000,2675.87,2683.1,2664.46,2675.27,8088.2154
1739494800000,2675.27,2687.55,2669.0,2683.25,8900.0241
1739498400000,2683.25,2706.58,2680.0,2690.5,18126.102
1739502000000,2690.51,2721.4,2689.11,2715.39,11401.1762
1739505600000,2715.39,2716.2,2696.58,2699.5,9725.4462
1739509200000,2699.5,2704.0,2689.43,2698.64,8365.6764
1739512800000,2698.64,2704.0,2692.0,2700.79,10209.237
1739516400000,2700.8,2705.0,2698.84,2699.42,17465.9394
1739520000000,2699.41,2716.21,2695.68,2705.75,21331.9984
1739523600000,2705.74,2714.0,2703.97,2713.61,23956.9007
1739527200000,2713.61,2716.48,2702.28,2703.29,9761.1636
1739530800000,2703.29,2705.4,2682.42,2684.81,15440.9701
1739534400000,2684.8,2691.16,2677.43,2686.43,11457.3645
1739538000000,2686.43,2705.53,2684.61,2701.21,14263.7275
1739541600000,2701.21,2736.76,2693.81,2720.75,27134.7321
1739545200000,2720.75,2747.39,2688.79,2734.33,35876.0899
1739548800000,2734.33,2743.46,2709.61,2742.8,21900.8476
1739552400000,2742.8,2791.0,2731.61,2773.97,44612.7472
1739556000000,2773.96,2791.78,2754.78,2755.98,35065.9944
1739559600000,2755.97,2763.53,2728.37,2738.0,14862.4968
1739563200000,2738.0,2751.0,2721.16,2728.2,11674.7524
1739566800000,2728.2,2751.1,2706.0,2744.31,18485.3578
1739570400000,2744.31,2748.8,2707.4,2718.0,13454.8213
1739574000000,2718.0,2730.9,2714.9,2725.95,8334.0052
1739577600000,2725.95,2727.95,2703.99,2716.58,15676.0804
1739581200000,2716.59,2731.0,2714.6,2728.49,7807.4496
1739584800000,2728.49,2734.76,2720.96,2731.4,7973.7894
1739588400000,2731.4,2739.0,2723.14,2724.4,6949.331
1739592000000,2724.41,2733.6,2717.6,2720.47,7007.3587
1739595600000,2720.47,2724.96,2715.69,2722.46,3679.4871
1739599200000,2722.47,2722.62,2705.0,2709.38,5109.6279
1739602800000,2709.38,2710.89,2694.0,2697.66,12568.9235
1739606400000,2697.65,2711.9,2697.13,2704.79,7411.2833
1739610000000,2704.8,2712.4,2696.04,2702.91,5566.4387
1739613600000,2702.91,2712.4,2695.7,2710.49,6323.4451
1739617200000,2710.49,2715.1,2700.0,2708.37,11928.5389
1739620800000,2708.37,2713.53,2703.6,2710.23,7049.2416
1739624400000,2710.23,2713.99,2705.9,2707.02,6207.2119
1739628000000,2707.02,2707.03,2662.28,2688.68,29405.7209
1739631600000,2688.69,2698.83,2683.99,2691.05,8821.613
1739635200000,2691.05,2696.49,2682.48,2689.06,8315.2686
1739638800000,2689.06,2693.99,2679.0,2686.12,7856.8165
1739642400000,2686.12,2707.93,2685.01,2702.83,8995.2146
1739646000000,2702.84,2705.53,2690.49,2691.59,4673.7353
1739649600000,2691.6,2697.0,2679.16,2686.11,7481.7791
1739653200000,2686.1,2702.52,2685.8,2701.08,6190.2146
1739656800000,2701.09,2704.0,2687.61,2695.19,5686.3776
1739660400000,2695.2,2697.94,2690.0,2693.04,4286.4822
1739664000000,2693.04,2705.98,2690.11,2699.62,4707.8741
1739667600000,2699.63,2702.35,2692.46,2700.2,3870.9668
1739671200000,2700.19,2700.39,2687.71,2690.51,4765.0518
1739674800000,2690.5,2698.83,2687.81,2698.73,4789.6208
1739678400000,2698.73,2704.01,2697.61,2703.38,3579.2518
1739682000000,2703.38,2727.31,2697.0,2709.27,10267.2599
1739685600000,2709.17,2720.0,2707.0,2710.8,6005.1999
1739689200000,2710.81,2710.81,2690.56,2695.59,10226.5752
1739692800000,2695.59,2705.0,2691.99,2696.79,4817.7766
1739696400000,2696.79,2708.0,2689.49,2704.6,7147.7516
1739700000000,2704.6,2707.54,2693.33,2695.9,8598.0353
1739703600000,2695.9,2713.0,2693.86,2710.99,10691.9263
1739707200000,2710.99,2712.49,2703.99,2705.87,4646.1758
1739710800000,2705.87,2709.8,2688.26,2692.47,9351.5626
1739714400000,2692.47,2698.5,2676.73,2691.93,15478.9527
1739718000000,2691.92,2701.41,2687.0,2694.2,7514.0256
1739721600000,2694.21,2700.9,2689.73,2697.0,6077.4254
1739725200000,2696.99,2703.46,2685.55,2688.24,7295.593
1739728800000,2688.25,2688.25,2659.1,2679.49,17733.6207
1739732400000,2679.5,2688.0,2668.0,2683.47,7447.1445
1739736000000,2683.46,2686.13,2669.7,2670.57,5049.2027
1739739600000,2670.58,2689.13,2663.64,2686.89,7462.1775
1739743200000,2686.89,2687.5,2663.99,2678.9,6321.4841
1739746800000,2678.89,2679.27,2651.26,2661.41,17386.8767
1739750400000,2661.41,2672.36,2658.28,2670.89,8138.8833
1739754000000,2670.9,2683.7,2658.99,2679.99,9599.7035
1739757600000,2679.98,2684.0,2667.26,2669.34,5919.8415
1739761200000,2669.34,2674.19,2658.0,2671.88,11048.5622
1739764800000,2671.89,2672.0,2658.89,2662.16,14812.6024
1739768400000,2662.16,2673.3,2637.71,2670.91,47677.5255
1739772000000,2670.91,2688.72,2668.22,2686.28,16252.0605
1739775600000,2686.28,2695.27,2675.6,2681.59,17166.0608
1739779200000,2681.59,2717.5,2676.29,2714.6,29673.9057
1739782800000,2714.59,2741.87,2712.2,2733.12,41124.993
1739786400000,2733.12,2774.98,2731.33,2749.95,43323.1175
1739790000000,2749.92,2764.6,2741.65,2755.2,19021.9215
1739793600000,2755.2,2779.0,2753.99,2766.22,20568.248
1739797200000,2766.21,2782.84,2760.0,2776.59,20441.6155
1739800800000,2776.59,2828.7,2776.59,2826.6,71100.0215
1739804400000,2826.59,2849.7,2746.1,2755.72,89164.7471
1739808000000,2755.71,2765.79,2723.76,2726.0,49153.7754
1739811600000,2726.01,2749.6,2726.0,2732.6,22784.1968
1739815200000,2732.6,2733.07,2696.92,2700.99,34549.2842
1739818800000,2700.98,2722.0,2686.91,2717.72,17999.2362
1739822400000,2717.72,2745.97,2716.54,2732.49,14002.3827
1739826000000,2732.49,2778.15,2731.7,2776.59,16071.4519
1739829600000,2776.6,2777.3,2732.65,2737.6,13214.419
1739833200000,2737.6,2750.8,2734.41,2744.05,6931.264
1739836800000,2744.05,2756.93,2716.6,2720.99,14907.2574
1739840400000,2720.99,2740.41,2715.6,2736.47,11291.7294
1739844000000,2736.48,2738.96,2707.5,2713.49,17229.6884
1739847600000,2713.49,2723.85,2709.19,2712.08,10437.4076
1739851200000,2712.07,2718.09,2691.59,2701.89,13419.1059
1739854800000,2701.89,2706.0,2674.03,2677.63,44542.6521
1739858400000,2677.62,2679.4,2652.17,2663.24,50423.6806
1739862000000,2663.24,2678.94,2657.39,2672.51,36512.9929
1739865600000,2672.51,2677.69,2653.4,2667.8,31143.8066
1739869200000,2667.8,2697.27,2663.65,2697.27,20123.3635
1739872800000,2697.26,2706.12,2691.78,2695.24,17576.0664
1739876400000,2695.24,2696.42,2676.38,2679.26,19837.0087
1739880000000,2679.26,2710.76,2677.27,2703.5,26620.8574
1739883600000,2703.49,2704.0,2690.0,2702.99,12665.4809
1739887200000,2702.99,2732.8,2672.6,2688.62,41425.5431
1739890800000,2688.61,2693.8,2660.0,2673.7,33630.9951
1739894400000,2673.7,2684.63,2630.11,2635.41,46020.1766
1739898000000,2635.5,2649.25,2605.44,2619.76,36253.4737
1739901600000,2619.76,2644.62,2608.74,2631.72,31275.6386
1739905200000,2631.72,2646.69,2613.79,2630.37,25933.3753
1739908800000,2630.38,2643.3,2618.0,2630.9,22129.8952
1739912400000,2630.9,2658.7,2629.13,2652.78,22057.7287
1739916000000,2652.78,2667.49,2649.01,2655.85,8803.6544
1739919600000,2655.84,2672.4,2653.49,2671.99,10602.2952
1739923200000,2672.0,2680.32,2666.99,2669.89,11461.6697
1739926800000,2669.89,2671.88,2656.03,2669.88,10072.5824
1739930400000,2669.89,2700.0,2669.49,2691.3,13221.5869
1739934000000,2691.31,2696.89,2676.28,2694.02,13500.8713
1739937600000,2694.02,2695.0,2666.18,2666.19,10755.9091
1739941200000,2666.18,2696.2,2664.54,2687.21,16364.9513
1739944800000,2687.21,2705.36,2685.83,2698.78,12354.8958
1739948400000,2698.78,2717.34,2697.95,2708.38,16715.3006
1739952000000,2708.39,2725.5,2706.8,2707.88,16810.2378
1739955600000,2707.88,2729.62,2703.99,2724.22,18593.6081
1739959200000,2724.22,2736.7,2720.49,2726.19,12444.8119
1739962800000,2726.18,2736.61,2724.04,2726.93,13936.7761
1739966400000,2726.93,2727.64,2703.92,2704.06,12445.9164
1739970000000,2704.06,2720.0,2704.06,2717.98,7230.1292
1739973600000,2717.99,2731.16,2687.68,2690.9,24291.2692
1739977200000,2690.9,2712.6,2677.51,2696.99,27784.9989
1739980800000,2696.99,2719.86,2696.99,2711.55,10936.0457
1739984400000,2711.56,2719.66,2700.49,2710.95,12964.5181
1739988000000,2710.95,2712.5,2696.71,2699.78,12650.8035
1739991600000,2699.78,2724.29,2694.78,2712.03,11096.7322
1739995200000,2712.03,2725.6,2709.01,2721.04,11396.1725
1739998800000,2721.03,2729.87,2706.02,2710.01,11213.4871
1740002400000,2710.01,2730.91,2708.65,2721.41,8778.221
1740006000000,2721.41,2734.37,2713.0,2715.5,9132.5254
1740009600000,2715.51,2733.0,2709.69,2729.0,14403.6044
1740013200000,2728.99,2733.3,2712.7,2719.49,7711.8085
1740016800000,2719.49,2751.5,2719.49,2741.74,18584.6971
1740020400000,2741.74,2748.2,2732.79,2741.77,10252.9586
1740024000000,2741.77,2758.68,2736.52,2739.14,10557.3963
1740027600000,2739.14,2742.72,2729.03,2732.06,10264.38
1740031200000,2732.06,2737.31,2724.05,2730.61,20892.5615
1740034800000,2730.6,2737.6,2722.23,2730.22,8797.056
1740038400000,2730.23,2736.24,2726.76,2733.04,9364.781
1740042000000,2733.05,2734.07,2725.28,2725.86,7335.3833
1740045600000,2725.86,2745.85,2725.67,2745.51,8136.5874
1740049200000,2745.5,2746.99,2735.81,2740.71,8490.8537
1740052800000,2740.7,2746.43,2738.08,2742.1,9171.5514
1740056400000,2742.1,2754.19,2733.49,2745.91,17915.8085
1740060000000,2745.9,2770.59,2726.0,2729.19,39186.8123
1740063600000,2729.2,2738.36,2707.33,2712.6,29985.3577
1740067200000,2712.6,2730.99,2707.18,2713.36,26887.3671
1740070800000,2713.36,2737.69,2711.35,2735.37,11212.2878
1740074400000,2735.37,2750.94,2731.59,2737.7,17582.729
1740078000000,2737.7,2767.93,2735.75,2747.77,17117.9046
1740081600000,2747.77,2761.06,2744.92,2749.69,9648.3213
1740085200000,2749.7,2751.69,2722.2,2726.0,9534.3623
1740088800000,2726.0,2737.96,2725.0,2728.55,5963.2852
1740092400000,2728.54,2746.8,2727.66,2738.04,7737.3994
1740096000000,2738.04,2745.87,2730.0,2735.33,7286.9519
1740099600000,2735.33,2745.5,2726.0,2741.21,6033.6259
1740103200000,2741.22,2745.73,2733.73,2736.57,8724.1226
1740106800000,2736.57,2749.49,2733.83,2744.2,10210.9237
1740110400000,2744.2,2754.24,2744.19,2751.27,8571.0945
1740114000000,2751.27,2758.5,2745.78,2755.99,7309.7851
1740117600000,2755.99,2762.5,2752.4,2761.21,13429.7884
1740121200000,2761.2,2769.56,2754.18,2756.32,14774.3418
1740124800000,2756.31,2761.1,2747.74,2751.0,9532.1148
1740128400000,2751.01,2831.71,2749.9,2782.31,59969.7172
1740132000000,2782.3,2808.0,2781.24,2801.02,19439.6053
1740135600000,2801.01,2805.99,2786.0,2788.73,12885.0984
1740139200000,2788.73,2806.97,2788.44,2806.57,13108.4431
1740142800000,2806.57,2845.32,2802.1,2836.32,42172.2878
1740146400000,2836.32,2838.4,2778.0,2807.0,44205.7673
1740150000000,2806.99,2831.8,2675.02,2723.31,174260.0991
1740153600000,2723.3,2769.88,2691.2,2736.78,104340.0699
1740157200000,2736.72,2742.2,2653.57,2672.65,104879.4313
1740160800000,2672.65,2691.72,2662.01,2679.22,55631.9708
1740164400000,2679.23,2686.28,2625.94,2640.19,63803.7634
1740168000000,2640.2,2661.69,2628.01,2633.6,35949.6208
1740171600000,2633.61,2646.8,2616.72,2642.6,30934.7337
1740175200000,2642.6,2663.57,2634.07,2643.54,22426.9328
1740178800000,2643.54,2664.0,2635.0,2663.0,20559.7708
1740182400000,2663.0,2683.08,2653.33,2678.76,29538.3447
1740186000000,2678.75,2688.97,2676.2,2684.05,29943.9796
1740189600000,2684.05,2685.43,2666.0,2682.74,17130.713
1740193200000,2682.75,2683.2,2666.87,2675.37,12013.3559
1740196800000,2675.37,2685.6,2673.0,2681.23,8738.5373
1740200400000,2681.24,2695.43,2675.66,2690.68,9286.7076
1740204000000,2690.69,2695.73,2684.3,2684.79,8171.9144
1740207600000,2684.8,2697.1,2684.31,2684.56,9060.8003
1740211200000,2684.55,2694.22,2676.8,2691.0,10951.18
1740214800000,2691.01,2718.0,2691.01,2715.02,51916.2589
1740218400000,2715.02,2753.59,2712.5,2733.5,59158.8622
1740222000000,2733.5,2743.44,2730.13,2732.99,14871.6761
1740225600000,2733.0,2742.81,2725.71,2739.13,12549.3595
1740229200000,2739.14,2744.58,2722.15,2722.71,10914.0633
1740232800000,2722.71,2742.19,2722.71,2737.23,13727.223
1740236400000,2737.23,2785.91,2737.22,2775.68,27792.8912
1740240000000,2775.67,2797.48,2771.57,2774.5,40569.7097
1740243600000,2774.51,2798.07,2772.86,2785.08,17253.9606
1740247200000,2785.09,2789.8,2756.37,2762.99,20852.5497
1740250800000,2762.99,2771.48,2761.59,2770.09,10364.7475
1740254400000,2770.1,2775.72,2759.39,2770.68,11349.9766
1740258000000,2770.69,2778.14,2761.05,2765.97,7861.928
1740261600000,2765.97,2774.88,2764.99,2767.59,5159.4211
1740265200000,2767.59,2771.1,2761.06,2763.22,5811.5067
1740268800000,2763.23,2773.0,2753.77,2771.51,11335.3292
1740272400000,2771.52,2775.88,2758.06,2764.49,7754.0782
1740276000000,2764.5,2766.4,2748.2,2750.22,8994.8091
1740279600000,2750.22,2759.15,2745.41,2752.77,11698.5977
1740283200000,2752.76,2765.1,2746.17,2763.15,9946.4003
1740286800000,2763.15,2789.51,2760.85,2781.96,30252.6899
1740290400000,2781.96,2797.65,2777.11,2794.5,18861.0878
1740294000000,2794.5,2829.98,2790.43,2825.2,49568.8756
1740297600000,2825.2,2831.58,2800.57,2806.39,39096.1406
1740301200000,2806.39,2811.9,2794.27,2807.7,14132.3628
1740304800000,2807.7,2812.93,2797.0,2806.3,19028.0095
1740308400000,2806.3,2809.4,2783.2,2797.48,26603.5912
1740312000000,2797.48,2805.36,2782.3,2789.99,29818.1036
1740315600000,2789.99,2827.0,2789.49,2812.56,55083.6238
1740319200000,2812.57,2816.3,2785.42,2791.04,37698.6182
1740322800000,2791.05,2805.78,2773.48,2783.0,33159.4946
1740326400000,2783.0,2816.67,2782.38,2806.18,37499.2301
1740330000000,2806.18,2823.85,2800.94,2814.5,43279.0493
1740333600000,2814.5,2824.0,2804.54,2808.89,22871.3313
1740337200000,2808.89,2815.56,2805.55,2807.97,13976.4282
1740340800000,2807.97,2807.97,2794.0,2806.56,11625.009
1740344400000,2806.56,2810.95,2798.04,2807.8,5924.7386
1740348000000,2807.79,2811.52,2784.01,2803.53,20633.003
1740351600000,2803.53,2857.34,2802.53,2819.69,52161.5206
1740355200000,2819.7,2839.95,2804.13,2805.49,24473.1087
1740358800000,2805.49,2811.99,2783.82,2790.99,31841.2613
1740362400000,2790.99,2796.57,2774.15,2777.38,24438.0532
1740366000000,2777.39,2777.39,2711.8,2718.08,51637.141
1740369600000,2718.08,2725.3,2691.49,2700.48,56890.628
1740373200000,2700.48,2732.93,2694.4,2731.64,23759.9973
1740376800000,2731.64,2735.2,2715.23,2731.0,19078.1172
1740380400000,2731.0,2735.78,2717.15,2722.01,22233.2801
1740384000000,2722.02,2722.4,2678.26,2681.6,38043.2896
1740387600000,2681.6,2712.5,2680.41,2696.75,18444.308
1740391200000,2696.75,2697.7,2663.03,2684.41,30035.3531
1740394800000,2684.41,2691.13,2672.0,2689.99,17813.9
1740398400000,2690.0,2691.61,2675.62,2679.21,18744.6302
1740402000000,2679.2,2696.63,2664.5,2674.46,23953.9649
1740405600000,2674.47,2688.0,2650.0,2656.71,45640.446
1740409200000,2656.72,2678.91,2636.33,2658.77,58552.4141
1740412800000,2658.77,2675.9,2652.5,2661.49,28176.1663
1740416400000,2661.49,2682.42,2655.2,2664.41,31476.4037
1740420000000,2664.42,2670.8,2647.49,2650.49,17354.9012
1740423600000,2650.49,2661.06,2623.12,2641.26,35919.9656
1740427200000,2641.3,2663.9,2637.6,2643.0,19085.569
1740430800000,2643.0,2658.66,2627.13,2636.79,17215.8957
1740434400000,2636.8,2638.18,2500.0,2508.2,142320.7682
1740438000000,2508.21,2547.57,2470.33,2513.52,79746.8083
1740441600000,2513.52,2530.6,2458.27,2499.1,95762.747
1740445200000,2499.1,2513.2,2470.5,2494.91,52455.8318
1740448800000,2494.91,2524.34,2475.0,2513.54,36973.2799
1740452400000,2513.55,2517.59,2486.67,2495.21,25973.5114
1740456000000,2495.22,2505.1,2479.4,2491.79,36228.698
1740459600000,2491.8,2512.9,2483.3,2506.05,27024.3942
1740463200000,2506.06,2509.29,2479.4,2480.71,23312.6961
1740466800000,2480.72,2485.0,2313.49,2368.11,289525.8319
1740470400000,2368.12,2417.33,2357.9,2396.99,79161.8977
1740474000000,2397.0,2409.66,2378.01,2383.54,49302.8716
1740477600000,2383.53,2411.8,2357.05,2394.99,75899.0053
1740481200000,2395.0,2439.5,2368.88,2433.69,50960.0452
1740484800000,2433.7,2448.95,2419.56,2437.39,38361.9405
1740488400000,2437.4,2443.51,2412.03,2412.76,32818.9492
1740492000000,2412.77,2429.3,2365.0,2379.02,64085.1793
1740495600000,2379.02,2427.67,2361.89,2409.8,114805.2902
1740499200000,2409.8,2435.39,2383.4,2417.57,48770.0752
1740502800000,2417.57,2443.0,2411.23,2421.19,29275.4379
1740506400000,2421.2,2435.9,2404.04,2424.35,21740.3768
1740510000000,2424.35,2473.59,2411.78,2471.91,35959.64
1740513600000,2471.9,2516.87,2457.59,2493.37,42760.9787
1740517200000,2493.36,2514.91,2481.65,2513.83,18768.2929
1740520800000,2513.78,2533.49,2499.09,2510.95,19429.6057
1740524400000,2510.92,2522.24,2494.17,2495.7,12660.2953
1740528000000,2495.69,2499.67,2471.8,2475.1,15213.5094
1740531600000,2475.1,2492.06,2475.0,2486.34,14686.1517
1740535200000,2486.34,2504.68,2476.85,2498.51,15698.2422
1740538800000,2498.5,2507.5,2488.4,2490.6,17371.5696
1740542400000,2490.61,2501.5,2486.8,2489.7,12792.0843
1740546000000,2489.73,2495.6,2475.37,2475.48,13025.1298
1740549600000,2475.49,2501.66,2475.2,2500.89,16853.5666
1740553200000,2500.9,2506.4,2476.85,2483.81,21481.1933
1740556800000,2483.81,2487.99,2457.77,2464.39,25113.6994
1740560400000,2464.39,2494.61,2463.0,2490.25,21418.4172
1740564000000,2490.25,2495.79,2478.61,2494.02,28427.3436
1740567600000,2494.02,2496.25,2463.14,2464.79,18806.8753
1740571200000,2464.8,2466.81,2423.48,2433.11,30642.2428
1740574800000,2433.1,2440.4,2410.28,2416.8,23187.4871
1740578400000,2416.79,2436.8,2370.0,2435.88,72467.6933
1740582000000,2435.89,2461.95,2424.5,2428.47,40059.5142
1740585600000,2428.5,2434.2,2385.16,2398.69,38565.7749
1740589200000,2398.69,2407.62,2355.5,2367.01,37583.6297
1740592800000,2367.01,2383.2,2266.1,2293.23,133353.8793
1740596400000,2293.21,2318.7,2276.78,2296.29,68848.9077
1740600000000,2296.3,2340.33,2253.77,2339.77,89466.5654
1740603600000,2339.76,2354.96,2301.62,2343.92,52007.5149
1740607200000,2343.93,2383.37,2341.76,2349.0,35547.4717
1740610800000,2348.99,2360.97,2324.97,2336.37,20468.7499
1740614400000,2336.38,2349.3,2319.99,2337.88,23013.092
1740618000000,2337.89,2365.08,2315.85,2344.51,26353.8219
1740621600000,2344.51,2370.9,2328.34,2334.79,21620.0372
1740625200000,2334.79,2347.43,2323.47,2332.11,20004.6295
1740628800000,2332.11,2342.17,2303.22,2311.5,34761.136
1740632400000,2311.49,2345.47,2307.71,2341.57,25707.9738
1740636000000,2341.57,2366.77,2333.79,2348.83,28937.3206
1740639600000,2348.84,2373.2,2346.71,2356.13,22416.9926
1740643200000,2356.13,2361.27,2343.41,2352.26,14817.8078
1740646800000,2352.26,2366.79,2346.43,2359.23,17681.2522
1740650400000,2359.23,2378.85,2356.0,2378.17,21805.0594
1740654000000,2378.17,2381.6,2347.12,2353.82,23538.6224
1740657600000,2353.83,2361.5,2341.03,2347.09,17606.194
1740661200000,2347.08,2362.35,2327.37,2336.89,28968.7703
1740664800000,2336.88,2356.0,2305.11,2308.6,39943.4142
1740668400000,2308.54,2336.41,2290.78,2323.31,43451.6863
1740672000000,2323.31,2337.5,2292.16,2295.89,30725.3257
1740675600000,2295.9,2326.7,2293.2,2322.18,26428.5176
1740679200000,2322.19,2333.7,2319.68,2326.99,18797.0593
1740682800000,2327.0,2327.69,2278.79,2292.41,29576.1768
1740686400000,2292.41,2294.48,2240.94,2256.45,49633.2392
1740690000000,2256.44,2284.52,2230.57,2282.77,36535.1938
1740693600000,2282.77,2293.48,2265.33,2291.9,14361.9962
1740697200000,2291.89,2311.52,2282.71,2307.72,20898.5918
1740700800000,2307.72,2314.18,2294.61,2294.8,18954.3907
1740704400000,2294.8,2300.5,2182.39,2193.56,154994.7808
1740708000000,2193.6,2226.21,2123.63,2167.86,177709.7065
1740711600000,2167.86,2195.26,2137.28,2147.49,59070.1586
1740715200000,2147.49,2156.0,2094.94,2136.71,112670.9781
1740718800000,2136.7,2140.73,2100.0,2131.5,59674.5531
1740722400000,2131.5,2142.95,2076.26,2109.15,73412.1625
1740726000000,2109.14,2135.6,2088.86,2106.2,58815.0726
1740729600000,2106.21,2124.56,2076.26,2120.21,69475.0815
1740733200000,2120.2,2151.94,2115.09,2143.63,45926.4129
1740736800000,2143.63,2146.5,2112.35,2117.09,25167.0352
1740740400000,2117.08,2142.7,2116.8,2125.8,23654.4848
1740744000000,2125.8,2139.72,2105.38,2120.44,46540.8902
1740747600000,2120.44,2164.99,2116.69,2151.71,70447.8304
1740751200000,2151.71,2190.1,2138.7,2166.41,60546.3807
1740754800000,2166.41,2228.64,2164.0,2223.01,56786.2006
1740758400000,2223.0,2246.3,2206.53,2222.51,37983.6322
1740762000000,2222.51,2241.39,2208.64,2209.3,25156.0849
1740765600000,2209.36,2255.13,2193.4,2228.11,40505.6152
1740769200000,2228.12,2238.69,2221.3,2230.15,17071.5752
1740772800000,2230.14,2238.28,2198.51,2216.13,23286.2531
1740776400000,2216.12,2234.6,2210.35,2225.3,13137.463
1740780000000,2225.31,2231.96,2209.76,2216.58,11122.5832
1740783600000,2216.59,2239.69,2213.57,2237.59,9429.7297
1740787200000,2237.59,2246.58,2215.51,2216.16,13674.1815
1740790800000,2216.17,2263.7,2213.33,2253.2,17878.589
1740794400000,2253.2,2275.61,2240.0,2256.19,31428.4133
1740798000000,2256.2,2270.31,2249.0,2262.98,13190.5457
1740801600000,2262.98,2281.14,2258.4,2270.48,26173.4294
1740805200000,2270.48,2270.63,2252.4,2255.9,16959.4756
1740808800000,2255.91,2259.96,2230.36,2236.49,20145.687
1740812400000,2236.5,2236.5,2224.2,2229.24,15689.5889
1740816000000,2229.25,2239.77,2227.1,2234.78,14689.5692
1740819600000,2234.78,2239.49,2228.38,2233.4,9504.9125
1740823200000,2233.4,2233.67,2200.0,2204.8,25785.1454
1740826800000,2204.8,2207.0,2171.41,2184.42,26823.4838
1740830400000,2184.43,2187.7,2171.4,2181.3,17430.7538
1740834000000,2181.31,2184.6,2142.73,2152.69,31788.3586
1740837600000,2152.7,2167.42,2149.3,2163.31,19317.3667
1740841200000,2163.32,2184.0,2158.7,2173.29,19098.0988
1740844800000,2173.3,2211.95,2169.4,2209.94,21246.2102
1740848400000,2209.94,2210.07,2190.44,2197.02,18560.3096
1740852000000,2197.01,2219.0,2193.31,2212.11,14465.3302
1740855600000,2212.11,2234.6,2211.23,2223.31,12736.4849
1740859200000,2223.31,2226.1,2215.32,2225.3,10954.4442
1740862800000,2225.29,2233.67,2208.29,2229.53,18598.5854
1740866400000,2229.5,2235.99,2211.09,2214.99,13803.3194
1740870000000,2214.99,2219.95,2191.1,2217.39,16488.444
1740873600000,2217.4,2225.07,2203.51,2215.49,14977.2413
1740877200000,2215.5,2226.53,2209.13,2220.53,15009.0267
1740880800000,2220.53,2228.16,2201.1,2209.81,20427.1506
1740884400000,2209.8,2230.82,2209.8,2220.18,14371.237
1740888000000,2220.19,2235.6,2219.1,2227.11,11913.3635
1740891600000,2227.11,2234.51,2224.0,2229.5,8369.5452
1740895200000,2229.5,2233.67,2218.2,2222.96,11905.7946
1740898800000,2222.95,2226.9,2218.59,2221.4,11139.9352
1740902400000,2221.4,2223.07,2208.06,2212.59,26312.1112
1740906000000,2212.58,2255.1,2211.93,2242.2,32135.8152
1740909600000,2242.21,2260.84,2240.0,2246.01,20109.9476
1740913200000,2246.01,2247.9,2236.52,2238.88,12879.535
1740916800000,2238.88,2240.2,2223.0,2232.9,10615.2488
1740920400000,2232.89,2232.89,2206.31,2212.31,21896.7516
1740924000000,2212.3,2214.53,2172.04,2196.23,44460.0718
1740927600000,2196.24,2291.76,2196.06,2229.51,161936.9916
1740931200000,2229.51,2500.0,2212.35,2442.55,331427.3456
1740934800000,2442.54,2510.82,2395.36,2480.49,214821.1792
1740938400000,2480.5,2518.0,2454.02,2474.69,93586.2347
1740942000000,2474.69,2499.97,2465.9,2486.42,33875.7249
1740945600000,2486.42,2520.92,2480.19,2510.8,40096.9883
1740949200000,2510.8,2540.86,2498.73,2525.01,45877.9706
1740952800000,2525.01,2549.88,2507.18,2538.62,29403.994
1740956400000,2538.62,2550.58,2508.39,2518.11,39135.5706
1740960000000,2518.12,2523.56,2464.27,2465.52,42756.7935
1740963600000,2465.52,2476.13,2450.52,2458.8,27023.4712
1740967200000,2458.8,2461.5,2418.67,2447.48,36329.0703
1740970800000,2447.49,2455.7,2425.17,2441.15,19949.9149
1740974400000,2441.16,2452.9,2432.68,2450.32,18400.7989
1740978000000,2450.32,2457.25,2440.67,2449.94,12463.6692
1740981600000,2449.94,2450.0,2360.37,2372.68,56612.0987
1740985200000,2372.68,2391.46,2352.79,2387.01,29191.7926
1740988800000,2387.01,2388.11,2332.08,2345.41,31086.0888
1740992400000,2345.41,2356.69,2322.01,2347.51,35838.1588
1740996000000,2347.5,2366.29,2340.79,2359.19,22084.3278
1740999600000,2359.18,2363.89,2344.4,2356.16,17653.0192
1741003200000,2356.15,2376.78,2352.26,2367.69,27021.7407
1741006800000,2367.69,2389.0,2361.3,2376.88,26703.5093
1741010400000,2376.87,2380.85,2266.97,2274.81,103712.457
1741014000000,2274.82,2309.48,2269.61,2287.24,76224.1301
1741017600000,2287.3,2296.63,2258.0,2276.93,45099.106
1741021200000,2276.92,2297.0,2265.33,2277.21,24335.0856
1741024800000,2277.22,2280.35,2178.32,2193.33,116133.5925
1741028400000,2193.33,2207.69,2100.0,2109.88,135640.2631
1741032000000,2109.87,2140.4,2097.91,2129.16,106391.4535
1741035600000,2129.16,2146.92,2103.76,2111.82,40979.7884
1741039200000,2111.82,2173.29,2110.94,2166.41,34610.3267
1741042800000,2166.41,2166.41,2142.7,2149.01,23324.5435
1741046400000,2149.02,2167.18,2123.75,2125.21,50852.9422
1741050000000,2125.21,2134.0,2025.65,2056.46,183918.7802
1741053600000,2056.49,2082.0,2002.81,2067.61,112689.0768
1741057200000,2067.61,2092.64,2054.64,2074.89,33918.648
1741060800000,2074.89,2093.69,2070.5,2082.04,23165.9219
1741064400000,2082.04,2122.12,2078.49,2106.94,35770.8174
1741068000000,2106.94,2111.87,2090.11,2097.66,17738.9892
1741071600000,2097.66,2102.96,2068.34,2080.41,23430.0424
1741075200000,2080.42,2106.05,2071.03,2099.03,25577.3598
1741078800000,2099.03,2111.83,2085.0,2087.77,21344.5372
1741082400000,2087.78,2107.48,2078.73,2100.34,18718.0166
1741086000000,2100.35,2118.0,2095.67,2101.36,17786.0631
1741089600000,2101.38,2113.08,2082.42,2103.8,27028.6666
1741093200000,2103.79,2103.79,2053.37,2064.21,50465.6759
1741096800000,2064.21,2158.32,2041.0,2078.81,127346.1351
1741100400000,2078.47,2086.96,2025.62,2074.49,77779.7209
1741104000000,2074.49,2077.07,1993.2,2062.25,109215.3315
1741107600000,2062.26,2134.68,2058.97,2118.91,67360.8558
1741111200000,2118.9,2153.64,2109.75,2148.06,38851.4168
1741114800000,2148.06,2174.72,2140.12,2172.65,47944.873
1741118400000,2172.63,2193.15,2135.94,2139.05,54727.4854
1741122000000,2139.06,2221.88,2126.06,2177.89,57232.3906
1741125600000,2177.89,2187.71,2166.27,2166.5,22387.8363
1741129200000,2166.49,2180.0,2159.21,2171.51,12570.7545
1741132800000,2171.5,2176.14,2155.6,2165.1,21432.7001
1741136400000,2165.09,2192.75,2155.03,2189.76,21154.7446
1741140000000,2189.77,2190.75,2167.0,2179.3,16830.6705
1741143600000,2179.29,2189.26,2159.59,2160.89,16361.1473
1741147200000,2160.9,2175.2,2156.15,2173.19,25753.9207
1741150800000,2173.2,2182.81,2170.31,2179.87,9817.3166
1741154400000,2179.88,2195.0,2174.2,2190.37,18026.8903
1741158000000,2190.37,2213.13,2188.12,2207.0,20467.3587
1741161600000,2207.0,2226.5,2204.61,2213.57,19510.6698
1741165200000,2213.56,2262.99,2212.0,2238.99,65290.3832
1741168800000,2239.0,2273.51,2231.03,2237.98,46654.09
1741172400000,2237.99,2239.47,2209.35,2217.72,26486.9913
1741176000000,2217.72,2232.81,2210.56,2217.99,22659.2767
1741179600000,2217.99,2224.0,2193.2,2202.53,37440.2113
1741183200000,2202.54,2206.49,2166.48,2171.17,50548.6694
1741186800000,2171.18,2204.4,2171.18,2186.82,86889.3878
1741190400000,2186.81,2197.86,2161.78,2190.42,42544.6835
1741194000000,2190.41,2220.5,2182.51,2194.84,37964.2513
1741197600000,2194.85,2208.32,2175.77,2205.15,22255.0468
1741201200000,2205.16,2222.99,2201.5,2218.3,16260.5112
1741204800000,2218.3,2235.24,2214.12,2231.39,18432.2116
1741208400000,2231.4,2241.47,2218.83,2235.21,16166.8268
1741212000000,2235.2,2241.88,2227.0,2237.38,12433.7803
1741215600000,2237.39,2252.86,2230.3,2241.59,15749.0499
1741219200000,2241.59,2257.65,2234.07,2238.49,28678.3523
1741222800000,2238.49,2288.6,2234.97,2263.49,30735.9284
1741226400000,2263.49,2290.6,2261.3,2284.63,24546.9516
1741230000000,2284.64,2296.31,2274.93,2289.79,21049.5086
1741233600000,2289.79,2307.19,2275.91,2299.3,15366.8793
1741237200000,2299.3,2319.99,2293.32,2313.71,21685.2659
1741240800000,2313.71,2314.79,2290.23,2292.0,20041.7317
1741244400000,2292.0,2300.86,2279.25,2286.0,13277.9658
1741248000000,2285.99,2301.6,2279.3,2293.55,12140.4149
1741251600000,2293.51,2294.38,2276.77,2284.27,13103.2194
1741255200000,2284.27,2305.68,2279.8,2294.16,13400.7136
1741258800000,2294.15,2301.1,2283.77,2297.59,13497.6079
1741262400000,2297.59,2298.9,2259.5,2267.61,22941.3366
1741266000000,2267.61,2275.0,2243.58,2246.29,75362.332
1741269600000,2246.3,2257.31,2208.6,2225.0,57470.0622
1741273200000,2225.0,2275.5,2222.12,2257.49,35387.6973
1741276800000,2257.5,2265.7,2220.17,2222.26,26849.7173
1741280400000,2222.26,2224.39,2176.9,2191.2,50546.24
1741284000000,2191.19,2206.43,2188.79,2201.61,17998.2176
1741287600000,2201.6,2218.95,2181.66,2198.34,17094.2625
1741291200000,2198.35,2213.2,2192.3,2200.38,14009.2801
1741294800000,2200.38,2219.36,2197.9,2213.71,16182.2801
1741298400000,2213.74,2229.4,2195.62,2211.39,24348.2926
1741302000000,2211.38,2217.56,2201.0,2202.2,11194.1358
1741305600000,2202.21,2227.39,2101.82,2117.71,145457.1096
1741309200000,2117.71,2192.4,2109.35,2175.0,55277.542
1741312800000,2175.0,2185.96,2155.49,2155.63,24964.9278
1741316400000,2155.67,2163.33,2146.51,2147.89,15862.818
1741320000000,2147.9,2164.93,2144.59,2155.5,13364.9536
1741323600000,2155.5,2184.0,2155.0,2174.79,12646.71
1741327200000,2174.79,2186.7,2165.5,2182.31,9523.4091
1741330800000,2182.3,2193.39,2178.0,2192.41,11476.1442
1741334400000,2192.41,2196.17,2177.15,2185.43,10919.5481
1741338000000,2185.42,2210.8,2184.95,2193.46,16361.4004
1741341600000,2193.47,2198.4,2185.67,2196.9,10161.3006
1741345200000,2196.91,2207.73,2190.22,2197.49,11102.5717
1741348800000,2197.49,2199.0,2165.79,2178.42,21823.9072
1741352400000,2178.42,2224.86,2177.88,2188.53,51689.4583
1741356000000,2188.53,2258.47,2177.0,2221.65,56449.0795
1741359600000,2221.66,2239.4,2180.95,2209.68,54240.9234
1741363200000,2209.67,2215.49,2144.31,2158.41,60714.5208
1741366800000,2158.42,2184.8,2141.53,2162.31,34168.0207
1741370400000,2162.32,2200.82,2157.1,2194.84,23285.0694
1741374000000,2194.85,2202.56,2161.71,2178.34,19281.8778
1741377600000,2178.33,2186.96,2145.65,2157.51,34881.6962
1741381200000,2157.41,2163.99,2115.0,2139.49,55114.1183
1741384800000,2139.46,2151.99,2116.73,2144.59,18652.7461
1741388400000,2144.6,2144.69,2115.64,2141.6,14967.4078
1741392000000,2141.6,2153.27,2130.54,2152.19,9311.7152
1741395600000,2152.2,2156.0,2105.06,2133.08,23291.065
1741399200000,2133.07,2145.69,2131.32,2143.79,8874.9107
1741402800000,2143.79,2143.79,2124.61,2137.8,8409.586
1741406400000,2137.8,2152.69,2131.4,2150.01,9585.5448
1741410000000,2150.01,2150.27,2133.4,2140.21,5103.89
1741413600000,2140.21,2145.69,2133.16,2139.48,5450.3302
1741417200000,2139.47,2148.0,2134.36,2137.88,5913.5796
1741420800000,2137.89,2141.11,2126.78,2128.52,7469.2114
1741424400000,2128.52,2143.5,2126.66,2129.82,7489.409
1741428000000,2129.83,2140.99,2127.71,2139.61,6950.1205
1741431600000,2139.6,2142.4,2127.31,2141.95,10211.9747
1741435200000,2141.95,2173.69,2138.1,2168.59,28221.3316
1741438800000,2168.6,2198.86,2166.41,2190.21,28663.3086
1741442400000,2190.21,2195.5,2174.92,2178.81,20052.3845
1741446000000,2178.8,2191.71,2167.69,2181.4,12664.1535
1741449600000,2181.4,2198.32,2161.14,2189.99,19765.4009
1741453200000,2189.99,2219.67,2179.73,2198.93,38633.4507
1741456800000,2198.92,2213.87,2194.44,2208.69,12242.2824
1741460400000,2208.68,2234.93,2200.8,2224.6,25658.7158
1741464000000,2224.61,2225.99,2211.07,2212.99,8063.1941
1741467600000,2212.99,2225.03,2212.89,2216.31,6521.1748
1741471200000,2216.31,2217.7,2197.75,2207.51,9499.3191
1741474800000,2207.51,2210.75,2193.2,2203.58,10747.0448
1741478400000,2203.57,2209.69,2199.73,2206.22,6342.3591
1741482000000,2206.21,2212.0,2187.49,2191.21,8617.2272
1741485600000,2191.2,2194.3,2180.5,2182.0,8851.6021
1741489200000,2182.01,2189.79,2176.14,2186.01,7869.0883
1741492800000,2186.0,2191.61,2184.05,2189.49,6054.6544
1741496400000,2189.49,2197.1,2180.4,2182.89,7414.0622
1741500000000,2182.89,2184.9,2171.84,2179.9,7477.7213
1741503600000,2179.89,2189.44,2178.39,2185.07,7557.788
1741507200000,2185.07,2187.68,2175.71,2176.1,5785.906
1741510800000,2176.11,2180.79,2160.92,2165.79,15790.7749
1741514400000,2165.8,2170.3,2128.43,2134.1,20719.5374
1741518000000,2134.1,2148.6,2132.41,2146.7,13255.7447
1741521600000,2146.7,2146.9,2131.67,2141.81,18632.7265
1741525200000,2141.81,2143.65,2102.61,2104.48,26443.0146
1741528800000,2104.48,2124.65,2098.33,2117.5,39736.7373
1741532400000,2117.49,2122.6,2084.67,2097.03,36938.583
1741536000000,2097.01,2109.32,2041.99,2049.41,72300.5431
1741539600000,2049.41,2057.13,2013.6,2023.93,66293.9726
1741543200000,2023.93,2039.2,1998.0,2021.21,83972.8418
1741546800000,2021.21,2049.27,2016.96,2040.47,26944.6417
1741550400000,2040.47,2056.59,2036.61,2047.03,19914.6838
1741554000000,2047.04,2050.4,2013.46,2024.51,20709.3475
1741557600000,2024.5,2029.95,2006.2,2010.05,25595.92
1741561200000,2010.05,2032.1,1989.66,2020.41,48452.1107
1741564800000,2020.43,2043.4,1995.08,2036.48,36163.6155
1741568400000,2036.47,2053.8,2027.41,2043.42,25898.0185
1741572000000,2043.42,2071.0,2036.71,2057.91,27038.6593
1741575600000,2057.9,2065.3,2044.29,2057.89,13495.2034
1741579200000,2057.88,2076.6,2056.01,2072.7,11548.2819
1741582800000,2072.71,2075.9,2059.3,2064.18,9324.1072
1741586400000,2064.18,2068.0,2054.19,2067.1,11270.5415
1741590000000,2067.1,2079.33,2063.0,2075.29,9692.0139
1741593600000,2075.3,2077.3,2047.83,2062.1,18830.3696
1741597200000,2062.1,2152.4,2061.62,2102.02,97575.068
1741600800000,2102.02,2106.54,2076.5,2099.73,21093.6226
1741604400000,2099.73,2139.0,2098.6,2128.12,22682.7151
1741608000000,2128.11,2135.98,2105.44,2125.76,23670.8944
1741611600000,2125.77,2129.8,2078.26,2083.63,35301.0098
1741615200000,2083.62,2084.1,1997.0,2018.96,125972.4783
1741618800000,2018.95,2043.79,2010.63,2017.83,54719.2146
1741622400000,2017.83,2025.3,2000.0,2005.29,38250.4026
1741626000000,2005.29,2008.72,1906.41,1917.49,163620.4878
1741629600000,1917.48,1939.12,1812.76,1825.43,224651.4516
1741633200000,1825.43,1883.44,1810.01,1869.3,139980.2033
1741636800000,1869.43,1881.97,1843.23,1869.18,42247.0706
1741640400000,1869.17,1903.99,1861.32,1887.3,39845.5661
1741644000000,1887.3,1890.08,1865.88,1880.02,22019.8707
1741647600000,1880.03,1895.49,1857.63,1865.1,33854.4851
1741651200000,1865.11,1890.46,1754.28,1813.96,171539.7622
1741654800000,1813.96,1858.77,1774.13,1858.66,105524.529
1741658400000,1858.65,1877.96,1851.55,1859.69,51155.3016
1741662000000,1859.68,1881.52,1847.27,1849.78,35471.6095
1741665600000,1849.78,1879.19,1845.46,1869.06,28657.9618
1741669200000,1869.06,1914.25,1866.62,1893.6,45804.7384
1741672800000,1893.6,1905.6,1881.74,1884.83,21321.7011
1741676400000,1884.82,1908.99,1882.98,1904.1,29352.459
1741680000000,1904.1,1920.0,1899.57,1907.5,30995.0341
1741683600000,1907.5,1929.68,1906.18,1917.29,40984.6965
1741687200000,1917.29,1928.84,1910.69,1921.72,20313.261
1741690800000,1921.71,1926.0,1906.05,1914.12,29574.7304
1741694400000,1914.12,1915.58,1887.01,1894.9,46506.6862
1741698000000,1894.91,1962.98,1867.0,1903.31,132070.3869
1741701600000,1903.31,1912.63,1840.53,1866.89,125356.7604
1741705200000,1866.88,1925.99,1864.27,1914.49,59623.387
1741708800000,1914.49,1936.57,1898.77,1918.2,37550.9967
1741712400000,1918.2,1918.57,1886.55,1904.91,32316.7605
1741716000000,1904.91,1963.2,1904.19,1953.13,53766.4001
1741719600000,1953.13,1963.0,1942.88,1951.91,24152.6287
1741723200000,1951.9,1955.42,1936.09,1936.7,15209.8518
1741726800000,1936.71,1950.61,1936.5,1940.4,9106.8783
1741730400000,1940.4,1952.54,1936.99,1943.7,10323.7902
1741734000000,1943.69,1944.45,1917.17,1923.43,14747.6881
1741737600000,1923.42,1925.26,1905.67,1911.9,17585.4558
1741741200000,1911.9,1932.86,1910.11,1920.6,19799.3266
1741744800000,1920.61,1921.41,1887.42,1895.89,24313.3933
1741748400000,1895.9,1898.6,1867.09,1868.9,27489.2193
1741752000000,1868.89,1868.9,1852.3,1866.8,23820.9856
1741755600000,1866.79,1880.82,1861.87,1878.53,15840.7181
1741759200000,1878.53,1879.08,1853.12,1873.11,18481.2294
1741762800000,1873.11,1916.66,1872.07,1911.26,52422.4788
1741766400000,1911.26,1935.9,1871.11,1928.1,67585.9061
1741770000000,1928.1,1960.0,1877.67,1894.1,97355.1544
1741773600000,1894.09,1902.0,1883.7,1900.33,29777.0658
1741777200000,1900.34,1919.39,1900.34,1916.84,20402.7409
1741780800000,1916.85,1947.0,1908.19,1929.58,72671.8458
1741784400000,1929.58,1932.46,1878.56,1887.53,59641.411
1741788000000,1887.53,1896.15,1856.05,1860.8,53768.2453
1741791600000,1860.81,1871.14,1829.72,1869.85,62871.9058
1741795200000,1869.86,1884.08,1862.45,1871.64,24923.4496
1741798800000,1871.65,1894.72,1865.6,1867.81,19288.5757
1741802400000,1867.82,1888.19,1865.19,1878.65,16070.1966
1741806000000,1878.64,1886.0,1867.5,1878.25,13371.9546
1741809600000,1878.26,1893.56,1873.7,1891.76,13982.7826
1741813200000,1891.77,1906.34,1890.29,1894.64,20337.3921
1741816800000,1894.64,1915.95,1894.49,1910.61,9487.1081
1741820400000,1910.62,1911.06,1901.5,1908.2,7451.135
1741824000000,1908.2,1917.12,1897.08,1899.96,12367.7497
1741827600000,1899.98,1913.67,1893.85,1907.01,11774.3508
1741831200000,1907.02,1916.26,1888.73,1889.9,11311.0696
1741834800000,1889.89,1900.93,1882.01,1886.87,16826.4521
1741838400000,1886.87,1891.5,1869.0,1873.79,15424.7327
1741842000000,1873.8,1882.05,1862.3,1867.83,12594.5522
1741845600000,1867.84,1871.68,1858.32,1869.63,22775.8547
1741849200000,1869.63,1881.19,1868.69,1872.23,20203.9669
1741852800000,1872.23,1880.51,1853.9,1875.51,21505.0481
1741856400000,1875.5,1895.63,1875.36,1891.04,36269.9854
1741860000000,1891.05,1905.38,1867.53,1900.2,45689.2567
1741863600000,1900.2,1903.35,1887.89,1900.24,19294.3037
1741867200000,1900.24,1923.09,1889.99,1897.02,62323.5683
1741870800000,1897.06,1909.6,1866.5,1871.47,37768.63
1741874400000,1871.47,1897.66,1864.21,1884.55,41900.3309
1741878000000,1884.56,1889.55,1867.18,1875.41,33482.3154
1741881600000,1875.41,1878.1,1851.03,1857.67,26625.4903
1741885200000,1857.68,1861.13,1821.81,1826.95,39913.3589
1741888800000,1826.95,1854.53,1826.29,1851.89,21298.2768
1741892400000,1851.89,1858.44,1838.47,1851.82,15432.439
1741896000000,1851.73,1859.85,1839.4,1842.72,12483.0824
1741899600000,1842.72,1862.3,1840.16,1862.29,8316.8571
1741903200000,1862.29,1881.45,1857.76,1879.2,9450.695
1741906800000,1879.14,1883.56,1861.25,1864.59,14504.8955
1741910400000,1864.59,1879.64,1861.31,1874.6,9977.9729
1741914000000,1874.6,1889.6,1868.93,1881.6,8514.3209
1741917600000,1881.59,1894.63,1880.2,1892.64,10993.585
1741921200000,1892.64,1893.27,1884.12,1889.29,7947.7613
1741924800000,1889.28,1896.94,1888.9,1890.81,8767.0658
1741928400000,1890.8,1899.58,1887.73,1895.33,7367.3584
1741932000000,1895.33,1896.4,1888.39,1895.16,11745.7056
1741935600000,1895.15,1905.42,1888.25,1893.07,15725.4969
1741939200000,1893.08,1903.0,1891.39,1895.01,18286.7742
1741942800000,1895.01,1899.0,1892.0,1894.56,6741.8287
1741946400000,1894.57,1908.93,1889.5,1898.15,14003.3542
1741950000000,1898.16,1906.72,1897.84,1902.4,7761.396
1741953600000,1902.41,1908.59,1894.8,1902.79,11200.4525
1741957200000,1902.79,1914.6,1892.37,1904.87,21957.1409
1741960800000,1904.87,1924.22,1877.69,1919.49,55852.5188
1741964400000,1919.5,1942.48,1914.4,1922.2,54006.0079
1741968000000,1922.2,1937.56,1914.19,1936.44,20005.6684
1741971600000,1936.43,1939.99,1927.19,1934.8,17174.2312
1741975200000,1934.81,1945.64,1927.6,1935.02,16784.0532
1741978800000,1935.02,1945.25,1930.8,1934.16,13650.7222
1741982400000,1934.16,1934.94,1916.08,1924.89,14954.8718
1741986000000,1924.9,1925.77,1915.45,1922.49,7217.9651
1741989600000,1922.49,1930.5,1920.01,1926.85,7138.8572
1741993200000,1926.85,1926.93,1908.38,1911.65,8030.6264
1741996800000,1911.64,1918.12,1909.39,1915.44,5148.875
1742000400000,1915.44,1920.35,1903.75,1911.4,8603.4099
1742004000000,1911.4,1916.61,1904.36,1914.01,8311.0074
1742007600000,1914.02,1923.37,1913.06,1920.44,8929.7919
1742011200000,1920.43,1935.21,1915.99,1931.7,11873.6901
1742014800000,1931.7,1932.99,1925.12,1928.6,6563.1035
1742018400000,1928.61,1930.54,1923.2,1928.92,5289.6395
1742022000000,1928.92,1929.52,1914.65,1917.66,9607.2472
1742025600000,1917.68,1921.84,1912.7,1921.79,7039.5485
1742029200000,1921.8,1926.52,1914.33,1925.84,5610.9814
1742032800000,1925.83,1929.39,1919.88,1927.4,8111.6345
1742036400000,1927.39,1931.87,1925.75,1929.0,8740.9626
1742040000000,1929.0,1931.33,1923.0,1923.0,7240.2472
1742043600000,1923.01,1933.34,1922.55,1931.16,7334.855
1742047200000,1931.15,1931.15,1923.19,1926.75,6432.8491
1742050800000,1926.74,1939.6,1926.52,1937.83,14510.1559
1742054400000,1937.84,1945.27,1933.33,1937.78,10236.7785
1742058000000,1937.79,1948.22,1935.27,1940.55,10409.6007
1742061600000,1940.55,1945.49,1930.29,1932.9,12726.2771
1742065200000,1932.9,1937.88,1928.76,1937.31,6719.8944
1742068800000,1937.32,1949.47,1937.31,1943.86,10848.0357
1742072400000,1943.86,1957.19,1940.0,1950.84,16344.9515
1742076000000,1950.85,1954.93,1939.53,1943.8,8519.6127
1742079600000,1943.79,1944.94,1936.37,1937.17,4392.7182
1742083200000,1937.18,1940.87,1931.34,1932.18,7216.8297
1742086800000,1932.19,1934.54,1920.36,1922.49,10675.6473
1742090400000,1922.48,1927.8,1916.56,1922.21,8494.2039
1742094000000,1922.21,1930.36,1921.48,1927.52,4825.6288
1742097600000,1927.52,1929.3,1923.55,1926.74,3575.6206
1742101200000,1926.73,1933.56,1925.71,1932.12,5529.6761
1742104800000,1932.12,1934.0,1927.64,1927.91,3736.1854
1742108400000,1927.91,1929.01,1921.53,1925.89,9820.2359
1742112000000,1925.89,1926.92,1918.45,1922.68,7514.9769
1742115600000,1922.68,1923.15,1905.23,1907.76,18703.1435
1742119200000,1907.75,1913.68,1903.8,1905.37,15327.612
1742122800000,1905.37,1905.37,1866.9,1874.0,48514.8406
1742126400000,1874.01,1889.46,1873.42,1881.01,16779.754
1742130000000,1881.0,1894.69,1874.36,1879.47,16691.8296
1742133600000,1879.46,1897.13,1878.77,1896.83,11097.2014
1742137200000,1896.82,1898.33,1887.94,1895.01,8934.9866
1742140800000,1895.01,1924.11,1893.43,1906.38,33973.1783
1742144400000,1906.38,1916.47,1903.9,1910.15,10335.6246
1742148000000,1910.16,1910.61,1891.41,1896.11,13708.6416
1742151600000,1896.1,1896.67,1860.38,1882.74,28525.624
1742155200000,1882.73,1895.43,1881.9,1894.86,12476.6854
1742158800000,1894.87,1898.63,1884.75,1889.57,9899.8103
1742162400000,1889.56,1891.28,1874.24,1874.69,10284.9644
1742166000000,1874.68,1888.88,1870.1,1887.0,8123.7555
1742169600000,1887.01,1906.41,1886.36,1901.65,9805.8701
1742173200000,1901.65,1910.69,1896.67,1903.05,10888.0146
1742176800000,1903.04,1913.6,1901.36,1907.66,9450.8797
1742180400000,1907.66,1915.44,1906.54,1908.85,11178.2284
1742184000000,1908.85,1912.99,1902.61,1904.91,8708.0636
1742187600000,1904.91,1905.12,1893.76,1894.19,9407.8778
1742191200000,1894.18,1899.21,1879.98,1893.46,12935.1791
1742194800000,1893.5,1903.2,1891.65,1900.74,7830.203
1742198400000,1900.75,1905.35,1893.0,1903.73,7470.3373
1742202000000,1903.74,1913.22,1900.56,1912.77,11639.8785
1742205600000,1912.76,1918.42,1908.11,1912.95,11356.277
1742209200000,1912.94,1916.91,1908.0,1910.59,7033.406
1742212800000,1910.58,1939.03,1902.8,1908.28,35770.9257
1742216400000,1908.27,1914.26,1894.0,1898.66,18123.9237
1742220000000,1898.66,1912.85,1888.01,1899.84,26578.3631
1742223600000,1899.85,1922.9,1894.14,1919.47,27274.6945
1742227200000,1919.47,1925.51,1907.74,1914.64,14079.7942
1742230800000,1914.64,1935.46,1912.39,1930.65,14329.1133
1742234400000,1930.65,1951.68,1929.99,1948.56,26391.1296
1742238000000,1948.56,1952.4,1940.48,1942.23,16515.4473
1742241600000,1942.22,1942.92,1931.47,1935.25,12007.0817
1742245200000,1935.26,1949.5,1933.62,1941.26,11043.8693
1742248800000,1941.26,1942.85,1932.05,1932.21,7605.2422
1742252400000,1932.2,1932.49,1922.2,1926.31,7416.688
1742256000000,1926.3,1930.25,1919.16,1922.17,6985.822
1742259600000,1922.17,1924.75,1900.04,1903.55,14555.5309
1742263200000,1903.55,1917.68,1902.96,1911.28,12037.9187
1742266800000,1911.28,1911.44,1897.47,1901.17,18487.4529
1742270400000,1901.17,1908.31,1900.0,1904.17,7237.1359
1742274000000,1904.17,1910.41,1904.17,1907.49,5231.682
1742277600000,1907.49,1907.68,1893.86,1898.33,14784.2542
1742281200000,1898.33,1910.08,1897.15,1905.06,10466.9707
1742284800000,1905.05,1913.09,1901.07,1908.6,14063.5742
1742288400000,1908.61,1912.0,1900.0,1901.26,12082.3419
1742292000000,1901.26,1902.98,1885.58,1895.36,20922.741
1742295600000,1895.36,1898.73,1889.09,1892.43,8533.4138
1742299200000,1892.42,1901.0,1889.38,1895.98,12961.9282
1742302800000,1895.98,1903.2,1872.31,1879.81,31060.1605
1742306400000,1879.82,1897.2,1875.0,1894.87,22835.2268
1742310000000,1894.86,1898.01,1877.59,1881.02,20420.7535
1742313600000,1881.03,1892.08,1876.02,1887.79,23994.0063
1742317200000,1887.79,1889.56,1874.79,1876.78,11327.3757
1742320800000,1876.78,1892.25,1873.6,1890.38,8882.4624
1742324400000,1890.38,1908.39,1888.17,1904.57,12323.8814
1742328000000,1904.57,1910.89,1898.65,1906.56,6373.0862
1742331600000,1906.56,1915.0,1905.72,1911.94,8840.1649
1742335200000,1911.94,1920.22,1908.58,1917.93,8920.3735
1742338800000,1917.92,1936.2,1917.92,1931.54,19567.7579
1742342400000,1931.54,1949.03,1928.95,1945.36,43753.4991
1742346000000,1945.36,1947.0,1931.4,1931.4,13785.1725
1742349600000,1931.4,1935.0,1927.58,1933.55,11405.377
1742353200000,1933.56,1938.94,1930.35,1938.33,9353.3204
1742356800000,1938.33,1940.18,1930.3,1933.19,20570.8338
1742360400000,1933.19,1940.35,1931.83,1939.04,10376.513
1742364000000,1939.05,1943.14,1934.29,1938.88,8309.4575
1742367600000,1938.88,1939.74,1930.99,1932.0,12508.1669
1742371200000,1932.0,1944.44,1931.7,1940.4,8758.2454
1742374800000,1940.4,1946.65,1938.14,1943.69,7416.9393
1742378400000,1943.69,1990.29,1942.61,1973.51,74971.9518
1742382000000,1973.51,2033.79,1973.41,2027.99,86511.2097
1742385600000,2028.0,2029.94,1994.65,2004.01,40947.7967
1742389200000,2004.0,2022.92,1998.13,2016.59,39065.6769
1742392800000,2016.6,2041.68,2016.25,2030.87,36970.3495
1742396400000,2030.88,2056.99,2026.01,2048.99,36100.5824
1742400000000,2049.0,2051.01,2036.29,2048.34,31862.9308
1742403600000,2048.34,2049.28,2015.33,2027.69,35050.8028
1742407200000,2027.7,2064.91,1997.33,2045.88,83229.0421
1742410800000,2045.87,2053.04,2021.0,2031.06,28934.5924
1742414400000,2031.07,2045.24,2028.58,2034.2,10964.8353
1742418000000,2034.19,2046.88,2033.48,2040.46,8651.1006
1742421600000,2040.45,2057.91,2036.21,2049.21,14702.5821
1742425200000,2049.22,2069.9,2042.42,2056.06,17608.5254
1742428800000,2056.05,2067.9,2028.68,2033.0,22022.9331
1742432400000,2033.0,2041.98,2022.5,2026.92,12506.457
1742436000000,2026.92,2034.35,2023.23,2033.25,11338.2179
1742439600000,2033.26,2034.8,2020.41,2022.75,9640.9508
1742443200000,2022.75,2025.6,2018.2,2021.4,11822.0056
1742446800000,2021.39,2021.86,2012.21,2017.18,11354.5152
1742450400000,2017.17,2022.23,2007.18,2012.97,16267.6202
1742454000000,2012.98,2015.78,2005.2,2007.54,16869.5134
1742457600000,2007.55,2021.27,2003.03,2019.48,14624.318
1742461200000,2019.47,2019.47,2003.12,2005.78,13975.4909
1742464800000,2005.77,2006.07,1972.4,1982.53,39286.7221
1742468400000,1982.54,1994.0,1982.32,1989.08,15160.7719
1742472000000,1989.09,1999.0,1985.35,1996.6,9813.402
1742475600000,1996.61,1998.49,1979.11,1985.98,17975.6137
1742479200000,1985.98,2010.66,1984.84,2003.78,21370.183
1742482800000,2003.78,2004.2,1965.85,1972.17,37028.9992
1742486400000,1972.01,1980.26,1952.17,1958.67,31329.5092
1742490000000,1958.67,1973.5,1957.95,1970.88,38538.3339
1742493600000,1970.89,1979.03,1967.38,1967.81,13225.6063
1742497200000,1967.81,1979.45,1967.21,1974.75,9405.461
1742500800000,1974.76,1982.53,1971.33,1979.43,7197.3152
1742504400000,1979.44,1984.88,1975.25,1977.27,6071.6407
1742508000000,1977.27,1982.78,1972.83,1976.69,5589.3657
1742511600000,1976.69,1984.22,1971.99,1983.79,9103.9822
1742515200000,1983.79,1994.0,1981.7,1991.42,10738.7424
1742518800000,1991.42,1996.73,1984.51,1994.28,8858.089
1742522400000,1994.29,1995.25,1984.91,1987.79,7390.1125
1742526000000,1987.79,1988.22,1973.0,1978.17,9200.0757
1742529600000,1978.16,1989.95,1977.97,1983.34,5229.3299
1742533200000,1983.33,1983.58,1968.12,1974.43,8145.8729
1742536800000,1974.44,1978.79,1967.38,1973.47,8261.6385
1742540400000,1973.47,1977.7,1966.52,1976.78,11211.0989
1742544000000,1976.79,1982.33,1964.51,1974.91,10671.8101
1742547600000,1974.92,1979.66,1967.46,1969.2,11925.5008
1742551200000,1969.19,1973.04,1956.6,1967.79,13068.0088
1742554800000,1967.79,1968.89,1962.0,1966.81,7620.3879
1742558400000,1966.81,1973.99,1938.33,1946.16,26373.1662
1742562000000,1946.16,1956.05,1937.1,1952.53,20301.794
1742565600000,1952.53,1955.2,1938.64,1954.49,13979.4162
1742569200000,1954.44,1958.49,1946.16,1950.69,10276.6409
1742572800000,1950.69,1969.0,1946.07,1966.78,18836.3451
1742576400000,1966.77,1972.67,1961.31,1968.81,9194.6084
1742580000000,1968.81,1976.69,1963.09,1970.17,14944.8161
1742583600000,1970.17,1977.9,1967.63,1973.93,8903.526
1742587200000,1973.92,1978.49,1972.85,1974.69,6681.8326
1742590800000,1974.68,1983.4,1971.48,1973.99,8112.683
1742594400000,1974.0,1974.45,1962.62,1966.4,6670.6238
1742598000000,1966.39,1970.78,1964.35,1965.75,6045.5393
1742601600000,1965.74,1983.34,1964.34,1980.74,10042.7447
1742605200000,1980.75,1987.23,1973.09,1974.7,7610.727
1742608800000,1974.7,1985.86,1973.55,1982.66,4619.9792
1742612400000,1982.67,1986.87,1976.17,1986.04,7969.0348
1742616000000,1986.07,1990.89,1985.63,1989.03,6931.5305
1742619600000,1989.02,1989.42,1983.92,1987.71,5624.8482
1742623200000,1987.7,1993.1,1985.61,1988.03,4892.8516
1742626800000,1988.02,1990.61,1983.23,1984.23,4583.2985
1742630400000,1984.22,1990.28,1981.68,1988.26,5424.1382
1742634000000,1988.25,2006.61,1988.25,1993.78,19010.753
1742637600000,1993.78,2000.2,1993.2,1996.12,10367.0568
1742641200000,1996.12,1997.1,1987.52,1990.41,7826.2845
1742644800000,1990.41,1996.36,1988.03,1995.32,6457.3627
1742648400000,1995.32,1997.75,1985.08,1990.23,9230.7502
1742652000000,1990.22,1992.86,1983.52,1984.54,6745.8545
1742655600000,1984.54,1988.4,1981.12,1986.29,7431.696
1742659200000,1986.29,1989.79,1982.52,1985.38,4967.7656
1742662800000,1985.38,1994.39,1985.38,1992.66,6306.3076
1742666400000,1992.65,2000.0,1991.0,1995.32,5889.396
1742670000000,1995.33,1998.3,1993.26,1995.94,4118.5992
1742673600000,1995.95,2004.3,1993.12,1993.5,6250.9055
1742677200000,1993.5,1995.16,1984.0,1986.23,6367.0512
1742680800000,1986.23,1990.13,1983.8,1985.01,3411.5742
1742684400000,1985.01,1985.76,1974.78,1980.69,8702.4477
1742688000000,1980.68,1986.57,1976.81,1985.52,6239.1887
1742691600000,1985.53,1998.75,1984.74,1998.04,7960.7269
1742695200000,1998.04,2003.54,1993.07,2001.72,8497.9708
1742698800000,2001.71,2008.73,1996.66,2008.31,7954.7356
1742702400000,2008.32,2008.62,1998.91,2000.24,9150.2982
1742706000000,2000.25,2001.03,1992.08,1999.67,53909.2852
1742709600000,1999.67,2005.25,1997.17,2002.72,8937.3174
1742713200000,2002.72,2019.8,2001.42,2008.04,12725.9158
1742716800000,2008.04,2016.25,2005.72,2009.73,10185.0325
1742720400000,2009.73,2016.0,2009.73,2014.25,6491.6088
1742724000000,2014.26,2020.74,2011.92,2013.24,9696.5003
1742727600000,2013.25,2020.19,2002.9,2008.01,14073.1013
1742731200000,2008.01,2013.64,2006.56,2009.17,7847.5426
1742734800000,2009.18,2020.0,2004.81,2018.49,10101.4675
1742738400000,2018.5,2020.2,2002.52,2004.35,13733.3749
1742742000000,2004.34,2012.0,2003.53,2007.06,10081.672
1742745600000,2007.06,2008.23,1996.23,1997.27,12246.618
1742749200000,1997.28,2002.73,1987.5,1992.95,12168.2255
1742752800000,1992.96,1999.5,1989.99,1997.32,8431.2453
1742756400000,1997.32,1998.2,1992.94,1996.3,4431.9811
1742760000000,1996.3,2000.71,1992.1,1992.42,5155.5092
1742763600000,1992.42,1996.47,1986.07,1995.06,8248.3019
1742767200000,1995.07,1998.69,1980.77,1987.38,13380.6403
1742770800000,1987.39,2006.68,1987.19,2005.99,7059.2635
1742774400000,2005.99,2021.39,1996.75,1998.79,19589.7774
1742778000000,1998.78,1998.84,1977.67,1980.7,15725.4911
1742781600000,1980.71,1993.64,1978.49,1992.11,15984.3576
1742785200000,1992.11,2017.28,1990.26,2014.48,28093.1114
1742788800000,2014.49,2043.76,2014.49,2040.27,31475.4974
1742792400000,2040.28,2054.19,2038.96,2048.88,30851.7386
1742796000000,2048.89,2075.94,2048.89,2066.64,35570.4108
1742799600000,2066.63,2079.58,2065.93,2069.16,25528.0772
1742803200000,2069.18,2096.32,2068.77,2090.46,33086.6079
1742806800000,2090.46,2095.0,2084.74,2094.3,15435.5531
1742810400000,2094.3,2099.0,2088.17,2094.23,15335.4967
1742814000000,2094.24,2104.11,2087.48,2092.77,18848.9549
1742817600000,2092.77,2094.7,2078.6,2083.72,18483.4
1742821200000,2083.71,2087.69,2073.47,2082.33,21288.8037
1742824800000,2082.33,2102.49,2077.7,2080.81,32134.674
1742828400000,2080.8,2090.77,2075.27,2089.77,13241.0203
1742832000000,2089.76,2093.71,2067.67,2079.15,17475.909
1742835600000,2079.14,2092.93,2077.1,2088.28,17077.1176
1742839200000,2088.28,2101.3,2081.35,2097.25,20472.0265
1742842800000,2097.25,2097.82,2085.35,2088.71,14675.2243
1742846400000,2088.71,2095.41,2082.38,2085.38,7839.2827
1742850000000,2085.37,2092.26,2080.51,2083.59,6745.8061
1742853600000,2083.59,2086.99,2075.8,2077.15,11073.4989
1742857200000,2077.15,2084.14,2068.33,2081.2,11880.9782
1742860800000,2081.2,2097.7,2077.2,2086.33,12464.4542
1742864400000,2086.32,2086.32,2056.09,2065.18,17047.8447
1742868000000,2065.19,2069.96,2062.05,2063.07,13126.4212
1742871600000,2063.08,2065.57,2041.83,2043.26,21138.1852
1742875200000,2043.25,2050.4,2037.08,2046.08,11192.3555
1742878800000,2046.08,2051.91,2040.83,2048.48,6951.538
1742882400000,2048.49,2060.33,2047.05,2055.77,12638.5784
1742886000000,2055.77,2066.98,2050.5,2055.55,14932.4307
1742889600000,2055.56,2063.5,2052.44,2060.84,22360.9033
1742893200000,2060.84,2074.1,2056.85,2070.1,14606.477
1742896800000,2070.1,2075.36,2062.62,2070.71,7975.7024
1742900400000,2070.71,2073.48,2065.71,2068.68,13621.778
1742904000000,2068.68,2070.18,2056.89,2059.6,14327.0512
1742907600000,2059.59,2080.4,2051.88,2061.58,24791.0573
1742911200000,2061.58,2080.0,2053.83,2076.39,21231.2552
1742914800000,2076.39,2079.6,2065.18,2067.67,15164.0682
1742918400000,2067.67,2075.19,2059.73,2068.55,12968.4282
1742922000000,2068.55,2083.52,2068.55,2076.35,12259.6692
1742925600000,2076.34,2076.77,2056.51,2062.62,10711.5129
1742929200000,2062.62,2078.9,2062.44,2075.64,13616.554
1742932800000,2075.64,2082.99,2063.33,2064.5,11476.6099
1742936400000,2064.51,2077.09,2062.63,2063.65,7291.6767
1742940000000,2063.65,2067.81,2053.85,2062.63,10314.775
1742943600000,2062.63,2069.7,2057.2,2066.15,6556.0028
1742947200000,2066.16,2076.74,2061.2,2071.72,9309.1063
1742950800000,2071.71,2079.21,2066.5,2074.01,10480.8959
1742954400000,2074.02,2074.74,2047.0,2048.5,16531.5199
1742958000000,2048.5,2055.19,2042.6,2049.07,11464.3756
1742961600000,2049.06,2056.92,2047.55,2052.6,11212.5409
1742965200000,2052.59,2068.0,2049.61,2059.12,11770.8119
1742968800000,2059.12,2069.0,2056.84,2067.0,9747.9356
1742972400000,2067.01,2071.4,2063.03,2069.25,16781.6629
1742976000000,2069.26,2073.35,2061.8,2063.58,15937.7186
1742979600000,2063.58,2065.49,2057.6,2062.63,16606.442
1742983200000,2062.62,2075.76,2062.36,2073.11,14357.9735
1742986800000,2073.1,2075.0,2066.66,2068.51,14738.8225
1742990400000,2068.52,2070.52,2059.0,2064.64,10868.2733
1742994000000,2064.64,2064.65,2026.98,2028.35,40387.6915
1742997600000,2028.35,2037.82,2006.66,2018.1,54698.9838
1743001200000,2018.1,2021.19,2008.3,2012.27,26505.5513
1743004800000,2012.27,2022.13,2007.24,2014.24,18123.3571
1743008400000,2014.23,2017.0,2003.26,2006.32,31308.8821
1743012000000,2006.32,2013.8,1991.15,1994.68,21872.99
1743015600000,1994.68,2005.13,1981.6,1999.92,28825.1638
1743019200000,1999.91,2017.92,1999.17,2010.5,12560.4147
1743022800000,2010.5,2012.13,1991.85,2008.25,9294.6988
1743026400000,2008.25,2009.39,1995.0,2000.09,8269.9954
1743030000000,2000.08,2010.4,1996.64,2009.52,7319.5212
1743033600000,2009.52,2018.3,2006.78,2017.82,8511.321
1743037200000,2017.82,2025.59,2017.42,2020.34,9963.5556
1743040800000,2020.34,2037.38,2019.59,2030.51,11095.3028
1743044400000,2030.5,2036.77,2027.99,2031.32,11450.1516
1743048000000,2031.32,2032.87,2025.04,2031.01,6724.4828
1743051600000,2031.01,2031.01,2020.95,2022.67,7393.3775
1743055200000,2022.67,2030.18,2022.15,2024.58,7548.6083
1743058800000,2024.57,2028.4,2022.16,2026.43,6329.6506
1743062400000,2026.42,2029.3,2018.0,2025.7,10729.6626
1743066000000,2025.71,2032.33,2019.81,2028.78,16953.7471
1743069600000,2028.79,2035.92,2021.4,2024.87,11299.2244
1743073200000,2024.86,2030.31,2012.21,2016.21,15622.2463
1743076800000,2016.21,2025.18,2013.23,2018.02,12192.3061
1743080400000,2018.01,2022.03,1987.06,2003.34,41566.3436
1743084000000,2003.33,2026.04,1996.49,2025.75,43907.3054
1743087600000,2025.76,2026.32,2000.19,2005.49,26491.3309
1743091200000,2005.48,2015.16,2000.46,2000.94,19272.9424
1743094800000,2000.94,2008.39,1993.65,2000.08,19648.1113
1743098400000,2000.08,2014.84,1999.4,2009.2,10732.1171
1743102000000,2009.21,2014.28,2002.76,2004.08,18070.7738
1743105600000,2004.13,2011.37,2000.4,2007.37,16148.6294
1743109200000,2007.37,2020.0,2003.0,2018.0,14705.4614
1743112800000,2018.01,2018.82,2006.52,2007.81,5697.1292
1743116400000,2007.82,2008.7,1999.68,2003.66,8581.0571
1743120000000,2003.67,2007.15,1991.63,2004.88,10898.4069
1743123600000,2004.88,2015.46,1995.0,2008.98,13195.5686
1743127200000,2008.99,2015.93,2005.04,2007.74,8970.3385
1743130800000,2007.74,2009.0,1995.36,1999.84,12895.0604
1743134400000,1999.84,2004.7,1900.0,1937.62,87168.1851
1743138000000,1937.62,1937.64,1910.34,1915.63,40423.416
1743141600000,1915.62,1928.48,1911.88,1915.48,26216.9201
1743145200000,1915.49,1921.9,1903.66,1910.21,50752.4211
1743148800000,1910.21,1918.15,1904.51,1907.13,33946.0747
1743152400000,1907.14,1916.0,1902.38,1908.92,20486.4067
1743156000000,1908.93,1915.79,1905.51,1909.7,14543.6411
1743159600000,1909.7,1925.0,1860.0,1900.48,62108.0992
1743163200000,1900.47,1903.87,1880.66,1884.32,40356.7279
1743166800000,1884.33,1902.26,1880.45,1886.82,27417.5976
1743170400000,1886.82,1894.45,1876.34,1887.94,37051.4493
1743174000000,1887.94,1888.67,1871.58,1872.13,31110.3616
1743177600000,1872.13,1878.86,1862.14,1869.94,26957.9609
1743181200000,1869.88,1884.7,1865.76,1884.02,16236.7795
1743184800000,1884.01,1887.28,1872.64,1879.4,12384.6156
1743188400000,1879.39,1883.85,1870.28,1874.16,11839.0315
1743192000000,1874.17,1891.49,1873.75,1877.29,14756.9692
1743195600000,1877.29,1888.88,1873.88,1886.05,8586.0465
1743199200000,1886.04,1901.6,1885.57,1901.42,9421.4077
1743202800000,1901.41,1902.0,1892.57,1896.9,8444.0975
1743206400000,1896.9,1912.58,1894.46,1903.43,10206.5913
1743210000000,1903.44,1913.6,1901.65,1910.01,13215.3928
1743213600000,1910.01,1912.81,1893.79,1895.27,10762.6056
1743217200000,1895.27,1905.95,1886.27,1899.83,15726.9016
1743220800000,1899.84,1904.96,1891.0,1894.73,9317.0287
1743224400000,1894.72,1895.78,1884.12,1888.41,11574.8725
1743228000000,1888.41,1888.42,1876.53,1882.3,11491.2025
1743231600000,1882.3,1885.22,1875.41,1880.14,16800.0964
1743235200000,1880.14,1885.84,1876.77,1884.57,12849.4253
1743238800000,1884.57,1887.28,1860.39,1877.04,19273.005
1743242400000,1877.04,1880.21,1863.73,1868.79,10354.7371
1743246000000,1868.79,1874.87,1833.5,1844.55,61816.7252
1743249600000,1844.55,1857.41,1841.85,1851.78,14365.2065
1743253200000,1851.78,1863.75,1851.46,1859.1,11137.0718
1743256800000,1859.1,1859.45,1844.6,1845.43,10213.1226
1743260400000,1845.43,1849.17,1833.84,1840.24,13792.1733
1743264000000,1840.24,1848.12,1812.02,1822.02,36624.4944
1743267600000,1822.01,1831.19,1797.2,1818.14,52747.7973
1743271200000,1818.15,1828.3,1808.87,1818.18,19758.5148
1743274800000,1818.19,1828.62,1811.97,1827.5,12602.0833
1743278400000,1827.5,1828.15,1812.62,1817.76,14507.3949
1743282000000,1817.75,1825.16,1814.14,1817.69,9455.5011
1743285600000,1817.7,1820.21,1811.6,1817.49,5038.2351
1743289200000,1817.49,1830.31,1814.35,1828.08,6139.5764
1743292800000,1828.09,1831.08,1812.69,1826.92,12628.3734
1743296400000,1826.92,1842.81,1825.73,1835.01,13447.2041
1743300000000,1835.01,1844.14,1834.18,1838.94,9451.6485
1743303600000,1838.95,1844.59,1832.12,1834.39,10100.0489
1743307200000,1834.39,1846.85,1834.11,1842.86,6937.2255
1743310800000,1842.86,1845.21,1835.26,1838.07,8363.6952
1743314400000,1838.07,1843.07,1832.56,1839.34,5237.3421
1743318000000,1839.35,1844.25,1836.43,1837.74,4944.6609
1743321600000,1837.74,1849.01,1837.73,1846.99,6781.6879
1743325200000,1847.0,1847.39,1841.24,1843.63,5018.2084
1743328800000,1843.64,1846.04,1826.49,1829.94,11230.5018
1743332400000,1829.94,1841.69,1829.46,1833.27,11374.1574
1743336000000,1833.28,1839.71,1829.59,1833.75,7613.9963
1743339600000,1833.76,1835.75,1790.06,1806.68,47275.5556
1743343200000,1806.67,1819.46,1803.68,1813.67,15306.1316
1743346800000,1813.68,1826.65,1812.3,1813.75,9893.1443
1743350400000,1813.76,1817.37,1785.41,1795.5,21033.6589
1743354000000,1795.42,1808.98,1787.02,1804.94,16544.9723
1743357600000,1804.94,1825.86,1804.94,1824.89,16221.4301
1743361200000,1824.89,1834.33,1812.56,1814.22,16863.624
1743364800000,1814.22,1818.05,1809.26,1814.96,7141.6529
1743368400000,1814.95,1821.68,1801.38,1805.89,9217.4464
1743372000000,1805.9,1816.87,1767.69,1805.17,41644.8728
1743375600000,1805.17,1807.74,1792.85,1807.74,13572.2083
1743379200000,1807.74,1813.14,1776.75,1786.42,23953.4067
1743382800000,1786.43,1820.21,1783.51,1813.87,25333.2829
1743386400000,1813.87,1823.5,1804.3,1811.86,18419.4522
1743390000000,1811.87,1817.55,1795.41,1798.32,16060.2865
1743393600000,1798.32,1809.1,1792.9,1804.94,12242.4193
1743397200000,1804.94,1813.68,1802.49,1809.15,11364.2932
1743400800000,1809.16,1811.84,1799.44,1804.09,11460.3082
1743404400000,1804.08,1810.7,1789.1,1798.92,18076.2152
1743408000000,1798.91,1808.09,1794.24,1795.54,18778.8738
1743411600000,1795.54,1800.72,1781.25,1786.31,26465.0771
1743415200000,1786.32,1810.48,1777.79,1803.57,24987.4549
1743418800000,1803.58,1819.74,1799.1,1813.43,20340.0781
1743422400000,1813.43,1846.72,1809.2,1834.16,37017.4337
1743426000000,1834.22,1837.37,1794.94,1818.53,45306.2918
1743429600000,1818.53,1846.75,1818.28,1839.81,45436.8038
1743433200000,1839.81,1854.22,1837.82,1842.23,31063.3127
1743436800000,1842.22,1847.23,1834.62,1840.18,14445.6802
1743440400000,1840.16,1846.84,1817.23,1825.47,23507.4447
1743444000000,1825.46,1847.34,1825.46,1839.86,12639.6491
1743447600000,1839.85,1845.64,1824.37,1827.71,18373.9195
1743451200000,1827.71,1834.74,1818.64,1819.61,14738.969
1743454800000,1819.6,1829.5,1819.19,1824.72,8655.4692
1743458400000,1824.72,1825.16,1816.4,1824.68,8282.9153
1743462000000,1824.68,1831.9,1820.31,1822.43,10905.8681
1743465600000,1822.43,1843.0,1817.88,1831.94,22628.8655
1743469200000,1831.93,1833.33,1821.03,1826.38,11413.5415
1743472800000,1826.38,1839.39,1824.39,1839.38,10437.1863
1743476400000,1839.38,1841.1,1833.06,1835.0,10613.2322
1743480000000,1835.0,1840.53,1831.95,1838.13,7754.7126
1743483600000,1838.13,1850.32,1836.81,1841.49,10744.0783
1743487200000,1841.49,1867.91,1839.42,1857.66,21137.1824
1743490800000,1857.67,1862.63,1852.64,1854.26,10962.3109
1743494400000,1854.26,1892.55,1853.93,1884.33,46107.9976
1743498000000,1884.33,1889.81,1878.01,1885.39,19403.2324
1743501600000,1885.39,1886.0,1872.63,1873.39,15520.7418
1743505200000,1873.39,1873.74,1856.45,1862.36,14893.8123
1743508800000,1862.37,1870.89,1859.66,1865.56,13475.953
1743512400000,1865.57,1881.72,1863.71,1871.84,20400.6938
1743516000000,1871.94,1889.0,1842.42,1882.53,52865.8966
1743519600000,1882.53,1927.9,1882.53,1918.58,70250.3217
1743523200000,1918.59,1924.17,1907.53,1915.8,19876.4616
1743526800000,1915.79,1923.0,1913.93,1915.33,11974.0928
1743530400000,1915.34,1915.81,1901.5,1908.32,11299.5315
1743534000000,1908.31,1911.55,1903.07,1910.09,9977.385
1743537600000,1910.1,1915.73,1897.13,1912.84,13174.3568
1743541200000,1912.84,1922.75,1908.82,1915.01,10489.1413
1743544800000,1915.02,1920.0,1911.0,1911.9,9626.3062
1743548400000,1911.91,1915.18,1904.7,1904.98,7962.0633
1743552000000,1904.98,1908.41,1887.0,1889.59,12719.2592
1743555600000,1889.59,1896.32,1883.01,1892.41,13432.9056
1743559200000,1892.41,1893.3,1872.39,1878.25,18777.1957
1743562800000,1878.24,1887.2,1875.52,1876.39,9269.7546
1743566400000,1876.4,1883.3,1875.55,1879.13,6576.0694
1743570000000,1879.14,1879.25,1854.75,1855.88,26821.5374
1743573600000,1855.88,1862.89,1852.0,1854.01,13186.3396
1743577200000,1854.0,1866.7,1852.6,1865.06,15885.3739
1743580800000,1865.07,1876.62,1862.62,1867.82,10061.0506
1743584400000,1867.81,1888.05,1866.48,1879.35,16863.6393
1743588000000,1879.34,1887.63,1870.77,1872.68,11183.0682
1743591600000,1872.69,1878.26,1868.18,1868.72,8457.9037
1743595200000,1868.73,1873.3,1858.15,1871.91,11970.7485
1743598800000,1871.92,1893.42,1854.27,1871.27,28962.7692
1743602400000,1871.27,1881.56,1857.57,1875.75,22804.5906
1743606000000,1875.74,1919.0,1874.19,1901.21,141904.9216
1743609600000,1901.21,1910.54,1895.06,1902.93,26994.0102
1743613200000,1902.94,1914.09,1882.22,1892.68,37434.016
1743616800000,1892.68,1904.68,1888.45,1898.12,12316.7193
1743620400000,1898.12,1916.1,1893.34,1911.45,15126.1433
1743624000000,1911.45,1957.0,1866.05,1881.25,146724.3196
1743627600000,1881.16,1884.62,1855.0,1867.12,31178.6126
1743631200000,1867.13,1867.32,1789.05,1798.05,74776.5008
1743634800000,1798.05,1802.9,1781.53,1795.22,37413.3334
1743638400000,1795.21,1827.89,1788.97,1820.46,32129.8016
1743642000000,1820.47,1834.88,1814.37,1826.28,23380.4535
1743645600000,1826.29,1832.64,1818.18,1830.25,18314.3661
1743649200000,1830.26,1830.7,1819.56,1824.46,12485.0504
1743652800000,1824.47,1845.26,1822.78,1835.38,18107.286
1743656400000,1835.38,1840.4,1821.14,1821.7,11840.911
1743660000000,1821.71,1827.77,1814.1,1817.28,14196.301
1743663600000,1817.28,1822.18,1807.13,1815.31,19028.9802
1743667200000,1815.31,1824.18,1814.85,1821.63,12626.098
1743670800000,1821.64,1823.27,1809.37,1811.34,12989.7389
1743674400000,1811.34,1817.61,1790.05,1793.42,25888.9555
1743678000000,1793.42,1802.83,1787.23,1795.13,16495.6626
1743681600000,1795.13,1800.52,1750.0,1759.65,73634.1049
1743685200000,1759.65,1791.84,1756.09,1784.18,46131.3292
1743688800000,1784.18,1785.02,1751.39,1757.97,38496.6553
1743692400000,1757.92,1782.66,1755.22,1782.27,25432.2992
1743696000000,1782.26,1791.04,1770.94,1773.41,17518.8861
1743699600000,1773.42,1782.72,1767.23,1776.45,12753.8889
1743703200000,1776.44,1799.15,1770.18,1788.48,16682.619
1743706800000,1788.48,1795.04,1782.53,1787.12,14843.4096
1743710400000,1787.11,1803.31,1779.78,1799.01,12038.907
1743714000000,1799.01,1818.61,1796.2,1812.46,13475.2462
1743717600000,1812.47,1816.34,1805.66,1811.07,8849.6934
1743721200000,1811.07,1821.84,1803.26,1817.23,10734.3744
1743724800000,1817.23,1823.12,1808.76,1810.42,12278.7431
1743728400000,1810.43,1818.17,1771.11,1782.4,34542.9125
1743732000000,1782.4,1803.32,1782.4,1788.88,14196.3878
1743735600000,1788.88,1796.75,1782.55,1792.91,10515.7632
1743739200000,1792.91,1793.94,1784.17,1788.09,7670.5617
1743742800000,1788.09,1806.61,1784.41,1806.08,9120.6891
1743746400000,1806.07,1808.59,1799.41,1800.15,9747.472
1743750000000,1800.15,1821.82,1800.0,1817.93,17811.5407
1743753600000,1817.94,1835.68,1814.82,1828.29,25530.443
1743757200000,1828.3,1833.19,1822.68,1829.41,11704.8247
1743760800000,1829.43,1832.23,1780.75,1783.89,45485.993
1743764400000,1783.88,1788.0,1758.72,1783.88,43370.3284
1743768000000,1783.88,1800.73,1769.45,1788.76,52281.6608
1743771600000,1788.77,1808.98,1772.11,1802.06,43204.5216
1743775200000,1802.06,1805.48,1775.67,1790.13,35624.6083
1743778800000,1790.13,1821.0,1787.28,1795.24,59171.1362
1743782400000,1795.24,1805.4,1783.25,1797.57,31964.8878
1743786000000,1797.57,1828.9,1788.0,1821.35,35573.0452
1743789600000,1821.34,1823.27,1804.76,1806.47,15351.8715
1743793200000,1806.46,1815.78,1802.16,1810.21,16894.3278
1743796800000,1810.21,1822.99,1807.52,1818.94,14972.0714
1743800400000,1818.93,1827.99,1812.82,1818.2,14130.4212
1743804000000,1818.18,1826.43,1815.82,1819.24,5753.8435
1743807600000,1819.24,1820.15,1809.56,1816.87,5836.4157
1743811200000,1816.88,1825.0,1812.55,1822.85,6985.5404
1743814800000,1822.86,1827.29,1819.26,1819.49,8257.7673
1743818400000,1819.5,1821.38,1812.89,1815.6,4967.4994
1743822000000,1815.61,1816.24,1809.39,1810.01,4749.6708
1743825600000,1810.01,1815.75,1807.45,1808.5,4544.9387
1743829200000,1808.5,1815.41,1807.13,1810.01,3059.9706
1743832800000,1810.01,1813.7,1803.99,1809.56,7296.6856
1743836400000,1809.55,1814.53,1807.05,1813.22,4620.163
1743840000000,1813.22,1815.23,1810.0,1813.83,4476.4924
1743843600000,1813.82,1822.04,1813.82,1820.78,7103.2191
1743847200000,1820.79,1821.57,1816.33,1818.12,4011.0135
1743850800000,1818.13,1819.39,1806.56,1807.34,12103.2066
1743854400000,1807.34,1808.3,1792.63,1797.88,11631.4278
1743858000000,1797.88,1798.62,1783.24,1787.04,14786.6361
1743861600000,1787.03,1795.23,1786.39,1790.8,10687.44
1743865200000,1790.79,1790.8,1777.93,1782.01,20233.6157
1743868800000,1782.01,1788.41,1780.23,1784.6,9400.3796
1743872400000,1784.6,1790.11,1782.44,1787.46,3547.834
1743876000000,1787.45,1794.51,1787.08,1793.21,3443.5743
1743879600000,1793.21,1795.38,1780.0,1782.17,4497.8488
1743883200000,1782.17,1805.06,1764.39,1790.6,32600.3773
1743886800000,1790.61,1795.23,1784.76,1790.3,7005.3539
1743890400000,1790.3,1797.81,1790.3,1797.31,5740.9293
1743894000000,1797.31,1810.04,1796.8,1806.01,5964.6854
1743897600000,1806.02,1813.91,1803.06,1810.45,7891.5534
1743901200000,1810.45,1817.0,1807.29,1810.5,6984.8359
1743904800000,1810.5,1813.53,1804.3,1804.3,4812.4524
1743908400000,1804.3,1809.81,1801.78,1809.81,5155.0887
1743912000000,1809.81,1811.21,1806.06,1809.72,4452.4849
1743915600000,1809.73,1813.55,1807.0,1811.18,6840.9182
1743919200000,1811.19,1812.6,1798.54,1798.55,7755.1953
1743922800000,1798.55,1801.59,1791.49,1797.69,9057.9671
1743926400000,1797.7,1798.2,1783.0,1795.39,12880.3696
1743930000000,1795.38,1797.01,1789.49,1791.08,7653.3803
1743933600000,1791.08,1792.28,1785.1,1790.1,9301.1994
1743937200000,1790.1,1791.38,1783.75,1789.19,7121.1257
1743940800000,1789.19,1792.09,1777.04,1777.98,10803.8432
1743944400000,1777.98,1781.0,1735.0,1748.54,64647.0465
1743948000000,1748.54,1771.0,1744.85,1770.02,30744.1724
1743951600000,1770.02,1773.78,1758.61,1759.55,19989.653
1743955200000,1759.56,1760.06,1717.11,1731.28,33893.8713
1743958800000,1731.28,1734.0,1669.4,1684.77,98997.6428
1743962400000,1684.77,1684.96,1602.0,1618.28,168635.5013
1743966000000,1618.29,1635.96,1608.75,1626.24,93220.5508
1743969600000,1626.24,1631.18,1555.0,1574.65,118688.9021
1743973200000,1574.66,1597.96,1571.04,1587.57,41344.627
1743976800000,1587.57,1608.33,1563.86,1576.99,92388.0761
1743980400000,1576.98,1584.64,1537.5,1580.76,116586.6384
1743984000000,1580.77,1586.41,1552.88,1572.9,58777.8057
1743987600000,1572.97,1614.2,1570.7,1598.6,55450.3954
1743991200000,1598.59,1601.52,1573.04,1579.29,29148.5226
1743994800000,1579.28,1582.69,1520.78,1543.69,88093.6637
1743998400000,1543.69,1559.13,1534.0,1548.39,56828.5825
1744002000000,1548.4,1561.41,1536.62,1540.37,55264.3925
1744005600000,1540.37,1552.67,1411.01,1431.29,335133.7731
1744009200000,1431.45,1477.64,1431.23,1460.15,159485.0623
1744012800000,1460.15,1511.32,1455.63,1495.94,111723.8108
1744016400000,1495.95,1505.93,1476.75,1484.46,56384.7066
1744020000000,1484.45,1520.83,1481.95,1491.35,79408.5782
1744023600000,1491.36,1503.95,1474.61,1483.11,41650.7899
1744027200000,1483.11,1526.98,1478.12,1521.03,91298.0532
1744030800000,1521.02,1558.34,1487.19,1550.47,140311.7317
1744034400000,1550.46,1639.0,1539.19,1569.62,403208.1414
1744038000000,1569.64,1577.5,1533.94,1556.56,111083.087
1744041600000,1556.56,1557.61,1526.0,1529.18,51859.4908
1744045200000,1529.18,1572.7,1529.17,1566.15,73082.1237
1744048800000,1566.15,1572.0,1546.93,1549.41,46023.7822
1744052400000,1549.42,1562.78,1542.25,1545.41,40539.4252
1744056000000,1545.47,1579.95,1545.06,1570.94,31675.3445
1744059600000,1570.94,1576.93,1555.0,1568.64,16065.3977
1744063200000,1568.67,1585.5,1565.58,1578.78,16816.2641
1744066800000,1578.78,1582.48,1551.52,1553.04,19483.0819
1744070400000,1553.04,1563.3,1544.43,1544.73,17942.7729
1744074000000,1544.73,1594.0,1541.04,1591.32,37588.4409
1744077600000,1591.31,1618.67,1586.78,1589.69,37899.177
1744081200000,1589.7,1593.0,1579.36,1584.71,14840.1461
1744084800000,1584.71,1602.27,1583.84,1598.79,18941.1732
1744088400000,1598.78,1602.22,1582.08,1591.83,17270.0426
1744092000000,1591.82,1591.82,1574.34,1576.25,17105.3362
1744095600000,1576.28,1578.55,1561.89,1570.83,36725.063
1744099200000,1570.83,1571.49,1554.37,1566.95,18937.8681
1744102800000,1566.95,1575.93,1564.48,1568.23,16319.6933
1744106400000,1568.24,1574.51,1565.23,1566.08,14240.1502
1744110000000,1566.09,1590.08,1564.8,1588.32,30094.5739
1744113600000,1588.32,1593.47,1567.69,1571.5,33511.7649
1744117200000,1571.49,1586.76,1550.82,1568.59,61586.1514
1744120800000,1568.6,1583.22,1530.55,1531.16,55558.0042
1744124400000,1531.17,1539.23,1518.29,1531.77,44725.2813
1744128000000,1531.76,1533.08,1482.27,1486.79,70419.8469
1744131600000,1486.84,1489.85,1454.63,1481.04,115487.7001
1744135200000,1481.05,1500.58,1471.81,1475.79,58873.5237
1744138800000,1475.8,1478.82,1455.17,1466.67,51226.5126
1744142400000,1466.67,1482.63,1460.25,1482.1,23905.185
1744146000000,1482.12,1486.2,1464.01,1477.23,17747.6028
1744149600000,1477.24,1478.48,1441.3,1467.19,48226.5313
1744153200000,1467.18,1476.8,1462.72,1473.41,32673.5911
1744156800000,1473.41,1482.28,1463.79,1467.65,40906.2869
1744160400000,1467.66,1469.15,1385.05,1435.3,188171.2135
1744164000000,1435.31,1454.69,1415.17,1419.04,62877.6744
1744167600000,1419.04,1426.63,1407.81,1418.8,56946.4753
1744171200000,1418.79,1450.6,1414.77,1440.72,74952.8593
1744174800000,1440.71,1464.8,1439.47,1459.15,48935.3658
1744178400000,1459.15,1476.83,1457.99,1459.99,37084.2317
1744182000000,1459.99,1492.02,1458.36,1483.43,70509.2498
1744185600000,1483.45,1488.48,1471.0,1482.49,35345.1554
1744189200000,1482.48,1486.0,1471.2,1479.55,19856.6691
1744192800000,1479.56,1496.55,1472.9,1486.45,36923.9643
1744196400000,1486.45,1486.84,1445.07,1455.33,133016.6563
1744200000000,1455.33,1469.43,1440.2,1461.81,48497.7107
1744203600000,1461.8,1499.24,1455.42,1487.53,95695.3053
1744207200000,1487.52,1501.27,1469.73,1470.96,79667.2154
1744210800000,1470.95,1496.8,1469.36,1485.26,50399.8678
1744214400000,1485.26,1509.3,1481.97,1502.62,58871.8048
1744218000000,1502.63,1640.0,1485.74,1632.94,420288.9674
1744221600000,1632.83,1673.29,1613.33,1628.11,200776.8044
1744225200000,1628.11,1647.15,1623.56,1640.92,48467.6616
1744228800000,1640.93,1678.9,1640.56,1673.63,55801.4496
1744232400000,1673.63,1689.0,1661.17,1671.64,53882.9105
1744236000000,1671.64,1684.35,1666.27,1671.17,25711.4797
1744239600000,1671.16,1674.58,1655.72,1669.51,24943.9348
1744243200000,1669.51,1669.85,1634.16,1646.48,38017.9836
1744246800000,1646.47,1651.61,1628.79,1637.95,22846.6849
1744250400000,1637.96,1646.25,1629.44,1632.99,20214.3767
1744254000000,1632.99,1636.14,1601.76,1617.01,45318.3567
1744257600000,1617.0,1620.78,1605.79,1619.63,20533.3088
1744261200000,1619.63,1626.14,1614.32,1617.08,25444.34
1744264800000,1617.09,1622.95,1606.41,1616.34,17069.5031
1744268400000,1616.34,1620.61,1583.31,1595.81,41549.872
1744272000000,1595.81,1598.87,1583.4,1592.71,25752.127
1744275600000,1592.71,1606.86,1586.28,1604.0,27435.1648
1744279200000,1604.0,1605.99,1588.0,1594.87,16798.8898
1744282800000,1594.88,1596.96,1581.36,1594.81,17147.944
1744286400000,1594.8,1640.0,1582.05,1593.31,86013.1289
1744290000000,1593.31,1596.49,1560.52,1568.77,60559.5547
1744293600000,1568.77,1584.53,1556.53,1565.48,45944.3448
1744297200000,1565.47,1567.7,1483.6,1495.98,133306.8745
1744300800000,1495.97,1513.8,1471.02,1510.73,92596.5246
1744304400000,1510.73,1520.18,1487.78,1511.56,55987.9948
1744308000000,1511.57,1523.0,1507.42,1518.72,27548.1298
1744311600000,1518.72,1532.2,1510.73,1514.67,30478.9053
1744315200000,1514.6,1533.7,1514.16,1531.28,19005.9513
1744318800000,1531.28,1533.33,1519.34,1524.9,14623.5186
1744322400000,1524.9,1532.81,1520.89,1524.85,11752.2428
1744326000000,1524.84,1528.54,1514.48,1522.25,15909.6719
1744329600000,1522.24,1529.29,1504.63,1508.4,26067.5758
1744333200000,1508.4,1548.05,1507.05,1543.13,30767.8738
1744336800000,1543.14,1550.6,1533.48,1534.57,19092.0629
1744340400000,1534.57,1546.23,1534.57,1544.61,18130.8544
1744344000000,1544.61,1558.42,1542.73,1547.49,19229.7172
1744347600000,1547.49,1553.18,1541.04,1549.19,14613.0621
1744351200000,1549.19,1562.8,1549.19,1552.64,17267.9764
1744354800000,1552.65,1558.47,1546.88,1553.04,18073.2862
1744358400000,1553.05,1572.42,1538.14,1551.55,50201.9481
1744362000000,1551.55,1570.93,1544.68,1564.0,27238.6956
1744365600000,1563.99,1585.0,1554.29,1568.39,38493.3251
1744369200000,1568.39,1575.35,1555.68,1558.79,23248.3807
1744372800000,1558.8,1575.26,1553.81,1558.2,30243.0152
1744376400000,1558.15,1581.44,1549.85,1570.61,47293.3871
1744380000000,1570.61,1570.61,1541.48,1556.47,46340.9817
1744383600000,1556.47,1570.62,1553.87,1565.44,24878.1505
1744387200000,1565.44,1573.52,1555.87,1565.78,15568.1088
1744390800000,1565.78,1591.47,1563.34,1580.11,33953.3238
1744394400000,1580.11,1582.43,1561.75,1562.27,23023.1746
1744398000000,1562.27,1572.62,1562.04,1565.79,11299.517
1744401600000,1565.79,1574.91,1563.02,1571.36,8201.7645
1744405200000,1571.36,1586.97,1565.49,1573.06,17693.1545
1744408800000,1573.06,1575.6,1565.69,1566.38,8022.2896
1744412400000,1566.38,1571.08,1558.7,1566.85,9542.6927
1744416000000,1566.85,1569.79,1560.89,1562.25,10490.5734
1744419600000,1562.25,1564.77,1552.48,1554.68,11746.9055
1744423200000,1554.67,1557.29,1546.06,1547.76,13944.9292
1744426800000,1547.76,1559.6,1546.85,1554.4,12367.0709
1744430400000,1554.4,1570.51,1550.5,1567.52,17831.7686
1744434000000,1567.52,1572.54,1564.72,1568.56,8489.2545
1744437600000,1568.57,1578.82,1568.57,1573.85,11238.9549
1744441200000,1573.86,1585.23,1571.44,1582.05,11165.5868
1744444800000,1582.04,1606.41,1581.0,1591.76,32189.8224
1744448400000,1591.76,1602.53,1588.69,1597.5,18206.1035
1744452000000,1597.51,1597.74,1587.8,1592.02,10879.6485
1744455600000,1592.02,1598.52,1592.02,1594.06,6914.0305
1744459200000,1594.06,1616.9,1590.7,1607.22,26847.4949
1744462800000,1607.23,1646.99,1606.07,1638.76,55355.6255
1744466400000,1638.75,1669.59,1635.48,1653.85,70836.7139
1744470000000,1653.84,1667.26,1648.19,1655.87,31858.7022
1744473600000,1655.88,1662.33,1637.4,1643.72,32988.522
1744477200000,1643.72,1647.15,1628.24,1633.82,31276.5954
1744480800000,1633.82,1654.89,1633.34,1650.66,18947.3243
1744484400000,1650.67,1651.46,1634.85,1642.63,13433.0303
1744488000000,1642.64,1659.93,1641.24,1649.24,22692.0805
1744491600000,1649.24,1654.94,1645.57,1647.35,13088.6442
1744495200000,1647.35,1656.34,1647.34,1649.85,9814.4367
1744498800000,1649.85,1652.0,1642.95,1644.18,9264.0847
1744502400000,1644.19,1649.49,1634.77,1642.1,13731.7489
1744506000000,1642.09,1649.75,1609.09,1617.11,24993.8303
1744509600000,1617.11,1628.44,1606.55,1625.4,24604.6817
1744513200000,1625.41,1629.23,1621.61,1624.53,12047.0173
1744516800000,1624.52,1624.66,1602.71,1609.0,21497.8109
1744520400000,1608.99,1613.52,1597.47,1609.28,18123.4223
1744524000000,1609.29,1623.32,1607.89,1616.99,9954.2754
1744527600000,1616.99,1621.41,1610.96,1613.5,7664.784
1744531200000,1613.51,1621.94,1608.8,1620.6,9737.6111
1744534800000,1620.6,1627.81,1617.04,1627.14,10629.195
1744538400000,1627.15,1628.2,1612.06,1617.92,15551.477
1744542000000,1617.92,1618.86,1592.58,1604.28,36618.7234
1744545600000,1604.29,1609.3,1599.93,1603.04,18631.8549
1744549200000,1603.04,1607.8,1566.11,1574.26,41048.1573
1744552800000,1574.27,1589.4,1568.37,1586.01,32098.669
1744556400000,1586.01,1588.61,1579.73,1586.62,15529.9185
1744560000000,1586.61,1602.45,1586.38,1595.69,23560.7006
1744563600000,1595.7,1649.04,1594.25,1636.77,60020.6437
1744567200000,1636.77,1647.18,1626.22,1629.96,24631.7614
1744570800000,1629.97,1630.16,1562.01,1590.25,65289.8421
1744574400000,1590.25,1617.08,1584.14,1590.76,36994.7641
1744578000000,1590.76,1603.0,1572.24,1593.84,30282.5616
1744581600000,1593.83,1599.9,1583.68,1586.17,15840.3287
1744585200000,1586.18,1600.26,1581.78,1597.76,11052.8353
1744588800000,1597.76,1633.98,1595.56,1611.85,37744.6452
1744592400000,1611.85,1622.58,1609.09,1617.34,13380.2713
1744596000000,1617.34,1660.32,1614.43,1635.44,54996.7326
1744599600000,1635.44,1637.68,1625.85,1629.59,20711.7097
1744603200000,1629.6,1642.19,1627.67,1636.52,16817.9083
1744606800000,1636.53,1640.16,1620.65,1624.38,18804.0505
1744610400000,1624.38,1628.04,1614.56,1623.77,15259.5954
1744614000000,1623.76,1636.4,1612.63,1635.57,18010.9207
1744617600000,1635.58,1642.12,1629.34,1638.28,13917.141
1744621200000,1638.27,1645.24,1631.24,1641.34,15176.7137
1744624800000,1641.34,1684.9,1639.09,1678.83,59770.4854
1744628400000,1678.84,1691.5,1671.57,1675.32,51617.2419
1744632000000,1675.32,1678.23,1666.0,1677.73,20302.7561
1744635600000,1677.73,1680.61,1648.17,1658.38,36620.6612
1744639200000,1658.39,1689.59,1655.06,1673.4,32598.7217
1744642800000,1673.4,1675.0,1619.34,1627.93,67775.6069
1744646400000,1627.94,1636.79,1615.0,1627.96,37425.523
1744650000000,1627.95,1649.52,1627.08,1648.11,34351.2676
1744653600000,1648.12,1651.51,1635.21,1640.45,17998.5746
1744657200000,1640.45,1647.37,1631.49,1636.58,15263.9777
1744660800000,1636.58,1638.18,1626.72,1635.18,9825.9329
1744664400000,1635.19,1635.62,1606.01,1624.63,17034.8349
1744668000000,1624.64,1625.12,1614.33,1621.05,10090.2154
1744671600000,1621.06,1629.35,1618.3,1623.77,10434.6542
1744675200000,1623.78,1634.38,1614.8,1631.09,16889.1951
1744678800000,1631.09,1637.88,1615.65,1634.3,17936.8803
1744682400000,1634.3,1637.99,1617.1,1631.72,15645.435
1744686000000,1631.72,1643.7,1627.51,1637.89,16121.932
1744689600000,1637.9,1641.39,1632.06,1639.25,10521.3169
1744693200000,1639.24,1648.47,1639.0,1639.03,18842.9663
1744696800000,1639.02,1643.09,1633.94,1636.75,10781.8166
1744700400000,1636.74,1647.03,1636.4,1644.84,9626.7018
1744704000000,1644.83,1647.45,1638.8,1641.07,12965.5215
1744707600000,1641.06,1651.96,1634.91,1648.59,18019.1677
1744711200000,1648.59,1651.46,1626.29,1633.11,24005.8439
1744714800000,1633.11,1633.36,1622.47,1632.05,16983.6226
1744718400000,1632.06,1642.9,1629.06,1641.94,15348.4079
1744722000000,1641.94,1661.21,1620.5,1629.0,62847.1534
1744725600000,1629.01,1637.2,1601.36,1620.57,68186.2912
1744729200000,1620.57,1631.4,1612.01,1621.02,21421.966
1744732800000,1621.01,1627.99,1619.0,1622.56,11936.7438
1744736400000,1622.57,1626.92,1612.96,1616.03,15356.7422
1744740000000,1616.04,1619.04,1604.34,1610.49,19021.7588
1744743600000,1610.48,1613.12,1597.17,1606.96,18561.3152
1744747200000,1606.95,1614.78,1586.35,1594.94,19728.2371
1744750800000,1594.94,1605.91,1589.8,1603.65,10600.0953
1744754400000,1603.64,1603.8,1583.12,1590.89,12769.9427
1744758000000,1590.88,1597.68,1585.42,1588.78,12059.8382
1744761600000,1588.77,1595.08,1576.5,1581.1,20395.6199
1744765200000,1581.1,1600.8,1578.83,1596.69,14257.4116
1744768800000,1596.69,1604.4,1593.0,1598.59,11044.005
1744772400000,1598.6,1601.0,1589.04,1591.04,8028.2243
1744776000000,1591.04,1593.66,1577.0,1587.25,17218.8889
1744779600000,1587.25,1592.93,1551.18,1569.36,51562.8945
1744783200000,1569.35,1579.99,1566.6,1576.48,16328.5973
1744786800000,1576.48,1579.15,1563.0,1564.28,12902.4428
1744790400000,1564.28,1583.48,1556.7,1575.49,25362.7748
1744794000000,1575.49,1579.64,1567.54,1568.28,12454.5239
1744797600000,1568.28,1584.26,1567.7,1581.62,12215.5002
1744801200000,1581.63,1586.1,1576.24,1584.17,11103.1602
1744804800000,1584.18,1588.6,1575.18,1577.34,15202.901
1744808400000,1577.35,1582.06,1566.28,1567.62,28519.5387
1744812000000,1567.61,1599.32,1567.17,1591.0,44613.9958
1744815600000,1591.0,1613.66,1585.26,1590.69,39601.9994
1744819200000,1590.7,1597.19,1576.13,1592.66,21231.1211
1744822800000,1592.66,1612.83,1538.07,1545.7,92373.2671
1744826400000,1545.71,1580.25,1543.19,1566.5,53253.429
1744830000000,1566.49,1595.45,1552.36,1588.6,41673.0146
1744833600000,1588.61,1594.18,1570.0,1573.63,17199.7616
1744837200000,1573.62,1598.15,1571.54,1592.03,20905.7545
1744840800000,1592.04,1592.9,1583.8,1587.72,11389.3154
1744844400000,1587.72,1588.53,1572.67,1577.14,12549.727
1744848000000,1577.15,1586.82,1574.69,1585.2,15354.1405
1744851600000,1585.19,1593.84,1582.76,1589.3,14396.747
1744855200000,1589.31,1593.24,1582.0,1591.93,14285.6358
1744858800000,1591.93,1595.57,1577.47,1584.91,15875.0114
1744862400000,1584.91,1592.56,1580.99,1591.29,11278.5838
1744866000000,1591.29,1603.69,1589.84,1598.99,19649.8241
1744869600000,1598.98,1609.45,1597.38,1602.1,17944.2278
1744873200000,1602.11,1610.53,1599.58,1601.6,16771.1287
1744876800000,1601.6,1604.23,1594.1,1595.38,12576.2231
1744880400000,1595.37,1597.56,1591.43,1595.43,13367.8032
1744884000000,1595.43,1597.19,1588.65,1593.56,9634.5336
1744887600000,1593.59,1598.74,1589.08,1593.27,8662.3952
1744891200000,1593.27,1603.19,1593.05,1601.7,14494.085
1744894800000,1601.71,1601.77,1589.25,1593.78,18405.688
1744898400000,1593.77,1594.55,1563.2,1569.91,35914.7149
1744902000000,1569.91,1587.68,1569.9,1583.17,24396.5394
1744905600000,1583.17,1616.96,1577.68,1605.38,66436.2837
1744909200000,1605.38,1616.45,1600.54,1610.04,24401.379
1744912800000,1610.04,1615.7,1600.7,1600.82,22925.2341
1744916400000,1600.82,1603.8,1577.02,1581.45,33579.6656
1744920000000,1581.44,1590.77,1580.32,1584.51,14411.4979
1744923600000,1584.5,1591.84,1582.66,1587.64,7472.8587
1744927200000,1587.64,1591.75,1579.0,1579.2,8656.2456
1744930800000,1579.2,1588.59,1579.2,1583.62,8979.9167
1744934400000,1583.63,1585.13,1577.23,1579.8,10768.6983
1744938000000,1579.8,1589.19,1578.09,1582.99,10173.8811
1744941600000,1583.0,1587.42,1578.97,1584.57,11579.3578
1744945200000,1584.57,1585.39,1579.09,1584.15,6270.4302
1744948800000,1584.14,1585.1,1578.75,1580.88,8415.9869
1744952400000,1580.87,1581.5,1573.54,1581.4,14194.4793
1744956000000,1581.4,1581.9,1575.86,1581.04,8489.1931
1744959600000,1581.05,1585.19,1577.01,1584.09,9986.9314
1744963200000,1584.1,1592.82,1583.56,1586.97,10054.2842
1744966800000,1586.97,1592.0,1584.25,1588.44,7500.5172
1744970400000,1588.45,1590.0,1583.05,1584.08,6546.1725
1744974000000,1584.08,1591.0,1582.3,1590.67,6393.1581
1744977600000,1590.67,1597.2,1587.18,1593.24,11551.2287
1744981200000,1593.24,1593.73,1587.19,1593.04,7250.567
1744984800000,1593.04,1596.19,1586.18,1589.21,9615.6703
1744988400000,1589.2,1589.98,1579.09,1583.17,12274.0375
1744992000000,1583.17,1587.96,1581.8,1587.4,6052.4789
1744995600000,1587.4,1593.0,1585.17,1591.86,6633.9682
1744999200000,1591.85,1595.0,1589.8,1593.56,6719.9139
1745002800000,1593.56,1595.18,1590.78,1593.31,5767.7813
1745006400000,1593.31,1594.8,1590.49,1593.47,4871.2631
1745010000000,1593.46,1600.64,1592.7,1599.75,8149.807
1745013600000,1599.75,1600.0,1592.17,1592.97,4989.8168
1745017200000,1592.97,1593.15,1587.01,1588.6,6159.4131
1745020800000,1588.6,1590.25,1585.01,1586.21,5469.1297
1745024400000,1586.21,1590.86,1585.8,1590.05,5465.9474
1745028000000,1590.04,1596.34,1587.7,1592.34,9790.8516
1745031600000,1592.35,1600.26,1592.21,1597.76,10346.4694
1745035200000,1597.75,1613.48,1597.0,1603.47,19342.2749
1745038800000,1603.47,1605.75,1601.08,1602.24,6154.5733
1745042400000,1602.24,1603.26,1595.33,1596.55,9406.2858
1745046000000,1596.55,1604.2,1596.54,1600.94,8181.5491
1745049600000,1600.94,1605.23,1598.5,1602.95,7007.6877
1745053200000,1602.96,1606.4,1597.66,1598.16,8349.432
1745056800000,1598.16,1600.83,1594.07,1596.39,8541.8633
1745060400000,1596.39,1598.9,1594.86,1596.79,6271.2793
1745064000000,1596.8,1599.2,1595.05,1597.19,4984.9191
1745067600000,1597.2,1606.4,1595.2,1604.48,11874.882
1745071200000,1604.47,1608.11,1603.0,1606.18,9369.6314
1745074800000,1606.17,1612.29,1603.26,1607.28,12812.1907
1745078400000,1607.28,1611.1,1598.5,1599.78,11310.3128
1745082000000,1599.78,1631.81,1599.25,1618.84,30063.8217
1745085600000,1618.83,1623.13,1614.6,1615.19,11017.0472
1745089200000,1615.19,1618.43,1613.36,1614.79,6346.6061
1745092800000,1614.8,1617.0,1611.06,1614.01,6243.2359
1745096400000,1614.01,1622.37,1614.0,1620.77,6132.5453
1745100000000,1620.76,1621.36,1616.0,1619.41,3475.6927
1745103600000,1619.42,1620.56,1612.01,1613.27,5138.1615
1745107200000,1613.26,1615.11,1608.0,1610.11,7664.7612
1745110800000,1610.11,1619.13,1609.61,1617.91,8159.332
1745114400000,1617.9,1619.19,1613.5,1615.93,4723.011
1745118000000,1615.92,1616.88,1609.45,1611.87,6878.0398
1745121600000,1611.87,1617.65,1611.18,1614.62,5189.5171
1745125200000,1614.58,1616.2,1609.5,1609.86,6085.4074
1745128800000,1609.87,1613.17,1602.66,1605.44,9604.9293
1745132400000,1605.44,1605.44,1586.6,1597.46,26450.6513
1745136000000,1597.46,1597.61,1586.45,1590.04,12946.3374
1745139600000,1590.03,1593.22,1588.35,1591.77,12749.0866
1745143200000,1591.76,1592.69,1569.0,1574.53,38762.4345
1745146800000,1574.53,1579.99,1565.59,1572.62,22521.6012
1745150400000,1572.61,1579.79,1571.3,1576.12,9805.8625
1745154000000,1576.13,1581.4,1571.12,1577.51,13818.807
1745157600000,1577.5,1584.04,1576.6,1580.23,9082.7003
1745161200000,1580.22,1580.86,1571.1,1573.5,9097.2387
1745164800000,1573.51,1582.5,1571.49,1581.5,9889.8316
1745168400000,1581.49,1581.85,1575.74,1579.72,5703.1627
1745172000000,1579.72,1582.03,1578.24,1581.42,6077.2987
1745175600000,1581.41,1587.97,1579.04,1586.17,6519.0206
1745179200000,1586.19,1600.75,1585.12,1589.88,17248.6433
1745182800000,1589.88,1591.08,1583.62,1589.0,8339.5213
1745186400000,1588.99,1589.2,1574.68,1582.16,10844.994
1745190000000,1582.16,1587.96,1582.16,1587.36,7890.0411
1745193600000,1587.36,1620.49,1586.18,1610.09,44169.0729
1745197200000,1610.1,1629.85,1608.01,1628.64,35128.4759
1745200800000,1628.64,1645.45,1625.01,1632.66,49113.0504
1745204400000,1632.66,1642.92,1632.01,1634.54,32198.2725
1745208000000,1634.55,1641.3,1631.3,1640.08,21224.3167
1745211600000,1640.09,1656.79,1637.43,1648.21,45269.9396
1745215200000,1648.21,1658.75,1644.56,1647.91,31580.3029
1745218800000,1647.9,1650.38,1641.5,1645.92,16601.328
1745222400000,1645.92,1649.45,1643.76,1649.16,10281.0228
1745226000000,1649.15,1655.0,1639.47,1642.58,19708.1387
1745229600000,1642.58,1643.42,1628.29,1635.7,26561.3721
1745233200000,1635.7,1636.17,1617.85,1626.34,21044.9041
1745236800000,1626.34,1631.69,1623.58,1623.71,12302.2199
1745240400000,1623.7,1630.5,1611.51,1611.88,24595.6237
1745244000000,1611.87,1641.82,1608.6,1634.16,50137.0847
1745247600000,1634.15,1635.16,1618.65,1623.3,23384.7005
1745251200000,1623.3,1626.09,1587.18,1589.6,36905.0876
1745254800000,1589.6,1590.25,1571.37,1578.42,64646.0353
1745258400000,1578.43,1579.22,1567.28,1567.73,26477.9077
1745262000000,1567.73,1581.1,1564.07,1573.7,47806.5291
1745265600000,1573.7,1578.06,1571.35,1577.77,16746.8864
1745269200000,1577.77,1580.16,1572.33,1578.52,9410.1189
1745272800000,1578.51,1578.9,1571.51,1577.85,12359.5363
1745276400000,1577.85,1580.75,1572.11,1579.57,13834.74
1745280000000,1579.57,1580.8,1537.26,1568.93,61120.5396
1745283600000,1568.92,1589.03,1565.0,1587.53,36183.7982
1745287200000,1587.52,1593.73,1567.04,1577.09,30387.9568
1745290800000,1577.08,1580.79,1571.21,1579.22,16956.8666
1745294400000,1579.22,1586.9,1577.62,1577.97,14200.0073
1745298000000,1577.96,1584.28,1574.0,1583.71,16556.5784
1745301600000,1583.72,1585.56,1574.9,1583.74,13707.753
1745305200000,1583.75,1624.0,1582.64,1619.21,74667.5477
1745308800000,1619.2,1634.49,1618.7,1627.75,46906.2779
1745312400000,1627.75,1633.37,1621.74,1625.36,24010.0708
1745316000000,1625.36,1630.0,1613.01,1628.46,24340.7515
1745319600000,1628.46,1638.16,1625.78,1631.03,22923.8269
1745323200000,1631.03,1640.0,1627.48,1634.92,23776.8157
1745326800000,1634.92,1653.79,1626.85,1642.98,68132.5755
1745330400000,1642.98,1680.0,1638.02,1675.0,120370.7854
1745334000000,1674.99,1725.81,1674.11,1703.01,177880.6917
1745337600000,1703.0,1710.66,1686.4,1691.72,36920.0623
1745341200000,1691.71,1702.99,1683.08,1700.42,43852.3269
1745344800000,1700.43,1707.4,1695.71,1703.79,15986.6113
1745348400000,1703.78,1705.39,1683.66,1698.22,20258.3817
1745352000000,1698.22,1701.99,1691.68,1695.32,19661.7569
1745355600000,1695.31,1778.0,1694.17,1754.25,100811.2047
1745359200000,1754.2,1761.53,1738.5,1745.7,47437.0639
1745362800000,1745.7,1764.35,1745.0,1756.26,45986.7079
1745366400000,1756.25,1763.45,1744.95,1751.27,28919.7809
1745370000000,1751.28,1788.0,1747.3,1762.28,66713.0514
1745373600000,1762.28,1807.56,1761.41,1792.21,71533.1078
1745377200000,1792.21,1797.41,1780.0,1795.49,26097.6781
1745380800000,1795.49,1818.18,1782.0,1817.01,35357.1849
1745384400000,1817.0,1817.0,1794.4,1797.41,52695.3959
1745388000000,1797.4,1802.22,1786.18,1788.84,49182.379
1745391600000,1788.84,1795.5,1773.93,1792.11,43249.4428
1745395200000,1792.1,1801.47,1785.93,1791.32,39255.575
1745398800000,1791.33,1801.78,1785.54,1785.55,24164.9171
1745402400000,1785.54,1809.14,1779.2,1803.71,28452.3876
1745406000000,1803.7,1812.2,1792.35,1797.23,27802.6046
1745409600000,1797.22,1830.0,1795.1,1815.09,48105.9305
1745413200000,1815.09,1834.86,1782.83,1786.87,99896.7108
1745416800000,1786.86,1803.3,1781.41,1788.12,47599.6664
1745420400000,1788.12,1798.15,1761.62,1794.6,76404.5227
1745424000000,1794.6,1798.21,1781.87,1792.6,29113.4925
1745427600000,1792.59,1804.13,1787.89,1800.72,21073.4765
1745431200000,1800.72,1810.0,1794.0,1798.21,16273.2483
1745434800000,1798.21,1799.09,1774.47,1786.03,21880.216
1745438400000,1786.03,1799.81,1785.73,1795.59,9461.0242
1745442000000,1795.59,1798.8,1786.76,1791.58,6248.0764
1745445600000,1791.59,1805.9,1789.6,1803.42,9487.1889
1745449200000,1803.42,1806.91,1791.5,1795.07,8578.5733
1745452800000,1795.08,1798.42,1783.48,1789.89,12883.4854
1745456400000,1789.9,1797.82,1781.53,1793.99,11161.484
1745460000000,1794.0,1802.82,1775.5,1779.36,19106.286
1745463600000,1779.36,1791.0,1766.52,1768.18,25614.9865
1745467200000,1768.16,1773.47,1758.0,1772.32,25944.8794
1745470800000,1772.32,1776.34,1766.43,1769.59,10623.0375
1745474400000,1769.58,1776.0,1762.01,1768.19,12315.6762
1745478000000,1768.19,1774.62,1751.27,1756.25,27355.6553
1745481600000,1756.25,1760.7,1722.9,1734.91,64193.0206
1745485200000,1734.91,1747.2,1734.5,1743.5,19292.247
1745488800000,1743.5,1751.47,1739.93,1750.17,13226.9506
1745492400000,1750.17,1757.4,1741.47,1755.1,15252.425
1745496000000,1755.1,1757.95,1747.4,1757.86,15162.4504
1745499600000,1757.86,1760.88,1744.4,1753.55,21264.1997
1745503200000,1753.55,1776.35,1752.85,1765.37,40974.24
1745506800000,1765.37,1777.77,1762.2,1764.62,29454.3897
1745510400000,1764.62,1777.5,1763.28,1770.4,23917.3188
1745514000000,1770.4,1773.78,1746.04,1755.41,31234.5268
1745517600000,1755.4,1769.2,1755.0,1763.24,12393.7559
1745521200000,1763.25,1766.79,1756.01,1763.1,8814.9947
1745524800000,1763.1,1770.0,1761.13,1762.01,9665.8341
1745528400000,1762.01,1764.19,1749.04,1760.8,10949.0576
1745532000000,1760.8,1765.0,1755.94,1760.0,11450.4194
1745535600000,1759.99,1774.84,1758.75,1769.65,11213.7179
1745539200000,1769.64,1775.44,1763.2,1774.15,11926.0376
1745542800000,1774.15,1790.5,1765.01,1765.93,27537.8398
1745546400000,1765.93,1770.87,1738.6,1744.61,34757.9676
1745550000000,1744.61,1762.14,1740.15,1760.89,17224.9915
1745553600000,1760.89,1771.8,1758.14,1766.0,11485.2041
1745557200000,1766.0,1770.99,1763.07,1767.26,8180.4764
1745560800000,1767.26,1780.46,1765.62,1776.96,14568.7138
1745564400000,1776.96,1781.88,1770.29,1777.18,22421.1221
1745568000000,1777.17,1778.8,1772.5,1775.19,15888.4639
1745571600000,1775.18,1793.29,1764.29,1788.11,30308.2849
1745575200000,1788.1,1791.79,1769.07,1771.6,27845.7896
1745578800000,1771.61,1790.49,1771.61,1790.49,20020.0098
1745582400000,1790.49,1802.7,1770.92,1773.1,43324.8466
1745586000000,1773.11,1779.43,1757.25,1769.11,36095.961
1745589600000,1769.1,1813.7,1768.47,1808.34,71504.1276
1745593200000,1808.34,1827.32,1801.2,1806.48,74586.911
1745596800000,1806.48,1809.23,1788.11,1801.75,24263.6719
1745600400000,1801.75,1810.89,1782.4,1785.82,29884.8449
1745604000000,1785.83,1803.0,1785.83,1796.4,10180.3358
1745607600000,1796.4,1802.85,1791.5,1802.16,17609.6401
1745611200000,1802.16,1806.3,1792.16,1798.33,12480.1878
1745614800000,1798.32,1809.4,1785.4,1789.81,15573.558
1745618400000,1789.82,1799.54,1788.76,1795.65,5122.8449
1745622000000,1795.65,1798.8,1783.85,1784.6,12819.0587
1745625600000,1784.6,1798.68,1784.6,1796.42,23399.4707
1745629200000,1796.41,1815.81,1791.51,1807.3,15670.8383
1745632800000,1807.29,1815.53,1801.41,1807.99,25064.7748
1745636400000,1807.99,1810.11,1792.88,1797.48,15000.6273
1745640000000,1797.48,1800.59,1790.21,1791.84,8090.1727
1745643600000,1791.84,1797.88,1789.0,1794.45,6322.5534
1745647200000,1794.45,1807.07,1794.0,1803.05,8579.7032
1745650800000,1803.06,1810.88,1800.0,1800.49,12840.6197
1745654400000,1800.49,1841.16,1798.23,1806.35,53153.9222
1745658000000,1806.35,1815.67,1792.96,1803.47,24744.7738
1745661600000,1803.48,1811.07,1801.44,1803.89,10330.0804
1745665200000,1803.9,1806.39,1778.94,1785.85,27700.9803
1745668800000,1785.86,1799.28,1784.2,1791.7,14918.4658
1745672400000,1791.71,1795.5,1780.1,1790.42,14984.6726
1745676000000,1790.41,1796.7,1785.06,1792.2,10229.948
1745679600000,1792.2,1804.0,1792.19,1800.2,13038.4886
1745683200000,1800.2,1804.87,1795.86,1802.94,7168.936
1745686800000,1802.94,1807.26,1799.3,1804.5,6625.7425
1745690400000,1804.49,1808.25,1800.82,1802.79,6192.0231
1745694000000,1802.8,1814.89,1800.92,1813.08,8135.4026
1745697600000,1813.08,1818.52,1805.51,1805.7,10269.6337
1745701200000,1805.69,1815.81,1805.69,1812.05,7077.823
1745704800000,1812.05,1831.09,1812.05,1816.28,17956.6431
1745708400000,1816.27,1822.98,1814.05,1820.88,7571.7484
1745712000000,1820.87,1849.5,1820.0,1842.03,33911.0313
1745715600000,1842.04,1857.47,1801.02,1804.6,63309.4394
1745719200000,1804.61,1818.1,1801.07,1813.24,14113.3224
1745722800000,1813.23,1817.5,1805.55,1809.75,14442.8477
1745726400000,1809.75,1811.6,1797.02,1798.2,15348.8644
1745730000000,1798.2,1806.67,1790.27,1798.69,15642.4511
1745733600000,1798.69,1804.28,1797.81,1800.62,9100.3857
1745737200000,1800.62,1805.4,1797.22,1803.76,5844.1585
1745740800000,1803.75,1815.52,1801.56,1810.09,12489.6545
1745744400000,1810.1,1813.34,1805.31,1810.65,6538.6553
1745748000000,1810.66,1812.94,1806.0,1809.19,5887.0317
1745751600000,1809.19,1809.91,1803.35,1805.94,7128.0141
1745755200000,1805.94,1807.49,1794.23,1796.19,14963.0046
1745758800000,1796.19,1800.38,1781.9,1797.96,23003.5787
1745762400000,1797.95,1808.1,1793.09,1796.63,17171.9885
1745766000000,1796.63,1797.82,1789.11,1793.86,10857.0406
1745769600000,1793.85,1798.19,1787.31,1795.29,12031.9183
1745773200000,1795.29,1801.89,1792.86,1798.12,7051.84
1745776800000,1798.12,1808.47,1797.08,1803.39,7934.4751
1745780400000,1803.4,1808.4,1800.79,1808.01,5844.1454
1745784000000,1808.01,1808.26,1798.51,1802.5,6631.9989
1745787600000,1802.51,1807.3,1796.14,1803.0,5146.7824
1745791200000,1803.0,1803.2,1784.59,1794.6,18511.8933
1745794800000,1794.59,1796.4,1788.41,1791.29,7428.1216
1745798400000,1791.29,1793.83,1768.0,1773.59,44175.2903
1745802000000,1773.59,1778.69,1752.18,1763.89,37949.9495
1745805600000,1763.89,1774.13,1761.81,1772.99,16802.5399
1745809200000,1772.99,1787.1,1769.81,1784.23,11413.8811
1745812800000,1784.23,1794.14,1784.23,1787.76,11060.2733
1745816400000,1787.75,1802.88,1786.2,1795.8,18918.5225
1745820000000,1795.8,1806.31,1795.62,1804.69,15568.387
1745823600000,1804.68,1812.08,1800.4,1804.79,17524.7753
1745827200000,1804.8,1810.4,1801.48,1809.39,12486.9681
1745830800000,1809.4,1815.88,1804.48,1805.76,13790.5688
1745834400000,1805.76,1824.0,1788.3,1815.39,46627.3895
1745838000000,1815.4,1827.98,1810.41,1816.2,22839.6302
1745841600000,1816.2,1816.97,1804.87,1806.87,28717.624
1745845200000,1806.87,1810.6,1782.19,1784.22,40042.0464
1745848800000,1784.21,1799.0,1780.0,1781.92,25868.6299
1745852400000,1781.93,1785.4,1753.0,1763.28,48908.4342
1745856000000,1763.27,1768.64,1744.71,1757.99,39278.378
1745859600000,1757.99,1774.74,1754.7,1770.86,19204.1763
1745863200000,1770.86,1781.69,1764.61,1778.2,16978.99
1745866800000,1778.21,1804.79,1777.63,1797.17,43611.7744
1745870400000,1797.17,1798.95,1783.4,1785.83,14808.3889
1745874000000,1785.83,1794.47,1781.16,1793.45,8259.6458
1745877600000,1793.46,1805.8,1791.6,1801.88,17117.1055
1745881200000,1801.88,1807.0,1795.11,1799.88,15316.3741
1745884800000,1799.88,1805.88,1793.71,1802.08,13288.0216
1745888400000,1802.09,1811.56,1792.63,1796.5,21206.8494
1745892000000,1796.51,1801.85,1787.89,1794.63,15275.4008
1745895600000,1794.66,1805.24,1792.27,1802.08,10762.9045
1745899200000,1802.07,1804.86,1789.19,1792.38,11418.4711
1745902800000,1792.39,1796.6,1788.16,1794.89,10248.0919
1745906400000,1794.89,1822.21,1794.2,1821.13,35543.7727
1745910000000,1821.14,1824.94,1816.47,1821.71,20138.1049
1745913600000,1821.71,1835.95,1816.92,1832.5,31266.0013
1745917200000,1832.51,1835.2,1824.47,1831.85,22357.3796
1745920800000,1831.85,1842.99,1823.04,1825.71,31068.4523
1745924400000,1825.7,1838.57,1824.97,1829.77,19542.3978
1745928000000,1829.76,1833.42,1821.03,1821.8,15446.4226
1745931600000,1821.8,1824.98,1802.02,1814.64,41462.4638
1745935200000,1814.64,1826.32,1809.57,1823.51,30582.9137
1745938800000,1823.51,1825.4,1812.19,1814.99,13100.1969
1745942400000,1814.99,1832.49,1813.74,1816.23,21593.7473
1745946000000,1816.23,1829.84,1807.48,1825.19,19364.8866
1745949600000,1825.19,1828.9,1820.9,1825.58,12696.705
1745953200000,1825.57,1828.68,1819.0,1821.65,10443.775
1745956800000,1821.66,1825.69,1807.23,1808.68,12267.9086
1745960400000,1808.68,1811.44,1789.85,1800.57,24600.8178
1745964000000,1800.56,1800.56,1790.2,1792.69,12150.5303
1745967600000,1792.69,1799.91,1780.47,1797.81,24630.1729
1745971200000,1797.81,1813.09,1794.7,1805.61,15446.3568
1745974800000,1805.6,1806.65,1788.9,1797.62,11037.4993
1745978400000,1797.62,1806.14,1793.6,1802.99,8637.7898
1745982000000,1802.99,1812.6,1798.45,1808.91,12401.5159
1745985600000,1808.92,1813.0,1805.28,1811.91,10832.0871
1745989200000,1811.9,1812.34,1801.4,1806.11,9742.5504
1745992800000,1806.12,1808.83,1802.83,1803.24,6117.8712
1745996400000,1803.24,1807.68,1791.1,1796.37,12115.4263
1746000000000,1796.37,1802.13,1792.8,1795.24,11807.6378
1746003600000,1795.24,1808.3,1795.0,1806.56,10415.2371
1746007200000,1806.57,1810.8,1803.84,1807.53,9413.7609
1746010800000,1807.54,1816.8,1807.54,1815.7,11736.4513
1746014400000,1815.69,1816.4,1767.32,1775.46,53253.6258
1746018000000,1775.46,1776.33,1735.2,1740.85,74123.1297
1746021600000,1740.84,1773.0,1731.7,1759.27,63772.4296
1746025200000,1759.27,1771.92,1757.57,1764.74,23862.3986
1746028800000,1764.73,1771.15,1756.07,1767.99,15747.7174
1746032400000,1767.99,1779.59,1761.8,1775.53,14162.5151
1746036000000,1775.53,1789.6,1773.01,1782.48,24564.7062
1746039600000,1782.49,1792.97,1775.92,1786.69,13303.3257
1746043200000,1786.7,1809.72,1784.61,1794.01,31746.315
1746046800000,1794.0,1800.7,1790.67,1792.52,10686.5924
1746050400000,1792.52,1799.52,1789.24,1795.39,11421.1998
1746054000000,1795.4,1799.5,1792.21,1793.61,7175.8485
