ts,o,h,l,c,v
1709251200000,125.68,133.0,125.61,132.93,533824.23
1709254800000,132.93,137.2,131.47,135.71,805311.11
1709258400000,135.7,136.64,132.42,133.85,433936.79
1709262000000,133.85,136.3,133.56,133.94,371957.45
1709265600000,133.95,137.53,133.84,137.49,428959.87
1709269200000,137.48,137.8,133.53,134.05,370617.83
1709272800000,134.04,135.21,132.61,133.47,310756.65
1709276400000,133.48,134.25,131.59,131.92,258288.84
1709280000000,131.91,133.2,130.75,132.17,280196.07
1709283600000,132.16,134.24,132.12,133.98,268047.46
1709287200000,133.98,135.0,133.23,134.12,223366.35
1709290800000,134.12,135.47,133.41,135.37,274387.16
1709294400000,135.37,135.37,133.64,134.28,282829.51
1709298000000,134.28,134.98,133.36,134.93,256402.38
1709301600000,134.93,134.98,131.3,132.93,410318.15
1709305200000,132.94,133.68,130.23,131.18,504788.67
1709308800000,131.18,131.58,129.36,129.41,342276.41
1709312400000,129.41,132.82,129.35,131.96,376933.38
1709316000000,131.96,133.7,130.64,132.85,379523.3
1709319600000,132.85,133.3,129.92,130.93,266384.92
1709323200000,130.92,131.78,129.74,131.6,320706.81
1709326800000,131.61,131.61,129.75,130.83,272255.84
1709330400000,130.83,131.62,129.88,130.66,196003.17
1709334000000,130.67,131.68,129.32,129.43,208558.74
1709337600000,129.43,131.69,129.16,130.35,392219.96
1709341200000,130.35,130.39,127.2,129.07,450174.7
1709344800000,129.07,130.04,128.48,129.8,207214.23
1709348400000,129.81,130.2,129.14,130.06,161288.79
1709352000000,130.06,130.71,129.18,129.23,198734.33
1709355600000,129.23,129.49,127.8,128.3,186626.78
1709359200000,128.3,129.5,127.9,129.14,152379.82
1709362800000,129.15,129.24,127.96,129.16,140869.4
1709366400000,129.16,130.53,127.63,129.79,266263.0
1709370000000,129.79,130.47,127.28,128.5,299225.7
1709373600000,128.5,129.43,127.95,128.24,146212.68
1709377200000,128.24,129.27,128.18,128.69,138686.26
1709380800000,128.69,130.2,128.45,129.68,196455.46
1709384400000,129.68,130.44,128.79,129.29,191623.73
1709388000000,129.29,129.37,127.35,128.44,313854.37
1709391600000,128.45,128.91,127.5,127.91,127264.47
1709395200000,127.92,128.69,127.46,128.27,139993.77
1709398800000,128.27,128.75,127.75,127.91,132151.62
1709402400000,127.91,129.72,127.84,129.66,128685.32
1709406000000,129.66,130.79,129.49,130.63,169731.04
1709409600000,130.63,131.46,128.41,129.19,219060.12
1709413200000,129.19,129.73,128.43,128.8,81655.8
1709416800000,128.79,129.37,128.19,128.3,96228.53
1709420400000,128.3,130.13,128.25,130.02,156652.06
1709424000000,130.03,130.34,128.71,128.8,283591.65
1709427600000,128.8,130.73,128.42,130.08,251213.45
1709431200000,130.08,130.27,128.23,129.22,177524.82
1709434800000,129.23,130.28,129.01,130.15,120636.36
1709438400000,130.14,130.56,129.64,130.23,101332.22
1709442000000,130.24,130.33,129.34,129.61,77850.9
1709445600000,129.62,130.3,128.48,129.2,185237.56
1709449200000,129.21,129.49,124.17,126.76,650846.96
1709452800000,126.77,127.47,125.0,126.77,466146.68
1709456400000,126.77,131.35,126.51,129.93,558609.94
1709460000000,129.93,130.46,128.95,129.06,203629.71
1709463600000,129.05,129.72,128.65,128.71,137945.19
1709467200000,128.7,129.19,127.5,128.27,344349.07
1709470800000,128.27,129.0,127.99,128.7,150411.6
1709474400000,128.7,129.6,128.17,128.64,193750.03
1709478000000,128.65,129.59,128.65,129.36,109952.84
1709481600000,129.35,130.33,128.77,130.32,224039.89
1709485200000,130.32,130.99,129.7,130.42,199506.66
1709488800000,130.42,131.14,130.0,130.52,123348.65
1709492400000,130.52,130.98,129.9,130.17,93079.7
1709496000000,130.17,130.5,129.63,129.75,117044.01
1709499600000,129.74,130.31,129.48,130.23,75187.26
1709503200000,130.22,132.11,129.72,130.95,194252.01
1709506800000,130.95,131.31,129.6,130.16,188883.7
1709510400000,130.16,133.0,129.0,130.79,526696.49
1709514000000,130.79,131.27,129.49,130.18,245296.13
1709517600000,130.18,130.5,129.0,130.15,213862.6
1709521200000,130.15,130.19,128.42,128.98,205221.41
1709524800000,128.97,129.89,128.5,129.66,125648.34
1709528400000,129.65,129.81,128.73,128.88,156111.68
1709532000000,128.87,129.33,128.6,129.22,139838.61
1709535600000,129.21,129.64,128.67,129.6,148909.4
1709539200000,129.61,132.5,129.47,132.0,552395.71
1709542800000,132.0,134.95,130.8,134.3,492890.56
1709546400000,134.3,134.46,130.41,131.58,534332.32
1709550000000,131.58,132.9,130.65,132.58,304618.29
1709553600000,132.59,133.71,131.77,132.7,235646.07
1709557200000,132.7,133.35,130.11,130.72,323323.22
1709560800000,130.73,132.32,129.35,131.86,434076.59
1709564400000,131.85,133.07,131.51,131.77,370954.34
1709568000000,131.76,132.03,129.4,129.6,477486.38
1709571600000,129.59,130.76,127.35,127.44,682872.58
1709575200000,127.44,130.14,127.39,130.13,399820.41
1709578800000,130.13,130.7,128.91,129.53,282089.77
1709582400000,129.53,129.85,128.87,129.54,228872.85
1709586000000,129.54,130.46,128.15,130.46,198443.7
1709589600000,130.46,131.14,129.72,130.79,188764.66
1709593200000,130.79,133.34,130.5,133.27,585512.68
1709596800000,133.26,133.34,131.61,131.84,368041.82
1709600400000,131.83,132.73,130.99,132.19,306351.82
1709604000000,132.19,132.4,129.22,129.93,396843.91
1709607600000,129.93,130.35,129.18,130.13,274993.21
1709611200000,130.12,132.3,129.21,129.77,556564.84
1709614800000,129.77,133.03,127.68,132.67,753019.47
1709618400000,132.68,132.76,131.0,131.79,275960.59
1709622000000,131.8,132.06,129.47,129.48,254031.4
1709625600000,129.48,130.52,128.93,130.13,245292.02
1709629200000,130.12,130.66,129.29,130.07,145750.1
1709632800000,130.07,132.16,130.06,131.45,276919.27
1709636400000,131.45,132.08,130.63,130.68,217005.3
1709640000000,130.68,132.17,130.68,132.16,231115.55
1709643600000,132.17,133.04,131.41,132.66,348824.02
1709647200000,132.65,138.8,131.63,137.06,1089391.14
1709650800000,137.06,142.72,134.5,139.18,2138345.98
1709654400000,139.19,140.59,130.59,133.1,1966248.55
1709658000000,133.11,135.63,127.89,135.02,1122484.02
1709661600000,135.02,135.08,130.4,131.1,454160.01
1709665200000,131.1,132.87,105.0,119.24,1701554.48
1709668800000,119.24,123.55,115.95,118.28,1790562.24
1709672400000,118.27,123.13,118.17,121.1,964924.01
1709676000000,121.09,121.98,118.21,121.9,438526.96
1709679600000,121.93,127.34,121.41,125.31,718331.81
1709683200000,125.31,126.87,123.39,123.65,487787.75
1709686800000,123.65,124.79,121.75,122.15,374590.21
1709690400000,122.15,122.84,120.0,120.1,349990.99
1709694000000,120.11,122.66,120.08,122.38,233427.75
1709697600000,122.37,126.21,122.34,125.91,296324.9
1709701200000,125.91,129.75,125.0,129.59,611378.68
1709704800000,129.6,133.02,129.14,132.02,775698.68
1709708400000,132.02,133.31,130.93,133.2,402948.75
1709712000000,133.2,134.95,131.9,132.26,577387.64
1709715600000,132.27,132.84,129.04,129.33,437093.8
1709719200000,129.33,131.19,129.33,130.72,258139.62
1709722800000,130.73,132.71,130.48,131.93,408820.14
1709726400000,131.93,132.2,127.12,128.16,596231.23
1709730000000,128.16,128.87,126.13,127.95,709179.64
1709733600000,127.95,129.48,126.22,127.18,549134.38
1709737200000,127.17,128.88,125.33,128.22,544155.72
1709740800000,128.23,129.6,128.03,129.28,351711.19
1709744400000,129.29,130.29,128.35,129.95,338902.42
1709748000000,129.95,130.36,128.44,130.19,204638.43
1709751600000,130.19,132.0,129.38,130.81,313178.93
1709755200000,130.82,131.6,130.02,131.31,172788.75
1709758800000,131.31,132.4,130.48,132.19,227813.25
1709762400000,132.2,132.2,130.19,130.68,152022.6
1709766000000,130.67,132.16,130.27,130.79,208272.03
1709769600000,130.8,134.92,130.52,134.63,513218.88
1709773200000,134.63,137.4,132.38,137.37,748928.86
1709776800000,137.37,141.17,136.08,141.06,914779.86
1709780400000,141.05,141.77,137.86,138.19,579519.96
1709784000000,138.2,140.05,137.57,137.94,399152.71
1709787600000,137.95,139.7,136.03,137.35,340998.08
1709791200000,137.35,139.04,136.11,139.02,286284.77
1709794800000,139.02,139.73,137.33,138.24,278939.53
1709798400000,138.25,141.19,138.06,140.88,359719.67
1709802000000,140.88,141.72,139.51,139.76,289399.15
1709805600000,139.77,140.8,138.8,138.83,207960.55
1709809200000,138.82,144.45,138.26,140.28,985593.29
1709812800000,140.28,143.48,139.04,142.74,448557.11
1709816400000,142.73,145.0,141.5,144.68,571284.57
1709820000000,144.68,149.0,143.76,148.11,1139370.8
1709823600000,148.11,149.0,145.2,145.91,623797.93
1709827200000,145.92,147.56,145.72,147.34,385796.11
1709830800000,147.34,147.42,146.3,146.67,236870.92
1709834400000,146.66,148.98,145.21,148.88,338340.67
1709838000000,148.88,149.3,147.19,148.75,332657.11
1709841600000,148.75,148.94,146.54,146.58,262984.49
1709845200000,146.59,146.93,144.38,145.32,319165.6
1709848800000,145.32,146.07,144.39,144.74,176029.12
1709852400000,144.75,145.47,143.39,143.82,213625.56
1709856000000,143.82,146.13,143.8,145.56,250161.67
1709859600000,145.56,146.48,143.03,144.66,251823.38
1709863200000,144.66,145.71,144.45,144.97,125238.61
1709866800000,144.97,145.18,143.9,144.29,154622.01
1709870400000,144.3,144.85,143.09,144.23,189183.52
1709874000000,144.23,144.5,142.0,142.79,219891.08
1709877600000,142.79,145.3,142.16,145.0,243573.28
1709881200000,145.0,145.55,144.37,144.48,233055.47
1709884800000,144.48,146.32,144.31,145.79,155232.96
1709888400000,145.78,147.0,145.0,145.29,246262.43
1709892000000,145.28,147.14,145.18,146.18,211090.79
1709895600000,146.17,149.18,145.62,148.98,289906.08
1709899200000,148.98,149.98,148.25,148.98,318814.73
1709902800000,148.99,149.95,147.8,149.0,315622.87
1709906400000,149.01,152.64,148.2,151.68,463505.31
1709910000000,151.68,152.33,143.0,145.35,1437662.08
1709913600000,145.38,148.62,142.03,148.37,1115339.04
1709917200000,148.34,150.72,146.5,149.57,428280.73
1709920800000,149.57,149.87,147.46,148.08,204274.12
1709924400000,148.08,148.25,145.8,147.8,211721.2
1709928000000,147.8,149.09,146.07,146.49,278486.92
1709931600000,146.49,147.0,143.4,144.18,300633.15
1709935200000,144.18,145.09,143.64,144.1,252538.23
1709938800000,144.09,145.84,143.76,144.79,199825.99
1709942400000,144.79,147.0,144.58,146.19,270640.76
1709946000000,146.18,146.25,144.52,145.11,194201.83
1709949600000,145.1,146.62,143.8,146.39,183351.99
1709953200000,146.38,146.44,145.48,145.76,114818.42
1709956800000,145.75,147.08,145.34,146.99,149570.69
1709960400000,146.98,148.4,146.36,148.09,176110.58
1709964000000,148.09,149.15,147.98,148.81,200469.92
1709967600000,148.8,149.08,148.05,148.33,143179.3
1709971200000,148.34,148.75,147.06,147.27,147660.31
1709974800000,147.28,148.52,146.64,147.11,169697.0
1709978400000,147.11,147.41,145.0,146.79,207509.65
1709982000000,146.78,147.19,146.06,146.82,79499.56
1709985600000,146.83,146.87,145.0,146.01,144305.95
1709989200000,146.02,146.58,145.43,146.13,142867.9
1709992800000,146.12,146.81,145.5,146.23,149880.9
1709996400000,146.23,147.25,145.88,147.0,101410.43
1710000000000,147.0,147.22,145.2,145.47,192677.19
1710003600000,145.47,145.72,143.54,145.02,316380.18
1710007200000,145.02,145.8,144.6,144.98,163780.53
1710010800000,144.97,145.79,144.93,145.34,80486.05
1710014400000,145.34,146.16,145.34,145.84,92325.88
1710018000000,145.84,146.1,145.24,145.98,69660.66
1710021600000,145.98,146.7,144.93,144.94,71731.66
1710025200000,144.94,145.08,144.0,144.29,124659.47
1710028800000,144.3,146.17,143.8,145.72,186408.89
1710032400000,145.72,147.14,145.35,147.02,216495.91
1710036000000,147.02,148.31,146.62,147.49,201263.57
1710039600000,147.49,147.61,146.22,146.71,119641.33
1710043200000,146.7,147.26,146.58,146.83,106479.91
1710046800000,146.82,148.14,146.72,147.53,103219.07
1710050400000,147.53,147.79,146.9,147.2,96345.41
1710054000000,147.2,148.5,146.95,148.27,176206.97
1710057600000,148.27,148.49,147.53,147.85,103454.49
1710061200000,147.86,147.92,145.5,146.31,286751.99
1710064800000,146.31,147.66,146.18,146.81,151199.49
1710068400000,146.81,147.0,144.88,145.42,240097.11
1710072000000,145.42,145.86,144.25,145.44,288203.85
1710075600000,145.45,145.46,143.9,144.44,218746.17
1710079200000,144.44,144.75,141.36,143.98,458393.23
1710082800000,143.99,144.0,141.78,142.91,284411.53
1710086400000,142.91,145.11,142.78,144.07,243046.77
1710090000000,144.08,145.24,143.15,144.34,140421.16
1710093600000,144.33,145.09,143.77,144.65,106803.93
1710097200000,144.65,145.32,144.16,145.11,88406.73
1710100800000,145.1,145.3,144.16,144.9,78292.45
1710104400000,144.89,145.04,143.58,143.72,59236.4
1710108000000,143.72,143.8,140.43,141.83,337262.07
1710111600000,141.83,144.5,141.77,144.39,198730.82
1710115200000,144.39,144.5,136.49,140.28,523403.07
1710118800000,140.28,141.25,137.1,138.59,713482.83
1710122400000,138.59,139.43,137.69,139.04,340274.9
1710126000000,139.03,141.53,138.92,141.17,245456.37
1710129600000,141.16,141.68,140.15,140.45,118512.96
1710133200000,140.44,141.98,140.36,140.77,172735.23
1710136800000,140.77,143.56,139.54,143.48,190633.15
1710140400000,143.48,148.33,143.23,147.85,883506.96
1710144000000,147.85,150.2,147.73,149.03,709525.23
1710147600000,149.02,149.7,148.4,148.95,275712.48
1710151200000,148.94,149.0,147.97,148.45,285374.58
1710154800000,148.46,149.79,147.5,148.26,377617.97
1710158400000,148.27,150.0,147.86,149.06,316491.65
1710162000000,149.05,149.18,146.26,146.78,372424.73
1710165600000,146.78,150.07,146.72,147.13,372117.52
1710169200000,147.13,148.64,145.58,147.06,407050.12
1710172800000,147.06,147.88,145.76,147.01,408583.89
1710176400000,147.01,147.42,145.94,147.12,202399.43
1710180000000,147.11,148.31,146.81,147.32,177479.76
1710183600000,147.33,147.57,146.37,146.67,149273.42
1710187200000,146.67,147.39,146.48,147.35,104554.36
1710190800000,147.35,148.77,146.83,148.41,146577.9
1710194400000,148.42,148.42,147.46,147.86,106845.16
1710198000000,147.86,149.29,147.64,148.83,143350.68
1710201600000,148.83,150.0,147.19,147.24,265916.95
1710205200000,147.22,148.9,147.12,148.8,124009.68
1710208800000,148.81,152.0,148.45,151.12,369731.4
1710212400000,151.11,155.0,150.63,150.9,769653.94
1710216000000,150.91,154.54,149.36,153.82,503633.24
1710219600000,153.82,154.4,152.42,154.13,219150.49
1710223200000,154.12,154.37,150.96,153.5,427557.02
1710226800000,153.5,153.82,151.57,151.86,225815.06
1710230400000,151.86,152.55,147.9,149.92,455692.72
1710234000000,149.92,153.19,149.87,151.66,267321.91
1710237600000,151.65,152.28,150.09,150.64,215105.35
1710241200000,150.63,152.27,150.34,150.45,205897.42
1710244800000,150.45,152.0,148.05,151.34,473072.84
1710248400000,151.33,152.0,149.27,150.38,340275.4
1710252000000,150.39,151.97,148.14,149.09,519068.06
1710255600000,149.09,151.25,147.23,150.22,515132.07
1710259200000,150.23,150.95,146.1,146.26,620988.7
1710262800000,146.25,147.54,141.5,147.53,1067443.5
1710266400000,147.54,150.18,146.88,149.35,361784.47
1710270000000,149.36,150.03,148.61,149.88,146723.21
1710273600000,149.87,150.03,147.54,148.35,248547.71
1710277200000,148.35,148.67,146.97,147.32,191482.23
1710280800000,147.31,148.7,146.95,148.36,119663.28
1710284400000,148.36,151.29,147.92,151.05,276871.35
1710288000000,151.06,151.64,149.36,149.47,195401.17
1710291600000,149.47,151.07,148.92,150.4,158702.93
1710295200000,150.39,150.57,149.28,149.79,160313.98
1710298800000,149.79,150.0,148.71,149.28,154056.57
1710302400000,149.28,150.09,148.74,150.05,130030.05
1710306000000,150.05,153.0,149.51,151.68,351225.33
1710309600000,151.69,152.91,151.5,152.41,216167.31
1710313200000,152.41,152.92,150.17,150.74,319878.04
1710316800000,150.74,152.64,150.45,152.33,211567.2
1710320400000,152.32,153.12,151.43,151.97,208104.75
1710324000000,151.97,152.71,151.12,152.68,199215.2
1710327600000,152.67,154.69,152.64,153.73,313214.96
1710331200000,153.74,154.37,152.54,152.83,240356.11
1710334800000,152.82,153.6,149.61,151.38,440843.78
1710338400000,151.38,155.28,150.85,155.17,536010.63
1710342000000,155.17,159.49,154.0,157.25,1156246.98
1710345600000,157.25,158.46,156.59,158.17,376292.61
1710349200000,158.16,159.6,157.53,159.05,400921.78
1710352800000,159.06,161.7,158.49,161.06,365853.59
1710356400000,161.07,161.89,159.6,161.44,288507.02
1710360000000,161.44,161.44,159.48,159.92,277152.51
1710363600000,159.93,166.73,159.6,165.76,442339.73
1710367200000,165.76,166.24,163.1,163.46,309772.61
1710370800000,163.46,164.16,162.94,163.9,175111.11
1710374400000,163.9,169.28,163.09,167.76,631508.86
1710378000000,167.75,168.95,165.11,166.34,418140.02
1710381600000,166.33,166.37,164.87,164.96,189376.38
1710385200000,164.96,167.51,164.84,167.45,266622.82
1710388800000,167.45,167.61,165.65,166.47,233056.92
1710392400000,166.47,168.75,165.2,166.6,291114.06
1710396000000,166.59,170.0,166.18,169.04,260280.8
1710399600000,169.05,169.93,167.94,168.31,178901.49
1710403200000,168.3,169.44,168.14,169.13,161263.81
1710406800000,169.13,174.07,168.92,172.41,613529.89
1710410400000,172.41,173.97,172.06,173.29,334170.21
1710414000000,173.3,173.65,169.39,173.09,416814.8
1710417600000,173.1,173.37,170.15,172.13,309456.84
1710421200000,172.14,172.71,164.0,166.35,738601.78
1710424800000,166.35,170.37,165.46,168.63,618946.29
1710428400000,168.63,170.48,164.3,167.64,799124.88
1710432000000,167.64,170.2,163.75,169.47,742343.29
1710435600000,169.46,170.2,165.35,166.64,380863.62
1710439200000,166.65,168.16,162.15,165.12,432624.92
1710442800000,165.09,165.25,159.2,162.42,741026.63
1710446400000,162.42,169.24,161.99,168.35,424419.14
1710450000000,168.35,170.2,167.38,169.0,217849.46
1710453600000,169.0,173.6,168.97,172.92,421945.64
1710457200000,172.92,178.5,172.47,176.65,601603.31
1710460800000,176.65,180.01,176.53,179.56,638905.07
1710464400000,179.56,186.77,179.0,183.9,937554.16
1710468000000,183.89,185.66,175.0,179.45,1356721.39
1710471600000,179.46,182.33,170.0,176.02,1192189.52
1710475200000,176.02,177.61,171.36,173.25,710447.3
1710478800000,173.25,178.98,173.14,174.18,901410.85
1710482400000,174.18,182.03,173.19,179.22,805450.26
1710486000000,179.22,179.73,174.2,176.07,615808.35
1710489600000,176.07,177.22,166.89,167.22,831792.88
1710493200000,167.21,174.09,164.5,173.08,1241375.99
1710496800000,173.07,173.16,169.65,169.8,472090.62
1710500400000,169.79,170.89,166.04,170.0,623762.56
1710504000000,170.0,173.43,168.12,172.09,505170.96
1710507600000,172.08,184.36,171.7,182.2,1148510.11
1710511200000,182.18,183.21,178.8,182.27,741058.92
1710514800000,182.27,184.81,181.01,181.84,664741.21
1710518400000,181.85,183.98,178.18,181.21,599513.46
1710522000000,181.21,182.95,179.06,181.49,371112.11
1710525600000,181.48,188.24,180.19,186.69,580058.99
1710529200000,186.69,188.98,181.8,183.32,661795.55
1710532800000,183.28,183.39,175.25,176.84,680984.05
1710536400000,176.85,180.02,176.14,179.36,379493.74
1710540000000,179.35,184.28,178.58,184.14,375858.06
1710543600000,184.14,185.6,181.77,183.95,449155.49
1710547200000,183.95,184.62,180.41,181.14,348053.16
1710550800000,181.13,186.82,180.49,185.37,354340.13
1710554400000,185.36,186.27,183.46,186.21,320672.89
1710558000000,186.2,189.11,185.4,187.62,407992.95
1710561600000,187.61,189.95,186.24,187.93,362995.89
1710565200000,187.92,193.0,185.24,192.23,741483.12
1710568800000,192.23,192.34,188.14,189.45,407602.23
1710572400000,189.44,193.76,189.39,192.94,486074.33
1710576000000,192.93,194.16,191.29,191.65,390853.01
1710579600000,191.64,194.8,191.4,194.22,398116.16
1710583200000,194.22,197.95,193.3,195.88,693496.51
1710586800000,195.88,196.57,190.51,192.68,676838.06
1710590400000,192.67,192.78,188.41,190.92,635670.31
1710594000000,190.96,194.15,188.5,188.88,619114.13
1710597600000,188.87,191.29,187.71,190.53,476356.34
1710601200000,190.52,196.04,189.73,195.08,510644.42
1710604800000,195.09,195.65,191.16,192.78,418905.67
1710608400000,192.78,193.22,183.04,188.37,804071.12
1710612000000,188.37,189.16,181.0,183.12,876738.34
1710615600000,183.13,186.26,178.61,180.08,654289.93
1710619200000,180.08,185.91,177.01,183.03,615281.29
1710622800000,183.03,184.62,177.35,180.41,590223.59
1710626400000,180.41,183.74,177.68,181.01,444531.34
1710630000000,181.01,184.75,176.78,182.05,782713.09
1710633600000,182.05,189.39,181.75,182.39,897241.35
1710637200000,182.4,186.95,182.4,186.94,478171.86
1710640800000,186.95,188.0,184.1,187.5,361030.8
1710644400000,187.5,187.94,183.74,186.5,305866.2
1710648000000,186.5,186.85,182.49,183.76,391347.98
1710651600000,183.75,188.02,182.76,187.96,424309.59
1710655200000,187.97,188.8,182.84,182.91,491533.09
1710658800000,182.91,184.53,178.55,181.86,774369.93
1710662400000,181.85,187.99,179.8,186.69,594906.65
1710666000000,186.69,187.75,184.92,185.87,281359.48
1710669600000,185.87,193.62,185.85,193.29,642557.85
1710673200000,193.28,193.82,191.46,191.94,344034.12
1710676800000,191.93,194.5,188.45,189.72,527844.45
1710680400000,189.71,193.22,189.06,193.21,344086.94
1710684000000,193.21,193.22,190.42,192.54,314444.83
1710687600000,192.53,196.0,191.5,195.6,359334.95
1710691200000,195.6,196.27,192.25,193.08,263188.79
1710694800000,193.07,196.06,192.51,195.96,220468.3
1710698400000,195.97,198.27,194.73,195.29,424785.42
1710702000000,195.29,196.54,194.79,195.7,161536.25
1710705600000,195.69,198.0,195.52,196.67,240538.96
1710709200000,196.67,198.5,196.11,196.57,278789.46
1710712800000,196.58,205.2,196.29,201.15,856440.55
1710716400000,201.15,204.51,201.07,201.86,546349.26
1710720000000,201.85,202.09,195.64,195.84,585351.34
1710723600000,195.83,200.06,193.8,199.04,446396.94
1710727200000,199.04,204.05,198.15,202.9,355925.15
1710730800000,202.89,205.49,202.82,203.93,407208.49
1710734400000,203.93,204.99,200.85,203.0,334802.88
1710738000000,202.99,204.68,201.62,203.48,260883.72
1710741600000,203.47,203.71,201.09,201.24,220142.56
1710745200000,201.24,203.72,200.0,203.22,390787.12
1710748800000,203.23,203.83,197.9,202.66,611361.29
1710752400000,202.65,208.0,200.0,207.02,945909.67
1710756000000,207.02,210.18,206.23,208.93,911574.98
1710759600000,208.92,208.96,205.72,208.08,566407.13
1710763200000,208.09,209.2,205.83,209.09,410787.94
1710766800000,209.1,209.4,203.5,204.72,658797.49
1710770400000,204.72,205.51,199.63,201.78,683200.86
1710774000000,201.78,204.05,198.37,203.81,659848.96
1710777600000,203.8,206.28,197.91,199.6,539962.86
1710781200000,199.59,200.56,195.41,197.66,803538.72
1710784800000,197.67,200.28,196.7,199.13,290868.54
1710788400000,199.14,201.29,197.62,198.35,300231.69
1710792000000,198.35,202.16,198.28,200.25,240236.95
1710795600000,200.25,205.97,200.0,201.79,299411.07
1710799200000,201.79,202.3,196.77,198.15,311298.81
1710802800000,198.16,200.28,195.36,195.92,348800.92
1710806400000,195.92,198.68,193.2,193.8,452051.85
1710810000000,193.8,193.96,186.06,187.93,1052290.22
1710813600000,187.93,189.74,182.0,183.66,769990.01
1710817200000,183.64,186.0,180.11,184.21,746932.05
1710820800000,184.21,189.16,183.42,186.5,647035.67
1710824400000,186.5,189.08,182.86,185.53,654949.43
1710828000000,185.53,186.32,181.69,184.36,475995.79
1710831600000,184.36,187.0,179.0,186.14,738355.19
1710835200000,186.14,186.2,175.44,175.99,866826.67
1710838800000,175.97,180.01,170.0,179.48,1156291.94
1710842400000,179.49,179.52,172.5,175.49,621282.83
1710846000000,175.48,178.9,170.82,177.84,747702.9
1710849600000,177.84,185.9,177.25,183.09,1088315.41
1710853200000,183.1,183.81,179.86,181.75,498009.74
1710856800000,181.74,181.76,177.0,179.06,553722.05
1710860400000,179.05,184.78,174.54,182.98,843499.07
1710864000000,182.98,185.0,180.98,183.99,890203.79
1710867600000,184.0,186.36,181.2,183.28,537375.68
1710871200000,183.28,183.35,180.15,181.25,400478.46
1710874800000,181.25,183.76,180.0,181.47,335038.98
1710878400000,181.47,181.98,174.36,174.99,617589.81
1710882000000,174.98,175.72,171.67,172.73,573731.3
1710885600000,172.73,173.44,166.0,169.25,914611.32
1710889200000,169.27,172.0,166.75,169.82,753018.71
1710892800000,169.82,176.65,169.56,176.15,715346.48
1710896400000,176.14,176.15,170.21,171.75,532364.8
1710900000000,171.76,175.15,171.06,174.1,291523.07
1710903600000,174.1,177.03,169.29,169.84,473064.47
1710907200000,169.85,171.52,166.24,167.37,598454.33
1710910800000,167.37,168.12,162.45,166.05,652312.6
1710914400000,166.05,168.68,165.29,167.81,382050.59
1710918000000,167.82,174.31,167.47,173.36,529294.88
1710921600000,173.35,174.97,170.97,171.01,421779.17
1710925200000,171.0,173.0,170.66,171.33,289566.91
1710928800000,171.33,172.15,169.39,171.55,383415.31
1710932400000,171.54,175.3,170.43,172.06,378625.29
1710936000000,172.05,177.01,170.91,175.0,685009.67
1710939600000,174.99,175.08,171.56,172.04,368553.06
1710943200000,172.03,175.89,171.56,174.92,392126.3
1710946800000,174.91,176.37,170.01,170.53,478448.75
1710950400000,170.54,172.33,165.51,167.88,687301.57
1710954000000,167.89,173.9,166.76,172.07,493346.2
1710957600000,172.07,184.58,172.07,183.83,867134.25
1710961200000,183.83,184.99,181.17,182.54,828456.13
1710964800000,182.55,188.83,181.71,186.57,695791.85
1710968400000,186.58,189.93,185.38,189.92,359214.68
1710972000000,189.92,193.19,188.77,189.92,512014.21
1710975600000,189.91,193.16,189.06,191.77,350590.11
1710979200000,191.76,195.68,189.3,192.97,491726.06
1710982800000,192.97,194.17,190.7,191.52,276994.23
1710986400000,191.52,193.1,191.03,191.92,199494.18
1710990000000,191.93,194.57,189.48,190.28,398258.96
1710993600000,190.28,191.44,187.0,188.51,411701.43
1710997200000,188.51,189.64,184.75,189.02,413616.84
1711000800000,189.03,192.31,188.71,190.38,312443.25
1711004400000,190.38,191.68,188.2,188.55,264506.89
1711008000000,188.56,191.6,187.84,187.91,375503.7
1711011600000,187.91,189.72,185.01,187.61,302002.53
1711015200000,187.61,189.9,186.98,189.11,198395.56
1711018800000,189.11,191.06,188.13,189.13,250168.87
1711022400000,189.13,191.25,189.08,189.51,280151.17
1711026000000,189.51,191.43,187.15,187.26,342409.6
1711029600000,187.25,190.65,186.57,187.86,299717.32
1711033200000,187.86,188.18,183.8,185.32,520422.76
1711036800000,185.32,187.32,183.33,186.42,282266.68
1711040400000,186.42,187.95,180.07,181.08,548710.91
1711044000000,181.08,181.82,177.19,178.51,538754.55
1711047600000,178.51,179.37,177.03,177.91,346267.0
1711051200000,177.91,182.08,175.84,179.54,437048.25
1711054800000,179.54,180.0,177.38,179.79,170516.06
1711058400000,179.79,181.47,178.19,178.31,266391.81
1711062000000,178.31,179.96,178.23,179.46,136847.95
1711065600000,179.46,181.95,177.78,179.0,305114.34
1711069200000,178.99,179.71,174.18,174.47,335404.67
1711072800000,174.47,176.19,173.94,175.99,201081.42
1711076400000,175.98,179.8,175.96,179.06,303223.8
1711080000000,179.07,179.96,177.11,179.21,237133.79
1711083600000,179.21,180.22,177.66,179.64,206973.98
1711087200000,179.64,180.89,178.75,180.42,236977.91
1711090800000,180.42,180.43,178.28,179.08,189910.29
1711094400000,179.07,180.2,176.65,177.23,197768.63
1711098000000,177.23,178.21,175.78,176.2,227992.26
1711101600000,176.2,176.81,174.1,174.52,279723.0
1711105200000,174.53,175.2,171.62,172.05,315022.63
1711108800000,172.05,173.99,171.22,172.94,298309.57
1711112400000,172.93,173.77,168.16,169.19,543687.84
1711116000000,169.19,170.19,167.57,168.57,447769.73
1711119600000,168.58,173.27,168.36,171.66,456198.02
1711123200000,171.67,171.71,168.78,170.39,281924.23
1711126800000,170.39,172.68,170.13,172.1,151828.6
1711130400000,172.1,173.26,171.17,172.19,129664.89
1711134000000,172.19,173.66,170.94,172.81,119936.69
1711137600000,172.81,173.26,170.56,171.16,115119.05
1711141200000,171.16,171.27,168.43,170.27,201821.18
1711144800000,170.28,170.83,168.2,170.31,143630.33
1711148400000,170.31,175.22,170.24,175.21,225890.04
1711152000000,175.21,175.42,173.61,173.72,275155.13
1711155600000,173.71,178.14,173.71,176.77,235623.7
1711159200000,176.77,177.0,174.06,174.99,224339.46
1711162800000,174.98,175.03,170.38,171.9,240768.04
1711166400000,171.89,173.26,171.67,172.07,97179.67
1711170000000,172.08,172.98,171.41,172.58,65509.79
1711173600000,172.57,174.44,171.83,173.99,83921.88
1711177200000,173.99,177.6,173.98,175.98,198233.55
1711180800000,175.98,177.11,174.73,175.84,188319.88
1711184400000,175.85,176.23,174.03,175.35,126004.73
1711188000000,175.35,176.72,174.6,174.82,119741.96
1711191600000,174.82,176.1,174.53,175.85,80566.53
1711195200000,175.84,177.5,175.28,176.97,122282.5
1711198800000,176.97,177.37,175.15,176.95,147805.17
1711202400000,176.95,179.0,175.4,177.62,260849.25
1711206000000,177.61,178.09,174.44,175.16,186494.34
1711209600000,175.16,176.74,173.74,175.35,143229.49
1711213200000,175.36,176.34,174.55,175.98,103565.52
1711216800000,175.99,176.67,175.66,176.01,81856.22
1711220400000,176.01,176.47,174.59,174.79,86381.28
1711224000000,174.79,175.09,173.01,173.06,149534.86
1711227600000,173.06,174.71,172.62,174.04,93349.55
1711231200000,174.03,175.49,173.7,174.75,91699.8
1711234800000,174.75,175.05,172.5,172.65,102304.31
1711238400000,172.65,177.39,172.5,175.87,207672.4
1711242000000,175.86,176.43,175.31,175.98,96198.1
1711245600000,175.99,176.08,173.91,174.37,100328.74
1711249200000,174.37,174.62,171.5,171.7,218280.17
1711252800000,171.7,172.88,171.25,172.83,117135.34
1711256400000,172.84,173.79,172.52,173.33,86788.96
1711260000000,173.33,173.48,171.82,172.76,79394.86
1711263600000,172.77,173.54,172.16,173.54,66835.89
1711267200000,173.54,176.15,173.0,175.79,190969.14
1711270800000,175.8,175.9,173.61,174.11,141580.71
1711274400000,174.1,175.34,174.01,174.62,86233.51
1711278000000,174.63,175.17,173.55,174.84,83033.45
1711281600000,174.84,176.88,174.54,176.5,157032.85
1711285200000,176.49,176.99,175.08,175.27,114203.4
1711288800000,175.27,177.25,175.15,176.44,107324.06
1711292400000,176.45,177.11,175.76,176.21,130148.97
1711296000000,176.2,176.98,174.09,174.19,116329.12
1711299600000,174.2,174.67,172.43,174.15,211089.35
1711303200000,174.15,176.77,174.08,176.39,150272.22
1711306800000,176.39,176.8,175.87,176.09,77581.31
1711310400000,176.08,179.5,175.42,178.95,186052.54
1711314000000,178.96,182.64,178.96,181.94,291746.86
1711317600000,181.94,185.0,181.94,184.97,292887.21
1711321200000,184.96,186.78,183.21,183.88,269140.22
1711324800000,183.87,184.25,180.92,181.31,265553.87
1711328400000,181.31,183.26,181.03,182.97,193625.16
1711332000000,182.97,184.65,182.42,184.25,142324.78
1711335600000,184.25,185.47,183.81,184.81,165860.4
1711339200000,184.81,185.62,183.82,185.21,142112.13
1711342800000,185.22,187.28,184.44,185.88,166291.04
1711346400000,185.89,188.34,185.53,187.83,169550.37
1711350000000,187.83,189.63,185.61,185.76,260340.25
1711353600000,185.76,187.6,185.61,187.15,150164.67
1711357200000,187.15,189.45,186.72,189.27,204811.53
1711360800000,189.28,191.77,189.03,189.42,312730.06
1711364400000,189.42,190.54,187.65,187.94,180683.94
1711368000000,187.94,188.74,186.35,187.12,214973.18
1711371600000,187.13,190.53,186.39,190.52,205094.14
1711375200000,190.51,194.6,189.05,192.41,610020.36
1711378800000,192.41,193.5,191.16,192.78,294071.94
1711382400000,192.78,193.81,190.35,192.98,325157.15
1711386000000,192.99,194.5,192.12,193.07,267189.48
1711389600000,193.07,193.31,191.65,192.26,147510.96
1711393200000,192.27,192.63,190.63,192.24,125349.03
1711396800000,192.24,193.0,191.41,191.85,149733.32
1711400400000,191.84,192.38,189.01,189.55,205172.66
1711404000000,189.54,191.33,189.53,190.97,178699.84
1711407600000,190.98,191.49,188.37,188.99,163071.59
1711411200000,188.98,190.6,188.07,188.96,202356.49
1711414800000,188.96,190.04,188.46,190.0,136688.48
1711418400000,189.99,191.75,189.35,191.73,120988.61
1711422000000,191.73,192.05,190.7,191.64,117056.04
1711425600000,191.64,194.14,191.31,194.06,146345.05
1711429200000,194.07,196.0,193.39,194.86,251066.05
1711432800000,194.87,195.71,193.67,195.54,155743.19
1711436400000,195.55,196.57,193.78,193.99,280897.03
1711440000000,194.0,194.88,192.01,194.3,217450.47
1711443600000,194.3,195.5,193.7,195.22,124068.05
1711447200000,195.21,196.26,194.64,195.7,138065.49
1711450800000,195.69,196.03,194.5,194.8,129516.29
1711454400000,194.8,195.31,193.25,194.81,148284.9
1711458000000,194.81,195.15,191.4,192.69,235964.46
1711461600000,192.68,193.24,189.48,191.94,390073.06
1711465200000,191.94,192.0,189.59,190.35,217310.5
1711468800000,190.35,191.5,186.42,187.38,401930.9
1711472400000,187.37,189.0,186.0,188.7,271207.0
1711476000000,188.69,191.12,188.47,189.15,122911.35
1711479600000,189.15,189.33,186.99,188.29,162335.13
1711483200000,188.3,190.06,188.26,189.94,105276.58
1711486800000,189.93,192.5,189.55,191.21,137275.45
1711490400000,191.22,192.5,189.88,192.25,149493.28
1711494000000,192.26,192.58,190.37,190.46,103307.51
1711497600000,190.46,192.47,188.69,192.36,195658.68
1711501200000,192.36,192.74,190.21,190.49,130096.26
1711504800000,190.5,191.81,189.37,191.72,121800.36
1711508400000,191.72,191.78,189.81,189.99,135210.3
1711512000000,189.99,190.49,188.61,189.14,90745.3
1711515600000,189.15,190.37,188.75,190.16,112326.53
1711519200000,190.16,190.54,189.0,189.52,70240.94
1711522800000,189.52,189.65,186.04,186.79,222842.3
1711526400000,186.8,187.69,184.93,185.01,152759.09
1711530000000,185.01,186.39,183.51,186.07,266442.64
1711533600000,186.07,186.93,185.6,186.58,172898.28
1711537200000,186.59,188.68,186.05,188.53,161824.74
1711540800000,188.54,188.74,186.2,187.12,148052.32
1711544400000,187.13,191.2,185.06,185.64,883662.34
1711548000000,185.65,186.14,180.0,185.13,717502.69
1711551600000,185.13,185.41,181.0,181.11,304082.64
1711555200000,181.11,183.15,180.0,182.97,314566.86
1711558800000,182.98,184.18,182.4,183.15,130146.63
1711562400000,183.14,183.77,181.0,181.33,144308.1
1711566000000,181.33,183.09,181.31,182.68,107047.19
1711569600000,182.68,185.23,182.6,185.19,166078.55
1711573200000,185.19,185.46,184.12,184.34,143895.04
1711576800000,184.34,189.33,184.21,186.97,164811.69
1711580400000,186.96,186.97,184.67,186.33,116929.62
1711584000000,186.34,188.09,185.31,186.53,177429.71
1711587600000,186.54,187.07,183.53,184.31,164718.64
1711591200000,184.31,185.01,181.05,182.02,191688.99
1711594800000,182.02,182.54,180.92,182.17,101414.61
1711598400000,182.16,183.9,182.0,183.69,76699.28
1711602000000,183.69,184.57,183.16,183.66,81517.2
1711605600000,183.65,187.0,183.18,186.92,194737.54
1711609200000,186.93,187.56,185.98,187.33,120591.95
1711612800000,187.32,188.59,186.8,186.96,239564.38
1711616400000,186.96,188.28,186.76,187.48,106525.48
1711620000000,187.48,187.6,185.52,186.46,120246.7
1711623600000,186.46,187.1,184.7,185.39,114603.81
1711627200000,185.38,185.91,183.06,184.27,126209.04
1711630800000,184.26,186.19,182.67,186.02,195855.35
1711634400000,186.01,189.45,185.25,188.94,259454.35
1711638000000,188.94,188.98,185.89,187.36,215627.74
1711641600000,187.36,187.39,184.83,185.34,141230.95
1711645200000,185.34,185.55,184.49,185.39,89789.06
1711648800000,185.39,187.0,185.23,186.25,136426.86
1711652400000,186.24,186.94,185.91,186.27,86149.08
1711656000000,186.27,188.14,186.16,187.55,240029.61
1711659600000,187.55,188.9,187.04,187.22,103044.64
1711663200000,187.21,189.95,186.27,189.93,153701.09
1711666800000,189.93,190.93,189.09,189.63,164938.08
1711670400000,189.64,189.66,187.6,188.65,115165.23
1711674000000,188.66,190.74,188.08,188.77,161530.04
1711677600000,188.76,190.16,187.78,189.28,150444.2
1711681200000,189.27,190.37,188.05,188.34,127823.47
1711684800000,188.33,189.14,187.17,187.63,129687.25
1711688400000,187.63,188.13,185.74,186.02,101599.05
1711692000000,186.02,186.92,185.33,186.48,92536.56
1711695600000,186.47,186.94,183.39,183.63,144188.27
1711699200000,183.63,186.19,183.48,185.44,137058.31
1711702800000,185.44,186.0,183.46,183.77,118588.13
1711706400000,183.76,185.66,183.44,185.62,99372.19
1711710000000,185.63,186.45,185.33,185.83,113955.16
1711713600000,185.83,186.4,184.71,185.76,95886.75
1711717200000,185.76,186.97,185.15,186.85,110064.41
1711720800000,186.85,190.0,186.76,188.5,416451.71
1711724400000,188.5,188.88,184.2,184.91,275418.6
1711728000000,184.92,187.25,184.33,184.79,177341.4
1711731600000,184.79,186.34,184.48,185.96,114742.1
1711735200000,185.96,186.4,185.37,186.19,69357.27
1711738800000,186.19,187.72,185.49,187.69,79754.68
1711742400000,187.69,189.97,187.44,189.63,197153.32
1711746000000,189.62,189.8,187.33,188.5,143103.41
1711749600000,188.5,192.37,188.5,192.24,249350.5
1711753200000,192.23,193.0,191.54,192.01,159543.75
1711756800000,192.02,194.52,190.71,194.09,206216.12
1711760400000,194.08,194.31,192.12,192.32,180639.92
1711764000000,192.32,192.58,191.44,191.96,98257.39
1711767600000,191.96,193.17,191.88,192.77,85995.71
1711771200000,192.77,198.5,192.57,198.36,335459.64
1711774800000,198.37,200.0,197.49,198.67,345923.32
1711778400000,198.66,199.87,197.28,197.77,323775.28
1711782000000,197.78,198.66,195.53,195.76,167293.0
1711785600000,195.76,196.55,193.19,194.61,238946.14
1711789200000,194.61,196.74,194.39,195.96,139759.8
1711792800000,195.96,196.72,195.38,195.99,92503.37
1711796400000,195.99,198.8,195.99,197.76,135567.49
1711800000000,197.76,198.5,196.62,197.98,125495.38
1711803600000,197.99,198.02,196.15,197.14,103000.84
1711807200000,197.13,197.38,195.05,195.9,102542.93
1711810800000,195.89,196.77,195.31,196.29,86906.28
1711814400000,196.3,197.9,195.7,197.6,122457.3
1711818000000,197.61,197.82,196.61,196.93,68569.57
1711821600000,196.94,197.03,195.67,195.67,62143.53
1711825200000,195.7,195.85,193.44,195.45,126944.64
1711828800000,195.45,195.81,194.5,194.78,67450.66
1711832400000,194.78,195.61,193.73,195.17,63904.25
1711836000000,195.16,196.74,194.57,196.18,97458.64
1711839600000,196.17,196.17,193.26,194.2,114123.18
1711843200000,194.19,196.11,194.07,195.24,82824.99
1711846800000,195.23,197.24,194.44,196.87,112890.18
1711850400000,196.87,197.31,195.17,195.54,70864.85
1711854000000,195.53,195.77,193.69,194.29,112269.3
1711857600000,194.3,195.59,194.0,195.4,68491.32
1711861200000,195.41,196.7,195.18,196.51,69308.45
1711864800000,196.51,196.56,194.76,195.02,83161.63
1711868400000,195.03,197.34,194.82,196.74,106357.45
1711872000000,196.75,197.21,196.03,197.02,105312.96
1711875600000,197.02,197.1,195.7,196.6,61409.21
1711879200000,196.61,197.01,195.98,195.99,56031.53
1711882800000,195.98,196.57,195.43,195.83,57085.53
1711886400000,195.83,196.81,195.63,196.33,48441.09
1711890000000,196.33,197.66,196.08,197.02,81204.01
1711893600000,197.02,197.42,196.09,196.32,73686.24
1711897200000,196.32,196.36,195.46,195.69,74795.1
1711900800000,195.69,196.74,195.51,196.36,74611.19
1711904400000,196.35,197.19,196.19,196.88,63000.47
1711908000000,196.87,199.33,196.05,198.33,151729.15
1711911600000,198.33,201.0,197.81,200.13,304117.79
1711915200000,200.13,200.47,198.45,199.43,147133.3
1711918800000,199.43,199.76,198.52,199.7,80830.26
1711922400000,199.7,201.0,199.53,200.62,91357.76
1711926000000,200.62,203.17,200.2,202.45,221221.69
1711929600000,202.45,202.45,200.82,201.99,114644.21
1711933200000,202.0,204.46,201.93,203.1,215506.82
1711936800000,203.1,203.61,202.35,202.67,106899.61
1711940400000,202.68,203.32,201.35,202.58,113201.04
1711944000000,202.57,203.53,199.82,201.08,189049.57
1711947600000,201.09,201.54,193.25,194.74,579379.46
1711951200000,194.74,198.44,194.1,198.21,333680.66
1711954800000,198.21,199.3,197.77,197.96,178987.98
1711958400000,197.96,197.96,195.31,196.45,201146.26
1711962000000,196.46,198.0,196.41,196.67,107235.05
1711965600000,196.68,197.31,194.73,196.45,120294.69
1711969200000,196.45,197.43,195.14,195.14,138468.12
1711972800000,195.14,196.93,194.86,196.93,103586.15
1711976400000,196.93,197.75,196.01,196.76,136228.28
1711980000000,196.76,196.99,190.72,191.27,451855.02
1711983600000,191.28,192.0,186.87,188.08,481107.24
1711987200000,188.08,191.08,187.28,189.41,210385.69
1711990800000,189.42,190.32,187.8,190.32,120932.77
1711994400000,190.32,190.33,187.48,189.62,133123.08
1711998000000,189.63,193.52,188.97,193.33,206498.03
1712001600000,193.32,193.8,191.79,193.7,110378.67
1712005200000,193.7,193.96,192.44,192.7,88964.84
1712008800000,192.7,193.75,192.03,192.84,98455.25
1712012400000,192.83,193.24,192.17,192.24,59768.16
1712016000000,192.24,192.24,188.38,189.79,139946.95
1712019600000,189.8,191.32,189.19,190.14,138020.01
1712023200000,190.13,190.2,181.71,185.4,546123.48
1712026800000,185.41,186.35,182.97,183.59,271131.38
1712030400000,183.59,184.65,182.03,183.48,233093.99
1712034000000,183.47,184.54,181.0,184.51,202310.5
1712037600000,184.5,186.27,184.04,185.43,157200.5
1712041200000,185.42,185.5,182.64,183.17,142482.59
1712044800000,183.18,183.85,180.56,181.1,176421.43
1712048400000,181.11,183.03,179.56,182.25,298357.11
1712052000000,182.26,182.71,179.58,180.82,193910.42
1712055600000,180.82,181.4,177.49,179.87,266448.86
1712059200000,179.87,181.65,178.59,179.13,212496.3
1712062800000,179.12,179.79,175.92,178.5,310718.74
1712066400000,178.5,182.22,178.3,180.44,293536.34
1712070000000,180.45,182.1,176.86,177.43,219360.51
1712073600000,177.43,181.07,176.77,180.54,270679.26
1712077200000,180.55,182.67,180.06,182.52,170433.91
1712080800000,182.51,185.5,181.67,185.08,464626.42
1712084400000,185.07,186.89,184.45,185.69,293744.89
1712088000000,185.67,186.42,183.74,184.63,204836.23
1712091600000,184.62,185.38,182.37,183.89,193871.7
1712095200000,183.89,185.16,183.04,184.1,189888.92
1712098800000,184.09,184.09,180.71,181.53,177136.96
1712102400000,181.53,182.6,176.92,181.15,412819.68
1712106000000,181.15,186.18,178.89,185.2,335528.14
1712109600000,185.2,186.48,184.45,185.72,201670.42
1712113200000,185.72,189.09,184.2,188.47,264432.18
1712116800000,188.47,188.85,186.98,187.87,266389.66
1712120400000,187.88,188.77,187.18,188.57,242127.38
1712124000000,188.56,192.0,188.23,190.58,407390.12
1712127600000,190.58,191.07,189.07,189.54,160179.64
1712131200000,189.54,191.66,188.24,190.61,184731.41
1712134800000,190.61,191.4,189.78,190.24,117968.54
1712138400000,190.24,190.36,186.9,188.54,161011.55
1712142000000,188.53,188.9,186.41,187.75,199067.37
1712145600000,187.76,189.02,186.75,188.0,180240.03
1712149200000,187.99,189.23,186.5,187.04,199051.0
1712152800000,187.05,191.25,187.05,190.43,276630.88
1712156400000,190.44,190.55,187.57,189.06,148706.32
1712160000000,189.06,191.03,188.56,189.17,190319.66
1712163600000,189.17,190.0,187.35,187.87,148769.17
1712167200000,187.87,187.87,184.09,186.4,204891.89
1712170800000,186.41,186.87,184.46,185.65,257675.92
1712174400000,185.65,185.85,182.8,183.49,113923.79
1712178000000,183.49,185.25,182.08,185.09,115499.03
1712181600000,185.08,186.55,184.62,186.14,149495.54
1712185200000,186.14,186.61,184.94,185.05,71756.25
1712188800000,185.05,187.4,184.48,186.73,102611.16
1712192400000,186.73,186.73,184.25,185.75,95951.75
1712196000000,185.75,185.99,182.37,183.36,157016.0
1712199600000,183.35,183.7,180.83,181.52,277907.98
1712203200000,181.51,182.19,180.02,182.01,172639.86
1712206800000,182.01,183.48,181.64,182.78,80277.19
1712210400000,182.77,184.67,182.62,183.97,97756.15
1712214000000,183.96,185.82,183.52,184.96,142684.11
1712217600000,184.96,186.24,184.43,185.55,140884.28
1712221200000,185.55,185.98,184.84,185.27,91253.23
1712224800000,185.28,186.34,184.64,185.58,92328.07
1712228400000,185.58,186.0,184.81,185.62,63001.74
1712232000000,185.63,187.66,185.38,186.84,162871.44
1712235600000,186.83,189.71,186.73,188.17,290836.04
1712239200000,188.16,189.41,187.3,188.15,222312.65
1712242800000,188.15,188.29,186.39,186.99,173960.41
1712246400000,187.0,188.46,186.66,187.28,112678.1
1712250000000,187.28,189.25,186.83,189.07,133827.16
1712253600000,189.07,190.13,185.62,186.06,260600.21
1712257200000,186.06,187.0,185.47,185.66,140752.22
1712260800000,185.65,185.83,181.18,182.53,356869.16
1712264400000,182.52,183.35,180.98,182.03,177800.67
1712268000000,182.02,183.18,181.61,182.29,109743.01
1712271600000,182.29,184.02,182.08,184.0,117184.77
1712275200000,184.0,185.07,182.94,184.89,92235.51
1712278800000,184.9,184.9,181.31,182.34,111100.37
1712282400000,182.33,182.37,177.6,177.98,280505.83
1712286000000,177.97,179.83,177.77,179.42,125968.28
1712289600000,179.41,180.37,175.58,176.97,243857.09
1712293200000,176.96,177.34,173.16,175.55,388232.81
1712296800000,175.55,176.82,174.9,175.18,279210.11
1712300400000,175.18,175.7,172.88,175.04,360084.67
1712304000000,175.04,177.1,171.8,172.93,287499.86
1712307600000,172.93,172.93,170.39,172.43,277210.09
1712311200000,172.43,172.67,169.8,172.0,259962.34
1712314800000,172.0,172.48,169.11,169.76,196576.11
1712318400000,169.76,172.81,167.84,172.73,476434.64
1712322000000,172.73,175.24,171.06,175.01,372678.12
1712325600000,175.01,177.36,174.01,175.83,304350.41
1712329200000,175.83,176.4,174.04,175.89,178275.8
1712332800000,175.89,176.61,173.81,174.31,101941.75
1712336400000,174.32,174.43,172.58,173.23,118285.29
1712340000000,173.24,174.87,172.44,174.63,108261.76
1712343600000,174.63,176.9,174.61,175.4,145140.77
1712347200000,175.4,176.83,175.03,175.84,92148.47
1712350800000,175.83,176.65,175.05,175.05,66769.82
1712354400000,175.06,175.55,174.17,174.4,77093.36
1712358000000,174.4,175.39,174.11,174.37,57023.96
1712361600000,174.37,176.55,173.59,175.32,119852.07
1712365200000,175.32,176.35,174.46,174.74,75756.67
1712368800000,174.74,175.1,173.54,173.74,85187.38
1712372400000,173.74,176.28,173.74,175.93,87103.09
1712376000000,175.93,176.08,174.89,175.69,68775.32
1712379600000,175.7,178.21,175.46,177.53,148527.42
1712383200000,177.53,178.07,177.0,177.85,110379.64
1712386800000,177.85,177.9,176.66,177.27,99104.98
1712390400000,177.27,178.08,176.55,177.97,95883.77
1712394000000,177.97,178.45,176.08,176.14,108905.61
1712397600000,176.13,176.75,175.28,176.17,81881.85
1712401200000,176.17,176.41,175.34,175.69,47238.24
1712404800000,175.69,176.13,174.5,175.08,72173.29
1712408400000,175.07,175.07,173.79,174.13,82685.64
1712412000000,174.13,175.95,173.88,175.21,75970.64
1712415600000,175.21,177.32,174.9,177.17,125374.24
1712419200000,177.16,178.99,176.6,177.7,222459.76
1712422800000,177.71,178.42,176.5,177.47,97603.12
1712426400000,177.48,177.91,176.9,177.12,50240.05
1712430000000,177.12,177.79,176.74,177.37,52756.99
1712433600000,177.37,177.94,176.74,177.87,35847.37
1712437200000,177.88,178.65,176.94,177.75,100058.17
1712440800000,177.75,178.73,177.08,178.6,376009.15
1712444400000,178.59,179.89,178.56,178.68,222094.92
1712448000000,178.69,178.98,177.26,178.07,83925.59
1712451600000,178.08,182.35,177.99,182.28,253686.14
1712455200000,182.28,182.71,180.42,180.87,129119.45
1712458800000,180.88,181.71,180.54,180.65,83531.42
1712462400000,180.66,181.1,179.97,180.48,79366.09
1712466000000,180.47,181.31,180.47,181.04,50618.57
1712469600000,181.04,181.12,179.05,179.56,68782.06
1712473200000,179.55,180.0,179.36,179.75,46150.09
1712476800000,179.74,180.87,179.74,180.13,68317.52
1712480400000,180.15,180.19,178.66,179.35,53625.1
1712484000000,179.35,180.42,179.03,180.39,43561.28
1712487600000,180.4,180.87,179.79,180.73,57856.68
1712491200000,180.72,181.58,179.89,181.1,74841.15
1712494800000,181.09,181.97,180.73,181.53,108559.28
1712498400000,181.52,182.2,180.71,181.8,107200.97
1712502000000,181.8,182.31,179.49,179.64,171924.72
1712505600000,179.65,182.68,179.6,181.71,153012.96
1712509200000,181.71,181.71,179.86,180.07,85155.92
1712512800000,180.07,180.17,177.69,178.79,118893.51
1712516400000,178.79,179.56,177.78,178.27,104701.3
1712520000000,178.28,179.43,178.01,178.79,55408.91
1712523600000,178.78,179.44,177.8,177.81,58990.1
1712527200000,177.82,178.86,176.85,178.57,107119.51
1712530800000,178.58,180.05,178.4,179.52,71449.91
1712534400000,179.51,179.53,176.93,177.98,94713.19
1712538000000,177.97,179.32,177.05,177.2,110955.37
1712541600000,177.2,177.61,176.25,176.63,130347.29
1712545200000,176.62,176.95,175.25,176.41,120271.51
1712548800000,176.4,176.6,175.75,176.0,89416.71
1712552400000,176.0,177.24,175.97,177.13,77631.45
1712556000000,177.13,177.48,176.27,176.94,62078.7
1712559600000,176.94,181.12,176.51,180.15,263538.31
1712563200000,180.15,184.36,179.72,183.63,562178.13
1712566800000,183.64,184.68,182.73,183.0,285802.11
1712570400000,182.99,184.0,181.88,183.25,188222.48
1712574000000,183.25,183.38,182.09,182.74,147695.91
1712577600000,182.73,183.6,180.48,180.5,175913.63
1712581200000,180.51,182.38,180.08,180.96,217434.16
1712584800000,180.95,181.17,179.35,180.57,187787.51
1712588400000,180.58,182.2,180.17,181.46,158575.28
1712592000000,181.46,182.12,180.87,180.89,142193.91
1712595600000,180.89,180.96,179.71,180.46,137515.06
1712599200000,180.46,181.4,179.97,179.98,116576.87
1712602800000,179.97,180.47,178.54,179.38,120708.06
1712606400000,179.38,180.62,179.19,180.01,71083.83
1712610000000,180.01,181.66,179.92,181.36,64940.33
1712613600000,181.35,181.35,180.44,181.14,87595.24
1712617200000,181.14,181.29,180.0,180.68,77526.93
1712620800000,180.68,180.9,179.51,179.93,108563.31
1712624400000,179.93,180.12,178.64,179.11,107275.8
1712628000000,179.1,180.41,178.8,179.36,67906.83
1712631600000,179.36,179.66,176.5,177.5,143864.09
1712635200000,177.5,177.98,176.74,177.73,105688.04
1712638800000,177.74,178.67,177.51,178.24,84388.19
1712642400000,178.24,178.47,175.42,176.4,245613.39
1712646000000,176.4,176.73,175.02,175.62,161475.81
1712649600000,175.61,175.76,173.17,175.31,264680.12
1712653200000,175.31,176.01,174.45,175.15,98738.91
1712656800000,175.15,175.92,174.69,175.61,87129.76
1712660400000,175.61,176.44,175.54,176.21,63626.02
1712664000000,176.2,176.68,175.32,175.76,100050.16
1712667600000,175.77,175.91,173.43,173.44,132406.04
1712671200000,173.43,174.6,169.86,171.53,371819.38
1712674800000,171.52,172.57,169.11,172.47,216009.79
1712678400000,172.48,174.58,171.76,174.02,228483.64
1712682000000,174.03,177.65,173.4,175.54,300695.88
1712685600000,175.55,176.0,174.13,174.51,98361.22
1712689200000,174.51,174.82,173.63,174.33,67181.26
1712692800000,174.32,176.01,174.24,175.08,123445.41
1712696400000,175.08,175.12,173.66,174.09,61831.52
1712700000000,174.1,174.24,173.6,173.99,52095.71
1712703600000,173.99,174.05,172.14,172.42,110555.61
1712707200000,172.41,173.02,171.53,172.38,125714.34
1712710800000,172.38,172.38,170.18,172.15,191968.45
1712714400000,172.16,173.09,169.24,169.81,240485.44
1712718000000,169.82,171.57,169.31,171.39,138308.07
1712721600000,171.39,171.99,170.89,171.03,100733.07
1712725200000,171.03,172.3,170.95,171.61,104523.99
1712728800000,171.6,173.65,171.53,172.53,114403.56
1712732400000,172.53,173.34,172.41,172.76,80867.73
1712736000000,172.76,172.78,170.66,170.7,141088.12
1712739600000,170.71,172.15,170.32,171.09,102737.23
1712743200000,171.09,171.32,168.24,169.85,203559.69
1712746800000,169.84,170.33,169.15,170.21,83608.21
1712750400000,170.21,170.68,162.28,165.54,738680.99
1712754000000,165.53,166.17,163.72,165.91,272220.83
1712757600000,165.91,169.77,164.82,168.91,367574.62
1712761200000,168.91,169.2,167.27,167.92,148012.2
1712764800000,167.92,171.75,167.0,171.57,276597.16
1712768400000,171.56,173.08,170.62,171.08,239102.75
1712772000000,171.09,171.16,167.88,168.74,239616.06
1712775600000,168.73,171.31,168.37,171.31,143946.58
1712779200000,171.31,172.0,170.22,171.04,141378.77
1712782800000,171.03,172.73,170.51,172.64,87975.33
1712786400000,172.65,175.5,172.56,173.96,279614.66
1712790000000,173.97,174.74,172.98,173.31,90749.8
1712793600000,173.3,173.38,171.38,172.18,149019.92
1712797200000,172.19,172.31,171.09,171.37,96024.89
1712800800000,171.38,172.97,171.34,172.55,115825.7
1712804400000,172.54,172.93,171.8,172.76,77597.83
1712808000000,172.77,173.75,171.65,173.62,89408.73
1712811600000,173.62,173.99,172.7,173.77,70565.74
1712815200000,173.78,175.0,173.6,174.67,205950.9
1712818800000,174.67,175.99,174.42,174.46,170878.78
1712822400000,174.46,175.4,174.14,174.74,111689.53
1712826000000,174.74,174.79,172.82,173.0,127534.04
1712829600000,173.0,173.61,172.22,172.35,92761.21
1712833200000,172.36,172.54,170.14,170.52,171026.67
1712836800000,170.52,172.73,170.07,171.76,207428.78
1712840400000,171.76,175.4,171.43,172.82,497414.02
1712844000000,172.83,174.15,170.5,173.49,290306.4
1712847600000,173.48,175.0,172.0,173.39,293528.17
1712851200000,173.4,174.5,172.0,174.03,217125.93
1712854800000,174.02,175.55,173.88,174.76,176678.0
1712858400000,174.75,176.32,173.61,174.92,158944.25
1712862000000,174.92,175.66,174.42,174.63,102415.2
1712865600000,174.64,175.65,174.15,174.35,118753.7
1712869200000,174.34,174.5,172.35,172.59,92648.26
1712872800000,172.58,173.16,172.3,172.75,64529.07
1712876400000,172.74,173.11,172.0,172.37,63141.77
1712880000000,172.37,173.76,172.33,173.35,76174.16
1712883600000,173.36,173.67,172.44,172.53,87777.38
1712887200000,172.52,174.34,172.47,173.08,119544.64
1712890800000,173.07,174.27,173.07,174.06,113124.28
1712894400000,174.05,174.76,173.12,174.44,88871.22
1712898000000,174.44,175.8,173.95,175.72,140007.66
1712901600000,175.72,175.98,173.6,174.29,213502.33
1712905200000,174.28,174.6,172.92,173.25,95025.62
1712908800000,173.24,173.65,172.67,172.9,56189.31
1712912400000,172.9,173.25,172.0,172.36,75848.88
1712916000000,172.36,172.43,171.34,172.12,79342.52
1712919600000,172.11,173.4,172.02,172.67,71914.45
1712923200000,172.67,172.71,169.2,169.65,207645.35
1712926800000,169.65,169.65,166.49,167.74,320534.66
1712930400000,167.74,168.55,166.73,167.47,171588.92
1712934000000,167.47,168.5,166.78,167.36,149843.96
1712937600000,167.35,167.82,164.97,165.97,316669.89
1712941200000,165.98,166.4,160.0,163.43,620848.67
1712944800000,163.43,163.69,141.0,150.99,1247507.2
1712948400000,151.0,155.0,147.4,149.26,1057355.17
1712952000000,149.25,154.36,148.73,152.53,619045.0
1712955600000,152.54,153.48,150.0,152.07,249137.38
1712959200000,152.07,152.73,149.78,151.51,322201.45
1712962800000,151.51,154.32,150.0,153.16,342396.12
1712966400000,153.16,153.46,150.97,151.62,266159.82
1712970000000,151.61,151.62,145.47,146.35,527073.94
1712973600000,146.35,150.13,145.82,149.33,617166.74
1712977200000,149.32,152.2,148.69,151.77,287260.78
1712980800000,151.77,155.0,151.22,153.56,370166.69
1712984400000,153.56,155.0,152.45,152.57,495537.7
1712988000000,152.56,153.82,151.76,153.23,399325.86
1712991600000,153.23,153.59,150.55,151.02,166531.0
1712995200000,151.02,151.66,149.46,149.83,166675.88
1712998800000,149.83,151.43,149.69,151.18,171140.03
1713002400000,151.18,152.17,150.0,151.98,151037.09
1713006000000,151.97,153.39,150.95,151.23,186938.9
1713009600000,151.22,152.55,150.14,151.81,227333.5
1713013200000,151.81,153.0,150.69,151.1,201391.29
1713016800000,151.1,151.6,149.02,149.86,264252.7
1713020400000,149.87,151.75,148.0,148.99,396296.23
1713024000000,148.99,149.64,144.43,145.61,659689.55
1713027600000,145.6,145.62,136.3,139.35,1289065.34
1713031200000,139.36,144.23,136.59,143.55,1141523.5
1713034800000,143.55,144.04,130.0,133.73,905545.99
1713038400000,133.73,134.73,116.0,124.4,2957923.35
1713042000000,124.4,134.5,123.03,133.42,1360453.79
1713045600000,133.43,143.46,129.6,141.01,1460729.39
1713049200000,141.01,142.5,138.05,138.47,775201.0
1713052800000,138.47,140.96,135.14,137.91,816969.68
1713056400000,137.91,140.13,135.77,138.42,528577.67
1713060000000,138.42,139.38,134.1,134.38,491510.63
1713063600000,134.37,135.6,130.45,134.91,928813.22
1713067200000,134.9,142.18,133.85,140.26,727215.07
1713070800000,140.26,143.75,139.75,142.59,518932.59
1713074400000,142.59,144.44,141.06,143.09,406432.53
1713078000000,143.1,144.56,141.84,144.06,324152.34
1713081600000,144.05,145.6,142.54,142.99,285812.71
1713085200000,142.98,144.4,140.47,141.45,429725.98
1713088800000,141.46,143.82,141.44,142.61,283014.15
1713092400000,142.62,143.09,138.25,138.84,376649.25
1713096000000,138.84,143.16,138.05,141.5,451496.7
1713099600000,141.49,143.27,137.43,137.75,575236.99
1713103200000,137.74,139.53,135.49,137.24,614524.91
1713106800000,137.24,140.42,136.83,137.99,421500.91
1713110400000,137.99,141.71,137.56,139.14,518335.0
1713114000000,139.13,140.24,133.44,137.75,945169.08
1713117600000,137.76,143.16,137.31,142.36,656002.28
1713121200000,142.35,142.95,140.54,141.78,333785.56
1713124800000,141.77,143.76,140.63,141.15,345410.94
1713128400000,141.15,141.94,139.83,141.56,199591.87
1713132000000,141.57,150.96,141.57,150.61,788453.54
1713135600000,150.61,152.84,150.22,151.25,461057.08
1713139200000,151.26,151.27,147.62,148.51,374840.76
1713142800000,148.5,149.45,147.07,148.3,350947.13
1713146400000,148.31,148.74,146.4,146.96,289440.79
1713150000000,146.97,149.0,146.65,148.11,203376.58
1713153600000,148.11,148.67,146.08,148.31,326308.67
1713157200000,148.32,151.93,148.01,151.8,306806.73
1713160800000,151.79,156.0,150.94,155.42,598968.2
1713164400000,155.41,156.06,153.69,153.75,350175.29
1713168000000,153.74,155.0,152.81,153.34,254385.36
1713171600000,153.33,154.82,152.16,154.06,237007.72
1713175200000,154.06,154.4,153.24,153.33,186467.25
1713178800000,153.33,154.05,150.79,150.95,302922.73
1713182400000,150.94,151.75,149.55,150.94,244677.24
1713186000000,150.93,152.24,148.71,149.45,376790.19
1713189600000,149.46,150.75,143.94,144.73,757452.29
1713193200000,144.73,146.49,141.39,143.31,762253.8
1713196800000,143.32,144.56,139.56,139.95,565540.6
1713200400000,139.95,143.0,137.71,139.47,692831.83
1713204000000,139.46,140.17,135.41,135.69,557332.99
1713207600000,135.68,139.24,133.56,137.89,656304.91
1713211200000,137.89,139.48,135.98,136.16,295737.31
1713214800000,136.15,138.76,135.4,138.52,208553.74
1713218400000,138.52,139.99,136.9,139.94,224077.99
1713222000000,139.94,140.17,137.75,138.51,209224.64
1713225600000,138.51,138.96,135.47,137.45,301086.12
1713229200000,137.46,140.57,136.87,137.65,307407.51
1713232800000,137.64,139.0,135.83,137.76,277085.63
1713236400000,137.76,138.55,133.62,134.6,337431.8
1713240000000,134.6,135.38,130.14,132.44,557451.88
1713243600000,132.44,134.56,131.8,133.75,299415.22
1713247200000,133.75,136.39,133.56,135.7,239994.97
1713250800000,135.71,138.9,135.47,137.87,346299.89
1713254400000,137.86,138.04,136.14,136.68,187844.87
1713258000000,136.67,138.02,135.66,136.02,188610.74
1713261600000,136.02,136.3,129.77,133.27,723244.62
1713265200000,133.26,136.78,132.36,136.18,452670.34
1713268800000,136.19,136.19,133.0,133.6,356725.04
1713272400000,133.61,133.97,129.06,131.9,795932.76
1713276000000,131.91,134.59,130.54,131.04,604036.93
1713279600000,131.06,132.0,127.43,127.62,653686.47
1713283200000,127.61,132.39,126.4,132.15,737527.77
1713286800000,132.15,135.43,129.3,132.27,828755.94
1713290400000,132.26,134.66,131.56,134.0,441423.4
1713294000000,134.0,134.84,131.7,132.14,301328.09
1713297600000,132.14,134.21,131.63,134.1,228670.34
1713301200000,134.09,137.96,133.97,137.14,326870.64
1713304800000,137.13,137.94,135.9,137.59,164561.58
1713308400000,137.59,137.89,135.95,136.22,136649.35
1713312000000,136.21,138.24,135.41,137.38,229829.61
1713315600000,137.37,137.79,134.88,137.04,212458.3
1713319200000,137.05,137.46,135.21,136.9,227447.49
1713322800000,136.9,137.7,136.36,137.41,133889.08
1713326400000,137.41,142.77,136.67,141.46,606111.46
1713330000000,141.46,142.14,139.09,139.48,639974.39
1713333600000,139.47,141.5,138.48,140.41,313723.99
1713337200000,140.42,140.76,138.27,139.46,290807.5
1713340800000,139.46,140.25,137.82,138.74,205031.47
1713344400000,138.74,139.82,138.26,139.05,145249.47
1713348000000,139.06,139.11,136.21,136.61,226194.56
1713351600000,136.62,137.47,134.0,134.29,332727.57
1713355200000,134.28,135.0,130.68,132.16,781640.97
1713358800000,132.16,135.15,131.64,133.72,417260.46
1713362400000,133.72,133.79,128.5,131.56,828578.87
1713366000000,131.57,132.0,127.59,128.71,792204.41
1713369600000,128.72,131.51,126.87,128.29,668512.24
1713373200000,128.3,132.89,128.07,132.53,369607.79
1713376800000,132.54,137.91,131.88,135.6,629945.95
1713380400000,135.6,135.83,132.7,134.62,398762.42
1713384000000,134.62,136.48,132.91,133.39,285041.72
1713387600000,133.39,138.0,133.39,135.15,347979.47
1713391200000,135.16,135.57,133.81,134.58,237570.95
1713394800000,134.58,135.21,131.61,131.84,238935.13
1713398400000,131.84,133.01,129.65,132.25,333203.64
1713402000000,132.26,133.74,131.74,133.46,258827.94
1713405600000,133.45,134.82,132.0,134.07,239565.81
1713409200000,134.06,136.65,134.0,135.58,287189.17
1713412800000,135.57,136.83,134.23,134.32,184940.73
1713416400000,134.32,136.18,132.77,133.11,404253.89
1713420000000,133.12,133.37,129.79,131.09,340031.24
1713423600000,131.09,131.82,128.96,129.43,280148.94
1713427200000,129.44,131.18,127.62,130.14,366535.55
1713430800000,130.15,131.63,129.52,130.96,204212.23
1713434400000,130.96,133.94,130.51,133.19,374969.74
1713438000000,133.19,137.0,133.19,135.81,566860.26
1713441600000,135.8,136.2,131.95,133.3,559653.73
1713445200000,133.3,134.9,131.98,134.49,367869.8
1713448800000,134.49,139.8,133.29,138.83,822536.87
1713452400000,138.84,141.5,138.27,138.99,409513.81
1713456000000,139.0,141.53,138.52,139.4,280677.94
1713459600000,139.39,139.94,136.6,136.89,229637.58
1713463200000,136.89,139.0,135.51,138.86,279996.27
1713466800000,138.87,140.77,138.48,140.29,175784.53
1713470400000,140.3,140.99,139.55,140.24,145277.11
1713474000000,140.25,141.74,139.63,140.62,128814.52
1713477600000,140.63,144.25,140.17,142.89,372316.64
1713481200000,142.89,143.81,141.75,142.07,192249.88
1713484800000,142.08,142.08,138.0,138.22,484532.82
1713488400000,138.22,138.29,131.41,132.29,712582.53
1713492000000,132.29,133.26,128.5,132.95,1102378.08
1713495600000,132.95,136.56,132.48,136.54,876909.18
1713499200000,136.54,140.69,136.2,139.35,673844.48
1713502800000,139.36,140.88,137.0,138.99,775268.08
1713506400000,138.99,146.43,137.54,145.06,1075282.03
1713510000000,145.05,146.93,142.63,143.32,696144.42
1713513600000,143.31,145.68,142.51,144.19,514294.27
1713517200000,144.2,144.88,142.31,143.41,352973.09
1713520800000,143.43,145.5,143.12,144.94,283147.09
1713524400000,144.95,146.01,144.21,144.44,229614.48
1713528000000,144.43,145.45,143.0,143.93,277089.72
1713531600000,143.93,144.97,142.87,144.33,303610.26
1713535200000,144.33,146.93,141.67,145.57,478838.49
1713538800000,145.56,147.49,144.41,146.19,402989.61
1713542400000,146.18,147.46,143.61,145.75,495887.14
1713546000000,145.76,146.88,144.75,146.38,228369.18
1713549600000,146.38,146.49,144.37,144.86,154760.09
1713553200000,144.85,145.87,144.25,145.49,131444.89
1713556800000,145.5,145.73,142.52,143.0,202712.45
1713560400000,143.0,144.88,142.94,144.5,101394.88
1713564000000,144.5,145.73,143.49,143.66,148498.79
1713567600000,143.65,144.02,139.97,142.5,442795.48
1713571200000,142.5,143.34,140.4,140.74,397210.92
1713574800000,140.74,142.68,139.66,142.07,259365.56
1713578400000,142.06,143.5,141.43,142.65,183133.55
1713582000000,142.66,143.05,142.0,142.4,117125.96
1713585600000,142.4,144.95,141.59,144.86,199826.6
1713589200000,144.86,145.0,143.04,143.66,371523.04
1713592800000,143.66,144.97,142.75,143.94,121583.37
1713596400000,143.94,144.28,143.33,143.51,56758.06
1713600000000,143.52,143.57,141.98,142.42,125572.86
1713603600000,142.42,142.55,140.0,141.06,223971.82
1713607200000,141.06,141.87,140.1,141.34,173457.32
1713610800000,141.34,142.08,140.92,141.55,116595.43
1713614400000,141.55,142.99,140.96,142.31,111626.53
1713618000000,142.31,143.37,142.22,142.53,123723.54
1713621600000,142.53,143.32,141.92,142.91,112732.25
1713625200000,142.91,147.8,142.12,147.19,376840.83
1713628800000,147.2,148.37,146.32,147.42,308983.29
1713632400000,147.42,150.92,147.41,150.62,456040.73
1713636000000,150.62,151.72,149.47,150.53,273084.37
1713639600000,150.53,151.99,149.95,151.2,167478.5
1713643200000,151.2,152.39,150.52,151.26,141795.76
1713646800000,151.26,151.92,150.32,150.69,92328.03
1713650400000,150.69,150.84,149.17,149.17,177058.7
1713654000000,149.18,151.48,149.1,151.22,168156.65
1713657600000,151.21,151.25,148.07,148.64,195374.59
1713661200000,148.64,150.54,148.63,149.41,130549.16
1713664800000,149.41,152.05,149.14,152.05,244112.02
1713668400000,152.06,153.5,150.22,150.63,252354.3
1713672000000,150.63,151.29,149.9,150.92,129433.88
1713675600000,150.93,151.74,149.88,150.41,103048.5
1713679200000,150.41,151.74,150.0,151.03,137662.24
1713682800000,151.02,151.63,150.21,151.12,78668.57
1713686400000,151.12,152.65,150.9,151.62,134237.98
1713690000000,151.62,152.24,150.85,151.07,119659.56
1713693600000,151.06,151.53,149.57,150.99,185833.34
1713697200000,150.99,152.4,150.52,151.46,157420.99
1713700800000,151.46,151.74,149.71,150.1,110135.53
1713704400000,150.1,150.84,148.4,148.9,218192.6
1713708000000,148.9,150.12,148.53,149.09,157713.41
1713711600000,149.1,150.75,149.06,150.14,144589.23
1713715200000,150.14,150.32,146.68,147.89,350573.41
1713718800000,147.9,149.23,147.17,148.94,132611.34
1713722400000,148.95,149.18,148.03,148.59,79570.8
1713726000000,148.58,149.3,148.0,148.0,82393.17
1713729600000,147.99,149.37,147.46,149.24,108711.06
1713733200000,149.25,150.8,148.49,148.93,153270.49
1713736800000,148.93,150.49,148.46,148.95,149098.05
1713740400000,148.95,149.08,148.1,148.8,91587.31
1713744000000,148.81,150.45,148.38,148.94,139012.87
1713747600000,148.93,151.5,147.98,148.03,366653.54
1713751200000,148.03,148.54,146.63,147.38,240973.86
1713754800000,147.39,151.38,147.21,150.35,291227.7
1713758400000,150.35,152.0,149.93,150.91,213664.7
1713762000000,150.91,153.26,150.77,153.18,176978.65
1713765600000,153.18,156.64,152.82,154.91,581486.31
1713769200000,154.91,155.86,153.46,153.62,207264.53
1713772800000,153.63,154.28,152.23,152.63,174685.46
1713776400000,152.64,153.95,152.46,153.89,121064.95
1713780000000,153.89,154.64,153.51,154.08,142987.19
1713783600000,154.08,154.22,152.5,153.28,155834.8
1713787200000,153.29,154.91,153.2,154.17,203068.17
1713790800000,154.18,154.86,152.82,154.26,281616.59
1713794400000,154.26,154.95,153.01,153.38,162498.15
1713798000000,153.37,153.87,151.55,153.45,243718.4
1713801600000,153.44,154.77,152.41,153.47,181092.15
1713805200000,153.48,156.11,153.47,154.97,252823.24
1713808800000,154.97,155.3,153.83,154.15,135821.79
1713812400000,154.15,154.78,153.37,154.55,116464.4
1713816000000,154.55,155.64,154.12,154.83,102171.5
1713819600000,154.83,155.73,154.25,155.55,75004.95
1713823200000,155.55,158.5,155.55,158.03,235572.03
1713826800000,158.03,158.32,156.74,156.95,165674.23
1713830400000,156.94,159.33,156.61,158.88,181673.17
1713834000000,158.89,159.09,157.5,157.65,159542.44
1713837600000,157.65,158.46,156.78,157.01,129640.79
1713841200000,157.01,157.71,155.43,155.51,199297.65
1713844800000,155.5,156.82,154.31,154.75,275414.5
1713848400000,154.75,156.16,154.65,155.69,127220.95
1713852000000,155.69,155.89,153.7,154.37,124633.79
1713855600000,154.37,154.77,153.04,153.62,165651.28
1713859200000,153.62,154.68,153.16,154.25,135571.07
1713862800000,154.25,154.58,153.42,153.84,93004.24
1713866400000,153.84,155.6,153.81,155.11,159442.19
1713870000000,155.11,155.24,153.5,154.08,147676.98
1713873600000,154.07,154.84,153.57,154.76,143237.55
1713877200000,154.75,156.39,153.84,156.1,200702.32
1713880800000,156.09,158.45,155.79,158.26,351559.68
1713884400000,158.27,159.77,157.4,157.92,404318.59
1713888000000,157.93,159.19,157.39,158.06,157154.92
1713891600000,158.07,160.0,157.53,159.22,148429.4
1713895200000,159.23,159.72,158.1,159.14,125099.79
1713898800000,159.14,159.14,157.12,157.48,122145.51
1713902400000,157.49,157.78,155.6,156.47,197104.72
1713906000000,156.47,157.36,155.84,156.29,105210.85
1713909600000,156.28,156.86,155.13,155.28,118604.69
1713913200000,155.29,155.29,154.57,154.75,129935.04
1713916800000,154.75,156.74,154.42,156.7,188347.68
1713920400000,156.71,158.89,156.57,157.91,285201.15
1713924000000,157.91,158.2,155.32,155.89,247202.31
1713927600000,155.9,157.32,155.76,156.73,141443.49
1713931200000,156.72,159.34,156.26,159.15,232050.12
1713934800000,159.16,159.8,157.67,157.97,347658.37
1713938400000,157.97,158.85,157.11,158.24,278128.73
1713942000000,158.23,158.86,157.63,157.84,81864.8
1713945600000,157.84,158.32,156.85,157.33,129819.77
1713949200000,157.34,157.43,156.5,157.21,130473.67
1713952800000,157.2,158.18,156.95,157.75,136363.07
1713956400000,157.75,159.39,157.61,159.33,162993.72
1713960000000,159.32,159.67,158.5,158.64,176629.99
1713963600000,158.65,158.68,156.06,156.74,409034.29
1713967200000,156.74,157.37,152.71,155.08,708319.82
1713970800000,155.08,155.15,151.1,151.51,494072.78
1713974400000,151.51,152.79,150.66,151.82,314526.65
1713978000000,151.81,153.85,151.18,152.32,241517.17
1713981600000,152.32,152.33,148.59,148.63,326059.07
1713985200000,148.64,151.39,147.4,149.83,606449.98
1713988800000,149.82,150.49,148.38,149.03,245357.13
1713992400000,149.03,150.2,148.18,150.03,150514.8
1713996000000,150.03,150.03,146.33,146.92,246039.76
1713999600000,146.93,147.99,145.58,147.78,211894.68
1714003200000,147.79,149.6,147.4,148.61,211620.11
1714006800000,148.6,149.18,145.81,145.97,179972.44
1714010400000,145.96,147.19,144.75,146.49,267052.5
1714014000000,146.5,147.15,145.42,146.03,182854.64
1714017600000,146.03,147.52,144.73,147.38,214757.28
1714021200000,147.38,148.41,146.28,147.82,153262.68
1714024800000,147.81,148.55,147.05,147.39,156139.72
1714028400000,147.39,147.84,145.68,146.3,141959.11
1714032000000,146.3,147.38,145.31,146.43,196163.4
1714035600000,146.43,147.5,145.7,146.27,151369.8
1714039200000,146.28,146.3,143.46,143.74,347932.3
1714042800000,143.73,145.53,143.13,144.8,206836.83
1714046400000,144.8,146.58,143.11,143.57,261587.43
1714050000000,143.56,144.9,142.09,144.62,372056.78
1714053600000,144.62,146.44,144.32,145.0,257777.45
1714057200000,145.0,148.47,144.49,147.81,315178.32
1714060800000,147.81,148.58,146.78,148.56,271997.23
1714064400000,148.55,149.44,147.43,148.43,259108.26
1714068000000,148.43,148.71,147.37,148.08,161841.82
1714071600000,148.09,149.6,146.53,146.86,279912.86
1714075200000,146.86,147.87,145.68,147.4,338564.54
1714078800000,147.4,148.9,147.04,147.14,135228.33
1714082400000,147.13,147.16,145.2,145.28,225109.56
1714086000000,145.28,146.02,144.71,144.84,129181.88
1714089600000,144.83,145.09,142.13,143.07,335366.53
1714093200000,143.07,144.7,141.44,143.65,316795.81
1714096800000,143.64,145.03,143.51,144.24,158315.96
1714100400000,144.23,144.79,143.06,143.25,123358.73
1714104000000,143.26,144.14,142.4,143.13,111339.24
1714107600000,143.13,144.78,142.83,144.78,80319.85
1714111200000,144.77,144.85,143.47,143.65,120459.68
1714114800000,143.66,144.46,142.83,143.45,117772.16
1714118400000,143.46,144.45,143.28,144.2,124576.49
1714122000000,144.2,144.6,143.71,144.17,110863.05
1714125600000,144.17,144.43,142.26,142.43,164606.99
1714129200000,142.43,143.22,142.31,143.15,82265.9
1714132800000,143.15,144.33,142.37,143.11,163021.38
1714136400000,143.1,144.59,141.11,144.39,237275.82
1714140000000,144.39,146.19,142.96,143.37,342160.61
1714143600000,143.37,143.9,141.93,142.7,282276.35
1714147200000,142.7,143.27,141.69,142.22,151282.62
1714150800000,142.23,143.72,142.1,143.41,114359.71
1714154400000,143.41,144.19,143.12,144.1,68990.65
1714158000000,144.09,144.25,142.59,142.65,72195.43
1714161600000,142.69,143.81,142.54,142.85,77589.53
1714165200000,142.85,143.11,141.73,142.69,63506.62
1714168800000,142.69,142.77,138.74,139.21,229755.33
1714172400000,139.2,139.98,138.94,139.23,100899.07
1714176000000,139.23,140.22,136.25,137.73,314344.12
1714179600000,137.74,137.77,132.88,134.96,500442.27
1714183200000,134.96,136.97,134.59,135.42,203829.6
1714186800000,135.41,136.85,135.11,136.3,169508.87
1714190400000,136.29,137.23,136.15,137.06,121737.54
1714194000000,137.06,137.14,135.54,136.26,140191.23
1714197600000,136.26,136.72,135.79,136.12,94290.51
1714201200000,136.12,136.98,135.95,136.15,74379.71
1714204800000,136.16,136.81,135.67,136.11,93255.0
1714208400000,136.12,136.71,135.66,136.18,75644.69
1714212000000,136.19,136.46,135.47,135.79,89418.05
1714215600000,135.79,136.49,135.26,135.89,107355.36
1714219200000,135.88,137.7,135.68,137.34,138195.11
1714222800000,137.35,139.05,137.05,138.92,211889.66
1714226400000,138.93,139.83,137.89,138.22,151507.97
1714230000000,138.23,138.64,137.27,137.72,94775.8
1714233600000,137.72,138.72,137.46,138.19,122258.06
1714237200000,138.19,142.28,138.15,141.66,262264.81
1714240800000,141.67,142.5,139.55,141.28,331197.9
1714244400000,141.29,142.4,140.96,142.3,126550.38
1714248000000,142.3,143.04,140.88,141.2,120008.16
1714251600000,141.19,141.22,140.0,140.49,82331.37
1714255200000,140.49,140.98,140.0,140.68,98607.93
1714258800000,140.67,141.93,140.67,141.31,97077.81
1714262400000,141.31,142.24,140.74,141.96,103491.59
1714266000000,141.96,143.4,141.42,143.13,98169.3
1714269600000,143.14,144.82,142.61,144.09,145321.88
1714273200000,144.1,144.74,143.72,143.83,112471.63
1714276800000,143.83,144.0,142.88,142.98,67751.84
1714280400000,142.98,144.47,142.93,143.55,257129.72
1714284000000,143.55,144.07,143.03,143.9,77207.62
1714287600000,143.9,144.41,143.27,143.54,360975.46
1714291200000,143.54,143.93,142.37,142.71,96022.15
1714294800000,142.71,143.27,142.04,142.34,74652.56
1714298400000,142.33,142.72,141.32,142.37,150814.43
1714302000000,142.38,142.43,140.89,141.2,155011.05
1714305600000,141.19,141.94,141.11,141.68,98157.32
1714309200000,141.68,142.96,141.55,142.6,198578.66
1714312800000,142.6,142.66,141.68,142.1,108819.95
1714316400000,142.11,142.47,141.72,141.98,85587.19
1714320000000,141.98,142.82,141.79,142.48,67794.35
1714323600000,142.48,143.02,142.24,142.99,46497.18
1714327200000,142.99,143.97,142.67,143.83,80847.99
1714330800000,143.83,144.0,142.04,142.06,74081.31
1714334400000,142.06,142.34,141.1,141.83,78959.17
1714338000000,141.84,142.03,141.24,141.37,40488.02
1714341600000,141.38,141.7,138.32,139.07,213392.78
1714345200000,139.07,139.07,137.03,137.99,159690.41
1714348800000,137.99,138.93,137.52,138.38,108413.29
1714352400000,138.37,138.89,137.65,138.53,89283.79
1714356000000,138.54,138.78,135.86,136.31,179919.07
1714359600000,136.31,136.61,134.52,134.93,258105.68
1714363200000,134.93,136.45,134.3,136.13,138395.37
1714366800000,136.13,136.77,135.46,136.73,95334.15
1714370400000,136.73,136.74,134.0,135.0,203329.902
1714374000000,134.99,135.46,134.41,134.96,167062.101
1714377600000,134.95,135.24,133.67,134.9,109853.855
1714381200000,134.89,135.98,134.49,135.62,127111.207
1714384800000,135.62,136.71,134.69,135.23,214115.652
1714388400000,135.22,135.46,134.27,134.68,122203.814
1714392000000,134.67,136.04,133.94,136.04,181585.03
1714395600000,136.05,136.69,134.15,134.79,264628.879
1714399200000,134.78,137.68,134.34,136.78,243284.128
1714402800000,136.78,137.0,135.66,136.49,153134.232
1714406400000,136.49,136.68,133.38,133.63,200407.88
1714410000000,133.63,135.44,133.52,135.08,120383.49
1714413600000,135.08,135.11,133.6,134.58,138164.062
1714417200000,134.57,135.34,133.61,134.98,618094.763
1714420800000,134.98,135.74,134.6,134.97,99029.952
1714424400000,134.96,135.2,134.05,134.9,45471.856
1714428000000,134.9,138.12,134.73,137.64,220133.921
1714431600000,137.63,138.69,137.57,137.77,170437.423
1714435200000,137.79,139.77,136.93,139.15,156842.759
1714438800000,139.16,139.26,136.46,136.52,145414.784
1714442400000,136.52,137.6,134.98,137.26,200454.671
1714446000000,137.25,137.44,136.28,136.51,70473.888
1714449600000,136.52,136.77,135.28,135.66,90063.268
1714453200000,135.67,136.05,134.66,135.34,110509.726
1714456800000,135.33,136.38,135.0,135.81,600967.777
1714460400000,135.81,136.19,135.0,135.1,74836.229
1714464000000,135.08,135.53,130.04,130.87,454719.649
1714467600000,130.88,131.69,130.0,130.12,288370.752
1714471200000,130.12,130.79,129.5,130.07,227594.866
1714474800000,130.06,130.07,128.26,128.78,227843.285
1714478400000,128.78,129.34,126.74,129.0,258778.446
1714482000000,129.01,129.49,126.73,127.7,295185.031
1714485600000,127.68,130.39,127.29,128.8,340086.485
1714489200000,128.8,129.49,126.7,127.76,227189.253
1714492800000,127.75,127.75,122.54,125.57,638290.305
1714496400000,125.57,125.97,123.7,124.65,233084.5
1714500000000,124.65,125.24,123.42,124.21,121835.568
1714503600000,124.2,124.81,121.21,123.04,438840.5
1714507200000,123.04,126.0,123.01,124.94,303581.2
1714510800000,124.93,126.72,124.89,125.68,188635.246
1714514400000,125.67,128.81,125.61,127.38,227706.323
1714518000000,127.38,127.87,126.3,126.77,105250.977
1714521600000,126.76,127.33,124.57,125.17,203153.237
1714525200000,125.17,127.57,124.51,126.94,237618.079
1714528800000,126.93,127.04,123.77,125.13,230357.825
1714532400000,125.13,126.66,124.76,126.23,141648.915
1714536000000,126.23,126.9,125.66,125.97,114017.812
1714539600000,125.99,126.69,124.64,125.17,124675.865
1714543200000,125.17,125.4,122.56,122.89,378611.374
1714546800000,122.88,123.45,118.47,120.58,947257.643
1714550400000,120.57,121.26,118.89,121.24,521911.35
1714554000000,121.24,122.57,118.6,120.83,325270.929
1714557600000,120.84,121.92,120.36,121.71,190638.804
1714561200000,121.71,123.09,121.33,123.06,173891.374
1714564800000,123.06,125.03,122.48,123.86,332019.522
1714568400000,123.86,124.1,122.34,123.48,180697.518
1714572000000,123.48,124.08,122.0,123.52,203170.904
1714575600000,123.52,123.58,121.41,123.4,231791.111
1714579200000,123.4,126.72,122.64,124.55,307581.367
1714582800000,124.55,127.95,123.79,126.85,284896.818
1714586400000,126.85,135.97,126.42,133.96,971011.274
1714590000000,133.96,135.23,128.51,129.73,888114.265
1714593600000,129.74,133.22,128.81,131.79,331589.998
1714597200000,131.79,134.83,130.94,133.41,300224.59
1714600800000,133.41,134.56,133.34,133.38,181995.073
1714604400000,133.38,135.21,132.94,134.64,189179.624
1714608000000,134.64,134.98,131.25,131.48,268094.675
1714611600000,131.49,132.07,129.11,129.69,233715.131
1714615200000,129.68,130.56,128.66,129.58,259168.76
1714618800000,129.58,131.0,129.42,130.06,245333.033
1714622400000,130.06,131.12,129.11,129.6,233354.874
1714626000000,129.6,129.8,128.19,129.6,188054.287
1714629600000,129.59,130.41,129.37,129.75,107135.929
1714633200000,129.74,135.5,129.72,131.39,410040.332
1714636800000,131.38,133.97,131.08,133.35,285286.972
1714640400000,133.36,133.85,132.46,133.75,104923.821
1714644000000,133.74,137.08,132.79,134.44,232820.805
1714647600000,134.44,138.97,134.31,138.74,633182.634
1714651200000,138.74,139.2,136.82,136.96,347478.57
1714654800000,136.97,137.57,135.41,135.83,273724.68
1714658400000,135.83,139.27,135.06,138.74,341265.392
1714662000000,138.74,140.46,138.22,139.09,355129.591
1714665600000,139.1,139.27,137.71,137.76,149983.416
1714669200000,137.77,139.84,137.63,139.07,148071.705
1714672800000,139.08,139.6,137.79,137.89,102952.438
1714676400000,137.89,138.32,136.96,138.05,129065.563
1714680000000,138.06,138.5,135.55,136.54,205474.532
1714683600000,136.55,138.77,136.39,138.55,123286.833
1714687200000,138.54,140.9,138.42,138.74,241919.639
1714690800000,138.74,139.2,137.48,137.58,124002.009
1714694400000,137.58,138.81,136.72,137.8,155686.51
1714698000000,137.8,141.09,137.62,139.54,211183.956
1714701600000,139.54,141.96,139.13,139.74,229899.936
1714705200000,139.74,141.44,139.67,141.01,164493.465
1714708800000,141.01,141.55,139.86,140.06,122792.501
1714712400000,140.07,140.88,139.01,139.23,163356.679
1714716000000,139.23,139.52,138.25,138.53,125855.621
1714719600000,138.53,139.25,136.68,137.23,180751.974
1714723200000,137.23,138.6,136.75,137.43,132881.281
1714726800000,137.43,139.18,137.26,138.62,73792.669
1714730400000,138.62,138.65,136.26,137.29,112369.525
1714734000000,137.3,137.39,135.88,136.88,314203.571
1714737600000,136.88,142.53,136.47,141.96,522479.227
1714741200000,141.96,143.97,141.21,142.97,532450.594
1714744800000,142.98,143.96,141.62,142.58,297439.633
1714748400000,142.58,142.77,140.85,142.09,192068.636
1714752000000,142.09,143.16,141.5,141.7,149287.081
1714755600000,141.7,142.5,141.21,142.19,117575.26
1714759200000,142.18,142.77,141.47,141.59,61560.616
1714762800000,141.59,142.83,141.14,142.77,68152.792
1714766400000,142.76,145.0,142.45,143.8,301622.042
1714770000000,143.8,144.35,142.53,143.13,83827.477
1714773600000,143.14,143.97,142.97,143.37,131928.261
1714777200000,143.38,144.97,143.33,143.69,79196.249
1714780800000,143.7,145.0,143.53,144.2,122603.693
1714784400000,144.2,144.81,143.45,143.5,111412.59
1714788000000,143.49,143.98,142.22,143.62,108959.565
1714791600000,143.62,144.56,143.47,144.22,96213.065
1714795200000,144.21,146.5,144.12,145.44,237748.394
1714798800000,145.44,145.63,144.15,145.09,423626.403
1714802400000,145.09,145.13,144.0,144.05,72345.404
1714806000000,144.05,144.5,143.71,143.96,59112.749
1714809600000,143.96,145.24,143.92,144.93,54102.043
1714813200000,144.92,145.23,144.38,144.94,56646.236
1714816800000,144.95,149.03,144.56,148.86,225610.259
1714820400000,148.85,149.14,146.02,146.49,250605.902
1714824000000,146.52,148.05,146.22,148.02,119852.121
1714827600000,148.01,148.26,145.79,146.89,198673.245
1714831200000,146.88,147.06,145.83,146.66,66552.607
1714834800000,146.65,146.7,145.6,146.18,71158.37
1714838400000,146.18,146.83,145.25,146.81,114666.163
1714842000000,146.82,146.88,145.32,146.36,97457.009
1714845600000,146.37,147.44,145.87,146.8,55488.947
1714849200000,146.8,147.5,146.63,147.4,52411.185
1714852800000,147.41,147.87,146.88,147.17,56458.482
1714856400000,147.16,147.84,145.84,146.52,49902.325
1714860000000,146.53,146.7,145.8,146.0,59455.903
1714863600000,146.01,146.52,146.0,146.05,46940.58
1714867200000,146.05,147.25,144.06,145.18,163602.1
1714870800000,145.19,145.5,143.1,144.54,196707.935
1714874400000,144.55,145.51,144.38,144.48,87685.299
1714878000000,144.49,144.71,143.41,144.62,95709.296
1714881600000,144.62,144.88,144.14,144.71,48894.085
1714885200000,144.73,145.89,144.2,144.47,279615.993
1714888800000,144.48,145.27,144.17,144.57,73449.309
1714892400000,144.58,146.0,144.42,145.64,58939.501
1714896000000,145.65,146.74,145.4,145.93,58823.318
1714899600000,145.94,145.98,145.11,145.72,44354.111
1714903200000,145.73,146.2,145.21,146.07,55850.21
1714906800000,146.07,146.7,145.67,146.63,71138.809
1714910400000,146.63,146.91,145.8,145.97,78358.136
1714914000000,145.96,147.43,145.35,146.94,110559.181
1714917600000,146.94,148.0,145.83,147.86,92428.303
1714921200000,147.86,147.98,146.97,147.49,103582.068
1714924800000,147.5,147.86,146.52,147.11,91032.227
1714928400000,147.1,147.88,146.59,146.77,87420.728
1714932000000,146.78,146.79,145.67,146.19,70452.061
1714935600000,146.19,146.67,146.0,146.07,54526.916
1714939200000,146.07,146.09,145.0,145.42,62725.719
1714942800000,145.41,145.69,144.74,145.64,48025.727
1714946400000,145.64,145.7,144.7,145.16,45768.621
1714950000000,145.16,146.13,145.16,145.73,52200.61
1714953600000,145.74,147.29,145.74,147.07,75092.705
1714957200000,147.08,148.08,146.58,146.81,123036.979
1714960800000,146.81,147.54,146.04,146.09,72160.592
1714964400000,146.09,146.46,145.4,146.28,58820.18
1714968000000,146.27,148.43,145.93,147.85,72696.374
1714971600000,147.86,148.96,147.24,148.74,107476.054
1714975200000,148.74,149.27,148.39,148.71,106511.133
1714978800000,148.7,149.34,147.5,148.73,115554.625
1714982400000,148.74,154.73,148.73,154.4,497869.201
1714986000000,154.4,156.55,154.35,156.37,292163.688
1714989600000,156.37,156.89,151.69,152.54,462506.42
1714993200000,152.54,154.69,152.46,153.99,299624.675
1714996800000,153.99,154.59,149.72,151.0,395409.58
1715000400000,151.0,154.61,150.59,153.59,335131.205
1715004000000,153.6,156.31,152.45,152.66,362059.406
1715007600000,152.65,154.63,151.75,153.82,307749.389
1715011200000,153.83,154.21,151.21,151.69,217279.861
1715014800000,151.68,153.38,150.84,151.57,159134.739
1715018400000,151.58,153.42,151.19,152.94,110412.118
1715022000000,152.93,153.49,151.0,153.48,159538.167
1715025600000,153.49,155.18,152.78,154.48,190700.038
1715029200000,154.48,155.74,154.26,155.56,88149.211
1715032800000,155.56,155.67,154.16,154.59,68756.823
1715036400000,154.58,154.58,152.5,152.82,109608.404
1715040000000,152.81,154.67,151.92,153.56,131453.048
1715043600000,153.56,158.01,153.28,157.44,267694.04
1715047200000,157.44,158.05,155.99,156.8,168653.573
1715050800000,156.8,156.99,152.68,153.89,236274.871
1715054400000,153.88,155.85,153.76,155.08,135118.409
1715058000000,155.08,155.87,153.97,154.94,126063.868
1715061600000,154.94,155.54,153.13,154.22,145055.817
1715065200000,154.21,156.27,153.88,155.13,143838.406
1715068800000,155.14,158.89,154.85,158.44,289488.075
1715072400000,158.44,159.19,157.38,157.39,264805.699
1715076000000,157.4,157.69,155.89,156.96,180091.55
1715079600000,156.96,157.12,154.84,154.97,179975.988
1715083200000,154.97,155.74,152.98,155.33,231213.083
1715086800000,155.33,155.66,152.37,153.35,238134.022
1715090400000,153.35,156.0,152.01,155.86,225936.851
1715094000000,155.86,157.07,154.27,154.71,255319.555
1715097600000,154.7,155.5,153.63,155.16,104794.923
1715101200000,155.17,155.21,152.48,153.3,147116.759
1715104800000,153.3,153.32,150.77,151.78,322827.828
1715108400000,151.78,151.8,150.78,151.19,114890.404
1715112000000,151.18,152.43,150.93,151.42,122464.689
1715115600000,151.42,152.16,150.08,150.97,99386.307
1715119200000,150.97,151.2,149.82,150.02,139626.331
1715122800000,150.03,150.18,147.76,148.03,216155.5
1715126400000,148.03,149.66,147.2,149.24,191897.958
1715130000000,149.25,149.43,148.1,148.56,98346.911
1715133600000,148.56,149.96,148.46,149.16,101862.918
1715137200000,149.16,149.67,148.41,149.5,125222.413
1715140800000,149.5,149.99,146.45,147.36,144458.442
1715144400000,147.36,147.94,146.34,147.21,128620.464
1715148000000,147.21,152.0,145.74,147.63,569060.186
1715151600000,147.62,148.42,146.18,146.42,146607.953
1715155200000,146.41,147.0,145.14,146.52,169939.412
1715158800000,146.52,146.71,144.78,145.97,166519.251
1715162400000,145.98,146.87,145.51,146.62,133332.716
1715166000000,146.62,146.91,144.83,145.39,98664.465
1715169600000,145.39,146.24,144.4,145.68,122223.218
1715173200000,145.68,147.81,144.77,147.72,236666.122
1715176800000,147.73,148.94,146.91,147.77,186513.891
1715180400000,147.76,148.15,144.84,145.86,222036.116
1715184000000,145.86,146.06,144.65,146.05,112398.173
1715187600000,146.05,146.93,145.91,146.51,78221.359
1715191200000,146.52,149.12,146.29,147.0,397271.906
1715194800000,147.0,147.73,144.91,145.48,202441.616
1715198400000,145.48,145.93,140.26,141.08,395855.744
1715202000000,141.08,142.18,140.0,141.22,255106.102
1715205600000,141.21,142.39,140.56,141.53,139737.679
1715209200000,141.54,142.8,141.09,142.18,110260.326
1715212800000,142.17,143.64,141.92,143.38,96539.868
1715216400000,143.38,144.5,143.2,144.41,196778.441
1715220000000,144.4,144.87,143.49,144.22,73220.394
1715223600000,144.23,144.68,143.19,144.14,65076.949
1715227200000,144.13,144.8,143.62,143.78,39420.938
1715230800000,143.78,145.05,143.65,144.49,327938.361
1715234400000,144.49,145.89,144.4,144.97,153697.183
1715238000000,144.98,145.2,142.09,143.27,194389.819
1715241600000,143.26,143.94,142.94,143.8,69085.057
1715245200000,143.79,144.01,141.76,142.9,156452.862
1715248800000,142.9,143.03,140.72,140.81,188175.398
1715252400000,140.82,143.27,140.61,142.8,136822.973
1715256000000,142.8,144.43,142.73,144.19,114433.229
1715259600000,144.18,144.79,141.62,142.93,209493.568
1715263200000,142.93,144.91,142.56,144.89,141373.697
1715266800000,144.88,148.0,144.43,146.47,344644.581
1715270400000,146.47,148.89,146.05,146.16,350859.155
1715274000000,146.15,147.47,145.73,146.62,115180.669
1715277600000,146.61,147.87,146.44,147.75,63214.598
1715281200000,147.74,150.98,147.7,150.86,180599.384
1715284800000,150.85,151.47,149.25,150.25,216327.237
1715288400000,150.25,150.84,149.56,150.35,75168.497
1715292000000,150.35,153.39,150.14,152.95,177847.99
1715295600000,152.95,153.14,151.18,152.57,225399.06
1715299200000,152.56,153.22,151.34,152.02,116328.855
1715302800000,152.02,155.0,151.42,153.4,175301.217
1715306400000,153.4,153.8,152.69,153.61,117403.9
1715310000000,153.61,154.33,152.82,153.93,70048.505
1715313600000,153.93,154.67,153.44,153.74,137399.573
1715317200000,153.74,154.08,152.27,153.26,109399.116
1715320800000,153.26,155.07,153.12,154.94,94687.197
1715324400000,154.94,155.75,154.22,154.34,174560.086
1715328000000,154.35,154.48,153.44,154.06,106267.159
1715331600000,154.07,154.79,153.22,154.15,116696.231
1715335200000,154.15,154.26,153.21,154.11,79506.189
1715338800000,154.11,155.18,152.97,155.01,96327.417
1715342400000,155.01,155.4,153.09,153.29,104280.871
1715346000000,153.29,153.67,152.45,153.03,136468.858
1715349600000,153.02,153.22,145.72,147.49,721399.616
1715353200000,147.5,148.61,145.34,146.94,513101.014
1715356800000,146.95,148.78,145.12,147.97,406455.048
1715360400000,147.97,148.24,145.7,146.58,191615.612
1715364000000,146.57,148.32,145.87,148.13,152474.773
1715367600000,148.13,148.73,146.53,147.17,102408.794
1715371200000,147.17,148.05,146.0,146.15,103967.733
1715374800000,146.14,147.06,145.76,146.49,82402.308
1715378400000,146.49,146.67,144.49,145.82,150889.657
1715382000000,145.82,146.63,145.8,146.01,65385.479
1715385600000,146.02,146.81,145.14,146.06,109510.5
1715389200000,146.06,147.7,145.72,146.05,107989.462
1715392800000,146.05,146.26,143.55,144.47,235925.338
1715396400000,144.48,144.75,143.33,143.64,127366.217
1715400000000,143.65,145.09,143.54,144.67,74847.402
1715403600000,144.66,145.8,144.63,145.46,73398.366
1715407200000,145.46,146.46,145.21,145.54,83506.872
1715410800000,145.55,146.0,145.15,145.78,63513.969
1715414400000,145.77,145.86,144.04,144.05,95250.717
1715418000000,144.06,145.12,143.91,145.12,60140.93
1715421600000,145.12,145.12,143.72,144.14,62918.879
1715425200000,144.14,144.66,143.12,144.25,84758.296
1715428800000,144.24,145.2,143.86,144.56,75591.579
1715432400000,144.56,145.5,144.15,145.25,64793.275
1715436000000,145.24,145.49,144.46,144.88,70657.293
1715439600000,144.88,147.04,144.31,145.65,188971.305
1715443200000,145.65,146.65,145.29,145.72,124749.215
1715446800000,145.73,146.0,144.81,145.75,53766.556
1715450400000,145.75,146.71,145.62,146.32,53633.161
1715454000000,146.32,146.54,145.87,146.44,39463.592
1715457600000,146.43,146.54,145.19,145.96,58597.09
1715461200000,145.97,146.0,145.36,145.56,38649.763
1715464800000,145.56,145.97,145.09,145.8,36496.882
1715468400000,145.8,146.22,145.14,145.42,32536.155
1715472000000,145.42,146.46,145.2,145.62,49364.363
1715475600000,145.62,146.3,145.48,145.61,34994.328
1715479200000,145.61,146.95,145.6,146.71,43214.859
1715482800000,146.72,146.85,146.23,146.4,37771.113
1715486400000,146.41,147.5,146.18,147.1,69308.248
1715490000000,147.09,147.55,146.77,147.51,40296.604
1715493600000,147.52,147.8,146.23,146.41,48198.688
1715497200000,146.42,146.81,143.65,144.22,156144.63
1715500800000,144.23,145.07,143.83,144.99,104795.357
1715504400000,144.98,145.12,144.54,144.95,40905.193
1715508000000,144.95,146.36,144.85,145.45,94451.194
1715511600000,145.45,145.64,144.83,145.07,47969.75
1715515200000,145.07,145.72,145.0,145.28,44194.3
1715518800000,145.29,145.49,144.72,145.23,42366.136
1715522400000,145.23,145.48,144.02,144.44,63127.408
1715526000000,144.45,145.49,144.0,145.2,81321.483
1715529600000,145.2,146.4,144.88,144.96,85635.831
1715533200000,144.96,145.57,144.35,145.31,51994.624
1715536800000,145.3,145.77,145.0,145.12,25611.518
1715540400000,145.13,145.3,144.74,144.96,36391.563
1715544000000,144.96,145.27,144.35,144.65,37614.616
1715547600000,144.66,144.8,142.5,143.85,93574.943
1715551200000,143.85,143.9,143.08,143.23,51837.833
1715554800000,143.22,143.99,143.07,143.43,41463.045
1715558400000,143.42,145.94,143.42,145.19,115565.92
1715562000000,145.2,145.39,142.25,143.1,132796.913
1715565600000,143.1,143.27,139.84,140.48,309908.969
1715569200000,140.49,140.55,138.35,140.13,379198.63
1715572800000,140.13,140.13,137.87,138.73,223040.207
1715576400000,138.73,139.43,137.78,138.23,109061.544
1715580000000,138.24,141.66,138.13,141.22,182967.728
1715583600000,141.23,144.2,140.91,143.56,219253.589
1715587200000,143.56,146.0,143.55,144.62,448326.22
1715590800000,144.62,147.5,144.62,146.04,277906.943
1715594400000,146.04,146.23,144.14,145.23,201682.189
1715598000000,145.22,146.11,144.57,145.62,100766.18
1715601600000,145.61,146.38,144.8,145.94,142950.789
1715605200000,145.93,146.16,144.96,145.56,126429.586
1715608800000,145.57,147.3,145.46,145.7,208395.564
1715612400000,145.7,148.28,145.6,147.26,177123.788
1715616000000,147.26,150.88,147.07,149.64,290824.331
1715619600000,149.63,149.95,146.66,147.48,218354.803
1715623200000,147.47,147.73,145.79,147.71,121961.265
1715626800000,147.72,149.07,147.71,148.81,114565.343
1715630400000,148.8,149.61,147.85,148.8,76141.942
1715634000000,148.8,149.02,147.34,147.74,76124.932
1715637600000,147.75,148.0,146.76,146.92,92484.282
1715641200000,146.92,147.88,146.91,147.54,62098.266
1715644800000,147.53,148.27,146.45,146.79,97346.65
1715648400000,146.78,147.96,146.5,147.57,93490.311
1715652000000,147.56,148.06,146.11,146.65,107778.061
1715655600000,146.65,146.92,145.7,146.34,105027.97
1715659200000,146.32,148.0,146.23,147.88,82835.87
1715662800000,147.86,149.09,147.53,148.62,99390.667
1715666400000,148.62,148.64,143.71,146.07,369389.665
1715670000000,146.06,146.72,145.67,146.54,96609.175
1715673600000,146.54,146.58,145.36,146.09,95833.802
1715677200000,146.07,147.48,145.85,146.23,98148.756
1715680800000,146.22,146.85,145.38,146.04,113419.398
1715684400000,146.04,146.88,145.97,146.59,51748.544
1715688000000,146.59,148.42,145.5,146.55,317172.452
1715691600000,146.55,147.07,144.27,144.37,168379.258
1715695200000,144.37,145.55,141.84,143.49,466136.335
1715698800000,143.49,144.64,142.52,142.92,175966.707
1715702400000,142.92,143.44,141.82,143.13,146435.845
1715706000000,143.14,143.44,142.06,142.87,207554.492
1715709600000,142.88,144.0,142.51,143.87,201987.348
1715713200000,143.87,144.68,143.62,143.8,68474.182
1715716800000,143.8,143.91,142.84,143.0,53219.023
1715720400000,142.99,143.59,142.45,143.32,42003.45
1715724000000,143.31,143.32,142.29,143.06,59119.596
1715727600000,143.06,143.1,141.9,142.03,72465.814
1715731200000,142.03,143.55,141.21,141.71,108061.336
1715734800000,141.71,143.36,141.61,142.88,54970.601
1715738400000,142.88,143.34,142.44,142.95,48866.185
1715742000000,142.94,144.18,142.91,143.96,97303.728
1715745600000,143.96,144.13,143.36,143.48,78777.038
1715749200000,143.48,144.52,143.36,144.06,80504.628
1715752800000,144.06,144.62,143.12,143.81,237901.065
1715756400000,143.81,144.5,143.35,144.29,74525.026
1715760000000,144.28,144.68,143.57,144.21,88077.139
1715763600000,144.2,146.08,143.19,145.05,159972.419
1715767200000,145.06,145.74,144.46,144.64,132474.001
1715770800000,144.64,144.9,143.11,144.19,138640.469
1715774400000,144.19,149.9,143.64,148.96,658637.288
1715778000000,148.97,153.15,148.28,150.94,621440.832
1715781600000,150.94,152.9,150.86,152.46,244212.087
1715785200000,152.47,154.06,151.4,151.61,306993.424
1715788800000,151.61,153.58,150.99,153.09,275859.52
1715792400000,153.09,154.27,153.07,153.71,133889.957
1715796000000,153.71,154.83,152.44,154.01,195814.946
1715799600000,154.02,155.0,153.11,154.92,161305.784
1715803200000,154.92,156.87,154.25,156.62,399765.166
1715806800000,156.61,156.94,155.58,155.69,149890.973
1715810400000,155.68,156.55,155.46,155.88,165365.948
1715814000000,155.88,158.88,155.7,158.52,272024.643
1715817600000,158.52,162.0,158.14,161.53,480539.936
1715821200000,161.52,161.8,159.78,160.34,171256.788
1715824800000,160.35,161.7,160.35,161.46,146298.579
1715828400000,161.46,163.9,161.03,163.11,221613.628
1715832000000,163.11,163.45,162.37,162.97,128187.364
1715835600000,162.97,163.02,161.31,161.7,176482.668
1715839200000,161.69,161.92,161.33,161.71,108888.828
1715842800000,161.72,163.64,161.64,162.78,191657.987
1715846400000,162.78,163.5,162.3,162.93,101491.158
1715850000000,162.93,164.79,161.77,164.39,166848.447
1715853600000,164.38,164.39,162.46,163.12,134438.202
1715857200000,163.11,163.88,162.0,163.73,111821.509
1715860800000,163.72,163.74,160.18,161.65,239421.131
1715864400000,161.65,163.44,160.1,162.95,248269.877
1715868000000,162.95,163.31,158.31,158.51,273234.532
1715871600000,158.52,161.08,157.6,160.45,272236.837
1715875200000,160.46,160.55,157.62,158.15,229380.912
1715878800000,158.15,159.67,156.46,159.45,297812.781
1715882400000,159.45,160.22,158.24,159.61,117816.156
1715886000000,159.6,160.38,159.01,159.08,103821.799
1715889600000,159.09,159.39,158.06,158.83,67087.11
1715893200000,158.84,159.44,158.08,159.0,59380.605
1715896800000,159.0,159.06,157.41,158.86,82035.272
1715900400000,158.87,159.59,158.5,159.37,70090.659
1715904000000,159.36,162.33,159.32,162.31,173376.172
1715907600000,162.31,162.32,159.84,161.21,131215.866
1715911200000,161.22,161.33,160.15,160.36,115850.129
1715914800000,160.36,162.85,159.76,162.19,167605.704
1715918400000,162.2,162.8,161.0,161.45,103016.89
1715922000000,161.46,163.9,161.34,163.49,268848.758
1715925600000,163.49,167.5,162.5,166.79,374357.239
1715929200000,166.79,170.0,166.79,169.2,420590.557
1715932800000,169.2,170.0,167.8,168.36,240702.582
1715936400000,168.36,169.15,167.43,168.02,163753.644
1715940000000,168.02,169.12,167.4,169.04,98694.224
1715943600000,169.04,169.07,167.21,167.46,107097.08
1715947200000,167.46,168.8,165.78,167.99,165604.911
1715950800000,167.98,168.35,166.08,166.4,127326.967
1715954400000,166.4,168.39,166.38,168.32,146828.661
1715958000000,168.33,170.93,167.53,169.69,263761.461
1715961600000,169.68,174.0,168.27,168.27,384168.428
1715965200000,168.27,168.77,167.1,167.33,158321.362
1715968800000,167.33,168.46,166.19,168.16,163841.902
1715972400000,168.16,168.9,167.53,168.89,63145.015
1715976000000,168.89,169.05,168.25,168.61,71254.286
1715979600000,168.62,168.99,167.62,167.64,49992.029
1715983200000,167.63,168.73,167.35,168.65,53184.924
1715986800000,168.65,169.85,168.19,169.44,84648.05
1715990400000,169.43,170.64,168.65,170.33,113669.928
1715994000000,170.33,171.96,169.78,171.89,126149.19
1715997600000,171.89,174.86,171.71,172.83,276551.579
1716001200000,172.82,173.46,172.06,173.2,118563.291
1716004800000,173.21,173.9,172.51,173.16,76297.219
1716008400000,173.16,173.21,172.21,172.74,58083.753
1716012000000,172.74,172.91,172.05,172.87,70057.829
1716015600000,172.87,173.3,172.1,172.31,80448.35
1716019200000,172.3,173.49,172.13,173.32,72538.929
1716022800000,173.32,175.61,172.91,175.04,188181.59
1716026400000,175.05,176.0,174.45,175.27,200332.925
1716030000000,175.27,176.06,174.27,174.4,199163.538
1716033600000,174.41,174.59,173.12,173.34,100823.343
1716037200000,173.34,174.7,172.97,173.52,155667.153
1716040800000,173.5,173.98,171.65,172.35,194419.501
1716044400000,172.36,172.92,171.79,172.42,109159.636
1716048000000,172.42,172.65,170.0,170.66,310908.837
1716051600000,170.66,171.66,170.6,171.42,74986.831
1716055200000,171.42,172.22,171.34,171.64,54459.56
1716058800000,171.65,172.4,171.45,172.25,34572.572
1716062400000,172.25,173.38,172.1,173.1,67393.659
1716066000000,173.1,173.65,171.99,172.44,61492.205
1716069600000,172.44,172.75,171.73,172.02,81868.965
1716073200000,172.01,172.77,171.62,172.4,48683.614
1716076800000,172.4,173.45,171.98,173.17,68307.162
1716080400000,173.16,174.03,172.89,173.17,72255.041
1716084000000,173.17,174.31,173.01,174.17,81456.471
1716087600000,174.16,175.16,173.94,174.32,89554.24
1716091200000,174.32,174.5,173.31,174.5,58208.784
1716094800000,174.5,175.5,173.86,174.07,86218.696
1716098400000,174.07,174.34,172.5,173.18,75480.974
1716102000000,173.19,174.17,172.35,174.17,67708.158
1716105600000,174.16,174.58,172.98,173.2,61970.891
1716109200000,173.21,173.55,171.92,172.98,88942.308
1716112800000,172.98,174.25,172.3,172.63,133612.614
1716116400000,172.63,172.81,170.79,171.76,187296.688
1716120000000,171.75,171.84,169.11,169.14,207704.772
1716123600000,169.13,169.5,167.33,168.83,246834.809
1716127200000,168.81,169.39,167.52,167.86,144638.756
1716130800000,167.87,168.43,165.96,168.29,202165.17
1716134400000,168.28,168.8,167.24,167.99,108006.627
1716138000000,168.0,171.79,167.77,170.1,188927.012
1716141600000,170.1,170.64,168.67,169.0,75479.942
1716145200000,169.0,170.3,168.42,169.3,152311.442
1716148800000,169.31,170.62,169.04,170.06,69018.659
1716152400000,170.05,170.53,168.21,170.1,58474.047
1716156000000,170.09,171.7,169.73,171.42,108861.025
1716159600000,171.42,171.5,169.58,169.93,63549.786
1716163200000,169.93,170.75,168.89,170.35,93406.967
1716166800000,170.36,170.94,167.47,170.46,147638.371
1716170400000,170.46,173.11,170.08,172.76,177416.454
1716174000000,172.76,173.5,171.98,172.15,97218.517
1716177600000,172.14,175.6,171.8,175.54,232966.559
1716181200000,175.55,178.56,175.54,178.23,417759.314
1716184800000,178.23,178.66,175.08,176.03,349771.163
1716188400000,176.05,178.61,175.49,178.03,241871.061
1716192000000,178.02,179.41,177.4,177.59,155077.911
1716195600000,177.59,178.3,176.7,176.88,91251.62
1716199200000,176.88,178.48,175.69,177.69,266773.459
1716202800000,177.69,178.96,177.46,177.7,129566.759
1716206400000,177.72,178.38,176.6,177.08,109079.304
1716210000000,177.09,177.85,175.98,177.16,110545.031
1716213600000,177.17,177.3,175.33,176.29,108815.277
1716217200000,176.3,179.5,175.52,179.01,194787.954
1716220800000,179.01,181.0,178.11,179.87,456402.662
1716224400000,179.86,181.55,179.46,181.44,179097.268
1716228000000,181.45,181.55,179.45,180.18,109546.969
1716231600000,180.19,188.32,179.42,187.25,666582.754
1716235200000,187.25,187.7,183.0,183.8,531815.417
1716238800000,183.8,185.39,182.25,184.84,278090.812
1716242400000,184.83,186.6,184.2,185.6,261591.89
1716246000000,185.6,187.0,184.26,186.7,283495.505
1716249600000,186.69,188.89,185.35,185.91,293172.091
1716253200000,185.9,185.91,183.39,184.82,362647.297
1716256800000,184.82,185.11,182.79,183.31,178098.795
1716260400000,183.31,184.87,183.06,184.27,106541.891
1716264000000,184.27,185.03,182.43,182.44,114670.832
1716267600000,182.44,183.06,181.3,182.05,166964.887
1716271200000,182.05,183.6,181.49,181.97,377863.717
1716274800000,181.97,182.06,180.02,181.28,256449.675
1716278400000,181.28,182.18,181.04,181.64,107940.964
1716282000000,181.65,183.5,181.22,183.08,113596.249
1716285600000,183.07,183.84,182.45,182.83,150870.464
1716289200000,182.83,183.13,180.39,180.4,224173.059
1716292800000,180.41,180.94,179.0,180.11,341935.135
1716296400000,180.11,181.41,178.38,178.97,323499.57
1716300000000,178.96,179.85,177.09,177.24,259663.088
1716303600000,177.25,178.5,176.0,176.75,227206.118
1716307200000,176.75,178.92,176.38,176.43,298177.525
1716310800000,176.43,178.23,175.89,177.59,135748.421
1716314400000,177.59,178.05,176.31,177.62,90546.605
1716318000000,177.62,177.72,174.37,175.3,173349.141
1716321600000,175.32,178.34,175.15,177.92,144762.089
1716325200000,177.92,178.52,176.41,178.26,71960.822
1716328800000,178.26,178.63,177.6,178.5,126823.901
1716332400000,178.5,178.57,177.91,178.15,81117.728
1716336000000,178.15,179.29,177.7,177.74,96735.68
1716339600000,177.74,178.8,177.41,178.48,84037.414
1716343200000,178.47,178.53,177.15,177.65,117780.561
1716346800000,177.64,178.07,176.51,177.95,98331.266
1716350400000,177.95,178.26,174.96,177.29,159935.28
1716354000000,177.29,181.64,176.38,181.5,335833.62
1716357600000,181.5,183.09,181.25,181.64,203993.361
1716361200000,181.64,182.02,179.55,179.89,125182.161
1716364800000,179.89,180.66,178.5,180.55,131181.424
1716368400000,180.55,180.94,179.16,180.63,90452.8
1716372000000,180.63,181.2,180.05,180.96,101177.299
1716375600000,180.97,181.35,178.02,178.06,113924.255
1716379200000,178.07,179.85,176.09,176.98,194923.184
1716382800000,176.98,179.88,176.9,179.83,154369.554
1716386400000,179.84,182.6,178.75,181.87,279533.206
1716390000000,181.87,182.77,179.76,181.39,197716.941
1716393600000,181.39,185.0,180.33,181.05,241883.929
1716397200000,181.04,182.3,179.5,179.73,223308.914
1716400800000,179.74,180.3,177.35,179.07,312816.219
1716404400000,179.07,179.3,177.75,178.36,73102.027
1716408000000,178.36,179.81,177.22,177.53,188004.162
1716411600000,177.54,180.8,176.49,180.22,259215.912
1716415200000,180.21,180.56,177.44,177.5,252027.325
1716418800000,177.5,177.63,176.29,176.95,237433.633
1716422400000,176.96,178.53,176.89,177.11,101865.27
1716426000000,177.1,178.26,175.62,177.63,93664.704
1716429600000,177.62,178.88,177.25,178.88,72712.216
1716433200000,178.88,179.37,177.95,178.79,110996.359
1716436800000,178.79,178.86,177.03,177.61,81750.194
1716440400000,177.6,177.93,177.13,177.38,151361.092
1716444000000,177.38,177.99,176.25,177.83,274702.113
1716447600000,177.82,178.09,176.66,177.44,222176.961
1716451200000,177.45,177.8,177.0,177.76,71007.273
1716454800000,177.77,177.98,176.05,176.29,109006.304
1716458400000,176.3,176.75,172.59,173.65,456453.766
1716462000000,173.65,175.95,173.55,175.67,327105.722
1716465600000,175.67,176.99,171.24,172.75,447659.494
1716469200000,172.76,173.67,168.82,171.32,463203.143
1716472800000,171.32,172.46,170.3,170.45,194824.308
1716476400000,170.45,173.4,170.24,172.7,165762.021
1716480000000,172.69,173.48,172.07,173.34,89717.845
1716483600000,173.33,175.25,172.08,172.1,145898.124
1716487200000,172.1,172.86,171.0,171.92,202596.745
1716490800000,171.9,172.5,170.54,170.92,96227.342
1716494400000,170.92,175.1,165.35,172.22,545197.599
1716498000000,172.2,181.04,170.8,178.97,788776.748
1716501600000,178.98,179.59,175.71,176.23,230899.07
1716505200000,176.24,176.92,174.73,176.16,155357.217
1716508800000,176.15,176.15,174.14,174.35,165135.564
1716512400000,174.35,174.35,172.82,172.99,191740.35
1716516000000,172.98,173.91,171.53,172.89,248702.057
1716519600000,172.88,173.25,171.53,172.01,177252.802
1716523200000,172.0,172.01,168.98,169.08,395246.826
1716526800000,169.07,169.09,166.1,167.37,423836.095
1716530400000,167.38,168.08,165.58,166.36,252542.885
1716534000000,166.36,167.2,165.12,166.16,237491.825
1716537600000,166.15,166.33,162.5,165.37,385464.466
1716541200000,165.37,165.98,164.38,165.82,251932.312
1716544800000,165.81,166.03,164.86,165.51,191359.554
1716548400000,165.51,166.62,165.1,166.34,103665.786
1716552000000,166.34,167.68,166.08,166.72,191310.229
1716555600000,166.71,167.33,165.2,165.61,253014.635
1716559200000,165.61,168.5,165.11,167.5,225379.989
1716562800000,167.5,169.12,166.62,167.29,282040.697
1716566400000,167.29,167.35,164.73,165.68,175533.797
1716570000000,165.69,168.63,165.3,168.6,141515.991
1716573600000,168.59,170.61,168.2,168.71,199091.793
1716577200000,168.72,169.1,167.66,168.33,84236.271
1716580800000,168.33,168.75,167.5,168.14,73042.84
1716584400000,168.13,168.51,167.09,167.51,60179.039
1716588000000,167.51,167.9,166.66,167.25,61234.62
1716591600000,167.26,168.17,167.12,167.7,48710.219
1716595200000,167.7,167.7,166.07,166.13,76199.57
1716598800000,166.13,168.38,165.9,167.84,73047.01
1716602400000,167.85,169.8,167.73,169.17,140702.34
1716606000000,169.18,169.66,168.2,169.66,66986.112
1716609600000,169.65,170.16,169.02,169.9,72513.789
1716613200000,169.91,169.96,168.81,169.53,56451.711
1716616800000,169.52,169.58,168.4,168.4,54103.212
1716620400000,168.4,169.51,168.11,168.99,59737.45
1716624000000,168.99,169.97,168.42,168.67,60889.934
1716627600000,168.66,169.94,168.37,169.62,97513.312
1716631200000,169.62,170.27,168.93,170.12,91497.79
1716634800000,170.1,170.55,168.57,168.61,144435.943
1716638400000,168.61,168.91,167.49,167.97,113093.644
1716642000000,167.98,168.47,166.48,167.03,109336.294
1716645600000,167.04,168.62,167.0,168.28,79488.617
1716649200000,168.28,168.86,167.52,167.83,87956.137
1716652800000,167.83,168.08,166.88,167.16,80163.947
1716656400000,167.17,167.83,166.55,166.73,82753.205
1716660000000,166.74,167.51,166.35,167.5,64905.276
1716663600000,167.5,167.79,166.99,167.23,55467.443
1716667200000,167.23,167.65,166.55,167.12,77620.678
1716670800000,167.12,167.55,166.95,167.45,44402.689
1716674400000,167.45,167.98,167.06,167.93,39504.145
1716678000000,167.92,168.66,167.82,168.35,82672.887
1716681600000,168.35,168.4,167.53,167.58,52426.788
1716685200000,167.59,168.19,166.82,166.83,68142.762
1716688800000,166.84,166.94,165.0,165.79,145985.878
1716692400000,165.79,166.47,164.81,166.28,108579.362
1716696000000,166.28,166.28,165.0,165.64,62742.314
1716699600000,165.65,166.75,164.87,166.72,92377.334
1716703200000,166.71,167.02,165.87,166.06,90458.766
1716706800000,166.07,166.81,164.56,165.33,175296.167
1716710400000,165.33,165.65,163.92,164.32,186984.375
1716714000000,164.32,164.66,162.23,162.95,309230.355
1716717600000,162.95,164.29,162.91,164.23,116005.088
1716721200000,164.23,164.54,163.64,164.02,103078.399
1716724800000,164.03,164.03,162.55,163.57,109680.674
1716728400000,163.57,164.82,163.26,164.82,97357.801
1716732000000,164.81,165.42,163.79,165.25,159024.533
1716735600000,165.25,165.85,162.37,162.85,257931.424
1716739200000,162.85,163.49,161.95,163.0,205998.583
1716742800000,163.0,163.22,161.58,162.01,150433.119
1716746400000,162.01,162.76,161.14,161.83,158331.558
1716750000000,161.84,162.78,161.64,162.71,108037.892
1716753600000,162.71,162.85,161.93,162.13,68030.474
1716757200000,162.14,163.39,161.0,163.31,123765.049
1716760800000,163.3,164.16,163.01,163.76,107122.357
1716764400000,163.75,163.84,162.71,163.41,69096.937
1716768000000,163.42,166.2,163.26,165.59,170870.643
1716771600000,165.6,166.65,164.91,165.69,117762.048
1716775200000,165.68,165.96,164.01,164.34,120970.812
1716778800000,164.33,166.65,164.08,165.38,171007.668
1716782400000,165.38,166.43,165.32,165.79,112020.629
1716786000000,165.8,166.24,163.83,164.72,114147.883
1716789600000,164.71,165.56,164.51,164.62,93360.097
1716793200000,164.62,165.64,164.06,165.52,102376.912
1716796800000,165.53,166.63,165.11,165.53,117736.666
1716800400000,165.53,166.08,165.0,165.7,67134.387
1716804000000,165.7,166.44,165.24,166.41,90323.353
1716807600000,166.4,168.08,166.1,167.74,242471.335
1716811200000,167.73,168.08,166.68,166.87,108798.743
1716814800000,166.88,169.11,166.83,168.25,183090.212
1716818400000,168.25,169.3,167.58,169.09,163051.613
1716822000000,169.08,171.47,168.84,171.04,270683.097
1716825600000,171.03,172.1,170.48,171.47,269617.115
1716829200000,171.48,172.28,171.13,171.2,120612.449
1716832800000,171.21,171.7,170.12,170.28,93875.502
1716836400000,170.27,170.77,166.98,168.65,176391.747
1716840000000,168.64,170.78,168.36,170.75,125643.74
1716843600000,170.75,171.22,170.05,170.58,61828.81
1716847200000,170.59,171.67,170.17,171.15,80215.317
1716850800000,171.15,171.15,169.03,170.15,86026.277
1716854400000,170.15,170.95,169.22,169.84,108264.606
1716858000000,169.84,172.09,167.85,168.18,177790.051
1716861600000,168.17,169.48,166.65,168.81,238830.754
1716865200000,168.81,169.29,166.05,167.4,176740.631
1716868800000,167.4,167.58,164.92,165.7,189399.94
1716872400000,165.7,166.91,165.13,166.83,97589.317
1716876000000,166.83,167.27,166.0,166.83,97929.228
1716879600000,166.84,166.98,165.63,166.09,77147.962
1716883200000,166.1,168.07,165.88,167.67,107259.973
1716886800000,167.66,168.27,167.05,167.85,110223.037
1716890400000,167.85,170.38,167.69,169.56,180106.539
1716894000000,169.55,170.1,168.54,169.81,145277.937
1716897600000,169.81,171.92,169.42,171.25,187083.321
1716901200000,171.25,173.24,169.24,169.77,422021.687
1716904800000,169.77,172.2,167.09,168.59,396274.904
1716908400000,168.59,169.13,166.72,168.28,224390.425
1716912000000,168.3,168.7,166.0,166.84,180491.165
1716915600000,166.85,167.91,166.57,167.03,121973.461
1716919200000,167.02,168.08,166.1,167.75,137884.088
1716922800000,167.76,170.78,167.73,170.39,165249.05
1716926400000,170.39,170.74,169.42,169.72,69808.207
1716930000000,169.71,169.95,168.91,168.92,58143.222
1716933600000,168.91,169.81,168.87,169.03,58357.629
1716937200000,169.03,169.36,168.31,168.68,51014.209
1716940800000,168.68,169.18,168.04,168.47,36611.013
1716944400000,168.48,168.99,167.44,168.21,79476.608
1716948000000,168.21,169.83,167.93,169.66,73924.245
1716951600000,169.66,172.55,169.66,172.35,188758.18
1716955200000,172.35,172.96,171.72,172.13,127290.434
1716958800000,172.13,172.15,171.26,171.99,90358.199
1716962400000,172.0,173.93,171.81,173.14,184392.542
1716966000000,173.14,173.3,170.79,170.8,117537.093
1716969600000,170.81,171.06,168.09,168.99,251542.221
1716973200000,168.99,169.69,167.56,168.85,154888.403
1716976800000,168.85,170.15,168.53,170.15,86965.065
1716980400000,170.15,170.2,168.21,168.28,71657.108
1716984000000,168.28,169.29,167.0,168.79,145434.51
1716987600000,168.79,170.0,167.78,168.7,191730.826
1716991200000,168.71,169.62,167.93,169.25,113519.779
1716994800000,169.25,169.82,168.03,168.6,157886.342
1716998400000,168.61,171.86,167.53,171.56,243691.7
1717002000000,171.55,171.6,168.99,170.33,142379.071
1717005600000,170.34,171.14,168.27,169.5,131237.242
1717009200000,169.5,171.44,169.26,169.41,97361.586
1717012800000,169.41,169.73,168.6,168.99,66990.667
1717016400000,168.99,169.88,167.77,169.35,80629.971
1717020000000,169.34,169.94,168.66,169.64,53091.106
1717023600000,169.65,169.78,167.99,168.32,58923.383
1717027200000,168.32,169.4,167.92,168.03,61379.587
1717030800000,168.04,168.67,167.9,168.42,69537.045
1717034400000,168.43,170.97,168.37,170.0,141475.398
1717038000000,170.01,170.35,169.28,169.99,63889.999
1717041600000,169.99,170.89,169.27,170.05,72994.87
1717045200000,170.04,170.06,168.2,168.67,100297.9
1717048800000,168.68,168.69,166.0,166.08,224449.544
1717052400000,166.08,166.55,164.23,165.0,316901.231
1717056000000,164.99,165.63,163.55,165.47,178601.551
1717059600000,165.46,165.85,164.63,165.74,89917.115
1717063200000,165.74,167.21,164.97,166.66,147795.469
1717066800000,166.66,167.28,166.12,166.2,82106.756
1717070400000,166.2,167.8,166.0,167.51,136588.065
1717074000000,167.5,168.67,167.03,168.19,119490.102
1717077600000,168.2,169.66,167.49,167.98,251682.187
1717081200000,167.97,168.95,167.29,168.48,117282.754
1717084800000,168.47,169.94,168.15,169.82,179792.049
1717088400000,169.81,173.0,169.26,171.34,303150.854
1717092000000,171.35,171.86,170.4,170.78,139085.781
1717095600000,170.79,170.88,167.88,168.42,135911.812
1717099200000,168.43,168.43,166.18,167.27,162858.388
1717102800000,167.26,167.46,166.55,166.84,70234.987
1717106400000,166.83,167.2,166.38,167.2,57251.975
1717110000000,167.19,167.63,166.77,166.88,85091.628
1717113600000,166.88,166.98,165.52,166.55,74401.192
1717117200000,166.56,167.51,166.07,166.21,78107.088
1717120800000,166.22,167.56,166.16,167.02,52475.67
1717124400000,167.03,167.53,166.84,167.24,32160.71
1717128000000,167.25,167.68,166.93,167.06,45814.568
1717131600000,167.05,167.11,165.0,165.95,109484.252
1717135200000,165.96,166.74,165.59,165.9,85090.336
1717138800000,165.9,166.65,165.86,166.62,54528.77
1717142400000,166.62,167.41,166.48,167.04,57524.916
1717146000000,167.05,167.22,166.03,166.82,70761.411
1717149600000,166.82,167.7,166.68,167.52,98646.831
1717153200000,167.52,168.98,167.41,168.75,116926.866
1717156800000,168.74,170.94,168.42,169.54,280829.954
1717160400000,169.55,170.51,167.1,167.35,271273.223
1717164000000,167.35,167.35,165.72,166.65,261853.417
1717167600000,166.65,166.89,164.75,164.81,201573.897
1717171200000,164.81,165.87,163.67,165.82,241199.058
1717174800000,165.83,166.15,165.33,166.03,63585.327
1717178400000,166.02,166.29,165.3,165.93,54038.256
1717182000000,165.93,167.01,165.69,166.33,97864.68
1717185600000,166.34,166.85,165.98,166.6,47385.458
1717189200000,166.61,167.04,166.36,166.51,47800.477
1717192800000,166.51,166.72,166.12,166.15,59589.491
1717196400000,166.16,166.29,165.04,165.65,89820.54
1717200000000,165.65,167.14,165.64,166.77,77477.385
1717203600000,166.76,167.21,166.3,166.92,43468.357
1717207200000,166.91,167.62,166.7,167.54,50292.187
1717210800000,167.54,167.82,166.97,167.02,58540.428
1717214400000,167.02,167.45,166.66,167.31,32318.221
1717218000000,167.32,167.38,166.74,167.06,41560.381
1717221600000,167.07,167.19,166.8,167.08,29191.213
1717225200000,167.09,167.17,166.3,166.85,47361.741
1717228800000,166.85,167.34,166.73,167.27,44548.499
1717232400000,167.28,167.36,166.56,167.05,67240.244
1717236000000,167.06,167.22,166.63,166.69,43063.485
1717239600000,166.7,166.96,166.57,166.88,26426.071
1717243200000,166.89,167.41,166.8,166.82,34337.294
1717246800000,166.81,167.47,166.78,167.19,41186.318
1717250400000,167.2,167.72,167.09,167.5,51543.115
1717254000000,167.5,167.95,167.29,167.31,52608.911
1717257600000,167.31,167.5,166.89,167.18,49323.296
1717261200000,167.18,167.44,166.85,167.33,34112.131
1717264800000,167.33,167.49,167.0,167.33,17873.967
1717268400000,167.34,167.66,167.13,167.45,32982.197
1717272000000,167.43,167.77,167.18,167.3,40080.206
1717275600000,167.31,167.44,166.84,167.05,58705.555
1717279200000,167.06,167.23,166.51,166.71,49703.038
1717282800000,166.7,166.89,165.69,166.14,46554.688
1717286400000,166.14,166.89,165.93,166.77,78126.876
1717290000000,166.77,167.1,166.35,166.48,63985.482
1717293600000,166.48,166.76,165.42,165.87,48049.871
1717297200000,165.88,166.32,165.72,166.2,34887.446
1717300800000,166.2,166.28,165.8,165.94,30037.608
1717304400000,165.94,166.22,165.91,166.03,41442.09
1717308000000,166.04,166.53,166.03,166.3,31247.889
1717311600000,166.3,166.35,164.93,165.02,108415.61
1717315200000,165.02,165.54,164.96,165.29,47528.785
1717318800000,165.28,165.48,164.04,164.6,78574.318
1717322400000,164.6,164.7,164.0,164.6,62460.644
1717326000000,164.59,166.16,164.08,166.05,87500.706
1717329600000,166.05,166.29,164.71,165.01,87453.809
1717333200000,165.01,165.94,164.61,165.65,50012.254
1717336800000,165.65,166.0,164.78,165.66,73287.941
1717340400000,165.65,165.69,164.73,165.16,49709.361
1717344000000,165.17,165.37,163.68,164.36,151702.277
1717347600000,164.36,164.45,162.14,162.25,155751.527
1717351200000,162.24,163.37,161.32,163.07,127417.908
1717354800000,163.07,163.32,162.18,163.12,63301.951
1717358400000,163.11,163.25,161.73,163.17,56494.067
1717362000000,163.17,163.38,162.58,162.63,45028.824
1717365600000,162.62,163.58,162.58,163.29,61007.91
1717369200000,163.29,163.74,163.11,163.15,36152.832
1717372800000,163.14,163.47,161.79,162.55,64040.07
1717376400000,162.56,164.99,162.39,164.57,143104.738
1717380000000,164.57,165.23,163.9,164.12,102847.123
1717383600000,164.13,164.22,162.98,163.59,62648.398
1717387200000,163.59,164.17,162.64,163.75,62783.751
1717390800000,163.74,165.11,163.74,164.65,83754.647
1717394400000,164.64,165.79,164.38,165.52,92303.125
1717398000000,165.52,165.74,164.62,165.35,67049.322
1717401600000,165.35,166.85,165.18,165.73,102249.576
1717405200000,165.73,165.85,164.75,165.16,59030.688
1717408800000,165.16,165.82,164.71,164.79,47392.901
1717412400000,164.78,165.37,164.51,164.83,62672.14
1717416000000,164.82,166.74,164.82,166.63,121718.225
1717419600000,166.63,167.21,166.09,166.16,172125.048
1717423200000,166.17,166.64,163.0,163.35,278150.195
1717426800000,163.34,165.31,163.27,164.83,127075.054
1717430400000,164.84,164.94,163.5,164.22,90498.931
1717434000000,164.21,165.91,163.72,165.35,256647.145
1717437600000,165.34,166.16,164.91,166.11,59466.051
1717441200000,166.11,166.99,165.76,166.93,96367.661
1717444800000,166.94,167.2,165.56,165.57,87088.987
1717448400000,165.57,166.03,165.0,165.56,55691.037
1717452000000,165.55,165.59,164.93,165.45,40907.752
1717455600000,165.44,165.6,164.43,164.89,42403.967
1717459200000,164.9,165.71,164.31,165.29,53174.218
1717462800000,165.29,166.83,164.91,166.47,63469.851
1717466400000,166.48,166.49,165.71,166.17,37735.281
1717470000000,166.17,166.53,165.88,166.47,35966.11
1717473600000,166.47,167.0,165.92,166.19,69699.321
1717477200000,166.19,166.48,165.21,165.36,51154.351
1717480800000,165.36,165.96,164.91,165.62,65216.737
1717484400000,165.61,165.91,165.14,165.24,53253.902
1717488000000,165.25,165.84,164.85,164.9,62153.837
1717491600000,164.91,165.28,164.45,164.63,62431.833
1717495200000,164.63,165.63,164.51,165.37,52722.223
1717498800000,165.36,165.77,165.17,165.51,35289.89
1717502400000,165.5,166.11,165.29,165.72,57739.935
1717506000000,165.71,166.7,165.32,166.15,103557.337
1717509600000,166.16,167.5,165.87,165.97,218868.741
1717513200000,165.98,167.92,165.54,167.91,133997.903
1717516800000,167.92,170.0,167.78,169.37,297334.223
1717520400000,169.38,169.51,168.17,169.16,109339.037
1717524000000,169.16,170.39,169.15,169.86,134300.548
1717527600000,169.85,169.91,168.3,169.47,132360.876
1717531200000,169.47,169.89,168.29,169.45,59283.237
1717534800000,169.44,170.03,169.01,169.66,46353.232
1717538400000,169.66,170.98,169.65,170.81,85928.018
1717542000000,170.79,171.87,170.54,171.78,103623.374
1717545600000,171.78,172.5,171.11,172.04,145226.404
1717549200000,172.05,173.53,171.51,173.21,144030.123
1717552800000,173.21,174.86,172.8,173.41,229147.392
1717556400000,173.4,174.8,172.48,172.97,138770.161
1717560000000,172.97,173.47,172.31,173.12,70570.541
1717563600000,173.12,173.8,172.41,173.4,80985.397
1717567200000,173.4,174.23,173.4,174.0,90900.639
1717570800000,173.99,174.32,173.32,173.43,91723.238
1717574400000,173.43,173.66,172.54,172.98,89674.459
1717578000000,172.97,174.11,172.7,173.43,85554.124
1717581600000,173.44,173.69,172.53,172.55,79146.065
1717585200000,172.55,173.04,172.1,172.85,65551.841
1717588800000,172.86,173.68,172.02,172.96,105567.344
1717592400000,172.95,173.95,172.31,172.49,117513.77
1717596000000,172.48,173.22,170.0,172.82,197565.337
1717599600000,172.83,175.14,172.75,174.74,188139.758
1717603200000,174.74,175.6,173.72,174.07,192336.66
1717606800000,174.07,174.85,173.88,174.75,74351.02
1717610400000,174.74,175.21,172.65,173.2,163985.776
1717614000000,173.18,173.5,172.5,172.97,55282.438
1717617600000,172.97,173.53,172.75,173.36,39056.363
1717621200000,173.35,173.56,172.83,173.14,31284.352
1717624800000,173.13,173.8,172.92,173.18,45263.121
1717628400000,173.19,173.7,172.95,173.54,38597.266
1717632000000,173.55,173.81,173.16,173.66,40644.298
1717635600000,173.66,174.23,173.18,173.58,42495.274
1717639200000,173.58,174.4,173.5,174.31,66005.952
1717642800000,174.3,174.32,173.63,173.85,42727.009
1717646400000,173.86,174.1,173.0,173.63,68377.98
1717650000000,173.62,173.7,172.27,172.37,76396.52
1717653600000,172.37,172.59,171.59,171.92,78666.398
1717657200000,171.91,172.81,171.54,172.6,74299.438
1717660800000,172.59,173.08,172.14,173.01,76397.226
1717664400000,173.02,173.44,172.57,172.83,65928.264
1717668000000,172.83,172.88,172.3,172.74,57856.637
1717671600000,172.74,173.14,172.51,173.08,49510.197
1717675200000,173.09,173.5,172.5,172.94,91741.395
1717678800000,172.94,173.4,172.5,172.6,80215.184
1717682400000,172.61,173.27,172.4,173.26,72270.095
1717686000000,173.26,173.7,172.94,172.99,82756.524
1717689600000,172.99,173.07,171.42,171.6,123290.258
1717693200000,171.6,172.49,171.01,171.85,233068.045
1717696800000,171.85,172.06,171.07,171.12,57846.494
1717700400000,171.11,171.13,168.65,169.12,136574.772
1717704000000,169.12,170.8,167.51,170.45,159542.57
1717707600000,170.44,170.85,169.79,170.22,62406.959
1717711200000,170.21,170.73,169.94,170.55,68123.046
1717714800000,170.54,170.84,169.34,170.15,209097.699
1717718400000,170.15,170.6,169.8,170.26,39377.516
1717722000000,170.26,170.34,169.44,170.16,60670.448
1717725600000,170.16,170.34,168.99,169.9,70873.495
1717729200000,169.9,170.57,169.7,170.57,45332.007
1717732800000,170.56,172.22,170.44,172.06,138979.052
1717736400000,172.06,172.49,171.7,172.05,100745.447
1717740000000,172.05,172.43,171.77,172.31,64300.031
1717743600000,172.32,172.54,171.96,172.01,56335.612
1717747200000,172.01,172.4,171.82,172.12,42428.236
1717750800000,172.13,172.17,171.43,171.66,56859.764
1717754400000,171.65,171.95,170.93,171.43,57553.432
1717758000000,171.43,172.29,171.05,172.2,56662.263
1717761600000,172.19,172.85,169.15,171.17,241474.596
1717765200000,171.17,171.77,170.57,171.42,84942.763
1717768800000,171.42,171.69,170.89,171.39,64431.15
1717772400000,171.38,171.47,169.32,170.15,91065.71
1717776000000,170.15,170.36,168.41,168.67,99915.731
1717779600000,168.68,168.69,165.35,165.36,260913.315
1717783200000,165.35,165.63,152.92,161.08,1245485.929
1717786800000,161.08,163.2,160.23,162.01,292335.296
1717790400000,162.02,163.05,161.03,162.72,141447.164
1717794000000,162.72,163.05,162.21,162.57,89307.332
1717797600000,162.57,163.19,162.27,163.09,73813.778
1717801200000,163.09,163.23,162.42,162.5,63602.024
1717804800000,162.51,162.51,161.88,162.17,84962.508
1717808400000,162.16,163.13,162.0,163.04,70174.206
1717812000000,163.03,163.08,162.2,162.68,64599.61
1717815600000,162.67,162.96,162.35,162.7,38405.802
1717819200000,162.7,162.71,162.02,162.03,48340.857
1717822800000,162.03,162.75,160.88,162.37,101257.981
1717826400000,162.37,162.75,162.14,162.59,37292.703
1717830000000,162.59,163.78,162.59,163.6,56358.581
1717833600000,163.6,163.64,162.5,162.58,41769.851
1717837200000,162.58,162.66,162.07,162.31,46308.308
1717840800000,162.3,162.43,161.45,162.01,69165.776
1717844400000,162.02,162.24,160.05,160.48,99104.323
1717848000000,160.47,160.87,158.97,159.91,155706.41
1717851600000,159.91,160.48,158.28,160.47,198477.373
1717855200000,160.47,161.23,159.94,161.17,96542.601
1717858800000,161.16,161.35,159.91,160.15,67078.795
1717862400000,160.15,160.48,158.93,159.72,114916.315
1717866000000,159.73,160.35,158.82,160.26,83921.056
1717869600000,160.26,161.05,160.01,160.07,54148.374
1717873200000,160.07,160.43,159.42,159.85,46480.067
1717876800000,159.85,159.98,158.57,159.24,42076.766
1717880400000,159.23,159.38,158.68,158.83,39274.341
1717884000000,158.83,158.98,157.37,158.5,81850.421
1717887600000,158.49,158.62,157.68,157.83,51669.625
1717891200000,157.83,158.55,157.66,158.16,55128.387
1717894800000,158.14,158.8,157.94,158.65,37849.976
1717898400000,158.65,158.65,157.05,157.17,66289.863
1717902000000,157.18,158.06,156.52,157.78,86831.243
1717905600000,157.79,158.64,157.78,158.04,59292.691
1717909200000,158.05,158.97,157.26,158.9,72799.089
1717912800000,158.91,159.44,158.79,159.28,52139.511
1717916400000,159.28,159.79,158.92,159.01,47455.083
1717920000000,159.02,159.68,158.58,159.51,68938.203
1717923600000,159.5,159.81,159.25,159.48,43908.514
1717927200000,159.49,159.49,158.9,159.01,41467.704
1717930800000,159.01,159.61,158.9,159.44,34499.826
1717934400000,159.44,161.61,159.21,161.09,145198.59
1717938000000,161.09,161.36,159.6,160.5,109727.826
1717941600000,160.51,161.43,160.31,161.35,85253.165
1717945200000,161.34,161.87,161.14,161.63,66045.002
1717948800000,161.63,161.8,161.05,161.13,53276.024
1717952400000,161.14,161.3,160.55,160.82,58434.506
1717956000000,160.83,162.61,160.57,162.52,75800.105
1717959600000,162.52,163.04,162.13,162.13,58316.337
1717963200000,162.13,162.21,161.28,161.47,36174.544
1717966800000,161.46,162.05,161.27,161.89,32489.663
1717970400000,161.89,162.39,161.62,161.92,33660.492
1717974000000,161.93,162.18,161.8,162.12,23928.656
1717977600000,162.12,162.18,160.64,161.2,40080.367
1717981200000,161.19,161.74,160.75,161.26,32528.756
1717984800000,161.26,161.69,160.86,160.99,24189.143
1717988400000,160.98,161.01,159.65,159.87,41711.611
1717992000000,159.88,160.56,159.32,160.24,35811.119
1717995600000,160.25,160.25,159.61,159.83,31266.953
1717999200000,159.83,160.06,158.8,159.29,76391.296
1718002800000,159.28,159.33,157.46,157.62,115475.131
1718006400000,157.62,159.85,157.54,159.32,117136.19
1718010000000,159.32,160.22,158.56,160.11,66458.092
1718013600000,160.11,160.18,159.57,159.85,39723.218
1718017200000,159.85,159.95,159.22,159.46,35968.366
1718020800000,159.45,159.51,158.39,158.45,54990.896
1718024400000,158.45,159.2,157.7,158.92,83179.858
1718028000000,158.92,160.03,158.13,159.87,101824.428
1718031600000,159.87,163.18,159.78,162.38,190007.407
1718035200000,162.37,162.75,160.77,162.0,124954.246
1718038800000,162.0,162.7,161.3,162.61,60455.21
1718042400000,162.61,162.92,161.1,161.91,73896.328
1718046000000,161.91,162.07,160.05,160.44,100350.798
1718049600000,160.45,160.67,158.83,159.86,110166.168
1718053200000,159.86,160.36,158.87,159.55,68344.353
1718056800000,159.56,159.65,158.8,159.37,54523.214
1718060400000,159.38,159.47,158.17,159.05,80843.806
1718064000000,159.04,159.67,158.62,158.99,48783.24
1718067600000,158.98,159.75,155.02,156.39,212990.463
1718071200000,156.39,157.93,154.81,156.66,296178.853
1718074800000,156.66,157.14,155.49,156.07,110933.59
1718078400000,156.06,156.18,152.6,154.52,227923.122
1718082000000,154.51,154.63,153.57,154.33,82367.557
1718085600000,154.33,154.77,152.4,153.54,98317.739
1718089200000,153.54,154.23,152.53,153.39,115847.767
1718092800000,153.39,154.52,152.97,153.85,101946.001
1718096400000,153.84,154.4,152.72,154.08,149820.223
1718100000000,154.09,155.3,153.44,154.77,93173.261
1718103600000,154.77,154.9,153.74,153.89,82330.969
1718107200000,153.89,154.58,153.43,153.63,92582.161
1718110800000,153.62,154.39,150.81,151.24,229621.611
1718114400000,151.23,152.88,150.56,151.98,126511.951
1718118000000,151.98,152.44,146.29,147.67,507182.116
1718121600000,147.66,149.43,147.02,147.73,226571.612
1718125200000,147.74,148.03,145.2,147.62,254433.075
1718128800000,147.62,149.0,147.21,148.65,126322.693
1718132400000,148.65,149.8,147.77,149.23,118461.998
1718136000000,149.22,149.28,148.07,148.31,81765.287
1718139600000,148.31,149.58,148.26,149.31,68537.4
1718143200000,149.32,150.11,148.83,149.48,139016.969
1718146800000,149.49,150.27,148.87,149.31,54963.119
1718150400000,149.31,149.6,148.0,148.2,72073.74
1718154000000,148.2,148.54,145.44,147.14,131547.178
1718157600000,147.09,149.57,146.56,149.28,134605.117
1718161200000,149.28,149.88,149.08,149.65,71903.673
1718164800000,149.65,151.96,149.58,151.28,104811.857
1718168400000,151.28,151.36,150.07,150.16,62461.281
1718172000000,150.15,151.55,150.14,150.8,59620.435
1718175600000,150.81,151.98,150.77,151.79,58383.738
1718179200000,151.78,152.34,151.19,151.33,75258.245
1718182800000,151.32,152.66,150.93,152.22,80083.355
1718186400000,152.22,153.56,152.22,152.81,116002.491
1718190000000,152.81,153.05,151.59,151.74,87277.422
1718193600000,151.75,159.68,151.5,158.86,591117.883
1718197200000,158.86,161.84,158.21,159.29,336421.442
1718200800000,159.28,160.66,159.27,159.96,151054.849
1718204400000,159.96,160.32,157.84,158.84,169068.45
1718208000000,158.85,159.75,157.83,158.81,129629.789
1718211600000,158.81,159.81,158.13,159.62,96832.483
1718215200000,159.63,159.63,155.08,155.97,564854.588
1718218800000,155.94,158.4,151.16,153.33,430008.369
1718222400000,153.33,155.28,152.8,154.95,149238.217
1718226000000,154.94,155.51,154.73,155.27,78219.92
1718229600000,155.28,155.63,154.75,155.6,56866.638
1718233200000,155.6,155.6,154.35,155.22,44515.234
1718236800000,155.21,155.21,153.63,154.65,70920.426
1718240400000,154.64,155.16,152.64,152.89,69946.582
1718244000000,152.9,153.63,151.53,151.74,105485.587
1718247600000,151.73,151.73,149.65,151.55,264833.808
1718251200000,151.56,152.84,151.29,152.06,61024.947
1718254800000,152.06,152.64,152.03,152.34,52175.12
1718258400000,152.34,152.5,150.85,151.36,64374.902
1718262000000,151.35,152.24,150.78,152.09,61483.281
1718265600000,152.1,152.47,151.51,151.85,99203.432
1718269200000,151.86,151.97,150.13,151.15,69280.664
1718272800000,151.16,152.0,150.05,151.66,75639.879
1718276400000,151.66,151.79,149.05,149.63,125077.842
1718280000000,149.64,152.3,149.32,150.05,160580.766
1718283600000,150.07,151.84,149.13,150.15,106792.91
1718287200000,150.14,150.62,148.55,149.12,161617.201
1718290800000,149.1,149.32,146.13,146.87,232139.717
1718294400000,146.87,147.85,146.23,147.65,146117.725
1718298000000,147.65,148.73,147.04,148.63,81718.792
1718301600000,148.62,148.91,147.88,148.83,105491.458
1718305200000,148.83,148.94,147.7,147.73,77168.911
1718308800000,147.72,148.33,146.72,147.24,142713.789
1718312400000,147.23,148.06,146.03,148.06,119892.803
1718316000000,148.05,148.41,147.12,148.17,58707.932
1718319600000,148.16,148.16,146.86,147.29,60900.637
1718323200000,147.29,148.23,146.34,147.1,97555.564
1718326800000,147.11,148.07,145.89,147.97,106496.151
1718330400000,147.98,148.52,147.42,148.13,76853.968
1718334000000,148.13,148.43,147.24,147.5,73096.426
1718337600000,147.51,148.07,147.06,147.06,36748.903
1718341200000,147.07,149.0,146.8,148.67,115672.519
1718344800000,148.67,148.85,147.36,147.91,134776.236
1718348400000,147.91,148.34,147.31,147.62,72260.715
1718352000000,147.62,148.75,147.36,148.42,81278.575
1718355600000,148.43,148.47,147.68,147.8,62320.723
1718359200000,147.8,148.43,147.5,147.81,54682.377
1718362800000,147.81,148.33,147.16,148.1,88469.562
1718366400000,148.11,149.0,147.91,148.26,91149.58
1718370000000,148.26,148.77,147.68,147.84,64934.531
1718373600000,147.83,148.0,143.51,145.05,351232.102
1718377200000,145.04,145.8,143.0,143.78,196330.449
1718380800000,143.78,144.1,140.0,141.63,541256.038
1718384400000,141.61,142.7,140.29,141.6,233978.89
1718388000000,141.6,141.79,139.67,141.45,229728.693
1718391600000,141.44,142.74,140.98,141.8,91644.145
1718395200000,141.8,143.0,141.65,141.76,74905.744
1718398800000,141.75,145.15,141.43,143.97,137594.513
1718402400000,143.97,144.2,142.13,143.32,104652.087
1718406000000,143.31,143.51,142.64,143.05,65843.002
1718409600000,143.04,144.05,142.92,143.55,64578.743
1718413200000,143.54,144.53,143.21,143.29,59867.586
1718416800000,143.29,143.99,143.17,143.74,31159.601
1718420400000,143.73,144.95,143.54,144.94,64901.053
1718424000000,144.93,145.2,144.09,144.77,63120.003
1718427600000,144.76,145.58,144.68,144.88,93631.597
1718431200000,144.89,145.41,144.01,144.19,58907.451
1718434800000,144.19,144.81,143.64,143.78,117725.148
1718438400000,143.78,144.39,143.53,143.95,55429.975
1718442000000,143.96,144.37,143.25,143.5,54783.416
1718445600000,143.5,144.03,143.0,144.03,41513.81
1718449200000,144.02,144.64,143.79,144.5,40366.338
1718452800000,144.5,144.84,144.02,144.68,39159.648
1718456400000,144.69,144.95,144.14,144.91,49374.826
1718460000000,144.91,144.95,144.28,144.42,59993.984
1718463600000,144.42,145.43,144.3,145.19,81815.329
1718467200000,145.18,145.78,145.06,145.18,59262.843
1718470800000,145.19,145.56,144.87,145.46,49396.297
1718474400000,145.45,145.48,144.62,144.8,41875.627
1718478000000,144.8,145.1,144.1,144.66,55008.148
1718481600000,144.66,144.95,143.85,144.32,60633.446
1718485200000,144.33,145.55,144.22,145.29,36251.45
1718488800000,145.29,145.47,144.81,145.47,41521.93
1718492400000,145.48,145.69,145.2,145.52,26646.673
1718496000000,145.52,145.58,144.61,144.68,39463.356
1718499600000,144.67,145.15,144.26,144.68,43951.378
1718503200000,144.67,144.69,144.27,144.29,24738.051
1718506800000,144.3,144.59,143.88,144.01,26248.143
1718510400000,144.01,144.06,143.16,143.17,53984.803
1718514000000,143.17,144.48,143.08,144.41,35199.487
1718517600000,144.41,144.93,144.08,144.83,79359.203
1718521200000,144.84,145.28,144.42,144.49,62785.973
1718524800000,144.5,144.79,144.0,144.19,26221.789
1718528400000,144.19,144.73,143.82,144.72,32385.195
1718532000000,144.72,145.74,144.39,145.41,51950.121
1718535600000,145.41,145.56,144.9,145.0,39333.998
1718539200000,145.0,145.53,144.8,145.11,49914.724
1718542800000,145.12,146.03,145.06,145.85,49784.022
1718546400000,145.84,146.88,145.58,146.29,95299.038
1718550000000,146.28,148.8,146.25,148.53,119668.009
1718553600000,148.52,149.36,147.93,148.3,137617.325
1718557200000,148.27,148.97,147.72,147.93,58116.994
1718560800000,147.93,148.56,147.6,148.36,32200.975
1718564400000,148.37,149.01,148.24,148.78,38452.752
1718568000000,148.77,149.34,148.38,148.93,45873.506
1718571600000,148.92,149.59,148.7,149.22,50165.718
1718575200000,149.22,150.98,149.22,150.4,131415.746
1718578800000,150.41,151.35,150.15,151.3,81749.121
1718582400000,151.3,151.79,150.38,150.47,77543.9
1718586000000,150.46,150.62,148.54,148.98,112005.285
1718589600000,148.97,149.07,147.67,148.63,116043.766
1718593200000,148.63,148.64,147.08,147.36,53871.433
1718596800000,147.36,148.49,146.68,148.48,66250.683
1718600400000,148.48,149.23,147.37,147.96,265452.573
1718604000000,148.0,148.04,146.2,146.42,81398.237
1718607600000,146.42,147.57,145.81,146.61,104317.938
1718611200000,146.61,147.28,145.17,145.88,108777.527
1718614800000,145.88,146.86,144.25,144.41,144287.06
1718618400000,144.41,144.72,141.66,143.29,321512.161
1718622000000,143.3,144.4,143.07,143.94,97744.526
1718625600000,143.94,144.16,143.11,143.3,131549.214
1718629200000,143.31,144.02,141.88,142.46,127916.072
1718632800000,142.46,144.64,142.36,143.48,149343.396
1718636400000,143.48,143.97,140.77,141.23,192556.205
1718640000000,141.23,143.99,139.85,143.3,350434.249
1718643600000,143.3,145.03,143.3,144.73,153950.017
1718647200000,144.75,146.82,144.55,146.39,192057.186
1718650800000,146.39,146.45,144.33,144.57,129453.226
1718654400000,144.57,144.66,142.21,142.97,154521.547
1718658000000,143.0,143.82,141.27,143.19,91684.682
1718661600000,143.19,143.97,142.65,143.82,87548.868
1718665200000,143.82,144.21,142.8,143.27,102740.061
1718668800000,143.28,143.82,140.05,141.52,296090.764
1718672400000,141.53,142.05,127.95,132.64,1382382.971
1718676000000,132.64,135.71,130.97,134.75,625881.904
1718679600000,134.75,135.72,133.78,135.62,192163.521
1718683200000,135.61,137.32,134.74,136.81,246304.628
1718686800000,136.81,137.87,136.38,136.5,155941.352
1718690400000,136.5,137.16,135.52,136.09,146883.333
1718694000000,136.1,137.04,136.07,136.71,114002.21
1718697600000,136.71,138.85,136.47,138.61,212305.196
1718701200000,138.6,138.79,137.2,137.31,118291.206
1718704800000,137.31,138.46,136.81,137.67,90332.216
1718708400000,137.67,138.03,135.61,137.16,208452.664
1718712000000,137.17,137.68,135.34,136.07,280903.58
1718715600000,136.06,136.28,132.9,134.27,371764.233
1718719200000,134.27,137.85,132.88,135.15,366859.875
1718722800000,135.14,136.96,134.1,136.01,222318.62
1718726400000,136.01,136.16,133.27,134.74,141190.607
1718730000000,134.73,135.29,132.61,132.75,134204.76
1718733600000,132.75,134.21,131.75,132.27,176184.436
1718737200000,132.26,133.17,130.41,133.14,235907.096
1718740800000,133.13,136.84,132.03,136.8,407771.34
1718744400000,136.79,138.47,136.29,137.85,221244.188
1718748000000,137.86,137.93,136.36,137.64,118177.137
1718751600000,137.63,137.7,136.51,137.41,92418.873
1718755200000,137.41,138.29,135.96,137.97,138581.571
1718758800000,137.98,139.7,137.09,137.99,285474.711
1718762400000,138.0,140.17,137.94,139.13,176306.444
1718766000000,139.12,141.5,138.97,140.15,198509.712
1718769600000,140.15,141.23,139.84,140.62,145648.068
1718773200000,140.62,141.09,139.49,139.93,148171.421
1718776800000,139.95,141.77,139.72,141.6,107166.9
1718780400000,141.6,141.9,139.76,139.98,163490.806
1718784000000,139.99,140.29,138.48,138.76,170332.304
1718787600000,138.75,139.24,137.78,138.55,96440.073
1718791200000,138.57,139.49,137.88,139.42,96461.219
1718794800000,139.42,139.56,137.0,137.96,132901.073
1718798400000,137.95,138.92,137.29,138.46,91840.742
1718802000000,138.46,138.77,137.44,137.48,71213.206
1718805600000,137.48,137.49,135.51,136.36,139666.411
1718809200000,136.37,137.15,136.17,136.92,110507.162
1718812800000,136.93,137.55,136.0,136.9,149390.649
1718816400000,136.9,139.05,136.7,137.88,120102.803
1718820000000,137.87,138.55,137.45,137.64,120127.852
1718823600000,137.63,137.69,135.59,136.67,296268.492
1718827200000,136.67,136.82,134.76,135.39,322708.666
1718830800000,135.39,135.99,134.59,135.77,97798.166
1718834400000,135.77,135.98,134.67,134.71,69285.677
1718838000000,134.72,135.86,134.47,135.62,88383.34
1718841600000,135.62,136.14,134.7,135.27,88578.55
1718845200000,135.25,137.24,134.55,135.05,165795.448
1718848800000,135.03,135.07,133.82,134.45,101575.747
1718852400000,134.45,134.53,132.6,133.06,177840.015
1718856000000,133.05,134.37,132.53,134.29,116404.851
1718859600000,134.3,136.35,134.3,136.02,169541.469
1718863200000,136.01,136.97,135.35,135.54,181639.505
1718866800000,135.55,138.18,135.29,137.18,293135.577
1718870400000,137.19,137.66,136.42,137.63,117663.459
1718874000000,137.65,138.0,137.14,137.38,91648.884
1718877600000,137.38,139.48,136.84,139.26,115193.954
1718881200000,139.26,141.29,138.57,139.34,301770.157
1718884800000,139.34,139.74,138.19,138.26,117543.955
1718888400000,138.25,138.48,134.8,134.98,304347.174
1718892000000,134.98,135.12,132.55,134.58,247160.702
1718895600000,134.59,134.85,133.13,133.27,131753.042
1718899200000,133.27,134.0,131.9,133.31,187368.391
1718902800000,133.3,134.91,132.75,134.72,100668.509
1718906400000,134.72,135.83,134.25,134.25,103208.717
1718910000000,134.24,134.57,133.53,134.25,90694.44
1718913600000,134.24,134.51,133.67,134.26,87614.516
1718917200000,134.27,134.91,133.66,133.69,68831.685
1718920800000,133.69,134.46,133.66,133.92,65393.369
1718924400000,133.92,134.28,133.42,133.55,82308.392
1718928000000,133.55,134.06,132.23,133.01,111225.635
1718931600000,133.02,134.31,132.46,134.29,110016.813
1718935200000,134.29,134.85,132.91,133.02,116813.603
1718938800000,133.02,133.1,131.71,132.68,138726.832
1718942400000,132.68,133.34,131.84,133.09,120884.932
1718946000000,133.1,133.23,132.19,133.05,91210.286
1718949600000,133.04,133.29,132.1,132.56,116307.016
1718953200000,132.56,133.08,130.64,131.43,143441.239
1718956800000,131.43,131.89,129.66,130.17,198383.602
1718960400000,130.16,132.76,129.93,132.36,162558.093
1718964000000,132.37,132.8,131.7,132.07,102814.44
1718967600000,132.08,132.72,131.61,132.08,84040.534
1718971200000,132.08,132.55,130.58,131.24,161914.971
1718974800000,131.23,131.27,129.4,130.19,189702.923
1718978400000,130.18,133.47,129.67,132.95,227879.006
1718982000000,132.95,133.76,130.52,131.4,181722.199
1718985600000,131.41,131.73,130.4,130.89,115485.673
1718989200000,130.88,131.09,128.99,129.14,163691.17
1718992800000,129.13,132.47,128.76,132.43,143850.967
1718996400000,132.43,133.95,131.6,132.64,144375.374
1719000000000,132.63,134.81,132.58,133.41,139395.827
1719003600000,133.42,134.45,131.92,133.79,92101.99
1719007200000,133.79,134.99,133.22,134.83,87465.691
1719010800000,134.82,135.38,133.73,134.6,86065.211
1719014400000,134.61,134.73,133.0,133.58,88234.641
1719018000000,133.57,134.18,133.21,133.69,47106.828
1719021600000,133.69,135.28,133.62,134.91,66392.73
1719025200000,134.94,135.24,134.21,135.07,80210.739
1719028800000,135.07,135.29,134.73,135.18,63108.874
1719032400000,135.18,135.99,134.96,135.96,95855.951
1719036000000,135.97,136.74,135.27,135.34,156546.105
1719039600000,135.34,135.54,134.52,134.86,64105.832
1719043200000,134.85,134.94,133.79,133.97,66057.912
1719046800000,133.98,134.64,133.7,134.5,58979.176
1719050400000,134.5,134.68,133.94,134.22,52406.687
1719054000000,134.21,134.68,133.84,134.52,57938.816
1719057600000,134.52,134.79,134.24,134.24,52958.918
1719061200000,134.24,134.44,133.9,134.05,53262.543
1719064800000,134.05,134.76,134.05,134.49,45453.679
1719068400000,134.49,134.67,133.98,134.25,53470.06
1719072000000,134.25,134.69,133.98,134.68,65720.906
1719075600000,134.67,135.0,133.91,133.97,56901.706
1719079200000,133.98,134.32,133.95,134.13,21840.357
1719082800000,134.13,134.48,134.02,134.47,28952.628
1719086400000,134.48,134.52,134.03,134.25,32013.476
1719090000000,134.24,134.52,134.14,134.52,21921.07
1719093600000,134.52,134.62,134.13,134.27,28655.325
1719097200000,134.27,134.29,133.16,133.69,41120.932
1719100800000,133.7,135.07,133.59,134.61,58097.83
1719104400000,134.62,135.06,134.19,134.94,63651.89
1719108000000,134.94,135.08,134.27,134.79,45694.821
1719111600000,134.8,135.09,134.41,134.77,44586.876
1719115200000,134.76,135.0,134.56,134.58,31834.141
1719118800000,134.57,134.86,134.21,134.43,23595.631
1719122400000,134.44,134.71,134.34,134.42,20456.948
1719126000000,134.42,134.8,134.39,134.72,26019.61
1719129600000,134.71,134.77,134.48,134.54,17830.983
1719133200000,134.54,134.83,134.2,134.7,28631.586
1719136800000,134.69,134.77,133.7,133.88,46261.396
1719140400000,133.88,134.27,133.48,134.03,41539.56
1719144000000,134.03,134.4,133.88,133.92,34699.774
1719147600000,133.91,134.29,133.48,133.58,52677.011
1719151200000,133.58,133.65,132.04,132.27,88495.899
1719154800000,132.26,132.7,131.43,131.58,68357.928
1719158400000,131.58,132.15,130.43,130.7,93576.829
1719162000000,130.7,131.67,130.59,131.18,82196.293
1719165600000,131.16,131.96,131.15,131.75,49281.019
1719169200000,131.75,132.53,131.4,131.46,56853.59
1719172800000,131.46,131.54,129.03,130.55,161593.096
1719176400000,130.55,130.91,129.5,130.58,103024.131
1719180000000,130.58,130.58,128.69,129.22,133625.449
1719183600000,129.22,129.48,128.22,128.69,119818.94
1719187200000,128.68,129.79,128.18,129.0,140576.074
1719190800000,129.0,129.26,126.38,127.67,225421.35
1719194400000,127.69,128.14,126.0,126.69,177776.597
1719198000000,126.7,127.61,126.07,126.23,94260.571
1719201600000,126.23,126.69,125.42,126.09,200564.011
1719205200000,126.08,126.31,123.21,123.93,401873.943
1719208800000,123.92,125.11,123.84,124.98,156184.542
1719212400000,124.98,125.83,124.38,125.2,217820.461
1719216000000,125.21,126.79,124.62,125.94,178581.217
1719219600000,125.94,126.6,122.0,126.15,555650.889
1719223200000,126.15,127.5,125.97,126.85,244067.169
1719226800000,126.85,127.48,125.82,127.07,223242.309
1719230400000,127.06,128.84,126.72,128.19,211843.99
1719234000000,128.18,129.38,126.27,129.03,223631.808
1719237600000,129.04,129.95,127.63,128.56,183781.577
1719241200000,128.57,128.79,125.64,126.31,220630.887
1719244800000,126.31,127.52,125.85,126.62,245947.684
1719248400000,126.62,129.47,126.2,128.2,368323.28
1719252000000,128.2,130.34,126.62,130.29,240059.276
1719255600000,130.28,130.38,126.71,127.49,211909.863
1719259200000,127.48,129.15,125.04,128.28,372418.06
1719262800000,128.27,131.34,128.06,130.97,221854.921
1719266400000,131.0,131.4,130.14,130.21,105468.982
1719270000000,130.21,132.66,130.21,132.33,161608.316
1719273600000,132.34,132.98,131.8,132.26,126985.01
1719277200000,132.27,132.42,131.2,132.19,93315.454
1719280800000,132.18,133.51,131.58,132.98,185808.771
1719284400000,132.97,136.58,132.67,135.79,273324.244
1719288000000,135.79,136.4,135.07,136.38,279003.868
1719291600000,136.37,136.86,135.32,135.69,153331.642
1719295200000,135.69,136.22,135.31,136.01,87447.369
1719298800000,136.01,136.35,134.56,134.82,143008.626
1719302400000,134.82,135.02,133.47,134.38,213771.628
1719306000000,134.39,137.62,134.05,137.05,181300.364
1719309600000,137.05,139.16,136.55,138.83,254622.683
1719313200000,138.83,138.9,137.22,137.8,150906.756
1719316800000,137.81,138.2,136.49,136.72,162323.034
1719320400000,136.72,137.6,136.45,136.87,125910.197
1719324000000,136.87,139.08,136.66,138.18,225201.391
1719327600000,138.18,139.9,137.34,139.43,299255.321
1719331200000,139.43,139.6,137.13,137.53,186617.919
1719334800000,137.53,138.75,137.21,137.34,152000.329
1719338400000,137.34,139.43,137.01,139.19,152599.739
1719342000000,139.19,139.5,138.28,138.75,109402.244
1719345600000,138.73,139.0,138.15,138.27,68438.842
1719349200000,138.26,138.27,137.27,137.39,89350.309
1719352800000,137.38,138.15,136.73,136.9,97756.748
1719356400000,136.9,136.98,135.86,136.58,151979.216
1719360000000,136.57,137.22,136.14,136.43,58152.472
1719363600000,136.43,139.46,136.24,139.05,152971.614
1719367200000,139.05,140.41,138.56,138.89,123683.991
1719370800000,138.88,139.28,137.7,138.46,209653.001
1719374400000,138.46,138.8,136.85,136.9,130449.716
1719378000000,136.89,137.49,136.33,136.76,88161.355
1719381600000,136.77,137.53,136.59,136.93,87305.295
1719385200000,136.93,138.03,136.81,137.94,101148.724
1719388800000,137.94,138.17,136.16,136.51,93993.55
1719392400000,136.5,137.2,136.16,136.88,69845.966
1719396000000,136.87,137.11,136.03,136.74,93857.894
1719399600000,136.73,137.58,136.58,137.32,82724.805
1719403200000,137.32,137.69,136.51,137.05,66342.268
1719406800000,137.06,138.93,136.58,138.62,112974.187
1719410400000,138.63,139.49,137.47,137.84,138037.11
1719414000000,137.84,137.98,136.07,136.88,164540.018
1719417600000,136.89,137.45,135.58,136.13,95449.776
1719421200000,136.11,136.36,134.85,136.27,169635.527
1719424800000,136.28,136.3,135.12,135.7,59156.922
1719428400000,135.69,137.83,135.37,137.76,114789.013
1719432000000,137.75,138.46,136.26,137.12,114089.144
1719435600000,137.12,137.94,136.66,137.68,60591.904
1719439200000,137.67,138.39,137.04,137.4,69283.304
1719442800000,137.39,137.58,136.36,136.81,46590.51
1719446400000,136.81,137.47,136.0,136.8,68779.076
1719450000000,136.8,136.98,136.18,136.53,64532.237
1719453600000,136.52,136.96,135.61,136.87,73645.752
1719457200000,136.87,137.94,136.48,137.52,77611.772
1719460800000,137.51,137.73,136.92,136.98,58921.832
1719464400000,136.98,137.2,136.01,136.17,58789.58
1719468000000,136.18,136.33,135.2,135.83,89105.306
1719471600000,135.83,136.22,135.5,135.91,56876.591
1719475200000,135.91,136.45,135.52,136.43,52593.176
1719478800000,136.44,138.45,136.14,138.29,148658.141
1719482400000,138.29,139.47,138.01,138.41,178295.62
1719486000000,138.41,139.46,138.4,139.05,74982.002
1719489600000,139.03,140.37,138.52,139.59,182111.195
1719493200000,139.6,150.09,139.47,148.03,1627739.817
1719496800000,148.02,151.21,147.47,148.06,590437.316
1719500400000,148.06,148.4,146.6,147.77,227395.961
1719504000000,147.77,148.3,146.61,147.86,136269.697
1719507600000,147.85,148.63,147.67,148.27,120981.908
1719511200000,148.27,149.44,147.85,148.8,123144.864
1719514800000,148.81,148.84,147.52,148.46,113703.492
1719518400000,148.46,149.65,148.07,149.52,103161.26
1719522000000,149.52,150.36,149.2,149.99,92525.362
1719525600000,149.99,150.52,149.48,150.21,83523.209
1719529200000,150.21,150.33,149.13,149.71,47182.27
1719532800000,149.71,149.9,147.16,147.57,129603.627
1719536400000,147.58,150.84,147.29,148.93,157133.683
1719540000000,148.93,149.34,146.51,147.06,164467.016
1719543600000,147.08,147.8,146.62,147.54,72847.655
1719547200000,147.54,147.59,145.5,146.14,136422.026
1719550800000,146.14,146.15,143.79,144.25,165569.805
1719554400000,144.24,145.3,144.09,145.25,89786.375
1719558000000,145.24,145.44,144.14,145.37,77646.627
1719561600000,145.38,145.86,144.77,145.44,72596.687
1719565200000,145.44,146.2,144.81,145.91,89953.868
1719568800000,145.9,146.0,144.92,145.35,54261.566
1719572400000,145.34,146.07,145.04,145.5,72252.595
1719576000000,145.5,146.93,144.16,144.49,222180.419
1719579600000,144.49,145.68,143.05,143.56,233367.23
1719583200000,143.57,144.1,141.49,141.86,295361.491
1719586800000,141.86,145.69,140.86,143.23,306992.664
1719590400000,143.22,143.97,141.04,143.45,252078.855
1719594000000,143.44,143.44,140.38,141.33,169043.583
1719597600000,141.33,142.12,140.88,141.75,87066.242
1719601200000,141.74,142.09,140.12,140.98,141441.983
1719604800000,140.98,141.64,139.71,140.07,121148.613
1719608400000,140.07,140.7,139.01,140.41,93590.955
1719612000000,140.41,140.7,139.85,140.03,84866.093
1719615600000,140.04,140.23,139.66,140.03,49351.609
1719619200000,140.03,141.64,139.97,141.04,87035.925
1719622800000,141.03,142.6,140.94,141.97,147179.709
1719626400000,141.99,142.41,141.67,142.08,48350.196
1719630000000,142.08,142.24,141.49,141.77,28998.811
1719633600000,141.78,141.9,141.22,141.35,28598.254
1719637200000,141.34,141.43,140.1,140.59,103161.035
1719640800000,140.6,141.33,140.58,141.11,36967.349
1719644400000,141.11,142.52,141.11,142.0,107880.46
1719648000000,142.0,142.37,141.49,142.25,98342.147
1719651600000,142.25,142.89,141.71,142.86,75621.333
1719655200000,142.87,143.26,142.49,142.6,86929.519
1719658800000,142.61,142.76,142.2,142.66,51739.008
1719662400000,142.66,143.0,141.98,142.27,47381.096
1719666000000,142.27,142.49,141.88,142.13,44333.519
1719669600000,142.14,142.64,141.52,141.82,66976.542
1719673200000,141.83,142.8,141.2,142.68,80078.854
1719676800000,142.67,142.83,141.91,142.22,33338.275
1719680400000,142.22,142.45,141.7,142.35,28484.204
1719684000000,142.36,142.43,141.79,142.01,25209.492
1719687600000,142.0,142.14,140.82,141.72,58382.366
1719691200000,141.72,141.82,140.8,141.03,30374.156
1719694800000,141.03,141.15,140.46,140.73,43427.23
1719698400000,140.73,140.88,139.67,140.06,75434.937
1719702000000,140.06,140.61,139.97,140.28,34761.126
1719705600000,140.28,141.09,139.93,140.76,43192.252
1719709200000,140.76,140.8,139.7,140.09,52366.643
1719712800000,140.09,140.19,138.02,138.93,149500.399
1719716400000,138.93,139.27,138.25,138.3,56927.594
1719720000000,138.3,138.3,137.38,137.61,85336.536
1719723600000,137.6,137.85,137.09,137.68,59511.846
1719727200000,137.68,139.12,137.45,139.12,59745.938
1719730800000,139.12,141.12,139.02,140.64,193326.43
1719734400000,140.65,141.63,140.37,141.29,76000.933
1719738000000,141.28,141.79,140.86,140.95,86026.258
1719741600000,140.94,141.25,140.34,140.84,71974.204
1719745200000,140.84,141.5,140.68,141.18,39356.577
1719748800000,141.18,141.59,140.58,141.02,41391.47
1719752400000,141.03,142.49,141.02,142.4,77647.256
1719756000000,142.41,142.5,141.66,142.14,77927.07
1719759600000,142.15,144.0,142.14,143.83,121933.262
1719763200000,143.82,143.93,142.75,143.23,75657.217
1719766800000,143.23,144.28,143.0,144.07,66800.624
1719770400000,144.08,145.9,143.77,145.28,120799.501
1719774000000,145.29,145.36,144.51,144.82,76423.492
1719777600000,144.82,145.99,144.41,144.42,87700.346
1719781200000,144.41,144.81,143.79,144.48,68762.114
1719784800000,144.48,147.62,144.48,147.04,220239.767
1719788400000,147.04,147.28,146.38,146.61,78122.46
1719792000000,146.61,148.22,145.97,147.83,130743.758
1719795600000,147.83,149.13,147.38,148.26,164894.196
1719799200000,148.26,148.85,147.0,147.42,128138.574
1719802800000,147.42,147.99,147.3,147.61,56788.424
1719806400000,147.61,148.14,147.21,147.45,48379.585
1719810000000,147.46,148.49,147.46,148.01,64277.297
1719813600000,148.01,148.29,147.17,148.0,51378.705
1719817200000,148.0,148.71,147.49,148.3,60549.911
1719820800000,148.3,149.09,146.78,147.44,188680.461
1719824400000,147.45,148.03,146.85,147.8,67928.401
1719828000000,147.8,147.97,146.64,146.86,69995.977
1719831600000,146.85,146.97,145.87,146.14,81625.173
1719835200000,146.15,147.49,146.04,147.49,72431.265
1719838800000,147.48,148.72,146.3,146.99,167220.686
1719842400000,146.99,148.06,146.19,147.84,141247.724
1719846000000,147.85,148.67,147.38,148.5,146909.288
1719849600000,148.51,149.36,147.67,147.98,137844.787
1719853200000,147.98,148.45,147.06,148.06,104333.969
1719856800000,148.06,148.85,147.2,147.75,113192.675
1719860400000,147.75,147.88,146.6,147.32,63333.351
1719864000000,147.33,148.01,147.18,147.53,30443.076
1719867600000,147.53,148.26,147.2,147.57,36910.799
1719871200000,147.58,147.78,146.0,146.79,106297.355
1719874800000,146.8,147.1,146.02,146.67,46707.399
1719878400000,146.68,147.65,146.14,147.34,55324.043
1719882000000,147.34,147.84,146.96,147.62,41009.19
1719885600000,147.63,149.09,147.62,149.07,88656.24
1719889200000,149.07,149.91,148.46,149.16,93607.467
1719892800000,149.17,149.95,148.8,148.9,144002.31
1719896400000,148.9,149.3,148.67,149.08,44510.432
1719900000000,149.09,149.17,147.56,147.76,71432.151
1719903600000,147.76,147.86,146.98,147.43,111667.881
1719907200000,147.43,148.4,146.88,148.0,77030.523
1719910800000,148.01,148.5,147.7,148.29,46025.163
1719914400000,148.3,148.92,147.72,148.82,52794.978
1719918000000,148.83,150.1,148.46,149.68,178877.51
1719921600000,149.68,151.61,148.95,150.53,161768.445
1719925200000,150.53,151.87,148.45,148.87,210915.351
1719928800000,148.87,149.23,147.22,148.28,221936.186
1719932400000,148.28,149.05,147.63,148.39,106614.421
1719936000000,148.4,149.08,147.65,149.01,71344.926
1719939600000,149.02,150.01,148.22,149.98,100903.244
1719943200000,149.98,153.82,149.97,152.95,318655.175
1719946800000,152.96,153.66,152.13,152.79,139343.041
1719950400000,152.8,153.5,152.33,153.09,82480.407
1719954000000,153.09,154.02,152.95,153.69,92421.266
1719957600000,153.7,154.85,153.7,154.72,152793.308
1719961200000,154.72,155.0,153.7,154.03,111947.634
1719964800000,154.03,154.5,153.4,153.47,77308.848
1719968400000,153.47,153.91,151.75,152.24,169260.219
1719972000000,152.24,152.84,151.5,152.14,142836.302
1719975600000,152.14,152.17,149.2,150.56,228975.028
1719979200000,150.57,150.57,147.78,148.17,242893.255
1719982800000,148.17,149.47,148.06,149.41,142151.426
1719986400000,149.4,149.66,148.69,148.89,90467.779
1719990000000,148.9,149.0,146.39,146.4,198624.682
1719993600000,146.39,146.81,145.03,146.39,220485.636
1719997200000,146.39,147.28,146.04,146.47,120388.247
1720000800000,146.46,146.46,143.45,144.17,347704.062
1720004400000,144.17,144.55,142.77,144.07,165001.629
1720008000000,144.07,144.08,141.23,141.52,254618.654
1720011600000,141.51,144.22,141.11,144.17,266368.52
1720015200000,144.16,144.34,141.6,141.7,160322.714
1720018800000,141.71,142.73,140.94,141.68,154665.978
1720022400000,141.68,143.23,141.1,142.58,219246.175
1720026000000,142.59,142.81,141.28,142.04,103730.414
1720029600000,142.03,142.56,141.26,141.79,97727.141
1720033200000,141.79,141.9,139.12,140.43,229104.702
1720036800000,140.43,141.55,139.79,140.02,215689.292
1720040400000,140.03,142.05,139.01,141.69,198347.866
1720044000000,141.69,141.97,140.61,141.36,76427.344
1720047600000,141.35,141.4,140.47,140.84,66996.02
1720051200000,140.84,142.75,140.78,141.4,152322.657
1720054800000,141.41,141.61,132.21,134.16,651074.548
1720058400000,134.15,136.88,132.55,136.24,437910.268
1720062000000,136.25,137.31,135.56,137.08,109562.465
1720065600000,137.07,137.35,136.17,136.68,92313.83
1720069200000,136.69,136.81,135.95,136.04,66823.324
1720072800000,136.05,136.08,133.82,134.64,177366.385
1720076400000,134.64,135.26,133.91,134.38,158602.645
1720080000000,134.4,135.73,132.56,135.39,239086.489
1720083600000,135.39,135.95,133.6,134.27,266035.366
1720087200000,134.27,134.45,132.25,134.33,200517.364
1720090800000,134.33,134.62,132.55,132.73,119339.798
1720094400000,132.73,134.48,132.3,133.17,217758.423
1720098000000,133.18,133.63,129.58,133.22,502616.201
1720101600000,133.21,135.42,132.28,134.29,316517.295
1720105200000,134.29,135.96,133.59,135.4,242106.241
1720108800000,135.4,135.45,133.94,135.24,209248.644
1720112400000,135.24,135.6,134.68,135.27,93674.626
1720116000000,135.27,135.28,133.66,134.08,109051.426
1720119600000,134.07,135.98,133.91,134.0,124748.129
1720123200000,134.0,135.1,133.34,135.07,85438.116
1720126800000,135.07,135.66,134.35,134.98,68712.93
1720130400000,134.98,135.36,132.46,132.46,108708.54
1720134000000,132.45,132.56,127.2,127.86,481276.448
1720137600000,127.85,129.16,125.0,128.59,702484.035
1720141200000,128.6,129.07,126.48,128.63,248744.593
1720144800000,128.63,128.69,122.0,122.82,662524.203
1720148400000,122.9,124.49,121.0,123.67,673505.736
1720152000000,123.68,126.8,121.0,125.5,588948.868
1720155600000,125.5,127.72,125.28,127.29,360208.571
1720159200000,127.29,127.3,124.4,125.05,305245.426
1720162800000,125.04,127.05,124.23,126.72,287737.848
1720166400000,126.72,127.69,122.56,122.84,267479.029
1720170000000,122.84,126.57,122.07,126.19,321161.184
1720173600000,126.19,129.72,125.7,128.59,437131.353
1720177200000,128.6,130.86,128.4,130.13,383469.925
1720180800000,130.13,133.0,128.73,128.78,476239.38
1720184400000,128.79,133.53,128.36,133.19,319952.741
1720188000000,133.19,133.76,130.87,132.7,242571.281
1720191600000,132.69,134.99,132.05,134.93,331657.048
1720195200000,134.94,136.58,134.0,134.6,376740.429
1720198800000,134.6,135.57,133.71,134.92,143846.547
1720202400000,134.93,135.96,134.01,135.72,161412.094
1720206000000,135.72,135.9,134.49,134.97,88606.532
1720209600000,134.97,135.45,134.22,135.35,78886.305
1720213200000,135.35,135.79,134.49,134.71,74711.508
1720216800000,134.71,135.38,133.92,134.24,76798.035
1720220400000,134.24,134.98,134.18,134.32,59408.56
1720224000000,134.32,137.83,133.51,135.07,198682.111
1720227600000,135.06,135.31,133.27,133.51,135719.453
1720231200000,133.51,134.04,132.33,133.62,96226.038
1720234800000,133.61,134.93,133.52,134.44,76546.721
1720238400000,134.44,134.89,133.57,133.59,84633.273
1720242000000,133.6,134.91,133.55,134.45,89642.09
1720245600000,134.44,136.79,134.35,135.9,93075.443
1720249200000,135.89,137.38,135.59,136.94,108614.022
1720252800000,136.93,138.12,136.44,137.13,75764.558
1720256400000,137.13,140.0,136.77,139.91,305683.435
1720260000000,139.89,140.62,139.43,139.71,230875.27
1720263600000,139.71,139.88,138.55,138.75,93635.926
1720267200000,138.74,139.2,137.8,138.79,125931.577
1720270800000,138.79,140.47,138.21,139.38,99637.402
1720274400000,139.38,140.17,138.22,139.82,128285.845
1720278000000,139.83,142.15,139.26,141.88,200579.432
1720281600000,141.88,143.54,140.72,142.52,185859.043
1720285200000,142.52,143.03,141.8,142.44,98065.004
1720288800000,142.44,142.66,141.71,142.46,78584.457
1720292400000,142.46,143.1,142.05,142.82,51973.241
1720296000000,142.82,143.8,142.17,142.53,84291.657
1720299600000,142.53,144.35,142.53,143.04,90416.176
1720303200000,143.04,144.03,142.94,143.87,62762.008
1720306800000,143.88,144.12,142.72,143.05,78434.954
1720310400000,143.05,143.33,141.05,141.23,112849.731
1720314000000,141.22,141.66,140.29,141.16,152534.811
1720317600000,141.16,143.03,141.12,142.6,83541.177
1720321200000,142.61,142.63,140.77,142.12,78808.964
1720324800000,142.11,142.11,139.24,139.49,189038.861
1720328400000,139.48,140.44,138.61,140.14,162062.456
1720332000000,140.14,140.99,139.6,139.78,56836.214
1720335600000,139.79,140.53,138.06,139.09,123902.149
1720339200000,139.09,139.7,138.75,139.48,60268.849
1720342800000,139.48,140.44,139.14,139.95,48805.598
1720346400000,139.94,140.68,139.17,139.66,67907.346
1720350000000,139.66,140.17,139.15,139.89,43923.761
1720353600000,139.88,140.8,138.67,139.71,69025.982
1720357200000,139.71,139.72,136.35,136.79,208637.668
1720360800000,136.79,137.18,135.47,136.97,190976.145
1720364400000,136.98,138.13,136.4,137.07,99790.976
1720368000000,137.08,138.77,136.76,138.36,121299.894
1720371600000,138.37,138.91,137.2,138.71,53122.961
1720375200000,138.72,139.6,137.82,138.0,71777.829
1720378800000,138.0,138.38,137.1,137.33,42142.273
1720382400000,137.33,137.85,136.44,136.86,73677.099
1720386000000,136.86,136.9,133.65,134.27,174686.746
1720389600000,134.27,135.2,133.04,133.05,121272.56
1720393200000,133.04,133.8,131.23,131.64,183915.319
1720396800000,131.64,132.97,128.75,129.14,341570.725
1720400400000,129.14,129.88,127.77,129.72,360782.202
1720404000000,129.72,132.19,128.54,131.01,365000.143
1720407600000,131.01,132.08,130.1,130.71,129084.117
1720411200000,130.7,133.5,129.88,133.11,165080.945
1720414800000,133.12,134.01,131.93,132.81,135269.201
1720418400000,132.81,133.73,132.03,132.58,146040.791
1720422000000,132.59,132.96,131.6,132.59,85402.306
1720425600000,132.6,140.66,132.35,140.55,635180.334
1720429200000,140.54,142.0,138.81,139.68,366156.093
1720432800000,139.68,140.96,137.82,138.43,233075.227
1720436400000,138.43,141.88,138.3,140.61,223517.019
1720440000000,140.6,141.99,139.37,140.54,222735.183
1720443600000,140.55,141.48,139.74,140.76,186289.023
1720447200000,140.76,141.61,133.53,138.27,788260.223
1720450800000,138.28,140.0,136.66,137.43,301982.335
1720454400000,137.44,138.61,135.0,136.57,205711.429
1720458000000,136.56,137.89,135.7,137.02,157630.841
1720461600000,137.01,138.18,136.37,137.83,94923.326
1720465200000,137.82,138.49,137.12,138.29,64171.867
1720468800000,138.3,141.0,137.2,138.65,183181.514
1720472400000,138.66,141.0,138.37,140.06,147661.034
1720476000000,140.06,141.0,139.64,140.3,83133.336
1720479600000,140.3,140.56,139.02,139.81,86518.794
1720483200000,139.81,139.84,137.9,138.25,119686.869
1720486800000,138.26,141.2,137.0,137.22,230160.945
1720490400000,137.22,139.99,136.45,139.78,169690.878
1720494000000,139.77,140.79,138.56,140.44,113841.879
1720497600000,140.44,141.77,140.06,140.77,173083.335
1720501200000,140.77,141.6,140.45,141.56,130112.832
1720504800000,141.55,143.45,140.99,142.66,189336.178
1720508400000,142.66,143.42,141.83,142.12,193741.834
1720512000000,142.13,144.33,141.46,142.53,203445.263
1720515600000,142.54,143.25,141.71,141.74,174239.966
1720519200000,141.75,142.23,140.8,141.43,158304.175
1720522800000,141.43,142.14,140.19,141.92,212635.93
1720526400000,141.92,142.33,140.83,141.02,68993.048
1720530000000,141.02,141.5,139.65,140.64,100921.681
1720533600000,140.65,143.08,138.91,138.98,229343.937
1720537200000,138.97,140.67,138.61,140.52,156397.033
1720540800000,140.52,142.67,140.08,142.61,161877.451
1720544400000,142.6,143.13,140.95,141.42,119690.657
1720548000000,141.43,143.05,141.03,142.6,104000.106
1720551600000,142.6,142.71,141.71,142.12,58643.045
1720555200000,142.13,143.54,141.93,142.62,71535.162
1720558800000,142.62,143.36,141.82,142.02,64787.895
1720562400000,142.03,142.49,140.85,141.34,88401.212
1720566000000,141.34,142.0,141.0,141.42,70802.295
1720569600000,141.43,141.46,139.09,139.15,111893.012
1720573200000,139.15,140.73,138.6,140.26,95324.572
1720576800000,140.26,141.14,139.42,141.03,59465.785
1720580400000,141.04,141.81,140.7,141.73,49422.053
1720584000000,141.73,145.65,141.69,145.22,351268.849
1720587600000,145.21,146.2,143.78,144.0,196604.709
1720591200000,144.01,145.07,143.41,144.89,105596.954
1720594800000,144.89,145.04,143.28,144.17,78649.734
1720598400000,144.17,144.5,143.31,143.96,98612.796
1720602000000,143.96,144.0,142.4,143.08,89763.533
1720605600000,143.09,143.96,143.0,143.92,58174.99
1720609200000,143.91,144.0,142.27,142.79,86962.207
1720612800000,142.79,143.17,140.57,142.07,423609.894
1720616400000,142.06,142.93,141.05,141.8,222800.17
1720620000000,141.8,142.52,140.09,140.81,119586.079
1720623600000,140.81,141.81,139.97,141.18,127126.785
1720627200000,141.17,142.68,140.85,141.25,116618.306
1720630800000,141.24,141.27,140.31,141.02,59914.727
1720634400000,141.03,141.61,140.52,140.86,36080.393
1720638000000,140.86,141.44,140.31,141.07,33240.311
1720641600000,141.08,141.58,140.59,140.88,51457.197
1720645200000,140.88,141.29,140.21,141.18,45113.813
1720648800000,141.19,142.0,141.11,141.57,46030.083
1720652400000,141.56,142.47,141.26,141.98,37508.941
1720656000000,141.99,141.99,140.38,141.71,52293.194
1720659600000,141.72,143.17,140.83,142.81,87426.859
1720663200000,142.81,143.23,141.7,141.74,83844.117
1720666800000,141.73,141.9,139.08,140.3,149025.273
1720670400000,140.31,140.96,140.1,140.62,73238.575
1720674000000,140.62,141.34,140.2,141.18,86572.629
1720677600000,141.17,141.78,140.81,141.49,53851.541
1720681200000,141.48,142.53,141.1,142.1,103262.652
1720684800000,142.1,142.94,142.1,142.49,102042.169
1720688400000,142.49,142.95,142.31,142.71,58922.611
1720692000000,142.71,143.1,142.13,142.99,131162.822
1720695600000,143.0,143.98,142.95,143.52,96135.087
1720699200000,143.52,146.1,142.76,143.72,435445.554
1720702800000,143.72,143.84,141.89,142.36,216049.303
1720706400000,142.35,142.64,140.0,140.79,213199.975
1720710000000,140.79,141.21,137.68,138.45,265350.771
1720713600000,138.44,138.97,137.35,138.29,162799.953
1720717200000,138.29,139.01,137.97,138.21,66711.867
1720720800000,138.22,138.9,137.9,138.67,62126.102
1720724400000,138.67,138.78,136.4,136.57,263478.144
1720728000000,136.55,137.43,135.64,136.97,343623.653
1720731600000,136.97,137.64,135.9,136.68,78855.585
1720735200000,136.68,137.16,135.94,136.77,93527.519
1720738800000,136.77,137.01,135.71,135.73,84148.175
1720742400000,135.73,137.2,135.42,135.84,135275.427
1720746000000,135.84,136.53,134.05,136.26,179012.574
1720749600000,136.26,138.19,135.78,137.99,198515.66
1720753200000,137.98,138.04,136.09,136.53,91466.724
1720756800000,136.52,136.84,135.4,136.1,103735.261
1720760400000,136.1,136.31,135.06,135.58,114574.335
1720764000000,135.59,137.07,135.41,136.28,81514.396
1720767600000,136.29,136.79,134.11,135.41,142689.471
1720771200000,135.41,135.85,134.98,135.82,73516.184
1720774800000,135.82,135.93,134.27,134.7,168881.116
1720778400000,134.7,135.62,133.92,135.61,222195.844
1720782000000,135.62,135.88,135.14,135.65,138940.908
1720785600000,135.65,136.9,135.44,136.76,240723.052
1720789200000,136.76,139.3,136.6,138.75,208563.785
1720792800000,138.76,139.17,137.68,137.9,150525.402
1720796400000,137.89,139.36,137.78,138.85,116042.096
1720800000000,138.85,139.45,137.72,138.39,102998.003
1720803600000,138.39,139.16,137.91,138.88,49745.946
1720807200000,138.89,140.55,138.57,139.88,115011.886
1720810800000,139.87,140.11,138.39,138.49,85468.113
1720814400000,138.49,138.65,136.66,138.07,92939.268
1720818000000,138.06,138.28,137.54,138.19,39623.381
1720821600000,138.18,138.8,137.97,138.78,39750.382
1720825200000,138.78,139.53,138.53,139.46,37819.217
1720828800000,139.47,139.5,138.63,139.03,61193.549
1720832400000,139.03,139.97,138.84,139.1,53079.26
1720836000000,139.1,139.17,138.28,139.01,26941.988
1720839600000,139.0,139.32,138.7,138.75,37513.264
1720843200000,138.76,138.89,137.99,138.16,49860.017
1720846800000,138.15,139.2,137.94,139.16,43256.973
1720850400000,139.17,139.5,138.72,138.94,32078.857
1720854000000,138.94,139.39,138.64,139.38,34332.301
1720857600000,139.38,139.62,138.48,138.64,34029.033
1720861200000,138.64,140.7,138.43,140.62,73672.419
1720864800000,140.61,140.94,139.23,139.84,86458.711
1720868400000,139.84,140.2,139.36,140.12,24983.087
1720872000000,140.13,140.62,139.74,140.25,59420.876
1720875600000,140.25,140.49,139.63,140.11,39720.634
1720879200000,140.1,140.12,139.25,139.91,43931.98
1720882800000,139.9,140.52,139.51,140.37,45099.629
1720886400000,140.37,140.83,139.25,139.62,111314.229
1720890000000,139.61,139.87,139.3,139.68,34961.23
1720893600000,139.69,139.92,139.2,139.36,28811.602
1720897200000,139.35,140.0,139.34,139.82,28107.382
1720900800000,139.82,140.22,139.66,139.73,31569.604
1720904400000,139.72,140.25,139.42,140.24,20240.63
1720908000000,140.24,142.24,139.1,142.2,137792.096
1720911600000,142.2,143.6,141.47,141.9,218808.27
1720915200000,141.89,145.05,141.87,144.9,295091.172
1720918800000,144.91,145.16,143.7,144.93,220232.466
1720922400000,144.94,145.18,143.16,143.67,110552.832
1720926000000,143.66,144.61,143.65,143.96,50712.833
1720929600000,143.96,145.97,143.88,144.95,161921.959
1720933200000,144.95,145.98,144.0,145.6,154929.26
1720936800000,145.59,145.97,144.33,144.56,103679.79
1720940400000,144.56,145.2,144.29,144.77,53571.326
1720944000000,144.78,145.63,144.78,145.33,77481.576
1720947600000,145.33,147.0,145.03,146.58,424583.809
1720951200000,146.58,146.8,145.03,145.08,145292.886
1720954800000,145.08,145.66,144.66,144.88,72725.964
1720958400000,144.88,144.99,143.54,143.94,135504.342
1720962000000,143.95,144.82,143.9,144.4,94654.008
1720965600000,144.4,145.18,143.43,145.02,101869.483
1720969200000,145.02,146.04,144.62,145.9,139967.069
1720972800000,145.9,145.98,145.09,145.55,62439.112
1720976400000,145.56,145.66,144.69,145.13,53286.914
1720980000000,145.13,145.3,144.8,145.07,38293.501
1720983600000,145.08,145.32,144.59,145.22,37669.833
1720987200000,145.23,146.4,145.09,145.61,46068.31
1720990800000,145.6,148.31,145.45,148.1,178251.234
1720994400000,148.11,148.29,146.61,147.18,103100.493
1720998000000,147.19,148.56,147.03,147.66,135586.585
1721001600000,147.66,150.91,147.0,150.33,206717.254
1721005200000,150.33,151.5,149.72,150.9,173457.68
1721008800000,150.91,152.18,150.45,151.9,195125.528
1721012400000,151.91,152.1,150.78,151.39,107269.938
1721016000000,151.4,152.04,150.72,151.91,88360.911
1721019600000,151.92,152.2,151.44,151.98,102424.345
1721023200000,151.98,153.8,151.67,153.03,154580.891
1721026800000,153.04,154.5,152.97,153.23,171558.209
1721030400000,153.23,154.45,152.44,152.77,147589.708
1721034000000,152.76,152.93,151.95,152.21,148391.893
1721037600000,152.2,152.6,151.26,151.34,133630.702
1721041200000,151.34,152.04,150.93,151.64,112810.909
1721044800000,151.65,152.95,151.63,152.3,97055.11
1721048400000,152.3,153.93,151.68,153.23,138258.416
1721052000000,153.24,153.54,151.82,153.41,110494.782
1721055600000,153.41,154.3,152.28,152.94,122877.332
1721059200000,152.94,154.92,152.53,153.85,169470.386
1721062800000,153.85,154.89,153.41,154.18,151670.335
1721066400000,154.17,156.29,153.67,155.74,179716.998
1721070000000,155.73,157.0,154.46,155.33,192306.678
1721073600000,155.34,157.1,155.22,156.68,126560.294
1721077200000,156.69,157.49,155.92,155.96,85215.295
1721080800000,155.97,159.49,155.94,158.78,202744.043
1721084400000,158.79,159.95,158.29,159.38,110560.885
1721088000000,159.37,160.22,157.77,158.06,207698.37
1721091600000,158.06,158.67,157.29,158.27,111924.846
1721095200000,158.27,158.31,156.21,156.55,170380.635
1721098800000,156.55,158.1,156.08,157.88,119658.965
1721102400000,157.89,158.53,157.33,158.13,98220.502
1721106000000,158.13,158.81,154.69,155.49,325283.587
1721109600000,155.5,157.0,153.68,154.03,215520.18
1721113200000,154.03,155.72,153.79,154.49,219261.132
1721116800000,154.48,155.5,152.57,154.45,234274.586
1721120400000,154.45,155.87,153.94,155.15,153013.213
1721124000000,155.15,156.65,154.61,156.46,153595.102
1721127600000,156.46,157.63,155.72,157.32,143708.237
1721131200000,157.32,157.95,155.62,155.84,129623.902
1721134800000,155.84,157.27,155.55,155.63,132157.778
1721138400000,155.62,156.35,154.47,155.92,127440.711
1721142000000,155.91,161.6,155.6,160.98,316948.341
1721145600000,160.98,161.89,158.88,160.99,359746.138
1721149200000,160.99,162.49,160.1,162.13,160470.152
1721152800000,162.13,162.35,161.1,162.05,123226.624
1721156400000,162.06,162.49,160.91,161.94,122099.273
1721160000000,161.93,162.01,159.65,159.69,96325.257
1721163600000,159.69,161.27,159.55,160.51,78405.003
1721167200000,160.5,160.78,159.06,159.92,92252.605
1721170800000,159.92,161.86,159.74,160.62,96870.315
1721174400000,160.62,161.63,160.34,161.28,81683.814
1721178000000,161.27,163.8,161.19,161.91,253569.514
1721181600000,161.91,162.49,161.0,161.04,71356.53
1721185200000,161.05,161.11,160.02,160.92,72656.806
1721188800000,160.93,161.61,160.1,161.34,85014.352
1721192400000,161.35,162.56,161.05,161.4,86005.037
1721196000000,161.41,162.26,160.79,161.2,79209.905
1721199600000,161.21,161.28,160.07,160.6,75013.682
1721203200000,160.59,162.76,159.53,161.95,151320.025
1721206800000,161.95,163.61,161.46,163.52,138495.962
1721210400000,163.52,163.53,162.32,162.6,102078.566
1721214000000,162.6,162.6,160.2,160.84,176945.978
1721217600000,160.84,161.48,160.47,160.88,88724.595
1721221200000,160.88,162.16,159.67,161.81,137594.19
1721224800000,161.81,162.08,159.96,160.31,144495.341
1721228400000,160.31,160.63,157.82,158.08,197951.003
1721232000000,158.09,158.31,154.68,155.93,376615.38
1721235600000,155.93,157.4,155.6,156.48,112837.355
1721239200000,156.48,157.35,156.1,156.6,72404.65
1721242800000,156.61,157.4,156.07,156.83,85677.556
1721246400000,156.83,157.28,156.1,156.2,44685.811
1721250000000,156.21,156.89,154.87,156.44,87012.607
1721253600000,156.44,156.96,155.68,156.0,53095.562
1721257200000,155.99,156.3,155.23,155.5,66138.869
1721260800000,155.5,158.25,155.5,157.86,101283.196
1721264400000,157.86,159.25,157.54,159.16,101998.873
1721268000000,159.17,159.94,156.96,158.58,158566.344
1721271600000,158.57,159.48,158.35,158.93,66397.86
1721275200000,158.93,159.1,157.46,157.73,62969.121
1721278800000,157.74,159.68,157.06,159.14,108362.447
1721282400000,159.13,160.0,158.45,159.7,108692.173
1721286000000,159.7,159.92,158.56,158.66,63614.416
1721289600000,158.66,159.6,158.1,159.42,82185.796
1721293200000,159.41,159.87,158.97,159.42,50251.109
1721296800000,159.42,159.43,158.26,159.18,64184.581
1721300400000,159.17,159.68,158.0,159.45,89154.36
1721304000000,159.44,161.56,159.41,160.94,195510.242
1721307600000,160.95,161.6,160.18,160.68,90498.51
1721311200000,160.68,161.16,157.33,157.96,231466.94
1721314800000,157.95,157.98,156.01,156.37,240112.29
1721318400000,156.37,157.7,155.07,157.53,154167.371
1721322000000,157.54,157.67,155.78,156.02,60306.864
1721325600000,156.01,157.44,155.3,156.41,235333.363
1721329200000,156.41,157.52,155.52,156.98,63575.708
1721332800000,156.98,158.02,156.36,157.96,55457.27
1721336400000,157.97,158.48,157.44,158.38,46764.657
1721340000000,158.39,160.62,157.92,159.97,104013.567
1721343600000,159.97,160.24,158.87,159.22,49837.066
1721347200000,159.22,159.41,157.74,158.06,84840.348
1721350800000,158.07,158.6,156.07,158.57,102853.608
1721354400000,158.56,159.8,157.92,158.76,79140.291
1721358000000,158.75,162.1,158.66,161.83,203148.599
1721361600000,161.84,162.42,160.78,160.8,109862.244
1721365200000,160.79,162.6,160.66,162.29,142492.716
1721368800000,162.28,165.62,162.12,164.47,365374.732
1721372400000,164.47,164.51,160.84,161.42,319515.501
1721376000000,161.42,162.37,159.14,161.87,253537.737
1721379600000,161.86,164.0,160.37,160.58,217553.242
1721383200000,160.57,163.0,160.32,162.03,154135.311
1721386800000,162.03,162.91,161.7,162.65,67878.724
1721390400000,162.66,164.32,162.27,163.85,149074.318
1721394000000,163.85,167.87,162.28,167.04,415622.794
1721397600000,167.04,168.9,166.57,168.71,398124.735
1721401200000,168.7,169.09,167.08,168.8,254838.727
1721404800000,168.8,172.42,168.78,169.33,599084.815
1721408400000,169.34,170.71,168.86,170.57,164425.643
1721412000000,170.56,170.63,168.25,169.85,119888.645
1721415600000,169.85,170.95,169.2,170.46,184160.771
1721419200000,170.46,170.54,168.72,169.13,100957.225
1721422800000,169.12,169.92,167.79,168.06,86335.999
1721426400000,168.07,169.35,168.06,168.79,66072.102
1721430000000,168.78,169.64,168.69,169.13,46594.413
1721433600000,169.12,169.81,168.26,169.42,79767.476
1721437200000,169.41,170.86,169.28,170.21,79115.986
1721440800000,170.21,171.8,169.8,170.93,94699.448
1721444400000,170.93,171.5,169.5,169.57,74743.659
1721448000000,169.57,170.39,169.51,170.33,46393.81
1721451600000,170.33,170.33,169.25,169.92,38502.975
1721455200000,169.91,170.3,168.95,169.25,55516.336
1721458800000,169.24,169.48,168.5,168.57,88076.161
1721462400000,168.56,169.4,168.3,168.64,62159.826
1721466000000,168.64,169.84,168.24,169.06,51514.26
1721469600000,169.06,169.48,168.45,168.66,41816.455
1721473200000,168.66,168.82,167.65,168.03,55295.532
1721476800000,168.04,168.95,167.96,168.39,54987.644
1721480400000,168.39,168.73,167.27,168.22,76726.137
1721484000000,168.22,169.43,168.04,169.07,55925.316
1721487600000,169.07,169.73,168.72,169.28,65785.68
1721491200000,169.28,170.47,168.87,169.66,124123.357
1721494800000,169.67,174.5,169.32,174.24,360706.836
1721498400000,174.24,174.56,173.08,173.56,111982.145
1721502000000,173.55,174.11,172.17,172.42,86001.72
1721505600000,172.42,174.07,172.42,173.66,55323.514
1721509200000,173.67,174.51,172.7,174.49,113913.356
1721512800000,174.49,175.1,172.9,173.38,126467.543
1721516400000,173.38,174.33,173.2,173.6,48250.874
1721520000000,173.6,174.17,172.74,172.96,75977.302
1721523600000,172.96,174.51,172.96,174.08,72825.183
1721527200000,174.07,175.5,173.52,173.53,79398.359
1721530800000,173.53,174.07,173.07,173.14,46999.811
1721534400000,173.13,173.8,172.94,173.11,81502.265
1721538000000,173.11,173.45,172.47,173.13,43850.599
1721541600000,173.13,173.41,171.13,171.34,97483.592
1721545200000,171.33,171.94,170.97,171.33,68474.029
1721548800000,171.33,171.98,171.24,171.45,43680.359
1721552400000,171.45,172.75,171.27,172.65,50254.12
1721556000000,172.66,173.03,172.15,172.2,49034.146
1721559600000,172.2,172.98,172.01,172.88,51944.636
1721563200000,172.87,173.39,172.35,172.72,51329.046
1721566800000,172.71,173.41,171.56,172.18,101042.267
1721570400000,172.18,174.53,171.31,174.02,130795.144
1721574000000,174.03,176.66,173.35,175.4,342411.18
1721577600000,175.4,177.27,174.5,176.99,210321.624
1721581200000,176.98,177.19,172.45,173.53,244943.935
1721584800000,173.54,178.18,170.27,175.0,546850.78
1721588400000,175.0,178.1,174.28,177.98,175621.163
1721592000000,177.98,184.87,177.42,182.29,627884.137
1721595600000,182.3,184.81,181.5,184.27,176266.242
1721599200000,184.27,184.45,182.73,183.95,124358.297
1721602800000,183.95,185.17,183.55,184.49,191288.195
1721606400000,184.49,185.0,182.8,183.01,132243.102
1721610000000,183.01,183.33,181.22,181.34,137295.504
1721613600000,181.35,183.28,181.05,182.36,112618.575
1721617200000,182.36,182.57,180.33,180.94,117126.796
1721620800000,180.94,181.81,180.57,181.27,69440.157
1721624400000,181.28,181.56,178.16,179.3,161101.251
1721628000000,179.31,180.24,178.25,179.49,142485.0
1721631600000,179.49,179.5,177.65,178.39,148555.977
1721635200000,178.39,179.37,176.71,177.23,167213.969
1721638800000,177.23,178.96,176.73,178.96,126370.351
1721642400000,178.96,180.98,178.7,179.55,206197.717
1721646000000,179.56,180.9,179.24,180.59,107616.974
1721649600000,180.59,181.2,179.37,180.44,139970.888
1721653200000,180.44,181.86,178.13,178.73,213737.236
1721656800000,178.73,180.18,177.24,178.16,195204.114
1721660400000,178.16,180.62,177.0,179.88,233867.578
1721664000000,179.87,180.75,178.9,179.14,115313.779
1721667600000,179.14,181.45,178.61,181.21,115415.617
1721671200000,181.2,182.96,180.8,181.0,114736.601
1721674800000,181.0,183.0,180.72,182.86,88499.018
1721678400000,182.85,183.38,181.69,182.52,125972.373
1721682000000,182.51,182.51,179.21,180.15,139249.658
1721685600000,180.16,180.21,178.1,178.52,129499.151
1721689200000,178.51,179.41,177.11,178.9,105878.139
1721692800000,178.9,180.54,178.63,178.79,84706.6
1721696400000,178.79,179.49,177.64,178.28,95138.649
1721700000000,178.27,179.56,177.14,179.52,86716.116
1721703600000,179.52,179.91,178.91,179.1,59330.402
1721707200000,179.09,179.1,175.6,175.63,163513.105
1721710800000,175.63,175.92,173.73,174.43,242318.417
1721714400000,174.43,176.0,174.04,175.03,186699.877
1721718000000,175.02,176.37,174.67,176.06,107750.558
1721721600000,176.06,178.03,175.76,177.31,230804.121
1721725200000,177.31,178.28,176.66,177.85,149185.287
1721728800000,177.84,178.73,177.23,177.24,99769.786
1721732400000,177.22,177.24,174.1,175.62,209777.967
1721736000000,175.62,176.05,174.18,175.35,139168.159
1721739600000,175.34,175.9,172.18,173.82,258327.378
1721743200000,173.83,178.39,173.57,178.22,238351.249
1721746800000,178.22,178.28,175.49,176.49,273704.477
1721750400000,176.48,176.99,169.72,171.57,352403.356
1721754000000,171.57,174.03,169.96,173.8,327921.454
1721757600000,173.79,174.5,172.29,172.61,111807.057
1721761200000,172.61,173.83,171.47,171.98,132631.087
1721764800000,171.99,174.24,171.78,173.72,100299.661
1721768400000,173.72,174.73,173.0,173.01,66642.721
1721772000000,173.0,173.73,172.38,172.91,88176.039
1721775600000,172.9,173.39,171.16,173.03,90683.809
1721779200000,173.03,174.4,170.9,171.07,124409.679
1721782800000,171.07,173.33,170.97,171.6,99678.55
1721786400000,171.6,173.48,171.09,173.36,68738.849
1721790000000,173.37,174.49,172.76,173.65,85134.935
1721793600000,173.64,173.87,172.78,173.53,83574.012
1721797200000,173.52,173.57,172.21,173.08,75698.269
1721800800000,173.08,174.2,172.7,173.82,102007.08
1721804400000,173.83,174.6,173.44,174.25,115586.652
1721808000000,174.25,177.42,173.66,176.7,252375.406
1721811600000,176.7,177.0,175.9,176.42,80006.548
1721815200000,176.42,177.74,176.27,177.5,113490.093
1721818800000,177.49,178.52,177.45,177.76,127511.281
1721822400000,177.77,178.0,176.21,176.42,127130.685
1721826000000,176.43,179.0,176.31,177.37,127955.722
1721829600000,177.37,182.08,177.04,180.91,428435.656
1721833200000,180.92,181.95,177.7,177.76,287152.368
1721836800000,177.77,180.69,176.44,180.5,328096.108
1721840400000,180.5,182.5,180.38,181.55,203323.392
1721844000000,181.55,181.73,177.4,177.86,352124.731
1721847600000,177.86,180.08,177.27,178.2,124928.78
1721851200000,178.2,180.3,177.97,180.1,114749.57
1721854800000,180.1,180.33,175.53,177.49,163808.774
1721858400000,177.5,179.26,177.13,177.37,135481.977
1721862000000,177.36,178.25,176.0,178.06,123778.596
1721865600000,178.07,179.59,177.11,178.49,104807.99
1721869200000,178.48,178.51,172.01,175.43,688659.915
1721872800000,175.43,175.43,167.95,170.84,435331.657
1721876400000,170.85,171.0,169.33,170.53,145719.308
1721880000000,170.53,172.85,169.29,172.08,193811.952
1721883600000,172.09,172.99,170.28,170.53,118315.089
1721887200000,170.53,172.0,169.73,171.65,138025.406
1721890800000,171.65,172.09,169.29,169.4,132007.951
1721894400000,169.4,171.0,168.5,170.3,177503.119
1721898000000,170.3,171.28,169.59,169.95,89880.083
1721901600000,169.95,170.04,167.04,168.04,227062.075
1721905200000,168.05,169.3,167.68,168.81,117663.452
1721908800000,168.81,169.79,166.26,167.51,193723.92
1721912400000,167.51,168.84,166.46,168.14,159606.912
1721916000000,168.13,171.48,165.71,171.31,399986.435
1721919600000,171.31,172.06,169.6,170.43,203057.82
1721923200000,170.44,172.5,169.38,170.83,152933.116
1721926800000,170.83,171.74,169.62,170.3,220355.028
1721930400000,170.3,170.94,167.0,167.65,190123.543
1721934000000,167.65,168.79,166.66,168.13,155355.036
1721937600000,168.13,170.66,165.42,170.65,195705.454
1721941200000,170.66,172.65,170.15,171.91,199648.587
1721944800000,171.91,172.85,171.08,172.29,95588.347
1721948400000,172.28,172.9,171.21,171.85,124515.233
1721952000000,171.86,173.56,171.69,172.9,201126.444
1721955600000,172.9,174.28,172.57,174.05,176438.165
1721959200000,174.06,176.04,173.85,175.61,223441.24
1721962800000,175.61,176.94,175.01,175.75,184342.492
1721966400000,175.74,177.4,175.6,177.18,120990.578
1721970000000,177.19,177.73,175.66,177.05,127063.157
1721973600000,177.06,177.77,176.84,177.22,76731.047
1721977200000,177.22,177.75,176.66,176.75,87479.788
1721980800000,176.75,178.34,176.75,178.19,93517.893
1721984400000,178.18,180.06,178.1,178.98,167988.853
1721988000000,178.98,179.62,178.19,178.65,93720.5
1721991600000,178.65,179.04,178.01,178.81,54778.924
1721995200000,178.8,179.44,177.7,178.2,83521.941
1721998800000,178.21,185.01,177.49,182.74,331675.071
1722002400000,182.74,183.2,179.1,180.98,322928.348
1722006000000,180.98,182.27,180.71,181.53,132401.919
1722009600000,181.53,182.07,180.71,181.15,79681.92
1722013200000,181.15,182.63,181.03,181.79,66677.527
1722016800000,181.78,182.72,181.49,182.46,88122.407
1722020400000,182.47,182.97,181.93,182.21,71256.145
1722024000000,182.22,182.33,181.11,181.47,81819.328
1722027600000,181.47,182.9,181.15,182.32,50508.94
1722031200000,182.32,183.42,181.94,183.24,72381.939
1722034800000,183.23,183.7,182.8,183.06,42008.68
1722038400000,183.07,183.4,181.87,182.44,59283.937
1722042000000,182.44,182.48,181.52,181.64,41235.65
1722045600000,181.64,184.22,181.29,184.03,83251.669
1722049200000,184.03,184.29,182.47,182.66,62870.773
1722052800000,182.66,184.01,182.53,183.97,67089.155
1722056400000,183.97,185.06,183.58,183.72,118057.972
1722060000000,183.71,184.94,183.54,184.78,52194.711
1722063600000,184.78,186.22,183.85,185.84,148951.632
1722067200000,185.83,187.37,185.8,187.24,159440.388
1722070800000,187.23,187.24,186.2,186.45,70623.021
1722074400000,186.45,186.51,185.25,185.41,75285.096
1722078000000,185.4,185.57,184.21,185.4,119003.709
1722081600000,185.4,186.84,185.39,186.05,97763.353
1722085200000,186.05,188.33,185.84,187.47,249937.717
1722088800000,187.48,187.73,184.32,185.23,206355.776
1722092400000,185.23,185.53,181.54,182.52,292097.448
1722096000000,182.53,183.33,181.42,181.81,149417.436
1722099600000,181.81,182.56,180.36,180.83,115112.354
1722103200000,180.82,182.95,180.67,181.2,145020.894
1722106800000,181.2,181.63,179.42,181.48,198896.611
1722110400000,181.47,183.55,178.11,183.11,439971.067
1722114000000,183.1,186.7,181.94,185.95,343655.761
1722117600000,185.96,186.81,185.26,185.69,106711.439
1722121200000,185.68,185.71,183.6,183.92,116624.487
1722124800000,183.92,185.22,182.39,184.91,144760.975
1722128400000,184.92,186.77,184.85,185.74,91310.164
1722132000000,185.74,186.25,184.7,185.05,50753.221
1722135600000,185.04,185.16,183.97,184.31,57764.269
1722139200000,184.31,184.86,182.13,182.26,78915.756
1722142800000,182.26,183.0,181.16,182.65,108641.727
1722146400000,182.66,182.9,181.66,182.18,63064.281
1722150000000,182.17,184.17,181.7,183.84,59542.514
1722153600000,183.85,184.6,183.01,183.82,82136.796
1722157200000,183.82,184.65,183.52,183.72,59847.286
1722160800000,183.73,184.86,183.47,184.51,54433.368
1722164400000,184.51,186.0,184.43,185.26,98772.046
1722168000000,185.26,186.47,184.74,185.85,140736.292
1722171600000,185.85,186.63,185.2,186.41,117691.835
1722175200000,186.42,186.6,184.1,184.76,143132.557
1722178800000,184.76,185.06,183.69,184.11,101757.31
1722182400000,184.12,185.04,183.35,183.63,49259.213
1722186000000,183.63,184.35,183.13,183.94,50398.768
1722189600000,183.94,185.54,183.55,185.16,80557.955
1722193200000,185.15,185.59,184.34,184.78,51242.401
1722196800000,184.78,185.4,184.4,185.3,31142.211
1722200400000,185.29,185.4,183.55,184.55,60390.342
1722204000000,184.55,185.08,182.61,183.43,74695.317
1722207600000,183.44,185.01,183.0,184.9,50527.353
1722211200000,184.91,189.24,184.4,188.1,298018.528
1722214800000,188.1,189.1,187.15,187.53,140192.404
1722218400000,187.53,192.69,187.3,192.25,324828.228
1722222000000,192.23,193.35,191.65,192.25,222616.905
1722225600000,192.25,193.76,191.91,193.6,121698.543
1722229200000,193.59,193.98,192.96,193.48,122655.821
1722232800000,193.48,193.73,192.59,192.64,133045.219
1722236400000,192.64,193.0,189.87,192.35,284395.634
1722240000000,192.35,192.41,191.28,191.59,86365.348
1722243600000,191.58,192.15,191.34,192.01,73528.4
1722247200000,192.01,192.02,190.57,190.8,95632.034
1722250800000,190.8,191.84,190.26,190.84,88031.777
1722254400000,190.84,193.2,190.68,192.48,128934.181
1722258000000,192.48,192.8,190.31,190.7,148531.802
1722261600000,190.69,190.93,186.9,187.66,323905.021
1722265200000,187.65,188.23,184.89,186.95,310297.548
1722268800000,186.95,187.49,184.1,184.76,272795.713
1722272400000,184.77,187.0,184.28,186.65,219510.941
1722276000000,186.65,187.44,185.65,185.71,98502.376
1722279600000,185.71,186.85,185.0,186.84,67918.498
1722283200000,186.85,186.89,185.64,185.76,45962.517
1722286800000,185.76,185.84,182.92,183.84,164022.752
1722290400000,183.84,185.19,183.13,183.31,99059.728
1722294000000,183.3,183.64,181.57,182.57,154110.396
1722297600000,182.57,183.95,181.32,182.9,199196.927
1722301200000,182.9,183.72,180.25,180.41,139861.32
1722304800000,180.4,181.64,179.3,180.85,203805.115
1722308400000,180.83,182.75,180.54,182.58,117307.84
1722312000000,182.58,184.32,182.21,184.23,98903.297
1722315600000,184.22,184.95,181.25,182.01,228724.694
1722319200000,182.0,182.93,181.74,182.56,62626.802
1722322800000,182.56,183.73,182.3,182.39,83340.613
1722326400000,182.38,182.89,180.75,181.02,94203.176
1722330000000,181.01,182.06,181.01,181.6,51620.622
1722333600000,181.6,181.75,180.29,180.87,86637.903
1722337200000,180.86,181.19,180.07,181.02,76418.748
1722340800000,181.01,181.54,179.29,181.41,138820.877
1722344400000,181.42,182.66,179.33,179.59,166989.771
1722348000000,179.58,182.55,178.7,180.67,276006.456
1722351600000,180.66,181.98,179.04,181.01,135627.35
1722355200000,181.0,181.59,179.83,179.83,90044.708
1722358800000,179.83,179.97,177.16,177.38,219164.907
1722362400000,177.38,178.46,176.63,177.91,126260.896
1722366000000,177.9,178.18,176.28,177.97,99658.528
1722369600000,177.96,179.94,175.39,179.7,200405.644
1722373200000,179.7,179.9,178.95,179.53,71316.226
1722376800000,179.53,179.57,178.58,179.33,58244.541
1722380400000,179.33,179.9,178.82,179.16,49311.532
1722384000000,179.16,180.94,178.08,180.76,97679.147
1722387600000,180.77,181.62,179.8,181.37,91774.801
1722391200000,181.37,181.72,180.02,180.38,47256.593
1722394800000,180.37,181.5,180.2,180.91,52458.741
1722398400000,180.91,181.04,178.09,179.15,77962.256
1722402000000,179.14,181.87,178.21,181.73,102872.189
1722405600000,181.72,185.1,181.51,183.43,273663.427
1722409200000,183.43,183.9,182.88,183.13,84711.443
1722412800000,183.13,184.09,182.48,183.97,127487.043
1722416400000,183.97,184.57,183.11,183.55,104895.17
1722420000000,183.55,183.66,182.1,182.17,67036.526
1722423600000,182.17,182.74,181.34,181.72,61743.723
1722427200000,181.71,182.47,181.12,181.22,64472.589
1722430800000,181.22,184.28,181.15,182.62,205882.276
1722434400000,182.61,183.8,180.09,180.56,188408.262
1722438000000,180.56,181.2,179.73,180.08,105237.586
1722441600000,180.08,182.0,179.45,180.19,101400.441
1722445200000,180.18,182.68,179.75,181.93,85187.023
1722448800000,181.93,182.31,178.85,180.78,171508.706
1722452400000,180.78,181.49,174.99,176.59,383291.924
1722456000000,176.58,177.0,173.41,173.5,226511.804
1722459600000,173.5,175.22,172.63,173.87,256587.67
1722463200000,173.87,173.89,171.7,173.33,169773.366
1722466800000,173.32,173.44,171.61,171.71,103059.821
1722470400000,171.7,172.91,171.12,172.0,184671.961
1722474000000,172.0,172.39,170.0,171.19,168668.094
1722477600000,171.19,171.62,169.21,170.04,236296.488
1722481200000,170.04,170.04,168.52,168.62,170374.585
1722484800000,168.63,169.2,166.0,166.63,246133.869
1722488400000,166.63,169.55,166.04,169.04,311639.506
1722492000000,169.04,169.74,168.33,168.42,124376.044
1722495600000,168.41,169.45,167.92,168.23,134503.565
1722499200000,168.23,169.41,168.14,169.39,96921.276
1722502800000,169.39,169.94,168.18,168.23,121787.499
1722506400000,168.23,169.22,168.01,169.16,147370.916
1722510000000,169.15,169.9,168.52,169.69,141869.43
1722513600000,169.69,171.46,169.47,171.04,226686.888
1722517200000,171.04,171.44,169.05,169.75,135119.486
1722520800000,169.75,170.07,164.53,164.89,308540.944
1722524400000,164.88,165.05,161.25,162.67,641213.331
1722528000000,162.68,162.91,160.35,162.23,434811.81
1722531600000,162.24,162.46,159.55,162.25,272725.106
1722535200000,162.24,162.3,157.91,159.95,383557.904
1722538800000,159.95,162.71,159.82,162.4,207934.13
1722542400000,162.39,165.11,161.2,164.82,285221.521
1722546000000,164.83,167.75,164.61,166.37,255744.77
1722549600000,166.38,168.48,166.08,167.47,182095.933
1722553200000,167.47,168.29,167.02,167.37,105232.559
1722556800000,167.37,169.43,167.0,167.02,157266.46
1722560400000,167.03,167.03,164.38,164.49,153068.494
1722564000000,164.49,165.29,161.52,163.26,156113.759
1722567600000,163.26,164.88,162.63,164.32,103448.251
1722571200000,164.31,165.22,163.79,165.22,69140.192
1722574800000,165.23,165.32,162.21,162.4,117621.923
1722578400000,162.4,162.88,159.06,162.02,258124.179
1722582000000,162.02,162.44,160.15,161.44,142873.027
1722585600000,161.43,163.36,160.41,163.26,170495.029
1722589200000,163.26,164.5,163.22,163.92,181882.121
1722592800000,163.91,164.99,163.24,164.37,97838.797
1722596400000,164.37,165.42,164.1,164.37,121777.614
1722600000000,164.36,165.6,162.35,163.96,229219.596
1722603600000,163.95,167.65,162.71,166.06,302323.085
1722607200000,166.07,166.38,157.2,157.61,512853.599
1722610800000,157.61,158.24,152.8,156.76,828033.125
1722614400000,156.76,157.46,154.3,154.4,257200.732
1722618000000,154.39,156.5,153.42,154.44,206617.355
1722621600000,154.45,154.93,152.64,153.35,155709.742
1722625200000,153.34,153.67,150.01,151.3,281255.345
1722628800000,151.29,153.95,150.0,153.28,298817.651
1722632400000,153.27,155.06,150.5,154.61,322328.368
1722636000000,154.61,155.01,152.31,152.8,220982.686
1722639600000,152.8,153.84,150.95,152.77,208026.804
1722643200000,152.78,154.05,149.98,151.11,315080.406
1722646800000,151.12,152.58,148.62,152.03,398506.504
1722650400000,152.03,152.78,150.55,150.61,129158.482
1722654000000,150.61,153.63,150.16,153.56,165398.328
1722657600000,153.56,153.56,151.22,151.61,142053.378
1722661200000,151.61,152.59,151.18,151.89,91241.416
1722664800000,151.9,152.72,151.45,152.6,103449.152
1722668400000,152.6,153.47,151.63,151.64,160173.183
1722672000000,151.64,151.94,149.14,150.33,228435.433
1722675600000,150.33,151.1,148.35,151.02,196794.731
1722679200000,151.01,152.1,150.36,151.74,106498.56
1722682800000,151.73,152.58,151.38,152.38,122309.272
1722686400000,152.38,153.59,151.94,152.63,135852.688
1722690000000,152.62,152.84,151.36,151.98,134745.758
1722693600000,151.98,152.9,150.94,151.32,147497.097
1722697200000,151.33,151.99,146.02,146.2,440992.64
1722700800000,146.19,147.61,144.68,145.87,566224.751
1722704400000,145.88,146.54,141.94,142.46,436029.099
1722708000000,142.45,142.93,140.0,141.64,428133.974
1722711600000,141.64,143.04,140.37,140.42,225936.286
1722715200000,140.42,142.39,140.07,140.87,274335.083
1722718800000,140.88,143.34,140.32,142.86,212839.659
1722722400000,142.87,143.17,141.89,142.84,119171.707
1722726000000,142.85,143.97,142.0,142.52,164097.106
1722729600000,142.53,144.23,142.28,144.1,147345.118
1722733200000,144.1,144.23,141.81,144.09,199911.581
1722736800000,144.09,146.08,144.0,145.47,185502.481
1722740400000,145.47,145.8,143.96,144.32,120629.955
1722744000000,144.31,144.48,142.78,142.98,117318.212
1722747600000,142.97,144.47,142.87,143.63,75732.663
1722751200000,143.62,144.01,143.01,143.71,49394.767
1722754800000,143.71,143.77,140.57,140.82,204246.545
1722758400000,140.83,142.64,139.4,142.28,205925.995
1722762000000,142.28,143.57,141.89,143.46,159665.635
1722765600000,143.46,144.27,142.59,144.07,88149.497
1722769200000,144.07,144.52,143.19,143.51,139808.175
1722772800000,143.5,145.01,143.11,144.91,119790.083
1722776400000,144.92,145.12,143.64,143.64,133289.975
1722780000000,143.65,143.9,137.33,137.79,552931.005
1722783600000,137.8,137.83,135.0,135.19,590282.076
1722787200000,135.19,136.81,132.74,133.19,699787.175
1722790800000,133.2,135.97,131.22,135.01,977283.275
1722794400000,135.01,140.13,134.52,139.1,747895.985
1722798000000,139.1,143.0,138.18,142.0,535835.534
1722801600000,141.99,143.93,141.12,142.73,236140.706
1722805200000,142.74,142.85,140.1,140.4,170328.917
1722808800000,140.41,142.7,139.86,140.74,286124.487
1722812400000,140.74,140.87,137.35,138.33,294395.443
1722816000000,138.32,139.37,130.04,131.41,976616.728
1722819600000,131.41,133.61,121.93,131.08,2387412.736
1722823200000,131.08,131.41,125.44,130.96,888830.269
1722826800000,130.96,131.05,125.93,126.14,622959.057
1722830400000,126.13,130.13,123.25,123.85,825055.211
1722834000000,123.84,124.11,112.71,118.53,2575518.154
1722837600000,118.56,120.09,110.0,117.6,2481286.946
1722841200000,117.59,124.44,116.55,122.9,1482567.636
1722844800000,122.91,123.9,119.44,120.86,646996.396
1722848400000,120.87,122.34,117.9,119.97,525789.876
1722852000000,119.96,120.3,115.02,115.96,758307.174
1722855600000,115.96,117.03,110.56,115.96,1022511.139
1722859200000,115.97,118.64,111.48,111.83,1041232.683
1722862800000,111.83,123.63,110.03,122.6,1687023.265
1722866400000,122.6,131.51,122.6,129.31,1597706.671
1722870000000,129.31,132.65,127.76,130.44,1266345.462
1722873600000,130.45,135.53,130.0,131.17,822166.774
1722877200000,131.18,135.38,130.52,134.36,459024.948
1722880800000,134.37,134.46,128.38,128.5,513355.856
1722884400000,128.5,130.63,126.7,128.76,529955.701
1722888000000,128.76,132.4,128.33,131.91,326032.802
1722891600000,131.91,135.1,130.26,131.28,309552.974
1722895200000,131.28,134.2,130.64,132.51,267275.271
1722898800000,132.52,134.68,129.52,129.78,254034.09
1722902400000,129.79,138.98,129.4,138.94,660871.76
1722906000000,138.94,140.62,137.0,138.63,544039.342
1722909600000,138.62,141.1,138.3,139.43,293637.81
1722913200000,139.42,139.78,137.49,138.62,214173.895
1722916800000,138.63,141.29,137.5,141.15,264541.543
1722920400000,141.15,143.41,139.34,143.1,317929.903
1722924000000,143.11,144.0,141.45,141.5,308028.159
1722927600000,141.49,142.42,140.02,141.98,244541.972
1722931200000,141.98,142.11,136.62,137.49,517977.156
1722934800000,137.49,139.44,136.34,138.88,403745.271
1722938400000,138.88,139.8,137.84,139.23,198341.695
1722942000000,139.24,141.04,138.0,139.47,234511.007
1722945600000,139.46,140.55,137.54,137.81,261018.525
1722949200000,137.81,140.6,136.11,138.94,483609.112
1722952800000,138.93,146.36,138.69,144.83,894876.994
1722956400000,144.84,146.37,143.71,145.9,339737.134
1722960000000,145.9,147.99,144.97,147.44,373424.692
1722963600000,147.44,148.45,145.14,145.15,356541.781
1722967200000,145.15,147.75,145.06,146.08,228798.045
1722970800000,146.08,147.82,145.14,146.33,198833.692
1722974400000,146.33,147.97,145.09,147.34,272726.285
1722978000000,147.33,147.63,145.87,147.26,180315.504
1722981600000,147.27,149.59,144.61,145.13,337052.217
1722985200000,145.14,145.94,143.25,144.4,233370.14
1722988800000,144.4,146.0,142.66,144.77,268280.266
1722992400000,144.77,149.16,142.33,149.13,366753.231
1722996000000,149.13,151.78,147.63,149.39,620508.094
1722999600000,149.39,151.66,149.04,151.62,263571.952
1723003200000,151.63,154.63,151.24,153.34,459645.126
1723006800000,153.34,155.0,152.93,153.24,312816.552
1723010400000,153.24,153.98,151.65,152.0,279152.064
1723014000000,151.99,153.21,150.0,152.46,339500.384
1723017600000,152.46,154.74,152.01,153.81,237270.578
1723021200000,153.81,154.92,152.7,152.87,332264.268
1723024800000,152.86,154.5,152.36,152.48,193803.064
1723028400000,152.48,152.75,150.65,151.61,351322.421
1723032000000,151.61,153.74,150.89,153.29,304596.764
1723035600000,153.28,154.52,151.11,152.05,449206.08
1723039200000,152.06,152.75,146.5,147.06,906055.169
1723042800000,147.07,149.13,146.24,148.46,438524.05
1723046400000,148.45,149.45,146.46,147.88,301998.559
1723050000000,147.88,148.4,145.27,146.03,288423.228
1723053600000,146.04,146.45,143.23,143.6,448168.864
1723057200000,143.6,144.87,142.35,143.16,230796.008
1723060800000,143.16,145.97,142.35,144.8,353282.853
1723064400000,144.8,147.54,144.13,146.38,230659.091
1723068000000,146.38,146.68,142.21,145.84,259940.055
1723071600000,145.84,146.85,144.2,144.77,135768.866
1723075200000,144.78,145.89,141.4,144.13,295461.346
1723078800000,144.12,153.03,143.36,152.77,606972.249
1723082400000,152.76,155.5,152.74,154.89,480982.992
1723086000000,154.88,156.38,153.0,153.09,294175.376
1723089600000,153.09,154.44,151.44,151.78,249735.905
1723093200000,151.78,153.62,151.64,152.9,132689.763
1723096800000,152.9,154.73,151.87,154.17,163071.725
1723100400000,154.16,155.53,153.44,153.65,230104.652
1723104000000,153.66,155.65,153.41,154.7,172198.594
1723107600000,154.69,155.72,153.93,154.4,175479.652
1723111200000,154.4,154.69,152.97,153.94,149226.164
1723114800000,153.94,155.13,153.43,154.12,137676.158
1723118400000,154.13,158.7,152.5,155.68,582885.168
1723122000000,155.68,157.82,152.76,154.17,474053.979
1723125600000,154.17,160.42,153.78,159.58,551070.952
1723129200000,159.58,160.76,158.43,160.6,289326.08
1723132800000,160.6,162.82,158.85,159.0,488884.228
1723136400000,158.99,159.31,156.81,157.02,269546.17
1723140000000,157.01,157.95,156.43,156.98,138485.728
1723143600000,156.98,157.29,155.18,155.81,205486.565
1723147200000,155.8,156.47,155.36,155.79,139385.456
1723150800000,155.78,160.71,155.76,160.53,246988.363
1723154400000,160.53,162.34,157.65,161.5,389701.809
1723158000000,161.5,163.7,160.33,163.13,439544.886
1723161600000,163.12,163.54,160.84,161.18,280176.983
1723165200000,161.18,161.97,160.1,160.3,180174.032
1723168800000,160.29,160.94,158.29,158.34,182861.943
1723172400000,158.33,160.28,158.23,158.94,146257.295
1723176000000,158.94,159.12,156.02,156.03,193692.111
1723179600000,156.04,157.53,155.68,157.18,149612.921
1723183200000,157.17,158.12,156.13,157.36,149993.121
1723186800000,157.35,159.0,157.28,157.92,108493.875
1723190400000,157.91,159.69,157.74,159.34,119049.8
1723194000000,159.33,159.62,156.87,157.49,116524.058
1723197600000,157.49,157.58,155.32,156.17,167140.941
1723201200000,156.18,156.97,155.4,156.62,84181.997
1723204800000,156.63,156.72,154.4,155.32,160933.701
1723208400000,155.32,155.83,153.12,155.3,215808.942
1723212000000,155.29,157.37,151.56,153.69,460172.533
1723215600000,153.68,154.42,151.11,151.13,237053.999
1723219200000,151.12,152.75,150.72,152.56,193588.641
1723222800000,152.56,154.25,152.06,153.03,130736.159
1723226400000,153.04,153.7,151.61,153.42,103305.713
1723230000000,153.41,154.25,152.81,153.6,71016.245
1723233600000,153.61,154.58,152.92,153.24,85029.599
1723237200000,153.24,154.27,151.5,154.15,117801.435
1723240800000,154.16,155.83,152.38,155.76,233627.657
1723244400000,155.76,157.36,153.88,156.28,211501.532
1723248000000,156.29,158.75,154.66,154.88,269529.736
1723251600000,154.87,156.48,153.75,154.65,111603.888
1723255200000,154.65,156.21,154.28,154.38,79948.969
1723258800000,154.38,154.67,153.27,154.17,78358.816
1723262400000,154.17,154.27,152.54,153.56,76885.837
1723266000000,153.56,154.57,153.0,154.01,65342.84
1723269600000,154.02,154.97,153.85,154.58,52187.62
1723273200000,154.58,155.44,154.17,155.43,62663.769
1723276800000,155.42,155.9,153.89,154.1,108401.557
1723280400000,154.11,155.54,153.6,154.78,77671.808
1723284000000,154.78,155.37,154.23,154.39,53606.963
1723287600000,154.4,155.11,153.94,154.85,46216.382
1723291200000,154.86,155.23,154.4,154.5,50657.036
1723294800000,154.5,154.55,152.87,152.99,97160.447
1723298400000,152.99,153.95,152.8,153.7,62903.895
1723302000000,153.69,155.11,153.44,153.96,95404.209
1723305600000,153.97,154.36,153.0,153.59,76433.989
1723309200000,153.58,154.5,153.11,154.32,42842.74
1723312800000,154.31,155.13,154.01,154.05,81079.211
1723316400000,154.05,155.36,153.53,154.51,134269.836
1723320000000,154.51,154.89,153.75,154.41,40952.017
1723323600000,154.42,155.14,154.38,154.94,44818.985
1723327200000,154.95,155.15,154.43,154.66,40553.917
1723330800000,154.67,154.67,153.65,154.01,36344.766
1723334400000,154.01,155.09,153.65,154.69,74312.543
1723338000000,154.69,155.35,154.25,155.21,49662.988
1723341600000,155.21,155.5,154.55,154.84,41997.77
1723345200000,154.84,157.05,154.8,155.69,139377.218
1723348800000,155.7,156.0,154.81,154.98,69082.269
1723352400000,154.97,155.84,154.8,155.54,63291.285
1723356000000,155.54,155.87,155.12,155.54,47364.547
1723359600000,155.54,156.85,155.54,156.69,61099.353
1723363200000,156.69,157.19,156.29,156.43,80317.674
1723366800000,156.43,158.0,155.17,155.68,148849.513
1723370400000,155.67,156.25,154.91,155.15,66786.296
1723374000000,155.14,155.27,153.03,153.66,137166.117
1723377600000,153.65,153.8,150.64,151.55,214905.475
1723381200000,151.54,151.9,149.77,151.54,231555.021
1723384800000,151.53,151.65,148.51,149.29,225171.51
1723388400000,149.3,149.42,148.03,148.73,202790.823
1723392000000,148.73,149.3,148.19,148.72,107836.278
1723395600000,148.72,149.75,148.07,149.08,105473.879
1723399200000,149.07,149.21,146.79,147.95,152885.904
1723402800000,147.95,147.96,145.63,145.78,204161.206
1723406400000,145.78,145.86,143.73,143.91,306466.137
1723410000000,143.9,144.41,143.01,143.45,223620.831
1723413600000,143.44,144.39,141.2,142.19,347206.876
1723417200000,142.19,142.22,141.2,141.57,166932.742
1723420800000,141.56,143.81,141.2,142.74,320718.323
1723424400000,142.73,144.14,142.26,143.45,134590.403
1723428000000,143.44,144.48,142.73,144.28,84199.858
1723431600000,144.27,144.84,143.1,143.92,103192.183
1723435200000,143.91,144.44,143.35,143.54,78773.044
1723438800000,143.54,143.91,142.27,143.23,99180.253
1723442400000,143.23,143.69,142.28,143.46,97345.405
1723446000000,143.45,146.77,142.21,145.94,362539.359
1723449600000,145.94,147.99,144.24,144.88,263020.059
1723453200000,144.88,145.85,144.12,144.35,163948.563
1723456800000,144.35,147.42,143.58,147.4,240896.832
1723460400000,147.41,150.79,147.06,150.25,455729.628
1723464000000,150.26,150.35,148.18,149.26,261434.93
1723467600000,149.25,149.8,143.68,144.3,325226.608
1723471200000,144.3,150.51,143.01,149.14,518426.597
1723474800000,149.13,150.0,145.27,147.58,323144.259
1723478400000,147.58,148.26,145.75,146.95,155898.081
1723482000000,146.96,147.77,145.1,145.15,118996.889
1723485600000,145.15,146.42,142.94,143.01,177678.032
1723489200000,143.02,144.67,143.0,143.75,111250.405
1723492800000,143.75,145.32,143.13,143.41,118570.162
1723496400000,143.42,144.4,141.84,143.53,150434.444
1723500000000,143.53,144.72,143.33,144.13,94904.014
1723503600000,144.13,147.53,144.06,146.29,186846.908
1723507200000,146.29,147.36,145.55,146.69,153783.544
1723510800000,146.68,147.05,145.28,146.95,134148.354
1723514400000,146.95,147.0,144.46,145.66,89061.315
1723518000000,145.65,145.75,142.92,143.66,194586.869
1723521600000,143.66,145.03,142.96,144.93,71717.627
1723525200000,144.92,146.11,144.32,145.75,75090.817
1723528800000,145.76,146.78,144.54,146.49,94716.179
1723532400000,146.49,147.04,145.92,145.99,96972.414
1723536000000,145.99,146.38,144.39,145.49,74871.885
1723539600000,145.49,145.56,143.79,144.66,129186.371
1723543200000,144.65,145.1,143.24,144.61,99892.763
1723546800000,144.6,146.31,144.23,145.88,85129.22
1723550400000,145.87,147.48,145.14,146.27,166630.019
1723554000000,146.28,147.67,145.69,147.18,167606.792
1723557600000,147.17,147.59,144.66,146.46,157062.448
1723561200000,146.47,146.71,145.24,146.08,81782.497
1723564800000,146.08,149.43,145.88,149.35,240016.168
1723568400000,149.36,149.82,147.47,148.24,204317.151
1723572000000,148.25,148.35,146.5,146.73,128736.311
1723575600000,146.72,147.16,144.88,146.55,152770.331
1723579200000,146.54,146.93,145.72,145.97,60149.526
1723582800000,145.97,147.89,145.82,147.8,60163.242
1723586400000,147.8,147.87,146.47,147.1,84475.662
1723590000000,147.1,147.45,146.23,146.65,62787.918
1723593600000,146.65,147.27,145.93,145.97,84647.973
1723597200000,145.96,146.36,143.58,143.99,212037.804
1723600800000,143.99,145.09,143.72,144.98,76758.135
1723604400000,144.98,146.21,144.58,145.14,98776.952
1723608000000,145.15,145.34,144.35,144.61,148543.534
1723611600000,144.61,145.62,144.4,144.75,62508.674
1723615200000,144.74,145.63,144.09,145.28,89733.662
1723618800000,145.27,145.73,144.89,145.73,48917.281
1723622400000,145.73,145.91,144.83,145.63,60434.393
1723626000000,145.63,146.52,145.45,146.34,74262.768
1723629600000,146.34,148.11,146.33,146.83,165824.464
1723633200000,146.82,149.04,146.57,148.01,201880.715
1723636800000,148.02,152.18,147.21,149.94,558896.852
1723640400000,149.94,151.2,146.62,147.2,485235.733
1723644000000,147.19,147.72,145.18,146.73,367237.855
1723647600000,146.73,147.35,144.5,146.7,325873.054
1723651200000,146.71,147.24,143.96,144.95,280715.974
1723654800000,144.95,145.49,144.35,144.6,88781.43
1723658400000,144.6,145.32,143.76,144.5,94639.984
1723662000000,144.51,144.76,143.8,144.24,88581.119
1723665600000,144.24,144.7,144.02,144.23,57271.643
1723669200000,144.24,144.52,143.6,143.87,62173.286
1723672800000,143.87,144.35,142.36,144.35,139844.925
1723676400000,144.36,144.4,143.67,143.71,53570.437
1723680000000,143.7,145.34,143.67,144.89,73650.526
1723683600000,144.9,145.4,144.1,144.23,78529.446
1723687200000,144.24,145.27,143.17,144.66,144483.045
1723690800000,144.67,145.22,144.43,144.7,66751.762
1723694400000,144.71,144.88,143.76,144.62,64287.811
1723698000000,144.61,144.87,142.66,142.96,86543.154
1723701600000,142.96,143.22,141.04,141.92,215816.512
1723705200000,141.91,142.67,141.07,142.51,127645.656
1723708800000,142.51,143.14,141.7,143.12,109604.931
1723712400000,143.13,143.52,142.09,142.16,81652.404
1723716000000,142.16,142.41,141.29,141.68,87437.257
1723719600000,141.69,143.47,141.69,143.13,106087.527
1723723200000,143.13,145.52,142.45,142.81,248311.61
1723726800000,142.82,145.2,142.05,144.98,190929.316
1723730400000,144.98,146.6,144.15,144.99,227058.162
1723734000000,144.99,146.33,144.35,145.95,187358.125
1723737600000,145.95,147.64,145.51,145.93,212099.949
1723741200000,145.93,145.94,143.19,143.26,191471.3
1723744800000,143.26,143.28,138.09,138.65,630236.744
1723748400000,138.65,140.61,137.78,139.99,373245.894
1723752000000,139.99,140.57,138.7,140.49,161130.192
1723755600000,140.48,141.84,139.83,141.83,188355.803
1723759200000,141.82,144.92,140.91,143.69,250394.343
1723762800000,143.69,144.1,142.41,142.58,125957.347
1723766400000,142.58,142.86,141.73,141.93,141925.981
1723770000000,141.93,142.65,140.74,141.99,146591.546
1723773600000,142.0,144.43,141.22,143.2,151926.769
1723777200000,143.2,143.26,141.78,141.99,108782.297
1723780800000,141.99,142.59,141.6,142.5,72604.132
1723784400000,142.5,143.22,142.23,143.06,76568.272
1723788000000,143.06,144.82,142.86,144.3,154220.406
1723791600000,144.3,144.68,143.85,144.53,95116.414
1723795200000,144.53,144.88,143.44,143.73,110780.912
1723798800000,143.74,144.46,143.48,144.36,129377.386
1723802400000,144.36,144.37,142.72,143.49,95128.978
1723806000000,143.5,143.97,141.71,141.97,133271.647
1723809600000,141.98,142.63,138.81,139.2,345764.382
1723813200000,139.21,142.58,138.83,140.37,318534.129
1723816800000,140.36,140.74,137.8,138.36,247821.112
1723820400000,138.36,139.29,136.3,137.91,252292.856
1723824000000,137.91,139.84,137.47,138.34,278323.157
1723827600000,138.35,139.92,136.1,139.6,371192.261
1723831200000,139.59,140.66,138.52,139.41,272074.373
1723834800000,139.42,141.45,139.41,140.94,207933.428
1723838400000,140.95,141.93,140.48,140.5,113761.31
1723842000000,140.5,141.17,139.63,139.94,77976.23
1723845600000,139.93,140.27,139.48,139.6,63102.929
1723849200000,139.59,139.71,139.0,139.04,70249.698
1723852800000,139.04,139.31,137.61,138.98,126037.184
1723856400000,138.99,139.96,138.7,139.36,80272.572
1723860000000,139.37,140.3,139.22,139.66,67189.354
1723863600000,139.67,139.84,138.17,138.89,62957.926
1723867200000,138.89,139.46,138.63,139.43,52418.914
1723870800000,139.43,139.69,138.98,139.53,25837.114
1723874400000,139.54,139.73,138.78,139.0,40584.231
1723878000000,139.0,139.5,138.62,139.45,34712.416
1723881600000,139.45,139.56,138.94,139.49,42651.688
1723885200000,139.49,140.17,139.05,139.62,96297.218
1723888800000,139.62,139.76,138.4,138.55,60221.107
1723892400000,138.54,139.58,138.12,139.12,81539.706
1723896000000,139.11,139.87,138.94,139.72,47072.342
1723899600000,139.72,140.82,139.5,139.79,133069.308
1723903200000,139.79,141.32,139.65,141.14,122095.656
1723906800000,141.15,141.85,140.08,140.18,115454.596
1723910400000,140.18,141.41,140.17,141.34,72662.356
1723914000000,141.34,141.65,140.38,140.44,67149.668
1723917600000,140.45,140.67,140.1,140.51,51420.179
1723921200000,140.51,141.35,140.32,141.11,38225.863
1723924800000,141.11,141.35,140.77,140.97,32859.475
1723928400000,140.98,141.27,140.68,141.24,29767.947
1723932000000,141.24,141.87,141.24,141.53,41968.585
1723935600000,141.54,141.99,141.35,141.93,39128.698
1723939200000,141.92,143.15,141.35,142.58,99394.331
1723942800000,142.58,142.81,141.17,141.29,59792.817
1723946400000,141.3,143.2,141.0,142.88,90801.868
1723950000000,142.89,143.31,141.1,141.17,93893.694
1723953600000,141.16,141.59,140.56,141.24,49706.108
1723957200000,141.25,141.83,140.95,141.25,40167.142
1723960800000,141.25,141.89,141.09,141.76,33080.498
1723964400000,141.76,142.0,141.28,141.55,36743.951
1723968000000,141.55,141.92,141.3,141.9,39059.312
1723971600000,141.9,143.15,141.8,142.99,96006.269
1723975200000,142.98,147.31,142.94,143.96,389312.395
1723978800000,143.97,144.63,143.59,144.62,94211.56
1723982400000,144.62,146.37,144.0,145.49,202293.652
1723986000000,145.48,146.69,144.78,144.89,157022.792
1723989600000,144.89,145.85,144.76,145.09,137623.128
1723993200000,145.1,146.04,144.76,145.8,62314.289
1723996800000,145.79,146.61,145.4,146.07,76447.165
1724000400000,146.07,146.25,144.09,144.53,126774.564
1724004000000,144.53,145.6,144.31,145.57,55392.734
1724007600000,145.56,146.56,145.46,146.44,60987.7
1724011200000,146.44,147.07,146.04,146.65,67039.992
1724014800000,146.66,146.66,144.8,145.08,55752.24
1724018400000,145.09,145.68,144.53,144.59,73994.23
1724022000000,144.59,144.86,142.28,142.42,154234.312
1724025600000,142.42,143.47,141.84,142.01,190246.996
1724029200000,142.02,142.91,141.59,142.1,127945.202
1724032800000,142.11,142.88,141.59,142.67,66766.08
1724036400000,142.67,143.34,142.33,143.23,56010.642
1724040000000,143.23,143.39,142.58,143.17,67048.235
1724043600000,143.17,143.37,141.91,142.3,173249.118
1724047200000,142.29,143.5,141.91,142.88,66576.02
1724050800000,142.88,143.51,142.24,142.3,64254.04
1724054400000,142.31,142.85,142.15,142.61,51510.371
1724058000000,142.61,143.35,140.88,140.96,174278.628
1724061600000,140.95,141.63,140.33,141.16,157482.857
1724065200000,141.16,142.46,140.73,142.33,94183.543
1724068800000,142.33,143.3,141.94,143.16,94373.923
1724072400000,143.16,144.66,142.4,142.71,228350.133
1724076000000,142.72,144.32,141.67,144.26,179576.253
1724079600000,144.26,144.5,143.67,143.86,135542.084
1724083200000,143.87,144.35,143.04,144.2,113304.294
1724086800000,144.2,146.19,143.13,143.66,234359.139
1724090400000,143.66,144.61,142.83,143.59,154813.929
1724094000000,143.59,143.64,142.6,142.95,64294.343
1724097600000,142.95,144.24,142.75,143.36,101730.65
1724101200000,143.36,144.06,143.15,143.6,57092.041
1724104800000,143.6,144.4,142.63,143.59,135351.144
1724108400000,143.59,144.54,142.94,144.29,152018.288
1724112000000,144.28,146.96,143.36,146.57,272392.876
1724115600000,146.57,147.9,145.48,145.74,171576.192
1724119200000,145.75,145.93,144.81,145.4,88301.045
1724122800000,145.4,145.78,145.1,145.58,52948.637
1724126400000,145.58,147.45,145.4,147.01,142087.503
1724130000000,147.01,148.83,146.92,147.54,214858.965
1724133600000,147.54,147.7,146.66,147.02,111259.312
1724137200000,147.03,147.56,146.9,147.47,84581.328
1724140800000,147.48,147.71,145.94,146.21,117509.834
1724144400000,146.2,146.91,146.11,146.57,80290.524
1724148000000,146.58,146.64,146.05,146.19,61267.557
1724151600000,146.18,146.36,145.17,145.4,137999.007
1724155200000,145.4,146.16,145.28,145.93,65381.431
1724158800000,145.93,146.43,145.05,146.05,113215.38
1724162400000,146.05,146.17,142.47,142.52,353561.024
1724166000000,142.52,142.83,141.0,142.16,312176.321
1724169600000,142.16,142.88,141.63,142.62,129207.303
1724173200000,142.61,143.5,142.44,143.35,61369.917
1724176800000,143.34,144.0,142.91,143.47,106235.832
1724180400000,143.46,144.3,143.25,144.02,77680.478
1724184000000,144.02,144.55,143.49,143.53,71873.221
1724187600000,143.53,143.54,142.56,143.11,72895.842
1724191200000,143.1,143.58,143.01,143.24,56277.95
1724194800000,143.23,143.35,142.22,142.27,66520.117
1724198400000,142.27,142.95,141.78,141.85,74935.702
1724202000000,141.84,142.69,141.55,142.58,76064.304
1724205600000,142.58,143.1,142.29,142.84,49748.502
1724209200000,142.83,142.89,142.15,142.53,37215.595
1724212800000,142.54,142.82,142.23,142.73,42219.93
1724216400000,142.72,143.39,142.53,143.25,39528.534
1724220000000,143.25,143.59,143.16,143.36,81005.612
1724223600000,143.37,143.83,142.5,143.18,59137.986
1724227200000,143.18,143.54,141.89,142.16,87687.979
1724230800000,142.17,142.25,140.93,141.52,135949.959
1724234400000,141.52,142.28,141.27,142.11,51957.003
1724238000000,142.12,142.25,141.23,141.31,52172.912
1724241600000,141.3,141.82,140.83,141.26,83842.241
1724245200000,141.26,141.56,138.7,141.3,268503.04
1724248800000,141.3,142.52,139.17,139.85,297167.657
1724252400000,139.84,140.8,139.33,140.36,128563.0
1724256000000,140.36,141.3,139.67,141.27,82386.057
1724259600000,141.27,142.06,140.93,141.47,92481.807
1724263200000,141.47,143.08,141.2,142.7,153120.018
1724266800000,142.71,143.66,142.18,143.43,167278.836
1724270400000,143.43,144.42,142.54,143.07,221375.799
1724274000000,143.08,143.94,142.64,143.61,84151.888
1724277600000,143.61,143.85,142.87,142.9,55108.714
1724281200000,142.9,143.28,142.09,142.79,97978.784
1724284800000,142.78,143.25,142.4,142.49,62622.685
1724288400000,142.49,143.21,142.36,143.05,73585.968
1724292000000,143.05,143.11,140.63,141.53,127506.425
1724295600000,141.53,141.89,141.09,141.73,103820.618
1724299200000,141.73,142.25,141.43,142.2,69165.634
1724302800000,142.2,142.32,141.87,142.2,41045.532
1724306400000,142.19,142.79,142.12,142.71,38763.983
1724310000000,142.71,143.69,142.4,143.33,66117.456
1724313600000,143.34,143.64,142.98,143.15,75308.357
1724317200000,143.14,143.23,142.62,142.92,70060.906
1724320800000,142.93,144.24,142.74,144.11,108077.624
1724324400000,144.11,144.83,143.56,144.53,159431.928
1724328000000,144.53,144.88,143.01,143.24,159453.708
1724331600000,143.23,143.85,142.41,143.04,107226.45
1724335200000,143.04,143.19,142.17,142.82,111915.01
1724338800000,142.81,143.55,142.0,142.63,80630.787
1724342400000,142.64,143.32,142.51,142.78,67383.416
1724346000000,142.79,143.28,142.44,142.58,44413.546
1724349600000,142.58,143.6,142.4,142.98,53776.029
1724353200000,142.97,143.19,142.62,142.74,28704.915
1724356800000,142.74,143.6,142.68,143.39,80067.273
1724360400000,143.39,143.74,142.99,143.33,36366.322
1724364000000,143.34,143.44,143.04,143.2,31454.514
1724367600000,143.2,143.45,143.03,143.22,28503.632
1724371200000,143.23,145.43,143.19,144.4,169338.784
1724374800000,144.4,144.74,143.75,144.7,99634.373
1724378400000,144.7,145.73,144.55,144.82,83705.656
1724382000000,144.82,145.08,144.33,144.48,41898.843
1724385600000,144.47,145.03,144.38,144.42,47340.573
1724389200000,144.42,145.92,144.42,145.49,99939.86
1724392800000,145.49,145.93,144.89,145.59,90864.868
1724396400000,145.6,145.76,145.01,145.15,52328.342
1724400000000,145.15,145.49,144.92,145.14,69207.611
1724403600000,145.14,145.15,144.11,144.3,72740.009
1724407200000,144.31,144.76,144.25,144.32,35805.846
1724410800000,144.31,144.34,143.4,143.49,80747.531
1724414400000,143.5,144.58,143.49,144.44,69580.345
1724418000000,144.44,144.66,143.61,144.66,65524.474
1724421600000,144.66,147.1,142.68,143.53,497029.053
1724425200000,143.53,145.06,143.3,144.4,162345.111
1724428800000,144.4,145.2,144.07,145.06,89650.892
1724432400000,145.06,148.55,145.02,148.19,290570.284
1724436000000,148.2,149.5,147.57,148.28,462466.245
1724439600000,148.29,150.2,148.13,149.7,297530.571
1724443200000,149.7,151.58,149.68,150.88,252333.947
1724446800000,150.88,152.29,150.72,152.19,189966.137
1724450400000,152.2,154.08,151.18,151.84,296393.631
1724454000000,151.84,153.6,151.84,153.26,164147.176
1724457600000,153.27,154.23,152.72,153.1,197080.956
1724461200000,153.1,153.32,151.97,153.32,200256.818
1724464800000,153.32,154.67,153.19,153.36,154642.318
1724468400000,153.36,153.61,153.0,153.25,130046.757
1724472000000,153.25,154.11,153.15,154.05,76114.183
1724475600000,154.06,155.39,153.9,154.53,214500.764
1724479200000,154.53,154.83,154.02,154.03,108820.504
1724482800000,154.03,154.72,154.03,154.61,69802.306
1724486400000,154.62,155.68,154.34,155.62,110209.518
1724490000000,155.61,158.0,154.97,157.6,162254.555
1724493600000,157.59,158.74,156.95,157.91,254881.476
1724497200000,157.91,158.56,157.11,157.34,147228.307
1724500800000,157.33,158.27,156.97,157.28,112066.336
1724504400000,157.28,157.95,157.15,157.95,75565.231
1724508000000,157.94,158.74,157.29,158.71,99652.612
1724511600000,158.7,159.78,158.21,159.46,185868.713
1724515200000,159.45,162.22,159.26,161.19,321626.387
1724518800000,161.18,162.3,160.47,160.83,205527.851
1724522400000,160.84,162.3,160.19,161.45,223980.406
1724526000000,161.45,162.01,160.35,160.57,96677.113
1724529600000,160.57,161.16,160.17,160.41,81020.345
1724533200000,160.41,160.43,157.28,157.52,255225.309
1724536800000,157.51,159.43,157.46,159.07,167918.707
1724540400000,159.07,160.83,158.9,160.67,88119.477
1724544000000,160.67,160.76,158.62,158.85,141267.789
1724547600000,158.85,159.92,157.36,158.2,160140.688
1724551200000,158.2,159.06,158.09,158.8,61687.213
1724554800000,158.8,158.92,157.37,158.3,90451.802
1724558400000,158.3,158.81,157.44,158.79,75221.966
1724562000000,158.78,159.05,158.21,158.33,59144.706
1724565600000,158.33,158.45,157.53,157.77,93262.171
1724569200000,157.78,157.78,155.25,156.12,288145.286
1724572800000,156.12,157.29,155.8,157.18,111474.469
1724576400000,157.17,157.9,156.64,157.36,101466.227
1724580000000,157.36,157.51,156.28,156.78,60073.297
1724583600000,156.78,158.7,156.7,157.28,127064.011
1724587200000,157.27,157.83,156.93,157.81,44166.327
1724590800000,157.82,159.05,157.73,158.49,153879.482
1724594400000,158.49,159.88,158.48,159.1,129594.063
1724598000000,159.09,159.92,158.48,159.35,114837.381
1724601600000,159.36,160.32,158.48,159.09,125695.8
1724605200000,159.09,159.82,158.74,159.48,80458.001
1724608800000,159.49,159.99,158.92,159.54,70176.119
1724612400000,159.55,159.8,158.73,159.1,44748.123
1724616000000,159.11,159.5,158.59,158.92,70029.563
1724619600000,158.91,161.54,158.8,161.3,155804.164
1724623200000,161.3,162.0,160.19,160.62,116754.835
1724626800000,160.63,161.25,158.41,158.92,153540.22
1724630400000,158.92,159.92,158.22,159.08,100760.465
1724634000000,159.08,159.24,158.0,158.11,70384.428
1724637600000,158.11,158.63,157.38,158.61,99448.819
1724641200000,158.61,160.16,158.33,160.11,84691.552
1724644800000,160.12,161.12,159.81,161.0,108529.786
1724648400000,161.0,161.12,159.43,159.57,75175.55
1724652000000,159.56,159.75,158.35,158.98,172907.793
1724655600000,158.98,159.48,158.34,159.11,58742.798
1724659200000,159.12,160.71,158.81,159.78,96331.736
1724662800000,159.77,160.75,158.46,160.69,132728.787
1724666400000,160.69,162.0,160.4,161.23,177714.089
1724670000000,161.22,161.9,160.18,160.38,130340.281
1724673600000,160.37,161.2,158.71,159.36,185887.969
1724677200000,159.35,160.5,158.93,160.19,132071.931
1724680800000,160.2,161.71,155.95,157.35,512246.235
1724684400000,157.36,158.3,155.96,157.64,156497.714
1724688000000,157.63,158.39,156.92,157.78,106948.358
1724691600000,157.77,157.96,155.53,157.42,220781.596
1724695200000,157.42,159.4,156.38,158.87,219463.195
1724698800000,158.86,159.0,157.59,158.0,85291.854
1724702400000,158.0,159.28,157.29,158.76,130873.111
1724706000000,158.77,158.86,156.4,157.54,140901.961
1724709600000,157.54,158.3,157.14,157.44,61515.684
1724713200000,157.44,158.3,156.75,157.12,58162.349
1724716800000,157.12,158.26,157.04,157.61,80964.183
1724720400000,157.61,158.95,157.47,158.25,102802.184
1724724000000,158.25,159.0,158.04,158.22,62760.955
1724727600000,158.22,158.65,157.42,158.53,59399.191
1724731200000,158.54,158.94,158.04,158.57,62236.25
1724734800000,158.58,159.69,158.48,159.34,74487.67
1724738400000,159.34,159.37,157.56,158.12,92813.514
1724742000000,158.11,158.39,157.25,157.72,119667.29
1724745600000,157.73,158.03,156.68,156.94,101819.008
1724749200000,156.94,157.72,156.18,156.51,109084.718
1724752800000,156.51,156.51,153.46,153.62,306428.501
1724756400000,153.63,154.89,153.33,154.26,106382.927
1724760000000,154.26,154.45,152.67,154.24,158199.038
1724763600000,154.25,155.5,153.5,154.18,165253.618
1724767200000,154.19,155.82,153.6,153.74,230369.883
1724770800000,153.74,154.9,153.17,153.75,175791.491
1724774400000,153.75,155.0,153.25,153.61,143574.409
1724778000000,153.6,154.96,153.45,154.95,70877.77
1724781600000,154.95,155.55,154.33,155.4,108315.171
1724785200000,155.4,155.47,154.37,154.98,58896.408
1724788800000,154.98,155.06,153.95,154.02,56044.944
1724792400000,154.03,154.21,147.26,149.25,486001.909
1724796000000,149.24,149.54,145.03,147.48,531330.2
1724799600000,147.47,147.84,146.34,146.79,186874.534
1724803200000,146.78,146.84,145.37,145.96,184249.108
1724806800000,145.97,147.18,145.42,146.95,98503.108
1724810400000,146.94,147.02,145.79,146.79,84627.654
1724814000000,146.78,148.32,146.6,148.17,130696.891
1724817600000,148.17,148.27,147.21,147.37,103892.504
1724821200000,147.37,149.3,147.1,147.38,174160.482
1724824800000,147.38,147.52,146.92,147.15,102039.346
1724828400000,147.15,147.39,143.73,143.97,334503.522
1724832000000,143.97,145.79,142.72,145.03,324087.393
1724835600000,145.04,148.1,144.88,148.0,204318.421
1724839200000,148.0,148.04,146.61,146.73,160336.138
1724842800000,146.74,147.69,146.54,147.16,84981.622
1724846400000,147.15,148.54,146.98,147.63,146751.891
1724850000000,147.63,147.84,145.12,145.21,149900.618
1724853600000,145.22,146.86,143.76,144.85,264362.394
1724857200000,144.85,144.86,143.11,144.11,225766.33
1724860800000,144.11,144.11,140.53,143.01,574643.187
1724864400000,143.01,143.33,141.6,142.16,132263.97
1724868000000,142.16,144.6,141.92,144.55,148203.193
1724871600000,144.55,145.63,143.65,144.26,165556.557
1724875200000,144.26,146.37,143.1,144.06,165767.129
1724878800000,144.07,144.83,142.79,142.96,116355.542
1724882400000,142.95,143.54,141.6,143.54,127297.227
1724886000000,143.54,144.28,143.12,143.95,67602.807
1724889600000,143.96,145.02,143.78,144.27,87065.561
1724893200000,144.27,144.84,143.01,143.44,69509.015
1724896800000,143.44,144.01,142.94,143.94,50418.687
1724900400000,143.93,144.17,143.03,143.32,85783.706
1724904000000,143.33,143.83,143.16,143.52,69262.63
1724907600000,143.51,144.4,143.21,144.28,107747.958
1724911200000,144.27,145.38,144.06,144.74,160841.613
1724914800000,144.75,144.99,144.48,144.66,70618.902
1724918400000,144.66,145.19,144.38,145.08,101906.262
1724922000000,145.09,145.99,144.88,145.28,92453.737
1724925600000,145.28,145.84,144.96,145.18,72093.666
1724929200000,145.18,146.85,145.12,145.63,127004.652
1724932800000,145.64,146.0,145.2,145.49,112276.836
1724936400000,145.49,145.79,144.73,145.5,122258.66
1724940000000,145.5,145.92,144.77,145.35,151907.532
1724943600000,145.35,147.36,145.27,146.06,170378.057
1724947200000,146.06,146.8,143.74,144.22,145813.335
1724950800000,144.22,144.64,143.56,144.44,113019.591
1724954400000,144.43,144.45,139.28,139.72,361753.395
1724958000000,139.72,141.25,138.57,140.28,232238.83
1724961600000,140.27,141.4,139.25,140.24,119586.013
1724965200000,140.25,140.26,139.17,139.33,119203.376
1724968800000,139.33,140.14,138.05,139.82,123332.452
1724972400000,139.81,140.33,139.39,140.0,55342.363
1724976000000,140.01,141.11,139.58,140.39,80060.662
1724979600000,140.39,140.77,139.44,139.96,57838.399
1724983200000,139.97,140.19,138.43,139.25,151083.172
1724986800000,139.25,139.25,138.42,138.75,98358.764
1724990400000,138.75,139.92,138.74,139.18,85055.326
1724994000000,139.18,139.23,137.15,138.08,183305.389
1724997600000,138.08,139.7,137.48,139.62,134667.969
1725001200000,139.61,139.85,139.0,139.02,137651.729
1725004800000,139.03,139.89,139.0,139.45,62461.234
1725008400000,139.45,140.06,139.33,139.81,63878.011
1725012000000,139.8,140.02,139.25,139.46,60236.356
1725015600000,139.47,139.7,138.35,138.66,130963.455
1725019200000,138.65,140.73,138.49,139.92,242903.149
1725022800000,139.92,140.55,137.9,139.8,190458.739
1725026400000,139.81,140.4,135.55,135.67,322374.966
1725030000000,135.66,135.85,132.49,133.32,585474.894
1725033600000,133.33,134.57,132.04,133.92,562013.189
1725037200000,133.92,134.95,133.37,134.47,128046.124
1725040800000,134.47,137.91,134.4,137.06,305028.685
1725044400000,137.06,137.06,135.51,135.98,136343.909
1725048000000,135.98,136.61,135.65,136.41,50942.062
1725051600000,136.41,137.04,136.19,136.45,69315.07
1725055200000,136.45,138.0,136.42,137.7,112018.509
1725058800000,137.69,138.48,137.62,137.99,88317.407
1725062400000,137.99,139.23,137.86,138.32,140288.072
1725066000000,138.32,138.52,137.88,137.95,43400.176
1725069600000,137.95,138.1,137.5,138.1,49384.728
1725073200000,138.1,138.81,137.98,138.29,31888.321
1725076800000,138.29,138.77,138.2,138.69,27477.753
1725080400000,138.68,138.68,137.65,137.66,33475.131
1725084000000,137.66,138.34,137.4,137.96,32164.763
1725087600000,137.97,138.16,137.38,137.59,37210.168
1725091200000,137.59,137.85,135.9,135.92,101142.388
1725094800000,135.92,136.75,135.79,136.63,77374.772
1725098400000,136.63,137.5,136.49,137.11,63496.261
1725102000000,137.1,137.39,136.8,137.01,58175.029
1725105600000,137.02,137.29,136.58,136.91,35393.662
1725109200000,136.91,137.09,135.67,135.82,68309.459
1725112800000,135.82,136.54,135.57,136.25,46843.056
1725116400000,136.25,136.66,135.91,136.63,26483.837
1725120000000,136.63,136.7,135.65,136.13,28831.619
1725123600000,136.13,136.3,134.89,135.73,49186.07
1725127200000,135.73,136.54,135.31,135.43,42564.356
1725130800000,135.42,135.5,134.49,134.97,58032.769
1725134400000,134.97,135.55,134.51,135.32,59421.115
1725138000000,135.32,136.3,135.03,135.94,43104.599
1725141600000,135.93,136.22,135.32,135.39,43449.799
1725145200000,135.38,135.63,134.86,135.35,33112.842
1725148800000,135.35,135.62,134.97,135.36,24205.968
1725152400000,135.37,135.5,133.5,133.63,72146.22
1725156000000,133.62,133.96,132.88,133.96,145539.542
1725159600000,133.96,134.46,133.7,134.07,37414.564
1725163200000,134.07,134.09,133.33,133.71,32825.718
1725166800000,133.7,133.91,131.09,131.59,190530.136
1725170400000,131.59,132.78,131.49,132.7,67321.683
1725174000000,132.69,133.0,132.1,132.81,106404.247
1725177600000,132.81,132.84,131.14,131.46,104191.275
1725181200000,131.45,132.25,130.78,131.22,131062.706
1725184800000,131.2,131.38,130.27,130.46,113738.935
1725188400000,130.47,131.98,130.18,131.91,87851.558
1725192000000,131.91,132.16,130.93,131.04,63841.286
1725195600000,131.05,131.65,130.21,131.58,84398.182
1725199200000,131.58,132.7,130.0,131.86,191485.606
1725202800000,131.85,134.87,131.51,134.29,189793.267
1725206400000,134.29,134.75,132.69,132.97,106273.118
1725210000000,132.97,133.52,131.87,132.65,69611.553
1725213600000,132.65,135.3,132.44,134.74,111152.548
1725217200000,134.75,135.92,134.21,135.23,76535.909
1725220800000,135.24,136.15,134.46,134.97,136802.257
1725224400000,134.97,135.05,133.12,133.85,145789.116
1725228000000,133.86,133.99,128.0,129.11,301878.188
1725231600000,129.1,130.54,127.66,128.5,337651.159
1725235200000,128.5,130.38,128.27,129.68,216579.568
1725238800000,129.69,130.48,129.11,129.74,105912.616
1725242400000,129.73,130.7,128.5,129.26,136690.358
1725246000000,129.25,130.57,129.25,130.21,107963.578
1725249600000,130.21,130.37,127.14,127.56,187464.352
1725253200000,127.57,129.98,127.45,129.09,226182.072
1725256800000,129.08,129.75,128.34,128.82,64155.375
1725260400000,128.82,129.4,126.8,127.66,162170.809
1725264000000,127.65,130.68,127.22,129.88,248602.677
1725267600000,129.88,131.83,129.0,131.68,206168.379
1725271200000,131.68,132.93,131.27,132.05,217232.318
1725274800000,132.04,132.66,131.52,131.83,117980.487
1725278400000,131.83,132.47,131.3,131.93,99903.186
1725282000000,131.92,132.46,130.67,130.77,103596.722
1725285600000,130.77,133.3,130.0,132.92,192498.626
1725289200000,132.92,133.45,132.36,132.54,115502.719
1725292800000,132.54,133.42,131.71,131.91,88948.596
1725296400000,131.91,133.66,131.88,133.34,68010.196
1725300000000,133.34,133.87,132.51,133.28,78300.448
1725303600000,133.28,133.53,132.81,133.05,51119.17
1725307200000,133.04,135.0,132.81,134.58,95613.86
1725310800000,134.58,135.05,133.84,134.17,95928.218
1725314400000,134.17,134.93,133.99,134.8,83337.907
1725318000000,134.8,135.39,134.58,134.94,76453.317
1725321600000,134.95,135.17,134.21,135.03,62776.614
1725325200000,135.03,135.47,134.51,135.44,54830.271
1725328800000,135.45,138.13,135.37,135.78,216784.091
1725332400000,135.78,136.2,135.41,135.51,67506.726
1725336000000,135.5,135.89,134.5,134.93,98480.536
1725339600000,134.93,135.5,134.5,135.02,61383.953
1725343200000,135.02,135.02,133.54,133.69,81162.594
1725346800000,133.69,134.86,133.69,134.6,96287.508
1725350400000,134.6,134.64,132.77,133.22,100893.333
1725354000000,133.22,134.06,133.2,133.57,68318.393
1725357600000,133.58,134.42,133.44,133.9,54436.458
1725361200000,133.89,134.53,133.67,134.36,55611.744
1725364800000,134.36,135.5,134.31,134.41,74261.01
1725368400000,134.41,134.73,131.15,131.58,167619.929
1725372000000,131.57,131.57,130.12,130.3,246173.296
1725375600000,130.3,130.82,129.31,129.8,179149.032
1725379200000,129.81,130.64,129.31,129.92,131714.586
1725382800000,129.91,131.5,129.86,130.16,71321.91
1725386400000,130.17,131.25,129.74,131.0,64204.483
1725390000000,130.99,132.21,130.79,130.95,107550.063
1725393600000,130.96,131.61,130.1,130.6,112748.067
1725397200000,130.61,130.7,129.31,130.13,99084.35
1725400800000,130.13,130.38,129.39,129.49,72462.649
1725404400000,129.49,129.58,127.15,127.54,282620.329
1725408000000,127.54,128.89,126.48,126.7,269554.21
1725411600000,126.7,127.64,122.6,126.83,708084.921
1725415200000,126.84,127.6,126.21,127.15,128990.797
1725418800000,127.15,128.02,127.05,127.7,93776.49
1725422400000,127.7,127.95,126.92,127.82,62055.001
1725426000000,127.81,127.81,126.55,126.86,95560.975
1725429600000,126.85,128.89,126.85,128.21,141314.567
1725433200000,128.2,131.44,128.11,130.3,206186.254
1725436800000,130.29,130.71,129.74,129.92,98252.684
1725440400000,129.91,130.68,129.53,129.59,88030.035
1725444000000,129.6,129.85,128.39,128.55,134344.939
1725447600000,128.56,129.33,128.11,128.43,78279.883
1725451200000,128.43,129.65,128.06,128.66,114498.287
1725454800000,128.65,129.47,127.88,129.31,151436.694
1725458400000,129.31,133.5,128.67,132.86,429156.721
1725462000000,132.85,134.13,131.75,133.83,337057.736
1725465600000,133.82,134.98,132.94,133.89,205654.868
1725469200000,133.89,134.13,132.58,132.61,129206.326
1725472800000,132.62,133.53,132.58,133.01,77991.544
1725476400000,133.01,133.87,132.7,133.19,61442.684
1725480000000,133.19,134.1,132.89,133.89,58270.448
1725483600000,133.89,134.45,133.58,134.25,42560.006
1725487200000,134.26,134.66,133.44,134.07,53505.838
1725490800000,134.07,134.36,133.23,133.64,48847.201
1725494400000,133.64,134.38,132.88,132.93,62361.835
1725498000000,132.93,134.29,132.93,133.86,54002.641
1725501600000,133.86,134.15,133.0,133.04,42941.037
1725505200000,133.03,133.03,131.28,131.6,133192.944
1725508800000,131.6,134.26,131.31,133.43,112063.189
1725512400000,133.43,133.6,132.18,132.36,73450.845
1725516000000,132.36,132.62,130.84,132.08,112599.544
1725519600000,132.08,133.35,131.95,133.1,75678.465
1725523200000,133.1,133.87,132.35,132.75,98367.609
1725526800000,132.75,132.85,131.69,132.24,90080.951
1725530400000,132.23,132.8,131.76,132.48,59927.687
1725534000000,132.48,133.19,132.05,132.83,67441.759
1725537600000,132.83,134.2,131.87,133.37,186432.965
1725541200000,133.38,134.94,133.16,134.54,183781.104
1725544800000,134.55,135.58,131.9,131.91,267157.965
1725548400000,131.91,132.35,130.16,130.61,268077.999
1725552000000,130.61,131.12,129.44,130.06,130114.422
1725555600000,130.06,130.87,129.62,130.81,134822.808
1725559200000,130.81,131.14,130.04,130.5,102250.699
1725562800000,130.5,130.65,127.85,128.44,255368.074
1725566400000,128.44,129.03,128.13,128.36,70849.166
1725570000000,128.35,129.74,128.22,129.49,83013.835
1725573600000,129.49,129.91,128.39,129.57,66044.902
1725577200000,129.57,129.71,129.09,129.41,32014.607
1725580800000,129.4,129.88,128.66,129.44,78535.019
1725584400000,129.43,130.63,128.8,130.33,77299.21
1725588000000,130.33,131.51,129.98,131.24,98247.636
1725591600000,131.24,131.56,130.7,130.7,47229.836
1725595200000,130.71,131.18,130.37,130.43,32831.979
1725598800000,130.43,130.66,129.52,130.22,61236.651
1725602400000,130.23,130.43,129.71,130.24,56723.401
1725606000000,130.24,130.28,127.41,128.09,202168.474
1725609600000,128.08,129.18,128.02,128.53,90162.93
1725613200000,128.54,129.62,128.31,129.37,80539.207
1725616800000,129.36,131.07,129.35,130.46,137522.63
1725620400000,130.46,130.68,129.8,130.24,86927.667
1725624000000,130.25,134.1,129.6,133.55,467179.555
1725627600000,133.54,134.29,130.63,130.84,323066.65
1725631200000,130.84,130.86,128.42,129.16,392433.834
1725634800000,129.16,130.03,126.86,128.09,358013.661
1725638400000,128.08,128.33,125.42,126.49,307068.302
1725642000000,126.49,127.93,125.38,126.74,250229.852
1725645600000,126.75,126.92,124.77,124.81,335562.23
1725649200000,124.81,126.25,123.81,125.14,457895.779
1725652800000,125.14,126.0,120.88,121.26,798755.661
1725656400000,121.26,124.79,120.0,124.74,561374.691
1725660000000,124.73,125.4,123.97,124.72,113389.767
1725663600000,124.72,125.32,124.57,125.05,79857.748
1725667200000,125.05,125.74,124.81,124.92,108431.373
1725670800000,124.93,125.21,124.13,124.55,71285.737
1725674400000,124.55,125.41,124.36,125.11,51720.038
1725678000000,125.12,125.48,125.03,125.17,36153.714
1725681600000,125.16,126.24,125.09,126.2,58114.426
1725685200000,126.2,127.24,126.05,126.89,265140.562
1725688800000,126.89,127.52,126.77,127.42,93118.854
1725692400000,127.41,128.5,127.1,127.62,164727.894
1725696000000,127.62,127.8,126.8,127.47,71226.212
1725699600000,127.46,127.67,126.76,127.14,43607.804
1725703200000,127.13,127.54,126.87,126.88,105874.53
1725706800000,126.88,127.44,126.68,126.99,57218.065
1725710400000,127.0,127.77,126.99,127.37,48950.842
1725714000000,127.38,127.78,126.88,127.09,77461.156
1725717600000,127.09,127.95,126.96,127.94,55174.508
1725721200000,127.95,129.5,127.89,128.84,181241.627
1725724800000,128.84,129.18,127.42,127.51,134899.605
1725728400000,127.51,127.96,126.62,126.83,81128.297
1725732000000,126.82,127.91,126.26,127.62,159613.81
1725735600000,127.61,128.86,127.49,128.31,62601.367
1725739200000,128.33,128.43,127.29,127.29,39027.167
1725742800000,127.3,127.87,126.68,126.89,51862.925
1725746400000,126.9,127.29,126.56,126.81,47532.732
1725750000000,126.81,127.86,126.44,127.71,45483.72
1725753600000,127.72,127.93,126.9,127.55,57233.036
1725757200000,127.56,128.29,127.49,127.9,43394.795
1725760800000,127.89,128.49,127.87,128.2,46410.992
1725764400000,128.21,128.51,127.83,128.28,31859.949
1725768000000,128.28,128.74,128.06,128.49,33319.936
1725771600000,128.49,128.49,127.86,127.88,49290.61
1725775200000,127.88,128.52,127.85,128.32,37970.323
1725778800000,128.33,130.13,128.31,129.59,158500.849
1725782400000,129.6,129.91,129.2,129.82,79193.002
1725786000000,129.83,130.97,129.63,129.64,111995.367
1725789600000,129.65,130.75,129.63,130.68,119025.04
1725793200000,130.68,130.95,130.0,130.08,91607.133
1725796800000,130.08,130.27,128.66,128.77,116929.315
1725800400000,128.76,129.08,128.33,128.99,67330.872
1725804000000,128.98,129.16,127.62,127.66,114455.341
1725807600000,127.65,127.98,126.61,126.74,169619.654
1725811200000,126.75,128.36,126.63,127.75,92885.746
1725814800000,127.75,129.32,127.72,129.22,72930.115
1725818400000,129.23,129.36,128.64,128.81,58603.889
1725822000000,128.81,129.09,128.41,128.71,26948.55
1725825600000,128.71,128.92,128.34,128.81,35814.733
1725829200000,128.82,129.9,128.81,129.19,67209.321
1725832800000,129.18,131.7,128.74,129.4,228708.848
1725836400000,129.4,130.29,129.18,130.15,60682.45
1725840000000,130.15,131.02,129.09,130.12,122430.53
1725843600000,130.12,130.84,129.22,129.83,106090.786
1725847200000,129.83,129.94,128.35,129.33,90577.398
1725850800000,129.34,129.37,127.93,128.59,79494.901
1725854400000,128.59,128.83,127.9,128.31,52535.438
1725858000000,128.31,128.54,127.51,127.81,69193.852
1725861600000,127.81,128.75,127.69,128.64,57487.483
1725865200000,128.65,129.4,128.22,129.31,74459.475
1725868800000,129.3,130.23,129.22,129.97,96322.191
1725872400000,129.98,131.0,129.29,129.47,164268.439
1725876000000,129.47,130.37,129.19,129.91,123385.699
1725879600000,129.9,129.96,129.28,129.44,48713.7
1725883200000,129.44,129.52,128.53,129.3,83779.63
1725886800000,129.29,130.21,128.7,129.74,166313.427
1725890400000,129.74,130.08,126.96,127.18,292041.959
1725894000000,127.17,128.66,127.1,128.41,144582.71
1725897600000,128.4,133.25,128.26,132.65,538712.511
1725901200000,132.66,133.85,132.45,132.89,322517.095
1725904800000,132.9,133.49,132.18,133.22,209374.278
1725908400000,133.22,135.0,133.05,134.98,175762.554
1725912000000,134.98,135.3,133.72,134.69,130686.512
1725915600000,134.69,137.09,134.48,135.12,311026.17
1725919200000,135.11,135.66,133.88,134.45,108286.092
1725922800000,134.46,135.28,134.06,135.08,96914.048
1725926400000,135.07,135.2,133.44,134.04,151549.226
1725930000000,134.03,134.23,132.93,133.38,81567.909
1725933600000,133.38,133.59,132.84,133.37,43154.02
1725937200000,133.37,133.52,132.79,132.91,35930.786
1725940800000,132.91,133.5,132.5,132.98,45597.454
1725944400000,132.98,134.58,132.88,134.57,69328.955
1725948000000,134.57,134.58,133.74,133.89,48564.165
1725951600000,133.9,135.29,133.7,134.96,98836.785
1725955200000,134.96,135.48,134.4,134.65,101379.403
1725958800000,134.66,135.0,134.23,134.55,56545.859
1725962400000,134.56,135.15,134.02,134.94,88587.967
1725966000000,134.95,135.38,134.58,135.23,60252.452
1725969600000,135.23,135.58,134.32,134.45,77595.853
1725973200000,134.46,134.52,133.37,134.04,130958.634
1725976800000,134.04,136.07,133.7,135.15,211022.807
1725980400000,135.16,136.4,134.13,134.14,141723.038
1725984000000,134.14,134.92,133.77,134.5,85237.553
1725987600000,134.49,136.55,134.37,135.75,149803.552
1725991200000,135.76,138.0,135.76,136.74,231400.666
1725994800000,136.74,137.01,135.81,136.65,133162.031
1725998400000,136.65,136.79,135.67,135.67,64408.974
1726002000000,135.67,136.18,135.14,135.39,87531.306
1726005600000,135.4,136.09,135.16,135.98,60784.301
1726009200000,135.98,136.09,135.37,135.63,50247.524
1726012800000,135.64,135.91,135.07,135.56,62810.847
1726016400000,135.56,135.58,133.28,133.43,205999.786
1726020000000,133.42,134.5,133.37,134.0,102364.676
1726023600000,133.99,134.13,133.33,133.65,80865.394
1726027200000,133.64,133.64,131.61,132.26,162656.373
1726030800000,132.27,132.31,131.27,131.39,129518.586
1726034400000,131.39,132.27,131.07,131.64,156470.088
1726038000000,131.65,132.6,131.56,132.45,94913.734
1726041600000,132.44,132.45,130.92,131.32,94610.698
1726045200000,131.32,131.78,131.15,131.52,58295.381
1726048800000,131.52,131.53,130.36,130.95,72949.637
1726052400000,130.95,132.24,130.95,132.0,103279.932
1726056000000,131.99,132.7,130.7,131.99,180366.088
1726059600000,131.98,133.33,129.33,129.61,301283.935
1726063200000,129.61,130.1,128.2,129.78,252858.58
1726066800000,129.78,132.35,129.11,131.17,255748.706
1726070400000,131.17,132.44,131.05,131.98,170320.858
1726074000000,131.99,133.47,131.91,133.09,225103.992
1726077600000,133.08,133.57,131.86,132.26,146216.496
1726081200000,132.26,132.93,131.66,132.7,79154.187
1726084800000,132.7,133.11,132.33,132.62,47161.442
1726088400000,132.62,132.88,131.99,132.36,50121.797
1726092000000,132.36,132.6,132.14,132.58,47980.817
1726095600000,132.58,132.82,132.21,132.42,58331.388
1726099200000,132.43,134.21,132.38,133.6,156150.334
1726102800000,133.6,134.94,133.6,134.78,91754.639
1726106400000,134.77,135.98,134.53,135.41,189789.618
1726110000000,135.41,136.0,135.06,135.62,77239.493
1726113600000,135.61,136.25,135.08,135.21,68594.782
1726117200000,135.22,135.5,134.46,134.9,101712.108
1726120800000,134.9,135.43,134.31,134.6,59554.404
1726124400000,134.6,135.28,134.45,134.9,56421.824
1726128000000,134.9,135.39,134.75,134.93,80729.204
1726131600000,134.93,135.08,134.4,134.44,51292.689
1726135200000,134.44,134.84,134.21,134.32,52725.789
1726138800000,134.32,135.07,134.25,134.79,51333.819
1726142400000,134.8,135.21,134.06,134.15,113811.396
1726146000000,134.15,135.12,133.91,134.51,121618.236
1726149600000,134.51,136.78,134.29,134.33,204309.782
1726153200000,134.32,135.52,133.42,133.56,138033.329
1726156800000,133.55,134.85,133.48,134.73,101841.969
1726160400000,134.74,135.65,134.43,135.29,107121.049
1726164000000,135.29,135.75,134.6,135.13,133015.924
1726167600000,135.12,135.76,134.99,135.74,62886.998
1726171200000,135.74,136.2,135.07,135.86,81483.11
1726174800000,135.85,136.42,135.23,135.51,84190.224
1726178400000,135.5,136.72,135.47,136.36,52689.453
1726182000000,136.37,136.45,136.0,136.05,35059.136
1726185600000,136.06,136.21,135.41,135.5,49057.346
1726189200000,135.5,135.63,134.36,134.84,90855.872
1726192800000,134.84,135.0,134.44,134.68,30648.903
1726196400000,134.68,134.96,134.35,134.44,34624.743
1726200000000,134.45,134.79,134.14,134.28,28299.116
1726203600000,134.29,134.85,134.27,134.68,25036.338
1726207200000,134.68,134.7,133.77,133.79,41944.411
1726210800000,133.79,134.63,133.73,134.58,106900.729
1726214400000,134.59,134.67,133.8,133.86,48147.63
1726218000000,133.86,134.4,133.6,133.61,56616.774
1726221600000,133.61,134.35,133.18,134.15,100996.158
1726225200000,134.14,134.26,132.5,132.58,135929.459
1726228800000,132.59,132.83,131.7,132.46,163064.427
1726232400000,132.45,132.83,131.82,132.67,101355.285
1726236000000,132.68,133.87,132.01,133.84,150946.206
1726239600000,133.84,136.69,133.73,136.59,413922.531
1726243200000,136.58,137.52,135.96,136.44,272115.457
1726246800000,136.44,137.6,136.44,136.69,150204.536
1726250400000,136.69,138.2,136.54,137.75,177895.248
1726254000000,137.74,138.21,137.51,138.04,93319.75
1726257600000,138.05,138.84,137.92,138.19,96606.718
1726261200000,138.2,139.67,138.19,138.81,138718.768
1726264800000,138.81,139.8,138.81,139.37,127906.843
1726268400000,139.38,139.44,138.38,139.02,79418.777
1726272000000,139.02,139.36,138.49,138.56,68984.154
1726275600000,138.56,139.56,138.52,139.19,81818.179
1726279200000,139.19,139.62,138.91,138.94,48630.44
1726282800000,138.94,139.8,138.93,139.43,51113.409
1726286400000,139.43,139.55,139.06,139.1,46516.114
1726290000000,139.1,139.31,137.86,137.98,73332.643
1726293600000,137.98,138.3,137.49,137.94,129779.701
1726297200000,137.95,137.95,137.39,137.51,60116.558
1726300800000,137.51,137.57,136.64,136.99,58774.816
1726304400000,137.0,137.51,136.87,137.51,53314.17
1726308000000,137.51,137.51,136.82,137.13,55363.51
1726311600000,137.13,137.13,136.51,136.79,73842.95
1726315200000,136.8,137.34,136.57,137.06,47756.526
1726318800000,137.05,137.2,136.62,137.12,55091.174
1726322400000,137.13,138.16,136.86,137.87,77268.269
1726326000000,137.88,137.91,137.09,137.39,38717.211
1726329600000,137.39,137.87,137.2,137.4,42703.239
1726333200000,137.41,137.41,136.85,136.93,31315.479
1726336800000,136.93,137.1,135.6,136.94,144705.898
1726340400000,136.94,136.94,136.46,136.58,34482.253
1726344000000,136.58,137.3,136.58,137.02,53596.442
1726347600000,137.01,137.29,136.88,136.99,26695.024
1726351200000,136.99,137.34,136.8,137.16,27983.942
1726354800000,137.15,137.35,136.95,137.14,14931.197
1726358400000,137.15,137.74,137.06,137.46,31308.76
1726362000000,137.47,137.89,137.22,137.86,36917.539
1726365600000,137.87,137.95,137.38,137.73,32490.393
1726369200000,137.74,137.83,137.44,137.45,33706.096
1726372800000,137.45,137.58,136.96,137.0,35283.652
1726376400000,137.01,137.32,136.82,137.09,39838.315
1726380000000,137.09,137.47,137.09,137.41,24485.107
1726383600000,137.41,137.43,136.92,137.16,31601.87
1726387200000,137.16,137.19,136.6,136.75,32360.938
1726390800000,136.75,136.87,136.36,136.47,25272.855
1726394400000,136.46,136.56,135.87,135.95,62365.039
1726398000000,135.95,135.95,135.12,135.61,110674.186
1726401600000,135.6,135.96,135.11,135.96,65189.533
1726405200000,135.96,136.4,135.51,135.76,119014.677
1726408800000,135.75,135.99,134.63,135.77,90060.75
1726412400000,135.76,135.97,135.31,135.76,65017.185
1726416000000,135.77,135.82,133.31,133.83,159753.273
1726419600000,133.82,134.18,132.93,133.37,224882.894
1726423200000,133.37,134.4,133.25,133.7,112437.835
1726426800000,133.69,134.18,133.41,133.46,68380.689
1726430400000,133.45,133.5,132.81,133.14,77290.465
1726434000000,133.15,133.15,131.74,132.12,115044.205
1726437600000,132.13,132.16,131.2,131.88,87282.921
1726441200000,131.88,132.31,130.43,131.37,169797.563
1726444800000,131.38,131.85,130.91,131.05,102166.834
1726448400000,131.04,131.09,129.73,130.17,160330.862
1726452000000,130.17,130.51,129.25,129.67,122957.022
1726455600000,129.68,130.7,129.57,130.62,65900.073
1726459200000,130.63,131.03,130.55,130.63,62054.303
1726462800000,130.63,131.36,130.6,131.29,66024.32
1726466400000,131.29,131.42,130.4,130.64,51912.37
1726470000000,130.63,131.39,130.48,131.25,52910.144
1726473600000,131.26,132.4,131.09,131.71,75014.065
1726477200000,131.71,132.3,130.82,130.9,71149.831
1726480800000,130.89,132.29,130.69,132.03,86159.823
1726484400000,132.02,132.21,131.72,131.89,42052.451
1726488000000,131.88,132.32,131.47,131.72,60242.015
1726491600000,131.71,132.25,131.12,132.25,110155.261
1726495200000,132.24,132.38,129.96,130.4,147263.075
1726498800000,130.4,131.97,130.29,131.46,151304.324
1726502400000,131.47,131.73,130.44,130.51,75226.204
1726506000000,130.5,131.79,128.91,131.46,247060.137
1726509600000,131.45,131.59,130.0,130.54,93521.891
1726513200000,130.54,131.33,130.21,131.13,71095.009
1726516800000,131.13,131.59,130.11,130.12,63586.129
1726520400000,130.13,131.5,129.95,131.48,70747.998
1726524000000,131.48,131.5,130.44,130.72,43715.858
1726527600000,130.71,131.92,130.71,131.47,43838.306
1726531200000,131.47,131.96,130.67,130.68,52660.101
1726534800000,130.69,131.22,130.34,130.56,62148.292
1726538400000,130.56,131.5,130.12,130.8,59020.413
1726542000000,130.8,131.44,130.72,131.12,48467.665
1726545600000,131.12,131.49,130.73,131.27,42520.092
1726549200000,131.28,132.85,131.28,132.57,75998.804
1726552800000,132.58,132.72,131.96,132.01,38763.825
1726556400000,132.0,132.43,131.87,132.25,45509.368
1726560000000,132.25,132.8,132.25,132.46,56275.993
1726563600000,132.46,132.84,131.75,132.49,63935.003
1726567200000,132.49,133.35,132.16,132.73,93875.102
1726570800000,132.72,133.09,131.79,131.95,115969.839
1726574400000,131.96,132.5,131.47,132.39,99640.666
1726578000000,132.39,132.69,130.91,131.14,78476.224
1726581600000,131.14,134.9,131.0,133.51,308621.585
1726585200000,133.52,135.55,133.44,134.67,296301.515
1726588800000,134.66,134.94,132.0,132.39,242331.381
1726592400000,132.39,133.72,132.19,133.15,141789.105
1726596000000,133.14,133.48,132.0,132.45,99302.916
1726599600000,132.44,132.81,131.0,132.23,120086.591
1726603200000,132.22,132.65,131.74,131.97,79544.057
1726606800000,131.97,132.72,131.94,132.53,28154.133
1726610400000,132.52,132.52,131.69,131.71,41491.006
1726614000000,131.71,131.71,131.2,131.54,48962.235
1726617600000,131.54,131.65,130.22,131.31,109758.619
1726621200000,131.3,131.63,130.67,130.9,43612.037
1726624800000,130.9,131.7,130.78,131.7,32497.198
1726628400000,131.69,132.15,131.64,131.68,69883.339
1726632000000,131.69,131.84,130.6,131.08,99490.497
1726635600000,131.08,131.19,130.61,130.97,42509.567
1726639200000,130.97,131.35,130.77,131.28,56544.395
1726642800000,131.28,131.53,131.14,131.35,47959.541
1726646400000,131.34,131.35,130.6,130.77,51168.847
1726650000000,130.77,130.82,129.12,129.18,124193.214
1726653600000,129.17,129.56,128.08,129.42,217140.636
1726657200000,129.43,129.87,129.12,129.42,64456.512
1726660800000,129.41,130.06,128.8,129.97,107186.555
1726664400000,129.97,130.35,128.01,128.69,123495.688
1726668000000,128.68,128.93,127.74,128.03,131900.789
1726671600000,128.02,128.53,127.07,127.67,279503.509
1726675200000,127.66,129.0,127.24,128.93,99990.703
1726678800000,128.92,129.76,127.84,129.2,114273.939
1726682400000,129.2,133.08,128.86,131.33,759902.105
1726686000000,131.33,131.38,128.86,129.49,292067.46
1726689600000,129.48,130.89,128.47,130.78,123009.525
1726693200000,130.78,131.72,130.58,131.16,98630.581
1726696800000,131.16,131.7,130.6,131.44,62609.931
1726700400000,131.43,134.45,131.43,134.34,158002.071
1726704000000,134.34,136.5,134.27,135.77,345322.841
1726707600000,135.77,136.07,134.71,135.44,191138.616
1726711200000,135.44,137.31,135.01,137.18,169174.858
1726714800000,137.18,138.67,137.18,138.01,293719.021
1726718400000,138.01,139.11,137.77,138.88,150300.361
1726722000000,138.87,139.1,138.17,138.34,179054.069
1726725600000,138.33,138.97,137.6,138.47,129765.669
1726729200000,138.47,138.97,138.01,138.56,105359.865
1726732800000,138.56,138.99,138.39,138.44,78297.161
1726736400000,138.43,139.2,138.27,138.64,93293.154
1726740000000,138.65,139.49,138.45,138.59,168339.341
1726743600000,138.58,139.63,138.55,139.48,82309.67
1726747200000,139.47,140.9,139.43,140.58,251853.878
1726750800000,140.58,141.75,140.07,140.48,273245.228
1726754400000,140.49,141.96,140.26,140.86,220652.238
1726758000000,140.86,143.0,140.71,142.96,183314.635
1726761600000,142.96,143.95,142.46,143.21,280175.302
1726765200000,143.21,143.78,142.59,143.14,168704.115
1726768800000,143.13,143.85,143.06,143.72,101626.94
1726772400000,143.72,144.04,142.94,143.04,124512.222
1726776000000,143.04,143.82,143.03,143.65,96523.691
1726779600000,143.65,143.73,141.68,141.69,144633.986
1726783200000,141.69,142.81,140.9,142.42,205676.701
1726786800000,142.43,142.93,142.13,142.89,93441.788
1726790400000,142.88,143.41,141.74,141.77,123193.475
1726794000000,141.76,142.55,141.18,142.13,99395.195
1726797600000,142.14,142.54,141.3,142.47,61807.823
1726801200000,142.47,144.7,142.34,144.66,134785.604
1726804800000,144.65,148.78,144.45,148.16,456997.494
1726808400000,148.16,149.62,147.33,148.42,247120.521
1726812000000,148.41,152.5,147.78,151.43,358645.933
1726815600000,151.43,151.51,149.2,151.04,321028.676
1726819200000,151.05,151.8,150.0,150.8,274031.117
1726822800000,150.79,151.75,150.49,150.96,110163.388
1726826400000,150.96,151.64,150.22,151.59,129681.473
1726830000000,151.59,151.63,150.12,150.58,126973.489
1726833600000,150.57,151.15,150.23,150.4,114816.683
1726837200000,150.41,150.62,146.56,147.23,514965.776
1726840800000,147.23,149.33,145.92,147.8,351696.238
1726844400000,147.81,148.78,146.61,147.88,197950.322
1726848000000,147.88,148.42,147.16,147.66,125771.807
1726851600000,147.66,148.0,145.67,145.85,126496.625
1726855200000,145.84,146.37,144.81,146.22,200622.447
1726858800000,146.23,147.35,145.92,146.67,118198.525
1726862400000,146.67,147.27,146.32,146.64,63223.001
1726866000000,146.64,147.98,146.6,147.24,104728.973
1726869600000,147.24,147.71,146.81,147.13,47947.403
1726873200000,147.14,147.14,146.14,146.66,77858.627
1726876800000,146.67,148.0,145.65,147.17,145511.234
1726880400000,147.17,147.38,145.29,145.35,106053.195
1726884000000,145.35,145.9,144.95,145.57,63298.962
1726887600000,145.58,146.6,145.36,145.97,48859.931
1726891200000,145.96,146.2,144.61,145.37,110208.398
1726894800000,145.37,146.07,145.15,145.93,55530.649
1726898400000,145.93,147.22,145.72,146.8,87705.056
1726902000000,146.8,147.75,146.68,147.45,61022.187
1726905600000,147.44,147.93,146.96,147.09,67354.759
1726909200000,147.09,147.72,147.0,147.5,54337.247
1726912800000,147.5,147.53,146.44,146.82,51961.062
1726916400000,146.82,147.32,146.71,147.21,40736.728
1726920000000,147.2,147.47,146.71,147.44,38364.862
1726923600000,147.44,148.62,146.98,148.5,91336.695
1726927200000,148.5,150.25,148.24,149.03,219408.117
1726930800000,149.04,149.07,147.42,147.64,87629.865
1726934400000,147.63,148.14,147.17,147.85,50977.775
1726938000000,147.85,148.51,147.53,148.09,57504.233
1726941600000,148.1,148.79,147.72,147.77,218077.717
1726945200000,147.77,148.16,147.25,147.38,58784.39
1726948800000,147.38,147.81,147.21,147.59,21368.356
1726952400000,147.59,148.16,147.37,147.8,35521.365
1726956000000,147.8,148.55,147.78,148.55,38586.654
1726959600000,148.55,149.89,148.28,149.41,106593.779
1726963200000,149.42,149.92,148.18,148.84,92385.273
1726966800000,148.84,148.95,147.73,147.88,47065.963
1726970400000,147.88,148.07,147.12,147.67,84861.188
1726974000000,147.67,148.26,147.47,148.09,43290.007
1726977600000,148.08,148.98,148.05,148.41,45465.776
1726981200000,148.41,148.5,147.16,147.23,51117.904
1726984800000,147.23,147.58,146.37,146.55,72322.459
1726988400000,146.55,147.38,146.43,147.17,64529.82
1726992000000,147.16,147.57,146.87,147.31,42574.73
1726995600000,147.31,147.32,145.0,145.0,158916.122
1726999200000,145.01,145.53,144.35,145.05,108182.631
1727002800000,145.05,145.13,144.12,144.87,95828.581
1727006400000,144.86,145.18,144.44,144.83,56760.505
1727010000000,144.83,144.97,143.27,143.62,116510.365
1727013600000,143.61,144.12,142.63,143.35,120080.135
1727017200000,143.35,143.86,143.06,143.13,56380.524
1727020800000,143.12,143.86,142.41,143.58,102994.949
1727024400000,143.58,145.45,143.52,145.03,112778.026
1727028000000,145.03,145.07,143.74,144.19,57981.434
1727031600000,144.2,144.89,143.23,144.68,49201.193
1727035200000,144.66,145.2,144.32,144.44,63810.861
1727038800000,144.45,144.96,141.71,141.9,114405.931
1727042400000,141.89,145.74,141.12,145.48,309068.95
1727046000000,145.47,145.78,144.21,144.63,99449.561
1727049600000,144.64,146.47,142.13,145.59,227302.574
1727053200000,145.6,147.5,145.36,146.69,160961.006
1727056800000,146.68,147.0,145.88,146.74,91316.131
1727060400000,146.75,149.07,146.61,147.73,266893.573
1727064000000,147.73,148.22,146.55,147.01,120167.377
1727067600000,147.01,147.2,146.09,146.69,74617.875
1727071200000,146.69,147.36,146.44,146.96,58664.642
1727074800000,146.96,147.08,145.17,145.52,146204.317
1727078400000,145.52,145.65,143.41,143.72,191679.578
1727082000000,143.71,145.05,143.61,144.74,144196.878
1727085600000,144.74,144.86,143.46,143.91,120356.626
1727089200000,143.9,144.03,143.07,143.57,133518.527
1727092800000,143.56,143.66,142.65,143.14,141004.818
1727096400000,143.14,143.81,142.59,143.11,127149.83
1727100000000,143.1,145.5,142.69,143.75,293925.998
1727103600000,143.74,144.99,142.73,144.21,152010.032
1727107200000,144.2,145.03,143.02,143.17,149565.713
1727110800000,143.17,143.72,142.76,143.51,97669.835
1727114400000,143.5,144.32,143.4,143.92,90743.952
1727118000000,143.91,144.2,143.18,143.31,72071.986
1727121600000,143.31,143.71,143.06,143.39,61252.465
1727125200000,143.4,144.33,142.42,144.11,167344.393
1727128800000,144.12,144.5,143.68,144.4,62777.964
1727132400000,144.39,145.2,144.02,144.79,74977.683
1727136000000,144.79,145.2,143.09,143.95,163774.165
1727139600000,143.96,145.2,143.16,144.37,119411.955
1727143200000,144.36,146.76,143.34,146.66,199914.393
1727146800000,146.66,146.9,145.8,146.63,128712.452
1727150400000,146.64,146.91,145.35,145.53,104310.117
1727154000000,145.53,146.55,145.46,146.24,97987.595
1727157600000,146.23,146.73,145.77,146.26,74289.936
1727161200000,146.26,147.35,146.09,147.19,96979.953
1727164800000,147.19,148.76,147.05,148.3,258091.881
1727168400000,148.3,148.51,146.44,146.53,125657.864
1727172000000,146.53,147.14,146.29,146.66,98767.492
1727175600000,146.67,146.76,145.95,146.46,82347.256
1727179200000,146.46,147.86,146.46,147.35,127437.004
1727182800000,147.35,148.53,146.94,147.46,174310.608
1727186400000,147.46,147.46,144.16,145.74,445270.583
1727190000000,145.74,146.21,144.94,145.52,146729.826
1727193600000,145.53,146.68,145.34,146.47,162287.555
1727197200000,146.46,148.47,146.3,147.39,219466.169
1727200800000,147.39,147.87,146.53,147.1,115367.525
1727204400000,147.09,148.44,146.7,148.24,88912.948
1727208000000,148.23,149.43,147.99,148.45,259961.154
1727211600000,148.44,148.94,148.09,148.74,88840.36
1727215200000,148.75,154.0,148.75,153.35,420076.35
1727218800000,153.34,153.81,152.4,152.73,216597.79
1727222400000,152.74,153.8,151.63,151.97,243592.638
1727226000000,151.97,153.93,151.79,152.5,198831.641
1727229600000,152.5,152.71,151.52,151.6,132732.331
1727233200000,151.61,152.47,151.03,152.0,109124.93
1727236800000,152.0,152.25,150.65,150.69,77554.664
1727240400000,150.7,151.32,149.94,150.29,140026.914
1727244000000,150.28,150.53,149.51,149.83,146284.897
1727247600000,149.83,150.06,148.97,149.77,112089.603
1727251200000,149.77,150.42,149.68,150.33,70709.392
1727254800000,150.32,150.65,149.81,149.85,70819.414
1727258400000,149.85,150.42,149.43,150.04,113115.849
1727262000000,150.04,151.01,149.93,150.98,66800.77
1727265600000,150.98,151.04,149.78,149.95,63204.106
1727269200000,149.94,150.95,149.71,150.8,100999.629
1727272800000,150.8,151.95,150.65,151.8,109110.997
1727276400000,151.8,153.0,150.27,150.42,207878.963
1727280000000,150.42,151.97,150.25,151.51,121252.384
1727283600000,151.5,151.77,148.84,149.45,187276.959
1727287200000,149.46,150.59,149.28,150.55,81527.305
1727290800000,150.56,151.2,149.89,149.99,75142.895
1727294400000,149.98,150.88,149.98,150.36,54757.72
1727298000000,150.36,150.42,149.43,149.56,40361.601
1727301600000,149.56,149.72,148.47,149.17,75892.017
1727305200000,149.17,149.23,147.28,147.98,129165.727
1727308800000,147.97,148.7,146.57,147.26,135337.101
1727312400000,147.26,148.44,146.98,148.42,121358.104
1727316000000,148.42,149.33,148.21,149.26,83777.084
1727319600000,149.26,149.73,148.75,149.22,100112.984
1727323200000,149.23,149.47,148.7,149.04,52082.041
1727326800000,149.04,150.31,148.88,150.02,109405.492
1727330400000,150.02,151.3,149.89,150.62,104273.771
1727334000000,150.62,151.86,150.57,151.81,102863.733
1727337600000,151.82,152.0,150.82,150.94,130411.825
1727341200000,150.94,151.5,150.46,150.74,119266.039
1727344800000,150.74,153.0,150.68,152.78,200408.996
1727348400000,152.77,153.18,152.13,152.91,181360.362
1727352000000,152.92,153.67,152.16,152.28,164562.265
1727355600000,152.28,152.7,151.09,152.09,163552.765
1727359200000,152.1,155.8,152.05,153.36,605792.989
1727362800000,153.37,158.05,152.83,157.11,689505.944
1727366400000,157.12,158.04,156.53,156.62,312604.423
1727370000000,156.62,157.81,155.55,155.56,240796.908
1727373600000,155.56,156.79,155.35,156.71,127099.714
1727377200000,156.72,156.74,155.51,155.51,78716.68
1727380800000,155.51,156.04,154.39,154.58,136775.016
1727384400000,154.59,156.07,154.43,155.47,92478.938
1727388000000,155.46,156.41,155.36,156.34,77300.276
1727391600000,156.34,156.34,153.85,155.55,121377.313
1727395200000,155.54,156.42,154.81,156.22,97941.568
1727398800000,156.23,156.24,154.26,154.9,133535.587
1727402400000,154.9,155.28,153.89,154.26,98127.073
1727406000000,154.26,155.8,153.98,155.72,83521.819
1727409600000,155.72,157.26,155.63,156.87,136761.591
1727413200000,156.87,157.48,156.16,157.31,96900.245
1727416800000,157.32,158.89,157.28,157.62,266741.294
1727420400000,157.62,158.25,156.86,157.47,133534.761
1727424000000,157.48,159.0,157.37,158.29,203505.702
1727427600000,158.28,159.23,157.71,157.84,150853.32
1727431200000,157.84,158.0,155.94,155.97,147728.882
1727434800000,155.98,156.69,155.73,156.08,99416.228
1727438400000,156.07,157.57,155.21,157.24,202632.112
1727442000000,157.23,157.35,155.64,157.0,157777.508
1727445600000,157.0,160.98,156.64,159.92,616240.664
1727449200000,159.92,161.43,158.97,159.03,337385.764
1727452800000,159.03,159.66,158.02,159.35,201325.003
1727456400000,159.36,159.41,157.02,157.88,225051.776
1727460000000,157.87,158.48,157.1,158.45,69981.69
1727463600000,158.44,158.76,157.2,157.59,95460.849
1727467200000,157.59,158.59,157.31,157.98,53238.397
1727470800000,157.97,158.32,157.5,157.65,47776.067
1727474400000,157.66,158.29,157.41,158.06,35032.633
1727478000000,158.05,158.25,157.41,157.64,35190.465
1727481600000,157.63,158.28,157.59,158.17,51354.992
1727485200000,158.16,158.56,157.75,158.53,48812.158
1727488800000,158.53,159.43,158.08,158.62,91687.361
1727492400000,158.62,159.17,158.16,158.65,62784.524
1727496000000,158.65,158.88,158.19,158.36,49248.044
1727499600000,158.35,158.54,157.6,157.63,55715.007
1727503200000,157.64,157.83,156.15,156.36,145793.816
1727506800000,156.36,156.88,156.23,156.39,99160.951
1727510400000,156.39,156.48,155.27,155.39,130511.193
1727514000000,155.38,156.87,155.0,156.87,166127.521
1727517600000,156.86,157.57,156.52,157.47,69470.066
1727521200000,157.46,157.58,156.72,157.17,55300.228
1727524800000,157.18,157.27,156.37,157.06,71796.843
1727528400000,157.05,157.21,156.2,156.97,70936.632
1727532000000,156.97,158.01,156.97,157.95,84777.865
1727535600000,157.94,157.98,156.8,156.87,54107.859
1727539200000,156.87,157.13,156.41,156.65,58748.652
1727542800000,156.64,157.45,156.56,156.78,42504.43
1727546400000,156.78,157.25,156.62,156.64,28265.638
1727550000000,156.64,157.03,156.58,156.88,19871.882
1727553600000,156.87,157.07,156.43,156.51,18905.688
1727557200000,156.52,156.71,155.63,156.65,45760.629
1727560800000,156.66,156.94,156.2,156.72,32329.655
1727564400000,156.71,156.95,156.21,156.75,26862.707
1727568000000,156.75,157.67,156.23,156.78,58445.806
1727571600000,156.78,158.02,156.67,157.94,88540.015
1727575200000,157.94,158.53,157.63,157.67,95424.276
1727578800000,157.68,157.92,157.12,157.83,46871.829
1727582400000,157.83,157.96,156.8,157.26,46471.186
1727586000000,157.25,158.2,156.21,156.22,213367.452
1727589600000,156.22,156.56,155.2,155.47,157328.557
1727593200000,155.46,155.95,155.12,155.48,76904.458
1727596800000,155.48,156.18,155.09,155.95,73110.637
1727600400000,155.95,156.65,155.91,156.1,44595.679
1727604000000,156.1,156.34,155.17,156.17,58207.994
1727607600000,156.16,156.87,156.07,156.75,52870.946
1727611200000,156.76,157.28,156.11,156.2,63296.758
1727614800000,156.21,158.0,155.54,157.34,121227.542
1727618400000,157.35,157.51,156.72,156.89,62249.892
1727622000000,156.88,157.53,156.12,157.28,110213.236
1727625600000,157.27,157.48,156.67,157.41,57999.926
1727629200000,157.4,158.16,157.34,157.7,93545.112
1727632800000,157.71,158.29,157.59,157.97,56717.186
1727636400000,157.98,159.66,157.97,159.42,109586.536
1727640000000,159.43,160.79,159.08,160.24,292428.423
1727643600000,160.23,161.78,159.7,160.07,162706.264
1727647200000,160.07,160.85,158.98,159.02,114110.74
1727650800000,159.03,159.25,157.89,158.46,94438.026
1727654400000,158.47,159.06,156.56,158.71,161641.284
1727658000000,158.72,159.77,157.04,157.25,162059.651
1727661600000,157.25,157.78,155.97,156.0,268091.558
1727665200000,156.0,156.92,155.24,156.19,230441.654
1727668800000,156.19,156.19,155.2,156.0,72874.526
1727672400000,156.0,156.96,155.75,156.91,101387.989
1727676000000,156.9,157.55,156.49,156.5,181825.129
1727679600000,156.49,157.75,156.44,156.86,66999.379
1727683200000,156.86,156.95,155.96,156.44,111737.232
1727686800000,156.43,156.45,154.41,154.43,159217.142
1727690400000,154.42,154.93,153.74,154.34,222685.979
1727694000000,154.34,155.67,153.91,155.6,131281.066
1727697600000,155.6,156.94,155.31,156.74,97864.033
1727701200000,156.75,157.35,156.47,156.78,112702.938
1727704800000,156.79,157.38,155.74,156.44,159989.374
1727708400000,156.44,156.95,154.01,154.16,142951.184
1727712000000,154.16,155.17,154.01,154.81,97112.474
1727715600000,154.8,155.63,154.25,155.61,82438.093
1727719200000,155.61,155.73,153.96,154.92,128017.608
1727722800000,154.92,155.3,154.34,155.06,63856.447
1727726400000,155.07,156.9,154.91,156.72,88714.163
1727730000000,156.71,156.94,155.72,155.78,64398.63
1727733600000,155.78,156.15,154.38,154.4,78834.643
1727737200000,154.41,154.64,151.73,152.49,253560.03
1727740800000,152.51,154.34,151.48,154.17,140919.65
1727744400000,154.17,154.72,153.95,154.34,89356.295
1727748000000,154.33,154.33,153.0,153.89,67101.64
1727751600000,153.89,155.27,153.77,155.09,75908.637
1727755200000,155.1,155.89,154.81,155.73,63352.693
1727758800000,155.74,155.82,155.04,155.47,56445.476
1727762400000,155.47,157.15,155.44,156.84,153976.449
1727766000000,156.85,156.98,156.18,156.79,56434.317
1727769600000,156.79,156.96,155.93,156.37,113835.537
1727773200000,156.37,157.34,156.2,156.82,99705.071
1727776800000,156.82,157.3,156.52,157.11,71704.532
1727780400000,157.1,157.34,156.39,156.46,69546.969
1727784000000,156.47,156.69,155.78,156.07,74906.695
1727787600000,156.08,156.18,152.4,153.72,262709.927
1727791200000,153.72,154.5,150.5,150.8,344746.959
1727794800000,150.79,151.05,146.12,149.61,827994.255
1727798400000,149.6,149.99,146.52,148.5,297677.997
1727802000000,148.51,148.51,142.55,147.67,801076.459
1727805600000,147.68,149.5,146.72,147.35,263205.526
1727809200000,147.34,147.79,145.23,145.42,163504.809
1727812800000,145.42,145.97,142.29,145.08,551653.483
1727816400000,145.08,146.4,144.23,146.26,125960.737
1727820000000,146.25,146.26,143.82,144.68,123454.3
1727823600000,144.69,145.49,144.12,145.13,96063.006
1727827200000,145.12,145.63,143.42,144.53,181372.933
1727830800000,144.53,146.32,144.31,146.22,153024.208
1727834400000,146.21,147.4,145.71,147.32,133821.29
1727838000000,147.31,148.03,147.07,147.21,86321.607
1727841600000,147.2,147.23,146.49,146.67,58407.567
1727845200000,146.68,147.14,146.22,146.69,58922.374
1727848800000,146.68,148.96,146.35,148.39,150213.284
1727852400000,148.39,148.75,147.64,147.75,126621.086
1727856000000,147.75,148.48,147.1,148.01,92817.99
1727859600000,148.01,148.18,145.67,146.05,155319.93
1727863200000,146.05,147.27,145.69,145.79,145253.327
1727866800000,145.8,146.71,145.18,146.14,100283.48
1727870400000,146.13,146.21,143.65,143.96,152526.721
1727874000000,143.96,146.31,142.74,145.98,255324.943
1727877600000,145.98,146.99,145.14,145.26,154406.699
1727881200000,145.27,147.68,145.18,147.46,189703.308
1727884800000,147.46,148.4,145.95,146.0,141516.586
1727888400000,146.0,146.34,144.78,145.72,105144.445
1727892000000,145.71,145.86,142.06,142.26,199603.734
1727895600000,142.27,142.83,138.61,139.98,639380.47
1727899200000,139.98,141.56,138.61,140.85,233156.678
1727902800000,140.84,141.49,139.74,140.83,95246.4
1727906400000,140.83,141.57,139.36,141.56,115394.432
1727910000000,141.57,141.71,140.17,140.18,93822.627
1727913600000,140.18,141.51,138.68,140.7,324194.553
1727917200000,140.69,142.14,140.62,141.4,160194.374
1727920800000,141.41,142.41,141.06,142.04,86700.306
1727924400000,142.03,142.96,141.69,142.88,79055.112
1727928000000,142.88,142.88,141.81,142.08,60732.922
1727931600000,142.09,142.33,140.98,141.28,50579.603
1727935200000,141.28,142.21,141.02,141.67,65429.814
1727938800000,141.67,142.12,139.82,139.9,105067.087
1727942400000,139.91,140.08,135.8,136.14,369478.861
1727946000000,136.13,137.72,135.25,137.33,243382.51
1727949600000,137.32,138.28,136.72,138.27,183156.629
1727953200000,138.27,138.5,136.8,136.85,115067.328
1727956800000,136.86,136.97,135.33,136.12,205667.606
1727960400000,136.11,137.4,134.4,136.94,305940.022
1727964000000,136.95,138.57,134.63,134.82,342672.803
1727967600000,134.81,136.09,133.11,135.58,278185.117
1727971200000,135.58,136.64,133.64,135.02,160068.498
1727974800000,135.02,136.8,134.05,135.97,117242.263
1727978400000,135.96,136.95,135.13,136.08,82764.56
1727982000000,136.07,137.44,135.41,137.31,95575.67
1727985600000,137.31,137.88,135.98,136.08,95589.652
1727989200000,136.08,137.25,135.24,137.11,58141.414
1727992800000,137.12,137.46,136.37,136.94,77412.151
1727996400000,136.93,137.45,135.92,136.82,80048.99
1728000000000,136.81,137.41,135.95,135.98,75716.683
1728003600000,135.98,138.68,135.95,138.15,141078.567
1728007200000,138.15,138.4,137.24,137.6,93128.526
1728010800000,137.6,137.7,136.77,137.33,51661.102
1728014400000,137.34,138.39,137.28,137.72,58805.275
1728018000000,137.73,139.48,137.57,139.27,107403.55
1728021600000,139.27,139.66,138.35,138.49,103914.912
1728025200000,138.48,139.77,138.26,139.56,93194.401
1728028800000,139.55,141.03,139.22,140.03,311455.241
1728032400000,140.04,140.57,139.58,139.77,91873.554
1728036000000,139.76,140.29,139.17,139.45,52934.782
1728039600000,139.45,140.22,139.41,140.1,54332.731
1728043200000,140.11,142.33,139.21,142.28,261009.732
1728046800000,142.27,142.67,140.41,141.16,315389.135
1728050400000,141.15,141.23,138.05,139.86,331874.596
1728054000000,139.86,142.59,139.84,142.43,248632.531
1728057600000,142.44,144.42,141.86,143.85,245367.156
1728061200000,143.84,144.05,142.54,142.82,119290.459
1728064800000,142.83,143.91,142.33,143.91,77222.216
1728068400000,143.91,144.54,143.53,143.89,83610.175
1728072000000,143.89,143.95,142.83,143.71,54838.11
1728075600000,143.71,144.55,143.31,143.57,60803.346
1728079200000,143.57,143.78,142.61,142.93,53743.169
1728082800000,142.93,143.29,142.6,143.24,32872.004
1728086400000,143.24,144.0,143.1,144.0,44156.411
1728090000000,144.0,144.0,142.84,143.56,162495.787
1728093600000,143.56,143.73,142.3,142.37,83269.004
1728097200000,142.37,142.38,141.71,141.83,77208.936
1728100800000,141.83,142.77,141.56,142.35,58364.656
1728104400000,142.36,143.55,142.3,143.53,51282.49
1728108000000,143.52,144.44,143.09,144.35,82328.828
1728111600000,144.36,144.58,143.76,143.8,58481.376
1728115200000,143.8,144.93,143.71,144.5,86708.097
1728118800000,144.49,144.89,144.41,144.71,46441.409
1728122400000,144.72,144.72,143.9,144.0,40061.621
1728126000000,144.0,144.24,143.3,143.45,52193.191
1728129600000,143.45,144.1,143.37,144.1,52322.633
1728133200000,144.1,144.16,142.73,142.79,56243.516
1728136800000,142.79,143.52,142.5,143.13,65944.588
1728140400000,143.14,143.31,142.56,142.9,30769.145
1728144000000,142.89,143.02,142.14,142.2,70504.715
1728147600000,142.21,142.86,142.12,142.72,50376.002
1728151200000,142.71,142.91,142.08,142.3,39781.831
1728154800000,142.29,142.48,142.01,142.16,47448.413
1728158400000,142.17,142.32,141.06,141.13,94382.77
1728162000000,141.13,142.26,141.13,141.69,48337.569
1728165600000,141.68,142.98,141.65,142.97,48075.601
1728169200000,142.96,142.96,142.32,142.59,28039.227
1728172800000,142.59,142.67,142.0,142.29,40925.977
1728176400000,142.29,143.5,142.12,143.49,46475.991
1728180000000,143.49,143.54,142.89,143.18,34243.651
1728183600000,143.17,143.68,142.62,142.69,44343.128
1728187200000,142.69,143.14,142.09,142.4,28974.269
1728190800000,142.39,142.92,142.15,142.63,24852.17
1728194400000,142.62,143.37,142.55,143.04,27535.733
1728198000000,143.04,143.42,142.79,142.97,28302.111
1728201600000,142.96,143.49,142.63,143.31,36301.391
1728205200000,143.32,144.24,143.29,143.77,70559.626
1728208800000,143.77,144.04,143.35,143.55,36742.708
1728212400000,143.54,144.33,143.41,144.02,60390.814
1728216000000,144.02,144.64,143.95,144.53,52672.516
1728219600000,144.52,144.99,144.38,144.4,72333.02
1728223200000,144.4,146.59,144.09,146.37,135725.227
1728226800000,146.37,146.7,145.2,146.0,113905.724
1728230400000,145.99,146.5,144.89,144.9,134942.47
1728234000000,144.9,145.63,144.89,145.11,54883.281
1728237600000,145.11,145.99,145.1,145.94,39866.513
1728241200000,145.94,146.52,145.25,145.42,91755.222
1728244800000,145.42,145.59,145.17,145.43,33158.815
1728248400000,145.43,145.96,144.31,144.41,54674.406
1728252000000,144.41,145.44,144.41,145.35,40729.632
1728255600000,145.35,146.75,145.34,146.48,104777.005
1728259200000,146.47,149.45,145.88,149.25,223569.998
1728262800000,149.24,150.45,148.66,150.44,190370.505
1728266400000,150.44,151.0,149.21,149.49,131726.818
1728270000000,149.49,150.11,149.02,149.94,117440.708
1728273600000,149.95,150.54,149.52,149.53,103339.55
1728277200000,149.53,150.07,148.71,148.87,110841.618
1728280800000,148.87,149.53,148.7,149.5,72085.74
1728284400000,149.5,149.5,146.63,148.02,222074.526
1728288000000,148.02,149.21,147.97,148.42,78780.815
1728291600000,148.43,148.61,146.73,147.38,137942.002
1728295200000,147.38,147.38,146.09,146.65,98119.61
1728298800000,146.66,147.44,145.65,147.43,121881.915
1728302400000,147.44,147.44,146.5,146.56,76702.607
1728306000000,146.56,147.96,146.38,147.88,115212.966
1728309600000,147.88,152.4,147.76,150.49,537029.087
1728313200000,150.49,150.52,148.3,148.71,244410.137
1728316800000,148.7,149.43,147.75,149.15,146181.544
1728320400000,149.16,149.34,148.32,149.09,75877.258
1728324000000,149.1,149.1,145.49,145.71,231161.32
1728327600000,145.72,147.35,145.6,147.09,137157.82
1728331200000,147.1,147.26,145.66,145.69,71456.261
1728334800000,145.69,147.03,145.69,146.87,44864.486
1728338400000,146.86,146.9,144.38,144.46,123270.589
1728342000000,144.47,145.66,143.5,143.96,196257.071
1728345600000,143.97,145.11,143.5,144.83,125383.382
1728349200000,144.82,145.44,143.92,145.08,82032.715
1728352800000,145.08,145.6,144.08,145.31,90682.333
1728356400000,145.31,145.32,144.54,144.71,56498.017
1728360000000,144.71,145.05,143.69,144.27,60314.964
1728363600000,144.28,144.39,142.89,143.76,115726.2
1728367200000,143.76,144.39,142.73,144.07,90881.009
1728370800000,144.08,144.09,142.17,143.08,125680.746
1728374400000,143.08,143.71,142.64,143.56,101530.64
1728378000000,143.56,143.96,142.85,143.65,66925.937
1728381600000,143.66,144.35,143.27,144.09,65780.93
1728385200000,144.09,144.62,143.91,144.49,61801.771
1728388800000,144.48,144.58,143.22,143.29,55801.821
1728392400000,143.3,145.06,142.7,145.03,147897.1
1728396000000,145.03,145.52,142.42,144.12,232676.169
1728399600000,144.13,144.38,141.17,142.8,202184.953
1728403200000,142.8,143.91,141.75,143.8,94896.876
1728406800000,143.8,143.93,142.39,143.34,74855.702
1728410400000,143.35,143.89,142.35,142.93,78999.501
1728414000000,142.92,144.06,142.24,143.74,70551.37
1728417600000,143.74,144.48,143.35,144.47,52615.795
1728421200000,144.47,144.7,144.02,144.22,37926.639
1728424800000,144.21,144.27,143.17,143.24,32672.329
1728428400000,143.24,143.64,142.67,143.49,29511.254
1728432000000,143.5,144.25,143.09,144.25,68986.565
1728435600000,144.25,145.34,144.0,144.83,88396.245
1728439200000,144.83,144.88,143.9,143.91,61395.079
1728442800000,143.91,144.6,143.51,143.94,59360.953
1728446400000,143.93,144.08,143.16,143.33,33318.991
1728450000000,143.33,144.31,143.02,144.2,55760.697
1728453600000,144.2,144.24,143.31,143.55,46086.633
1728457200000,143.54,143.54,142.68,143.17,88414.687
1728460800000,143.16,143.5,142.49,142.92,76811.567
1728464400000,142.92,143.31,142.66,143.25,48283.055
1728468000000,143.25,143.42,142.47,142.65,82248.953
1728471600000,142.64,143.32,142.58,143.2,37285.716
1728475200000,143.19,143.34,141.22,141.85,167033.329
1728478800000,141.84,142.2,140.19,141.11,230309.645
1728482400000,141.12,142.07,140.69,141.32,116615.765
1728486000000,141.32,143.1,141.32,142.83,113393.384
1728489600000,142.83,142.9,140.61,140.85,107749.277
1728493200000,140.84,141.45,140.4,141.17,61573.697
1728496800000,141.16,141.43,139.75,140.56,148885.361
1728500400000,140.57,141.16,140.04,141.12,72019.395
1728504000000,141.11,141.11,138.68,138.79,142507.441
1728507600000,138.8,140.07,138.66,139.86,77207.658
1728511200000,139.86,139.89,139.16,139.2,59958.596
1728514800000,139.2,139.71,139.06,139.33,27915.372
1728518400000,139.33,139.36,137.66,138.49,111814.138
1728522000000,138.48,139.81,138.46,139.3,59413.173
1728525600000,139.31,139.94,139.27,139.74,43899.318
1728529200000,139.74,140.41,139.58,139.89,35408.698
1728532800000,139.89,140.3,139.68,139.86,31023.312
1728536400000,139.87,140.92,139.48,140.55,44654.717
1728540000000,140.55,140.72,140.14,140.48,41310.133
1728543600000,140.49,140.49,139.69,139.69,41611.426
1728547200000,139.7,140.13,138.53,138.65,136968.754
1728550800000,138.64,138.82,137.43,138.43,92120.777
1728554400000,138.42,139.69,138.35,139.47,73264.455
1728558000000,139.47,140.5,139.33,140.44,64230.642
1728561600000,140.44,140.83,138.29,138.95,176884.805
1728565200000,138.96,140.19,137.29,138.08,172658.981
1728568800000,138.09,138.68,136.2,137.51,219014.886
1728572400000,137.52,138.67,137.04,138.67,100275.878
1728576000000,138.66,139.09,137.75,138.06,101195.528
1728579600000,138.05,138.52,136.52,136.62,160908.316
1728583200000,136.63,137.33,135.52,137.32,241815.488
1728586800000,137.31,138.17,136.96,138.11,77778.995
1728590400000,138.11,138.79,137.14,137.62,96053.562
1728594000000,137.61,138.67,137.35,138.67,47153.863
1728597600000,138.66,138.87,137.86,138.56,64993.305
1728601200000,138.57,139.07,138.56,139.03,55329.757
1728604800000,139.04,139.84,138.86,139.37,90212.488
1728608400000,139.37,140.55,138.68,140.26,63236.92
1728612000000,140.25,141.01,139.6,140.93,58513.16
1728615600000,140.93,141.56,140.83,140.83,70707.806
1728619200000,140.83,141.18,140.64,141.08,38945.486
1728622800000,141.08,141.42,140.85,140.95,44682.825
1728626400000,140.94,141.92,140.94,141.5,43130.984
1728630000000,141.51,142.12,141.06,141.17,218372.056
1728633600000,141.17,141.69,140.98,141.46,69124.997
1728637200000,141.46,142.31,141.42,142.14,76433.132
1728640800000,142.13,142.7,141.69,141.99,84524.647
1728644400000,141.99,142.3,141.55,141.97,47817.643
1728648000000,141.98,143.12,141.88,143.0,142645.333
1728651600000,143.0,143.89,142.3,143.62,144258.523
1728655200000,143.61,144.34,143.45,143.84,143512.462
1728658800000,143.85,145.52,143.65,144.41,205304.331
1728662400000,144.41,144.79,143.92,144.73,94061.503
1728666000000,144.73,146.19,144.64,145.88,150753.857
1728669600000,145.87,146.17,145.13,145.81,122928.491
1728673200000,145.82,146.62,145.2,145.45,108291.136
1728676800000,145.44,146.17,145.15,146.12,55387.985
1728680400000,146.12,146.41,145.81,145.88,84257.155
1728684000000,145.88,146.11,145.32,145.85,70377.133
1728687600000,145.86,145.94,145.18,145.53,41608.865
1728691200000,145.52,146.6,145.5,146.25,71644.38
1728694800000,146.26,146.49,145.71,145.87,55480.49
1728698400000,145.87,145.9,144.88,145.04,57451.238
1728702000000,145.04,145.27,144.71,145.14,41774.087
1728705600000,145.15,145.94,145.15,145.37,41891.798
1728709200000,145.38,145.94,145.33,145.9,25870.822
1728712800000,145.91,145.98,145.54,145.76,42512.104
1728716400000,145.76,145.93,145.26,145.58,72327.11
1728720000000,145.58,145.9,145.47,145.69,36790.371
1728723600000,145.69,145.85,145.47,145.85,32950.894
1728727200000,145.84,146.95,145.69,146.81,77612.371
1728730800000,146.81,147.28,146.21,146.26,79408.022
1728734400000,146.26,147.2,145.8,147.02,100800.778
1728738000000,147.01,147.27,146.22,146.52,74867.907
1728741600000,146.53,147.25,146.2,146.92,95248.206
1728745200000,146.92,147.22,145.71,146.09,97455.129
1728748800000,146.08,146.93,146.08,146.43,62748.868
1728752400000,146.42,147.06,146.32,146.99,44667.308
1728756000000,146.98,147.19,146.24,146.45,48209.873
1728759600000,146.46,146.93,146.21,146.79,27380.186
1728763200000,146.79,146.94,146.59,146.72,21488.449
1728766800000,146.73,147.29,146.5,146.74,39746.823
1728770400000,146.74,147.32,146.41,147.06,51899.935
1728774000000,147.06,147.16,146.34,146.4,47452.399
1728777600000,146.39,147.06,146.39,146.67,66400.305
1728781200000,146.66,146.67,145.72,145.95,60424.279
1728784800000,145.96,146.13,145.73,146.12,32654.375
1728788400000,146.13,146.13,145.13,145.3,48445.358
1728792000000,145.31,145.99,145.27,145.91,27741.774
1728795600000,145.91,146.7,145.85,146.53,28741.518
1728799200000,146.53,146.99,146.24,146.41,47404.886
1728802800000,146.42,146.59,146.0,146.42,26585.194
1728806400000,146.42,147.09,146.42,146.64,63103.719
1728810000000,146.64,147.94,146.6,147.68,79232.496
1728813600000,147.67,148.39,147.15,147.15,82305.152
1728817200000,147.15,147.58,146.4,146.47,110740.074
1728820800000,146.47,147.66,146.44,147.3,75578.177
1728824400000,147.31,148.11,147.19,147.23,79003.398
1728828000000,147.22,147.25,145.3,145.44,117336.913
1728831600000,145.44,146.01,144.45,145.34,149934.039
1728835200000,145.34,146.14,144.89,145.98,82165.057
1728838800000,145.98,146.53,145.2,145.43,62767.34
1728842400000,145.44,145.83,144.7,145.34,47443.148
1728846000000,145.35,146.14,145.35,146.03,36627.994
1728849600000,146.02,146.34,145.65,146.33,28512.699
1728853200000,146.34,148.0,145.99,147.89,66711.175
1728856800000,147.89,148.86,147.42,147.81,123958.132
1728860400000,147.8,147.8,146.9,147.74,55237.631
1728864000000,147.74,147.98,146.8,147.2,68415.753
1728867600000,147.2,148.3,147.2,147.79,78893.758
1728871200000,147.8,148.85,147.14,148.42,120768.227
1728874800000,148.42,152.58,148.37,152.51,397631.794
1728878400000,152.51,153.5,152.03,152.19,225942.233
1728882000000,152.19,152.46,150.9,151.47,144593.781
1728885600000,151.47,152.6,151.0,151.99,118270.525
1728889200000,151.99,153.12,151.59,153.04,183613.898
1728892800000,153.04,153.45,152.34,152.47,160225.095
1728896400000,152.47,153.66,152.04,152.99,159857.697
1728900000000,152.99,154.02,152.68,153.16,145366.455
1728903600000,153.17,153.31,152.68,153.16,92614.677
1728907200000,153.15,153.55,152.57,153.15,111619.465
1728910800000,153.15,154.2,152.62,153.67,144249.439
1728914400000,153.68,155.99,153.62,155.01,407356.256
1728918000000,155.0,158.1,154.98,156.71,449669.156
1728921600000,156.7,156.9,154.56,155.09,439858.475
1728925200000,155.09,156.09,154.98,155.62,95653.636
1728928800000,155.62,156.29,155.22,155.85,80539.414
1728932400000,155.85,156.3,155.52,155.66,58303.375
1728936000000,155.65,156.43,155.41,156.09,46539.544
1728939600000,156.1,156.5,155.52,155.74,43184.682
1728943200000,155.74,158.08,155.7,157.98,122743.532
1728946800000,157.98,158.01,156.85,157.59,91144.278
1728950400000,157.59,158.44,156.82,157.45,121376.187
1728954000000,157.45,158.2,156.71,157.19,82376.842
1728957600000,157.19,158.07,156.83,157.46,72919.611
1728961200000,157.46,157.5,155.0,155.46,150921.036
1728964800000,155.47,156.34,155.06,156.04,91830.669
1728968400000,156.03,156.1,154.01,154.38,146145.685
1728972000000,154.38,154.95,153.71,154.83,100573.844
1728975600000,154.83,155.4,154.71,155.13,79646.045
1728979200000,155.13,155.5,154.73,154.86,80545.25
1728982800000,154.87,154.89,154.08,154.4,109035.288
1728986400000,154.4,155.22,154.07,154.93,93891.046
1728990000000,154.93,154.95,151.8,152.41,287157.791
1728993600000,152.42,153.97,152.04,153.52,185138.906
1728997200000,153.51,158.9,152.93,158.55,432958.763
1729000800000,158.55,159.73,151.49,152.37,778059.317
1729004400000,152.38,154.85,150.3,153.29,506631.321
1729008000000,153.3,156.34,153.07,154.94,282128.099
1729011600000,154.95,155.64,153.95,154.77,155982.636
1729015200000,154.78,156.4,154.57,155.06,137485.934
1729018800000,155.06,155.52,154.19,155.16,129659.811
1729022400000,155.17,155.28,152.0,152.78,171937.688
1729026000000,152.78,153.58,152.31,153.58,70416.786
1729029600000,153.57,154.08,152.96,152.99,64727.878
1729033200000,152.99,155.1,152.96,154.76,148478.678
1729036800000,154.76,155.0,153.36,153.79,99385.569
1729040400000,153.8,155.0,153.0,154.77,119624.814
1729044000000,154.77,156.1,154.4,154.49,115477.967
1729047600000,154.5,154.72,153.77,154.23,92510.669
1729051200000,154.22,154.77,153.18,153.9,68914.809
1729054800000,153.9,154.63,153.74,154.23,60730.075
1729058400000,154.23,154.96,153.3,154.05,94286.45
1729062000000,154.06,154.06,153.01,153.67,111212.284
1729065600000,153.67,154.9,153.4,154.49,84384.153
1729069200000,154.48,155.9,154.42,155.33,118678.888
1729072800000,155.33,156.35,154.97,155.93,165511.45
1729076400000,155.92,158.41,155.23,155.88,326984.481
1729080000000,155.88,156.51,155.13,155.46,164022.262
1729083600000,155.46,155.92,153.69,154.43,208120.871
1729087200000,154.43,156.89,154.12,155.19,217178.611
1729090800000,155.2,155.96,154.1,155.71,116933.738
1729094400000,155.71,155.97,154.17,155.32,126044.864
1729098000000,155.32,155.75,154.8,155.11,98554.909
1729101600000,155.1,155.28,154.32,154.42,107824.982
1729105200000,154.43,154.72,154.1,154.35,66292.324
1729108800000,154.34,155.14,154.0,154.42,134943.887
1729112400000,154.41,154.76,153.64,153.91,71987.773
1729116000000,153.92,155.07,153.88,154.83,49950.475
1729119600000,154.83,154.93,154.07,154.28,32260.045
1729123200000,154.28,155.55,154.28,154.9,69436.321
1729126800000,154.9,155.67,154.09,155.59,116568.482
1729130400000,155.6,155.73,153.85,153.91,77483.061
1729134000000,153.91,154.78,153.56,154.62,61426.998
1729137600000,154.62,154.78,152.99,153.24,152269.846
1729141200000,153.25,153.66,152.38,152.68,118612.816
1729144800000,152.68,153.31,152.09,152.33,128451.372
1729148400000,152.34,152.68,151.6,152.61,114794.302
1729152000000,152.61,153.28,152.14,153.23,97665.238
1729155600000,153.23,153.47,152.81,153.05,89541.439
1729159200000,153.06,153.32,151.3,152.41,116341.619
1729162800000,152.42,152.59,151.11,151.31,97329.987
1729166400000,151.31,152.54,151.03,152.53,97113.591
1729170000000,152.53,153.25,151.35,152.12,112361.231
1729173600000,152.12,152.34,150.77,151.99,195365.235
1729177200000,151.99,153.12,151.17,152.89,157250.517
1729180800000,152.89,152.92,150.68,151.29,152429.588
1729184400000,151.3,151.49,149.23,149.47,192325.918
1729188000000,149.47,149.54,147.66,148.52,218464.899
1729191600000,148.53,149.67,148.33,149.38,95971.941
1729195200000,149.39,150.46,149.27,149.64,69363.639
1729198800000,149.63,150.25,149.63,150.12,38685.033
1729202400000,150.11,150.98,150.11,150.93,56970.335
1729206000000,150.92,150.93,150.22,150.5,38586.54
1729209600000,150.5,150.77,149.66,149.75,55466.922
1729213200000,149.75,152.79,149.56,152.42,127265.109
1729216800000,152.42,153.25,152.03,153.19,104994.677
1729220400000,153.18,153.24,151.76,151.88,68469.11
1729224000000,151.88,152.73,151.88,152.43,37362.562
1729227600000,152.43,153.06,152.23,153.03,44158.931
1729231200000,153.03,154.02,152.88,153.7,98998.522
1729234800000,153.7,154.23,153.32,153.89,83643.292
1729238400000,153.9,154.3,153.53,153.71,55261.974
1729242000000,153.7,154.12,153.16,153.54,54679.02
1729245600000,153.54,153.97,153.41,153.71,57838.653
1729249200000,153.7,154.03,152.85,153.0,54323.21
1729252800000,152.99,153.3,152.14,152.4,72417.172
1729256400000,152.4,153.97,152.25,153.79,74144.508
1729260000000,153.8,154.77,153.0,154.42,160350.584
1729263600000,154.42,155.24,153.92,154.72,144273.151
1729267200000,154.71,156.07,153.62,155.69,124480.898
1729270800000,155.69,156.23,155.34,155.49,92361.242
1729274400000,155.5,156.65,155.2,156.11,76081.549
1729278000000,156.11,156.17,154.52,154.84,85142.807
1729281600000,154.84,154.93,154.18,154.58,48683.179
1729285200000,154.59,154.77,153.77,154.37,36407.208
1729288800000,154.36,154.4,153.87,154.29,35108.756
1729292400000,154.29,155.18,154.26,154.94,37481.082
1729296000000,154.93,155.1,154.4,154.54,36435.408
1729299600000,154.55,155.0,154.37,154.38,32390.973
1729303200000,154.38,155.04,154.2,155.0,91594.74
1729306800000,155.0,156.05,154.55,154.56,139892.107
1729310400000,154.56,154.98,154.16,154.19,66428.582
1729314000000,154.2,155.0,154.18,154.98,32704.681
1729317600000,154.97,155.14,154.52,154.59,24410.088
1729321200000,154.58,154.68,154.12,154.56,33977.616
1729324800000,154.56,154.97,154.56,154.81,31626.742
1729328400000,154.81,154.94,154.57,154.84,34634.754
1729332000000,154.83,155.04,154.25,154.41,38092.828
1729335600000,154.41,154.77,153.45,153.83,100080.765
1729339200000,153.83,154.83,153.8,154.62,49846.382
1729342800000,154.62,154.95,154.26,154.8,48264.565
1729346400000,154.8,157.0,154.79,156.97,148507.332
1729350000000,156.97,157.5,155.98,156.51,119591.815
1729353600000,156.51,156.97,155.79,156.09,101440.516
1729357200000,156.08,156.3,155.32,155.64,75236.853
1729360800000,155.64,156.29,155.58,155.88,38871.044
1729364400000,155.88,156.89,155.77,156.37,51179.299
1729368000000,156.38,156.9,156.13,156.78,34359.075
1729371600000,156.78,157.87,156.74,157.0,91247.433
1729375200000,157.01,158.93,156.9,158.91,112669.084
1729378800000,158.91,159.85,158.6,159.79,191021.484
1729382400000,159.79,160.62,158.76,158.76,239104.356
1729386000000,158.77,159.37,158.48,158.8,123238.058
1729389600000,158.8,159.29,158.29,158.59,75409.262
1729393200000,158.6,159.06,158.14,159.03,46319.302
1729396800000,159.03,159.98,158.67,159.48,71472.069
1729400400000,159.49,160.64,159.22,159.34,155952.357
1729404000000,159.35,159.42,158.58,159.26,56643.468
1729407600000,159.26,159.44,158.66,158.78,50267.034
1729411200000,158.78,159.32,158.38,158.78,40575.151
1729414800000,158.79,159.42,158.57,159.13,33724.661
1729418400000,159.13,159.42,158.65,158.78,32549.333
1729422000000,158.79,159.31,158.77,159.2,36941.334
1729425600000,159.19,159.29,158.3,158.33,77300.486
1729429200000,158.34,158.73,157.58,158.12,142224.154
1729432800000,158.12,161.5,158.08,160.8,266084.784
1729436400000,160.8,160.97,158.86,160.01,210853.434
1729440000000,160.02,160.33,159.37,159.85,78864.673
1729443600000,159.84,160.66,159.3,160.21,82843.026
1729447200000,160.21,161.22,160.1,160.44,97160.766
1729450800000,160.45,160.58,159.54,160.38,66682.107
1729454400000,160.38,163.22,160.14,162.73,281660.457
1729458000000,162.72,163.86,162.66,163.76,179218.116
1729461600000,163.77,167.36,163.42,166.69,459950.947
1729465200000,166.7,167.94,166.41,167.4,189659.49
1729468800000,167.4,169.95,167.2,168.73,289357.279
1729472400000,168.73,170.08,168.47,169.82,233871.79
1729476000000,169.82,170.14,168.04,168.45,225879.047
1729479600000,168.46,169.55,168.25,169.51,210121.493
1729483200000,169.5,171.0,168.65,170.62,205730.079
1729486800000,170.62,171.76,169.49,169.61,199782.052
1729490400000,169.61,171.07,168.73,169.13,159321.746
1729494000000,169.13,169.87,168.58,168.64,145752.383
1729497600000,168.65,169.62,166.5,166.54,252766.946
1729501200000,166.53,167.65,165.72,166.93,202075.943
1729504800000,166.93,167.37,165.89,166.13,187164.261
1729508400000,166.13,166.93,165.74,166.42,106283.531
1729512000000,166.42,167.07,165.39,165.69,122743.901
1729515600000,165.68,166.2,160.99,162.58,554161.682
1729519200000,162.58,164.9,162.44,164.26,271954.045
1729522800000,164.27,165.28,163.0,165.27,220536.872
1729526400000,165.27,165.32,163.02,164.61,226647.288
1729530000000,164.62,166.18,164.49,165.72,202771.804
1729533600000,165.71,166.11,164.85,165.76,162976.268
1729537200000,165.77,168.08,165.75,167.81,186946.068
1729540800000,167.81,167.81,166.12,166.52,97035.237
1729544400000,166.52,168.16,166.46,167.5,128991.419
1729548000000,167.5,168.13,166.89,167.8,91254.94
1729551600000,167.8,167.8,166.06,166.17,123632.668
1729555200000,166.16,166.54,162.99,165.4,281428.386
1729558800000,165.41,167.33,164.98,167.05,144020.492
1729562400000,167.06,167.9,165.95,165.99,113473.834
1729566000000,166.0,166.56,165.51,166.45,90913.034
1729569600000,166.45,167.46,166.18,167.45,62359.933
1729573200000,167.45,168.94,167.12,168.47,133255.598
1729576800000,168.47,168.96,168.22,168.3,92504.083
1729580400000,168.3,168.6,166.94,167.11,96381.88
1729584000000,167.1,167.22,164.91,165.66,215763.08
1729587600000,165.67,165.82,163.53,165.01,208963.011
1729591200000,165.01,166.9,164.16,166.43,167553.302
1729594800000,166.44,169.21,166.33,167.88,279606.341
1729598400000,167.88,169.4,165.66,166.19,372971.474
1729602000000,166.19,167.15,164.79,166.16,256621.333
1729605600000,166.15,170.75,165.62,170.16,499001.248
1729609200000,170.16,170.99,167.3,167.78,254792.703
1729612800000,167.79,168.16,166.02,166.13,165632.494
1729616400000,166.13,167.71,166.0,167.25,152119.884
1729620000000,167.25,168.73,167.16,167.9,102248.345
1729623600000,167.9,169.16,167.81,168.48,101136.448
1729627200000,168.47,168.85,167.79,168.29,66496.8
1729630800000,168.29,168.35,167.07,167.57,74697.869
1729634400000,167.57,169.26,167.35,168.97,90344.4
1729638000000,168.97,169.15,166.77,167.59,93399.53
1729641600000,167.6,167.96,165.91,166.17,143346.074
1729645200000,166.17,167.5,166.13,167.38,73299.74
1729648800000,167.38,167.53,165.99,166.03,66802.105
1729652400000,166.04,166.46,164.49,165.51,198501.943
1729656000000,165.51,166.16,165.0,165.89,78871.198
1729659600000,165.89,166.04,164.34,165.1,105477.636
1729663200000,165.1,166.51,164.82,165.28,135013.288
1729666800000,165.27,165.77,164.68,165.74,102732.57
1729670400000,165.73,166.4,164.45,164.88,155905.081
1729674000000,164.89,166.0,164.13,165.75,196609.839
1729677600000,165.75,166.85,165.46,165.59,105770.434
1729681200000,165.6,166.94,165.5,166.41,75095.262
1729684800000,166.41,167.15,164.97,166.5,198453.953
1729688400000,166.5,169.48,166.2,169.07,276710.163
1729692000000,169.07,169.25,167.2,167.78,202426.728
1729695600000,167.78,168.67,166.32,168.13,304559.231
1729699200000,168.14,168.48,165.5,165.57,264600.348
1729702800000,165.57,167.29,165.39,166.23,260493.569
1729706400000,166.24,170.31,164.7,169.73,464812.362
1729710000000,169.72,173.76,168.91,173.02,501574.039
1729713600000,173.02,174.3,172.25,173.6,242545.715
1729717200000,173.59,173.7,171.14,171.48,129979.29
1729720800000,171.49,172.0,170.0,170.94,129747.575
1729724400000,170.94,171.95,170.67,170.85,96464.149
1729728000000,170.86,172.92,170.5,172.92,162019.542
1729731600000,172.92,174.0,172.18,172.94,220031.429
1729735200000,172.94,175.0,172.71,174.55,214784.591
1729738800000,174.55,175.03,174.14,174.14,144840.049
1729742400000,174.14,175.26,173.48,173.54,155624.485
1729746000000,173.53,173.84,172.78,173.2,101792.003
1729749600000,173.2,174.15,172.85,173.42,97166.292
1729753200000,173.42,173.99,173.05,173.56,124889.132
1729756800000,173.55,174.38,172.0,172.05,131752.846
1729760400000,172.06,172.65,171.0,171.77,188596.179
1729764000000,171.77,173.32,171.69,172.96,141535.561
1729767600000,172.97,174.11,172.44,173.85,188745.666
1729771200000,173.85,175.42,173.72,174.97,172230.387
1729774800000,174.97,176.34,174.1,175.82,306997.183
1729778400000,175.82,177.22,174.49,175.8,305207.972
1729782000000,175.8,177.15,175.14,175.43,205503.373
1729785600000,175.43,177.35,174.65,176.71,188082.758
1729789200000,176.7,177.08,175.22,175.41,121176.939
1729792800000,175.41,176.45,175.3,176.24,104419.251
1729796400000,176.23,177.9,176.01,177.4,127915.146
1729800000000,177.41,177.49,176.49,177.35,109024.598
1729803600000,177.35,178.7,177.16,177.98,142586.396
1729807200000,177.98,179.3,177.92,178.74,131082.57
1729810800000,178.73,178.79,176.77,177.19,107047.772
1729814400000,177.19,177.47,176.18,176.69,96878.891
1729818000000,176.68,176.69,175.36,175.72,112123.392
1729821600000,175.73,176.53,175.09,175.73,115945.189
1729825200000,175.74,176.5,174.38,174.68,138152.378
1729828800000,174.69,175.06,172.74,173.25,218767.174
1729832400000,173.26,174.16,172.24,173.86,153188.637
1729836000000,173.86,174.54,173.37,173.56,86988.745
1729839600000,173.56,173.95,171.46,171.9,168513.763
1729843200000,171.9,172.94,170.89,172.34,247283.492
1729846800000,172.34,173.27,170.66,173.23,293943.478
1729850400000,173.23,173.9,172.39,173.58,138303.482
1729854000000,173.57,174.14,173.14,173.65,111881.379
1729857600000,173.65,174.51,173.24,173.46,119477.403
1729861200000,173.46,175.49,172.88,175.21,155451.232
1729864800000,175.21,177.6,174.41,175.62,470223.914
1729868400000,175.62,176.77,171.15,172.45,325068.68
1729872000000,172.45,173.04,170.73,172.02,231213.892
1729875600000,172.03,172.35,166.92,167.94,351809.757
1729879200000,167.94,171.59,165.11,169.36,579003.677
1729882800000,169.36,169.77,167.55,167.95,249661.294
1729886400000,167.95,168.84,166.47,167.15,175336.181
1729890000000,167.16,168.68,167.11,168.23,78109.207
1729893600000,168.23,168.23,163.57,163.79,221348.674
1729897200000,163.79,165.39,159.12,164.9,879633.155
1729900800000,164.91,165.93,163.84,164.87,260540.265
1729904400000,164.87,165.32,163.32,163.33,181164.757
1729908000000,163.33,165.94,162.43,164.85,196869.766
1729911600000,164.86,165.9,164.16,165.64,118283.55
1729915200000,165.64,166.58,165.3,166.55,120587.688
1729918800000,166.55,167.72,166.21,166.84,168979.221
1729922400000,166.83,168.54,166.32,168.44,160937.537
1729926000000,168.44,169.18,167.28,167.35,164637.952
1729929600000,167.35,168.6,167.33,168.4,74127.516
1729933200000,168.4,169.56,168.08,169.09,133201.047
1729936800000,169.1,170.3,168.96,169.24,127907.469
1729940400000,169.24,169.63,168.27,168.65,92801.997
1729944000000,168.66,169.5,168.35,169.02,64897.893
1729947600000,169.02,169.26,167.98,168.07,112327.792
1729951200000,168.06,168.62,167.23,167.69,153379.218
1729954800000,167.7,169.32,167.38,168.63,117190.791
1729958400000,168.63,169.77,168.36,169.23,81988.899
1729962000000,169.24,170.21,168.88,170.05,80577.102
1729965600000,170.06,170.38,169.52,169.9,77531.193
1729969200000,169.89,172.31,169.89,171.52,166714.087
1729972800000,171.52,173.12,171.41,172.54,112369.35
1729976400000,172.54,173.25,170.91,171.3,116726.335
1729980000000,171.29,171.83,170.84,171.37,68368.846
1729983600000,171.37,171.53,170.65,170.88,58592.525
1729987200000,170.87,171.24,170.26,170.63,59466.432
1729990800000,170.64,172.51,170.39,172.4,64920.662
1729994400000,172.4,173.26,171.3,171.55,146199.48
1729998000000,171.56,172.41,171.1,172.14,57412.35
1730001600000,172.14,172.7,171.66,172.52,47677.279
1730005200000,172.52,173.09,172.35,172.53,50801.487
1730008800000,172.53,173.44,172.16,173.39,72323.352
1730012400000,173.4,173.52,172.75,173.27,70454.041
1730016000000,173.26,175.53,173.17,175.29,182689.381
1730019600000,175.28,175.52,173.69,174.62,136092.305
1730023200000,174.61,174.73,173.53,173.68,79117.235
1730026800000,173.67,175.0,173.35,174.02,88864.088
1730030400000,174.03,176.09,174.02,175.78,229402.636
1730034000000,175.77,176.75,175.54,175.98,192350.952
1730037600000,175.98,177.05,175.66,176.44,114300.683
1730041200000,176.44,176.92,175.64,175.77,79176.857
1730044800000,175.78,176.8,174.74,176.73,174112.761
1730048400000,176.72,177.8,176.01,176.19,257960.621
1730052000000,176.19,177.34,175.77,175.83,98259.557
1730055600000,175.83,177.35,175.62,177.21,72904.482
1730059200000,177.21,177.49,176.61,176.91,60937.525
1730062800000,176.9,178.1,176.6,177.08,87082.194
1730066400000,177.08,178.18,177.08,177.76,90831.97
1730070000000,177.76,178.27,176.58,176.63,92793.441
1730073600000,176.63,177.19,175.81,176.06,104264.543
1730077200000,176.05,176.58,175.5,175.66,74997.124
1730080800000,175.66,176.15,174.68,175.16,138858.372
1730084400000,175.17,176.72,175.03,175.74,115362.731
1730088000000,175.74,175.74,173.72,175.28,162708.357
1730091600000,175.27,175.27,173.14,174.38,188764.205
1730095200000,174.37,174.71,173.39,174.56,83406.604
1730098800000,174.56,176.75,174.41,175.69,175139.812
1730102400000,175.69,177.49,175.62,176.87,115210.724
1730106000000,176.86,177.86,176.42,177.79,126233.185
1730109600000,177.78,178.59,177.19,177.28,177424.652
1730113200000,177.29,177.83,176.72,176.95,99049.503
1730116800000,176.95,177.95,176.31,177.57,166997.224
1730120400000,177.56,177.89,175.03,175.19,236466.752
1730124000000,175.19,175.68,173.26,175.0,352894.292
1730127600000,175.0,175.03,173.25,173.39,196504.823
1730131200000,173.39,175.21,173.08,173.82,134137.627
1730134800000,173.83,175.91,172.45,174.78,201406.738
1730138400000,174.78,175.94,174.62,175.4,91402.636
1730142000000,175.39,178.05,175.22,176.42,320188.631
1730145600000,176.4,176.63,175.75,176.62,69352.384
1730149200000,176.62,177.91,176.31,177.62,81759.118
1730152800000,177.62,179.8,177.6,178.64,320800.692
1730156400000,178.65,179.5,177.83,178.29,143999.492
1730160000000,178.28,179.01,177.32,178.67,115650.058
1730163600000,178.67,178.7,177.14,178.29,129029.934
1730167200000,178.29,182.3,177.93,180.85,481302.303
1730170800000,180.84,182.0,180.43,181.81,212360.286
1730174400000,181.81,182.78,181.59,181.97,179729.293
1730178000000,181.98,182.0,180.35,180.91,105083.691
1730181600000,180.9,181.28,180.07,180.32,77885.1
1730185200000,180.32,180.61,179.5,180.16,86080.73
1730188800000,180.16,181.69,180.0,181.03,80583.575
1730192400000,181.04,181.48,180.67,181.09,64305.351
1730196000000,181.09,181.38,180.65,181.05,63923.547
1730199600000,181.05,181.84,180.29,180.8,174374.524
1730203200000,180.79,180.93,179.25,179.29,133064.61
1730206800000,179.29,180.12,178.37,179.84,215215.593
1730210400000,179.85,180.7,178.39,179.42,219116.653
1730214000000,179.42,180.97,179.0,180.61,236071.204
1730217600000,180.6,183.38,180.56,182.47,377269.25
1730221200000,182.48,183.13,180.24,180.9,258423.604
1730224800000,180.89,182.09,180.46,181.27,164538.571
1730228400000,181.28,181.87,178.1,178.17,211182.14
1730232000000,178.17,178.9,176.41,178.44,197990.646
1730235600000,178.44,179.46,177.89,178.8,116659.101
1730239200000,178.8,180.31,178.6,179.58,93936.148
1730242800000,179.58,179.89,178.76,179.42,52334.027
1730246400000,179.43,179.51,177.93,178.28,77747.94
1730250000000,178.28,180.05,176.94,179.89,134394.096
1730253600000,179.9,180.84,179.32,179.65,105466.964
1730257200000,179.65,180.45,179.65,180.09,52700.562
1730260800000,180.08,180.83,179.85,180.68,44006.064
1730264400000,180.68,181.36,179.68,179.98,80704.73
1730268000000,179.97,180.6,178.7,178.74,99606.699
1730271600000,178.73,178.91,178.16,178.69,75581.074
1730275200000,178.69,179.33,177.86,177.94,90420.293
1730278800000,177.94,178.74,177.69,178.14,81018.32
1730282400000,178.15,178.24,177.2,177.22,87597.836
1730286000000,177.23,177.48,175.2,175.71,223430.386
1730289600000,175.7,175.99,174.53,175.5,182051.1
1730293200000,175.5,176.65,174.07,176.43,206934.643
1730296800000,176.43,177.29,175.43,175.83,195452.077
1730300400000,175.82,175.97,173.15,173.93,234641.174
1730304000000,173.94,175.31,173.33,175.06,193696.857
1730307600000,175.06,175.47,174.44,175.38,77321.619
1730311200000,175.37,175.79,173.01,174.01,106859.706
1730314800000,174.0,174.77,173.5,174.29,79272.027
1730318400000,174.3,176.64,173.03,176.63,224761.954
1730322000000,176.63,177.06,174.03,175.13,129084.769
1730325600000,175.14,175.61,174.73,175.35,47107.498
1730329200000,175.35,176.1,174.82,174.87,63254.363
1730332800000,174.87,175.52,174.87,175.33,48577.698
1730336400000,175.34,176.2,174.38,175.61,83247.03
1730340000000,175.6,176.56,175.04,175.86,53476.515
1730343600000,175.86,176.12,174.1,174.35,136638.345
1730347200000,174.35,175.35,174.16,175.1,115961.868
1730350800000,175.1,176.0,174.99,175.17,69900.873
1730354400000,175.17,175.33,173.55,173.7,71681.105
1730358000000,173.7,174.89,173.11,174.5,109012.524
1730361600000,174.5,174.57,173.31,174.21,75452.187
1730365200000,174.2,175.46,174.07,175.23,71456.354
1730368800000,175.23,176.32,174.65,176.29,88842.83
1730372400000,176.28,176.36,174.76,175.0,71479.325
1730376000000,175.0,175.45,174.11,174.23,65737.566
1730379600000,174.22,174.45,171.33,171.9,198570.095
1730383200000,171.91,172.05,169.3,170.42,340323.352
1730386800000,170.42,172.02,170.28,170.65,170099.609
1730390400000,170.65,170.72,169.46,169.77,174031.09
1730394000000,169.77,170.73,169.4,170.32,92545.016
1730397600000,170.32,170.33,168.58,169.65,134764.718
1730401200000,169.65,170.37,168.53,168.7,84549.312
1730404800000,168.69,170.29,168.34,169.61,104939.502
1730408400000,169.61,169.93,169.08,169.13,53551.357
1730412000000,169.13,169.72,167.56,169.51,179238.317
1730415600000,169.52,169.88,168.46,168.69,67452.71
1730419200000,168.69,169.27,168.35,169.09,144357.059
1730422800000,169.08,169.42,166.41,167.13,195650.991
1730426400000,167.14,167.88,165.38,167.66,199340.657
1730430000000,167.66,168.0,166.84,167.15,84155.911
1730433600000,167.14,167.5,166.7,167.39,39082.033
1730437200000,167.4,167.63,166.8,166.95,36846.449
1730440800000,166.95,167.0,165.29,165.46,158652.31
1730444400000,165.46,166.28,165.05,165.96,84003.303
1730448000000,165.96,166.55,165.55,165.8,65976.528
1730451600000,165.81,167.0,165.56,167.0,55200.022
1730455200000,166.99,168.77,166.92,168.19,146639.254
1730458800000,168.19,168.69,167.68,167.88,132043.2
1730462400000,167.88,169.76,167.69,169.65,181597.696
1730466000000,169.65,173.0,169.16,172.97,284063.461
1730469600000,172.96,174.0,170.5,171.48,293276.859
1730473200000,171.49,171.75,163.43,164.09,455822.538
1730476800000,164.1,167.67,163.69,166.31,276541.693
1730480400000,166.31,167.81,165.9,166.5,97904.99
1730484000000,166.49,167.11,165.94,166.18,97963.216
1730487600000,166.18,166.83,165.38,166.6,74631.605
1730491200000,166.6,167.12,165.61,165.68,44100.46
1730494800000,165.67,165.68,163.93,165.26,88852.857
1730498400000,165.25,165.93,164.73,165.85,47730.187
1730502000000,165.85,166.41,165.58,166.1,41229.168
1730505600000,166.11,167.36,166.05,166.87,45057.411
1730509200000,166.87,167.75,166.76,167.4,45234.277
1730512800000,167.4,168.61,167.21,167.48,58953.717
1730516400000,167.49,167.71,166.71,167.0,51064.886
1730520000000,166.99,167.12,166.3,166.32,32239.126
1730523600000,166.32,167.01,165.66,166.88,35944.955
1730527200000,166.88,167.0,166.26,166.9,22765.927
1730530800000,166.9,167.7,166.45,167.64,58089.409
1730534400000,167.63,167.86,166.49,166.61,57315.798
1730538000000,166.61,167.11,166.2,166.37,45967.412
1730541600000,166.38,166.58,165.92,166.42,38682.71
1730545200000,166.41,166.57,165.85,166.04,33611.413
1730548800000,166.03,166.44,164.8,164.98,75440.177
1730552400000,164.97,165.9,164.14,164.25,89252.8
1730556000000,164.25,164.66,162.52,163.46,248745.494
1730559600000,163.46,163.94,162.11,163.82,148181.891
1730563200000,163.82,165.41,163.59,164.8,89932.098
1730566800000,164.8,164.83,163.58,163.98,102831.035
1730570400000,163.99,164.28,163.0,163.96,70489.891
1730574000000,163.96,165.36,163.84,165.15,47664.904
1730577600000,165.15,166.88,164.94,166.67,98157.081
1730581200000,166.66,166.93,166.17,166.2,38303.12
1730584800000,166.21,166.68,165.64,165.9,33303.656
1730588400000,165.89,166.17,165.2,166.17,36044.415
1730592000000,166.16,166.61,165.2,165.2,48922.664
1730595600000,165.21,165.45,163.87,163.87,59978.875
1730599200000,163.87,164.33,161.04,162.18,293123.196
1730602800000,162.19,162.53,160.84,161.94,144906.568
1730606400000,161.95,163.63,161.81,163.11,61354.276
1730610000000,163.11,163.41,161.98,162.0,55213.885
1730613600000,162.01,163.61,161.79,163.17,54419.751
1730617200000,163.17,164.08,162.99,163.53,49143.988
1730620800000,163.53,164.03,163.11,163.77,67131.036
1730624400000,163.77,164.09,162.65,162.84,61746.327
1730628000000,162.85,164.54,162.85,164.14,73520.42
1730631600000,164.13,164.85,163.32,163.62,66747.771
1730635200000,163.62,164.61,163.19,163.55,70161.422
1730638800000,163.56,163.81,160.69,161.0,128400.729
1730642400000,161.01,161.61,158.62,159.31,366076.005
1730646000000,159.32,160.26,157.82,159.99,293636.325
1730649600000,159.99,161.35,159.38,159.51,178131.94
1730653200000,159.5,161.83,159.48,161.03,85428.765
1730656800000,161.03,161.34,158.06,158.92,117704.421
1730660400000,158.91,161.29,158.82,161.06,91041.92
1730664000000,161.06,162.87,160.5,162.73,115799.733
1730667600000,162.74,163.83,162.5,163.26,110320.922
1730671200000,163.27,163.77,162.33,162.84,75026.013
1730674800000,162.83,163.14,161.82,162.53,77372.877
1730678400000,162.52,162.53,160.48,161.64,90410.597
1730682000000,161.63,163.62,161.22,162.91,110410.462
1730685600000,162.91,164.48,162.44,164.46,121175.051
1730689200000,164.45,165.04,162.72,162.82,95276.491
1730692800000,162.83,163.85,162.77,162.99,73287.175
1730696400000,162.99,163.13,161.35,161.49,99842.437
1730700000000,161.48,162.75,161.45,162.61,86867.942
1730703600000,162.61,162.82,161.4,161.41,73017.824
1730707200000,161.41,161.94,160.07,160.65,105825.836
1730710800000,160.66,162.03,160.6,161.86,124493.097
1730714400000,161.85,163.81,161.59,163.43,137983.436
1730718000000,163.43,164.93,163.0,164.08,169098.97
1730721600000,164.08,164.98,163.57,164.2,117504.191
1730725200000,164.2,165.0,163.29,163.34,172011.852
1730728800000,163.34,164.4,162.02,162.55,139111.277
1730732400000,162.55,163.52,161.62,163.03,116594.9
1730736000000,163.04,163.47,159.88,160.19,175144.419
1730739600000,160.18,161.66,159.79,160.57,146124.86
1730743200000,160.57,161.33,159.14,159.22,97762.869
1730746800000,159.22,160.22,159.17,159.59,80939.304
1730750400000,159.59,160.0,158.21,158.35,108281.957
1730754000000,158.34,159.16,155.15,155.37,284978.753
1730757600000,155.36,158.78,155.11,158.02,170891.616
1730761200000,158.02,158.34,157.15,157.95,122216.009
1730764800000,157.95,159.12,157.84,158.57,116420.242
1730768400000,158.58,158.82,156.86,158.25,164953.769
1730772000000,158.25,159.12,157.98,158.27,127642.483
1730775600000,158.27,159.71,158.22,159.66,114875.329
1730779200000,159.65,160.35,159.35,159.97,108389.547
1730782800000,159.97,161.03,159.7,160.78,110406.186
1730786400000,160.78,161.07,159.95,160.96,86044.133
1730790000000,160.96,162.47,160.65,162.04,110955.583
1730793600000,162.04,162.56,161.69,162.55,158253.956
1730797200000,162.55,163.08,161.78,161.81,118539.03
1730800800000,161.81,161.97,161.03,161.72,77927.79
1730804400000,161.72,162.82,161.72,162.39,83853.298
1730808000000,162.38,164.25,161.84,163.44,186059.214
1730811600000,163.44,163.93,162.81,163.73,83600.171
1730815200000,163.73,167.94,163.41,166.9,394625.606
1730818800000,166.89,167.56,164.55,165.94,241833.818
1730822400000,165.95,168.85,165.64,168.56,223899.095
1730826000000,168.56,169.3,166.67,166.72,193431.458
1730829600000,166.72,167.35,165.97,166.86,118346.737
1730833200000,166.86,167.42,163.36,164.09,166553.513
1730836800000,164.09,166.97,163.11,166.83,200552.579
1730840400000,166.83,166.96,165.09,165.36,72166.898
1730844000000,165.37,167.42,164.49,167.39,89190.388
1730847600000,167.39,167.71,166.37,166.62,89636.048
1730851200000,166.63,173.09,166.4,172.53,375438.67
1730854800000,172.52,174.66,171.6,173.29,391168.648
1730858400000,173.29,180.0,172.57,179.63,605830.955
1730862000000,179.63,185.0,179.0,184.94,1423382.581
1730865600000,184.94,188.36,182.69,185.1,902178.41
1730869200000,185.08,186.06,183.62,185.22,604110.061
1730872800000,185.23,188.13,184.9,185.16,529727.019
1730876400000,185.15,188.15,183.04,183.83,701299.568
1730880000000,183.82,184.45,180.11,183.16,768189.213
1730883600000,183.16,185.05,183.16,184.29,353501.937
1730887200000,184.3,185.5,183.56,185.15,180947.771
1730890800000,185.14,186.85,184.63,186.72,235887.606
1730894400000,186.72,188.7,186.09,186.3,317567.474
1730898000000,186.31,187.56,185.47,186.95,345697.697
1730901600000,186.94,188.69,184.5,184.94,482143.549
1730905200000,184.94,187.81,184.26,185.51,437040.823
1730908800000,185.51,186.23,184.74,186.19,193997.425
1730912400000,186.18,186.78,185.0,185.68,182331.878
1730916000000,185.67,187.59,185.59,187.57,154194.331
1730919600000,187.57,188.37,186.53,188.36,232152.101
1730923200000,188.36,188.57,186.42,187.45,249296.721
1730926800000,187.45,189.99,186.57,188.86,354046.434
1730930400000,188.86,190.01,188.35,189.04,183821.071
1730934000000,189.03,189.19,186.55,186.59,181284.049
1730937600000,186.59,187.44,185.84,187.27,165544.144
1730941200000,187.27,191.85,186.81,189.47,397434.466
1730944800000,189.47,191.95,189.35,191.42,203570.226
1730948400000,191.43,191.45,188.58,189.08,177076.819
1730952000000,189.08,190.04,188.1,188.5,153803.465
1730955600000,188.51,188.89,187.68,188.86,111981.538
1730959200000,188.86,188.97,186.0,187.46,173628.22
1730962800000,187.45,188.41,187.0,188.01,94494.383
1730966400000,188.01,189.35,187.91,188.97,121311.159
1730970000000,188.97,188.99,187.57,188.38,78934.716
1730973600000,188.38,188.42,186.57,187.54,106665.953
1730977200000,187.53,187.88,185.96,186.04,114096.801
1730980800000,186.05,187.97,185.97,187.57,88748.882
1730984400000,187.57,188.4,185.96,186.08,99703.945
1730988000000,186.08,188.36,185.97,187.67,127591.955
1730991600000,187.67,192.78,187.39,192.66,329265.485
1730995200000,192.65,194.37,190.94,193.92,352602.47
1730998800000,193.91,196.15,192.85,195.95,277255.454
1731002400000,195.95,197.84,194.62,196.87,323792.613
1731006000000,196.85,197.28,194.26,197.0,212004.791
1731009600000,196.99,197.6,195.83,197.12,152821.007
1731013200000,197.12,197.78,196.18,196.22,105461.435
1731016800000,196.21,196.84,194.5,195.25,112160.881
1731020400000,195.25,196.54,194.13,196.35,130379.012
1731024000000,196.36,201.0,196.35,198.9,549125.374
1731027600000,198.9,200.33,197.67,198.29,300030.903
1731031200000,198.29,198.5,195.64,195.94,166542.187
1731034800000,195.95,198.58,195.74,198.15,92975.433
1731038400000,198.16,198.93,197.57,197.77,117429.342
1731042000000,197.78,200.18,197.72,199.2,160561.698
1731045600000,199.19,199.83,198.0,198.79,121873.167
1731049200000,198.79,200.8,197.39,200.38,231478.778
1731052800000,200.38,200.5,198.09,199.26,136804.665
1731056400000,199.26,202.86,198.9,202.29,311170.501
1731060000000,202.28,204.19,201.0,203.57,236364.242
1731063600000,203.57,205.0,202.96,203.06,262208.319
1731067200000,203.05,204.1,202.34,202.66,137078.287
1731070800000,202.65,205.0,202.16,204.57,225891.794
1731074400000,204.56,204.97,199.41,199.61,369295.916
1731078000000,199.6,201.99,198.41,200.99,390579.528
1731081600000,200.98,201.55,196.96,197.07,282949.382
1731085200000,197.07,199.56,196.21,199.14,210150.49
1731088800000,199.14,202.1,198.52,199.62,239932.736
1731092400000,199.62,201.59,199.53,199.55,185153.948
1731096000000,199.54,200.19,197.66,198.47,149376.815
1731099600000,198.47,199.15,197.1,198.83,95041.332
1731103200000,198.83,199.77,198.27,198.91,90482.657
1731106800000,198.92,199.97,198.18,199.85,66746.694
1731110400000,199.86,200.12,198.63,199.65,81778.925
1731114000000,199.65,200.07,198.7,199.37,84959.83
1731117600000,199.36,199.85,197.21,199.55,113263.107
1731121200000,199.54,200.26,198.2,198.97,104329.404
1731124800000,198.96,200.11,198.96,199.62,76754.175
1731128400000,199.63,201.82,199.46,200.94,174211.631
1731132000000,200.95,202.41,200.4,200.81,129517.259
1731135600000,200.81,200.91,199.64,200.26,73739.073
1731139200000,200.27,202.56,199.91,201.43,133926.963
1731142800000,201.43,202.62,201.37,201.77,94346.336
1731146400000,201.77,203.45,201.38,203.03,112882.311
1731150000000,203.02,203.14,201.4,202.18,94471.863
1731153600000,202.17,202.56,200.0,200.01,130706.109
1731157200000,200.01,201.0,199.38,199.59,90055.678
1731160800000,199.59,199.6,197.46,198.21,195079.677
1731164400000,198.22,198.72,197.35,198.4,132322.8
1731168000000,198.39,198.71,196.54,196.75,153275.103
1731171600000,196.75,198.1,194.86,198.01,215382.966
1731175200000,198.01,198.95,197.77,198.81,89401.835
1731178800000,198.82,199.59,197.47,197.75,105125.128
1731182400000,197.75,198.65,197.4,198.51,59727.835
1731186000000,198.51,199.41,198.03,198.33,61897.699
1731189600000,198.33,200.09,198.14,200.05,103101.68
1731193200000,200.05,201.99,199.55,199.89,223047.609
1731196800000,199.89,201.8,198.68,200.49,181566.745
1731200400000,200.49,200.71,198.75,200.1,135341.721
1731204000000,200.09,204.91,200.0,202.39,445292.105
1731207600000,202.4,203.31,201.41,201.42,171212.41
1731211200000,201.41,205.45,200.92,204.96,297841.413
1731214800000,204.95,209.0,204.33,206.87,632600.01
1731218400000,206.86,207.32,204.74,205.72,301559.248
1731222000000,205.72,206.78,205.01,205.06,300724.761
1731225600000,205.06,205.58,204.02,205.31,162964.474
1731229200000,205.31,206.26,204.7,205.31,197575.902
1731232800000,205.31,206.12,204.49,205.35,220461.996
1731236400000,205.36,207.39,204.75,206.59,185235.003
1731240000000,206.59,207.68,203.47,205.49,370837.107
1731243600000,205.49,206.83,204.8,206.63,194540.924
1731247200000,206.63,209.47,204.36,206.54,460630.567
1731250800000,206.55,213.3,205.57,212.23,661766.55
1731254400000,212.23,212.75,209.0,211.05,403173.541
1731258000000,211.05,215.27,210.53,212.75,356834.127
1731261600000,212.75,214.86,211.88,212.25,370859.184
1731265200000,212.25,213.07,206.25,208.47,376025.382
1731268800000,208.48,209.54,202.39,202.49,395527.577
1731272400000,202.49,208.21,199.73,207.33,467762.449
1731276000000,207.33,213.97,206.7,210.53,462288.113
1731279600000,210.53,211.0,208.53,210.07,216006.921
1731283200000,210.07,211.0,209.41,210.67,325563.242
1731286800000,210.66,212.38,209.43,210.49,277234.52
1731290400000,210.48,211.7,209.5,211.45,265557.715
1731294000000,211.44,211.5,208.13,210.0,235907.772
1731297600000,210.0,210.26,206.43,207.89,190541.13
1731301200000,207.89,208.15,204.16,206.14,468874.424
1731304800000,206.15,208.22,205.01,207.06,417548.721
1731308400000,207.07,208.67,206.48,208.01,227138.045
1731312000000,208.0,209.42,206.6,208.77,164272.237
1731315600000,208.77,211.18,208.0,211.05,259397.534
1731319200000,211.06,216.79,210.93,215.7,669823.071
1731322800000,215.69,217.67,214.63,217.62,326742.809
1731326400000,217.62,219.38,215.3,216.03,476490.876
1731330000000,216.03,217.2,214.47,217.04,317319.894
1731333600000,217.04,221.0,216.34,218.81,568511.222
1731337200000,218.81,220.69,217.44,219.0,603934.853
1731340800000,219.0,222.0,217.65,218.0,595799.4
1731344400000,218.0,220.45,217.39,219.09,265046.183
1731348000000,219.09,219.69,216.61,219.3,265886.216
1731351600000,219.3,221.11,216.03,217.82,418067.392
1731355200000,217.81,223.0,217.55,218.75,432418.664
1731358800000,218.76,221.22,217.82,218.89,326031.636
1731362400000,218.89,220.45,216.67,220.26,273783.97
1731366000000,220.26,224.0,219.51,222.13,563415.442
1731369600000,222.12,222.57,215.0,220.46,501396.954
1731373200000,220.46,221.41,218.3,218.98,371388.935
1731376800000,218.97,219.93,215.25,217.58,271308.524
1731380400000,217.59,220.86,216.46,220.64,238520.659
1731384000000,220.63,221.5,218.42,218.44,217645.052
1731387600000,218.44,220.24,216.02,217.77,256870.452
1731391200000,217.77,221.0,217.43,219.92,303694.641
1731394800000,219.91,221.92,218.6,221.84,302352.941
1731398400000,221.84,224.95,220.59,224.86,382390.719
1731402000000,224.86,225.21,215.68,215.7,583162.88
1731405600000,215.7,217.45,208.49,213.16,1037825.689
1731409200000,213.15,215.75,210.84,211.13,561850.678
1731412800000,211.12,213.98,207.27,208.93,643502.435
1731416400000,208.93,210.25,204.71,209.62,575493.65
1731420000000,209.62,213.38,206.87,213.3,423968.176
1731423600000,213.3,213.62,209.93,210.53,381029.563
1731427200000,210.54,212.52,206.61,211.58,378155.488
1731430800000,211.59,212.7,209.56,209.62,210903.335
1731434400000,209.63,214.35,209.61,213.25,214965.244
1731438000000,213.24,215.35,212.87,213.17,244866.82
1731441600000,213.17,213.81,211.58,212.86,188423.217
1731445200000,212.85,213.6,210.08,212.94,277513.412
1731448800000,212.94,215.46,211.79,215.05,204459.432
1731452400000,215.04,215.07,211.43,211.64,230301.763
1731456000000,211.63,213.2,210.33,210.54,217231.48
1731459600000,210.53,211.93,207.78,210.39,313197.253
1731463200000,210.4,210.72,204.38,207.4,333871.906
1731466800000,207.39,208.16,203.02,203.18,336902.113
1731470400000,203.19,205.67,200.67,205.24,486305.555
1731474000000,205.24,207.27,203.77,204.52,301383.065
1731477600000,204.52,206.42,201.68,202.25,342388.847
1731481200000,202.25,205.69,201.44,205.22,450620.174
1731484800000,205.22,207.1,203.85,205.84,243179.159
1731488400000,205.84,208.0,205.18,206.3,275504.07
1731492000000,206.3,208.44,205.62,207.22,305979.495
1731495600000,207.23,209.45,206.84,207.71,212102.444
1731499200000,207.71,208.51,205.95,207.47,231746.091
1731502800000,207.47,215.29,206.42,212.42,793597.813
1731506400000,212.43,217.3,209.87,216.71,1172439.67
1731510000000,216.72,217.04,211.54,216.4,946066.509
1731513600000,216.39,218.34,212.63,217.12,663831.622
1731517200000,217.13,220.44,215.9,218.97,613241.588
1731520800000,218.97,220.0,216.7,219.59,393677.861
1731524400000,219.6,220.29,210.31,210.87,867837.308
1731528000000,210.87,214.33,208.12,211.7,419715.251
1731531600000,211.7,212.04,205.93,210.14,484294.15
1731535200000,210.14,214.46,209.47,213.05,207849.677
1731538800000,213.04,215.5,211.94,215.13,221089.698
1731542400000,215.14,215.74,213.05,213.23,239572.053
1731546000000,213.23,216.1,212.05,216.05,320497.177
1731549600000,216.05,216.31,213.19,214.9,241299.202
1731553200000,214.89,219.5,212.78,219.44,360049.105
1731556800000,219.44,220.25,216.94,219.98,360926.804
1731560400000,219.99,220.09,217.23,218.93,259729.595
1731564000000,218.93,220.73,215.81,215.82,298603.523
1731567600000,215.82,219.0,215.16,218.12,268263.513
1731571200000,218.12,220.94,217.6,219.34,311468.928
1731574800000,219.34,222.8,219.29,221.72,400550.441
1731578400000,221.71,222.1,217.01,217.42,252605.32
1731582000000,217.42,217.86,213.51,216.04,474451.7
1731585600000,216.03,217.5,215.04,216.35,258880.023
1731589200000,216.34,217.8,213.51,214.29,284468.465
1731592800000,214.28,217.96,210.38,210.48,629308.768
1731596400000,210.49,213.53,209.03,210.84,503303.949
1731600000000,210.84,217.12,209.85,217.04,429091.46
1731603600000,217.04,217.08,214.4,215.41,204884.105
1731607200000,215.41,216.79,213.93,214.49,182224.619
1731610800000,214.49,216.22,214.31,215.62,157108.637
1731614400000,215.61,215.61,212.01,213.69,226596.131
1731618000000,213.69,215.27,212.07,214.53,241056.138
1731621600000,214.53,214.87,210.01,212.07,219184.534
1731625200000,212.06,212.69,206.78,209.57,334399.518
1731628800000,209.57,212.88,209.25,209.8,273890.94
1731632400000,209.8,211.13,208.34,209.98,267745.13
1731636000000,209.98,210.67,208.03,210.22,149654.661
1731639600000,210.23,210.67,208.86,209.02,162949.602
1731643200000,209.01,209.13,204.48,205.87,355990.613
1731646800000,205.87,208.68,204.91,208.48,164924.634
1731650400000,208.48,210.42,208.47,209.89,136139.309
1731654000000,209.89,210.66,209.17,209.18,124529.42
1731657600000,209.19,211.36,207.82,211.32,173717.321
1731661200000,211.32,213.44,211.0,213.06,244600.825
1731664800000,213.06,213.93,212.4,213.37,127339.642
1731668400000,213.37,213.73,212.25,213.58,122708.043
1731672000000,213.57,215.14,212.75,213.97,243491.493
1731675600000,213.97,214.98,213.1,214.74,211611.854
1731679200000,214.73,215.33,210.2,211.28,348185.168
1731682800000,211.26,211.26,206.71,208.32,383997.171
1731686400000,208.32,211.33,208.04,209.6,247665.898
1731690000000,209.6,212.45,209.28,210.77,178276.997
1731693600000,210.77,211.4,208.98,210.64,138792.215
1731697200000,210.64,213.52,210.35,212.38,180999.206
1731700800000,212.38,216.0,212.25,215.99,206840.764
1731704400000,215.99,219.4,215.52,218.78,377452.495
1731708000000,218.77,219.65,217.53,218.24,176881.483
1731711600000,218.23,220.5,218.11,218.45,272707.04
1731715200000,218.44,218.58,215.88,217.1,229142.024
1731718800000,217.11,218.95,216.95,218.43,126000.263
1731722400000,218.42,219.96,218.09,218.84,150420.954
1731726000000,218.84,221.61,218.64,221.35,190032.738
1731729600000,221.34,221.8,219.68,219.92,145255.795
1731733200000,219.93,221.99,219.48,220.9,157091.087
1731736800000,220.9,220.96,218.45,218.58,180353.035
1731740400000,218.59,220.19,218.53,218.91,121684.867
1731744000000,218.91,219.62,218.02,219.38,127282.419
1731747600000,219.38,219.76,217.46,217.57,144319.3
1731751200000,217.57,219.07,217.28,218.38,138040.702
1731754800000,218.38,218.93,216.61,218.9,163705.511
1731758400000,218.9,221.8,216.2,219.26,435536.591
1731762000000,219.25,221.15,217.73,217.88,207164.735
1731765600000,217.88,219.16,216.6,217.23,220007.485
1731769200000,217.23,217.47,213.72,215.03,392792.083
1731772800000,215.03,215.96,213.35,214.42,226230.048
1731776400000,214.41,216.3,213.68,215.54,158258.9
1731780000000,215.53,216.91,214.98,216.5,146256.893
1731783600000,216.5,217.0,215.81,216.27,114188.172
1731787200000,216.27,216.92,214.73,215.33,111333.605
1731790800000,215.33,217.0,215.03,216.98,106208.012
1731794400000,216.98,217.36,214.1,214.2,89322.872
1731798000000,214.19,216.24,214.01,215.71,123841.209
1731801600000,215.72,218.55,215.56,217.7,162358.033
1731805200000,217.71,219.5,214.24,216.15,231358.233
1731808800000,216.15,217.37,212.1,216.17,299725.544
1731812400000,216.17,221.5,215.0,221.37,320453.648
1731816000000,221.37,236.0,221.37,235.08,1509256.538
1731819600000,235.07,239.63,234.18,236.59,605220.693
1731823200000,236.58,239.9,235.61,239.43,477332.06
1731826800000,239.43,239.8,236.5,237.23,322955.061
1731830400000,237.22,242.33,237.22,237.74,540595.841
1731834000000,237.74,238.75,235.65,238.15,301459.519
1731837600000,238.15,241.29,237.42,240.67,258378.8
1731841200000,240.66,241.75,234.29,234.81,425165.095
1731844800000,234.81,236.01,231.56,234.8,430432.688
1731848400000,234.79,234.97,229.4,231.47,433999.234
1731852000000,231.46,233.96,231.01,233.4,314937.689
1731855600000,233.4,235.18,232.3,233.96,190728.773
1731859200000,233.96,234.75,232.29,233.48,209209.63
1731862800000,233.48,234.79,231.51,233.86,190428.269
1731866400000,233.87,234.58,231.21,232.74,158095.099
1731870000000,232.75,235.59,231.64,235.4,174984.659
1731873600000,235.4,237.24,233.79,235.87,203971.491
1731877200000,235.87,236.72,232.71,233.05,197491.501
1731880800000,233.04,235.8,231.59,234.74,235536.064
1731884400000,234.73,238.4,233.33,237.47,239350.042
1731888000000,237.47,238.56,234.01,235.11,251836.005
1731891600000,235.1,239.84,234.38,237.56,256194.477
1731895200000,237.56,240.0,237.23,239.67,174781.88
1731898800000,239.67,244.47,237.15,244.18,407447.308
1731902400000,244.18,245.27,240.59,242.5,380137.339
1731906000000,242.49,244.44,241.51,243.1,279780.822
1731909600000,243.1,243.75,241.28,241.95,307065.546
1731913200000,241.96,242.57,239.39,242.05,258479.334
1731916800000,242.06,243.14,239.74,242.65,227519.844
1731920400000,242.66,245.65,241.19,244.7,263327.304
1731924000000,244.69,248.44,243.65,247.34,415009.171
1731927600000,247.34,247.39,241.49,242.5,430011.848
1731931200000,242.51,244.27,241.26,243.02,248175.866
1731934800000,243.01,243.86,238.26,238.71,443146.11
1731938400000,238.7,245.0,238.04,241.67,428756.835
1731942000000,241.66,244.98,240.36,243.33,418443.516
1731945600000,243.33,243.94,238.32,240.04,488758.348
1731949200000,240.03,242.32,237.06,239.79,282872.142
1731952800000,239.79,241.91,237.05,238.51,254505.381
1731956400000,238.51,238.89,234.26,236.28,458845.346
1731960000000,236.29,240.44,235.7,238.68,329051.797
1731963600000,238.69,240.9,238.11,238.31,203678.166
1731967200000,238.3,240.5,238.25,239.43,128402.711
1731970800000,239.43,240.3,237.75,239.79,149623.265
1731974400000,239.79,240.96,237.54,239.58,160429.356
1731978000000,239.57,240.71,238.44,238.66,119890.008
1731981600000,238.65,241.35,238.21,241.35,112663.465
1731985200000,241.36,243.39,240.44,240.61,212971.736
1731988800000,240.6,241.13,238.7,239.86,249757.562
1731992400000,239.86,242.27,239.3,240.93,164296.319
1731996000000,240.93,243.22,240.66,243.22,130511.8
1731999600000,243.22,244.62,242.5,243.32,223220.073
1732003200000,243.32,245.35,242.89,244.52,330567.866
1732006800000,244.51,246.18,241.93,244.92,304197.192
1732010400000,244.92,246.0,244.35,245.98,202308.989
1732014000000,245.99,247.0,245.47,246.07,163437.133
1732017600000,246.07,247.5,244.54,245.24,216385.507
1732021200000,245.24,245.47,239.86,239.99,394966.318
1732024800000,239.99,240.77,238.36,239.51,487381.748
1732028400000,239.52,241.26,238.45,240.58,256772.392
1732032000000,240.59,242.4,240.09,242.05,208439.256
1732035600000,242.05,243.3,240.71,242.99,156282.374
1732039200000,243.0,244.54,242.0,243.56,291459.307
1732042800000,243.57,244.53,242.08,243.54,175574.391
1732046400000,243.54,244.23,238.54,239.68,216316.959
1732050000000,239.68,240.43,234.42,236.49,427348.576
1732053600000,236.49,237.21,233.4,235.45,219599.904
1732057200000,235.46,237.91,234.8,237.63,170835.171
1732060800000,237.64,237.73,235.5,236.93,181823.523
1732064400000,236.94,237.91,234.22,234.8,206161.459
1732068000000,234.8,235.06,232.32,232.87,286001.787
1732071600000,232.88,233.88,230.37,233.81,314210.7
1732075200000,233.81,234.0,231.47,233.63,157716.511
1732078800000,233.62,235.11,232.64,234.95,163442.896
1732082400000,234.96,235.64,234.28,234.67,142261.449
1732086000000,234.66,236.36,234.13,235.94,137475.593
1732089600000,235.94,238.78,235.5,237.54,253547.592
1732093200000,237.56,238.41,236.54,237.56,160018.732
1732096800000,237.55,238.37,236.48,236.73,137278.551
1732100400000,236.72,238.37,234.77,237.55,189177.04
1732104000000,237.55,238.61,235.51,236.43,165437.702
1732107600000,236.43,238.8,235.5,238.49,241853.712
1732111200000,238.49,242.54,238.09,240.08,506491.883
1732114800000,240.08,240.62,235.9,238.37,342692.038
1732118400000,238.37,239.14,232.36,234.7,467527.549
1732122000000,234.71,235.61,231.72,231.81,232365.314
1732125600000,231.82,234.23,231.01,233.13,306681.096
1732129200000,233.12,233.37,230.95,233.0,220706.0
1732132800000,233.0,235.44,231.73,234.98,167552.173
1732136400000,234.97,238.06,234.32,236.56,234479.802
1732140000000,236.56,237.99,235.2,236.44,142418.292
1732143600000,236.43,237.36,234.86,235.48,114882.082
1732147200000,235.48,238.3,234.89,237.75,155219.659
1732150800000,237.74,238.7,236.36,236.37,142179.754
1732154400000,236.37,236.54,229.6,232.15,383121.618
1732158000000,232.15,236.89,231.7,235.82,266614.373
1732161600000,235.82,241.83,235.66,240.38,564132.979
1732165200000,240.39,242.0,238.24,239.11,348924.029
1732168800000,239.11,239.36,236.83,238.09,195014.382
1732172400000,238.09,242.78,238.09,241.47,247900.813
1732176000000,241.48,242.62,240.79,242.09,155586.036
1732179600000,242.08,243.49,241.49,241.78,248322.366
1732183200000,241.77,242.77,240.25,241.88,198624.066
1732186800000,241.88,242.58,239.79,239.97,234102.684
1732190400000,239.98,246.14,239.95,242.48,542098.209
1732194000000,242.48,248.63,242.41,245.33,464680.045
1732197600000,245.33,253.0,242.55,251.63,767876.309
1732201200000,251.63,252.49,243.42,248.86,878147.835
1732204800000,248.87,255.34,248.3,254.76,568227.994
1732208400000,254.75,258.99,253.27,257.31,690809.346
1732212000000,257.29,259.28,256.1,258.27,395710.41
1732215600000,258.27,259.8,253.4,253.93,403224.665
1732219200000,253.93,256.89,252.92,254.23,251390.1
1732222800000,254.23,255.53,252.89,253.12,199217.177
1732226400000,253.11,255.32,253.11,254.92,128550.069
1732230000000,254.92,257.5,254.81,256.37,166265.076
1732233600000,256.38,258.69,253.96,254.4,234223.56
1732237200000,254.4,257.25,252.37,255.05,258884.503
1732240800000,255.06,259.67,255.05,257.92,227973.612
1732244400000,257.92,264.39,257.01,262.48,533317.88
1732248000000,262.48,262.8,260.05,260.82,225432.92
1732251600000,260.81,262.59,259.5,260.53,171015.517
1732255200000,260.52,261.13,257.84,259.15,204908.506
1732258800000,259.15,261.01,258.45,259.22,257763.996
1732262400000,259.23,260.96,258.54,259.82,139695.907
1732266000000,259.83,259.97,258.3,258.47,187277.301
1732269600000,258.46,259.02,256.5,257.21,159790.869
1732273200000,257.21,259.51,256.23,259.26,152761.271
1732276800000,259.26,260.35,258.5,259.96,157888.755
1732280400000,259.95,259.99,252.93,254.96,474661.125
1732284000000,254.96,257.03,252.48,253.34,277148.208
1732287600000,253.35,256.65,252.85,256.38,256228.176
1732291200000,256.38,256.38,253.92,255.16,195528.759
1732294800000,255.15,255.99,253.91,254.37,172023.519
1732298400000,254.37,255.06,251.47,252.9,185159.015
1732302000000,252.91,255.37,251.48,254.04,189840.512
1732305600000,254.04,255.44,253.28,255.15,128932.508
1732309200000,255.16,257.91,253.59,257.26,138261.459
1732312800000,257.26,257.48,254.6,254.84,116881.996
1732316400000,254.84,256.9,254.46,256.9,109582.031
1732320000000,256.9,257.73,255.3,255.45,166597.164
1732323600000,255.46,257.74,254.55,256.57,184075.34
1732327200000,256.57,256.66,253.34,254.26,152639.973
1732330800000,254.25,257.34,253.46,257.2,169360.705
1732334400000,257.2,264.0,256.9,262.11,598828.755
1732338000000,262.1,263.49,258.13,259.9,210183.215
1732341600000,259.89,260.3,258.54,259.21,138149.104
1732345200000,259.21,260.48,257.42,258.26,118411.343
1732348800000,258.27,259.46,257.5,257.98,132120.406
1732352400000,257.97,259.07,257.42,258.16,90883.937
1732356000000,258.16,258.83,256.5,256.76,141620.273
1732359600000,256.77,257.36,255.8,256.14,117034.286
1732363200000,256.13,258.3,255.91,257.55,145862.118
1732366800000,257.56,260.18,257.54,259.79,206550.536
1732370400000,259.79,263.37,258.7,262.83,406475.812
1732374000000,262.82,263.6,259.52,259.71,304944.19
1732377600000,259.71,260.3,254.72,256.64,503432.195
1732381200000,256.65,258.16,254.76,257.21,313033.624
1732384800000,257.2,257.21,255.35,256.14,110830.005
1732388400000,256.15,256.72,254.15,254.39,130667.538
1732392000000,254.38,255.49,252.69,255.46,186507.007
1732395600000,255.47,255.76,254.21,255.33,129442.123
1732399200000,255.34,256.06,254.5,254.95,82084.754
1732402800000,254.96,255.32,252.9,254.89,97048.824
1732406400000,254.9,258.38,254.49,258.15,134763.643
1732410000000,258.15,259.78,257.88,258.67,159967.898
1732413600000,258.68,259.52,258.16,258.41,93401.069
1732417200000,258.41,259.15,257.32,258.57,99729.758
1732420800000,258.58,259.2,255.64,256.86,86145.135
1732424400000,256.86,257.25,254.06,255.15,108786.639
1732428000000,255.16,256.48,254.16,256.15,81863.774
1732431600000,256.15,256.7,255.47,256.63,48906.573
1732435200000,256.63,256.75,253.85,254.01,105872.896
1732438800000,254.02,255.2,253.0,254.4,122356.966
1732442400000,254.39,254.57,248.55,251.95,225043.566
1732446000000,251.95,252.3,248.0,248.39,306684.763
1732449600000,248.39,250.21,240.93,244.81,454853.952
1732453200000,244.82,249.01,243.33,247.64,283846.866
1732456800000,247.64,247.81,244.3,247.31,197639.647
1732460400000,247.31,247.69,244.03,244.17,200980.992
1732464000000,244.18,248.65,243.66,246.84,193377.329
1732467600000,246.84,248.09,245.37,247.55,103150.381
1732471200000,247.54,250.44,247.05,249.74,112032.238
1732474800000,249.74,249.88,247.6,248.58,73047.839
1732478400000,248.57,254.0,248.14,250.75,126121.65
1732482000000,250.75,251.48,249.5,251.0,82590.683
1732485600000,250.99,253.47,250.71,253.47,116404.132
1732489200000,253.46,254.76,252.32,252.73,147677.423
1732492800000,252.74,253.18,250.5,251.06,103367.962
1732496400000,251.06,251.4,245.7,248.55,133506.676
1732500000000,248.55,251.57,248.39,249.97,94534.588
1732503600000,249.98,252.86,249.73,252.46,90616.912
1732507200000,252.45,253.82,251.89,252.38,122177.933
1732510800000,252.38,254.05,252.35,253.19,93829.629
1732514400000,253.19,253.96,251.66,251.91,115642.911
1732518000000,251.91,254.06,251.65,253.28,97131.446
1732521600000,253.28,255.2,253.04,254.75,112309.408
1732525200000,254.76,256.7,254.56,254.83,155039.723
1732528800000,254.83,255.67,253.09,253.9,132508.458
1732532400000,253.9,253.95,251.26,252.17,112417.776
1732536000000,252.17,252.55,250.2,251.11,112703.564
1732539600000,251.1,251.74,246.58,248.05,255061.372
1732543200000,248.05,248.98,242.01,242.06,363906.363
1732546800000,242.06,247.37,235.04,244.97,769568.448
1732550400000,244.97,246.13,241.41,243.01,266329.107
1732554000000,243.02,243.06,237.26,239.92,324819.142
1732557600000,239.93,242.1,238.76,239.94,143514.798
1732561200000,239.94,241.0,237.59,239.65,168097.75
1732564800000,239.65,241.15,238.43,239.91,150017.042
1732568400000,239.91,240.81,235.37,238.67,219873.434
1732572000000,238.67,238.67,231.21,236.75,404071.733
1732575600000,236.74,237.87,233.71,234.18,158590.142
1732579200000,234.18,238.78,233.57,235.42,202975.54
1732582800000,235.42,237.94,235.33,237.5,120162.879
1732586400000,237.49,239.62,237.09,238.74,141470.752
1732590000000,238.75,238.88,235.99,237.45,117106.84
1732593600000,237.44,237.89,235.91,237.2,83628.372
1732597200000,237.19,238.75,236.51,238.72,75360.688
1732600800000,238.72,239.66,237.72,238.31,110018.464
1732604400000,238.32,238.35,234.97,235.73,160022.125
1732608000000,235.72,235.89,230.83,232.65,458952.638
1732611600000,232.65,236.6,232.29,233.98,251490.14
1732615200000,233.98,234.83,226.94,227.0,305430.347
1732618800000,227.01,228.5,221.8,227.73,580432.036
1732622400000,227.73,229.77,225.82,227.69,319097.872
1732626000000,227.68,229.67,226.11,227.9,202063.766
1732629600000,227.91,232.64,225.81,230.79,402155.654
1732633200000,230.79,231.68,227.08,227.36,272329.481
1732636800000,227.36,232.49,226.61,231.76,226302.888
1732640400000,231.76,231.84,229.74,230.19,104473.65
1732644000000,230.19,230.3,223.4,225.9,254943.739
1732647600000,225.91,229.06,225.36,229.03,157306.05
1732651200000,229.03,231.84,227.4,230.7,186229.833
1732654800000,230.71,231.57,228.99,230.22,117711.973
1732658400000,230.25,232.2,229.74,229.92,101284.812
1732662000000,229.92,231.26,229.48,230.69,61670.917
1732665600000,230.69,232.75,229.31,229.62,104797.978
1732669200000,229.62,232.3,228.14,232.11,114566.947
1732672800000,232.12,233.81,230.0,233.71,99255.228
1732676400000,233.72,233.76,231.25,231.51,128577.612
1732680000000,231.51,233.78,229.64,229.99,241238.867
1732683600000,230.0,230.03,227.51,228.78,151440.514
1732687200000,228.78,231.94,228.76,230.65,126139.72
1732690800000,230.64,234.99,230.43,234.34,170042.259
1732694400000,234.35,234.45,233.03,233.46,124809.555
1732698000000,233.46,233.87,232.04,233.62,104415.645
1732701600000,233.62,237.08,232.77,235.92,195406.45
1732705200000,235.92,236.33,234.09,235.0,220295.222
1732708800000,234.99,235.27,232.61,234.63,189075.467
1732712400000,234.63,237.8,234.0,237.8,183520.748
1732716000000,237.79,240.0,236.51,239.39,269489.969
1732719600000,239.39,240.91,237.58,240.59,220904.242
1732723200000,240.59,241.14,238.27,238.75,258875.068
1732726800000,238.74,240.11,237.71,239.82,119965.331
1732730400000,239.82,240.56,238.99,239.51,128825.025
1732734000000,239.52,240.43,238.63,239.07,95203.554
1732737600000,239.06,243.0,238.78,241.66,213347.448
1732741200000,241.67,242.44,239.36,240.06,110006.558
1732744800000,240.06,242.11,239.78,240.67,103398.895
1732748400000,240.67,243.33,240.25,241.96,133685.995
1732752000000,241.96,245.28,240.54,245.1,210832.505
1732755600000,245.11,245.11,242.1,243.61,118201.368
1732759200000,243.61,244.99,241.86,242.14,103311.734
1732762800000,242.13,242.85,238.1,240.01,176478.572
1732766400000,240.01,241.15,239.22,240.15,97463.455
1732770000000,240.14,240.83,237.72,238.32,117591.028
1732773600000,238.33,238.87,236.61,238.46,169505.755
1732777200000,238.45,239.55,237.36,238.02,92991.675
1732780800000,238.03,239.14,236.56,238.65,124353.353
1732784400000,238.64,238.82,235.63,235.75,134335.361
1732788000000,235.76,236.76,234.37,235.61,126380.686
1732791600000,235.61,237.55,234.51,236.9,100388.248
1732795200000,236.89,237.24,234.84,235.88,108015.012
1732798800000,235.88,236.89,234.01,236.47,126775.141
1732802400000,236.46,237.73,234.73,235.26,123963.614
1732806000000,235.25,236.05,232.8,233.06,189359.59
1732809600000,233.06,235.75,233.06,234.76,86908.23
1732813200000,234.75,236.4,234.75,235.2,75040.609
1732816800000,235.21,237.04,235.21,236.67,89452.364
1732820400000,236.66,236.66,234.57,235.47,117958.983
1732824000000,235.47,236.16,234.9,235.76,38397.761
1732827600000,235.76,236.66,235.51,235.81,48598.541
1732831200000,235.81,238.0,235.61,237.96,55458.546
1732834800000,237.95,238.35,236.88,237.59,62270.929
1732838400000,237.58,238.8,236.71,236.88,68865.533
1732842000000,236.88,238.3,236.55,238.0,53679.9
1732845600000,238.0,241.55,237.97,241.5,135656.177
1732849200000,241.5,243.11,241.14,241.98,175738.862
1732852800000,241.97,242.18,240.2,240.51,96633.938
1732856400000,240.51,242.2,240.11,240.57,94543.977
1732860000000,240.57,241.28,239.84,240.72,87496.379
1732863600000,240.72,241.54,237.54,237.65,168750.663
1732867200000,237.66,239.17,237.66,238.98,82724.771
1732870800000,238.98,240.86,238.74,240.42,89523.095
1732874400000,240.42,241.8,240.26,241.77,93518.269
1732878000000,241.77,245.49,241.47,245.22,171843.329
1732881600000,245.22,246.77,242.09,243.06,262884.179
1732885200000,243.06,243.83,242.43,243.48,108477.622
1732888800000,243.49,245.03,242.58,245.02,135028.949
1732892400000,245.02,246.59,242.56,243.5,215862.323
1732896000000,243.51,244.55,241.92,241.94,180271.547
1732899600000,241.94,242.27,240.2,240.23,183231.107
1732903200000,240.22,242.44,239.97,241.94,126678.876
1732906800000,241.93,241.94,240.08,241.14,65125.648
1732910400000,241.14,242.79,240.95,242.48,54065.272
1732914000000,242.47,244.38,242.24,244.31,83773.7
1732917600000,244.31,245.3,243.76,243.82,91302.491
1732921200000,243.81,244.82,243.15,243.33,65129.472
1732924800000,243.33,243.35,240.19,240.56,124880.294
1732928400000,240.56,241.33,239.01,240.25,115843.011
1732932000000,240.25,242.13,240.0,241.95,95106.786
1732935600000,241.95,243.25,241.13,242.88,60204.345
1732939200000,242.89,243.24,241.96,242.24,52938.871
1732942800000,242.23,243.92,241.57,243.72,78429.647
1732946400000,243.72,244.82,242.03,242.74,138823.426
1732950000000,242.75,245.13,242.09,244.23,132954.026
1732953600000,244.22,245.4,243.39,244.18,152949.795
1732957200000,244.17,244.96,243.12,243.75,91319.042
1732960800000,243.74,243.88,240.18,240.38,129363.458
1732964400000,240.37,242.17,240.06,241.46,99384.26
1732968000000,241.47,243.08,241.18,242.43,83270.044
1732971600000,242.43,242.68,240.43,240.51,110511.914
1732975200000,240.5,241.61,238.92,239.13,130505.324
1732978800000,239.13,240.19,238.65,239.87,106043.223
1732982400000,239.87,240.55,239.05,240.1,66657.477
1732986000000,240.1,240.12,238.82,239.83,56380.895
1732989600000,239.83,240.2,238.84,239.72,58187.247
1732993200000,239.73,240.36,238.99,239.92,67480.836
1732996800000,239.91,241.0,239.58,240.93,69803.337
1733000400000,240.93,241.17,240.26,240.57,58650.972
1733004000000,240.57,240.59,237.91,238.41,126651.064
1733007600000,238.4,239.27,237.5,237.6,72917.522
1733011200000,237.6,239.89,237.01,237.57,119842.893
1733014800000,237.57,239.68,236.51,236.89,131042.656
1733018400000,236.9,237.4,234.1,234.56,161852.995
1733022000000,234.57,236.45,234.5,235.67,74737.372
1733025600000,235.66,236.89,235.04,236.72,53153.354
1733029200000,236.71,236.76,235.21,235.31,71535.35
1733032800000,235.31,236.46,235.02,235.61,54783.373
1733036400000,235.6,236.44,235.3,235.46,76163.302
1733040000000,235.46,238.74,235.35,238.5,188155.279
1733043600000,238.5,238.67,236.82,237.56,101533.54
1733047200000,237.55,237.63,235.52,236.16,59127.383
1733050800000,236.16,237.28,236.06,237.09,57767.882
1733054400000,237.09,237.36,236.52,236.96,71179.101
1733058000000,236.96,238.45,236.15,237.85,138957.048
1733061600000,237.84,238.73,236.81,238.1,111038.624
1733065200000,238.1,239.32,237.17,238.5,106081.337
1733068800000,238.51,239.41,238.0,238.08,97340.876
1733072400000,238.08,238.09,236.17,237.02,105584.687
1733076000000,237.01,237.62,235.94,236.18,59689.147
1733079600000,236.18,236.99,235.05,236.29,130154.537
1733083200000,236.28,236.62,234.2,235.7,122446.363
1733086800000,235.71,237.63,235.14,237.24,112706.527
1733090400000,237.25,238.77,236.42,238.28,103612.45
1733094000000,238.27,239.08,236.5,236.8,127386.878
1733097600000,236.79,237.06,234.5,235.0,170500.545
1733101200000,235.0,237.92,234.56,237.75,249927.92
1733104800000,237.74,238.2,233.37,234.04,226969.359
1733108400000,234.04,234.64,228.0,228.47,407960.426
1733112000000,228.46,230.21,226.3,229.37,449127.35
1733115600000,229.38,230.3,227.94,228.5,207692.288
1733119200000,228.5,228.7,225.93,228.36,187922.257
1733122800000,228.37,229.18,226.85,228.62,185806.253
1733126400000,228.62,228.8,223.09,225.73,398571.485
1733130000000,225.73,227.89,225.25,227.82,170066.867
1733133600000,227.82,227.86,222.84,223.59,231807.555
1733137200000,223.58,225.33,222.97,224.77,180874.09
1733140800000,224.78,225.46,221.61,222.11,237522.578
1733144400000,222.11,225.82,221.7,225.82,260608.179
1733148000000,225.81,227.77,224.5,225.7,240355.153
1733151600000,225.7,229.6,224.47,229.21,370196.361
1733155200000,229.21,229.94,224.28,226.24,350229.408
1733158800000,226.24,227.14,220.0,220.5,341171.73
1733162400000,220.5,224.31,220.4,223.51,185890.306
1733166000000,223.51,223.98,220.49,223.98,195184.787
1733169600000,223.97,225.13,222.11,222.93,155476.596
1733173200000,222.93,223.64,221.21,222.18,207907.246
1733176800000,222.17,224.65,221.7,224.44,139588.373
1733180400000,224.44,225.86,224.05,225.72,116703.163
1733184000000,225.73,226.54,224.38,225.69,164861.717
1733187600000,225.68,226.6,223.79,224.03,302615.479
1733191200000,224.03,229.32,223.15,228.26,268135.526
1733194800000,228.26,228.54,227.1,227.95,156002.255
1733198400000,227.95,229.3,227.35,228.44,134602.309
1733202000000,228.44,228.6,227.17,228.11,113407.719
1733205600000,228.11,230.98,226.4,227.16,230183.287
1733209200000,227.16,227.95,225.14,226.92,316048.619
1733212800000,226.92,228.5,225.74,226.96,150960.601
1733216400000,226.95,226.95,223.8,224.91,194575.826
1733220000000,224.91,226.04,222.9,223.26,155186.626
1733223600000,223.26,225.96,223.0,225.59,136852.4
1733227200000,225.58,225.7,223.8,224.28,151395.327
1733230800000,224.28,224.7,215.73,218.24,641228.07
1733234400000,218.24,224.51,215.0,224.26,762192.468
1733238000000,224.26,226.34,222.05,223.22,420551.279
1733241600000,223.21,225.09,221.51,223.0,245677.682
1733245200000,222.99,224.73,220.27,224.6,228575.988
1733248800000,224.6,227.58,223.78,227.05,179206.674
1733252400000,227.05,228.43,224.62,228.16,206526.102
1733256000000,228.16,230.1,227.73,228.63,253221.447
1733259600000,228.64,239.6,227.87,237.47,899582.526
1733263200000,237.47,237.8,234.34,236.8,325450.756
1733266800000,236.8,236.86,228.8,233.92,281564.045
1733270400000,233.92,239.6,233.92,237.46,254736.377
1733274000000,237.46,239.58,235.8,239.15,303596.397
1733277600000,239.14,240.6,235.09,235.94,312851.178
1733281200000,235.93,239.04,235.69,237.7,163604.922
1733284800000,237.7,238.28,236.61,237.77,123718.782
1733288400000,237.76,241.0,237.57,237.95,217611.311
1733292000000,237.94,238.36,235.79,237.76,136276.16
1733295600000,237.76,237.86,236.25,236.58,99598.447
1733299200000,236.57,237.28,235.02,235.67,195892.234
1733302800000,235.67,237.3,235.38,235.58,122820.65
1733306400000,235.58,237.87,235.26,236.67,150443.475
1733310000000,236.67,237.37,235.52,235.98,109036.022
1733313600000,235.98,236.15,231.7,232.67,240447.766
1733317200000,232.68,233.47,230.59,231.22,164030.878
1733320800000,231.22,233.74,229.92,232.26,212133.917
1733324400000,232.25,235.14,230.29,233.72,251616.066
1733328000000,233.73,234.04,224.82,225.76,416423.866
1733331600000,225.76,229.36,224.67,229.05,275861.288
1733335200000,229.06,231.03,228.19,229.96,204546.832
1733338800000,229.96,232.86,229.5,232.67,143200.537
1733342400000,232.68,236.23,230.17,232.69,289536.186
1733346000000,232.68,234.45,229.44,229.6,217752.713
1733349600000,229.59,231.69,228.89,229.02,127749.01
1733353200000,229.02,229.46,225.78,229.15,233379.191
1733356800000,229.15,229.66,226.03,226.27,146125.313
1733360400000,226.27,226.74,222.95,225.77,281119.832
1733364000000,225.77,235.31,225.43,231.51,390522.42
1733367600000,231.5,238.59,231.46,232.93,546249.996
1733371200000,232.92,238.23,232.74,236.71,276664.371
1733374800000,236.71,237.25,233.09,234.89,222278.505
1733378400000,234.9,235.42,231.39,233.55,200345.066
1733382000000,233.56,235.01,233.24,233.89,146603.316
1733385600000,233.9,236.48,233.51,235.66,184250.486
1733389200000,235.65,238.0,234.64,237.56,258995.243
1733392800000,237.57,239.5,236.78,236.86,209160.091
1733396400000,236.86,242.37,236.57,241.79,273284.196
1733400000000,241.79,244.77,241.1,241.35,496751.344
1733403600000,241.34,242.14,239.4,240.16,258472.443
1733407200000,240.16,241.38,238.12,240.97,355131.685
1733410800000,240.97,241.85,236.21,239.06,422204.179
1733414400000,239.07,242.93,237.52,239.53,311219.365
1733418000000,239.53,240.75,238.75,239.97,213042.384
1733421600000,239.97,240.23,235.99,236.4,216638.825
1733425200000,236.41,237.05,232.35,233.07,288801.622
1733428800000,233.08,233.77,229.49,233.06,419855.694
1733432400000,233.04,234.21,232.08,233.83,146737.792
1733436000000,233.83,235.05,225.0,235.04,557378.454
1733439600000,235.05,240.65,232.77,235.84,569717.371
1733443200000,235.84,242.75,234.31,242.6,424712.664
1733446800000,242.59,247.0,239.53,243.79,641499.616
1733450400000,243.78,244.08,241.89,242.77,182731.547
1733454000000,242.78,242.78,238.34,241.98,240067.781
1733457600000,241.98,242.93,240.03,241.0,134283.494
1733461200000,241.0,241.85,238.45,238.65,126251.839
1733464800000,238.64,239.64,237.67,238.79,131664.639
1733468400000,238.8,239.34,237.76,239.3,125871.477
1733472000000,239.31,240.51,237.86,237.86,156802.338
1733475600000,237.85,237.95,235.15,235.59,223415.251
1733479200000,235.59,236.1,234.04,235.7,147158.327
1733482800000,235.69,236.13,233.61,234.13,140492.733
1733486400000,234.12,235.39,230.94,231.27,206321.284
1733490000000,231.27,235.11,230.92,234.56,262242.238
1733493600000,234.56,237.99,233.42,237.97,249400.337
1733497200000,237.97,240.0,236.2,238.02,450038.197
1733500800000,238.01,238.96,237.04,238.81,182697.375
1733504400000,238.8,240.43,238.23,239.08,259884.542
1733508000000,239.08,240.2,238.47,238.92,226396.561
1733511600000,238.92,240.06,238.6,239.7,121374.04
1733515200000,239.7,240.73,237.58,238.25,163897.469
1733518800000,238.25,239.31,237.54,237.58,105169.941
1733522400000,237.59,238.58,237.02,237.43,104125.01
1733526000000,237.43,238.06,235.34,236.87,130055.127
1733529600000,236.87,237.44,235.5,236.43,115885.365
1733533200000,236.43,237.04,234.81,235.51,91774.406
1733536800000,235.5,236.6,235.03,235.75,79345.922
1733540400000,235.75,236.11,234.12,234.86,96011.567
1733544000000,234.86,235.54,234.32,235.33,71958.858
1733547600000,235.34,236.08,234.86,235.39,65724.959
1733551200000,235.39,236.03,234.63,235.97,53485.341
1733554800000,235.96,236.59,235.28,236.21,78443.05
1733558400000,236.21,236.48,235.01,235.95,62924.079
1733562000000,235.96,238.79,235.93,238.75,180715.604
1733565600000,238.76,239.36,237.13,238.4,119929.85
1733569200000,238.4,239.21,237.98,238.15,88738.956
1733572800000,238.15,238.73,237.17,238.26,94074.239
1733576400000,238.26,239.54,237.5,239.35,105227.24
1733580000000,239.35,242.9,237.61,242.62,303044.496
1733583600000,242.62,243.2,239.72,240.84,233867.375
1733587200000,240.85,242.23,238.88,241.98,162841.376
1733590800000,241.99,242.15,239.79,241.01,113690.427
1733594400000,241.01,242.4,240.16,241.87,125201.943
1733598000000,241.87,242.54,240.37,241.67,127184.46
1733601600000,241.67,243.0,240.6,241.18,155564.191
1733605200000,241.18,243.08,239.99,241.56,153193.157
1733608800000,241.56,243.61,238.39,238.67,140375.926
1733612400000,238.67,240.16,237.83,238.14,114418.651
1733616000000,238.14,239.46,237.6,239.07,98947.091
1733619600000,239.06,240.09,238.38,239.3,103011.566
1733623200000,239.3,241.37,239.21,241.2,94800.816
1733626800000,241.19,241.51,240.16,240.66,78465.711
1733630400000,240.67,241.07,238.4,238.42,92102.612
1733634000000,238.41,239.03,236.61,237.25,110144.005
1733637600000,237.25,238.54,236.6,238.12,82497.203
1733641200000,238.13,238.9,237.39,237.6,56227.558
1733644800000,237.6,237.78,234.91,234.93,163602.123
1733648400000,234.94,236.06,233.22,233.9,169861.693
1733652000000,233.9,235.54,233.84,235.21,92391.593
1733655600000,235.2,236.49,234.74,235.96,79020.78
1733659200000,235.95,236.67,234.69,236.02,108054.769
1733662800000,236.03,237.64,235.35,237.33,104584.843
1733666400000,237.34,237.48,235.69,235.77,69844.554
1733670000000,235.77,237.5,234.47,237.35,116888.202
1733673600000,237.34,237.68,235.56,235.87,103325.781
1733677200000,235.87,236.7,235.0,236.65,97152.028
1733680800000,236.65,236.79,235.06,235.15,57396.722
1733684400000,235.15,236.74,234.09,236.51,74253.72
1733688000000,236.51,236.67,235.2,235.32,48306.493
1733691600000,235.32,235.86,234.6,235.68,88604.937
1733695200000,235.67,236.72,235.33,236.67,43298.141
1733698800000,236.66,237.75,235.85,237.02,90054.61
1733702400000,237.02,237.28,233.0,233.69,180891.386
1733706000000,233.68,234.85,231.75,232.33,147181.781
1733709600000,232.34,232.97,231.0,231.94,153271.617
1733713200000,231.95,232.82,230.17,231.83,119122.461
1733716800000,231.82,232.59,230.62,232.5,123869.541
1733720400000,232.5,232.8,231.77,232.53,77535.539
1733724000000,232.54,232.59,230.19,230.49,156752.945
1733727600000,230.48,232.37,228.11,231.59,251177.565
1733731200000,231.59,231.82,226.3,226.61,211613.123
1733734800000,226.6,228.07,225.49,226.84,225010.48
1733738400000,226.85,228.11,226.4,227.96,93333.191
1733742000000,227.96,227.96,225.29,225.99,157648.926
1733745600000,225.99,227.83,225.0,227.68,167505.935
1733749200000,227.67,229.81,226.73,229.06,141337.009
1733752800000,229.07,231.76,228.19,230.73,200113.475
1733756400000,230.73,231.74,222.89,224.29,780899.027
1733760000000,224.3,226.15,223.25,224.48,260441.3
1733763600000,224.48,225.58,223.06,223.06,166375.382
1733767200000,223.07,225.1,223.07,224.35,108720.458
1733770800000,224.35,224.35,221.7,221.95,221404.129
1733774400000,221.95,225.75,218.38,219.41,731289.015
1733778000000,219.4,220.57,203.0,218.0,1447852.916
1733781600000,218.01,218.74,204.85,217.87,1031733.707
1733785200000,217.86,219.56,216.01,216.63,236502.8
1733788800000,216.62,221.06,213.61,217.74,426464.69
1733792400000,217.74,219.39,215.81,218.93,230326.634
1733796000000,218.93,218.95,212.83,212.87,335894.909
1733799600000,212.87,215.8,206.96,215.8,587036.967
1733803200000,215.79,216.37,212.14,216.16,254131.28
1733806800000,216.16,216.87,214.49,216.34,145234.289
1733810400000,216.34,218.74,215.51,218.17,160230.256
1733814000000,218.18,218.19,215.82,217.34,114299.017
1733817600000,217.33,217.85,215.48,217.19,139699.459
1733821200000,217.19,218.59,216.03,217.03,166153.801
1733824800000,217.04,218.44,216.94,217.19,131023.213
1733828400000,217.19,217.37,215.08,216.21,121620.458
1733832000000,216.21,216.72,210.27,211.41,332426.608
1733835600000,211.41,215.36,211.1,214.45,315681.811
1733839200000,214.45,218.6,214.41,216.6,453640.389
1733842800000,216.6,217.89,206.27,206.55,690424.133
1733846400000,206.58,211.4,205.04,210.81,709623.527
1733850000000,210.82,211.19,203.7,203.75,517524.257
1733853600000,203.75,210.95,203.21,209.28,408641.149
1733857200000,209.29,212.77,209.01,212.1,193627.408
1733860800000,212.09,213.76,211.34,213.49,143566.987
1733864400000,213.5,216.29,212.95,213.21,213987.769
1733868000000,213.22,214.83,212.64,214.48,113736.274
1733871600000,214.49,215.19,212.97,213.6,113712.445
1733875200000,213.6,215.54,211.51,215.05,202251.224
1733878800000,215.04,216.46,211.54,212.03,455717.249
1733882400000,212.03,217.11,211.66,215.98,319858.142
1733886000000,215.97,219.4,215.8,219.39,179373.878
1733889600000,219.39,219.93,217.94,218.76,137774.197
1733893200000,218.77,219.12,216.9,218.36,104240.251
1733896800000,218.37,220.32,217.94,219.79,106652.651
1733900400000,219.79,220.27,218.29,218.44,139008.381
1733904000000,218.45,223.0,218.31,221.97,207147.184
1733907600000,221.98,222.86,220.56,222.68,183725.939
1733911200000,222.67,224.0,222.57,223.96,190185.75
1733914800000,223.96,225.41,223.29,224.79,176284.73
1733918400000,224.78,226.64,224.27,224.82,215172.271
1733922000000,224.83,227.49,224.06,226.5,317970.779
1733925600000,226.5,227.55,224.95,227.32,311487.411
1733929200000,227.33,230.29,227.28,228.38,383000.329
1733932800000,228.38,230.51,228.37,229.37,269841.232
1733936400000,229.37,230.32,227.4,228.05,151104.982
1733940000000,228.05,228.94,227.29,228.45,227439.372
1733943600000,228.45,229.93,227.95,229.77,80834.885
1733947200000,229.78,230.65,228.4,228.98,113444.907
1733950800000,228.97,229.4,228.25,228.99,63247.567
1733954400000,228.99,229.45,228.05,228.27,64445.705
1733958000000,228.27,228.61,226.77,227.29,88275.792
1733961600000,227.29,227.8,226.42,227.26,128145.621
1733965200000,227.27,227.8,225.67,226.08,156129.555
1733968800000,226.08,229.44,226.03,229.14,93551.496
1733972400000,229.15,231.97,227.69,230.36,186830.441
1733976000000,230.37,231.44,228.98,229.87,144976.648
1733979600000,229.87,232.98,229.52,231.31,216568.909
1733983200000,231.3,231.78,229.18,230.21,128610.273
1733986800000,230.21,231.54,229.79,230.01,99240.262
1733990400000,230.0,232.66,229.98,232.31,118323.651
1733994000000,232.3,233.53,231.73,231.77,102902.033
1733997600000,231.77,231.9,229.25,230.02,142271.228
1734001200000,230.02,230.33,228.3,229.59,125918.86
1734004800000,229.59,231.78,229.58,231.35,108742.047
1734008400000,231.36,232.6,228.61,229.97,219952.842
1734012000000,229.96,233.28,229.23,232.54,213293.724
1734015600000,232.54,232.66,230.16,231.3,171373.253
1734019200000,231.3,233.44,230.58,230.77,180879.679
1734022800000,230.77,234.3,230.72,234.03,132173.521
1734026400000,234.04,234.69,231.18,231.41,123658.143
1734030000000,231.41,231.7,226.59,227.24,327873.152
1734033600000,227.25,229.73,227.11,228.78,117791.221
1734037200000,228.77,228.85,226.86,227.6,102859.463
1734040800000,227.61,228.47,225.71,228.21,141371.645
1734044400000,228.2,228.36,226.52,226.96,75666.4
1734048000000,226.95,228.39,226.57,227.14,81873.231
1734051600000,227.14,227.15,224.27,226.2,178498.503
1734055200000,226.2,228.44,225.83,227.4,127083.944
1734058800000,227.4,227.95,226.65,227.17,74841.907
1734062400000,227.18,227.51,225.47,225.93,94466.03
1734066000000,225.93,226.85,225.59,225.64,89553.498
1734069600000,225.64,226.68,224.0,224.09,96064.232
1734073200000,224.1,225.21,223.09,224.81,156648.461
1734076800000,224.82,226.3,223.89,226.16,86550.893
1734080400000,226.16,226.57,224.31,225.36,74716.833
1734084000000,225.36,226.57,224.11,226.14,75982.769
1734087600000,226.14,227.27,225.58,225.61,76271.717
1734091200000,225.6,226.71,225.03,225.54,79450.411
1734094800000,225.54,225.59,222.58,223.48,201711.922
1734098400000,223.48,224.44,222.07,223.94,228359.928
1734102000000,223.94,226.18,220.7,221.13,296764.893
1734105600000,221.12,222.97,220.6,221.02,249226.641
1734109200000,221.02,223.89,220.9,223.34,121356.983
1734112800000,223.33,223.57,221.44,222.11,138292.455
1734116400000,222.11,223.53,221.79,223.28,68710.402
1734120000000,223.28,224.64,223.13,223.93,75511.71
1734123600000,223.93,224.22,223.07,223.75,59415.243
1734127200000,223.76,224.38,223.13,223.66,101520.889
1734130800000,223.66,224.92,223.28,224.79,56653.276
1734134400000,224.79,225.23,223.62,224.41,67572.082
1734138000000,224.4,227.0,224.37,225.64,117448.348
1734141600000,225.64,226.18,224.9,225.89,68792.968
1734145200000,225.89,226.48,225.57,226.23,62021.434
1734148800000,226.23,226.33,225.21,225.44,60575.575
1734152400000,225.44,226.2,225.14,226.2,45540.061
1734156000000,226.2,227.51,225.99,226.69,85881.855
1734159600000,226.69,227.05,225.8,225.97,60164.924
1734163200000,225.98,226.75,225.59,226.42,57038.782
1734166800000,226.42,226.64,225.47,225.95,67133.816
1734170400000,225.95,226.08,224.59,224.95,63178.692
1734174000000,224.94,225.32,224.06,224.36,46698.995
1734177600000,224.36,224.64,222.07,222.38,104119.395
1734181200000,222.38,222.67,220.42,220.86,143500.55
1734184800000,220.86,222.36,220.73,221.82,78212.435
1734188400000,221.82,223.39,221.48,222.56,64197.675
1734192000000,222.55,222.55,220.35,221.57,113768.799
1734195600000,221.56,222.04,218.14,218.33,169164.901
1734199200000,218.33,219.21,217.46,217.8,136594.325
1734202800000,217.81,218.46,216.73,218.03,118895.07
1734206400000,218.04,218.59,215.13,215.62,173532.846
1734210000000,215.62,217.78,215.53,217.39,76966.537
1734213600000,217.39,218.59,216.57,218.01,56982.59
1734217200000,218.02,220.91,217.75,219.93,117671.816
1734220800000,219.94,220.58,218.87,219.77,64786.343
1734224400000,219.77,221.54,219.66,221.23,72213.224
1734228000000,221.24,221.79,220.9,220.99,53116.603
1734231600000,220.99,221.17,219.42,219.44,47088.156
1734235200000,219.44,221.86,219.35,220.3,101267.341
1734238800000,220.29,221.34,220.06,220.18,46360.187
1734242400000,220.18,220.31,218.22,218.29,60244.967
1734246000000,218.3,218.8,215.68,217.27,113452.98
1734249600000,217.26,218.71,216.47,218.62,72234.814
1734253200000,218.61,219.49,218.0,219.29,53987.973
1734256800000,219.29,220.14,218.1,218.1,58682.767
1734260400000,218.11,218.68,217.7,218.41,65587.182
1734264000000,218.41,219.94,217.38,219.6,116750.352
1734267600000,219.6,221.22,218.17,219.45,141266.297
1734271200000,219.45,221.5,219.35,221.37,88636.725
1734274800000,221.37,221.44,220.0,220.88,87814.006
1734278400000,220.89,222.49,220.59,222.13,116419.597
1734282000000,222.13,222.21,220.94,221.37,57649.243
1734285600000,221.37,221.46,220.49,221.02,57286.801
1734289200000,221.01,222.08,221.0,221.24,48016.42
1734292800000,221.24,221.49,220.38,220.48,44999.529
1734296400000,220.47,220.62,216.6,216.85,143282.29
1734300000000,216.84,219.66,216.22,219.31,102525.832
1734303600000,219.31,225.5,219.28,224.27,317238.38
1734307200000,224.26,227.56,223.41,225.95,267039.621
1734310800000,225.95,227.14,225.25,225.58,177584.395
1734314400000,225.58,225.74,222.0,222.3,148791.668
1734318000000,222.3,222.94,220.45,221.25,120839.286
1734321600000,221.25,222.2,220.77,221.36,68597.557
1734325200000,221.35,222.47,220.6,222.35,65784.053
1734328800000,222.35,223.42,221.83,222.69,87492.492
1734332400000,222.69,223.89,222.37,223.13,106704.06
1734336000000,223.12,223.33,219.81,219.97,198355.866
1734339600000,219.98,220.38,218.3,218.48,142690.705
1734343200000,218.47,218.65,217.08,217.58,177176.165
1734346800000,217.57,217.89,213.61,214.1,294779.666
1734350400000,214.11,215.73,213.65,214.3,211204.09
1734354000000,214.31,216.49,213.26,216.23,162635.994
1734357600000,216.23,218.03,215.7,216.54,258147.872
1734361200000,216.55,218.09,215.69,216.98,196843.284
1734364800000,216.97,219.58,216.81,218.51,208782.592
1734368400000,218.5,221.0,218.5,219.4,193243.723
1734372000000,219.41,221.74,218.22,221.71,188834.817
1734375600000,221.7,221.74,217.87,218.33,182209.005
1734379200000,218.34,218.5,216.09,216.44,138431.255
1734382800000,216.45,218.82,216.45,218.75,92944.684
1734386400000,218.76,218.97,217.32,217.88,60965.347
1734390000000,217.89,218.41,215.86,216.19,113331.004
1734393600000,216.19,216.69,211.79,211.8,271325.151
1734397200000,211.8,214.83,211.36,214.23,157668.094
1734400800000,214.23,215.3,213.49,213.9,115457.095
1734404400000,213.89,215.69,213.87,215.45,92476.439
1734408000000,215.45,215.72,213.0,214.31,140495.903
1734411600000,214.31,215.2,213.15,215.01,80798.75
1734415200000,215.0,215.55,213.84,215.12,78841.417
1734418800000,215.12,216.54,214.94,215.57,90323.381
1734422400000,215.57,217.76,215.5,217.23,109887.572
1734426000000,217.24,222.33,216.89,221.91,233089.06
1734429600000,221.91,223.84,221.57,222.89,274993.746
1734433200000,222.89,223.4,221.1,221.59,197561.105
1734436800000,221.6,227.55,221.07,227.21,460343.39
1734440400000,227.21,227.52,223.21,223.61,301518.38
1734444000000,223.6,223.87,219.4,222.06,322224.047
1734447600000,222.06,222.06,217.0,220.53,374920.132
1734451200000,220.53,227.33,219.86,226.96,522107.787
1734454800000,226.97,228.41,225.15,227.42,261154.07
1734458400000,227.41,228.95,226.03,227.82,224233.635
1734462000000,227.82,228.77,226.18,227.45,189512.508
1734465600000,227.46,228.6,226.02,226.4,171303.202
1734469200000,226.39,226.77,224.83,225.66,140790.268
1734472800000,225.66,225.95,222.37,223.76,166559.872
1734476400000,223.76,223.83,221.65,223.15,200151.744
1734480000000,223.16,226.04,221.86,224.19,226958.131
1734483600000,224.19,225.16,218.12,218.46,256406.687
1734487200000,218.47,220.3,217.9,218.7,172633.281
1734490800000,218.7,219.02,217.13,217.5,134236.542
1734494400000,217.5,217.95,215.42,217.18,194479.615
1734498000000,217.18,218.3,215.35,215.75,168609.04
1734501600000,215.75,216.56,213.55,215.41,220207.184
1734505200000,215.4,216.45,214.8,215.91,147435.356
1734508800000,215.92,216.82,215.31,215.78,111037.815
1734512400000,215.79,217.42,215.78,216.73,135100.295
1734516000000,216.72,217.63,215.75,217.47,117389.253
1734519600000,217.48,218.94,217.31,217.85,126714.206
1734523200000,217.85,218.66,216.07,216.46,136448.549
1734526800000,216.46,218.0,215.38,215.67,154934.032
1734530400000,215.68,217.49,214.72,215.43,179769.923
1734534000000,215.42,218.78,214.64,217.73,197952.234
1734537600000,217.73,217.91,215.11,216.13,134832.037
1734541200000,216.14,217.26,214.06,216.66,134677.674
1734544800000,216.66,218.06,215.81,217.9,95912.402
1734548400000,217.9,218.34,211.68,211.69,444527.912
1734552000000,211.68,212.8,205.83,207.15,1290790.325
1734555600000,207.14,210.39,206.0,208.88,369773.054
1734559200000,208.89,209.19,206.3,206.44,158777.847
1734562800000,206.44,207.64,204.8,206.53,256323.169
1734566400000,206.53,208.62,206.03,208.22,201890.721
1734570000000,208.22,208.23,203.12,203.42,251611.521
1734573600000,203.42,205.89,199.39,205.85,757733.712
1734577200000,205.85,209.27,205.53,208.84,256460.281
1734580800000,208.85,209.34,207.4,207.48,115863.16
1734584400000,207.48,210.04,207.23,209.9,119210.918
1734588000000,209.9,211.31,208.61,210.31,132631.456
1734591600000,210.32,212.14,209.98,211.81,106796.902
1734595200000,211.82,211.82,208.24,208.71,164483.408
1734598800000,208.71,210.28,207.82,210.02,122146.932
1734602400000,210.03,211.35,209.2,210.34,108550.873
1734606000000,210.35,210.74,209.39,210.48,98569.898
1734609600000,210.47,211.09,207.35,207.86,143746.598
1734613200000,207.85,209.14,206.13,207.77,175903.125
1734616800000,207.77,210.49,206.06,206.3,237141.105
1734620400000,206.3,206.38,202.4,205.44,359271.666
1734624000000,205.44,206.92,203.75,206.19,181762.574
1734627600000,206.18,206.23,195.0,197.05,720692.214
1734631200000,197.06,197.59,190.6,194.73,1000548.029
1734634800000,194.72,196.25,187.0,191.88,770640.759
1734638400000,191.88,194.67,187.64,193.4,608986.817
1734642000000,193.43,198.14,192.26,194.65,400634.546
1734645600000,194.65,197.21,193.82,196.87,198728.532
1734649200000,196.88,196.9,193.23,193.81,168644.139
1734652800000,193.82,196.67,191.7,195.26,259672.071
1734656400000,195.27,196.38,193.2,194.16,182341.404
1734660000000,194.17,199.81,193.83,198.66,276833.797
1734663600000,198.67,199.0,196.11,196.36,136054.476
1734667200000,196.37,197.4,194.71,194.8,173047.397
1734670800000,194.8,195.5,192.66,192.67,149915.612
1734674400000,192.68,194.4,188.11,189.76,286690.506
1734678000000,189.76,194.51,189.74,191.37,296026.065
1734681600000,191.36,191.59,180.18,181.68,985125.785
1734685200000,181.69,185.95,178.47,182.85,790166.854
1734688800000,182.85,184.45,176.36,182.76,1031154.815
1734692400000,182.75,184.36,175.26,176.01,905327.439
1734696000000,176.02,185.52,175.83,183.77,686195.995
1734699600000,183.77,188.78,182.23,188.36,830892.308
1734703200000,188.37,189.62,186.36,188.31,445336.172
1734706800000,188.31,191.27,187.46,189.89,428316.661
1734710400000,189.89,192.97,188.29,190.77,419889.18
1734714000000,190.77,192.85,189.9,192.12,194861.614
1734717600000,192.12,192.47,189.25,190.58,199171.953
1734721200000,190.57,193.16,190.44,191.63,189089.641
1734724800000,191.63,191.65,188.83,190.14,194640.796
1734728400000,190.15,191.1,187.91,190.95,243124.576
1734732000000,190.95,192.76,190.33,192.66,134399.719
1734735600000,192.65,194.78,192.39,194.48,355108.832
1734739200000,194.48,195.0,193.05,194.15,163978.102
1734742800000,194.14,196.69,193.95,195.36,144242.478
1734746400000,195.36,195.88,194.03,194.53,108543.739
1734750000000,194.53,194.97,193.5,194.28,111383.126
1734753600000,194.29,196.45,194.2,196.38,101991.613
1734757200000,196.38,199.24,196.21,199.18,161910.09
1734760800000,199.19,199.98,197.29,199.38,225968.785
1734764400000,199.39,201.98,198.76,198.81,209512.388
1734768000000,198.8,198.97,196.49,196.54,197613.52
1734771600000,196.54,196.91,194.34,195.1,175532.573
1734775200000,195.1,195.95,193.82,194.4,122921.078
1734778800000,194.41,194.57,192.2,192.94,141011.648
1734782400000,192.93,193.1,186.65,187.13,435879.189
1734786000000,187.12,188.69,183.21,185.61,596995.63
1734789600000,185.61,187.26,184.19,184.29,427582.528
1734793200000,184.29,187.2,184.25,186.65,178072.835
1734796800000,186.65,187.5,183.5,183.93,217075.939
1734800400000,183.93,185.06,181.66,184.02,239381.213
1734804000000,184.03,185.25,180.63,182.19,212553.538
1734807600000,182.2,182.36,178.3,181.52,299854.812
1734811200000,181.51,183.39,179.9,181.59,291352.782
1734814800000,181.61,182.23,178.72,180.69,198649.94
1734818400000,180.69,181.94,179.31,181.19,148376.889
1734822000000,181.19,181.65,179.02,181.45,133188.182
1734825600000,181.46,183.42,179.96,181.92,206817.596
1734829200000,181.91,183.95,180.5,182.82,164852.857
1734832800000,182.81,183.89,181.15,181.84,122810.704
1734836400000,181.84,183.83,180.46,182.56,140398.07
1734840000000,182.55,183.32,179.96,179.96,136136.38
1734843600000,179.97,180.84,177.88,180.65,252494.48
1734847200000,180.64,183.75,180.04,183.31,153099.339
1734850800000,183.31,184.81,182.72,184.32,115727.605
1734854400000,184.31,185.79,183.86,184.4,127050.526
1734858000000,184.4,186.91,183.71,185.58,128258.771
1734861600000,185.58,186.94,185.25,185.63,110130.509
1734865200000,185.63,186.98,185.39,186.69,66801.18
1734868800000,186.69,187.87,185.58,185.93,106617.134
1734872400000,185.94,186.88,184.52,184.86,116593.654
1734876000000,184.86,185.2,179.03,179.14,296205.377
1734879600000,179.14,182.46,179.09,181.87,174309.752
1734883200000,181.88,183.47,180.49,182.89,136224.121
1734886800000,182.89,183.29,181.25,181.61,108501.279
1734890400000,181.62,184.05,181.21,181.89,117793.713
1734894000000,181.9,182.29,177.85,178.49,196943.915
1734897600000,178.5,181.12,176.88,180.93,212334.351
1734901200000,180.94,182.41,180.11,180.67,117066.695
1734904800000,180.66,181.61,177.66,181.42,166219.131
1734908400000,181.41,182.3,179.74,180.52,99981.833
1734912000000,180.53,180.61,177.68,179.11,174443.094
1734915600000,179.1,182.1,176.48,178.31,266310.752
1734919200000,178.32,180.02,176.61,179.73,230469.57
1734922800000,179.74,187.38,179.24,186.24,366200.531
1734926400000,186.24,187.73,184.76,184.76,182941.104
1734930000000,184.76,185.41,183.05,183.97,118086.214
1734933600000,183.97,184.46,180.74,180.8,165184.068
1734937200000,180.8,182.82,179.91,182.25,140252.294
1734940800000,182.24,184.46,181.74,184.32,97180.671
1734944400000,184.33,186.67,184.22,184.87,160774.983
1734948000000,184.86,185.85,184.09,185.31,121355.613
1734951600000,185.3,185.66,183.45,183.59,80469.463
1734955200000,183.59,185.01,182.84,184.34,117691.97
1734958800000,184.33,184.52,181.23,182.55,123931.867
1734962400000,182.55,185.08,180.94,183.81,215148.711
1734966000000,183.81,185.76,180.73,180.87,229777.33
1734969600000,180.87,185.66,180.74,185.03,232267.627
1734973200000,185.02,186.16,184.13,184.6,163567.727
1734976800000,184.6,186.04,184.3,185.11,82193.375
1734980400000,185.11,189.66,184.94,187.43,211721.674
1734984000000,187.43,191.73,186.73,191.23,192055.137
1734987600000,191.23,193.48,189.22,190.08,234997.978
1734991200000,190.08,192.69,189.69,192.52,148879.541
1734994800000,192.52,192.77,189.78,190.11,161762.736
1734998400000,190.12,190.33,188.45,189.95,102010.703
1735002000000,189.96,190.41,187.55,187.71,94794.015
1735005600000,187.7,188.43,186.13,187.87,101779.861
1735009200000,187.88,190.1,187.88,189.97,77196.27
1735012800000,189.97,191.21,189.29,190.92,65492.846
1735016400000,190.93,191.88,190.55,191.81,50036.63
1735020000000,191.81,191.96,190.05,190.27,68134.883
1735023600000,190.27,191.56,189.53,191.51,73658.984
1735027200000,191.51,193.45,191.01,192.82,124316.455
1735030800000,192.82,193.98,191.24,192.56,100600.189
1735034400000,192.55,192.99,190.64,190.73,85295.219
1735038000000,190.74,193.33,190.56,192.95,97060.193
1735041600000,192.95,193.39,191.34,191.62,66607.787
1735045200000,191.63,196.0,191.28,195.47,236041.557
1735048800000,195.48,195.76,193.86,194.42,188801.713
1735052400000,194.42,199.0,194.02,197.79,242276.301
1735056000000,197.79,198.64,194.99,195.62,246483.899
1735059600000,195.63,197.28,195.3,196.73,214979.366
1735063200000,196.73,198.6,195.85,196.5,109956.198
1735066800000,196.5,196.68,195.14,195.25,82887.669
1735070400000,195.25,195.52,193.35,194.58,106553.273
1735074000000,194.59,197.0,194.46,196.72,64477.098
1735077600000,196.72,197.66,196.18,196.98,65244.549
1735081200000,196.97,198.0,196.65,197.09,44892.014
1735084800000,197.09,197.63,196.4,197.47,79524.691
1735088400000,197.47,200.35,197.42,199.23,164546.123
1735092000000,199.24,201.85,199.18,201.6,178138.381
1735095600000,201.59,201.79,199.53,199.87,91747.884
1735099200000,199.86,200.05,198.71,199.37,87443.347
1735102800000,199.38,199.78,198.42,199.35,40859.017
1735106400000,199.35,200.59,198.63,198.79,53170.429
1735110000000,198.79,199.75,197.69,198.13,84494.395
1735113600000,198.14,199.06,197.33,197.88,68520.42
1735117200000,197.88,198.71,197.34,198.05,68711.317
1735120800000,198.04,200.54,196.46,197.4,153984.239
1735124400000,197.4,198.08,195.0,195.79,97794.543
1735128000000,195.8,196.88,195.05,196.12,94658.131
1735131600000,196.12,197.1,195.92,196.98,47502.525
1735135200000,196.98,199.45,196.91,198.92,85580.971
1735138800000,198.91,199.0,196.95,198.27,74541.759
1735142400000,198.26,198.79,196.0,197.46,87194.671
1735146000000,197.45,198.88,196.56,198.84,49376.46
1735149600000,198.85,199.3,197.91,198.28,46208.372
1735153200000,198.27,199.45,198.21,199.25,45879.951
1735156800000,199.25,200.13,197.66,198.03,77023.236
1735160400000,198.03,198.68,196.1,196.4,84454.038
1735164000000,196.4,197.28,195.61,196.76,62040.643
1735167600000,196.76,197.88,196.61,197.44,35248.944
1735171200000,197.45,199.71,196.22,196.78,97702.902
1735174800000,196.77,198.19,196.24,196.92,78553.372
1735178400000,196.91,198.99,195.91,197.08,91524.48
1735182000000,197.08,197.56,195.71,196.62,87410.95
1735185600000,196.61,196.61,194.71,195.18,85547.339
1735189200000,195.18,195.64,193.89,194.65,98968.116
1735192800000,194.64,195.14,193.61,194.12,100788.107
1735196400000,194.11,194.79,193.35,193.43,76284.341
1735200000000,193.43,193.84,188.51,189.12,251325.875
1735203600000,189.13,190.36,188.96,189.51,86832.025
1735207200000,189.5,189.9,188.23,188.93,75695.053
1735210800000,188.92,190.99,188.87,189.8,71693.196
1735214400000,189.81,190.11,188.68,189.02,63887.358
1735218000000,189.02,189.35,188.13,189.09,67902.686
1735221600000,189.09,190.16,187.57,188.65,91938.918
1735225200000,188.64,189.98,187.97,188.7,87995.93
1735228800000,188.7,190.97,188.32,190.6,84111.331
1735232400000,190.61,190.68,187.4,188.28,76977.172
1735236000000,188.28,189.38,187.4,189.32,62730.015
1735239600000,189.33,189.46,187.65,189.17,50574.035
1735243200000,189.16,189.75,187.23,188.39,54486.018
1735246800000,188.39,189.94,186.54,189.52,94913.129
1735250400000,189.52,190.05,188.81,189.05,47932.666
1735254000000,189.05,189.24,187.13,188.46,59791.086
1735257600000,188.46,189.34,187.28,189.09,54264.665
1735261200000,189.08,189.97,188.27,188.99,65682.108
1735264800000,188.98,190.5,188.06,188.82,91899.215
1735268400000,188.82,189.85,188.4,189.44,50277.475
1735272000000,189.45,190.82,189.38,189.77,62374.6
1735275600000,189.77,190.05,187.89,189.2,62381.416
1735279200000,189.21,190.96,189.21,190.95,54997.795
1735282800000,190.95,191.17,185.58,186.67,126013.028
1735286400000,186.67,190.45,186.65,188.96,87218.871
1735290000000,188.97,194.39,188.88,193.04,211225.502
1735293600000,193.03,193.46,188.9,191.02,125751.867
1735297200000,191.01,191.51,190.13,191.32,60192.341
1735300800000,191.31,191.42,190.48,190.82,43102.72
1735304400000,190.82,191.03,189.01,189.41,58524.012
1735308000000,189.4,189.55,186.28,187.48,119441.975
1735311600000,187.48,187.5,183.3,184.13,177118.133
1735315200000,184.12,184.62,182.74,184.51,95844.796
1735318800000,184.5,186.5,183.6,186.13,95140.006
1735322400000,186.12,187.1,185.64,187.02,50299.526
1735326000000,187.01,187.33,186.15,186.9,35753.57
1735329600000,186.9,187.0,185.25,186.01,45245.171
1735333200000,186.01,186.23,184.65,184.72,36239.277
1735336800000,184.72,185.9,184.08,184.84,58140.936
1735340400000,184.83,185.14,183.13,184.22,79380.64
1735344000000,184.22,185.57,184.12,185.23,44652.259
1735347600000,185.23,186.01,184.31,185.28,65641.292
1735351200000,185.28,185.71,183.82,184.04,41538.387
1735354800000,184.04,185.64,184.03,185.03,31471.307
1735358400000,185.03,185.28,184.26,184.39,51906.873
1735362000000,184.39,186.25,184.39,185.81,37365.465
1735365600000,185.81,186.1,185.07,185.66,39221.463
1735369200000,185.66,186.32,184.89,185.13,44317.614
1735372800000,185.13,186.39,185.0,186.3,39617.009
1735376400000,186.3,186.94,186.12,186.29,65881.246
1735380000000,186.29,186.51,185.57,185.8,32011.773
1735383600000,185.8,187.36,185.8,187.19,46158.402
1735387200000,187.19,187.64,186.5,186.83,45799.522
1735390800000,186.82,188.49,186.78,188.3,65457.224
1735394400000,188.29,190.18,188.02,189.8,109030.612
1735398000000,189.8,191.3,189.78,190.18,106219.739
1735401600000,190.19,192.63,189.64,192.63,70132.606
1735405200000,192.63,195.26,192.62,194.85,141848.421
1735408800000,194.84,195.35,193.47,193.7,96055.872
1735412400000,193.7,194.12,193.56,193.76,40531.108
1735416000000,193.76,194.07,192.71,193.26,58489.423
1735419600000,193.26,194.48,192.88,194.46,42176.613
1735423200000,194.47,196.1,194.02,195.18,118884.158
1735426800000,195.19,195.57,194.29,195.5,60439.479
1735430400000,195.5,195.7,193.73,193.98,53756.536
1735434000000,193.98,194.5,192.42,192.57,100476.269
1735437600000,192.57,194.31,192.42,193.73,53714.135
1735441200000,193.73,194.94,193.27,194.78,53399.192
1735444800000,194.79,194.9,194.19,194.43,35970.93
1735448400000,194.43,195.48,194.07,195.35,49507.576
1735452000000,195.35,196.3,194.57,196.29,66960.972
1735455600000,196.3,197.37,195.64,196.04,73781.449
1735459200000,196.03,196.18,195.07,195.3,52591.102
1735462800000,195.31,197.0,194.88,196.91,71014.703
1735466400000,196.91,197.16,196.55,196.81,46569.169
1735470000000,196.82,197.34,195.9,196.09,45942.213
1735473600000,196.1,196.74,195.89,196.13,63625.582
1735477200000,196.14,196.54,195.11,196.32,62431.053
1735480800000,196.32,197.71,192.91,193.9,144164.796
1735484400000,193.91,195.88,193.25,195.14,66610.135
1735488000000,195.15,195.48,192.68,192.85,87925.372
1735491600000,192.85,193.64,192.16,193.31,57470.082
1735495200000,193.32,193.63,192.27,193.24,40230.075
1735498800000,193.24,193.61,192.71,192.71,32138.766
1735502400000,192.71,192.81,190.68,192.34,77511.645
1735506000000,192.33,192.58,190.26,190.78,65085.06
1735509600000,190.77,190.89,189.07,189.51,96492.535
1735513200000,189.51,190.37,188.57,189.94,62820.672
1735516800000,189.94,192.93,189.08,192.24,92899.354
1735520400000,192.25,194.4,191.5,193.1,114593.007
1735524000000,193.09,193.54,190.67,192.29,67389.513
1735527600000,192.29,193.24,191.05,191.38,58024.561
1735531200000,191.37,192.5,189.79,189.79,61390.361
1735534800000,189.79,191.41,189.58,191.21,61612.233
1735538400000,191.21,193.73,191.11,192.95,71207.461
1735542000000,192.94,193.09,190.82,192.36,50934.729
1735545600000,192.37,194.13,192.36,193.27,67065.813
1735549200000,193.27,193.74,192.23,192.96,53123.07
1735552800000,192.95,194.01,192.65,192.65,52545.732
1735556400000,192.66,194.14,191.52,193.51,76586.365
1735560000000,193.52,194.82,192.88,193.36,65612.406
1735563600000,193.35,193.82,188.63,189.07,155587.833
1735567200000,189.08,190.38,187.25,187.74,216996.126
1735570800000,187.75,188.93,185.99,187.32,158215.574
1735574400000,187.32,188.24,185.89,187.28,123822.165
1735578000000,187.28,192.67,187.0,191.57,145996.6
1735581600000,191.57,194.83,190.92,194.54,173393.243
1735585200000,194.54,196.3,194.3,196.21,149888.553
1735588800000,196.2,196.47,194.79,194.85,73676.899
1735592400000,194.85,194.94,189.1,189.45,172591.743
1735596000000,189.45,191.76,189.27,191.17,100763.047
1735599600000,191.17,191.56,189.78,191.38,52069.1
1735603200000,191.37,192.05,190.02,190.06,61930.886
1735606800000,190.06,190.44,188.33,189.16,100535.543
1735610400000,189.17,190.73,188.82,190.3,67273.934
1735614000000,190.3,190.74,189.51,189.96,53074.183
1735617600000,189.95,190.77,188.42,188.9,50689.187
1735621200000,188.9,189.54,188.04,188.52,62862.771
1735624800000,188.52,189.79,188.17,189.11,77844.234
1735628400000,189.1,190.18,189.07,190.07,91830.014
1735632000000,190.07,193.75,190.0,192.13,168384.611
1735635600000,192.12,194.24,191.57,193.32,92867.197
1735639200000,193.32,194.96,193.07,194.3,99752.492
1735642800000,194.31,194.62,193.68,193.79,87941.797
1735646400000,193.8,194.6,193.01,193.06,94089.831
1735650000000,193.05,196.3,193.05,195.89,167273.443
1735653600000,195.9,198.5,195.77,197.42,220658.339
1735657200000,197.42,198.76,196.54,198.44,113901.343
1735660800000,198.44,199.21,197.55,198.95,132493.701
1735664400000,198.95,199.27,194.02,196.1,178957.511
1735668000000,196.1,196.68,194.49,194.67,86493.154
1735671600000,194.67,195.17,193.22,193.81,62918.014
1735675200000,193.81,194.82,193.76,194.02,65111.228
1735678800000,194.02,194.37,192.5,193.16,76647.337
1735682400000,193.15,193.15,190.71,191.13,112574.782
1735686000000,191.14,191.2,189.2,189.31,135872.73
1735689600000,189.31,192.66,189.08,192.54,109512.364
1735693200000,192.54,192.64,190.39,190.7,66529.126
1735696800000,190.7,192.04,190.44,191.59,65814.347
1735700400000,191.59,191.59,190.04,190.43,58528.042
1735704000000,190.42,190.43,189.32,189.47,70522.368
1735707600000,189.48,190.62,189.35,190.15,44126.517
1735711200000,190.15,190.31,189.4,190.3,37963.874
1735714800000,190.29,190.35,189.7,190.06,47757.379
1735718400000,190.06,190.74,189.3,189.4,57206.089
1735722000000,189.4,189.76,188.0,189.18,90289.829
1735725600000,189.19,191.03,189.17,190.24,71994.807
1735729200000,190.25,191.86,189.89,191.36,63070.217
1735732800000,191.35,191.75,190.42,190.95,85511.631
1735736400000,190.94,191.29,189.59,190.25,79164.615
1735740000000,190.24,191.48,189.14,190.88,68958.644
1735743600000,190.88,192.15,189.98,191.91,69944.069
1735747200000,191.91,192.25,190.08,190.51,61361.767
1735750800000,190.52,190.65,189.25,190.64,67078.185
1735754400000,190.63,192.23,189.89,191.68,62362.621
1735758000000,191.69,193.91,191.49,193.1,102185.899
1735761600000,193.1,194.56,193.1,194.36,75579.707
1735765200000,194.36,195.33,193.71,194.69,83968.819
1735768800000,194.68,194.95,193.68,194.53,62287.96
1735772400000,194.54,195.16,193.81,194.28,53441.226
1735776000000,194.28,197.17,193.43,196.25,150184.717
1735779600000,196.25,198.47,196.11,197.71,132435.782
1735783200000,197.7,199.42,197.47,199.41,190538.571
1735786800000,199.41,199.7,197.8,198.54,123139.17
1735790400000,198.55,204.84,198.54,204.47,303074.466
1735794000000,204.47,205.5,203.31,204.62,140873.482
1735797600000,204.63,205.97,203.96,205.36,180708.112
1735801200000,205.36,206.89,205.2,205.91,194280.905
1735804800000,205.91,207.09,205.66,206.8,141906.203
1735808400000,206.79,207.97,206.34,207.38,131400.286
1735812000000,207.38,207.77,206.7,206.98,102094.725
1735815600000,206.98,208.88,206.92,208.51,117197.341
1735819200000,208.52,209.49,207.64,208.39,144646.542
1735822800000,208.4,208.65,207.6,208.17,113919.603
1735826400000,208.16,210.48,206.72,208.2,258693.596
1735830000000,208.19,208.34,205.45,206.77,175347.684
1735833600000,206.77,209.07,205.96,207.45,121952.126
1735837200000,207.44,208.2,204.67,206.05,139485.593
1735840800000,206.04,206.8,204.96,206.44,74462.481
1735844400000,206.43,207.83,206.15,206.69,61915.906
1735848000000,206.69,208.0,206.68,206.82,48824.009
1735851600000,206.83,207.13,205.44,206.54,69064.49
1735855200000,206.53,206.76,205.2,206.6,44927.914
1735858800000,206.6,208.44,206.55,208.31,63850.278
1735862400000,208.3,208.45,207.0,207.15,57493.565
1735866000000,207.16,207.33,205.63,206.86,90292.39
1735869600000,206.87,208.11,206.34,206.87,73399.298
1735873200000,206.87,208.28,206.16,208.05,64254.536
1735876800000,208.05,208.1,207.09,207.72,55941.462
1735880400000,207.72,209.57,207.12,208.87,86253.802
1735884000000,208.87,210.0,207.67,207.77,155174.463
1735887600000,207.77,208.69,207.09,207.95,87919.208
1735891200000,207.95,209.94,207.6,209.36,134176.955
1735894800000,209.35,212.95,209.09,211.2,236001.714
1735898400000,211.19,211.8,210.36,211.13,107351.487
1735902000000,211.12,215.18,211.0,214.51,307797.428
1735905600000,214.52,214.99,213.23,213.4,169255.683
1735909200000,213.39,214.34,212.09,212.92,174196.036
1735912800000,212.91,218.7,212.91,218.3,349506.333
1735916400000,218.3,218.48,216.64,217.36,162717.782
1735920000000,217.37,219.83,216.46,217.7,215908.324
1735923600000,217.7,218.18,216.66,217.39,151566.242
1735927200000,217.38,218.57,217.19,218.12,131051.833
1735930800000,218.11,218.53,216.5,217.1,110192.944
1735934400000,217.1,217.1,215.81,216.05,90420.089
1735938000000,216.05,217.0,215.9,216.34,83384.316
1735941600000,216.34,217.28,216.08,217.06,70884.76
1735945200000,217.06,218.04,216.87,217.99,85945.906
1735948800000,218.0,218.08,216.64,217.0,85925.236
1735952400000,216.99,217.97,216.03,217.38,79426.287
1735956000000,217.39,218.18,216.21,217.47,74609.33
1735959600000,217.48,217.71,215.67,216.97,169044.197
1735963200000,216.97,216.97,215.58,216.88,83634.892
1735966800000,216.88,217.43,216.44,217.23,72530.657
1735970400000,217.23,217.96,216.9,217.63,75287.333
1735974000000,217.63,217.81,216.34,216.71,69388.455
1735977600000,216.7,216.73,215.32,215.72,83160.174
1735981200000,215.71,216.42,215.46,215.83,61727.677
1735984800000,215.83,215.93,214.4,215.66,84460.754
1735988400000,215.66,216.67,215.23,216.45,78431.32
1735992000000,216.46,217.19,216.12,217.04,92895.018
1735995600000,217.05,217.66,216.64,217.03,72432.143
1735999200000,217.02,217.15,215.72,215.88,169325.568
1736002800000,215.87,216.56,213.54,214.32,182836.353
1736006400000,214.31,215.02,213.73,214.4,71181.769
1736010000000,214.39,215.77,214.18,215.75,51473.579
1736013600000,215.74,215.96,215.19,215.54,48684.159
1736017200000,215.54,215.81,215.13,215.58,42295.806
1736020800000,215.58,216.77,215.41,216.43,58167.577
1736024400000,216.43,216.63,215.77,216.06,48632.562
1736028000000,216.07,217.26,215.76,217.2,46206.313
1736031600000,217.2,217.27,216.48,216.67,41954.231
1736035200000,216.67,217.88,216.32,217.04,79685.541
1736038800000,217.05,217.18,215.27,215.71,77421.691
1736042400000,215.71,217.47,215.5,217.08,142574.051
1736046000000,217.07,218.99,216.67,217.96,146359.162
1736049600000,217.96,219.05,217.9,218.01,104657.441
1736053200000,218.0,218.0,216.17,216.4,87022.862
1736056800000,216.41,217.03,215.97,216.63,49942.996
1736060400000,216.63,216.85,216.12,216.47,57548.602
1736064000000,216.47,216.57,214.78,215.17,80544.782
1736067600000,215.16,215.22,212.91,213.19,118969.668
1736071200000,213.19,214.12,212.91,214.08,85180.665
1736074800000,214.09,214.7,213.72,213.93,47716.64
1736078400000,213.94,214.19,212.99,213.61,85785.643
1736082000000,213.61,214.61,212.37,212.59,143327.046
1736085600000,212.59,213.52,211.61,213.29,185676.986
1736089200000,213.28,213.95,212.13,213.59,113605.126
1736092800000,213.58,214.29,212.15,212.47,108863.887
1736096400000,212.48,213.29,212.0,212.65,62833.349
1736100000000,212.65,212.76,211.46,212.47,69214.168
1736103600000,212.47,213.21,212.18,212.79,52378.712
1736107200000,212.79,213.95,212.54,213.01,56001.369
1736110800000,213.0,214.0,212.85,213.85,45086.38
1736114400000,213.85,214.5,213.39,214.22,45256.061
1736118000000,214.23,214.54,213.25,213.41,55387.717
1736121600000,213.41,214.22,212.04,212.16,70909.59
1736125200000,212.17,215.17,211.56,214.67,108592.166
1736128800000,214.67,216.99,214.48,215.6,162504.186
1736132400000,215.61,216.69,215.27,215.61,65516.389
1736136000000,215.61,216.83,215.36,215.85,62477.749
1736139600000,215.84,216.9,215.21,215.57,102914.124
1736143200000,215.57,216.01,213.97,214.94,112707.456
1736146800000,214.93,215.51,213.9,215.22,79506.043
1736150400000,215.22,216.23,213.45,214.02,100968.078
1736154000000,214.03,214.44,213.23,214.4,74102.426
1736157600000,214.41,215.24,213.86,215.03,52307.269
1736161200000,215.02,216.27,214.81,216.26,56404.703
1736164800000,216.26,217.85,215.77,216.82,114540.168
1736168400000,216.81,218.81,215.79,218.7,172048.42
1736172000000,218.7,222.14,216.69,221.05,317884.27
1736175600000,221.05,222.08,219.87,221.62,315759.35
1736179200000,221.62,223.18,220.12,220.85,238462.993
1736182800000,220.84,220.84,217.34,218.72,180995.61
1736186400000,218.73,219.56,217.95,218.84,101490.814
1736190000000,218.84,220.48,218.62,220.0,97510.071
1736193600000,220.0,220.44,218.24,218.54,58625.138
1736197200000,218.53,218.75,217.55,217.85,69681.766
1736200800000,217.86,218.8,217.67,218.54,86255.527
1736204400000,218.54,218.67,217.85,218.22,53198.552
1736208000000,218.22,219.11,217.67,217.78,77651.876
1736211600000,217.78,218.8,216.8,218.11,109574.306
1736215200000,218.11,218.25,216.49,216.59,77726.775
1736218800000,216.59,217.64,216.23,217.34,67070.22
1736222400000,217.35,217.45,216.18,216.18,79701.161
1736226000000,216.17,216.51,215.64,216.51,81619.046
1736229600000,216.5,216.69,215.96,216.36,48677.06
1736233200000,216.35,216.7,215.49,216.04,57076.877
1736236800000,216.04,216.77,215.35,216.6,101259.502
1736240400000,216.61,216.73,214.77,215.1,125078.349
1736244000000,215.1,215.22,214.35,214.88,104127.422
1736247600000,214.87,215.41,212.88,214.06,167037.361
1736251200000,214.07,214.22,212.74,213.49,117783.019
1736254800000,213.49,214.32,213.38,213.85,85832.065
1736258400000,213.84,214.36,210.87,211.64,207262.166
1736262000000,211.63,212.05,205.36,207.76,1005802.546
1736265600000,207.76,209.09,206.85,207.55,209958.462
1736269200000,207.56,207.97,205.4,206.43,195471.144
1736272800000,206.43,207.13,204.11,205.06,200981.682
1736276400000,205.07,205.64,203.52,204.56,140241.474
1736280000000,204.56,204.63,202.65,204.36,171493.863
1736283600000,204.35,204.99,202.11,202.12,115286.284
1736287200000,202.13,203.96,201.8,203.71,110774.617
1736290800000,203.7,203.73,201.92,202.17,84811.007
1736294400000,202.17,203.28,201.9,202.62,121011.238
1736298000000,202.61,202.63,199.61,201.26,255778.123
1736301600000,201.26,201.73,200.1,200.11,161998.934
1736305200000,200.11,200.21,196.71,198.67,272616.227
1736308800000,198.68,199.57,196.64,196.97,257169.941
1736312400000,196.97,197.93,195.75,196.1,215300.16
1736316000000,196.1,196.79,193.42,193.45,248546.513
1736319600000,193.45,195.95,193.14,195.71,176431.7
1736323200000,195.71,197.88,195.6,197.36,226557.624
1736326800000,197.35,197.91,195.95,195.96,166937.649
1736330400000,195.97,198.0,195.96,197.21,103528.26
1736334000000,197.21,197.62,194.45,195.5,147943.465
1736337600000,195.51,196.28,194.86,195.06,115121.247
1736341200000,195.07,197.88,195.07,197.14,136631.869
1736344800000,197.14,199.27,196.81,197.73,231820.008
1736348400000,197.72,199.57,196.3,197.8,191235.241
1736352000000,197.8,197.97,194.51,194.68,150279.989
1736355600000,194.68,195.0,188.34,193.2,554673.173
1736359200000,193.21,196.91,192.8,193.95,209436.55
1736362800000,193.95,196.01,193.27,194.32,146051.775
1736366400000,194.31,196.28,193.67,195.76,91065.383
1736370000000,195.76,196.15,193.87,195.04,100574.708
1736373600000,195.03,197.97,195.03,197.84,92289.362
1736377200000,197.83,198.3,196.95,197.48,73831.091
1736380800000,197.48,197.93,196.45,197.9,66352.181
1736384400000,197.9,199.06,197.35,197.78,110145.768
1736388000000,197.79,198.01,195.11,197.13,162737.938
1736391600000,197.13,197.3,194.15,194.35,94600.876
1736395200000,194.35,195.48,193.64,195.38,81560.905
1736398800000,195.38,195.55,194.23,194.29,61967.007
1736402400000,194.29,194.94,193.22,193.41,82663.306
1736406000000,193.4,193.97,189.76,190.11,256525.761
1736409600000,190.11,192.4,189.12,191.14,200893.094
1736413200000,191.15,192.45,191.0,191.66,67413.731
1736416800000,191.67,192.12,189.76,191.41,85481.037
1736420400000,191.42,192.83,190.62,191.18,80239.836
1736424000000,191.17,192.09,189.37,190.33,103848.053
1736427600000,190.34,190.6,185.46,185.5,352861.771
1736431200000,185.49,188.84,185.07,188.78,271758.949
1736434800000,188.78,193.07,187.9,192.22,265107.268
1736438400000,192.22,192.81,190.65,191.86,135753.88
1736442000000,191.85,192.22,186.17,187.3,147720.463
1736445600000,187.3,189.42,187.02,188.45,103346.673
1736449200000,188.46,188.98,185.72,185.89,138741.197
1736452800000,185.9,186.44,182.0,185.15,389663.279
1736456400000,185.14,187.03,184.64,184.77,107083.984
1736460000000,184.78,187.59,183.23,185.92,140418.794
1736463600000,185.93,186.17,184.32,184.95,100261.442
1736467200000,184.96,187.0,184.95,186.41,114584.662
1736470800000,186.41,188.08,185.77,187.56,112738.123
1736474400000,187.55,189.41,187.39,188.3,106127.613
1736478000000,188.3,189.56,188.0,189.14,98763.899
1736481600000,189.14,189.98,188.6,189.04,109427.319
1736485200000,189.04,191.43,188.38,189.9,127385.808
1736488800000,189.9,191.19,189.35,191.07,94125.239
1736492400000,191.08,193.02,190.65,191.78,185552.647
1736496000000,191.77,192.48,191.4,192.05,130302.628
1736499600000,192.05,192.8,191.3,191.99,162115.717
1736503200000,192.0,192.68,191.47,192.65,90660.579
1736506800000,192.64,192.87,191.13,191.97,124389.832
1736510400000,191.98,192.18,190.54,191.84,83445.177
1736514000000,191.85,192.03,184.84,186.51,511650.116
1736517600000,186.5,189.35,185.91,187.58,282886.217
1736521200000,187.58,188.88,183.51,187.28,342543.517
1736524800000,187.28,187.54,184.26,184.72,169740.059
1736528400000,184.72,192.07,183.85,191.61,246712.298
1736532000000,191.6,191.96,189.29,190.02,159761.596
1736535600000,190.01,190.98,189.2,190.22,98862.024
1736539200000,190.22,190.5,186.88,187.44,106993.282
1736542800000,187.43,188.83,187.1,187.74,51448.147
1736546400000,187.75,188.69,186.71,188.09,80166.8
1736550000000,188.1,188.53,187.3,187.68,52508.783
1736553600000,187.69,188.29,187.18,188.25,62942.522
1736557200000,188.24,188.79,185.84,186.38,124345.404
1736560800000,186.39,187.17,186.1,186.72,67689.164
1736564400000,186.72,186.73,185.61,186.37,67500.283
1736568000000,186.37,186.72,185.17,185.78,80216.083
1736571600000,185.77,186.23,185.16,186.21,65275.014
1736575200000,186.22,187.2,186.12,186.13,63726.291
1736578800000,186.12,186.86,185.04,186.24,96216.649
1736582400000,186.24,186.88,185.11,185.59,74531.738
1736586000000,185.58,186.46,184.2,185.09,248389.732
1736589600000,185.08,185.75,184.01,185.16,287900.015
1736593200000,185.15,186.83,185.05,186.69,101187.374
1736596800000,186.69,187.54,186.42,186.91,89941.578
1736600400000,186.92,187.5,186.19,186.54,57484.104
1736604000000,186.55,187.96,185.87,187.91,74663.484
1736607600000,187.9,188.25,186.67,186.95,98169.641
1736611200000,186.96,187.46,186.01,187.21,63997.56
1736614800000,187.22,187.28,185.66,186.62,61448.302
1736618400000,186.63,187.85,186.4,187.65,46550.546
1736622000000,187.64,187.99,187.12,187.75,35936.299
1736625600000,187.74,190.76,187.49,190.41,101374.272
1736629200000,190.4,191.91,190.2,191.01,104516.738
1736632800000,191.01,191.06,188.07,188.31,80135.307
1736636400000,188.32,188.75,187.88,188.09,50347.956
1736640000000,188.09,188.3,187.26,187.35,50771.675
1736643600000,187.36,187.63,186.54,187.59,55280.549
1736647200000,187.59,188.39,187.07,188.39,52395.706
1736650800000,188.38,188.6,186.92,187.31,48584.159
1736654400000,187.31,187.5,186.67,186.81,47517.915
1736658000000,186.81,187.24,186.43,186.68,40947.343
1736661600000,186.68,186.82,185.92,185.93,56041.109
1736665200000,185.92,186.68,185.6,186.57,35502.674
1736668800000,186.57,186.92,185.71,185.97,40327.328
1736672400000,185.97,186.4,185.17,185.82,60251.122
1736676000000,185.83,186.4,185.36,186.12,48738.254
1736679600000,186.13,186.99,186.0,186.68,34835.638
1736683200000,186.68,187.55,186.17,187.03,50031.004
1736686800000,187.02,188.63,186.72,188.06,72648.263
1736690400000,188.05,188.93,187.83,188.42,63688.453
1736694000000,188.42,191.0,188.23,190.45,115647.394
1736697600000,190.45,190.76,189.16,190.0,70047.121
1736701200000,189.99,190.58,189.31,189.91,54685.317
1736704800000,189.9,190.45,189.14,189.58,47234.479
1736708400000,189.58,189.98,188.63,188.9,72110.839
1736712000000,188.9,189.98,188.83,189.35,36241.558
1736715600000,189.34,189.53,187.94,188.45,47645.161
1736719200000,188.44,188.65,186.59,186.99,69750.838
1736722800000,186.99,188.73,186.72,188.51,59993.236
1736726400000,188.5,191.99,188.3,190.64,157986.107
1736730000000,190.63,190.77,186.9,187.42,140406.207
1736733600000,187.42,187.66,184.31,185.75,160687.104
1736737200000,185.76,186.53,184.21,185.03,103405.916
1736740800000,185.02,186.98,184.64,185.36,96184.305
1736744400000,185.37,185.52,183.27,183.89,123836.605
1736748000000,183.9,184.49,181.7,182.07,161856.321
1736751600000,182.08,183.5,181.5,182.46,113532.682
1736755200000,182.46,182.53,180.16,180.56,232236.56
1736758800000,180.57,180.88,178.69,179.98,287922.803
1736762400000,179.98,180.28,178.05,178.4,293483.116
1736766000000,178.4,178.44,175.23,175.41,381018.708
1736769600000,175.41,177.61,174.77,175.22,456099.315
1736773200000,175.21,178.32,174.28,175.89,323656.941
1736776800000,175.89,177.0,168.88,175.48,794458.534
1736780400000,175.48,180.34,175.01,178.8,427347.906
1736784000000,178.81,179.81,176.15,176.26,253369.077
1736787600000,176.27,178.43,175.55,176.37,161761.798
1736791200000,176.37,177.97,174.45,175.99,175295.686
1736794800000,175.98,178.67,175.13,177.6,178638.872
1736798400000,177.6,182.44,176.61,181.58,212111.392
1736802000000,181.59,182.13,180.29,181.89,203912.138
1736805600000,181.9,183.48,181.61,183.11,161717.267
1736809200000,183.1,183.81,182.65,182.87,69000.253
1736812800000,182.86,183.06,181.88,182.37,114758.346
1736816400000,182.38,184.18,182.33,182.63,142819.838
1736820000000,182.62,184.13,181.99,183.39,151306.681
1736823600000,183.39,184.63,183.34,184.19,75206.98
1736827200000,184.2,185.95,184.2,185.88,89977.137
1736830800000,185.87,186.67,184.7,185.19,142777.247
1736834400000,185.2,186.91,185.2,186.3,67588.135
1736838000000,186.3,186.39,185.34,185.61,68141.25
1736841600000,185.61,187.5,185.6,186.88,111545.164
1736845200000,186.87,190.09,186.48,189.45,212693.229
1736848800000,189.45,189.46,187.53,187.75,118724.235
1736852400000,187.74,188.12,186.69,187.06,108099.257
1736856000000,187.05,187.26,184.69,186.03,193802.715
1736859600000,186.04,188.82,185.58,188.05,205608.002
1736863200000,188.05,190.11,186.94,187.2,152561.114
1736866800000,187.21,188.63,186.79,186.85,122996.528
1736870400000,186.85,187.31,185.72,186.49,155756.408
1736874000000,186.48,187.91,185.99,186.63,103259.834
1736877600000,186.63,187.25,186.0,186.63,102945.763
1736881200000,186.63,187.6,186.18,187.08,65431.868
1736884800000,187.08,187.28,185.82,187.17,74390.876
1736888400000,187.17,187.93,186.69,187.26,56537.766
1736892000000,187.26,188.8,187.08,188.69,51600.143
1736895600000,188.69,188.81,187.38,187.57,48826.548
1736899200000,187.57,188.28,187.03,187.44,65925.215
1736902800000,187.44,188.89,187.11,188.15,116796.378
1736906400000,188.15,188.58,187.03,187.3,93717.92
1736910000000,187.31,189.74,187.25,189.73,82466.314
1736913600000,189.73,190.08,188.73,189.72,71675.845
1736917200000,189.73,189.8,188.35,189.63,68980.361
1736920800000,189.63,189.72,188.45,189.36,56751.197
1736924400000,189.36,190.77,189.32,190.0,88203.851
1736928000000,189.99,190.7,189.21,189.21,88887.956
1736931600000,189.21,189.53,186.44,186.64,123118.519
1736935200000,186.65,187.95,186.53,187.56,65921.604
1736938800000,187.56,187.67,185.84,186.98,128271.947
1736942400000,186.98,187.27,185.99,186.39,77816.599
1736946000000,186.39,195.75,186.33,195.73,580127.031
1736949600000,195.72,197.12,192.99,195.72,372937.555
1736953200000,195.73,198.03,195.67,196.52,264987.995
1736956800000,196.52,198.73,196.43,198.07,200390.525
1736960400000,198.08,199.34,197.6,197.71,169785.105
1736964000000,197.72,201.85,197.72,201.3,173463.909
1736967600000,201.29,202.35,200.23,201.9,161950.335
1736971200000,201.9,204.78,201.89,202.74,315446.988
1736974800000,202.75,203.84,202.46,202.82,132467.692
1736978400000,202.83,204.97,202.5,204.49,148759.684
1736982000000,204.5,206.04,203.87,205.86,119760.055
1736985600000,205.86,206.29,203.05,204.56,202917.746
1736989200000,204.57,205.34,203.16,204.09,97149.937
1736992800000,204.09,204.09,202.45,202.93,113988.988
1736996400000,202.92,203.24,201.36,201.99,108987.779
1737000000000,201.98,202.45,201.46,201.84,72199.629
1737003600000,201.84,203.2,201.59,203.01,69843.599
1737007200000,203.02,203.43,202.47,203.02,61611.646
1737010800000,203.02,203.5,202.61,203.14,50175.73
1737014400000,203.15,203.4,199.05,199.7,147176.997
1737018000000,199.7,201.47,198.47,201.27,131976.166
1737021600000,201.27,201.52,200.18,200.41,60771.606
1737025200000,200.42,212.98,199.75,212.78,737073.602
1737028800000,212.77,217.14,212.66,215.14,834879.979
1737032400000,215.15,215.53,208.39,209.88,532550.933
1737036000000,209.87,210.88,205.36,207.72,493451.701
1737039600000,207.72,209.87,206.36,209.07,382828.076
1737043200000,209.07,214.86,208.83,213.11,473334.658
1737046800000,213.1,215.44,212.38,214.47,279168.603
1737050400000,214.47,215.18,211.36,212.73,275340.189
1737054000000,212.72,214.24,212.2,214.19,109689.936
1737057600000,214.2,214.54,212.45,213.24,118874.433
1737061200000,213.24,213.3,211.37,211.61,119537.307
1737064800000,211.61,211.64,208.53,209.78,160290.316
1737068400000,209.78,211.53,209.71,211.14,76436.101
1737072000000,211.15,212.12,209.84,210.9,115104.865
1737075600000,210.9,215.35,210.84,214.49,201745.303
1737079200000,214.49,214.96,211.75,212.99,191452.257
1737082800000,213.0,213.06,210.98,211.1,84760.778
1737086400000,211.1,212.92,210.94,212.91,68856.801
1737090000000,212.9,213.25,211.87,212.51,78157.447
1737093600000,212.51,213.62,212.12,212.6,202556.489
1737097200000,212.59,213.83,212.3,213.27,70584.98
1737100800000,213.27,216.36,213.22,216.28,199575.603
1737104400000,216.28,216.83,214.93,215.34,179417.303
1737108000000,215.34,217.88,214.61,217.28,196396.759
1737111600000,217.29,219.7,216.55,218.77,266039.085
1737115200000,218.77,220.43,218.34,220.33,276918.233
1737118800000,220.33,222.11,219.65,219.99,337950.417
1737122400000,219.99,221.59,218.26,219.29,322164.567
1737126000000,219.28,220.67,216.39,218.6,305346.244
1737129600000,218.6,221.93,217.86,220.81,194585.167
1737133200000,220.82,221.49,216.07,216.52,212857.028
1737136800000,216.51,217.33,215.66,216.5,99810.335
1737140400000,216.5,218.0,216.16,217.16,136723.427
1737144000000,217.17,221.22,216.46,220.33,258919.408
1737147600000,220.33,220.48,216.75,218.47,186236.982
1737151200000,218.47,220.6,218.38,219.23,117116.508
1737154800000,219.22,220.85,218.75,219.51,81196.852
1737158400000,219.52,221.15,219.12,219.95,97498.556
1737162000000,219.95,220.0,217.77,218.82,80715.275
1737165600000,218.83,222.09,217.29,222.04,282209.393
1737169200000,222.04,228.8,219.31,220.47,1317354.554
1737172800000,220.47,230.31,219.85,228.46,1315672.057
1737176400000,228.46,232.03,225.48,226.18,1116883.81
1737180000000,226.15,238.15,226.07,236.29,1361698.466
1737183600000,236.28,237.21,232.0,232.89,665097.0
1737187200000,232.89,240.44,230.75,238.79,858252.299
1737190800000,238.79,241.86,236.21,238.16,729451.65
1737194400000,238.16,245.0,237.85,243.17,1119592.434
1737198000000,243.17,244.35,237.78,238.95,623917.309
1737201600000,238.95,244.55,238.91,243.4,531689.399
1737205200000,243.4,243.95,239.16,240.27,577812.728
1737208800000,240.27,243.99,239.88,242.85,535817.772
1737212400000,242.85,260.0,240.84,257.75,1547206.257
1737216000000,257.75,270.67,242.51,242.65,3019664.954
1737219600000,242.65,255.0,242.53,252.1,1204758.362
1737223200000,252.11,257.98,252.04,254.52,732149.814
1737226800000,254.51,259.34,253.74,255.35,511696.871
1737230400000,255.35,257.56,247.22,248.44,560972.432
1737234000000,248.43,254.61,247.58,252.59,336600.042
1737237600000,252.59,256.77,251.94,254.43,262706.391
1737241200000,254.43,264.68,254.28,261.97,582563.755
1737244800000,261.97,265.0,256.33,256.6,578599.851
1737248400000,256.6,257.67,253.15,255.56,454192.61
1737252000000,255.57,259.08,253.5,254.37,309657.411
1737255600000,254.36,258.88,252.08,255.6,360171.297
1737259200000,255.6,275.0,254.17,273.69,1863463.803
1737262800000,273.68,274.3,265.0,266.38,921652.488
1737266400000,266.37,274.9,265.88,274.68,621521.084
1737270000000,274.68,277.99,271.2,271.53,1013056.417
1737273600000,271.52,275.47,268.44,274.5,1060093.387
1737277200000,274.51,279.23,266.28,274.0,1911878.915
1737280800000,274.01,289.75,272.75,284.44,1691774.662
1737284400000,284.44,295.83,284.2,286.24,1557994.126
1737288000000,286.23,289.72,275.22,277.34,1253497.316
1737291600000,277.35,288.25,276.73,282.82,747562.89
1737295200000,282.81,285.64,267.38,270.62,1442406.362
1737298800000,270.62,272.98,262.95,270.58,881203.717
1737302400000,270.58,271.26,264.04,268.93,455339.277
1737306000000,268.94,271.57,264.23,271.36,355241.406
1737309600000,271.35,275.41,270.33,272.21,461535.753
1737313200000,272.21,272.98,268.0,269.5,311765.855
1737316800000,269.5,277.78,268.86,277.65,403723.421
1737320400000,277.64,278.43,252.27,255.2,2123169.616
1737324000000,255.21,259.39,240.0,252.93,2237896.768
1737327600000,252.94,254.73,236.68,252.42,2034269.168
1737331200000,252.4,252.76,235.31,236.06,1929464.794
1737334800000,236.06,247.38,235.61,241.95,1130985.284
1737338400000,241.95,247.84,230.01,232.04,1129230.769
1737342000000,232.02,243.74,229.44,241.38,753923.712
1737345600000,241.38,246.54,239.0,243.67,474716.813
1737349200000,243.66,248.68,243.37,244.77,629547.049
1737352800000,244.78,259.99,242.47,257.84,937398.298
1737356400000,257.83,264.3,255.44,261.9,1228648.356
1737360000000,261.91,269.99,258.83,269.49,649946.64
1737363600000,269.49,273.29,261.79,262.79,771778.824
1737367200000,262.78,266.33,258.61,259.27,448304.376
1737370800000,259.28,260.74,256.64,260.6,435867.585
1737374400000,260.6,261.74,249.91,253.35,754316.33
1737378000000,253.35,257.82,251.0,256.21,423259.919
1737381600000,256.2,259.21,254.31,257.39,328700.599
1737385200000,257.39,259.2,253.31,254.06,491520.137
1737388800000,254.07,256.77,247.07,256.48,674767.237
1737392400000,256.48,256.72,232.07,243.85,1613068.538
1737396000000,243.86,250.64,242.11,249.27,645306.467
1737399600000,249.27,249.67,244.6,246.26,335328.471
1737403200000,246.27,249.16,244.79,245.35,257506.221
1737406800000,245.34,250.51,245.07,246.3,249387.701
1737410400000,246.3,250.99,242.83,250.1,291420.858
1737414000000,250.11,250.34,241.51,242.19,295180.583
1737417600000,242.18,245.21,235.02,235.32,474527.218
1737421200000,235.31,240.1,232.1,234.34,513655.199
1737424800000,234.34,240.27,232.22,240.06,513901.145
1737428400000,240.06,241.33,236.12,237.86,302583.131
1737432000000,237.87,238.96,231.72,238.55,344129.142
1737435600000,238.54,239.15,232.21,232.46,313784.765
1737439200000,232.46,237.75,230.0,237.08,399811.281
1737442800000,237.08,238.0,234.47,236.84,253325.195
1737446400000,236.83,239.89,235.59,239.38,335514.754
1737450000000,239.38,240.94,236.0,238.51,261263.448
1737453600000,238.51,242.15,237.24,239.54,319718.883
1737457200000,239.55,241.53,237.01,239.44,250126.88
1737460800000,239.44,242.78,236.6,240.94,277695.662
1737464400000,240.94,244.35,239.4,241.34,276025.881
1737468000000,241.35,244.84,237.78,239.15,412166.542
1737471600000,239.15,241.54,235.77,240.92,280371.809
1737475200000,240.92,248.48,239.79,243.82,399075.113
1737478800000,243.83,249.73,243.51,249.12,199102.821
1737482400000,249.12,259.95,248.39,259.43,506304.467
1737486000000,259.42,260.06,252.04,253.41,402254.296
1737489600000,253.41,255.99,251.68,253.37,206048.978
1737493200000,253.38,255.11,251.57,253.76,176905.645
1737496800000,253.76,254.49,249.1,249.38,163223.319
1737500400000,249.38,250.7,246.69,250.33,301221.683
1737504000000,250.33,253.32,248.43,252.71,191194.138
1737507600000,252.71,253.87,250.8,252.12,172489.522
1737511200000,252.12,252.83,250.39,252.25,114324.528
1737514800000,252.24,256.97,252.03,254.11,249087.867
1737518400000,254.11,256.1,252.4,255.62,213905.59
1737522000000,255.62,257.93,255.09,256.04,174513.692
1737525600000,256.04,257.64,253.92,256.51,225354.559
1737529200000,256.5,259.78,255.31,258.51,172643.461
1737532800000,258.51,258.94,252.48,255.28,248052.465
1737536400000,255.27,255.83,253.19,253.75,134493.986
1737540000000,253.75,254.99,252.22,254.94,92190.948
1737543600000,254.93,258.75,254.75,257.76,138900.876
1737547200000,257.75,259.25,256.41,259.09,144048.573
1737550800000,259.08,264.98,257.33,260.32,631546.066
1737554400000,260.33,262.63,255.2,256.09,394229.157
1737558000000,256.09,258.56,254.48,257.3,298673.099
1737561600000,257.31,258.05,253.92,257.28,287417.664
1737565200000,257.29,260.54,256.2,259.27,176528.723
1737568800000,259.26,260.2,253.22,253.87,165905.488
1737572400000,253.87,266.31,253.62,265.29,493643.917
1737576000000,265.29,272.03,264.34,268.14,693359.792
1737579600000,268.13,268.93,262.31,262.45,359947.121
1737583200000,262.45,264.7,259.91,260.08,172392.023
1737586800000,260.07,260.47,255.64,257.36,278584.361
1737590400000,257.37,258.48,254.02,255.2,199779.278
1737594000000,255.21,256.9,252.41,253.18,158381.32
1737597600000,253.18,253.78,246.38,248.75,462059.81
1737601200000,248.75,251.31,247.73,248.85,182234.796
1737604800000,248.84,249.43,245.02,246.58,179226.264
1737608400000,246.58,250.19,246.51,249.33,184117.6
1737612000000,249.33,250.71,247.51,247.57,166218.854
1737615600000,247.57,250.0,246.31,249.53,134106.437
1737619200000,249.52,249.92,245.73,246.21,124273.114
1737622800000,246.21,248.57,245.74,247.08,138184.106
1737626400000,247.08,248.2,242.33,243.91,239889.287
1737630000000,243.91,245.26,242.9,244.19,152322.73
1737633600000,244.19,245.69,242.51,243.06,155182.564
1737637200000,243.06,247.71,242.19,246.78,235347.344
1737640800000,246.79,254.76,244.94,251.42,593525.319
1737644400000,251.43,252.81,244.58,249.39,667143.886
1737648000000,249.4,256.32,249.14,250.26,481315.694
1737651600000,250.25,253.35,247.66,252.25,201751.014
1737655200000,252.25,253.19,250.24,250.65,144857.903
1737658800000,250.66,250.66,245.27,246.84,157785.276
1737662400000,246.84,258.38,245.91,250.79,842220.881
1737666000000,250.78,251.58,243.62,245.9,418236.837
1737669600000,245.91,251.94,245.47,251.62,403339.944
1737673200000,251.62,255.0,250.54,253.11,181262.465
1737676800000,253.12,256.46,252.27,252.73,215516.895
1737680400000,252.74,253.05,248.93,250.08,183568.492
1737684000000,250.07,251.08,247.5,248.68,201003.596
1737687600000,248.69,253.59,247.18,252.23,223274.875
1737691200000,252.23,255.39,250.6,255.31,140278.685
1737694800000,255.3,261.39,254.55,261.31,395530.15
1737698400000,261.31,264.18,259.75,263.61,341278.602
1737702000000,263.62,264.44,259.58,259.7,222064.828
1737705600000,259.7,265.18,259.68,264.29,207649.426
1737709200000,264.29,265.3,262.85,263.82,164920.5
1737712800000,263.82,266.79,262.6,264.17,357467.11
1737716400000,264.18,267.34,264.09,266.82,164729.474
1737720000000,266.83,267.7,264.27,265.31,168365.303
1737723600000,265.3,267.0,263.63,266.88,177037.277
1737727200000,266.88,270.18,266.08,268.17,335023.806
1737730800000,268.18,269.0,260.84,262.28,348131.562
1737734400000,262.28,264.82,261.8,261.9,164551.105
1737738000000,261.91,264.93,261.37,264.53,114697.072
1737741600000,264.52,265.49,262.46,262.82,110242.681
1737745200000,262.81,263.53,260.45,262.06,126578.396
1737748800000,262.06,262.39,257.0,257.33,240781.276
1737752400000,257.34,261.43,256.33,257.61,339532.337
1737756000000,257.6,257.83,254.24,254.52,153562.137
1737759600000,254.52,255.21,252.74,253.37,118508.984
1737763200000,253.36,253.71,248.24,248.25,303093.675
1737766800000,248.25,253.08,248.08,251.86,221005.596
1737770400000,251.87,252.7,249.72,250.37,123512.929
1737774000000,250.36,253.0,249.6,252.74,131847.856
1737777600000,252.73,252.74,250.25,250.35,97171.178
1737781200000,250.35,250.8,248.22,248.74,188822.425
1737784800000,248.75,249.64,246.49,247.26,207408.401
1737788400000,247.25,247.65,246.55,247.28,160786.149
1737792000000,247.27,249.74,247.02,249.12,170404.822
1737795600000,249.12,249.47,247.32,247.92,111502.985
1737799200000,247.92,248.89,246.33,248.74,152692.09
1737802800000,248.74,250.78,247.56,249.97,123670.913
1737806400000,249.97,249.97,248.25,249.73,116287.062
1737810000000,249.73,250.96,249.33,250.35,101928.75
1737813600000,250.34,251.43,249.1,251.02,104341.562
1737817200000,251.02,254.7,250.93,253.68,218303.193
1737820800000,253.68,256.57,253.08,255.85,205346.481
1737824400000,255.84,258.15,253.17,257.88,234827.53
1737828000000,257.88,260.78,257.8,258.6,205541.989
1737831600000,258.61,259.87,257.37,258.5,125234.307
1737835200000,258.49,259.52,257.08,257.98,111999.98
1737838800000,257.98,259.24,257.16,258.21,98159.3
1737842400000,258.21,259.31,257.8,259.02,72955.849
1737846000000,259.01,259.75,255.59,256.41,117144.279
1737849600000,256.4,257.39,255.0,256.05,127924.247
1737853200000,256.05,257.0,254.57,254.93,105021.313
1737856800000,254.92,255.56,253.58,255.44,85267.956
1737860400000,255.43,259.96,255.43,258.42,177775.698
1737864000000,258.43,260.16,257.85,258.73,114864.031
1737867600000,258.74,259.16,257.36,257.75,98096.914
1737871200000,257.75,259.21,257.36,258.22,49992.363
1737874800000,258.22,259.97,258.21,258.95,66366.847
1737878400000,258.95,258.95,255.8,256.45,95409.831
1737882000000,256.45,256.54,254.07,254.9,101080.84
1737885600000,254.89,255.75,252.79,253.69,111663.42
1737889200000,253.69,255.77,253.23,255.59,90606.492
1737892800000,255.58,256.99,254.3,256.98,139595.239
1737896400000,256.98,257.55,254.7,255.23,104549.229
1737900000000,255.22,255.5,253.32,255.07,91399.278
1737903600000,255.07,256.19,254.41,254.58,75437.395
1737907200000,254.59,255.86,253.83,255.36,54536.359
1737910800000,255.35,258.0,254.97,256.21,108602.852
1737914400000,256.21,257.58,255.72,256.75,85526.123
1737918000000,256.75,257.2,255.84,256.28,43472.686
1737921600000,256.29,256.63,253.28,253.5,139967.481
1737925200000,253.5,253.68,249.13,249.22,227751.106
1737928800000,249.21,250.18,245.88,247.16,287380.384
1737932400000,247.15,247.55,240.32,240.5,445727.44
1737936000000,240.49,242.68,236.25,237.59,580356.1
1737939600000,237.59,238.68,235.01,235.82,403912.195
1737943200000,235.82,237.54,232.88,235.0,451598.392
1737946800000,234.99,238.21,234.55,235.8,260019.586
1737950400000,235.81,235.81,230.6,231.04,350669.603
1737954000000,231.04,232.46,229.44,232.05,375408.286
1737957600000,232.05,232.87,225.76,227.27,430670.426
1737961200000,227.28,229.16,221.71,227.53,775135.798
1737964800000,227.52,227.65,222.76,225.55,346240.326
1737968400000,225.55,227.9,224.27,226.4,237234.734
1737972000000,226.41,226.51,220.89,222.05,272633.618
1737975600000,222.04,227.99,221.97,225.85,267484.05
1737979200000,225.84,231.7,223.71,231.2,313567.508
1737982800000,231.19,236.28,229.84,231.1,545339.826
1737986400000,231.1,237.67,229.19,237.01,495152.38
1737990000000,237.01,237.24,232.5,233.66,316680.941
1737993600000,233.67,235.9,227.48,228.92,544243.855
1737997200000,228.92,230.66,226.13,227.16,441676.722
1738000800000,227.17,228.25,223.92,224.82,467328.838
1738004400000,224.83,228.16,224.72,226.53,346233.19
1738008000000,226.54,235.2,226.48,234.4,256637.516
1738011600000,234.39,237.9,232.61,233.95,223090.143
1738015200000,233.95,236.23,233.51,234.9,102593.948
1738018800000,234.91,235.72,233.85,234.89,112712.861
1738022400000,234.9,237.69,234.4,235.19,197716.684
1738026000000,235.19,235.92,233.06,234.38,117818.668
1738029600000,234.38,237.08,234.23,236.28,89445.176
1738033200000,236.27,237.8,235.16,236.69,88209.58
1738036800000,236.68,242.17,236.66,239.79,198358.559
1738040400000,239.78,244.0,239.63,242.42,186592.904
1738044000000,242.42,242.62,239.5,239.63,133549.658
1738047600000,239.62,241.32,238.51,238.74,184983.087
1738051200000,238.74,238.99,236.82,238.51,142919.184
1738054800000,238.5,238.63,235.32,238.17,100611.89
1738058400000,238.18,239.72,237.74,238.3,86836.458
1738062000000,238.3,239.38,237.05,238.25,66122.157
1738065600000,238.25,239.9,235.5,236.24,139840.787
1738069200000,236.23,238.74,236.03,236.67,80839.152
1738072800000,236.66,237.74,233.75,235.6,208462.451
1738076400000,235.61,240.23,235.53,237.49,216238.243
1738080000000,237.49,237.78,231.68,234.38,193016.611
1738083600000,234.38,237.17,233.65,234.32,128635.886
1738087200000,234.32,236.0,230.63,231.12,148833.98
1738090800000,231.13,233.1,230.3,232.19,104364.121
1738094400000,232.2,232.6,227.44,228.1,151492.014
1738098000000,228.1,229.89,225.51,225.85,215055.369
1738101600000,225.84,228.24,225.01,227.09,187025.947
1738105200000,227.09,227.6,225.11,227.06,116481.521
1738108800000,227.06,229.65,226.79,228.71,116555.668
1738112400000,228.71,230.23,228.41,229.66,81737.075
1738116000000,229.66,232.0,229.58,230.09,84543.48
1738119600000,230.09,231.83,229.8,231.2,61414.227
1738123200000,231.2,231.76,230.33,230.98,61130.048
1738126800000,230.97,231.75,229.83,230.88,59272.243
1738130400000,230.88,233.83,230.88,233.82,103690.752
1738134000000,233.82,234.78,232.8,234.41,77232.19
1738137600000,234.42,235.9,233.27,233.79,74440.955
1738141200000,233.79,233.98,230.88,231.19,91226.629
1738144800000,231.19,232.67,230.14,231.84,75786.436
1738148400000,231.85,233.2,231.24,231.99,57552.593
1738152000000,231.98,232.03,228.44,228.57,125664.385
1738155600000,228.57,228.99,226.0,227.18,194198.664
1738159200000,227.17,228.95,226.5,227.78,151740.761
1738162800000,227.78,229.77,227.15,228.4,132463.705
1738166400000,228.41,228.81,226.31,226.88,102916.291
1738170000000,226.88,230.83,226.71,228.91,132920.889
1738173600000,228.92,231.5,227.4,230.99,172381.87
1738177200000,230.98,236.12,222.63,231.68,951423.601
1738180800000,231.68,238.49,228.71,234.53,441071.336
1738184400000,234.52,238.05,232.15,234.66,249787.048
1738188000000,234.66,235.49,231.63,231.69,120040.032
1738191600000,231.68,232.32,227.61,228.16,125002.96
1738195200000,228.16,231.52,226.84,231.32,160252.362
1738198800000,231.33,235.6,230.81,234.49,178806.898
1738202400000,234.49,237.62,233.49,237.59,188398.481
1738206000000,237.6,241.01,236.96,240.24,205771.526
1738209600000,240.25,241.67,239.34,240.87,163654.337
1738213200000,240.87,242.13,239.03,240.33,282431.786
1738216800000,240.34,240.79,238.45,238.85,108020.678
1738220400000,238.85,239.66,237.2,238.9,93962.926
1738224000000,238.9,240.28,238.01,239.67,93571.971
1738227600000,239.68,241.39,239.61,240.48,106239.651
1738231200000,240.47,241.58,239.22,241.48,74989.568
1738234800000,241.48,241.94,240.41,241.77,108471.662
1738238400000,241.77,242.0,239.43,239.89,97337.008
1738242000000,239.89,241.93,239.11,240.95,124710.382
1738245600000,240.94,242.75,239.21,242.14,181855.784
1738249200000,242.14,244.7,240.65,241.09,308270.748
1738252800000,241.08,243.42,240.67,243.21,111400.91
1738256400000,243.2,243.22,240.01,241.07,104375.2
1738260000000,241.08,241.7,239.33,241.09,78431.549
1738263600000,241.09,241.38,238.72,241.13,191797.531
1738267200000,241.14,241.23,238.4,238.63,127350.266
1738270800000,238.63,240.64,238.62,240.51,58979.626
1738274400000,240.51,242.2,239.43,239.97,136787.03
1738278000000,239.96,240.81,238.3,238.31,55398.093
1738281600000,238.3,239.19,236.16,238.86,106252.084
1738285200000,238.86,239.07,236.86,237.72,70985.569
1738288800000,237.72,238.42,236.48,237.63,111709.773
1738292400000,237.63,237.65,235.13,235.95,128904.323
1738296000000,235.95,236.68,234.92,235.91,67292.726
1738299600000,235.92,237.84,235.8,237.55,64300.99
1738303200000,237.56,238.25,237.1,237.79,38510.71
1738306800000,237.78,238.41,235.42,235.73,69946.889
1738310400000,235.73,236.17,235.0,235.12,135735.238
1738314000000,235.12,235.83,234.19,235.73,112663.953
1738317600000,235.73,236.51,235.01,236.06,75047.159
1738321200000,236.06,239.05,236.04,238.76,142356.06
1738324800000,238.77,240.95,237.8,240.72,158617.543
1738328400000,240.73,241.82,239.36,240.36,138454.095
1738332000000,240.35,240.4,236.05,236.49,198106.304
1738335600000,236.5,241.14,236.47,240.09,208329.667
1738339200000,240.1,240.18,237.51,238.73,202304.565
1738342800000,238.72,238.82,235.34,235.35,92258.787
1738346400000,235.35,235.62,230.29,230.4,254271.734
1738350000000,230.4,232.78,230.17,230.52,162291.184
1738353600000,230.51,230.65,228.53,230.01,135137.49
1738357200000,230.01,230.48,228.24,230.26,119352.983
1738360800000,230.25,231.86,229.68,231.21,103161.471
1738364400000,231.2,231.8,230.08,231.77,46174.27
1738368000000,231.77,233.16,230.9,232.57,98604.753
1738371600000,232.56,234.23,232.36,232.37,133123.626
1738375200000,232.36,236.46,231.51,232.82,156050.972
1738378800000,232.82,233.13,230.61,231.46,61674.945
1738382400000,231.47,232.47,231.05,231.77,34787.305
1738386000000,231.78,233.08,231.62,232.21,54502.069
1738389600000,232.21,232.22,230.36,231.41,50815.319
1738393200000,231.4,231.64,230.0,230.68,37136.243
1738396800000,230.67,230.93,228.65,229.59,104879.309
1738400400000,229.59,229.6,226.93,227.01,128718.995
1738404000000,227.0,228.61,226.37,226.47,100784.024
1738407600000,226.47,228.15,226.29,228.11,83003.613
1738411200000,228.1,229.53,227.61,229.16,81383.381
1738414800000,229.16,229.46,226.88,227.03,104802.377
1738418400000,227.04,228.2,225.12,225.35,195928.458
1738422000000,225.35,226.82,224.83,226.38,99329.164
1738425600000,226.38,227.0,224.75,224.89,92251.1
1738429200000,224.89,227.66,224.89,227.25,50442.214
1738432800000,227.25,227.35,224.42,224.45,72516.602
1738436400000,224.45,224.61,220.86,221.75,168197.951
1738440000000,221.76,221.76,216.78,218.45,350566.472
1738443600000,218.45,219.54,215.79,216.12,151074.792
1738447200000,216.12,217.54,214.01,215.85,220716.952
1738450800000,215.85,215.98,212.74,213.03,218458.014
1738454400000,213.03,217.98,212.44,217.17,187092.975
1738458000000,217.17,218.9,216.94,217.53,114057.542
1738461600000,217.54,217.65,213.94,214.21,166094.943
1738465200000,214.21,215.0,206.83,207.11,514113.469
1738468800000,207.11,210.91,206.74,208.56,195682.558
1738472400000,208.56,212.83,208.29,212.29,326183.354
1738476000000,212.28,214.08,211.99,212.99,142955.201
1738479600000,213.0,213.29,211.14,211.78,97366.844
1738483200000,211.77,215.79,210.82,215.21,191529.621
1738486800000,215.2,215.2,213.1,213.71,92634.596
1738490400000,213.71,213.76,211.28,212.0,131003.434
1738494000000,211.99,212.2,207.71,208.68,217140.083
1738497600000,208.67,211.31,208.24,208.31,174324.558
1738501200000,208.31,213.0,208.27,212.84,180946.174
1738504800000,212.84,214.19,212.19,213.33,135267.166
1738508400000,213.34,213.34,209.7,212.07,135201.056
1738512000000,212.06,212.13,205.93,206.66,276432.927
1738515600000,206.66,208.75,202.3,203.19,626187.473
1738519200000,203.19,204.62,197.29,197.67,730060.115
1738522800000,197.66,206.38,195.0,203.54,684581.177
1738526400000,203.53,206.78,201.97,203.01,330943.821
1738530000000,203.02,204.12,201.26,202.18,522660.339
1738533600000,202.19,206.17,192.31,203.67,543793.173
1738537200000,203.68,204.03,196.58,203.51,539247.734
1738540800000,203.52,203.89,192.2,198.34,875438.117
1738544400000,198.34,199.99,178.0,184.93,1546331.318
1738548000000,184.86,192.0,175.89,187.95,1858396.991
1738551600000,187.95,199.79,187.38,197.92,736731.203
1738555200000,197.92,199.97,189.27,189.87,494429.107
1738558800000,189.87,197.46,189.68,196.83,384886.845
1738562400000,196.83,198.39,193.73,195.74,273327.671
1738566000000,195.74,199.7,195.25,199.09,292916.64
1738569600000,199.09,199.11,193.38,195.59,305459.41
1738573200000,195.59,199.12,193.77,194.2,301774.513
1738576800000,194.2,202.15,194.04,201.84,395932.717
1738580400000,201.84,201.84,198.05,198.74,363939.731
1738584000000,198.74,199.65,194.91,195.12,351618.228
1738587600000,195.13,196.86,193.4,194.67,256796.987
1738591200000,194.67,199.83,189.9,199.71,930255.371
1738594800000,199.7,210.0,197.95,207.02,1043241.839
1738598400000,207.01,209.11,203.61,207.69,400813.594
1738602000000,207.7,208.25,205.43,206.63,255065.17
1738605600000,206.69,212.06,205.14,211.81,286433.382
1738609200000,211.8,215.27,211.11,215.2,375515.354
1738612800000,215.19,215.37,210.35,211.52,387375.538
1738616400000,211.52,217.89,209.89,216.48,243405.296
1738620000000,216.49,218.7,215.0,217.54,336147.55
1738623600000,217.55,217.85,215.45,216.28,140737.693
1738627200000,216.27,217.97,215.21,215.3,153599.757
1738630800000,215.3,219.5,215.18,218.64,167371.825
1738634400000,218.64,219.97,215.65,215.67,152042.798
1738638000000,215.68,216.42,213.89,215.48,179114.653
1738641600000,215.48,216.08,212.44,212.93,209296.813
1738645200000,212.92,213.35,201.87,203.94,717243.518
1738648800000,203.95,207.32,203.73,206.61,215981.823
1738652400000,206.61,207.9,203.67,204.23,251017.812
1738656000000,204.22,206.05,202.43,203.61,211386.456
1738659600000,203.6,206.54,203.52,204.64,160173.507
1738663200000,204.65,208.77,204.52,207.58,216686.641
1738666800000,207.58,210.8,207.42,207.67,162871.6
1738670400000,207.67,212.7,207.67,211.17,169219.114
1738674000000,211.17,213.25,209.99,210.36,230609.356
1738677600000,210.35,216.04,209.35,214.24,297755.604
1738681200000,214.23,216.74,209.78,215.65,376511.131
1738684800000,215.65,217.98,214.48,214.55,213018.462
1738688400000,214.55,217.0,212.32,213.86,217686.628
1738692000000,213.85,214.66,211.51,214.47,125222.99
1738695600000,214.47,218.35,208.27,208.29,435488.108
1738699200000,208.29,210.49,205.25,206.21,467195.803
1738702800000,206.21,206.54,202.54,203.11,297623.874
1738706400000,203.11,206.35,202.52,205.48,219353.058
1738710000000,205.49,208.32,203.66,206.64,177723.056
1738713600000,206.64,208.24,205.64,206.71,113211.5
1738717200000,206.7,209.39,205.12,205.52,121798.877
1738720800000,205.51,208.22,205.11,207.56,138641.604
1738724400000,207.56,209.02,206.51,207.38,109491.053
1738728000000,207.38,207.53,204.67,205.06,79805.894
1738731600000,205.06,206.73,203.54,206.47,128805.335
1738735200000,206.46,208.32,204.28,204.74,97910.801
1738738800000,204.73,205.86,203.85,205.07,98400.418
1738742400000,205.06,206.29,203.83,204.97,82036.06
1738746000000,204.96,206.13,202.92,203.37,104114.13
1738749600000,203.36,205.41,203.11,204.65,76125.353
1738753200000,204.66,206.94,204.65,206.33,115072.256
1738756800000,206.32,207.18,204.59,204.85,95440.871
1738760400000,204.84,206.29,204.45,206.0,82744.316
1738764000000,205.99,207.62,203.3,203.94,203693.031
1738767600000,203.95,205.77,201.42,201.77,188121.166
1738771200000,201.76,202.12,197.83,199.79,428339.677
1738774800000,199.79,201.49,196.57,197.41,210769.349
1738778400000,197.42,198.85,196.42,197.75,151715.767
1738782000000,197.75,200.0,197.13,199.56,108323.035
1738785600000,199.56,200.67,196.7,198.56,113661.459
1738789200000,198.57,200.06,198.25,198.83,87442.462
1738792800000,198.82,199.48,195.47,195.99,128990.246
1738796400000,195.98,197.45,195.14,196.12,90147.377
1738800000000,196.12,198.92,195.93,197.18,126778.215
1738803600000,197.19,199.98,196.22,199.4,86770.971
1738807200000,199.38,201.22,199.24,200.31,82090.785
1738810800000,200.31,201.27,199.36,200.71,58333.668
1738814400000,200.71,202.1,200.27,201.58,53666.794
1738818000000,201.58,202.62,200.69,201.7,67633.877
1738821600000,201.69,203.98,201.44,203.7,358570.526
1738825200000,203.69,203.69,201.8,202.0,144356.804
1738828800000,202.0,202.54,200.84,201.15,94208.225
1738832400000,201.14,202.93,200.66,202.57,75211.065
1738836000000,202.58,202.86,200.84,201.34,57964.441
1738839600000,201.33,201.5,198.66,200.26,81689.753
1738843200000,200.27,200.63,197.77,198.24,105848.094
1738846800000,198.24,200.46,198.04,200.22,116366.186
1738850400000,200.21,200.65,195.1,195.25,180774.58
1738854000000,195.25,196.2,190.52,191.23,348305.433
1738857600000,191.23,192.95,188.73,190.34,312718.504
1738861200000,190.35,192.92,189.06,190.03,155022.945
1738864800000,190.03,191.07,188.36,189.94,174782.204
1738868400000,189.94,191.76,188.72,189.9,148040.674
1738872000000,189.91,193.14,189.56,193.14,122872.56
1738875600000,193.14,194.66,190.62,193.99,138365.218
1738879200000,193.99,194.11,190.4,190.69,132318.25
1738882800000,190.69,191.17,187.39,189.54,222077.375
1738886400000,189.53,192.33,189.18,189.88,230995.139
1738890000000,189.89,193.79,189.81,192.26,108645.693
1738893600000,192.25,195.21,192.12,194.89,220171.877
1738897200000,194.88,195.87,192.48,193.31,94332.908
1738900800000,193.3,195.36,193.08,194.16,72328.94
1738904400000,194.16,194.69,192.19,192.78,81890.503
1738908000000,192.78,192.99,189.02,190.83,148211.051
1738911600000,190.82,193.54,190.76,192.54,116487.873
1738915200000,192.54,195.16,191.69,194.03,104788.702
1738918800000,194.04,197.49,193.53,197.42,200624.26
1738922400000,197.41,197.92,196.48,196.73,79593.549
1738926000000,196.72,198.66,196.71,198.47,80196.763
1738929600000,198.47,199.94,197.04,198.56,127654.879
1738933200000,198.57,201.26,196.25,201.18,342733.189
1738936800000,201.18,203.42,200.5,203.24,306318.292
1738940400000,203.25,203.25,195.84,198.07,564087.939
1738944000000,198.08,198.99,196.05,196.71,163301.904
1738947600000,196.71,197.16,194.62,196.48,183220.737
1738951200000,196.48,199.15,196.15,198.5,104580.713
1738954800000,198.5,198.61,195.35,195.44,83136.68
1738958400000,195.44,195.64,189.29,189.76,200859.366
1738962000000,189.77,191.05,189.18,189.47,107694.129
1738965600000,189.48,190.24,188.12,189.99,105231.116
1738969200000,189.98,192.44,189.48,191.99,98510.571
1738972800000,192.0,194.05,191.38,193.25,100921.909
1738976400000,193.24,193.75,192.3,192.52,81637.391
1738980000000,192.53,193.92,191.77,193.33,84603.158
1738983600000,193.33,194.34,192.56,192.98,61899.93
1738987200000,192.98,193.3,191.61,191.78,63691.962
1738990800000,191.78,191.92,190.09,190.62,59778.023
1738994400000,190.62,191.73,190.22,190.9,76681.566
1738998000000,190.9,193.34,189.81,192.79,109603.953
1739001600000,192.79,193.6,191.65,191.82,72394.0
1739005200000,191.82,193.99,191.8,193.81,65026.14
1739008800000,193.8,194.99,193.29,193.61,71254.854
1739012400000,193.6,194.54,193.05,194.39,65159.183
1739016000000,194.39,194.53,193.09,193.82,60167.112
1739019600000,193.83,196.45,193.83,195.34,103390.082
1739023200000,195.33,195.99,193.62,194.57,118281.443
1739026800000,194.57,195.31,192.74,193.41,83911.143
1739030400000,193.42,195.56,193.2,195.42,135979.02
1739034000000,195.42,196.86,195.1,196.83,110139.684
1739037600000,196.84,197.26,195.87,196.8,76081.239
1739041200000,196.79,198.4,196.58,196.9,85090.006
1739044800000,196.89,198.06,196.74,197.54,55791.708
1739048400000,197.53,199.08,197.32,198.82,55141.7
1739052000000,198.82,199.8,197.67,198.3,62605.164
1739055600000,198.3,200.88,198.21,199.32,108366.382
1739059200000,199.32,200.33,198.52,200.24,75861.443
1739062800000,200.24,202.08,199.97,201.94,121523.203
1739066400000,201.93,202.55,201.0,201.54,99536.16
1739070000000,201.54,207.0,201.15,206.95,206745.685
1739073600000,206.95,207.0,204.87,205.91,114873.848
1739077200000,205.91,207.37,205.42,206.27,88746.701
1739080800000,206.26,206.49,203.96,205.02,129594.18
1739084400000,205.02,205.11,203.8,203.96,114296.708
1739088000000,203.96,204.58,202.94,203.1,108292.869
1739091600000,203.09,203.15,201.22,201.94,115627.227
1739095200000,201.94,202.21,201.74,201.81,69503.886
1739098800000,201.8,202.81,201.35,201.44,101586.652
1739102400000,201.44,203.05,200.3,201.62,95906.182
1739106000000,201.62,201.79,196.76,196.96,178825.277
1739109600000,196.96,199.7,196.44,199.5,171120.851
1739113200000,199.51,201.53,199.32,200.7,140232.247
1739116800000,200.7,202.24,200.2,202.0,78447.525
1739120400000,202.0,202.22,199.82,199.97,84618.767
1739124000000,199.97,200.69,198.73,200.13,48983.831
1739127600000,200.14,200.7,197.81,199.08,57836.671
1739131200000,199.07,200.99,198.82,199.42,58320.143
1739134800000,199.41,203.0,193.53,195.17,298134.798
1739138400000,195.16,199.51,194.08,197.22,184122.129
1739142000000,197.21,200.8,196.89,200.47,136401.477
1739145600000,200.47,205.1,200.46,203.99,219340.372
1739149200000,203.99,204.21,197.74,198.36,205907.435
1739152800000,198.36,199.62,195.85,198.88,275205.45
1739156400000,198.88,204.48,198.31,201.97,249742.842
1739160000000,201.97,202.89,200.53,201.0,154224.918
1739163600000,200.99,204.6,199.95,202.45,169944.232
1739167200000,202.46,203.38,201.54,202.94,185689.065
1739170800000,202.94,203.96,202.17,202.77,176941.785
1739174400000,202.77,205.63,202.56,205.21,256313.38
1739178000000,205.22,205.97,203.72,205.08,116774.421
1739181600000,205.07,205.3,203.28,204.12,125396.45
1739185200000,204.11,205.38,203.58,204.5,99818.845
1739188800000,204.5,204.85,202.48,202.83,103922.826
1739192400000,202.82,209.04,202.68,208.56,251652.756
1739196000000,208.56,209.05,203.72,204.6,328565.168
1739199600000,204.6,206.12,201.48,203.07,254251.407
1739203200000,203.07,204.41,202.07,203.19,178433.051
1739206800000,203.2,204.08,202.08,203.59,140382.343
1739210400000,203.59,203.68,202.21,203.22,94796.785
1739214000000,203.22,203.42,201.03,201.37,91037.387
1739217600000,201.36,203.0,200.99,201.12,140989.351
1739221200000,201.11,201.2,200.0,200.18,73090.558
1739224800000,200.17,200.87,199.27,200.09,84752.165
1739228400000,200.08,200.66,199.37,200.47,63667.556
1739232000000,200.47,202.87,199.94,201.75,260084.046
1739235600000,201.75,204.66,201.73,203.76,216097.605
1739239200000,203.75,204.05,200.42,201.41,173493.184
1739242800000,201.42,201.48,200.58,201.11,88504.791
1739246400000,201.11,203.91,201.04,203.8,352188.288
1739250000000,203.79,205.53,203.36,205.1,367036.356
1739253600000,205.1,206.18,203.8,205.61,140885.351
1739257200000,205.6,205.73,204.12,204.39,117700.068
1739260800000,204.39,205.95,203.79,204.78,268033.03
1739264400000,204.77,205.09,202.43,202.87,145456.462
1739268000000,202.86,203.26,201.2,202.32,174585.89
1739271600000,202.33,203.4,201.92,203.4,95660.03
1739275200000,203.39,203.4,201.4,202.35,131564.539
1739278800000,202.35,202.61,197.8,198.31,250441.429
1739282400000,198.31,200.18,197.85,199.73,234618.61
1739286000000,199.74,201.05,198.23,199.47,112874.992
1739289600000,199.47,200.12,197.89,198.03,93636.633
1739293200000,198.04,199.04,196.62,198.64,116033.611
1739296800000,198.64,198.64,196.01,196.66,107628.471
1739300400000,196.67,197.16,195.12,195.65,92835.799
1739304000000,195.65,197.74,195.52,196.72,76871.856
1739307600000,196.71,198.81,196.39,198.29,117437.117
1739311200000,198.29,199.49,196.23,196.95,84651.013
1739314800000,196.95,198.84,196.73,197.96,111919.164
1739318400000,197.95,198.56,196.67,198.04,73421.781
1739322000000,198.05,198.43,196.4,197.37,58949.244
1739325600000,197.37,197.51,194.55,195.66,102536.135
1739329200000,195.67,195.86,193.85,194.33,119116.901
1739332800000,194.33,195.07,193.39,194.51,94120.286
1739336400000,194.51,196.24,194.24,195.76,60538.484
1739340000000,195.75,195.91,193.13,193.78,67409.025
1739343600000,193.78,196.18,193.54,195.19,79275.851
1739347200000,195.2,196.74,195.09,196.2,60354.912
1739350800000,196.21,196.98,195.19,196.64,80334.296
1739354400000,196.64,196.96,195.65,196.02,56745.697
1739358000000,196.02,198.01,196.02,197.37,81491.485
1739361600000,197.36,198.13,196.44,196.45,62843.358
1739365200000,196.45,198.55,189.4,191.97,872777.267
1739368800000,191.97,193.51,188.48,193.48,338433.017
1739372400000,193.48,193.86,190.2,192.0,275034.295
1739376000000,192.01,194.96,189.34,194.68,240458.436
1739379600000,194.68,196.66,194.16,195.14,346076.864
1739383200000,195.14,195.41,192.71,193.14,146779.051
1739386800000,193.14,193.83,191.23,193.7,146984.585
1739390400000,193.71,195.5,193.02,194.64,93039.763
1739394000000,194.65,196.62,193.91,195.78,122955.822
1739397600000,195.78,198.48,195.46,196.99,183879.589
1739401200000,196.98,197.5,195.47,196.78,134977.177
1739404800000,196.78,196.91,194.96,195.54,97702.25
1739408400000,195.54,197.83,195.5,197.66,126064.12
1739412000000,197.65,197.88,196.17,196.85,86179.891
1739415600000,196.86,198.19,196.81,198.19,72499.833
1739419200000,198.19,198.47,195.23,195.7,88550.812
1739422800000,195.69,196.32,194.6,195.11,68937.827
1739426400000,195.12,195.54,193.2,193.49,83838.525
1739430000000,193.5,194.13,192.75,193.07,90269.866
1739433600000,193.07,193.45,191.84,192.37,111758.776
1739437200000,192.36,193.52,191.84,193.35,62746.995
1739440800000,193.36,193.5,192.42,192.66,76078.858
1739444400000,192.67,192.95,191.1,191.91,98512.364
1739448000000,191.91,192.21,190.82,191.14,86366.908
1739451600000,191.15,192.34,190.27,190.97,175504.881
1739455200000,190.97,191.59,188.78,190.84,266445.626
1739458800000,190.83,193.12,189.62,191.94,150065.674
1739462400000,191.93,191.93,190.02,190.72,149649.226
1739466000000,190.71,192.62,190.56,191.69,92074.445
1739469600000,191.7,193.45,191.15,193.39,78245.565
1739473200000,193.38,194.6,191.87,192.68,106578.128
1739476800000,192.68,195.17,192.57,194.51,89030.413
1739480400000,194.51,195.45,194.13,195.0,63068.374
1739484000000,194.99,195.16,193.76,193.99,56830.205
1739487600000,193.99,194.66,193.76,194.25,50772.314
1739491200000,194.24,195.99,194.11,195.97,75986.806
1739494800000,195.96,196.2,194.82,195.84,87438.56
1739498400000,195.84,196.7,195.52,195.69,61207.162
1739502000000,195.7,197.35,195.63,197.0,60861.597
1739505600000,197.0,197.37,195.23,195.42,51422.484
1739509200000,195.42,196.0,194.72,195.49,67748.001
1739512800000,195.48,196.27,195.25,196.22,46594.817
1739516400000,196.21,197.05,196.05,196.59,52986.349
1739520000000,196.59,198.18,196.35,197.51,117224.014
1739523600000,197.51,200.03,197.3,199.92,259084.263
1739527200000,199.91,201.22,199.7,200.61,223081.065
1739530800000,200.61,201.4,198.97,199.59,134517.424
1739534400000,199.59,199.65,196.71,197.03,129500.399
1739538000000,197.03,198.28,196.45,197.81,90683.711
1739541600000,197.8,200.56,196.76,199.76,191319.729
1739545200000,199.77,202.12,198.04,200.86,277601.168
1739548800000,200.85,202.11,198.84,201.62,199370.786
1739552400000,201.62,205.16,200.78,204.63,377822.425
1739556000000,204.63,205.34,202.52,202.73,244277.299
1739559600000,202.73,203.69,200.93,201.56,111473.766
1739563200000,201.56,202.24,200.82,201.17,113582.805
1739566800000,201.18,201.8,199.5,201.47,103608.496
1739570400000,201.46,201.97,198.09,199.41,433870.48
1739574000000,199.41,200.08,198.33,199.39,216422.457
1739577600000,199.4,199.48,196.76,198.09,173657.153
1739581200000,198.08,199.67,197.9,199.49,71323.928
1739584800000,199.49,200.27,198.37,199.22,94289.079
1739588400000,199.22,199.94,197.87,198.36,74806.242
1739592000000,198.36,198.87,197.25,197.46,44470.679
1739595600000,197.47,197.96,196.88,197.31,52169.23
1739599200000,197.3,197.34,195.65,195.79,63466.637
1739602800000,195.79,196.77,195.25,195.9,58380.777
1739606400000,195.9,196.64,195.76,196.08,48466.157
1739610000000,196.08,196.74,195.14,195.2,69546.915
1739613600000,195.2,195.33,193.89,195.05,186303.509
1739617200000,195.05,195.31,194.02,194.85,86011.515
1739620800000,194.85,196.03,194.63,195.69,67823.337
1739624400000,195.69,196.06,194.84,195.01,61262.869
1739628000000,195.01,195.03,193.26,194.29,104902.163
1739631600000,194.3,194.66,193.53,194.66,52075.27
1739635200000,194.66,195.05,193.93,194.3,44042.302
1739638800000,194.3,194.74,193.32,193.67,46438.665
1739642400000,193.68,195.1,193.58,194.83,39647.594
1739646000000,194.83,195.0,194.05,194.17,28732.993
1739649600000,194.18,194.51,192.61,193.22,72135.844
1739653200000,193.22,194.33,193.21,194.33,32587.225
1739656800000,194.33,194.92,193.6,194.5,27846.959
1739660400000,194.5,195.03,194.12,194.48,32913.357
1739664000000,194.47,195.51,194.38,195.04,75818.977
1739667600000,195.05,195.09,193.44,194.85,62363.564
1739671200000,194.86,195.04,193.28,193.58,41554.597
1739674800000,193.57,194.79,193.05,194.73,55515.539
1739678400000,194.72,195.11,194.26,194.54,26557.547
1739682000000,194.55,195.71,194.22,195.14,32735.685
1739685600000,195.13,196.24,195.02,195.29,45813.259
1739689200000,195.28,195.28,192.34,192.89,110147.16
1739692800000,192.9,193.71,192.68,193.22,44056.903
1739696400000,193.23,193.77,192.21,193.72,44583.989
1739700000000,193.72,194.0,192.93,193.04,35274.935
1739703600000,193.04,193.86,192.96,193.73,42021.723
1739707200000,193.72,193.78,192.5,192.66,44755.101
1739710800000,192.65,192.83,190.16,190.73,158757.462
1739714400000,190.73,191.1,189.23,190.11,315109.378
1739718000000,190.11,190.66,189.87,190.32,78544.315
1739721600000,190.32,191.27,189.89,190.35,75301.2
1739725200000,190.34,191.1,189.71,190.03,55865.487
1739728800000,190.03,190.15,187.66,189.27,269258.804
1739732400000,189.27,189.4,187.64,189.23,71829.313
1739736000000,189.22,189.92,187.94,188.3,60839.226
1739739600000,188.3,189.62,186.3,188.95,147092.535
1739743200000,188.96,189.21,187.35,188.84,54350.569
1739746800000,188.84,189.06,187.55,188.27,61233.594
1739750400000,188.26,189.42,188.15,189.02,55211.574
1739754000000,189.01,189.72,187.91,189.12,76724.79
1739757600000,189.13,189.36,187.02,187.14,73838.028
1739761200000,187.14,187.14,185.28,186.34,102404.899
1739764800000,186.33,186.49,183.18,183.18,213703.139
1739768400000,183.19,184.25,180.77,184.18,351015.541
1739772000000,184.19,184.94,182.63,183.54,130500.877
1739775600000,183.54,183.88,180.89,181.35,211887.696
1739779200000,181.36,183.99,180.12,183.95,256333.401
1739782800000,183.96,185.2,183.73,184.2,186060.442
1739786400000,184.2,185.5,182.99,183.51,135852.812
1739790000000,183.52,184.53,183.05,184.25,87769.356
1739793600000,184.25,186.9,184.21,186.0,117511.841
1739797200000,186.01,186.05,184.75,184.95,69411.698
1739800800000,184.94,186.94,183.46,184.26,269174.693
1739804400000,184.27,184.77,179.84,180.36,355790.937
1739808000000,180.37,181.41,177.91,178.32,310796.905
1739811600000,178.32,179.3,177.35,177.41,215465.68
1739815200000,177.41,178.66,175.31,175.7,287582.631
1739818800000,175.69,178.13,174.63,177.09,323517.164
1739822400000,177.1,179.46,177.01,178.49,154208.351
1739826000000,178.5,181.23,178.4,181.18,87636.99
1739829600000,181.18,181.3,178.58,178.79,137691.276
1739833200000,178.79,179.38,177.4,177.53,77483.009
1739836800000,177.53,178.04,175.46,176.79,140915.966
1739840400000,176.78,178.5,176.36,178.01,116462.324
1739844000000,178.01,178.67,177.11,178.33,102387.357
1739847600000,178.34,179.09,177.56,177.98,64985.392
1739851200000,177.98,178.01,175.44,175.83,90229.685
1739854800000,175.83,175.86,171.55,172.25,385303.255
1739858400000,172.25,172.34,164.44,165.32,967903.746
1739862000000,165.32,168.22,163.93,165.72,527033.873
1739865600000,165.73,167.06,163.73,163.89,296756.109
1739869200000,163.89,170.07,163.17,170.0,578901.782
1739872800000,170.0,170.92,167.59,167.95,242420.655
1739876400000,167.95,169.24,167.64,168.72,124603.933
1739880000000,168.71,171.5,168.4,170.7,212794.15
1739883600000,170.7,170.78,168.47,169.68,145482.036
1739887200000,169.68,170.88,165.51,166.98,260010.794
1739890800000,166.98,167.42,164.34,165.95,267435.263
1739894400000,165.95,167.11,162.41,162.42,360971.981
1739898000000,162.43,164.19,160.88,163.52,387930.967
1739901600000,163.51,165.67,162.82,163.97,217214.498
1739905200000,163.97,166.01,163.14,165.31,185248.876
1739908800000,165.31,166.75,163.93,164.58,163943.381
1739912400000,164.58,168.87,164.31,167.58,199462.247
1739916000000,167.57,169.78,167.04,167.78,187095.466
1739919600000,167.78,169.61,167.3,169.32,93692.43
1739923200000,169.32,170.86,168.45,168.68,229202.514
1739926800000,168.69,168.74,167.03,168.44,142771.303
1739930400000,168.44,169.98,168.35,169.32,90589.972
1739934000000,169.33,169.39,166.66,167.48,92278.261
1739937600000,167.48,167.74,163.93,163.94,137284.018
1739941200000,163.94,167.2,163.75,167.1,101190.406
1739944800000,167.11,168.34,166.5,168.01,215685.122
1739948400000,168.01,169.84,167.85,168.95,129931.556
1739952000000,168.96,170.31,168.6,168.74,118353.751
1739955600000,168.75,171.53,168.42,170.75,120943.948
1739959200000,170.76,172.49,170.43,172.03,231805.499
1739962800000,172.03,174.3,172.0,173.92,180806.679
1739966400000,173.92,174.13,171.62,171.63,141245.224
1739970000000,171.63,172.76,170.82,171.59,158760.482
1739973600000,171.59,171.91,168.3,168.6,179124.002
1739977200000,168.61,171.37,168.14,169.74,189986.845
1739980800000,169.74,171.66,169.28,171.53,113958.403
1739984400000,171.53,173.44,170.54,170.82,151596.217
1739988000000,170.83,171.47,169.35,169.69,117047.472
1739991600000,169.69,170.64,168.15,168.7,135271.408
1739995200000,168.7,169.49,166.85,166.99,154114.493
1739998800000,166.99,168.03,166.41,166.97,78625.808
1740002400000,166.97,168.65,166.65,167.72,74875.281
1740006000000,167.72,169.96,167.72,168.93,192870.598
1740009600000,168.94,170.28,167.66,169.99,110701.619
1740013200000,169.99,170.63,167.95,168.24,92067.513
1740016800000,168.25,172.47,168.25,171.89,137099.988
1740020400000,171.89,172.89,170.78,172.44,127107.588
1740024000000,172.43,174.96,172.37,173.04,141080.905
1740027600000,173.03,173.34,172.17,172.38,91388.805
1740031200000,172.38,172.68,171.27,171.77,105513.828
1740034800000,171.78,172.2,170.86,171.77,68797.988
1740038400000,171.77,172.64,170.92,172.28,76938.74
1740042000000,172.28,172.63,171.71,172.06,71238.634
1740045600000,172.06,174.07,171.99,173.8,173589.092
1740049200000,173.79,175.15,173.38,173.99,189693.872
1740052800000,173.99,174.89,173.14,173.4,119224.849
1740056400000,173.4,174.17,172.52,174.14,163459.01
1740060000000,174.13,176.65,172.23,172.53,324378.07
1740063600000,172.54,173.42,171.21,171.61,149185.648
1740067200000,171.62,173.41,171.22,171.86,141001.538
1740070800000,171.86,173.46,171.67,173.38,72921.895
1740074400000,173.38,175.11,173.33,174.29,98530.028
1740078000000,174.3,175.46,174.02,174.98,87954.631
1740081600000,174.97,175.96,174.31,174.6,90345.209
1740085200000,174.6,174.75,173.22,173.32,153185.691
1740088800000,173.32,174.33,173.17,174.06,64559.707
1740092400000,174.05,176.54,174.02,176.0,88788.487
1740096000000,176.0,176.47,174.07,174.36,110676.311
1740099600000,174.35,174.73,173.27,174.28,71318.218
1740103200000,174.27,174.85,173.0,173.34,82245.239
1740106800000,173.34,174.5,173.11,173.28,64791.132
1740110400000,173.27,175.08,173.27,174.02,131864.659
1740114000000,174.03,175.56,173.86,175.1,117982.191
1740117600000,175.1,176.48,174.83,175.99,112521.865
1740121200000,175.98,176.8,175.35,175.86,87324.574
1740124800000,175.86,177.55,175.83,176.41,118587.551
1740128400000,176.4,180.28,176.28,177.54,312851.477
1740132000000,177.53,180.07,177.05,179.46,141156.196
1740135600000,179.46,179.52,177.05,177.21,106983.219
1740139200000,177.2,178.44,176.68,178.21,105780.261
1740142800000,178.21,180.52,177.71,180.02,199203.455
1740146400000,180.02,180.07,176.3,177.7,240997.435
1740150000000,177.69,178.63,170.56,173.17,543059.836
1740153600000,173.16,175.66,172.61,174.69,330222.059
1740157200000,174.7,175.46,170.64,171.7,314343.863
1740160800000,171.69,172.36,170.82,171.61,157907.495
1740164400000,171.61,171.61,168.18,168.42,306741.059
1740168000000,168.42,169.95,168.33,169.37,153623.666
1740171600000,169.38,169.97,167.15,168.12,110212.929
1740175200000,168.13,169.17,167.39,168.81,91940.285
1740178800000,168.8,169.4,167.93,168.94,91347.882
1740182400000,168.94,171.04,168.07,170.83,143899.52
1740186000000,170.84,172.76,170.36,171.88,218402.212
1740189600000,171.88,171.99,170.31,171.0,73644.888
1740193200000,170.99,171.43,169.76,170.35,60953.918
1740196800000,170.35,171.76,170.09,171.63,74161.337
1740200400000,171.62,172.41,171.19,172.02,56449.306
1740204000000,172.03,172.55,170.8,171.07,53642.134
1740207600000,171.08,173.14,171.05,171.74,109374.058
1740211200000,171.74,172.42,171.36,171.36,90893.12
1740214800000,171.37,173.39,171.37,173.36,126562.63
1740218400000,173.35,174.14,173.0,173.21,93559.68
1740222000000,173.22,173.9,172.96,173.56,52865.551
1740225600000,173.56,174.06,172.72,173.9,69692.535
1740229200000,173.91,174.6,172.66,172.75,78670.883
1740232800000,172.75,173.77,172.75,173.56,67484.021
1740236400000,173.57,174.54,173.23,174.23,64334.135
1740240000000,174.23,174.68,172.65,172.76,105479.462
1740243600000,172.75,173.53,172.3,173.24,77504.376
1740247200000,173.23,174.13,172.71,172.92,55653.844
1740250800000,172.91,173.17,172.46,172.64,52639.544
1740254400000,172.63,172.71,171.89,172.45,48348.418
1740258000000,172.46,173.16,172.41,172.99,31637.536
1740261600000,172.99,173.62,172.6,172.61,39286.417
1740265200000,172.61,172.7,172.03,172.07,41673.932
1740268800000,172.07,172.3,171.27,171.89,55856.271
1740272400000,171.88,172.14,170.79,171.1,65652.776
1740276000000,171.09,171.29,170.28,170.36,76448.494
1740279600000,170.37,170.87,170.19,170.61,52448.257
1740283200000,170.61,171.11,169.95,170.85,65548.916
1740286800000,170.84,171.18,170.29,170.73,38390.034
1740290400000,170.73,171.53,170.36,171.53,40198.55
1740294000000,171.53,173.07,171.34,172.85,65219.417
1740297600000,172.85,172.91,171.78,172.22,38373.608
1740301200000,172.23,172.36,170.88,171.34,35627.538
1740304800000,171.35,171.54,170.69,171.1,38331.515
1740308400000,171.11,171.31,169.36,169.59,67088.844
1740312000000,169.6,169.88,168.35,168.92,112826.457
1740315600000,168.92,169.92,168.81,169.67,90376.581
1740319200000,169.67,169.92,168.39,168.78,60174.31
1740322800000,168.78,169.4,166.6,166.76,153926.095
1740326400000,166.76,168.06,166.75,166.98,87471.472
1740330000000,166.98,168.48,166.98,168.22,59362.701
1740333600000,168.22,168.72,167.86,167.87,53277.831
1740337200000,167.87,168.11,167.56,167.71,44760.645
1740340800000,167.71,167.88,166.98,167.7,32019.613
1740344400000,167.7,168.16,167.23,168.06,26047.263
1740348000000,168.06,168.06,166.42,167.32,48264.271
1740351600000,167.33,168.86,167.09,167.94,80619.3
1740355200000,167.94,169.69,166.58,166.62,102139.078
1740358800000,166.62,166.77,163.3,163.64,219385.537
1740362400000,163.63,164.99,162.59,162.67,190712.773
1740366000000,162.66,162.67,160.56,161.01,279937.952
1740369600000,161.02,161.24,156.88,158.79,532951.797
1740373200000,158.78,160.51,158.14,159.86,181425.934
1740376800000,159.86,161.09,158.72,160.77,188898.872
1740380400000,160.77,161.75,160.76,160.99,157080.279
1740384000000,160.99,161.1,157.72,157.94,237461.077
1740387600000,157.95,160.37,157.73,158.19,142072.954
1740391200000,158.19,158.42,155.38,156.9,313710.024
1740394800000,156.91,159.63,155.95,159.28,194885.259
1740398400000,159.27,159.77,158.42,159.32,104663.222
1740402000000,159.32,160.41,157.81,157.99,158048.198
1740405600000,157.99,158.82,155.01,155.59,326560.794
1740409200000,155.59,155.94,150.65,152.66,997794.076
1740412800000,152.67,154.17,151.95,153.31,296235.588
1740416400000,153.31,155.15,152.6,154.15,286578.453
1740420000000,154.15,154.58,151.35,151.7,162490.874
1740423600000,151.69,152.55,147.86,150.12,431397.789
1740427200000,150.13,152.68,149.56,150.81,275748.737
1740430800000,150.8,152.53,149.48,150.09,218054.825
1740434400000,150.1,150.13,138.0,140.26,1292763.612
1740438000000,140.28,144.51,139.55,141.81,706240.211
1740441600000,141.81,144.45,138.65,140.88,882428.974
1740445200000,140.89,142.63,138.18,140.15,724098.882
1740448800000,140.16,142.76,138.17,141.55,541668.634
1740452400000,141.56,142.3,138.63,138.95,384694.498
1740456000000,138.95,139.99,136.06,137.98,726299.969
1740459600000,137.97,141.65,136.95,140.91,486093.804
1740463200000,140.91,142.08,138.2,138.27,393469.938
1740466800000,138.27,138.85,133.0,136.25,1539777.745
1740470400000,136.26,139.64,135.63,137.51,479359.138
1740474000000,137.51,138.29,133.61,134.56,444977.694
1740477600000,134.55,137.75,131.91,136.73,665186.165
1740481200000,136.73,141.36,134.86,141.28,569232.075
1740484800000,141.27,141.83,138.12,139.83,406841.187
1740488400000,139.84,140.95,137.35,138.32,248521.13
1740492000000,138.31,139.97,135.25,135.91,419983.364
1740495600000,135.9,141.27,134.53,138.89,686352.655
1740499200000,138.89,145.0,137.96,143.05,611331.611
1740502800000,143.05,144.89,142.0,142.68,328642.82
1740506400000,142.68,144.03,140.26,140.89,243138.446
1740510000000,140.89,145.57,140.4,145.43,209906.161
1740513600000,145.42,146.27,143.36,144.64,296644.656
1740517200000,144.63,145.98,143.26,145.86,167695.083
1740520800000,145.85,147.09,143.64,144.92,167614.331
1740524400000,144.92,146.0,144.03,144.33,123051.185
1740528000000,144.33,144.71,141.74,141.76,156633.979
1740531600000,141.76,143.52,141.76,142.89,138693.719
1740535200000,142.88,143.94,141.63,143.49,131309.316
1740538800000,143.49,145.19,142.69,143.32,173831.908
1740542400000,143.33,144.7,142.38,142.48,110682.449
1740546000000,142.49,143.24,141.2,141.22,120031.769
1740549600000,141.22,142.47,141.01,142.46,115638.596
1740553200000,142.46,142.59,139.63,140.19,167622.88
1740556800000,140.19,140.77,139.04,140.27,133208.997
1740560400000,140.27,142.21,140.06,142.01,125976.318
1740564000000,142.01,142.01,140.26,140.87,122515.086
1740567600000,140.87,140.87,138.01,138.14,182688.327
1740571200000,138.13,138.58,136.36,136.91,175961.38
1740574800000,136.9,137.56,135.95,136.48,166364.658
1740578400000,136.48,138.4,134.61,138.34,491052.892
1740582000000,138.35,140.47,137.93,139.27,342095.316
1740585600000,139.27,139.79,137.1,137.18,226092.661
1740589200000,137.18,137.73,133.21,133.99,265422.222
1740592800000,133.99,134.87,130.65,131.36,626645.19
1740596400000,131.36,133.51,130.74,131.93,378711.262
1740600000000,131.94,135.67,130.89,135.44,419633.438
1740603600000,135.43,136.83,133.91,136.23,326702.562
1740607200000,136.24,137.87,135.4,135.77,167507.14
1740610800000,135.76,136.68,134.58,135.32,103378.994
1740614400000,135.33,137.27,134.96,136.23,159096.657
1740618000000,136.24,138.31,135.07,136.97,190344.824
1740621600000,136.97,138.8,135.54,135.86,181065.642
1740625200000,135.86,139.05,135.44,138.57,149863.04
1740628800000,138.57,139.4,137.05,137.83,102956.32
1740632400000,137.82,139.89,137.73,139.66,179385.456
1740636000000,139.66,142.9,139.61,142.08,270938.446
1740639600000,142.07,142.37,140.91,140.99,133909.695
1740643200000,141.0,141.09,139.25,139.55,162544.666
1740646800000,139.55,141.6,139.52,140.71,181873.874
1740650400000,140.71,142.46,140.48,142.28,162342.146
1740654000000,142.28,142.45,139.95,140.48,150550.179
1740657600000,140.48,141.15,139.44,140.23,144828.521
1740661200000,140.23,141.26,139.19,139.37,196009.663
1740664800000,139.37,140.17,137.16,137.26,327237.643
1740668400000,137.25,140.79,136.28,139.63,308567.689
1740672000000,139.62,140.15,136.81,137.01,179032.554
1740675600000,137.02,138.85,136.83,138.8,117434.813
1740679200000,138.8,139.78,138.34,138.44,110975.955
1740682800000,138.44,138.64,135.63,136.29,139866.413
1740686400000,136.28,137.26,134.71,136.64,340530.97
1740690000000,136.63,138.21,135.26,137.42,239239.956
1740693600000,137.42,138.2,136.12,138.05,112334.886
1740697200000,138.04,138.08,136.95,137.68,82060.451
1740700800000,137.68,137.98,135.97,135.98,113283.235
1740704400000,135.98,136.75,130.33,131.29,695090.715
1740708000000,131.28,132.64,127.25,129.08,949255.672
1740711600000,129.07,131.06,127.17,127.62,424958.849
1740715200000,127.62,129.17,125.55,128.24,572530.164
1740718800000,128.24,128.8,126.22,128.11,342701.803
1740722400000,128.12,128.78,125.89,127.9,419766.975
1740726000000,127.91,129.6,127.36,128.55,339285.182
1740729600000,128.54,131.27,127.9,131.03,422395.594
1740733200000,131.02,133.19,130.88,132.49,557978.751
1740736800000,132.5,132.67,130.05,130.38,166767.973
1740740400000,130.38,134.72,130.36,133.52,274905.955
1740744000000,133.52,135.69,133.0,135.58,292761.41
1740747600000,135.57,139.58,135.27,137.85,623862.944
1740751200000,137.85,147.18,137.7,144.34,1466412.682
1740754800000,144.34,147.86,143.69,145.68,587413.504
1740758400000,145.67,147.12,144.34,145.08,390306.071
1740762000000,145.08,146.45,143.74,144.23,317806.983
1740765600000,144.23,147.06,144.22,146.18,280187.99
1740769200000,146.17,147.25,146.08,146.36,146722.207
1740772800000,146.35,146.78,144.62,145.79,194486.239
1740776400000,145.8,148.37,145.61,147.71,197047.77
1740780000000,147.72,147.97,146.21,146.72,150218.014
1740783600000,146.72,148.72,146.45,148.18,113813.931
1740787200000,148.18,148.23,145.73,145.95,187804.868
1740790800000,145.95,151.25,145.54,150.23,398892.857
1740794400000,150.24,150.43,146.91,147.24,504919.258
1740798000000,147.25,147.69,145.59,145.67,185349.755
1740801600000,145.68,147.16,145.33,146.78,201099.479
1740805200000,146.79,146.79,144.6,144.64,162873.52
1740808800000,144.64,144.8,143.27,143.75,164054.837
1740812400000,143.74,143.77,142.2,142.49,181280.926
1740816000000,142.49,143.92,142.49,143.84,117698.453
1740819600000,143.84,144.29,142.5,143.25,187981.157
1740823200000,143.26,143.28,140.17,140.79,253211.456
1740826800000,140.78,140.92,139.53,140.35,141563.534
1740830400000,140.35,141.35,140.05,141.14,106865.131
1740834000000,141.14,141.72,138.57,139.32,178588.29
1740837600000,139.32,140.77,139.17,140.27,127967.035
1740841200000,140.27,140.6,139.35,140.39,136937.716
1740844800000,140.39,141.4,139.59,140.42,153520.099
1740848400000,140.41,140.49,138.7,139.98,139895.431
1740852000000,139.97,140.94,139.63,140.43,77469.649
1740855600000,140.44,141.51,140.24,140.53,82925.889
1740859200000,140.53,140.66,139.9,140.6,56084.313
1740862800000,140.6,143.05,140.18,142.61,119512.998
1740866400000,142.62,143.49,141.64,142.47,145186.182
1740870000000,142.47,143.82,141.46,143.66,140172.925
1740873600000,143.66,145.59,142.96,144.75,153251.704
1740877200000,144.75,146.01,143.68,144.53,165167.541
1740880800000,144.54,145.21,142.03,143.03,157846.682
1740884400000,143.03,144.65,143.02,143.85,88166.188
1740888000000,143.86,144.3,143.15,143.72,79536.999
1740891600000,143.72,143.93,142.56,142.99,81115.457
1740895200000,142.99,145.17,142.23,144.07,88568.901
1740898800000,144.08,144.6,143.35,143.79,59389.769
1740902400000,143.78,143.9,142.5,142.88,77693.831
1740906000000,142.87,144.88,142.47,143.97,97934.582
1740909600000,143.96,144.61,143.36,143.83,108108.994
1740913200000,143.82,144.22,143.26,143.49,69496.253
1740916800000,143.5,143.63,142.18,142.75,114504.683
1740920400000,142.76,142.79,141.09,141.59,117856.484
1740924000000,141.58,141.73,140.04,140.76,164896.887
1740927600000,140.76,163.39,140.48,157.46,3104844.918
1740931200000,157.47,179.85,157.47,172.13,4005168.677
1740934800000,172.13,174.79,167.88,171.41,1611580.494
1740938400000,171.41,172.21,165.32,168.82,897592.365
1740942000000,168.82,172.39,168.23,172.18,524476.99
1740945600000,172.17,176.22,171.66,175.58,400735.108
1740949200000,175.58,177.81,174.09,175.53,396274.005
1740952800000,175.53,178.07,174.4,176.78,279214.281
1740956400000,176.78,179.32,176.0,178.71,631218.053
1740960000000,178.72,179.47,174.11,174.35,451402.756
1740963600000,174.35,176.36,172.2,172.45,373986.062
1740967200000,172.44,172.9,168.95,171.48,493593.302
1740970800000,171.47,171.82,168.11,169.88,261549.605
1740974400000,169.89,170.57,169.2,169.5,152805.399
1740978000000,169.5,170.46,169.17,169.8,130865.674
1740981600000,169.8,169.8,160.58,161.81,613421.53
1740985200000,161.82,163.07,159.8,162.26,561548.231
1740988800000,162.27,163.37,157.29,158.56,350270.567
1740992400000,158.55,160.8,156.83,159.93,300785.143
1740996000000,159.93,161.68,159.56,161.55,251224.046
1740999600000,161.55,161.92,160.25,161.09,176141.853
1741003200000,161.08,164.13,160.58,164.02,296531.256
1741006800000,164.02,167.07,163.47,165.82,391191.029
1741010400000,165.82,165.82,154.07,155.13,1126875.871
1741014000000,155.14,159.64,154.31,157.78,731834.962
1741017600000,157.78,159.29,155.87,157.81,261457.855
1741021200000,157.8,159.61,154.72,156.17,397606.282
1741024800000,156.17,156.66,148.48,148.88,919747.347
1741028400000,148.88,150.23,140.05,141.87,1237907.699
1741032000000,141.87,144.96,141.36,144.49,669766.48
1741035600000,144.48,144.97,139.21,139.82,388663.657
1741039200000,139.83,143.79,139.77,142.74,329808.114
1741042800000,142.74,144.21,141.74,142.16,227217.32
1741046400000,142.16,145.08,141.11,141.68,297383.33
1741050000000,141.68,142.12,134.74,136.56,927107.182
1741053600000,136.57,137.71,132.46,136.42,731151.546
1741057200000,136.42,137.86,135.23,136.38,276925.026
1741060800000,136.39,137.41,135.66,136.22,188715.778
1741064400000,136.23,139.58,135.93,138.03,294445.423
1741068000000,138.02,138.83,136.64,136.84,163026.966
1741071600000,136.83,137.44,135.64,136.02,226042.413
1741075200000,136.02,138.3,135.57,137.72,357756.763
1741078800000,137.73,138.21,135.87,135.91,186554.196
1741082400000,135.91,137.53,134.62,137.04,272171.742
1741086000000,137.04,138.58,136.81,136.98,166157.358
1741089600000,136.97,137.47,135.38,136.35,159396.044
1741093200000,136.36,136.39,132.64,133.8,441467.891
1741096800000,133.81,143.39,132.89,136.65,1503855.82
1741100400000,136.65,138.67,133.49,138.59,973605.981
1741104000000,138.59,138.96,130.66,136.24,705028.113
1741107600000,136.24,141.27,136.0,140.86,530211.968
1741111200000,140.86,143.02,139.95,142.65,300694.25
1741114800000,142.66,144.77,141.08,143.16,491454.494
1741118400000,143.15,144.6,141.55,142.04,416109.511
1741122000000,142.05,147.0,141.65,145.59,387025.963
1741125600000,145.59,146.39,143.6,143.76,234980.772
1741129200000,143.75,145.48,143.33,144.79,158329.804
1741132800000,144.8,145.17,142.66,143.04,175169.479
1741136400000,143.03,145.17,142.13,145.17,168015.119
1741140000000,145.17,145.55,143.31,144.59,187703.667
1741143600000,144.59,145.34,141.76,141.82,161932.384
1741147200000,141.82,142.54,140.82,142.03,364742.616
1741150800000,142.03,142.72,141.59,142.17,77720.768
1741154400000,142.17,143.9,140.92,143.62,95069.962
1741158000000,143.63,144.1,142.03,142.88,83453.169
1741161600000,142.89,144.7,142.74,143.96,131558.282
1741165200000,143.97,146.56,143.74,145.75,184245.408
1741168800000,145.75,149.73,145.57,148.54,524511.742
1741172400000,148.54,148.95,146.87,147.13,204078.71
1741176000000,147.13,149.23,146.17,146.78,232596.979
1741179600000,146.77,147.36,143.0,143.82,429004.816
1741183200000,143.83,144.07,141.81,142.15,310176.863
1741186800000,142.14,144.39,140.32,141.66,367317.768
1741190400000,141.66,142.92,140.18,142.13,258699.266
1741194000000,142.12,144.5,141.91,142.62,229992.572
1741197600000,142.61,145.04,141.8,144.52,188926.961
1741201200000,144.52,146.47,144.25,144.77,139846.861
1741204800000,144.78,146.08,144.78,145.63,88601.705
1741208400000,145.62,145.78,143.91,145.08,90769.782
1741212000000,145.07,146.84,144.97,146.02,118009.347
1741215600000,146.03,146.81,145.43,146.28,83376.359
1741219200000,146.27,147.11,144.54,144.76,127887.776
1741222800000,144.77,149.15,144.71,147.18,255254.314
1741226400000,147.17,149.08,146.97,148.83,145058.565
1741230000000,148.84,150.68,147.94,148.73,181317.259
1741233600000,148.73,150.24,147.62,149.79,162559.945
1741237200000,149.8,150.66,148.44,150.03,167403.468
1741240800000,150.03,150.15,148.48,148.86,125040.256
1741244400000,148.86,149.57,148.35,148.62,111334.257
1741248000000,148.63,151.91,148.34,150.81,195629.077
1741251600000,150.81,150.86,148.8,148.97,167310.35
1741255200000,148.97,152.9,148.64,152.4,228645.59
1741258800000,152.39,152.76,151.2,151.71,144005.096
1741262400000,151.71,151.92,148.32,148.84,195634.159
1741266000000,148.84,149.3,146.46,146.68,546134.598
1741269600000,146.69,148.32,145.06,146.39,270475.035
1741273200000,146.39,150.18,146.08,149.03,193262.273
1741276800000,149.04,149.43,144.83,145.05,196935.833
1741280400000,145.05,145.05,142.71,143.86,289241.914
1741284000000,143.85,144.43,142.57,143.25,114468.332
1741287600000,143.24,144.84,142.44,143.58,137844.471
1741291200000,143.59,144.95,143.39,144.12,132636.144
1741294800000,144.11,145.35,143.25,144.46,100239.683
1741298400000,144.47,145.92,143.19,143.63,172465.95
1741302000000,143.64,144.58,143.23,143.31,91095.316
1741305600000,143.3,145.57,135.04,136.51,1078918.623
1741309200000,136.51,141.75,136.0,140.62,393683.039
1741312800000,140.61,141.94,139.75,140.71,168349.358
1741316400000,140.72,141.76,140.53,140.79,102725.496
1741320000000,140.79,142.14,140.63,141.03,65537.865
1741323600000,141.03,143.62,140.94,143.18,113552.052
1741327200000,143.19,144.14,142.21,143.6,81988.026
1741330800000,143.6,144.63,143.39,144.34,116756.433
1741334400000,144.34,144.7,143.24,144.09,108715.946
1741338000000,144.08,146.21,141.8,143.6,531512.39
1741341600000,143.61,143.91,142.34,143.66,208722.201
1741345200000,143.66,144.46,142.9,143.58,92956.256
1741348800000,143.57,144.09,141.75,142.61,174464.179
1741352400000,142.6,147.34,142.55,144.15,435705.318
1741356000000,144.15,148.13,142.69,146.28,405624.685
1741359600000,146.28,147.4,143.11,144.89,325872.537
1741363200000,144.89,146.0,141.63,142.36,414425.888
1741366800000,142.37,144.83,141.34,143.38,268250.99
1741370400000,143.39,149.77,142.94,149.63,326648.535
1741374000000,149.64,150.88,145.79,146.36,487891.806
1741377600000,146.35,147.62,143.26,144.97,445666.301
1741381200000,144.96,145.49,141.74,142.71,450769.969
1741384800000,142.71,143.05,140.56,141.09,188501.541
1741388400000,141.09,141.2,137.5,139.39,280173.337
1741392000000,139.39,140.88,138.57,140.69,151978.225
1741395600000,140.69,141.09,137.8,139.44,263054.642
1741399200000,139.44,140.03,138.76,139.69,82165.478
1741402800000,139.68,139.97,138.33,139.68,67070.611
1741406400000,139.67,141.03,138.95,140.93,123127.567
1741410000000,140.94,140.94,138.68,139.28,124383.84
1741413600000,139.28,140.0,138.63,139.14,49425.989
1741417200000,139.15,139.88,138.33,138.78,61360.457
1741420800000,138.77,139.01,137.61,137.83,66781.355
1741424400000,137.83,139.21,137.73,137.97,61284.494
1741428000000,137.97,138.75,137.77,138.34,51221.867
1741431600000,138.33,138.34,136.64,137.58,129586.094
1741435200000,137.57,138.38,136.65,137.64,92562.631
1741438800000,137.63,138.75,137.23,137.63,127044.39
1741442400000,137.63,138.1,136.8,137.06,72917.813
1741446000000,137.05,137.69,136.07,137.21,70159.605
1741449600000,137.21,137.41,135.39,136.15,155439.019
1741453200000,136.14,137.39,135.29,137.03,109140.536
1741456800000,137.03,137.94,136.62,137.75,44040.513
1741460400000,137.76,138.92,137.2,138.45,53937.322
1741464000000,138.45,138.59,137.56,137.65,29926.824
1741467600000,137.65,138.54,137.25,137.33,45063.599
1741471200000,137.32,137.55,136.32,137.31,66304.689
1741474800000,137.32,137.75,136.51,137.01,37773.833
1741478400000,137.01,138.22,136.53,138.05,43568.436
1741482000000,138.05,138.51,137.42,137.86,46674.65
1741485600000,137.87,138.11,136.9,137.14,54045.022
1741489200000,137.15,138.32,136.8,137.92,43805.908
1741492800000,137.91,138.66,137.67,138.49,37013.334
1741496400000,138.5,139.5,138.06,138.8,78575.838
1741500000000,138.79,138.81,137.7,138.54,55547.799
1741503600000,138.55,139.88,138.32,139.63,68498.931
1741507200000,139.63,139.78,138.9,139.22,68316.343
1741510800000,139.22,139.59,137.85,138.02,79864.066
1741514400000,138.02,138.31,135.63,136.0,176499.157
1741518000000,136.01,136.8,135.61,136.32,136929.681
1741521600000,136.32,136.43,134.42,135.49,203745.183
1741525200000,135.48,135.5,133.09,133.12,217807.491
1741528800000,133.13,133.99,132.27,133.29,278856.449
1741532400000,133.29,133.52,129.75,130.16,372441.311
1741536000000,130.16,131.54,127.71,127.94,385518.674
1741539600000,127.93,128.63,126.36,126.52,348152.634
1741543200000,126.52,128.54,125.81,127.6,313129.586
1741546800000,127.6,130.03,127.51,129.19,187289.541
1741550400000,129.19,130.59,128.31,128.31,168661.684
1741554000000,128.32,128.67,127.22,127.9,116649.141
1741557600000,127.9,128.04,126.51,126.93,168077.384
1741561200000,126.93,127.75,125.41,126.51,259827.409
1741564800000,126.52,127.96,124.03,127.39,369531.817
1741568400000,127.4,128.4,126.58,127.35,184442.227
1741572000000,127.35,129.11,126.69,127.54,234278.022
1741575600000,127.54,127.61,126.43,126.59,135855.474
1741579200000,126.59,128.35,126.46,128.34,92487.574
1741582800000,128.33,129.25,127.6,127.63,358453.513
1741586400000,127.64,128.0,126.7,127.47,115512.129
1741590000000,127.48,128.33,127.15,128.11,74573.892
1741593600000,128.11,128.5,125.91,126.15,185200.76
1741597200000,126.14,131.57,126.13,128.21,421482.468
1741600800000,128.2,128.89,126.71,127.67,139343.995
1741604400000,127.68,130.44,127.34,129.94,147622.209
1741608000000,129.94,130.89,128.32,129.42,145756.336
1741611600000,129.42,129.64,124.8,125.0,294772.296
1741615200000,125.0,125.06,120.18,121.3,760365.963
1741618800000,121.3,124.2,120.72,121.96,460418.832
1741622400000,121.95,122.36,120.14,120.76,259977.994
1741626000000,120.76,120.93,116.63,117.59,717268.144
1741629600000,117.58,119.53,115.47,115.81,537965.253
1741633200000,115.86,120.21,115.49,119.71,424359.336
1741636800000,119.72,120.24,117.56,118.72,213786.773
1741640400000,118.72,120.0,118.14,118.79,124874.818
1741644000000,118.79,119.48,117.6,119.03,123364.078
1741647600000,119.03,119.92,117.95,118.32,132415.428
1741651200000,118.32,119.68,112.0,115.68,896342.364
1741654800000,115.67,119.27,113.85,119.16,615524.95
1741658400000,119.17,120.66,119.1,120.02,313278.996
1741662000000,120.03,121.9,119.8,119.96,157831.626
1741665600000,119.95,121.51,119.75,121.02,121121.364
1741669200000,121.01,123.87,120.95,123.28,322942.471
1741672800000,123.28,123.95,122.57,122.73,98482.857
1741676400000,122.72,124.02,122.43,123.07,290013.746
1741680000000,123.07,124.67,122.93,124.11,213342.514
1741683600000,124.11,125.0,123.6,123.75,180531.267
1741687200000,123.75,124.68,123.4,124.31,115691.191
1741690800000,124.32,125.81,123.7,124.71,132064.485
1741694400000,124.71,124.88,122.95,122.97,168176.406
1741698000000,122.98,126.27,121.31,122.73,622422.044
1741701600000,122.72,123.63,118.59,119.91,575459.901
1741705200000,119.9,125.5,119.73,125.02,325500.265
1741708800000,125.01,126.76,123.7,125.44,226080.585
1741712400000,125.44,125.86,122.84,124.06,203259.231
1741716000000,124.06,128.15,123.98,127.66,293736.655
1741719600000,127.66,128.43,126.77,128.15,201910.256
1741723200000,128.14,128.25,126.44,126.55,94987.412
1741726800000,126.56,127.58,125.8,126.04,93027.122
1741730400000,126.03,126.76,125.75,126.2,96621.042
1741734000000,126.2,126.31,125.07,125.35,76929.113
1741737600000,125.35,126.08,124.39,125.12,117714.143
1741741200000,125.12,127.03,125.0,126.15,142900.778
1741744800000,126.16,126.22,123.53,123.77,142748.998
1741748400000,123.77,124.24,122.47,122.53,122055.447
1741752000000,122.52,122.99,121.22,122.19,207519.282
1741755600000,122.18,122.77,121.81,122.07,266178.15
1741759200000,122.06,122.84,121.44,122.07,84226.585
1741762800000,122.07,123.53,122.03,123.19,246574.705
1741766400000,123.19,126.05,122.88,125.42,250426.812
1741770000000,125.42,126.21,123.6,124.6,271895.165
1741773600000,124.61,124.98,123.44,124.5,80113.881
1741777200000,124.5,126.84,124.5,126.76,113688.972
1741780800000,126.77,131.33,126.2,129.5,613976.033
1741784400000,129.5,129.76,125.46,125.9,318673.802
1741788000000,125.89,126.25,124.29,124.96,228563.141
1741791600000,124.97,125.07,123.04,124.57,215634.344
1741795200000,124.56,125.49,123.51,124.25,224378.757
1741798800000,124.25,126.31,123.5,123.78,170009.817
1741802400000,123.78,125.34,123.31,124.49,109886.638
1741806000000,124.48,125.48,123.6,125.05,96930.447
1741809600000,125.05,125.65,123.97,125.13,103149.676
1741813200000,125.13,127.08,125.1,125.82,111307.797
1741816800000,125.81,126.75,125.58,126.54,84589.412
1741820400000,126.55,126.82,125.5,126.62,87359.358
1741824000000,126.61,126.94,125.29,125.36,100423.844
1741827600000,125.35,126.48,124.94,126.1,129150.762
1741831200000,126.11,127.46,125.12,125.29,107866.323
1741834800000,125.3,126.31,124.73,124.97,89385.477
1741838400000,124.97,125.36,123.61,123.86,73741.79
1741842000000,123.85,124.51,123.03,123.52,105685.799
1741845600000,123.53,124.2,123.2,123.67,169125.275
1741849200000,123.67,124.58,123.48,124.24,72471.075
1741852800000,124.25,125.44,123.64,125.33,91249.124
1741856400000,125.33,128.03,125.31,127.66,164003.355
1741860000000,127.66,128.0,126.4,127.07,115909.96
1741863600000,127.06,127.23,125.79,126.88,105480.914
1741867200000,126.88,128.76,125.7,126.24,216042.0
1741870800000,126.25,127.36,123.95,124.21,214180.844
1741874400000,124.2,125.85,123.6,125.18,192653.425
1741878000000,125.18,125.59,123.82,124.34,152253.402
1741881600000,124.34,124.41,122.47,123.26,146550.868
1741885200000,123.27,123.35,121.11,121.75,145406.063
1741888800000,121.74,123.09,121.66,122.96,116794.307
1741892400000,122.96,123.19,121.08,121.46,71384.305
1741896000000,121.47,122.21,120.76,121.48,78075.519
1741899600000,121.47,122.14,121.01,122.14,46195.842
1741903200000,122.14,123.92,121.96,123.86,59863.091
1741906800000,123.86,124.36,123.03,123.37,60691.597
1741910400000,123.36,124.92,122.98,124.29,99470.508
1741914000000,124.3,125.34,123.44,124.59,104467.937
1741917600000,124.58,125.47,124.45,125.22,77622.458
1741921200000,125.22,125.31,124.14,124.48,57422.125
1741924800000,124.48,125.2,124.43,124.87,51245.244
1741928400000,124.87,125.28,124.41,125.08,90862.225
1741932000000,125.08,125.39,124.5,125.12,74910.417
1741935600000,125.11,125.63,124.51,124.68,81111.971
1741939200000,124.68,125.95,124.62,125.48,74600.59
1741942800000,125.48,126.09,125.32,125.58,83002.127
1741946400000,125.58,126.6,125.24,126.0,75974.299
1741950000000,126.0,126.36,125.66,126.17,67105.162
1741953600000,126.16,126.66,125.46,126.38,78044.688
1741957200000,126.37,129.55,125.98,128.97,266734.559
1741960800000,128.97,132.12,127.59,130.69,743159.298
1741964400000,130.7,134.01,130.61,132.12,527767.392
1741968000000,132.13,133.26,130.87,133.1,220773.707
1741971600000,133.1,133.77,132.26,132.47,167925.486
1741975200000,132.47,134.37,132.47,133.98,112341.389
1741978800000,133.98,134.71,133.44,134.28,93366.664
1741982400000,134.29,134.34,131.96,134.26,175020.815
1741986000000,134.26,134.88,133.23,134.74,84479.174
1741989600000,134.74,136.03,134.41,135.42,105984.672
1741993200000,135.42,135.46,133.17,133.54,94332.585
1741996800000,133.53,134.08,133.08,133.78,88048.744
1742000400000,133.78,133.95,132.91,133.68,91346.904
1742004000000,133.68,134.78,133.4,134.51,68544.041
1742007600000,134.51,135.3,134.11,135.02,85707.538
1742011200000,135.03,135.52,134.52,134.79,73450.265
1742014800000,134.79,134.88,133.49,133.52,97896.756
1742018400000,133.53,134.06,133.12,133.98,81416.737
1742022000000,133.99,134.08,132.71,132.91,82028.497
1742025600000,132.91,133.27,132.44,132.97,73273.551
1742029200000,132.96,133.5,132.73,133.37,46705.45
1742032800000,133.37,133.49,132.79,132.89,98802.528
1742036400000,132.9,133.69,132.69,133.37,92780.132
1742040000000,133.37,134.65,133.09,134.02,125867.819
1742043600000,134.03,135.8,133.92,135.41,108726.488
1742047200000,135.4,135.4,134.03,134.46,79971.998
1742050800000,134.47,135.45,134.47,135.12,76543.972
1742054400000,135.12,136.03,134.53,135.54,100282.733
1742058000000,135.53,136.53,134.66,134.79,173359.947
1742061600000,134.8,135.2,134.01,134.28,60396.325
1742065200000,134.27,134.54,133.58,134.49,59253.714
1742068800000,134.5,135.54,134.37,135.47,36389.066
1742072400000,135.47,136.5,135.42,135.72,41112.555
1742076000000,135.72,135.88,135.17,135.63,40764.277
1742079600000,135.64,136.04,135.23,135.86,35407.453
1742083200000,135.86,136.71,135.74,135.97,60698.314
1742086800000,135.96,136.69,135.01,135.21,81841.261
1742090400000,135.21,135.45,134.13,134.3,57103.253
1742094000000,134.3,135.7,134.2,135.5,40419.265
1742097600000,135.5,135.77,134.98,135.18,31568.334
1742101200000,135.18,135.33,134.59,135.1,31410.916
1742104800000,135.1,136.23,134.91,135.07,39389.185
1742108400000,135.08,135.14,133.86,134.64,147039.546
1742112000000,134.64,134.8,134.02,134.67,61313.24
1742115600000,134.67,134.97,133.21,133.48,104611.683
1742119200000,133.48,133.77,132.92,133.31,77070.025
1742122800000,133.3,133.31,129.68,129.91,426002.418
1742126400000,129.92,130.87,129.4,129.54,179130.799
1742130000000,129.53,130.22,127.49,127.85,198761.268
1742133600000,127.85,129.49,127.73,129.44,139632.686
1742137200000,129.44,129.58,128.43,128.78,87720.2
1742140800000,128.77,131.28,128.56,129.31,251468.004
1742144400000,129.31,130.42,128.75,129.91,101521.908
1742148000000,129.91,129.98,128.11,128.78,98122.857
1742151600000,128.77,128.88,126.04,126.94,240916.831
1742155200000,126.94,127.6,126.61,127.14,63731.02
1742158800000,127.13,127.77,126.25,126.52,57795.57
1742162400000,126.51,126.7,125.65,125.76,99583.107
1742166000000,125.76,126.29,125.21,126.13,87409.202
1742169600000,126.13,127.98,125.85,127.74,201142.816
1742173200000,127.74,128.73,127.18,128.28,155662.624
1742176800000,128.27,128.63,127.4,127.78,92266.883
1742180400000,127.78,129.23,127.78,128.96,64521.395
1742184000000,128.96,129.36,128.65,128.88,57074.921
1742187600000,128.87,128.95,128.03,128.05,48537.451
1742191200000,128.05,128.45,126.5,128.11,93884.879
1742194800000,128.12,129.5,128.04,129.26,93244.701
1742198400000,129.26,129.38,128.42,128.87,67601.218
1742202000000,128.87,129.4,128.6,129.11,80092.811
1742205600000,129.1,129.65,128.7,128.87,63189.349
1742209200000,128.87,129.43,128.42,129.18,79908.835
1742212800000,129.17,130.11,127.47,127.56,230217.805
1742216400000,127.55,128.81,126.82,127.24,131737.276
1742220000000,127.23,127.67,126.23,126.33,140044.591
1742223600000,126.34,127.91,125.55,127.51,236047.232
1742227200000,127.5,128.13,126.82,127.0,105026.499
1742230800000,126.99,128.76,126.66,128.36,164551.648
1742234400000,128.36,130.46,128.16,129.8,199331.929
1742238000000,129.79,130.64,129.46,129.84,151088.57
1742241600000,129.83,129.95,128.5,128.78,77041.828
1742245200000,128.79,129.35,128.14,129.04,58951.542
1742248800000,129.04,129.34,128.61,128.91,52704.208
1742252400000,128.92,128.94,127.77,128.01,63740.083
1742256000000,128.01,128.19,126.11,126.56,137514.208
1742259600000,126.56,126.91,124.65,125.16,277066.247
1742263200000,125.17,125.93,124.8,125.21,155830.619
1742266800000,125.21,125.21,123.49,124.15,264817.271
1742270400000,124.14,125.0,123.76,124.06,305106.367
1742274000000,124.06,124.65,123.68,124.62,85160.752
1742277600000,124.61,124.67,123.0,124.19,131654.778
1742281200000,124.19,125.24,124.03,125.2,113208.943
1742284800000,125.2,125.86,124.84,125.71,88606.931
1742288400000,125.7,125.96,124.63,124.77,97357.924
1742292000000,124.77,125.03,123.89,124.55,128227.577
1742295600000,124.56,124.65,123.2,123.54,112404.488
1742299200000,123.53,123.78,122.56,123.5,126766.328
1742302800000,123.5,123.7,121.76,122.34,183954.128
1742306400000,122.33,123.44,121.87,123.12,214226.443
1742310000000,123.11,123.26,122.26,122.57,102800.016
1742313600000,122.57,124.03,122.44,123.35,139227.827
1742317200000,123.35,123.46,122.6,123.3,92662.818
1742320800000,123.31,124.13,123.08,124.08,89240.747
1742324400000,124.07,124.5,123.72,124.22,77156.653
1742328000000,124.22,124.43,123.53,124.03,46025.549
1742331600000,124.04,124.99,123.92,124.63,65977.934
1742335200000,124.63,125.23,124.42,125.02,74208.65
1742338800000,125.02,125.71,125.01,125.33,72586.501
1742342400000,125.33,126.28,125.15,125.9,107474.987
1742346000000,125.89,125.99,124.47,124.49,83598.235
1742349600000,124.48,125.03,124.2,124.73,43438.377
1742353200000,124.73,126.72,124.65,126.47,129130.848
1742356800000,126.48,126.88,125.73,126.14,100624.708
1742360400000,126.15,126.42,125.39,125.78,229413.275
1742364000000,125.78,126.56,125.72,126.2,85767.495
1742367600000,126.2,126.58,125.62,125.73,65469.113
1742371200000,125.73,126.34,125.7,126.32,49232.951
1742374800000,126.31,126.76,126.03,126.5,70193.939
1742378400000,126.51,127.64,126.33,126.82,118007.306
1742382000000,126.81,129.53,126.41,128.69,270337.421
1742385600000,128.69,129.08,126.97,127.61,175560.272
1742389200000,127.61,131.18,127.22,130.55,476819.387
1742392800000,130.55,132.73,130.55,131.82,343247.956
1742396400000,131.81,132.43,131.17,132.32,257224.466
1742400000000,132.33,132.52,130.65,131.73,176945.914
1742403600000,131.72,131.86,129.66,130.23,203058.669
1742407200000,130.23,133.48,128.18,132.94,450275.482
1742410800000,132.95,134.33,131.35,133.03,254270.653
1742414400000,133.03,134.45,133.0,133.93,133734.191
1742418000000,133.93,134.57,133.16,133.7,101258.706
1742421600000,133.7,134.8,133.58,134.66,112721.454
1742425200000,134.66,136.08,134.35,135.33,132692.186
1742428800000,135.33,136.12,133.41,133.42,227338.245
1742432400000,133.41,133.95,132.82,133.53,108947.938
1742436000000,133.54,134.31,133.23,134.1,67685.599
1742439600000,134.1,134.33,133.7,133.91,56328.761
1742443200000,133.92,134.05,132.76,133.08,66537.188
1742446800000,133.08,133.96,133.01,133.93,61486.318
1742450400000,133.93,134.96,133.81,134.8,84758.422
1742454000000,134.8,134.96,133.96,134.01,85709.164
1742457600000,134.01,134.45,133.12,134.25,85950.543
1742461200000,134.25,134.55,133.27,133.47,70772.977
1742464800000,133.48,133.82,130.31,130.44,257393.891
1742468400000,130.44,131.34,130.37,130.65,85878.491
1742472000000,130.65,130.98,130.06,130.95,79647.993
1742475600000,130.96,131.18,129.67,130.69,118646.589
1742479200000,130.68,132.3,130.62,131.78,219591.909
1742482800000,131.78,131.81,128.51,128.91,254494.066
1742486400000,128.9,129.38,126.65,127.04,209080.515
1742490000000,127.04,128.13,126.93,127.76,125495.795
1742493600000,127.76,128.29,127.18,127.25,71947.06
1742497200000,127.24,128.15,127.23,127.94,62420.644
1742500800000,127.93,128.49,127.7,128.05,46089.351
1742504400000,128.04,128.37,127.47,127.6,50973.56
1742508000000,127.6,127.97,127.17,127.43,50829.743
1742511600000,127.42,128.2,127.25,127.6,45283.224
1742515200000,127.6,128.54,127.33,128.3,81874.498
1742518800000,128.3,129.04,128.0,128.98,85159.379
1742522400000,128.98,129.07,128.1,128.39,52796.811
1742526000000,128.38,128.44,127.36,127.94,70393.039
1742529600000,127.95,128.76,127.94,128.44,42523.788
1742533200000,128.44,128.69,127.6,128.28,62079.435
1742536800000,128.28,128.45,127.87,128.12,40800.14
1742540400000,128.11,128.34,127.4,128.07,62029.862
1742544000000,128.08,128.84,127.75,128.39,88715.494
1742547600000,128.39,129.1,127.54,127.63,106408.149
1742551200000,127.63,127.96,125.93,126.62,181425.889
1742554800000,126.61,126.77,125.74,126.39,82349.787
1742558400000,126.4,126.92,125.7,125.86,93609.408
1742562000000,125.86,127.54,125.39,127.21,137204.298
1742565600000,127.21,127.77,126.19,127.08,120429.432
1742569200000,127.08,127.12,125.84,125.98,74917.968
1742572800000,125.98,126.73,124.81,126.7,200046.553
1742576400000,126.69,127.0,126.1,126.89,79144.479
1742580000000,126.9,129.73,126.05,127.3,337271.371
1742583600000,127.31,128.55,127.18,128.24,98848.249
1742587200000,128.25,128.54,127.83,128.48,55612.287
1742590800000,128.47,130.18,128.4,129.2,125040.912
1742594400000,129.19,129.31,127.57,128.03,70024.993
1742598000000,128.02,128.63,127.85,128.48,51716.127
1742601600000,128.47,129.25,128.28,128.68,76364.157
1742605200000,128.68,129.05,128.0,128.04,59651.17
1742608800000,128.04,128.43,127.8,128.09,32810.582
1742612400000,128.09,129.38,128.03,128.88,62185.092
1742616000000,128.88,129.5,128.63,129.34,74424.167
1742619600000,129.33,129.45,128.73,129.09,78706.207
1742623200000,129.09,129.75,128.81,129.22,56272.589
1742626800000,129.21,129.56,128.54,128.82,46739.985
1742630400000,128.81,129.53,128.77,129.41,54332.346
1742634000000,129.41,131.4,129.41,130.71,138241.941
1742637600000,130.71,131.84,130.62,131.27,100906.569
1742641200000,131.28,131.6,130.23,130.34,80013.495
1742644800000,130.35,130.55,129.93,130.1,48710.182
1742648400000,130.1,130.27,129.15,129.54,76700.555
1742652000000,129.54,129.65,128.8,128.87,56486.633
1742655600000,128.87,129.43,128.64,129.25,68509.344
1742659200000,129.24,129.4,128.9,129.23,39654.457
1742662800000,129.23,129.6,128.98,129.42,43795.557
1742666400000,129.42,129.95,129.3,129.75,38693.334
1742670000000,129.74,130.27,129.62,129.97,92268.589
1742673600000,129.97,130.06,129.1,129.12,52936.212
1742677200000,129.12,129.69,128.32,128.55,48953.276
1742680800000,128.55,128.85,128.34,128.74,34031.165
1742684400000,128.75,128.77,128.12,128.51,36780.592
1742688000000,128.5,128.89,128.21,128.75,41468.41
1742691600000,128.74,129.35,128.57,129.24,40604.795
1742695200000,129.24,129.99,129.0,129.98,44736.934
1742698800000,129.98,130.85,129.61,130.85,81410.017
1742702400000,130.85,130.96,129.79,129.98,54322.041
1742706000000,129.97,130.51,129.73,130.42,39199.816
1742709600000,130.43,131.05,130.25,130.62,65877.357
1742713200000,130.62,131.49,130.56,131.15,53339.596
1742716800000,131.15,131.43,130.95,131.06,67045.229
1742720400000,131.06,131.59,131.05,131.34,50493.671
1742724000000,131.34,132.72,131.34,132.38,135961.577
1742727600000,132.39,134.06,132.38,133.1,181842.197
1742731200000,133.11,133.68,133.1,133.26,89896.233
1742734800000,133.26,133.83,132.69,133.6,90179.467
1742738400000,133.6,133.76,132.14,132.33,126339.894
1742742000000,132.33,133.08,132.26,132.51,89364.645
1742745600000,132.52,132.74,131.72,131.97,72234.735
1742749200000,131.97,132.34,130.89,131.26,75904.594
1742752800000,131.27,131.27,130.49,130.79,83942.918
1742756400000,130.79,131.12,130.35,130.55,45113.043
1742760000000,130.54,131.17,130.54,130.65,45218.794
1742763600000,130.64,131.2,130.2,131.11,41729.201
1742767200000,131.11,131.76,130.97,131.4,63800.448
1742770800000,131.41,132.85,131.32,132.84,83460.374
1742774400000,132.85,135.0,132.04,134.73,204380.441
1742778000000,134.72,135.3,132.93,132.98,199800.577
1742781600000,132.99,135.18,132.84,134.94,126277.158
1742785200000,134.95,138.46,134.64,138.16,394903.752
1742788800000,138.16,139.36,138.16,139.17,268279.005
1742792400000,139.18,139.29,137.87,138.04,153665.028
1742796000000,138.04,138.89,137.86,137.94,257837.461
1742799600000,137.93,139.13,137.77,138.88,114651.561
1742803200000,138.89,140.88,138.6,140.27,249517.933
1742806800000,140.28,140.56,139.49,139.89,123556.218
1742810400000,139.9,142.4,139.82,141.8,247844.697
1742814000000,141.81,144.13,141.19,143.41,258096.716
1742817600000,143.42,143.83,142.36,143.17,238582.371
1742821200000,143.17,144.49,142.39,144.49,294852.0
1742824800000,144.49,144.96,142.3,142.45,396272.686
1742828400000,142.46,143.45,142.3,143.25,133933.518
1742832000000,143.24,143.44,141.75,142.09,140268.335
1742835600000,142.09,142.85,141.97,142.41,92260.894
1742839200000,142.41,142.73,141.29,142.23,109068.552
1742842800000,142.22,142.92,141.8,142.77,101533.412
1742846400000,142.76,143.64,141.79,141.84,122771.146
1742850000000,141.84,142.63,141.35,141.37,90708.265
1742853600000,141.37,141.62,140.12,140.36,105429.216
1742857200000,140.36,141.17,139.64,141.01,129640.703
1742860800000,141.01,142.29,140.5,142.13,114246.829
1742864400000,142.12,142.12,139.64,140.2,133557.676
1742868000000,140.2,140.31,139.29,139.65,118669.079
1742871600000,139.66,140.09,138.2,138.57,151482.726
1742875200000,138.57,139.55,138.17,139.1,95009.507
1742878800000,139.09,139.95,138.74,139.59,65789.633
1742882400000,139.59,140.21,139.37,139.74,77872.003
1742886000000,139.75,140.35,139.23,139.46,61134.161
1742889600000,139.46,140.55,139.43,140.29,64809.45
1742893200000,140.28,143.43,139.88,142.85,162626.749
1742896800000,142.85,143.19,141.67,142.45,122201.806
1742900400000,142.45,142.92,141.44,142.15,112017.951
1742904000000,142.14,142.87,141.06,142.13,170839.053
1742907600000,142.13,146.7,142.04,144.59,547798.572
1742911200000,144.59,147.48,143.84,146.36,386600.678
1742914800000,146.35,146.56,144.4,145.28,232903.733
1742918400000,145.28,146.25,143.61,144.37,172279.696
1742922000000,144.38,145.68,144.38,144.96,128087.948
1742925600000,144.96,145.82,144.56,145.12,102905.054
1742929200000,145.13,145.86,144.58,145.03,82612.789
1742932800000,145.02,146.09,144.5,144.55,121037.485
1742936400000,144.55,145.27,143.58,143.69,96656.6
1742940000000,143.69,144.44,142.48,143.42,141377.452
1742943600000,143.41,144.11,143.29,143.64,67442.04
1742947200000,143.64,144.63,143.11,144.16,82070.048
1742950800000,144.17,144.48,143.69,144.09,81096.382
1742954400000,144.09,144.1,142.52,142.64,97875.528
1742958000000,142.64,143.07,141.5,141.84,108719.408
1742961600000,141.84,142.59,141.64,142.38,90109.653
1742965200000,142.37,143.42,141.88,142.94,65672.87
1742968800000,142.95,144.25,142.58,144.03,78418.702
1742972400000,144.03,144.89,143.62,144.5,140970.384
1742976000000,144.5,145.05,143.91,144.39,109378.511
1742979600000,144.39,144.92,143.77,144.34,80574.042
1742983200000,144.33,145.35,144.0,144.85,89583.377
1742986800000,144.85,145.49,144.42,144.61,72447.721
1742990400000,144.61,145.07,143.64,144.94,91386.259
1742994000000,144.94,144.94,141.22,141.25,285848.123
1742997600000,141.25,142.04,139.0,140.03,464994.443
1743001200000,140.04,140.46,139.04,139.34,190263.176
1743004800000,139.33,140.21,138.94,139.4,168346.176
1743008400000,139.39,139.56,137.87,137.94,144130.141
1743012000000,137.94,138.73,137.17,137.39,98765.602
1743015600000,137.38,138.28,136.23,137.45,180997.696
1743019200000,137.45,138.51,137.25,137.97,111839.277
1743022800000,137.97,138.14,136.26,137.43,95343.782
1743026400000,137.43,137.43,136.2,136.84,85140.571
1743030000000,136.85,137.41,135.89,137.34,85551.415
1743033600000,137.35,138.05,136.82,137.97,112626.437
1743037200000,137.96,138.57,137.77,138.45,87897.523
1743040800000,138.46,140.22,138.34,139.43,124361.077
1743044400000,139.43,139.98,138.73,139.91,101004.163
1743048000000,139.91,140.07,138.87,139.53,72436.142
1743051600000,139.52,139.55,138.39,138.58,76244.695
1743055200000,138.58,139.15,137.91,138.44,84575.993
1743058800000,138.44,139.45,138.02,138.88,84480.699
1743062400000,138.88,139.29,138.04,138.36,158841.583
1743066000000,138.36,138.62,137.5,138.22,118884.639
1743069600000,138.23,138.85,137.36,137.69,108050.639
1743073200000,137.7,138.42,137.1,137.4,78728.084
1743076800000,137.4,138.3,136.9,137.54,156369.083
1743080400000,137.53,138.12,135.63,137.08,204869.787
1743084000000,137.08,139.82,137.04,139.77,206566.249
1743087600000,139.78,139.83,137.79,137.79,146058.526
1743091200000,137.79,139.08,137.73,137.98,89040.853
1743094800000,137.99,138.59,137.36,137.53,73288.354
1743098400000,137.53,139.3,137.45,138.89,81631.902
1743102000000,138.9,139.71,138.61,139.06,76997.613
1743105600000,139.07,139.45,138.7,139.12,55677.84
1743109200000,139.12,139.95,138.82,139.63,63800.134
1743112800000,139.63,139.8,138.85,138.88,44297.995
1743116400000,138.87,139.09,138.12,138.43,59432.673
1743120000000,138.44,138.51,136.72,137.86,107383.022
1743123600000,137.86,139.05,137.18,138.32,108197.342
1743127200000,138.32,139.0,137.61,137.83,74143.948
1743130800000,137.83,138.02,135.9,136.78,329351.698
1743134400000,136.79,137.35,133.55,134.28,509177.808
1743138000000,134.27,134.3,133.29,133.39,169473.377
1743141600000,133.38,134.57,133.09,133.21,103750.275
1743145200000,133.21,133.46,131.38,131.62,398251.724
1743148800000,131.63,132.67,131.11,131.28,195772.522
1743152400000,131.28,131.74,130.61,130.85,108760.288
1743156000000,130.86,131.32,130.36,130.85,108152.988
1743159600000,130.85,132.01,130.52,131.93,150651.309
1743163200000,131.92,132.46,130.6,130.78,152635.694
1743166800000,130.79,131.88,129.38,129.93,187931.848
1743170400000,129.93,130.43,129.14,130.09,227700.153
1743174000000,130.09,130.41,129.26,129.92,145679.663
1743177600000,129.92,130.3,129.03,129.41,160647.675
1743181200000,129.4,130.12,129.12,130.09,98034.499
1743184800000,130.08,130.2,129.15,129.6,79684.029
1743188400000,129.6,129.69,129.13,129.43,79261.714
1743192000000,129.43,130.46,127.69,128.35,213042.03
1743195600000,128.35,129.31,127.81,129.05,81645.02
1743199200000,129.05,129.93,129.02,129.84,63046.765
1743202800000,129.84,129.85,129.12,129.49,39815.974
1743206400000,129.5,130.54,129.41,129.78,113366.094
1743210000000,129.79,129.99,129.18,129.49,46955.381
1743213600000,129.49,129.75,127.11,127.12,107525.257
1743217200000,127.12,129.19,126.58,128.84,158318.605
1743220800000,128.83,129.13,127.96,128.65,105427.211
1743224400000,128.65,128.66,127.34,127.79,165972.322
1743228000000,127.79,127.82,126.19,126.96,105288.611
1743231600000,126.95,127.12,125.45,126.39,149985.08
1743235200000,126.39,127.1,126.24,126.89,111294.669
1743238800000,126.89,127.1,125.57,126.69,102122.247
1743242400000,126.69,126.85,125.63,125.89,89496.292
1743246000000,125.88,126.06,124.31,125.3,243058.117
1743249600000,125.3,125.88,125.0,125.51,85425.602
1743253200000,125.5,126.76,125.5,126.76,106904.563
1743256800000,126.76,126.82,125.72,125.91,77540.327
1743260400000,125.91,126.58,125.9,126.32,50915.941
1743264000000,126.32,126.79,125.11,125.29,107466.456
1743267600000,125.29,125.87,123.71,124.51,248684.023
1743271200000,124.51,125.7,124.41,124.92,76027.303
1743274800000,124.93,125.3,124.39,125.3,62803.228
1743278400000,125.3,125.43,123.85,124.03,73063.376
1743282000000,124.03,124.81,123.27,124.45,67356.532
1743285600000,124.45,124.45,122.68,123.38,104337.721
1743289200000,123.39,124.76,123.17,124.58,50730.557
1743292800000,124.58,124.88,123.49,124.71,75422.331
1743296400000,124.71,125.5,124.7,125.31,92786.68
1743300000000,125.31,126.43,125.18,126.24,90409.503
1743303600000,126.24,126.6,125.66,125.71,72653.325
1743307200000,125.7,126.48,125.7,126.25,41212.098
1743310800000,126.25,126.56,125.78,125.95,47007.425
1743314400000,125.94,126.08,125.16,125.88,56340.838
1743318000000,125.88,126.27,125.3,125.48,44040.13
1743321600000,125.48,126.24,125.43,126.14,44408.869
1743325200000,126.15,126.18,125.58,126.07,39781.649
1743328800000,126.07,126.43,124.79,124.99,115044.587
1743332400000,124.98,125.9,124.66,125.12,55718.94
1743336000000,125.12,125.43,124.72,125.06,49794.287
1743339600000,125.07,125.1,123.15,123.44,147825.95
1743343200000,123.44,125.06,123.37,124.71,135491.385
1743346800000,124.72,125.59,124.53,124.92,54104.626
1743350400000,124.92,125.23,123.32,123.7,70244.964
1743354000000,123.7,124.67,123.0,124.52,58672.206
1743357600000,124.52,126.82,124.52,126.22,99143.853
1743361200000,126.23,127.08,125.71,125.85,62532.492
1743364800000,125.84,126.37,125.23,125.35,33526.521
1743368400000,125.36,126.15,124.32,124.77,55765.816
1743372000000,124.76,125.98,123.19,125.09,136737.452
1743375600000,125.08,125.16,123.94,124.82,65109.369
1743379200000,124.83,125.15,122.75,123.81,119358.605
1743382800000,123.82,126.52,123.64,126.22,132015.953
1743386400000,126.22,127.63,125.56,126.59,119493.255
1743390000000,126.58,127.19,124.22,124.56,85887.656
1743393600000,124.57,125.48,124.33,125.0,115996.228
1743397200000,125.0,126.68,124.85,126.03,88502.196
1743400800000,126.04,126.53,125.23,126.25,105904.726
1743404400000,126.25,127.08,125.28,125.88,118369.332
1743408000000,125.89,126.7,125.27,125.39,89684.176
1743411600000,125.39,125.47,123.43,123.92,179902.638
1743415200000,123.92,124.77,123.05,124.57,156695.916
1743418800000,124.58,124.82,123.41,124.28,108589.183
1743422400000,124.27,126.16,123.66,125.91,304711.613
1743426000000,125.92,126.29,123.22,125.49,491358.542
1743429600000,125.49,127.21,125.44,126.72,295377.831
1743433200000,126.72,127.81,126.71,126.78,212166.163
1743436800000,126.77,127.36,125.79,125.98,97517.836
1743440400000,125.98,126.56,123.83,124.09,167769.221
1743444000000,124.1,126.56,124.1,125.68,192097.163
1743447600000,125.67,126.26,125.15,125.25,84841.647
1743451200000,125.25,125.98,125.13,125.39,44628.157
1743454800000,125.38,126.27,125.38,125.74,39795.187
1743458400000,125.74,125.98,124.85,125.54,189953.318
1743462000000,125.53,126.18,124.47,124.54,190012.311
1743465600000,124.53,125.18,124.03,124.51,140352.821
1743469200000,124.5,124.74,123.74,124.5,122144.313
1743472800000,124.5,126.29,124.44,126.24,89191.767
1743476400000,126.25,126.72,125.76,126.06,104838.33
1743480000000,126.07,126.3,125.6,126.19,61377.308
1743483600000,126.18,126.78,125.94,125.98,58548.101
1743487200000,125.99,126.75,125.59,126.56,98782.487
1743490800000,126.56,126.71,126.03,126.69,70578.435
1743494400000,126.69,129.97,126.68,129.38,270383.195
1743498000000,129.37,129.84,128.42,129.27,157974.069
1743501600000,129.27,129.33,127.83,127.91,137647.962
1743505200000,127.91,128.21,127.13,127.61,149622.775
1743508800000,127.6,127.9,126.43,127.17,125797.772
1743512400000,127.18,128.37,126.9,127.59,152129.893
1743516000000,127.59,127.83,124.68,127.05,380766.528
1743519600000,127.05,130.55,126.76,129.27,666792.891
1743523200000,129.27,129.64,128.14,128.25,163899.8
1743526800000,128.24,128.44,127.04,127.29,109415.546
1743530400000,127.29,127.31,125.52,126.49,136051.244
1743534000000,126.49,127.12,126.45,126.82,82315.246
1743537600000,126.82,126.83,125.3,126.43,102923.66
1743541200000,126.43,126.79,126.13,126.33,50098.365
1743544800000,126.33,127.24,125.92,126.77,61241.851
1743548400000,126.77,127.53,126.14,126.67,61403.489
1743552000000,126.68,126.96,126.03,126.22,69975.919
1743555600000,126.22,126.24,125.4,125.69,87965.843
1743559200000,125.7,125.78,124.1,124.76,130357.132
1743562800000,124.76,125.36,124.22,124.32,72077.707
1743566400000,124.32,125.03,124.21,124.89,58368.068
1743570000000,124.9,124.9,123.5,123.75,106911.44
1743573600000,123.75,124.6,123.7,124.04,67695.221
1743577200000,124.04,124.84,123.93,124.55,82913.158
1743580800000,124.54,125.84,124.28,125.45,112879.11
1743584400000,125.45,126.73,125.32,126.04,114013.734
1743588000000,126.04,126.49,125.46,125.73,61322.489
1743591600000,125.74,126.32,125.64,125.69,55705.863
1743595200000,125.7,126.8,125.12,126.6,115372.655
1743598800000,126.61,127.93,125.16,126.22,161787.931
1743602400000,126.21,128.13,126.14,127.71,162794.254
1743606000000,127.71,131.16,127.61,130.43,1019261.558
1743609600000,130.43,131.79,129.77,131.15,347956.192
1743613200000,131.15,131.52,129.27,129.67,301344.595
1743616800000,129.66,130.31,129.17,130.0,94479.493
1743620400000,130.01,131.5,130.01,131.43,86881.916
1743624000000,131.42,136.21,126.79,128.03,1217439.208
1743627600000,128.03,128.28,124.61,125.37,320140.134
1743631200000,125.36,125.36,118.2,118.68,816305.176
1743634800000,118.67,119.54,117.0,117.42,624959.884
1743638400000,117.42,120.16,116.25,119.98,507610.851
1743642000000,119.98,120.41,118.47,119.4,463409.951
1743645600000,119.4,120.84,119.03,120.8,197306.518
1743649200000,120.79,120.94,119.68,119.8,213737.524
1743652800000,119.81,120.86,119.42,120.3,157006.136
1743656400000,120.3,120.63,118.71,118.94,158021.287
1743660000000,118.94,119.31,117.9,118.27,301705.439
1743663600000,118.27,118.95,117.9,118.64,223067.169
1743667200000,118.64,119.22,118.04,118.9,182374.56
1743670800000,118.91,119.08,117.7,117.91,124032.43
1743674400000,117.91,118.38,115.4,115.96,457279.877
1743678000000,115.96,116.57,115.11,115.74,207930.085
1743681600000,115.74,116.04,112.59,113.11,483080.193
1743685200000,113.12,115.56,112.84,114.81,388978.372
1743688800000,114.8,114.87,112.24,112.61,336281.863
1743692400000,112.61,114.47,112.55,114.16,206482.525
1743696000000,114.17,114.82,113.43,113.68,170189.168
1743699600000,113.68,114.8,113.26,114.22,124265.603
1743703200000,114.22,116.0,113.78,115.1,485766.262
1743706800000,115.11,115.77,114.88,115.42,101925.517
1743710400000,115.43,116.56,115.08,116.25,113288.927
1743714000000,116.26,117.4,116.01,117.18,80094.459
1743717600000,117.18,117.37,116.5,117.01,94475.34
1743721200000,117.0,117.45,116.05,117.17,76557.222
1743724800000,117.17,117.5,115.92,116.0,153688.816
1743728400000,116.0,116.38,114.63,114.92,114189.776
1743732000000,114.93,116.44,114.92,115.55,149917.545
1743735600000,115.55,115.76,114.9,115.4,78573.475
1743739200000,115.41,115.45,114.73,115.03,62114.078
1743742800000,115.04,116.61,114.76,116.55,200773.314
1743746400000,116.55,116.91,116.06,116.08,218021.394
1743750000000,116.08,118.35,116.02,118.18,203461.932
1743753600000,118.17,119.15,118.13,118.92,238095.449
1743757200000,118.91,119.94,118.55,119.62,115734.087
1743760800000,119.62,119.76,114.87,115.03,390686.147
1743764400000,115.04,115.5,113.25,114.54,270305.227
1743768000000,114.53,116.48,113.96,115.63,357672.181
1743771600000,115.64,116.69,114.1,116.41,278666.565
1743775200000,116.4,117.82,115.31,117.45,356574.799
1743778800000,117.44,120.99,117.42,118.6,701943.782
1743782400000,118.6,122.87,118.23,121.8,480769.405
1743786000000,121.79,123.98,119.64,123.11,552106.065
1743789600000,123.1,123.24,121.42,121.75,227264.341
1743793200000,121.75,123.04,121.37,122.61,140459.41
1743796800000,122.61,123.89,121.78,123.39,160954.541
1743800400000,123.4,124.0,122.9,123.12,114070.889
1743804000000,123.13,123.87,122.84,123.33,65781.561
1743807600000,123.32,123.39,122.06,122.79,89247.541
1743811200000,122.8,122.85,121.84,122.24,81413.5
1743814800000,122.24,122.83,121.65,121.84,63379.503
1743818400000,121.85,121.99,120.71,121.02,130330.884
1743822000000,121.02,121.27,120.66,120.73,52721.472
1743825600000,120.72,121.32,120.37,120.63,68119.068
1743829200000,120.63,121.07,120.38,120.67,41982.777
1743832800000,120.67,121.12,120.18,120.66,57218.04
1743836400000,120.65,121.25,120.19,121.07,48316.622
1743840000000,121.07,121.46,120.69,121.17,54967.315
1743843600000,121.17,121.96,121.15,121.83,53688.684
1743847200000,121.84,121.94,120.76,120.91,54947.624
1743850800000,120.91,121.06,119.86,120.28,105476.664
1743854400000,120.29,120.33,118.84,119.17,98852.112
1743858000000,119.17,119.3,117.54,117.86,120992.461
1743861600000,117.85,118.45,117.2,118.12,163426.122
1743865200000,118.12,118.14,117.15,117.55,84248.204
1743868800000,117.55,118.24,117.52,117.84,68187.35
1743872400000,117.84,118.52,117.63,117.95,57493.889
1743876000000,117.95,119.02,117.85,118.96,39218.081
1743879600000,118.96,119.35,118.39,118.63,69442.773
1743883200000,118.63,119.39,118.41,119.27,69999.954
1743886800000,119.27,119.46,118.7,118.94,69486.179
1743890400000,118.93,119.58,118.86,119.24,46840.341
1743894000000,119.24,120.56,119.18,120.32,83631.681
1743897600000,120.33,120.62,119.79,120.36,64675.607
1743901200000,120.37,121.13,120.11,120.45,48209.844
1743904800000,120.45,120.85,119.77,120.05,47622.359
1743908400000,120.05,120.38,119.43,119.98,56722.944
1743912000000,119.99,120.09,119.43,119.83,53368.844
1743915600000,119.84,120.47,119.65,120.29,42328.212
1743919200000,120.3,120.6,119.32,119.37,46254.451
1743922800000,119.38,119.52,118.82,119.21,72019.345
1743926400000,119.2,119.64,118.5,119.54,68456.177
1743930000000,119.55,120.18,119.27,119.74,52783.773
1743933600000,119.73,119.75,118.7,119.17,42244.664
1743937200000,119.17,119.17,118.18,118.62,50580.594
1743940800000,118.61,118.86,116.2,116.46,118925.036
1743944400000,116.45,116.45,114.31,114.7,284976.212
1743948000000,114.69,115.79,114.3,115.68,246068.631
1743951600000,115.67,115.88,114.82,114.97,105255.751
1743955200000,114.96,115.26,113.71,114.04,181257.33
1743958800000,114.03,114.38,110.58,111.43,470084.441
1743962400000,111.43,111.47,107.25,107.69,852446.144
1743966000000,107.69,108.6,106.28,108.07,488409.93
1743969600000,108.08,108.55,105.52,106.53,424694.85
1743973200000,106.54,107.8,106.26,106.94,202705.47
1743976800000,106.94,108.29,105.77,105.99,408635.021
1743980400000,105.98,106.53,103.81,105.91,505621.355
1743984000000,105.9,106.26,103.28,104.79,432297.213
1743987600000,104.8,107.82,104.8,107.45,369040.758
1743991200000,107.45,107.64,105.38,105.94,249579.025
1743994800000,105.93,106.14,102.22,103.27,413988.205
1743998400000,103.27,103.77,101.64,102.59,402509.388
1744002000000,102.6,103.12,101.12,101.94,308244.753
1744005600000,101.93,102.69,95.26,97.18,1315050.901
1744009200000,97.17,98.88,97.08,97.14,654957.454
1744012800000,97.14,101.6,96.93,100.49,699861.653
1744016400000,100.48,101.78,99.08,100.35,368723.864
1744020000000,100.34,102.64,100.28,100.34,418861.135
1744023600000,100.35,101.16,99.14,100.29,276299.592
1744027200000,100.3,103.19,99.74,102.96,488987.982
1744030800000,102.96,107.22,100.73,106.6,1043331.742
1744034400000,106.59,113.0,104.55,107.5,2509357.516
1744038000000,107.49,108.0,103.71,106.65,854666.873
1744041600000,106.65,106.77,103.56,103.85,363710.079
1744045200000,103.86,107.98,103.84,107.6,387410.57
1744048800000,107.61,107.68,105.85,105.96,299365.001
1744052400000,105.96,106.98,105.24,105.75,203962.016
1744056000000,105.75,107.98,105.74,107.38,118676.997
1744059600000,107.38,108.67,106.59,107.94,128784.477
1744063200000,107.94,109.3,107.6,108.6,158442.951
1744066800000,108.6,108.72,106.69,106.99,164554.848
1744070400000,106.98,107.75,106.65,107.04,148039.346
1744074000000,107.04,111.37,106.69,111.03,277763.43
1744077600000,111.03,112.58,110.69,111.29,329376.768
1744081200000,111.29,111.77,110.45,111.31,147560.161
1744084800000,111.3,112.16,111.08,111.7,159616.198
1744088400000,111.69,111.88,110.17,110.51,138470.324
1744092000000,110.51,110.51,108.58,108.67,187211.06
1744095600000,108.66,109.15,107.97,108.7,142109.29
1744099200000,108.69,108.77,107.15,108.13,175486.754
1744102800000,108.13,108.96,107.86,108.45,132817.113
1744106400000,108.44,109.66,108.26,108.84,109791.37
1744110000000,108.84,111.82,108.67,111.56,231016.227
1744113600000,111.56,111.94,109.43,109.99,214803.695
1744117200000,109.98,112.2,109.53,110.2,566491.198
1744120800000,110.19,111.22,107.64,107.85,380107.717
1744124400000,107.86,108.56,106.68,107.2,358691.084
1744128000000,107.19,107.29,103.64,104.31,425260.49
1744131600000,104.31,105.84,102.96,105.15,449166.263
1744135200000,105.16,106.95,104.57,105.74,285147.137
1744138800000,105.75,106.1,103.42,104.06,260110.469
1744142400000,104.06,106.19,103.67,106.01,244584.269
1744146000000,106.02,106.36,105.3,105.88,146921.021
1744149600000,105.87,106.48,104.54,105.48,162070.993
1744153200000,105.48,105.85,104.46,105.4,166517.405
1744156800000,105.4,106.6,104.24,104.73,329562.119
1744160400000,104.73,105.04,101.26,104.25,556842.596
1744164000000,104.26,105.74,103.46,103.58,216137.762
1744167600000,103.59,103.92,102.67,103.15,179089.291
1744171200000,103.14,106.07,103.04,105.14,377316.807
1744174800000,105.14,106.04,104.96,105.34,122888.782
1744178400000,105.35,106.79,105.29,105.72,254669.296
1744182000000,105.72,107.85,105.64,107.37,337865.007
1744185600000,107.37,108.26,106.61,107.32,221074.299
1744189200000,107.32,107.58,106.13,106.61,189617.256
1744192800000,106.61,107.34,106.04,106.87,199297.93
1744196400000,106.87,106.87,102.75,103.43,513052.244
1744200000000,103.42,104.94,102.31,104.47,266041.236
1744203600000,104.47,107.07,103.89,106.03,414765.414
1744207200000,106.02,107.43,105.54,105.84,303091.761
1744210800000,105.85,107.1,105.84,106.54,160978.661
1744214400000,106.54,108.37,106.22,108.29,248764.616
1744218000000,108.29,119.8,107.26,119.37,2283809.489
1744221600000,119.38,121.0,117.45,117.65,1015225.459
1744225200000,117.65,119.67,117.64,118.95,285042.851
1744228800000,118.95,120.26,118.66,120.1,181058.425
1744232400000,120.1,120.5,118.07,119.57,298048.724
1744236000000,119.56,120.41,118.99,119.22,204524.727
1744239600000,119.23,119.49,118.43,119.05,175821.387
1744243200000,119.05,119.3,116.81,117.58,215250.289
1744246800000,117.57,118.0,116.59,117.01,173759.912
1744250400000,117.0,117.57,116.74,116.96,119615.231
1744254000000,116.97,117.02,114.5,115.49,224394.091
1744257600000,115.5,115.87,114.66,115.71,223448.968
1744261200000,115.7,116.55,115.37,116.14,125698.189
1744264800000,116.14,116.99,115.93,116.07,500154.496
1744268400000,116.07,116.64,114.05,114.78,254586.389
1744272000000,114.79,115.18,114.11,114.61,151315.114
1744275600000,114.61,115.24,114.24,114.86,134441.459
1744279200000,114.87,114.88,113.77,114.44,126946.818
1744282800000,114.45,114.59,113.39,113.95,143567.347
1744286400000,113.94,115.76,112.86,113.38,484395.527
1744290000000,113.38,113.84,111.9,112.77,415582.514
1744293600000,112.77,114.58,112.43,112.9,283164.9
1744297200000,112.89,113.15,109.39,109.6,548476.55
1744300800000,109.6,110.32,108.5,109.41,365387.468
1744304400000,109.41,110.65,108.21,110.46,331958.939
1744308000000,110.45,111.48,110.15,111.38,212874.045
1744311600000,111.38,111.9,110.79,111.34,138348.425
1744315200000,111.34,112.88,111.27,112.84,117693.17
1744318800000,112.83,112.89,111.93,112.35,80499.336
1744322400000,112.35,113.4,112.11,112.66,116104.237
1744326000000,112.66,113.06,112.31,112.81,78661.215
1744329600000,112.8,113.42,112.16,112.25,117964.915
1744333200000,112.26,114.24,112.19,114.2,139577.125
1744336800000,114.19,115.55,113.7,114.39,127145.492
1744340400000,114.39,115.78,114.38,115.41,135736.91
1744344000000,115.42,116.32,115.16,115.49,79999.598
1744347600000,115.49,116.14,115.0,116.05,77256.179
1744351200000,116.05,117.76,116.05,116.96,150318.481
1744354800000,116.97,117.04,116.18,116.59,81110.996
1744358400000,116.6,117.92,115.87,117.57,313521.637
1744362000000,117.57,118.56,116.95,118.23,180449.353
1744365600000,118.22,119.13,117.65,118.7,241995.984
1744369200000,118.7,119.4,117.69,118.02,209847.267
1744372800000,118.03,119.11,117.58,117.9,194329.715
1744376400000,117.89,121.57,117.66,120.58,509638.863
1744380000000,120.57,121.01,118.56,119.7,383693.7
1744383600000,119.71,120.3,118.56,119.91,266584.163
1744387200000,119.91,120.58,118.66,119.96,168692.178
1744390800000,119.96,122.0,119.83,121.41,274472.783
1744394400000,121.42,121.79,119.83,119.93,186466.12
1744398000000,119.93,120.93,119.92,120.87,110926.013
1744401600000,120.87,121.98,120.6,121.6,103773.856
1744405200000,121.61,122.65,120.95,121.15,126016.17
1744408800000,121.16,121.42,120.72,121.18,60842.532
1744412400000,121.18,121.91,119.99,121.41,103706.859
1744416000000,121.41,122.23,120.84,121.19,151011.658
1744419600000,121.19,121.81,120.62,121.21,81174.498
1744423200000,121.2,121.5,119.41,119.64,120540.996
1744426800000,119.64,120.5,119.57,120.18,87405.928
1744430400000,120.18,123.9,119.82,122.69,307792.515
1744434000000,122.69,122.93,122.09,122.39,122349.165
1744437600000,122.39,123.6,122.39,122.9,146469.736
1744441200000,122.9,124.57,122.75,124.26,260104.569
1744444800000,124.26,125.52,124.01,124.34,207242.372
1744448400000,124.33,124.87,124.04,124.65,76926.939
1744452000000,124.64,124.93,124.03,124.39,106438.329
1744455600000,124.39,125.33,124.39,124.6,76687.11
1744459200000,124.6,126.61,124.39,126.38,205016.982
1744462800000,126.39,128.93,126.11,128.59,321507.031
1744466400000,128.59,131.61,128.22,130.62,542580.478
1744470000000,130.62,131.77,129.75,130.47,344217.826
1744473600000,130.47,131.39,129.16,129.69,286567.623
1744477200000,129.68,129.92,128.2,129.06,192712.591
1744480800000,129.05,131.08,129.01,130.92,106118.921
1744484400000,130.92,131.55,129.77,130.71,164332.165
1744488000000,130.72,134.11,130.6,132.77,240881.839
1744491600000,132.78,133.05,131.0,132.72,205942.858
1744495200000,132.71,133.94,131.94,132.06,150740.575
1744498800000,132.06,132.65,131.62,132.24,115503.151
1744502400000,132.24,133.71,131.68,133.0,144886.092
1744506000000,133.01,133.96,131.01,131.36,190316.149
1744509600000,131.36,133.26,130.87,132.9,173998.138
1744513200000,132.89,133.23,131.62,131.81,117315.493
1744516800000,131.81,132.03,129.7,130.23,171236.955
1744520400000,130.22,130.63,129.55,129.96,143892.65
1744524000000,129.96,130.27,128.92,128.98,134108.392
1744527600000,128.98,129.76,128.17,128.55,142983.796
1744531200000,128.55,130.02,128.2,129.98,185249.96
1744534800000,129.98,131.61,129.52,131.51,159953.159
1744538400000,131.5,131.53,130.17,130.82,119875.728
1744542000000,130.83,130.89,128.84,129.82,136020.74
1744545600000,129.82,130.43,129.27,129.79,95376.818
1744549200000,129.79,130.15,126.78,127.64,242969.758
1744552800000,127.64,129.24,127.31,128.6,183656.046
1744556400000,128.61,128.92,127.57,128.72,166007.612
1744560000000,128.71,130.01,128.66,129.6,128797.074
1744563600000,129.61,132.56,129.46,131.62,252416.905
1744567200000,131.62,132.29,131.14,131.4,113199.157
1744570800000,131.41,131.49,127.05,128.21,268577.413
1744574400000,128.22,129.85,126.09,126.73,248495.771
1744578000000,126.72,127.58,125.32,127.39,186084.155
1744581600000,127.4,127.85,126.77,127.15,102394.048
1744585200000,127.16,130.0,126.8,128.38,246558.594
1744588800000,128.38,131.74,127.98,130.32,247985.62
1744592400000,130.33,131.67,129.86,130.63,131605.361
1744596000000,130.63,136.13,130.1,133.43,409655.843
1744599600000,133.42,133.63,131.2,131.73,180104.538
1744603200000,131.74,134.34,131.68,133.64,152339.67
1744606800000,133.65,134.22,132.18,132.92,132061.623
1744610400000,132.91,132.96,131.72,132.16,83467.082
1744614000000,132.15,132.87,131.1,132.3,128063.538
1744617600000,132.31,133.68,131.83,133.11,145638.379
1744621200000,133.1,133.94,131.5,131.96,131365.462
1744624800000,131.96,134.17,131.91,133.76,157685.864
1744628400000,133.77,133.89,132.59,133.5,108192.601
1744632000000,133.5,134.34,132.44,133.97,127418.904
1744635600000,133.98,134.79,131.2,131.58,353993.168
1744639200000,131.59,134.79,131.16,133.35,283171.434
1744642800000,133.34,133.44,128.12,128.8,416355.891
1744646400000,128.8,130.1,128.08,129.18,221400.956
1744650000000,129.17,130.85,128.98,130.18,153585.758
1744653600000,130.17,130.86,129.44,130.36,98900.141
1744657200000,130.35,131.99,130.31,131.08,145606.819
1744660800000,131.09,131.19,129.46,130.22,92587.529
1744664400000,130.22,130.25,128.65,129.56,85439.282
1744668000000,129.56,129.79,128.85,129.67,69009.979
1744671600000,129.67,130.29,129.2,129.42,94616.008
1744675200000,129.41,129.5,127.71,129.2,153633.298
1744678800000,129.19,130.5,127.83,130.34,126313.469
1744682400000,130.34,130.52,128.28,129.51,123855.373
1744686000000,129.51,130.75,129.26,130.54,114048.724
1744689600000,130.54,130.95,129.68,130.86,104423.855
1744693200000,130.86,132.3,130.83,131.28,146812.516
1744696800000,131.28,131.67,130.72,131.06,83226.294
1744700400000,131.07,131.98,131.07,131.55,62094.244
1744704000000,131.55,132.27,131.34,131.72,118456.127
1744707600000,131.72,133.54,131.51,133.54,145411.039
1744711200000,133.53,133.92,131.67,132.35,150716.08
1744714800000,132.36,132.66,131.62,132.15,100464.94
1744718400000,132.14,133.06,131.22,132.58,105610.685
1744722000000,132.57,134.45,131.94,132.08,269632.938
1744725600000,132.09,132.8,129.82,130.7,330533.841
1744729200000,130.7,131.67,129.07,129.61,224266.865
1744732800000,129.62,130.6,129.3,129.7,117761.788
1744736400000,129.7,129.98,127.93,128.24,155912.805
1744740000000,128.23,128.61,127.31,128.16,148370.084
1744743600000,128.15,128.71,127.41,127.88,116749.884
1744747200000,127.89,128.35,126.77,127.73,133775.96
1744750800000,127.74,128.59,127.45,128.12,131675.43
1744754400000,128.11,128.11,125.82,126.51,130954.99
1744758000000,126.51,127.15,126.03,126.11,136781.268
1744761600000,126.1,127.35,125.05,125.21,184294.113
1744765200000,125.2,126.52,124.8,126.21,140424.041
1744768800000,126.21,127.1,125.82,127.0,128925.054
1744772400000,127.0,127.29,126.22,126.44,79908.048
1744776000000,126.45,126.68,125.18,125.93,78228.275
1744779600000,125.93,126.61,124.37,125.4,146618.211
1744783200000,125.39,126.44,125.12,126.1,79450.009
1744786800000,126.1,126.36,124.57,124.78,110409.829
1744790400000,124.78,125.67,123.49,125.13,225721.347
1744794000000,125.13,125.68,124.33,124.35,141820.178
1744797600000,124.35,125.96,124.23,125.89,95188.744
1744801200000,125.89,126.68,124.92,126.27,140661.657
1744804800000,126.26,126.54,125.18,125.24,131946.749
1744808400000,125.25,126.16,124.46,124.65,276304.411
1744812000000,124.65,128.15,124.62,127.83,317903.742
1744815600000,127.83,129.6,127.75,128.39,477169.668
1744819200000,128.4,129.33,126.94,128.82,212635.742
1744822800000,128.82,130.93,124.86,125.15,523473.679
1744826400000,125.16,128.84,125.09,128.61,473106.538
1744830000000,128.6,133.91,128.56,132.45,638514.481
1744833600000,132.45,133.71,131.47,131.65,298973.803
1744837200000,131.66,133.44,131.54,132.97,205929.237
1744840800000,132.98,133.13,131.98,132.12,80486.927
1744844400000,132.12,132.31,130.78,131.33,132674.511
1744848000000,131.33,131.72,130.75,131.72,187940.43
1744851600000,131.71,132.67,131.22,132.1,98746.659
1744855200000,132.1,132.2,130.37,131.36,144148.185
1744858800000,131.35,131.77,129.5,129.79,112502.275
1744862400000,129.79,131.12,129.62,131.12,93735.562
1744866000000,131.11,133.5,131.03,133.13,195232.79
1744869600000,133.13,135.31,132.62,134.49,291553.636
1744873200000,134.5,135.59,133.86,134.26,189197.742
1744876800000,134.25,135.0,133.1,133.34,135896.082
1744880400000,133.35,134.11,132.78,133.52,190845.773
1744884000000,133.52,133.7,132.72,133.11,82008.178
1744887600000,133.12,133.69,132.43,133.12,113824.041
1744891200000,133.12,134.5,132.94,134.08,146784.587
1744894800000,134.08,134.08,132.6,132.91,211322.927
1744898400000,132.92,132.96,130.55,131.44,317148.947
1744902000000,131.43,133.87,131.37,133.45,176172.843
1744905600000,133.45,135.19,132.72,134.59,244442.054
1744909200000,134.58,135.94,134.25,135.4,178048.489
1744912800000,135.4,136.2,134.26,134.26,150304.881
1744916400000,134.25,134.83,132.0,132.91,230345.153
1744920000000,132.91,135.29,132.91,134.91,124168.189
1744923600000,134.91,135.06,133.83,134.53,67765.908
1744927200000,134.53,134.81,133.43,133.47,68773.626
1744930800000,133.48,134.98,133.48,134.83,66550.761
1744934400000,134.84,135.08,133.78,134.24,100642.26
1744938000000,134.23,135.76,133.96,135.04,192278.213
1744941600000,135.03,136.02,134.5,135.31,151196.386
1744945200000,135.31,135.36,134.27,134.51,103800.625
1744948800000,134.52,134.64,133.65,133.87,115699.503
1744952400000,133.86,134.28,133.26,134.2,94100.8
1744956000000,134.2,134.51,133.4,134.37,88870.782
1744959600000,134.37,135.03,133.79,134.91,103541.242
1744963200000,134.91,135.54,134.45,134.81,125292.011
1744966800000,134.81,135.28,134.3,134.73,62315.086
1744970400000,134.72,134.86,133.56,133.87,93965.708
1744974000000,133.87,134.28,133.7,134.27,106707.002
1744977600000,134.27,135.21,133.83,134.93,221595.936
1744981200000,134.92,135.04,134.08,134.57,222258.913
1744984800000,134.56,134.88,133.02,133.32,212129.339
1744988400000,133.33,133.52,132.47,132.91,176164.052
1744992000000,132.91,133.52,132.69,133.42,59106.169
1744995600000,133.41,134.36,133.06,133.92,56974.796
1744999200000,133.92,134.2,133.55,134.0,53605.202
1745002800000,134.01,134.47,133.73,134.21,52051.106
1745006400000,134.21,134.32,133.48,134.09,37999.644
1745010000000,134.1,134.4,133.78,134.27,37406.546
1745013600000,134.28,134.36,133.92,133.92,36707.601
1745017200000,133.92,134.27,133.23,134.04,51932.952
1745020800000,134.05,134.33,133.58,134.16,55025.807
1745024400000,134.16,135.03,134.08,134.92,77584.376
1745028000000,134.93,138.38,134.83,137.46,459721.276
1745031600000,137.47,139.16,137.33,138.82,280700.573
1745035200000,138.82,139.47,138.26,138.35,146101.224
1745038800000,138.34,138.75,137.88,138.42,81983.691
1745042400000,138.43,138.53,137.78,138.22,56534.361
1745046000000,138.21,139.04,138.21,138.76,94035.587
1745049600000,138.76,139.3,138.47,139.1,98946.602
1745053200000,139.09,139.83,138.9,139.37,152148.684
1745056800000,139.37,139.96,138.81,139.04,118845.693
1745060400000,139.03,139.68,138.53,138.77,91008.893
1745064000000,138.77,139.28,138.51,138.8,78460.411
1745067600000,138.79,139.63,138.52,139.57,65165.087
1745071200000,139.57,139.74,139.26,139.62,75186.26
1745074800000,139.62,140.5,138.57,138.95,188580.687
1745078400000,138.96,139.2,137.7,137.97,201157.265
1745082000000,137.98,139.49,137.67,138.9,223817.834
1745085600000,138.89,139.09,138.43,138.59,40616.607
1745089200000,138.59,138.86,138.23,138.71,43684.354
1745092800000,138.7,139.17,138.34,138.78,50635.134
1745096400000,138.78,139.16,138.6,139.02,53754.591
1745100000000,139.02,139.68,138.83,139.62,38501.336
1745103600000,139.61,139.9,139.1,139.87,43841.735
1745107200000,139.86,141.41,139.4,140.3,213490.393
1745110800000,140.31,141.96,140.2,141.85,100277.761
1745114400000,141.85,141.92,141.24,141.42,64073.434
1745118000000,141.43,141.5,140.57,140.96,73787.807
1745121600000,140.96,141.62,140.64,141.21,67953.795
1745125200000,141.21,141.22,140.72,140.77,49401.527
1745128800000,140.78,141.22,139.72,139.89,125090.432
1745132400000,139.89,139.95,138.6,139.61,177453.358
1745136000000,139.61,139.8,138.67,139.09,105200.164
1745139600000,139.09,139.52,138.81,139.2,98671.181
1745143200000,139.2,139.59,137.8,138.33,141768.508
1745146800000,138.32,138.45,135.82,136.38,1056087.751
1745150400000,136.38,137.46,136.0,136.92,183867.796
1745154000000,136.92,137.47,136.31,137.16,142199.53
1745157600000,137.16,138.03,136.93,137.58,106031.732
1745161200000,137.58,137.59,135.64,135.94,169439.488
1745164800000,135.94,137.03,135.72,136.94,119568.289
1745168400000,136.93,136.99,136.13,136.37,69785.103
1745172000000,136.36,136.75,136.12,136.49,43520.093
1745175600000,136.48,137.25,136.27,137.2,54764.804
1745179200000,137.19,138.5,137.01,137.26,131859.899
1745182800000,137.25,137.53,136.64,137.51,72778.573
1745186400000,137.5,137.52,136.37,136.78,67602.289
1745190000000,136.78,137.9,136.77,137.86,63424.908
1745193600000,137.86,143.25,137.66,141.19,452830.404
1745197200000,141.19,142.21,140.7,141.69,260023.063
1745200800000,141.7,141.89,139.35,140.22,204873.377
1745204400000,140.22,140.63,139.11,139.39,130884.841
1745208000000,139.39,141.22,139.22,141.05,175552.245
1745211600000,141.05,141.85,140.63,140.88,120470.235
1745215200000,140.88,141.44,140.65,140.86,126193.205
1745218800000,140.86,141.1,140.13,140.17,93411.403
1745222400000,140.18,140.82,139.92,140.61,96323.152
1745226000000,140.61,141.14,139.77,140.22,105499.679
1745229600000,140.22,140.31,139.42,140.05,74955.634
1745233200000,140.05,140.09,138.31,138.99,108793.418
1745236800000,138.98,139.55,138.21,138.31,107824.535
1745240400000,138.31,138.58,136.97,137.19,238253.037
1745244000000,137.19,140.11,136.76,139.72,351604.23
1745247600000,139.71,139.84,137.9,138.33,217091.113
1745251200000,138.32,138.81,135.37,135.56,742518.078
1745254800000,135.56,135.56,133.82,134.75,312252.416
1745258400000,134.74,135.54,134.42,135.19,136917.713
1745262000000,135.18,137.18,135.0,136.94,248222.449
1745265600000,136.94,137.43,136.36,137.23,123735.116
1745269200000,137.22,137.23,136.12,136.76,55187.393
1745272800000,136.76,136.82,136.0,136.08,52869.667
1745276400000,136.07,136.82,135.35,136.56,121114.1
1745280000000,136.57,137.24,134.68,137.24,178055.869
1745283600000,137.23,139.59,136.79,139.11,195330.969
1745287200000,139.11,139.69,138.32,139.2,123617.257
1745290800000,139.2,139.87,138.76,139.35,116823.537
1745294400000,139.35,139.58,138.66,138.82,93591.438
1745298000000,138.82,139.65,138.59,139.42,139188.917
1745301600000,139.43,139.79,138.43,139.35,163905.094
1745305200000,139.36,140.62,139.04,140.19,173572.02
1745308800000,140.19,140.68,139.16,139.26,112873.905
1745312400000,139.25,139.84,138.96,139.77,103327.014
1745316000000,139.77,140.2,139.29,139.88,81571.229
1745319600000,139.88,140.77,139.79,140.45,93526.231
1745323200000,140.45,141.95,140.05,141.45,162660.17
1745326800000,141.44,144.08,141.04,143.22,400155.168
1745330400000,143.21,144.88,142.63,144.18,355646.754
1745334000000,144.18,145.52,143.82,145.32,462251.471
1745337600000,145.31,147.71,144.1,144.76,589107.634
1745341200000,144.76,145.17,144.07,144.73,139720.497
1745344800000,144.74,145.21,144.45,144.83,106198.035
1745348400000,144.84,145.2,143.52,144.24,129813.124
1745352000000,144.24,144.81,143.46,144.55,98666.623
1745355600000,144.55,148.8,144.29,147.78,306529.298
1745359200000,147.78,149.59,146.82,149.1,405629.169
1745362800000,149.11,150.23,148.39,148.79,346648.113
1745366400000,148.78,149.43,147.64,147.92,205699.238
1745370000000,147.92,149.04,147.13,147.38,186888.294
1745373600000,147.38,149.06,147.37,148.45,115169.023
1745377200000,148.44,149.47,148.14,149.24,113750.718
1745380800000,149.24,152.04,148.58,151.52,243850.229
1745384400000,151.51,151.54,150.4,150.68,197387.87
1745388000000,150.68,152.3,150.5,150.72,259050.975
1745391600000,150.73,151.82,150.26,151.58,199009.818
1745395200000,151.58,152.86,151.05,152.47,339149.156
1745398800000,152.46,153.74,151.62,151.62,228650.795
1745402400000,151.62,152.86,151.0,152.67,149096.682
1745406000000,152.66,153.03,151.67,152.09,171253.059
1745409600000,152.09,152.47,151.69,152.25,154311.486
1745413200000,152.24,154.21,149.52,150.0,544525.986
1745416800000,150.01,152.38,148.86,151.12,406239.85
1745420400000,151.12,151.66,148.71,151.41,394217.785
1745424000000,151.41,152.19,149.62,151.09,209020.514
1745427600000,151.08,152.16,150.79,151.48,123844.983
1745431200000,151.48,152.49,150.63,150.64,123567.985
1745434800000,150.64,150.74,148.94,150.16,133694.458
1745438400000,150.16,151.25,149.83,150.98,107182.332
1745442000000,150.98,151.25,150.43,150.71,67258.177
1745445600000,150.71,151.58,150.49,151.4,76124.641
1745449200000,151.39,151.82,150.78,151.1,52434.416
1745452800000,151.1,151.45,149.8,150.15,101219.282
1745456400000,150.15,150.72,149.07,150.17,152355.436
1745460000000,150.18,150.75,148.81,148.91,112910.995
1745463600000,148.9,149.68,147.66,147.76,150613.537
1745467200000,147.76,148.62,147.59,148.43,96856.525
1745470800000,148.44,148.83,147.78,148.14,65132.71
1745474400000,148.14,149.17,147.83,148.04,87641.453
1745478000000,148.04,148.81,146.95,147.17,177047.913
1745481600000,147.16,147.71,144.87,146.44,444089.901
1745485200000,146.44,147.14,146.27,146.89,124841.696
1745488800000,146.9,147.3,146.57,147.0,98154.788
1745492400000,147.0,147.8,146.41,147.7,129007.748
1745496000000,147.7,148.62,147.07,148.54,150571.297
1745499600000,148.54,149.52,147.99,148.63,137732.805
1745503200000,148.63,151.06,148.54,149.77,287196.286
1745506800000,149.78,151.46,149.2,149.34,214717.493
1745510400000,149.35,151.69,149.23,151.11,237027.375
1745514000000,151.12,151.69,148.84,150.63,187769.095
1745517600000,150.63,152.45,150.57,151.88,168195.175
1745521200000,151.87,151.97,151.02,151.54,67118.023
1745524800000,151.54,152.28,151.24,151.25,90301.698
1745528400000,151.24,151.51,150.0,150.81,65059.16
1745532000000,150.82,151.44,150.58,150.96,54429.107
1745535600000,150.96,152.9,150.63,152.55,135870.986
1745539200000,152.55,152.85,151.83,152.22,96948.362
1745542800000,152.22,154.5,152.14,152.5,240375.334
1745546400000,152.5,153.17,150.53,150.95,189172.127
1745550000000,150.96,151.82,150.74,151.74,68183.412
1745553600000,151.73,152.5,150.73,150.89,79852.231
1745557200000,150.89,151.95,150.76,151.86,53680.879
1745560800000,151.86,154.0,151.69,153.35,139777.746
1745564400000,153.35,155.0,152.76,154.86,227291.436
1745568000000,154.85,155.02,154.23,154.34,164794.382
1745571600000,154.34,154.47,153.27,154.22,153888.471
1745575200000,154.22,154.98,152.94,152.98,203851.226
1745578800000,152.98,154.76,152.98,154.75,181169.593
1745582400000,154.75,157.0,153.15,153.57,422671.76
1745586000000,153.58,153.99,152.2,153.49,237029.067
1745589600000,153.49,155.96,153.45,154.98,396712.094
1745593200000,154.99,155.29,152.42,152.94,323116.729
1745596800000,152.94,153.18,151.58,152.51,215454.994
1745600400000,152.52,153.24,150.43,150.91,250311.214
1745604000000,150.91,152.07,150.82,151.09,96735.71
1745607600000,151.1,151.68,150.8,151.4,76676.823
1745611200000,151.39,152.37,150.72,151.77,132766.666
1745614800000,151.76,152.5,149.87,150.36,156271.707
1745618400000,150.36,151.33,150.33,151.09,63849.27
1745622000000,151.1,151.45,150.45,150.82,56186.74
1745625600000,150.82,151.79,150.82,151.47,65541.19
1745629200000,151.47,153.17,151.03,152.4,130049.938
1745632800000,152.4,152.53,151.48,151.62,72972.314
1745636400000,151.62,152.13,151.08,151.36,60172.145
1745640000000,151.36,151.61,150.44,150.47,64303.384
1745643600000,150.47,151.28,150.0,151.0,70538.225
1745647200000,151.0,151.97,150.86,151.7,42323.422
1745650800000,151.7,152.35,151.3,151.36,65681.768
1745654400000,151.36,152.33,150.47,150.77,100653.258
1745658000000,150.77,150.78,148.9,149.56,137541.947
1745661600000,149.57,149.8,149.07,149.13,99861.068
1745665200000,149.12,149.37,148.0,148.51,142216.692
1745668800000,148.51,148.99,148.1,148.3,108355.541
1745672400000,148.29,149.05,147.75,149.02,116575.647
1745676000000,149.02,149.1,148.17,148.52,73949.332
1745679600000,148.53,149.58,148.5,149.31,79249.028
1745683200000,149.32,149.46,148.62,149.05,51106.155
1745686800000,149.04,149.43,148.79,149.07,43377.649
1745690400000,149.08,149.14,148.52,148.52,39572.404
1745694000000,148.53,149.27,148.33,149.25,34654.223
1745697600000,149.24,149.43,148.35,148.35,36349.72
1745701200000,148.36,148.93,148.34,148.56,31602.877
1745704800000,148.57,149.66,148.56,149.19,54755.603
1745708400000,149.18,149.37,148.72,149.21,45402.35
1745712000000,149.22,150.41,149.0,149.67,86878.246
1745715600000,149.67,150.24,146.21,146.34,219295.152
1745719200000,146.34,147.83,146.07,147.1,79306.026
1745722800000,147.09,147.56,146.61,147.55,66776.375
1745726400000,147.56,147.88,146.36,146.45,52488.73
1745730000000,146.46,146.91,145.51,146.33,97125.796
1745733600000,146.34,147.07,146.26,147.01,53002.418
1745737200000,147.01,147.78,146.81,147.43,44548.011
1745740800000,147.43,148.65,147.35,148.36,55420.558
1745744400000,148.37,148.65,148.08,148.41,36377.06
1745748000000,148.41,148.63,148.0,148.63,40261.294
1745751600000,148.63,148.77,147.95,147.95,40595.549
1745755200000,147.96,149.03,147.26,147.83,89879.569
1745758800000,147.83,149.38,147.0,149.05,112499.518
1745762400000,149.06,149.75,148.74,148.96,72378.112
1745766000000,148.97,149.63,148.55,149.01,53230.221
1745769600000,149.02,149.53,148.2,148.57,62524.907
1745773200000,148.57,149.28,148.32,149.18,39177.53
1745776800000,149.18,150.25,148.93,149.73,52656.125
1745780400000,149.73,150.09,149.46,150.03,39740.914
1745784000000,150.02,150.1,148.74,148.75,47013.925
1745787600000,148.74,149.73,148.49,149.34,41336.811
1745791200000,149.34,149.34,147.83,148.54,62735.323
1745794800000,148.54,148.68,147.91,147.98,54729.721
1745798400000,147.97,148.52,146.78,147.04,131792.614
1745802000000,147.05,147.39,144.63,144.98,194276.432
1745805600000,144.98,146.23,144.63,146.08,141419.566
1745809200000,146.09,149.6,145.58,148.39,157388.434
1745812800000,148.38,149.54,148.38,148.72,69594.656
1745816400000,148.72,149.85,148.65,149.74,78467.27
1745820000000,149.74,151.37,149.63,150.78,111925.253
1745823600000,150.79,151.5,150.56,151.09,86157.452
1745827200000,151.09,151.81,150.88,151.49,90258.801
1745830800000,151.5,151.92,151.26,151.59,98711.513
1745834400000,151.59,153.4,148.97,152.46,657356.213
1745838000000,152.47,152.91,151.42,151.7,145650.559
1745841600000,151.69,151.84,150.62,150.63,102514.256
1745845200000,150.64,150.97,147.82,148.08,231904.717
1745848800000,148.08,148.87,146.98,147.32,202602.018
1745852400000,147.32,147.63,145.54,146.34,245637.07
1745856000000,146.33,146.75,145.38,146.17,192536.349
1745859600000,146.17,147.24,145.84,147.07,96509.599
1745863200000,147.07,147.07,146.32,146.68,79400.776
1745866800000,146.67,148.88,146.56,148.43,119227.998
1745870400000,148.42,148.45,146.54,147.01,91722.505
1745874000000,147.01,147.76,146.9,147.73,52660.031
1745877600000,147.73,148.22,147.13,147.95,65352.064
1745881200000,147.95,148.33,147.6,147.84,64884.299
1745884800000,147.84,148.62,147.23,148.19,87729.454
1745888400000,148.19,149.21,147.44,148.26,135724.369
1745892000000,148.27,148.39,146.92,147.53,130475.058
1745895600000,147.52,147.79,147.19,147.47,65008.708
1745899200000,147.46,148.05,146.22,146.35,93731.799
1745902800000,146.36,146.8,145.55,146.64,95478.948
1745906400000,146.63,148.25,146.58,147.98,90247.246
1745910000000,147.98,148.96,147.92,148.88,76928.876
1745913600000,148.88,149.5,148.64,149.33,111097.89
1745917200000,149.32,149.44,148.62,149.1,80214.089
1745920800000,149.09,149.24,147.61,148.25,115748.997
1745924400000,148.25,149.15,148.14,149.0,72370.712
1745928000000,148.99,149.24,147.79,147.8,78257.69
1745931600000,147.8,148.04,146.93,147.61,129934.874
1745935200000,147.62,148.38,146.86,148.25,146665.878
1745938800000,148.26,148.5,147.41,148.02,72749.401
1745942400000,148.01,149.75,147.86,148.39,137582.994
1745946000000,148.38,149.08,147.7,148.78,87820.358
1745949600000,148.78,150.39,148.45,149.87,117880.026
1745953200000,149.87,150.3,149.09,149.29,81450.35
1745956800000,149.28,149.52,148.16,148.57,43605.63
1745960400000,148.56,148.83,145.84,147.26,180744.271
1745964000000,147.26,147.26,145.85,146.04,93159.1
1745967600000,146.04,146.69,145.0,146.31,174385.774
1745971200000,146.3,147.07,145.95,146.72,95568.954
1745974800000,146.72,146.79,145.06,146.15,89736.897
1745978400000,146.15,147.3,145.8,146.97,96031.466
1745982000000,146.97,148.67,146.21,148.17,144436.421
1745985600000,148.17,148.38,147.24,147.53,66568.637
1745989200000,147.53,147.57,146.89,147.08,50569.728
1745992800000,147.09,147.86,146.77,147.0,59308.387
1745996400000,147.0,147.32,146.11,146.4,70939.439
1746000000000,146.39,147.0,146.04,146.74,46533.726
1746003600000,146.75,147.49,146.74,147.23,41342.933
1746007200000,147.24,147.72,146.91,147.56,44952.934
1746010800000,147.56,148.0,147.46,147.94,42821.344
1746014400000,147.93,147.99,144.25,144.82,232328.357
1746018000000,144.83,144.96,140.32,140.69,414757.559
1746021600000,140.69,143.37,140.46,141.93,284819.248
1746025200000,141.93,142.95,141.92,142.22,124888.688
1746028800000,142.21,143.24,141.37,143.06,138281.869
1746032400000,143.05,145.06,142.62,144.69,120170.19
1746036000000,144.69,146.06,144.54,145.59,138191.715
1746039600000,145.6,146.05,144.41,145.62,93667.641
1746043200000,145.62,147.4,145.36,147.01,136565.183
1746046800000,147.0,147.55,146.27,146.41,96015.148
1746050400000,146.41,147.45,146.36,147.12,65325.939
1746054000000,147.13,148.12,146.94,147.54,86993.96
