ts,o,h,l,c,v
1746054000000,599.2,600.3,598.8,599.6,159.978958
1746057600000,599.6,600.9,599.6,600.6,81.414558
1746061200000,600.7,602.4,600.6,601.4,230.096248
1746064800000,601.6,602.5,599.9,600.3,448.606624
1746068400000,600.3,601.7,599.1,599.3,828.109812
1746072000000,599.3,600.8,598.7,600.7,454.146985
1746075600000,600.8,601.4,600.1,600.9,363.693021
1746079200000,600.9,601.4,598.9,599.5,512.353261
1746082800000,599.4,600.5,599.2,599.7,186.74242
1746086400000,599.7,601.8,599.7,601.6,347.881628
1746090000000,601.5,604.5,601.1,603.4,642.768095
1746093600000,603.3,605.6,602.5,604.2,372.331858
1746097200000,604.4,604.9,602.8,604.0,242.670971
1746100800000,604.0,604.4,603.2,603.6,134.607482
1746104400000,603.7,605.4,601.4,601.4,498.444162
1746108000000,601.4,605.0,601.3,604.6,782.582916
1746111600000,604.7,605.1,602.7,602.9,455.440558
1746115200000,602.9,604.1,602.5,602.7,314.20508
1746118800000,602.7,603.5,600.5,601.2,359.951189
1746122400000,601.2,602.0,600.6,601.6,147.075024
1746126000000,601.5,601.5,600.3,600.7,94.026392
1746129600000,600.6,600.9,599.9,600.1,145.782929
1746133200000,600.2,601.0,599.3,600.2,318.174815
1746136800000,600.2,600.2,598.7,599.1,161.208713
1746140400000,599.3,600.4,598.1,599.8,200.758433
1746144000000,599.8,601.6,599.0,601.5,177.091384
1746147600000,601.6,602.9,600.8,601.5,313.068106
1746151200000,601.2,603.3,601.0,602.6,164.961805
1746154800000,602.6,603.8,601.3,601.3,189.202512
1746158400000,601.4,602.1,599.3,599.7,483.684468
1746162000000,599.8,600.7,598.3,598.8,640.117062
1746165600000,598.7,598.8,596.2,597.3,1160.721317
1746169200000,597.2,597.4,595.3,595.5,1120.501324
1746172800000,595.5,598.0,595.3,597.5,282.017495
1746176400000,597.5,598.8,597.2,598.1,204.481266
1746180000000,598.1,599.6,598.0,598.9,123.391569
1746183600000,599.0,600.7,597.7,598.0,631.375793
1746187200000,597.9,599.1,596.5,599.1,445.459159
1746190800000,599.1,599.4,597.8,598.4,209.915421
1746194400000,598.5,600.7,598.4,600.3,351.982871
1746198000000,600.4,600.8,598.1,599.7,335.080482
1746201600000,599.7,601.8,599.5,600.2,534.447812
1746205200000,600.2,600.7,599.1,600.1,102.994136
1746208800000,600.1,600.6,599.5,599.7,76.979127
1746212400000,599.8,599.8,598.4,599.0,45.631761
1746216000000,598.8,600.3,598.3,600.3,77.671468
1746219600000,600.1,600.7,599.1,599.5,155.798031
1746223200000,599.7,601.6,599.1,601.6,385.827177
1746226800000,601.5,601.8,600.6,600.8,265.674351
1746230400000,600.9,601.4,599.1,599.5,127.638398
1746234000000,599.4,599.7,598.0,598.3,123.372488
1746237600000,598.4,600.1,598.4,599.8,200.247761
1746241200000,599.8,600.2,598.8,599.2,171.286907
1746244800000,599.3,600.2,599.3,600.0,57.489518
1746248400000,600.1,600.2,599.4,600.0,156.283919
1746252000000,600.1,600.1,598.2,598.8,288.94509
1746255600000,598.7,598.7,597.4,597.5,372.333171
1746259200000,597.5,597.7,596.2,597.0,253.495001
1746262800000,597.1,597.1,596.0,596.4,113.683272
1746266400000,596.5,596.6,595.2,595.2,349.843468
1746270000000,595.2,597.0,595.1,596.3,309.374654
1746273600000,596.3,597.8,596.3,597.2,359.331897
1746277200000,597.2,598.8,597.2,597.9,136.760973
1746280800000,598.0,598.7,597.4,598.0,286.114962
1746284400000,598.2,599.1,598.2,598.8,168.106927
1746288000000,598.8,599.4,597.4,598.5,227.27414
1746291600000,598.6,599.3,596.1,599.3,309.494306
1746295200000,599.2,599.8,598.0,598.4,112.039935
1746298800000,598.3,599.9,597.9,599.9,75.168349
1746302400000,599.9,600.0,598.9,599.4,88.772052
1746306000000,599.5,599.8,598.2,598.6,220.562189
1746309600000,598.7,599.8,598.4,599.4,141.788888
1746313200000,599.4,599.9,598.5,599.3,135.426443
1746316800000,599.3,600.4,599.0,599.8,215.382042
1746320400000,599.9,600.3,598.7,599.6,71.71161
1746324000000,599.7,600.5,598.6,598.9,196.121111
1746327600000,598.9,600.2,598.2,599.7,196.089243
1746331200000,599.7,600.2,597.6,597.8,364.760637
1746334800000,597.9,599.5,597.1,597.6,253.35807
1746338400000,597.6,597.9,596.6,597.3,158.992661
1746342000000,597.3,597.7,596.4,597.0,116.776355
1746345600000,597.1,597.1,594.9,595.3,585.247847
1746349200000,595.1,595.1,592.9,593.4,511.162723
1746352800000,593.4,594.9,592.5,594.4,353.871054
1746356400000,594.4,595.2,593.7,593.9,178.901668
1746360000000,593.9,594.0,592.7,592.8,342.799467
1746363600000,592.8,593.2,587.8,589.9,1105.931777
1746367200000,590.0,590.8,588.0,589.9,690.096036
1746370800000,590.0,590.8,587.8,588.9,365.224572
1746374400000,588.9,589.6,587.6,588.2,1133.516788
1746378000000,588.2,589.2,585.5,586.5,1579.800649
1746381600000,586.5,588.7,586.4,588.2,524.456329
1746385200000,588.2,589.1,587.1,588.4,100.968184
1746388800000,588.4,589.8,587.8,589.2,404.82869
1746392400000,589.2,590.0,587.9,589.7,415.663814
1746396000000,589.4,589.4,585.4,586.7,272.336963
1746399600000,586.7,586.9,584.6,585.8,430.709915
1746403200000,585.8,589.0,585.7,588.6,681.344285
1746406800000,588.5,588.6,584.1,585.2,429.603036
1746410400000,585.3,588.6,583.5,588.3,613.386398
1746414000000,588.2,588.7,588.2,588.3,189.447049
1746417600000,588.3,590.2,588.2,590.1,293.125377
1746421200000,590.1,592.2,589.8,592.1,458.673082
1746424800000,592.1,592.2,591.1,591.4,264.360016
1746428400000,591.3,592.1,590.9,592.0,386.979286
1746432000000,592.0,592.3,591.5,591.8,159.614063
1746435600000,591.8,594.0,591.7,592.8,214.224339
1746439200000,592.8,597.0,590.4,594.1,1726.000902
1746442800000,594.0,595.2,592.5,593.7,378.096721
1746446400000,593.6,596.3,593.5,596.3,294.75061
1746450000000,596.3,597.1,593.0,594.7,341.014187
1746453600000,594.8,596.9,594.2,596.2,539.694366
1746457200000,596.2,597.3,595.8,597.3,363.08571
1746460800000,597.3,599.3,597.0,598.6,603.270104
1746464400000,598.6,599.5,597.6,598.8,494.800462
1746468000000,598.9,599.7,598.2,599.7,150.838024
1746471600000,599.7,600.0,599.3,599.3,232.853491
1746475200000,599.4,599.7,596.7,598.5,125.466482
1746478800000,598.6,599.1,597.5,598.8,190.280205
1746482400000,598.9,600.1,598.2,600.0,105.351262
1746486000000,600.0,600.0,597.6,597.8,142.951811
1746489600000,597.7,600.4,597.5,599.4,452.16903
1746493200000,599.5,599.7,597.8,597.9,392.051194
1746496800000,597.8,599.3,596.4,599.2,399.678629
1746500400000,599.2,599.8,597.8,599.3,212.2541
1746504000000,599.4,599.8,598.2,599.7,311.359849
1746507600000,599.9,599.9,598.0,598.0,330.323614
1746511200000,598.1,599.9,598.1,599.8,388.030533
1746514800000,599.8,600.2,598.7,599.3,372.537626
1746518400000,599.3,599.3,597.2,598.3,845.096253
1746522000000,598.2,598.8,595.8,596.6,1237.720924
1746525600000,596.7,598.2,595.0,596.1,1082.240471
1746529200000,596.1,597.0,593.3,594.6,647.318171
1746532800000,594.5,596.1,593.8,595.9,289.52654
1746536400000,595.9,596.6,594.2,595.6,397.120888
1746540000000,595.6,598.7,595.6,597.0,444.094189
1746543600000,597.1,599.3,597.0,598.9,285.291293
1746547200000,598.9,599.2,597.0,597.0,528.488135
1746550800000,597.0,600.0,597.0,599.4,137.527851
1746554400000,599.3,601.8,599.3,601.8,212.436193
1746558000000,601.7,602.8,599.5,599.7,249.123873
1746561600000,599.8,601.2,598.1,598.5,135.759484
1746565200000,598.7,599.9,596.8,597.7,249.682035
1746568800000,597.7,603.3,597.7,602.3,567.326989
1746572400000,602.3,603.5,601.1,602.8,307.843484
1746576000000,602.9,607.5,602.7,604.1,561.289192
1746579600000,604.3,606.3,603.1,603.4,636.366548
1746583200000,603.4,604.3,602.0,602.3,714.196374
1746586800000,602.3,603.7,601.7,602.4,203.240313
1746590400000,602.4,605.4,602.4,605.0,868.515754
1746594000000,605.0,605.3,604.1,604.5,347.096968
1746597600000,604.5,606.0,602.9,605.3,529.269908
1746601200000,605.2,607.1,604.9,607.0,394.837985
1746604800000,607.0,607.5,605.5,606.3,461.391865
1746608400000,606.4,607.4,606.0,606.3,226.434315
1746612000000,606.3,606.4,604.2,604.9,422.30602
1746615600000,604.9,606.8,604.6,606.8,283.239102
1746619200000,606.8,609.6,606.8,608.3,815.561743
1746622800000,608.3,608.3,604.7,605.1,446.599558
1746626400000,605.2,605.8,603.0,603.3,327.42715
1746630000000,603.4,603.5,601.0,601.3,461.919079
1746633600000,601.3,601.5,598.2,600.3,1050.442407
1746637200000,600.2,600.4,598.3,599.3,274.049638
1746640800000,599.3,602.5,598.2,601.4,397.198395
1746644400000,601.3,601.4,598.7,599.2,171.230485
1746648000000,599.2,599.4,598.1,599.3,124.831401
1746651600000,599.4,601.1,598.6,600.7,138.548226
1746655200000,600.9,602.6,600.5,602.1,121.909158
1746658800000,602.2,604.1,602.0,603.1,91.813914
1746662400000,603.1,603.9,601.1,603.8,236.178879
1746666000000,603.8,605.4,601.3,601.5,388.848943
1746669600000,601.6,608.6,601.6,607.1,548.16921
1746673200000,607.3,611.5,606.7,611.4,684.367192
1746676800000,611.4,612.6,608.9,609.7,571.62364
1746680400000,609.7,610.6,608.7,609.8,599.988887
1746684000000,609.7,612.3,609.7,611.6,422.127593
1746687600000,611.7,615.0,611.7,613.2,703.212564
1746691200000,613.2,618.2,613.1,616.6,626.801887
1746694800000,616.6,617.7,615.8,617.2,390.348285
1746698400000,617.2,617.9,614.8,616.8,670.60567
1746702000000,616.8,616.9,612.9,614.0,1157.786717
1746705600000,614.0,615.5,613.7,614.0,1139.91712
1746709200000,614.0,618.2,614.0,616.9,863.325688
1746712800000,616.5,619.5,615.3,617.6,725.095304
1746716400000,617.6,624.0,617.5,621.3,2307.65161
1746720000000,621.3,623.2,620.3,622.0,847.056083
1746723600000,622.0,622.0,615.3,616.9,1710.175247
1746727200000,617.1,618.9,616.8,618.3,539.035505
1746730800000,618.2,619.9,616.4,619.7,1321.090616
1746734400000,619.9,627.2,619.5,626.6,981.866103
1746738000000,626.7,628.8,623.1,625.0,803.623973
1746741600000,625.1,625.1,622.2,624.5,250.925878
1746745200000,624.5,629.7,623.1,629.5,631.097848
1746748800000,629.4,629.6,625.6,626.9,539.868491
1746752400000,626.9,629.2,623.4,626.3,1220.083371
1746756000000,626.2,626.3,623.8,625.1,392.830508
1746759600000,624.9,627.8,623.9,625.0,433.274655
1746763200000,625.0,626.6,624.6,625.6,353.051363
1746766800000,625.6,628.0,625.1,627.7,633.93148
1746770400000,628.0,630.8,627.8,630.6,748.547589
1746774000000,630.6,636.5,630.4,632.1,1423.952919
1746777600000,632.1,641.6,631.2,633.9,1717.475541
1746781200000,633.9,638.0,629.1,631.9,970.958476
1746784800000,631.8,637.2,630.6,637.1,1362.208106
1746788400000,637.1,641.8,635.9,637.1,1899.465073
1746792000000,637.1,639.9,635.5,637.4,639.4065
1746795600000,637.5,644.3,637.2,643.3,1157.360869
1746799200000,643.4,643.4,631.9,635.2,1958.353473
1746802800000,635.3,636.8,632.6,636.3,683.774604
1746806400000,636.3,636.7,631.1,632.3,1170.281802
1746810000000,632.2,637.3,631.5,636.3,477.397078
1746813600000,636.4,637.2,635.3,636.2,311.702833
1746817200000,636.2,637.3,635.3,635.8,177.962073
1746820800000,635.9,639.8,635.4,639.7,429.039846
1746824400000,639.9,640.3,638.0,640.2,286.524671
1746828000000,640.4,644.8,640.0,644.1,446.913825
1746831600000,644.2,670.9,644.2,666.7,5606.747415
1746835200000,666.5,679.3,664.8,667.7,4511.480379
1746838800000,668.1,673.9,667.8,673.0,1341.798618
1746842400000,673.2,675.1,670.8,671.5,1318.921656
1746846000000,671.3,671.4,659.5,662.2,2169.152708
1746849600000,662.2,662.4,655.4,658.9,1192.420387
1746853200000,658.8,660.6,657.2,660.3,725.311379
1746856800000,660.2,663.5,660.0,663.5,532.327026
1746860400000,663.5,665.0,661.1,662.0,1438.895936
1746864000000,662.2,663.7,657.3,660.2,964.252954
1746867600000,660.1,661.6,656.6,660.4,665.856024
1746871200000,660.3,661.5,655.7,655.8,997.77482
1746874800000,655.6,657.6,648.9,649.4,1252.17865
1746878400000,649.5,654.9,649.0,652.6,723.596803
1746882000000,652.6,655.7,651.5,654.0,469.677839
1746885600000,653.9,654.6,650.9,652.1,303.106119
1746889200000,652.1,653.1,649.6,651.7,435.792542
1746892800000,651.7,657.5,651.3,656.9,679.833921
1746896400000,656.8,658.7,653.9,655.6,713.210833
1746900000000,655.4,656.0,652.5,653.3,508.148175
1746903600000,653.3,655.0,651.3,652.8,979.72829
1746907200000,652.9,655.5,649.7,655.2,366.151449
1746910800000,655.1,658.5,652.9,657.3,351.235804
1746914400000,657.3,657.4,654.2,656.8,249.533398
1746918000000,656.8,664.9,656.6,664.8,8020.313082
1746921600000,664.8,669.4,656.8,664.6,12091.1829
1746925200000,664.6,665.3,656.5,659.3,2321.56683
1746928800000,659.3,664.4,658.8,660.9,1428.002485
1746932400000,660.9,665.0,659.9,663.0,1289.487013
1746936000000,663.0,668.1,662.9,665.9,1117.284922
1746939600000,666.0,668.0,664.6,664.8,597.471783
1746943200000,664.8,664.8,658.4,660.4,1016.341274
1746946800000,660.5,660.5,654.3,655.4,7829.141177
1746950400000,655.7,658.2,654.5,654.8,6960.281861
1746954000000,654.9,658.7,654.9,657.7,1572.339514
1746957600000,657.7,659.0,656.4,659.0,228.401983
1746961200000,659.0,659.8,657.9,659.2,253.756942
1746964800000,659.2,659.8,656.9,657.5,651.664731
1746968400000,657.5,658.5,650.0,650.0,1443.393415
1746972000000,650.2,654.1,650.2,653.2,362.780853
1746975600000,653.2,655.3,649.6,651.6,457.632368
1746979200000,651.6,652.2,647.9,650.9,395.720179
1746982800000,650.9,653.4,650.0,653.1,260.138914
1746986400000,653.0,655.3,651.1,654.8,180.122959
1746990000000,654.8,654.9,653.2,653.6,83.782682
1746993600000,653.6,653.8,650.8,651.6,80.621206
1746997200000,651.6,652.4,649.4,652.0,148.237233
1747000800000,652.1,653.6,648.8,650.8,353.610975
1747004400000,650.8,652.7,649.3,651.1,217.074245
1747008000000,651.1,656.5,650.1,655.0,585.4441
1747011600000,655.2,657.4,647.3,651.6,919.280316
1747015200000,651.7,654.7,651.3,653.1,308.609343
1747018800000,653.1,655.8,652.0,655.7,309.972287
1747022400000,655.8,657.9,655.0,656.1,626.089301
1747026000000,656.3,657.1,652.2,654.1,360.494305
1747029600000,654.2,659.1,653.5,658.8,391.755644
1747033200000,659.2,668.2,655.0,661.3,2437.378823
1747036800000,661.4,671.2,657.8,668.6,2379.433917
1747040400000,668.9,671.6,666.9,668.2,1195.930145
1747044000000,668.2,677.1,668.1,677.1,1129.569914
1747047600000,677.0,693.3,676.6,678.6,4568.687288
1747051200000,678.4,692.1,677.8,688.7,1361.262678
1747054800000,688.8,689.7,680.1,680.7,2081.671313
1747058400000,681.0,681.3,665.6,666.4,2410.96558
1747062000000,666.6,669.4,661.3,663.5,1499.081229
1747065600000,663.9,669.9,661.6,668.4,904.20435
1747069200000,668.4,670.8,660.9,661.9,664.346562
1747072800000,661.9,664.0,650.0,656.0,2001.831325
1747076400000,656.1,661.9,655.4,660.1,822.586139
1747080000000,660.1,663.8,658.4,662.2,478.264188
1747083600000,662.1,664.0,661.1,663.4,171.107229
1747087200000,663.1,664.2,661.7,663.2,216.141877
1747090800000,663.5,663.5,660.3,660.5,374.417796
1747094400000,660.5,660.6,654.6,655.4,521.337377
1747098000000,655.6,657.6,650.3,653.1,362.120867
1747101600000,653.2,653.7,643.9,646.5,2150.017786
1747105200000,646.5,647.4,640.9,642.0,469.392606
1747108800000,642.0,648.5,640.8,648.3,443.643748
1747112400000,648.3,648.6,646.1,648.1,402.163813
1747116000000,648.1,649.8,647.3,648.9,377.496044
1747119600000,648.9,652.7,648.8,649.6,589.303345
1747123200000,649.7,651.0,648.0,648.8,313.386181
1747126800000,648.8,653.6,648.7,652.8,505.193282
1747130400000,652.7,652.8,649.6,650.6,429.001916
1747134000000,650.5,654.4,650.2,652.9,332.310193
1747137600000,653.1,656.5,649.9,653.9,1796.040153
1747141200000,653.8,658.8,653.6,656.7,1298.947197
1747144800000,656.9,657.1,650.0,652.0,1281.645989
1747148400000,652.0,655.9,651.9,655.6,309.577268
1747152000000,655.7,662.6,655.5,660.2,838.27839
1747155600000,660.3,665.8,660.0,661.8,1239.523046
1747159200000,661.7,667.0,661.7,666.6,461.646118
1747162800000,666.5,671.6,664.2,667.1,571.413271
1747166400000,666.9,667.3,664.2,665.6,360.960188
1747170000000,665.6,666.8,664.3,665.8,439.708767
1747173600000,665.7,667.3,664.5,664.9,252.146774
1747177200000,665.0,667.3,662.6,664.5,252.163596
1747180800000,664.6,665.4,660.9,662.9,180.099485
1747184400000,663.0,666.7,661.5,662.5,1225.748322
1747188000000,662.8,662.9,658.0,660.5,449.597702
1747191600000,660.7,663.4,658.7,661.9,197.515503
1747195200000,662.0,663.3,659.3,663.0,467.127549
1747198800000,663.1,664.6,661.4,663.9,260.259065
1747202400000,663.8,663.9,661.5,662.9,199.031802
1747206000000,663.0,663.0,656.9,658.8,2235.142045
1747209600000,658.9,659.8,651.3,651.6,4706.132723
1747213200000,651.8,656.0,651.0,655.9,601.034401
1747216800000,655.8,657.7,655.1,656.0,293.629188
1747220400000,656.3,661.4,656.3,660.1,318.556993
1747224000000,660.3,660.3,655.3,655.9,842.890468
1747227600000,656.0,658.0,652.3,655.1,536.129741
1747231200000,655.2,655.7,651.6,654.9,534.324536
1747234800000,654.9,655.1,650.0,652.3,1297.51565
1747238400000,652.3,653.8,650.1,651.5,347.602382
1747242000000,651.7,652.3,647.4,652.1,232.801169
1747245600000,652.3,655.0,652.0,653.8,386.225163
1747249200000,653.9,654.7,652.7,653.1,202.4155
1747252800000,653.1,653.9,651.8,651.8,168.283384
1747256400000,651.7,653.0,650.3,652.8,244.196217
1747260000000,652.8,653.0,650.7,651.4,60.90701
1747263600000,651.3,653.0,649.9,652.9,182.491607
1747267200000,652.8,655.3,652.4,654.7,259.335375
1747270800000,654.6,655.1,645.2,647.2,699.583886
1747274400000,647.0,650.4,646.4,649.3,580.653219
1747278000000,649.6,650.4,647.3,648.2,328.008432
1747281600000,648.1,652.0,647.7,652.0,254.469901
1747285200000,652.1,652.7,648.9,649.1,483.76282
1747288800000,649.1,651.4,646.1,648.5,1218.716119
1747292400000,648.3,649.2,642.6,644.7,1205.281484
1747296000000,644.7,654.8,644.7,652.6,1532.446669
1747299600000,652.7,653.2,647.5,650.2,1162.686396
1747303200000,650.2,650.7,648.1,650.6,312.013686
1747306800000,650.6,654.6,650.3,653.8,315.822372
1747310400000,653.8,656.2,652.7,653.6,518.537298
1747314000000,653.7,654.9,646.4,649.7,437.844068
1747317600000,649.9,653.3,643.4,647.1,1006.161874
1747321200000,647.1,656.4,646.8,656.1,530.960671
1747324800000,655.9,660.0,654.3,659.9,643.09849
1747328400000,659.9,661.5,656.9,657.6,509.170081
1747332000000,657.5,658.9,649.4,650.0,1444.581619
1747335600000,649.6,653.5,648.8,652.0,320.741539
1747339200000,652.3,653.8,649.7,653.2,414.390822
1747342800000,653.2,654.5,649.3,653.4,480.147349
1747346400000,653.5,655.0,651.5,651.6,488.17265
1747350000000,651.6,652.0,646.0,652.0,262.105407
1747353600000,652.1,654.1,650.9,651.0,326.139084
1747357200000,650.9,652.9,646.8,652.4,482.428461
1747360800000,652.7,658.4,651.5,657.6,434.28601
1747364400000,657.7,660.2,656.9,658.1,234.045284
1747368000000,658.3,659.6,655.3,656.7,447.017933
1747371600000,656.9,659.1,656.9,658.3,184.08251
1747375200000,658.7,659.2,656.8,658.7,320.393672
1747378800000,658.6,659.2,655.9,655.9,477.791767
1747382400000,655.9,656.9,651.7,652.9,1349.252078
1747386000000,653.1,656.1,652.4,655.8,512.119497
1747389600000,655.7,657.5,654.8,656.9,409.652337
1747393200000,656.9,657.4,653.9,654.5,226.352588
1747396800000,654.7,654.9,652.4,652.7,293.997337
1747400400000,652.5,655.3,652.2,654.9,457.214911
1747404000000,654.8,654.8,650.2,650.9,429.216094
1747407600000,650.8,653.6,650.4,652.0,371.767966
1747411200000,652.2,654.5,650.0,652.5,522.843766
1747414800000,652.7,653.3,648.0,649.0,287.647884
1747418400000,648.9,649.9,648.0,648.6,114.150209
1747422000000,648.5,650.4,648.4,649.8,112.47059
1747425600000,649.8,650.4,645.9,646.9,347.503477
1747429200000,646.6,649.3,646.4,646.9,212.154168
1747432800000,646.7,646.8,644.0,644.9,278.633791
1747436400000,644.8,647.9,644.8,646.9,113.697904
1747440000000,646.8,646.9,640.9,642.7,604.429402
1747443600000,642.4,642.4,634.8,638.0,897.171813
1747447200000,637.7,641.3,635.8,640.6,221.524736
1747450800000,640.9,643.9,639.5,643.4,151.626881
1747454400000,643.4,645.7,642.7,644.8,162.213989
1747458000000,644.7,645.5,642.2,642.4,156.356128
1747461600000,642.8,644.6,642.8,644.3,185.906209
1747465200000,644.4,645.7,642.9,642.9,175.859616
1747468800000,643.0,644.4,641.5,641.6,209.388379
1747472400000,641.4,642.6,639.8,641.7,186.438951
1747476000000,641.7,642.9,640.6,641.7,124.112465
1747479600000,641.8,642.6,640.1,641.6,370.447915
1747483200000,641.5,642.1,640.5,640.9,170.828267
1747486800000,641.2,641.5,636.6,638.2,229.111713
1747490400000,638.3,642.9,638.0,642.8,118.658891
1747494000000,642.7,642.9,640.3,640.6,268.694182
1747497600000,640.5,642.0,636.1,638.9,177.777234
1747501200000,638.9,642.2,638.7,640.5,241.721
1747504800000,640.4,642.7,639.6,639.9,175.373652
1747508400000,639.6,641.6,639.1,640.2,428.674994
1747512000000,640.1,642.6,638.4,641.8,437.007561
1747515600000,641.9,642.6,640.6,642.0,100.174947
1747519200000,641.8,641.9,637.8,638.8,317.029081
1747522800000,638.9,640.5,638.2,639.7,88.92354
1747526400000,639.5,641.9,639.2,641.4,170.407301
1747530000000,641.5,643.0,640.3,642.1,107.226612
1747533600000,642.5,643.0,641.4,641.8,87.257365
1747537200000,642.0,643.3,641.0,642.4,209.523333
1747540800000,642.6,644.2,642.5,643.2,154.676772
1747544400000,643.2,646.3,643.2,645.8,198.035149
1747548000000,645.9,646.0,643.1,643.8,203.198165
1747551600000,643.8,646.0,643.2,645.9,579.453484
1747555200000,645.9,648.7,645.8,647.5,457.425872
1747558800000,647.8,648.7,645.2,645.4,319.638979
1747562400000,645.4,646.5,645.1,646.2,119.810788
1747566000000,646.3,646.6,645.1,645.4,134.770868
1747569600000,645.3,646.5,644.1,646.5,116.756539
1747573200000,646.6,649.4,645.8,649.2,272.162176
1747576800000,649.3,652.5,648.1,651.5,631.911149
1747580400000,651.7,655.0,650.3,654.1,484.030862
1747584000000,654.3,655.2,651.7,653.7,334.18414
1747587600000,653.8,655.0,647.4,647.5,902.745952
1747591200000,647.7,647.7,641.3,643.9,655.522633
1747594800000,644.0,645.5,638.0,638.6,363.524305
1747598400000,638.1,640.9,634.3,640.2,718.046782
1747602000000,640.6,645.2,640.6,642.1,338.393898
1747605600000,642.4,648.1,640.4,648.1,243.928102
1747609200000,648.0,652.3,645.1,651.4,905.443428
1747612800000,651.5,653.3,646.4,647.2,472.901467
1747616400000,647.2,647.9,642.9,643.4,713.889286
1747620000000,643.4,644.5,640.5,641.7,311.382032
1747623600000,641.5,641.9,638.3,639.0,480.081797
1747627200000,638.9,641.1,634.3,636.1,407.715837
1747630800000,636.1,638.9,635.3,638.6,469.314611
1747634400000,638.5,640.3,633.8,633.8,342.75499
1747638000000,633.7,639.6,633.7,638.8,397.098535
1747641600000,638.7,640.4,637.3,638.7,357.640458
1747645200000,638.7,641.1,637.8,639.9,270.642601
1747648800000,639.7,641.1,638.3,640.4,224.845846
1747652400000,640.4,640.7,638.9,640.1,395.667916
1747656000000,640.1,640.2,636.0,636.9,335.842358
1747659600000,636.9,641.8,636.8,640.8,299.663878
1747663200000,640.8,644.4,640.2,643.8,496.971342
1747666800000,644.1,648.0,643.8,645.4,394.798571
1747670400000,645.6,647.5,644.5,647.4,292.176457
1747674000000,647.5,649.6,645.9,646.7,282.416161
1747677600000,646.8,648.4,645.0,646.6,122.723847
1747681200000,646.6,649.4,646.5,648.4,177.965735
1747684800000,648.5,649.8,647.6,649.4,140.919609
1747688400000,649.7,649.8,647.7,649.8,104.142195
1747692000000,649.7,651.3,649.3,650.3,189.719708
1747695600000,650.2,652.0,649.4,649.8,397.287908
1747699200000,649.9,653.6,648.7,649.1,476.617286
1747702800000,649.3,652.9,649.3,651.5,333.046581
1747706400000,651.5,654.0,650.6,650.8,178.916045
1747710000000,650.9,652.0,649.9,650.8,182.384203
1747713600000,650.8,651.9,648.9,651.6,170.731888
1747717200000,651.6,652.5,650.6,651.8,284.92666
1747720800000,652.0,652.3,649.5,650.7,293.99775
1747724400000,650.7,650.9,646.6,647.5,252.647616
1747728000000,647.5,648.4,645.7,647.9,233.067962
1747731600000,648.1,648.7,646.6,648.5,176.430809
1747735200000,648.5,648.6,644.8,645.6,240.068631
1747738800000,645.9,645.9,642.0,644.0,283.006311
1747742400000,644.0,644.1,641.1,642.8,267.466519
1747746000000,642.8,643.2,640.7,641.9,465.567286
1747749600000,641.8,644.4,640.7,642.9,389.483136
1747753200000,642.7,646.1,642.6,645.2,228.974972
1747756800000,645.2,646.6,643.8,645.5,404.901568
1747760400000,645.6,648.1,645.5,647.3,208.710964
1747764000000,647.1,648.0,643.1,644.1,183.025755
1747767600000,643.8,649.2,643.8,648.3,144.953191
1747771200000,648.1,649.9,647.5,649.9,188.569177
1747774800000,649.9,650.9,648.1,650.2,127.756007
1747778400000,650.4,650.9,648.6,650.9,126.700115
1747782000000,650.9,653.0,650.0,650.2,171.175764
1747785600000,650.3,652.0,649.3,650.0,480.60698
1747789200000,650.1,652.2,649.2,649.7,273.877703
1747792800000,649.7,651.7,648.9,651.7,295.24308
1747796400000,651.8,658.3,651.7,657.2,1041.530192
1747800000000,657.1,674.5,657.0,661.5,13573.188204
1747803600000,661.5,663.1,660.1,661.4,868.338354
1747807200000,661.4,662.3,659.9,660.5,541.009777
1747810800000,660.5,661.4,652.9,653.2,1132.279384
1747814400000,653.3,655.0,651.5,651.8,686.34693
1747818000000,651.8,652.6,650.3,652.0,716.535811
1747821600000,652.0,654.0,650.6,653.6,582.951716
1747825200000,653.6,655.7,653.1,655.3,329.030787
1747828800000,655.3,656.6,653.0,655.0,563.111354
1747832400000,655.0,658.6,652.4,656.5,549.62554
1747836000000,656.7,659.9,654.6,659.4,1691.190811
1747839600000,659.5,665.7,657.3,664.0,1453.759409
1747843200000,664.2,672.3,662.8,670.1,749.307194
1747846800000,670.3,672.9,660.7,662.8,1752.197669
1747850400000,662.8,671.2,662.8,667.3,896.783045
1747854000000,667.4,672.8,667.4,671.3,317.81727
1747857600000,671.2,673.0,668.7,669.9,221.267835
1747861200000,670.1,674.7,669.9,674.7,363.860049
1747864800000,674.7,675.7,671.5,673.6,649.56006
1747868400000,673.5,678.3,672.7,674.0,796.305196
1747872000000,673.7,677.3,673.5,676.8,321.793941
1747875600000,677.0,678.9,674.8,676.8,527.267046
1747879200000,676.8,686.2,676.8,681.6,1479.45915
1747882800000,681.9,690.6,681.4,685.4,1186.942404
1747886400000,685.5,687.6,682.0,683.1,910.497021
1747890000000,683.3,684.9,681.1,681.3,437.647463
1747893600000,681.6,682.2,679.6,679.9,351.496196
1747897200000,679.9,685.0,679.1,682.9,884.795729
1747900800000,682.9,685.6,681.6,683.3,331.033754
1747904400000,683.2,686.8,682.5,685.8,421.952099
1747908000000,685.8,686.0,681.5,684.6,883.86434
1747911600000,684.6,688.1,682.0,687.3,434.279503
1747915200000,687.3,688.1,685.2,687.4,294.341947
1747918800000,687.8,687.9,684.5,685.8,662.554829
1747922400000,685.8,687.3,684.7,686.2,514.266249
1747926000000,686.2,686.2,681.4,682.0,835.585815
1747929600000,682.3,685.6,679.8,680.3,827.58649
1747933200000,680.6,682.6,679.5,680.6,280.291268
1747936800000,680.5,682.0,679.5,681.6,330.493083
1747940400000,681.5,681.9,680.0,681.5,657.554841
1747944000000,681.5,682.7,679.3,680.7,196.608136
1747947600000,680.6,682.5,680.3,682.2,210.337971
1747951200000,682.3,684.7,682.1,683.9,305.179725
1747954800000,684.0,686.9,684.0,686.6,272.437738
1747958400000,686.8,686.9,683.8,685.1,356.857465
1747962000000,685.5,688.8,684.7,688.2,244.154451
1747965600000,688.1,691.6,687.2,689.1,719.554252
1747969200000,689.3,691.5,688.0,688.2,210.489701
1747972800000,688.2,689.6,684.1,687.0,449.472351
1747976400000,687.1,689.2,686.0,688.8,159.599602
1747980000000,688.7,690.0,682.7,684.1,468.641481
1747983600000,684.4,687.9,682.1,682.6,366.189193
1747987200000,682.6,685.3,682.3,684.8,478.230785
1747990800000,684.8,687.6,684.4,687.3,250.335934
1747994400000,687.3,687.4,683.2,683.9,146.121903
1747998000000,684.1,684.1,670.4,671.9,1371.898298
1748001600000,672.4,672.6,660.8,665.4,3255.676774
1748005200000,665.4,673.4,664.0,673.2,687.835944
1748008800000,673.5,676.1,672.9,673.9,4824.462875
1748012400000,673.8,674.7,670.9,671.1,693.714335
1748016000000,671.1,671.5,666.3,669.9,665.411141
1748019600000,670.0,671.5,668.4,669.7,335.331131
1748023200000,669.8,669.8,666.6,667.5,368.266831
1748026800000,667.4,668.1,665.6,665.8,151.812273
1748030400000,666.0,666.0,662.5,663.2,310.698441
1748034000000,663.1,664.4,661.1,661.8,344.863181
1748037600000,662.3,664.3,659.6,660.2,320.137901
1748041200000,660.1,660.7,654.4,657.0,680.695666
1748044800000,656.9,661.7,655.7,659.7,468.407584
1748048400000,659.8,663.8,659.7,660.5,237.38546
1748052000000,660.5,664.4,660.0,664.3,149.66567
1748055600000,664.2,666.6,663.2,664.8,390.233747
1748059200000,664.9,668.4,664.7,668.0,327.909347
1748062800000,668.0,669.4,666.4,668.4,364.937803
1748066400000,668.6,671.1,666.7,669.0,347.005328
1748070000000,669.0,671.9,668.1,668.6,258.843226
1748073600000,668.5,672.8,668.5,672.0,203.858133
1748077200000,671.9,674.0,670.9,671.6,329.466128
1748080800000,671.8,677.3,671.6,676.5,502.306744
1748084400000,676.8,676.9,673.9,674.8,276.3204
1748088000000,675.0,676.1,674.2,676.1,238.862704
1748091600000,676.1,676.3,671.9,672.2,238.067719
1748095200000,672.3,674.6,671.5,674.4,230.129498
1748098800000,674.2,674.7,672.5,674.3,211.635132
1748102400000,674.4,675.8,673.1,675.4,227.042596
1748106000000,675.7,677.5,674.1,675.9,288.647651
1748109600000,676.0,677.4,675.1,675.8,333.548333
1748113200000,675.7,677.4,675.4,677.0,145.969933
1748116800000,677.2,677.4,671.7,673.2,290.354414
1748120400000,672.9,673.5,670.0,671.9,158.867403
1748124000000,672.0,672.0,669.4,669.5,93.297787
1748127600000,669.6,669.6,666.6,668.2,158.828752
1748131200000,668.1,668.6,662.2,663.2,415.438771
1748134800000,663.2,665.8,660.3,664.2,320.332308
1748138400000,663.8,666.6,662.2,666.3,234.768009
1748142000000,666.3,667.3,665.6,665.9,435.101561
1748145600000,666.0,666.5,664.0,666.5,127.745965
1748149200000,666.4,666.6,664.0,665.0,311.274486
1748152800000,664.9,665.2,663.1,663.1,222.524865
1748156400000,663.1,663.1,660.0,662.2,536.124858
1748160000000,662.2,662.2,657.2,659.1,360.997308
1748163600000,659.0,661.3,658.3,660.3,702.288024
1748167200000,660.4,662.4,660.1,660.8,295.397237
1748170800000,661.2,663.3,660.7,662.2,281.513121
1748174400000,662.1,665.1,662.0,664.9,204.762979
1748178000000,664.8,668.0,664.8,667.2,258.710856
1748181600000,667.2,668.5,664.1,665.3,253.863738
1748185200000,665.5,666.2,661.4,663.6,348.631347
1748188800000,663.6,666.6,662.1,666.3,129.253565
1748192400000,666.4,667.1,664.6,665.2,110.693517
1748196000000,665.2,666.6,664.8,665.2,294.998057
1748199600000,665.2,668.5,665.1,667.3,121.478458
1748203200000,667.6,668.3,666.9,667.2,86.004768
1748206800000,667.2,669.1,666.0,666.7,121.046816
1748210400000,666.5,672.0,666.4,671.2,446.740087
1748214000000,671.2,671.6,669.5,669.6,107.400534
1748217600000,669.6,672.0,668.2,671.8,236.267157
1748221200000,671.8,672.4,670.0,671.9,185.335175
1748224800000,671.9,671.9,670.0,671.4,238.412975
1748228400000,671.3,676.0,670.1,674.4,503.669387
1748232000000,674.5,674.6,673.5,673.6,323.564662
1748235600000,673.6,674.1,671.8,673.9,234.896668
1748239200000,674.0,674.9,672.3,674.3,568.309467
1748242800000,674.5,675.8,673.4,674.9,315.374149
1748246400000,674.8,675.8,673.0,673.1,382.254851
1748250000000,673.2,674.8,672.1,672.8,1719.161187
1748253600000,672.9,675.3,672.7,674.9,551.169607
1748257200000,674.9,675.8,673.5,674.4,409.633445
1748260800000,674.4,675.8,673.4,675.8,240.307396
1748264400000,675.8,676.4,671.7,672.4,727.505777
1748268000000,672.4,674.6,671.2,674.0,479.807681
1748271600000,674.2,676.0,673.0,675.7,331.639045
1748275200000,675.8,677.9,673.2,676.3,473.18769
1748278800000,676.2,676.7,671.2,673.0,283.468844
1748282400000,672.9,674.0,671.0,671.5,507.360091
1748286000000,671.5,673.6,671.0,672.3,161.086238
1748289600000,672.3,674.6,671.4,673.9,189.370551
1748293200000,673.9,674.4,671.9,672.8,117.00145
1748296800000,672.8,675.0,672.7,673.2,144.573675
1748300400000,673.1,674.5,672.5,674.2,64.459729
1748304000000,674.4,674.6,672.5,672.6,290.860248
1748307600000,672.7,672.7,666.2,669.0,517.663347
1748311200000,668.9,673.2,668.7,673.2,298.882714
1748314800000,673.1,674.9,672.2,674.0,395.808046
1748318400000,674.0,675.4,673.3,673.9,188.441844
1748322000000,674.1,675.1,672.8,675.1,333.317602
1748325600000,675.1,681.7,674.9,678.1,1689.406082
1748329200000,678.2,682.2,678.2,681.2,640.026403
1748332800000,681.4,684.6,680.9,681.7,553.427831
1748336400000,681.7,684.1,681.4,682.6,1046.662009
1748340000000,682.5,683.0,679.6,680.3,917.897621
1748343600000,680.3,682.6,680.1,682.3,894.856171
1748347200000,682.3,684.3,682.2,684.0,331.839888
1748350800000,684.1,689.3,684.1,688.8,681.880218
1748354400000,688.9,698.0,687.3,689.0,1469.043174
1748358000000,689.0,693.8,686.6,691.1,825.964186
1748361600000,691.2,694.6,689.6,692.3,452.821777
1748365200000,692.2,694.5,690.1,690.6,243.755753
1748368800000,690.6,691.7,688.2,689.2,177.627191
1748372400000,689.1,691.2,688.6,689.5,767.65305
1748376000000,689.7,690.0,688.2,688.4,130.735962
1748379600000,688.3,689.9,687.0,688.2,230.432014
1748383200000,688.3,689.3,686.4,687.9,184.611089
1748386800000,687.9,688.8,685.8,687.1,423.569145
1748390400000,686.8,687.1,684.2,685.9,424.407398
1748394000000,685.9,686.6,683.7,683.7,253.944567
1748397600000,683.7,685.8,682.5,683.8,335.455375
1748401200000,683.8,685.1,681.5,684.6,169.596226
1748404800000,684.6,685.0,681.4,684.3,199.754374
1748408400000,684.3,684.6,681.6,683.8,174.86019
1748412000000,683.7,683.8,680.3,681.0,235.569861
1748415600000,681.3,683.4,680.5,682.1,222.621084
1748419200000,682.3,683.9,681.2,683.8,130.756389
1748422800000,683.4,684.1,681.6,683.6,724.219686
1748426400000,683.6,687.3,682.3,686.8,368.028822
1748430000000,686.8,687.7,684.7,687.7,323.19268
1748433600000,687.7,689.8,686.9,688.8,405.587178
1748437200000,689.2,689.3,683.8,684.0,421.589419
1748440800000,683.9,685.9,681.1,681.5,692.128006
1748444400000,681.6,684.3,681.3,682.0,329.530001
1748448000000,682.2,684.6,682.0,684.2,294.585867
1748451600000,684.3,687.6,684.2,686.3,314.309653
1748455200000,686.3,687.9,686.0,686.2,152.120703
1748458800000,686.2,689.3,683.4,683.5,283.376618
1748462400000,683.4,688.7,683.4,687.7,430.058779
1748466000000,687.8,688.0,686.2,687.9,100.288225
1748469600000,687.9,688.0,685.6,687.7,93.956712
1748473200000,687.3,688.8,686.9,687.1,90.86895
1748476800000,687.0,691.5,686.5,691.3,551.145311
1748480400000,691.4,691.4,688.8,689.0,153.948785
1748484000000,689.2,691.2,687.9,689.5,1166.840557
1748487600000,689.5,689.6,685.9,686.3,259.073195
1748491200000,686.4,687.3,680.4,682.4,527.931089
1748494800000,682.4,683.5,680.7,682.5,277.477423
1748498400000,682.5,683.8,681.0,683.6,350.651812
1748502000000,683.8,685.7,682.7,685.6,372.654157
1748505600000,685.6,688.5,684.3,688.4,989.99103
1748509200000,688.4,690.4,686.8,688.4,523.966616
1748512800000,688.6,688.7,685.0,685.1,659.920254
1748516400000,685.4,686.2,684.6,686.0,281.005077
1748520000000,686.0,686.2,683.2,684.0,362.554286
1748523600000,684.1,686.2,683.2,684.4,512.353744
1748527200000,684.4,684.7,679.3,683.7,951.039731
1748530800000,683.6,683.9,680.7,681.3,786.112749
1748534400000,681.3,681.4,678.3,678.8,651.897958
1748538000000,678.8,680.7,677.7,678.6,571.581889
1748541600000,678.7,680.1,676.5,676.7,526.656994
1748545200000,676.7,678.0,673.4,674.9,646.943373
1748548800000,675.0,682.5,675.0,677.3,1199.250124
1748552400000,677.2,682.0,675.3,678.9,1742.157608
1748556000000,678.7,681.6,675.9,676.9,925.56881
1748559600000,676.9,677.6,673.5,674.9,567.662393
1748563200000,674.9,678.6,665.4,667.6,1020.0713
1748566800000,667.7,673.7,667.1,670.6,794.297209
1748570400000,670.6,674.1,670.6,672.8,148.910877
1748574000000,672.6,674.2,672.1,673.1,189.430429
1748577600000,673.2,673.2,670.3,672.2,324.782609
1748581200000,672.4,674.7,672.2,674.3,240.319593
1748584800000,674.3,674.4,669.4,670.3,285.219544
1748588400000,670.4,672.0,667.3,667.3,449.263016
1748592000000,667.3,670.1,666.8,668.9,481.317912
1748595600000,669.0,669.7,666.1,669.7,310.104999
1748599200000,669.5,670.9,668.1,670.9,470.28209
1748602800000,670.9,671.9,669.5,671.2,438.626589
1748606400000,671.0,672.6,668.1,671.5,642.499509
1748610000000,671.7,672.4,667.9,668.0,466.589445
1748613600000,668.1,670.1,666.6,669.3,1023.032903
1748617200000,669.2,671.8,668.5,668.7,344.462208
1748620800000,668.7,669.6,660.3,661.7,787.366541
1748624400000,661.4,664.7,660.8,662.2,608.762174
1748628000000,662.3,666.5,661.8,666.4,290.316617
1748631600000,666.3,666.9,665.0,666.2,74.978022
1748635200000,666.3,666.7,664.8,665.4,70.38654
1748638800000,665.3,666.7,663.9,664.0,142.100235
1748642400000,664.0,664.5,656.0,656.3,697.675319
1748646000000,656.0,657.5,653.1,655.3,496.871991
1748649600000,655.5,655.8,649.2,650.2,1174.696685
1748653200000,650.2,652.9,645.8,648.4,808.534771
1748656800000,648.3,651.7,646.5,647.7,512.084713
1748660400000,648.0,650.9,645.9,650.6,368.945195
1748664000000,650.6,653.3,647.7,653.1,216.47591
1748667600000,653.1,654.9,652.1,653.1,170.504351
1748671200000,653.1,655.6,652.7,654.1,200.85667
1748674800000,654.1,654.7,652.3,654.0,183.069742
1748678400000,653.9,654.8,652.2,654.4,150.994666
1748682000000,654.4,655.2,653.1,654.5,177.669533
1748685600000,654.6,656.6,652.7,654.4,207.311075
1748689200000,654.4,654.7,653.0,654.1,101.549121
1748692800000,654.2,657.0,654.1,657.0,199.818792
1748696400000,656.9,659.2,656.4,656.8,172.270887
1748700000000,656.8,659.3,656.4,658.8,230.729617
1748703600000,658.6,659.7,656.1,656.5,317.730959
1748707200000,656.5,658.5,656.1,656.9,203.550458
1748710800000,657.2,657.7,655.9,656.0,81.794947
1748714400000,656.0,657.9,655.9,657.5,129.355864
1748718000000,657.5,660.4,657.5,658.7,122.664604
1748721600000,658.8,660.4,658.8,660.3,91.571565
1748725200000,660.3,661.5,659.7,660.2,131.253363
1748728800000,660.1,661.3,658.7,658.7,57.97702
1748732400000,658.6,659.6,657.6,658.1,181.951691
1748736000000,658.1,658.1,656.3,656.9,174.366112
1748739600000,656.9,657.2,654.6,654.9,179.103013
1748743200000,655.0,656.5,652.7,655.7,182.617769
1748746800000,655.8,656.4,653.5,655.7,170.082667
1748750400000,655.7,657.3,653.8,657.2,147.874259
1748754000000,657.3,657.3,655.3,656.5,102.31544
1748757600000,656.5,656.5,653.5,654.5,147.501902
1748761200000,654.5,654.5,652.5,653.8,131.598116
1748764800000,653.7,653.8,651.8,652.3,211.01096
1748768400000,652.4,653.1,648.5,649.8,671.710795
1748772000000,649.8,651.0,648.2,649.0,235.055098
1748775600000,649.0,650.6,648.1,650.3,325.334192
1748779200000,650.4,650.7,647.5,649.0,231.46893
1748782800000,648.9,651.0,648.7,650.1,267.216162
1748786400000,650.2,654.0,650.1,652.6,234.008975
1748790000000,652.5,654.5,651.7,654.5,181.685876
1748793600000,654.5,658.1,654.5,657.1,533.156509
1748797200000,657.0,657.8,655.8,656.0,149.05431
1748800800000,655.9,656.0,650.9,653.2,234.064882
1748804400000,653.2,655.1,653.1,655.1,174.532263
1748808000000,655.1,657.1,655.1,656.1,102.522749
1748811600000,656.2,659.2,656.2,658.4,221.809832
1748815200000,658.4,660.7,658.3,659.3,110.247115
1748818800000,659.3,662.6,659.3,660.8,165.975004
1748822400000,660.8,663.0,660.0,660.9,170.458812
1748826000000,661.0,664.3,660.7,660.7,185.902349
1748829600000,660.7,662.6,659.0,659.1,248.108223
1748833200000,659.4,659.4,656.5,656.8,176.239956
1748836800000,656.8,658.8,655.3,657.5,418.048689
1748840400000,657.9,658.6,655.8,657.4,166.380669
1748844000000,657.2,658.9,656.5,657.8,193.06799
1748847600000,658.1,659.7,657.8,658.3,322.141999
1748851200000,658.3,658.7,655.5,655.8,340.062201
1748854800000,656.2,656.2,653.0,653.2,313.964891
1748858400000,653.2,653.6,651.7,652.6,555.323248
1748862000000,652.6,652.8,650.5,651.4,235.923155
1748865600000,651.4,653.2,650.1,653.1,1337.431917
1748869200000,653.1,656.0,652.2,653.5,523.747008
1748872800000,653.5,657.2,652.7,655.7,460.836158
1748876400000,655.7,658.3,654.2,657.4,406.375667
1748880000000,657.4,658.6,655.7,658.6,319.953735
1748883600000,658.6,660.8,658.4,660.8,244.264886
1748887200000,660.9,662.1,659.7,660.1,164.783492
1748890800000,660.4,661.6,659.0,661.1,221.691381
1748894400000,661.2,662.9,660.4,661.1,159.016619
1748898000000,661.1,663.8,661.1,662.9,231.519241
1748901600000,663.2,665.7,663.2,664.7,445.855868
1748905200000,664.9,667.4,664.6,666.0,444.804164
1748908800000,666.1,670.2,665.8,668.5,474.203176
1748912400000,668.6,673.0,668.6,671.4,928.052896
1748916000000,671.5,673.5,669.2,670.0,718.660028
1748919600000,670.0,670.8,666.7,667.8,453.371101
1748923200000,668.0,668.3,666.5,667.1,230.600812
1748926800000,667.1,668.5,666.4,667.5,257.637825
1748930400000,667.5,667.7,665.6,667.2,361.372905
1748934000000,667.3,667.4,665.2,665.3,381.968676
1748937600000,665.4,665.9,663.4,665.4,396.448274
1748941200000,665.5,668.1,665.0,667.1,461.177781
1748944800000,667.2,667.5,665.9,666.6,297.833535
1748948400000,666.6,666.9,664.8,665.4,370.324489
1748952000000,665.4,665.4,662.9,664.3,386.403837
1748955600000,664.1,665.9,662.8,664.6,522.485378
1748959200000,664.6,668.4,662.3,667.7,720.548901
1748962800000,667.7,668.7,666.7,667.2,342.367572
1748966400000,667.4,667.9,665.0,665.1,520.696075
1748970000000,665.0,667.1,665.0,665.9,221.106445
1748973600000,666.0,666.2,663.4,664.4,277.912985
1748977200000,664.3,665.9,664.0,665.2,221.065102
1748980800000,665.4,665.4,658.8,661.6,366.333937
1748984400000,661.3,661.9,657.1,658.7,236.956855
1748988000000,658.1,662.0,658.1,661.4,122.044959
1748991600000,661.4,661.9,660.5,661.7,152.875465
1748995200000,661.6,663.5,660.7,663.4,277.561025
1748998800000,663.4,667.2,663.4,667.0,411.602947
1749002400000,667.1,668.5,666.4,666.4,276.540747
1749006000000,666.5,670.4,666.5,668.6,262.475204
1749009600000,668.6,670.3,668.1,668.3,757.120026
1749013200000,668.3,669.9,668.3,668.9,344.46333
1749016800000,669.0,669.9,668.4,669.2,524.482034
1749020400000,669.3,671.3,669.1,671.2,518.871635
1749024000000,671.2,672.3,670.1,670.4,569.666474
1749027600000,670.5,671.0,669.2,670.6,297.03814
1749031200000,670.6,670.9,669.2,669.7,164.462806
1749034800000,669.6,670.6,667.8,668.1,265.128275
1749038400000,668.1,669.5,667.2,667.8,576.835857
1749042000000,667.7,669.3,666.3,667.9,507.513841
1749045600000,667.9,668.7,665.4,668.7,479.983349
1749049200000,668.6,670.7,667.3,669.6,300.166146
1749052800000,669.6,670.3,668.1,670.1,239.97852
1749056400000,670.2,670.5,666.6,667.8,274.278294
1749060000000,667.9,669.3,666.4,668.1,92.504552
1749063600000,668.2,669.0,666.9,667.6,110.735314
1749067200000,667.4,667.6,664.1,664.7,241.810388
1749070800000,664.6,667.0,662.2,666.0,315.576057
1749074400000,665.8,665.8,662.4,663.0,128.309591
1749078000000,663.0,664.4,662.1,663.4,167.655755
1749081600000,663.4,665.8,663.1,665.0,407.664968
1749085200000,665.0,666.8,664.7,666.4,263.369802
1749088800000,666.5,666.9,665.1,665.2,219.371033
1749092400000,665.1,666.2,664.6,666.0,192.395545
1749096000000,666.0,668.0,665.9,667.8,185.195055
1749099600000,667.9,668.7,665.4,666.7,282.792608
1749103200000,666.8,668.2,666.2,666.9,376.407507
1749106800000,666.9,668.9,666.9,668.8,384.257713
1749110400000,668.8,670.7,668.5,669.1,346.557112
1749114000000,669.1,671.1,668.8,668.8,700.385071
1749117600000,668.9,669.2,663.6,663.8,702.646854
1749121200000,663.8,664.4,662.2,662.4,323.190958
1749124800000,662.4,665.7,662.0,662.9,492.41488
1749128400000,663.2,664.9,661.3,661.5,1020.178028
1749132000000,661.6,661.8,656.8,660.3,1224.826994
1749135600000,660.3,660.7,658.4,659.6,896.210007
1749139200000,659.7,659.7,654.0,654.5,1345.419366
1749142800000,654.6,656.3,653.4,654.4,343.020496
1749146400000,654.2,654.7,650.6,650.8,553.679242
1749150000000,650.7,651.2,641.6,644.6,1269.330623
1749153600000,644.4,644.5,625.5,626.1,3354.803185
1749157200000,626.1,634.9,625.8,634.6,1314.279058
1749160800000,634.4,635.6,629.7,634.5,402.994204
1749164400000,634.5,635.8,632.6,633.2,664.774528
1749168000000,633.1,634.4,629.4,634.0,762.70192
1749171600000,633.8,634.7,632.1,633.4,392.675932
1749175200000,633.3,637.0,632.8,637.0,274.408599
1749178800000,636.9,641.9,636.2,641.5,274.275423
1749182400000,641.5,641.7,638.9,639.2,514.382515
1749186000000,639.1,639.4,635.3,638.5,540.008533
1749189600000,638.2,641.1,637.7,640.3,765.481402
1749193200000,640.3,642.7,640.2,641.6,662.026112
1749196800000,641.7,642.8,641.1,641.7,436.487433
1749200400000,641.7,644.5,641.7,642.1,446.48832
1749204000000,642.1,644.5,642.1,644.0,357.475125
1749207600000,644.0,646.9,644.0,646.4,534.90085
1749211200000,646.5,649.2,646.4,647.6,594.873518
1749214800000,647.7,650.8,647.7,649.5,478.890127
1749218400000,649.5,651.4,648.9,650.0,483.005215
1749222000000,650.0,650.9,645.7,647.8,618.432964
1749225600000,647.8,649.3,646.1,646.4,307.864693
1749229200000,646.4,647.2,645.0,647.0,306.484727
1749232800000,647.0,647.3,643.9,644.2,457.110951
1749236400000,644.3,645.8,644.0,645.4,236.845601
1749240000000,645.3,646.7,644.5,645.3,101.783373
1749243600000,645.3,646.6,644.7,646.2,219.205318
1749247200000,646.3,646.4,642.6,644.9,118.644463
1749250800000,644.9,644.9,641.3,642.8,223.394928
1749254400000,642.8,644.4,639.7,644.4,220.736656
1749258000000,644.5,644.8,642.4,643.5,153.325261
1749261600000,643.4,645.8,642.8,645.6,187.427391
1749265200000,645.5,647.5,645.4,647.1,241.090293
1749268800000,647.2,647.3,645.6,646.7,398.79018
1749272400000,646.7,648.5,646.5,648.1,213.472115
1749276000000,648.2,649.9,646.8,649.9,237.542131
1749279600000,649.9,649.9,648.6,648.8,443.494394
1749283200000,648.8,649.4,647.3,647.3,306.855197
1749286800000,647.4,648.3,646.5,646.8,199.927031
1749290400000,646.8,648.5,646.6,648.4,190.92473
1749294000000,648.3,648.9,647.8,648.5,323.386197
1749297600000,648.5,650.2,648.2,649.4,209.032051
1749301200000,649.4,651.1,648.9,650.6,311.80873
1749304800000,650.7,651.6,650.2,650.7,370.254225
1749308400000,650.6,651.3,648.9,650.9,376.661685
1749312000000,650.9,652.8,650.0,650.0,337.034189
1749315600000,650.2,652.3,649.5,649.5,204.365364
1749319200000,649.5,651.9,649.5,651.2,194.191333
1749322800000,651.3,652.4,651.3,652.2,93.746387
1749326400000,652.2,652.7,651.4,652.1,115.448346
1749330000000,652.2,653.7,652.2,653.4,95.890017
1749333600000,653.4,653.9,652.3,652.5,90.018926
1749337200000,652.5,652.6,650.4,650.8,390.290121
1749340800000,650.9,650.9,649.5,650.0,148.527262
1749344400000,650.1,650.3,648.6,650.3,150.153569
1749348000000,650.3,650.4,648.7,649.6,128.931304
1749351600000,649.7,649.8,648.7,649.4,147.619511
1749355200000,649.4,650.7,648.9,650.4,340.250909
1749358800000,650.4,650.4,649.0,649.5,308.687173
1749362400000,649.4,650.8,649.4,650.0,211.036792
1749366000000,650.0,650.4,649.3,649.3,197.714514
1749369600000,649.4,650.5,649.4,650.1,208.21558
1749373200000,650.3,650.5,647.0,647.1,369.734305
1749376800000,647.4,649.1,646.6,648.9,369.200169
1749380400000,649.1,650.5,648.9,650.5,304.508984
1749384000000,650.5,651.2,649.7,650.5,327.996233
1749387600000,650.6,652.1,649.7,649.9,297.698909
1749391200000,650.0,651.6,649.7,651.1,237.434635
1749394800000,651.2,652.3,650.9,652.0,317.732291
1749398400000,652.0,653.5,651.9,653.0,173.427085
1749402000000,653.1,653.7,651.8,651.9,541.037822
1749405600000,652.0,653.4,651.9,653.0,116.397633
1749409200000,653.0,655.0,653.0,654.6,186.321625
1749412800000,654.6,656.3,653.9,654.2,211.008153
1749416400000,654.2,656.4,654.2,655.1,307.180843
1749420000000,655.1,655.3,652.0,652.6,585.823327
1749423600000,652.5,652.6,651.5,651.8,394.174454
1749427200000,652.0,653.3,651.4,652.5,181.471867
1749430800000,652.5,652.8,650.4,650.7,175.753361
1749434400000,650.7,651.6,649.5,650.3,331.98738
1749438000000,650.1,651.7,648.4,651.7,144.540927
1749441600000,651.6,651.6,649.8,649.9,110.054374
1749445200000,649.9,649.9,648.6,648.7,235.711804
1749448800000,648.8,650.4,648.0,650.1,280.818304
1749452400000,650.2,650.2,648.5,649.5,337.087542
1749456000000,649.4,650.4,648.3,650.4,358.998882
1749459600000,650.4,653.4,650.0,652.4,322.51054
1749463200000,652.5,655.1,652.2,654.2,418.462742
1749466800000,654.4,656.5,654.3,655.5,278.989289
1749470400000,655.5,656.2,654.7,656.1,317.809533
1749474000000,656.1,656.7,653.3,653.4,455.091135
1749477600000,653.5,655.9,652.9,655.3,505.177884
1749481200000,655.3,657.2,655.2,656.6,319.483113
1749484800000,656.6,659.0,656.6,657.8,221.275046
1749488400000,657.9,660.0,657.9,659.0,197.32097
1749492000000,659.0,660.0,658.2,659.7,116.804189
1749495600000,659.8,661.1,659.3,659.8,194.641899
1749499200000,659.9,663.1,659.9,662.0,202.333838
1749502800000,661.6,666.3,661.6,665.4,408.035391
1749506400000,666.0,667.9,663.7,666.2,483.819281
1749510000000,666.2,667.0,664.3,665.7,172.239564
1749513600000,665.8,668.1,665.8,667.1,358.837623
1749517200000,667.1,667.5,666.2,666.4,354.624458
1749520800000,666.5,666.5,664.7,665.6,299.410999
1749524400000,665.7,666.0,663.5,664.1,236.557547
1749528000000,664.1,664.6,663.0,663.9,213.577738
1749531600000,664.0,664.8,661.8,662.5,174.927155
1749535200000,662.4,663.3,660.2,662.8,279.382359
1749538800000,662.8,662.8,660.3,660.7,649.349929
1749542400000,660.8,661.6,657.6,658.0,311.45451
1749546000000,658.2,662.0,657.2,661.3,318.101917
1749549600000,661.4,661.4,659.0,660.7,257.511872
1749553200000,660.9,665.6,658.9,665.0,549.753817
1749556800000,665.1,667.6,663.4,667.4,590.062499
1749560400000,667.4,667.8,661.5,663.7,628.455698
1749564000000,663.7,663.9,658.9,659.9,420.90865
1749567600000,659.7,662.6,658.1,661.3,424.549362
1749571200000,661.4,664.8,661.2,663.9,287.748038
1749574800000,663.9,666.1,663.5,664.5,314.740195
1749578400000,664.5,667.2,663.5,666.9,195.934184
1749582000000,666.9,669.3,666.7,667.7,258.236696
1749585600000,667.7,670.6,667.4,670.0,179.322908
1749589200000,670.1,672.0,668.6,669.4,420.190473
1749592800000,669.3,673.6,669.2,670.1,314.009847
1749596400000,670.3,674.3,670.2,673.5,375.888018
1749600000000,673.6,674.2,670.2,670.8,697.150407
1749603600000,670.9,671.7,668.2,669.0,428.677381
1749607200000,669.0,670.3,668.3,669.1,171.243205
1749610800000,669.1,670.9,668.9,670.6,136.054168
1749614400000,670.6,670.6,668.7,669.4,219.39328
1749618000000,669.4,669.7,668.5,669.2,108.027191
1749621600000,669.3,672.7,669.2,672.0,414.017402
1749625200000,672.0,672.2,668.8,670.2,291.511338
1749628800000,670.2,672.7,670.1,671.5,479.091984
1749632400000,671.6,672.2,670.0,670.3,729.893761
1749636000000,670.5,670.6,667.6,668.0,677.331081
1749639600000,668.1,668.1,665.9,667.8,478.174367
1749643200000,667.5,670.4,666.0,669.1,849.831202
1749646800000,669.1,670.3,667.4,669.0,214.192723
1749650400000,669.0,672.5,668.5,670.8,568.472017
1749654000000,670.9,672.5,668.0,669.7,509.306101
1749657600000,669.8,670.0,667.3,668.7,397.029636
1749661200000,668.8,669.6,666.1,666.6,358.275315
1749664800000,666.7,668.5,665.6,667.6,305.286618
1749668400000,667.6,668.2,665.6,667.2,148.218128
1749672000000,667.3,668.0,665.6,667.8,118.208545
1749675600000,667.8,669.1,663.2,663.6,293.952168
1749679200000,663.5,665.5,662.2,664.6,285.392031
1749682800000,664.5,668.0,664.4,667.6,268.771467
1749686400000,667.6,668.6,665.5,668.4,228.510451
1749690000000,668.2,669.3,666.6,669.2,218.864237
1749693600000,669.2,670.2,667.2,667.4,278.801167
1749697200000,667.4,667.7,664.1,665.9,457.247878
1749700800000,666.0,666.7,664.5,665.2,279.487716
1749704400000,665.2,667.4,664.2,667.3,1004.554989
1749708000000,667.4,668.6,667.1,668.1,313.271686
1749711600000,668.1,668.3,666.2,667.1,251.455048
1749715200000,667.1,668.1,666.0,668.1,333.28522
1749718800000,668.1,668.9,667.2,668.7,477.199098
1749722400000,668.7,668.8,665.1,666.0,426.238729
1749726000000,665.9,666.4,663.3,663.5,350.51858
1749729600000,663.5,664.8,661.2,662.2,499.412317
1749733200000,662.3,663.9,661.3,663.6,343.413679
1749736800000,663.8,665.1,663.4,664.8,322.224988
1749740400000,664.8,665.2,659.6,660.0,406.480649
1749744000000,660.1,665.2,659.8,665.0,642.117521
1749747600000,665.1,666.9,663.9,666.7,131.619445
1749751200000,666.6,666.9,661.4,662.8,246.580942
1749754800000,662.7,663.0,657.7,658.1,496.512488
1749758400000,658.2,659.2,651.8,653.7,542.978141
1749762000000,653.5,656.3,652.6,653.9,235.425723
1749765600000,653.7,655.4,653.7,654.2,246.107804
1749769200000,654.1,657.1,654.1,654.7,343.450383
1749772800000,654.7,654.7,641.8,647.6,2777.471401
1749776400000,647.5,647.6,638.6,645.4,1387.628406
1749780000000,645.3,645.3,639.9,642.5,787.576904
1749783600000,642.4,649.5,642.0,649.4,593.449857
1749787200000,649.3,649.3,645.9,648.6,180.86203
1749790800000,648.7,649.0,647.7,647.8,233.150996
1749794400000,647.7,651.9,646.5,651.9,387.130246
1749798000000,652.0,655.1,651.2,655.0,632.675309
1749801600000,655.1,659.8,654.5,657.2,722.725678
1749805200000,657.2,658.3,653.8,654.8,559.039482
1749808800000,654.9,655.6,652.4,655.4,1330.596007
1749812400000,655.5,656.0,652.5,654.7,887.201221
1749816000000,654.8,655.0,650.9,651.4,298.712444
1749819600000,651.3,653.7,650.7,651.8,278.028504
1749823200000,651.9,653.3,649.5,652.6,445.469178
1749826800000,652.8,654.5,651.7,653.4,410.434624
1749830400000,653.5,655.4,652.3,654.3,311.021738
1749834000000,654.3,654.3,650.7,652.5,180.414258
1749837600000,652.6,652.9,649.5,651.0,184.723535
1749841200000,651.0,652.1,649.9,651.3,185.165011
1749844800000,651.3,653.1,650.4,652.7,135.350912
1749848400000,652.8,653.7,652.2,653.3,129.693759
1749852000000,653.4,654.5,653.2,654.3,110.043609
1749855600000,654.3,655.4,653.8,655.4,142.328704
1749859200000,655.4,655.4,653.4,654.0,242.848879
1749862800000,654.2,654.2,650.0,650.8,300.978508
1749866400000,650.7,652.1,650.7,651.6,103.759511
1749870000000,651.7,652.2,650.8,651.4,148.137111
1749873600000,651.3,652.3,650.5,651.6,134.192849
1749877200000,651.6,652.5,651.0,652.5,112.758678
1749880800000,652.5,652.6,651.2,651.7,407.331291
1749884400000,651.8,652.2,650.0,651.8,222.462824
1749888000000,651.7,651.7,649.7,650.4,519.924247
1749891600000,650.5,650.5,649.0,649.2,449.404289
1749895200000,649.3,650.6,649.0,650.2,205.469562
1749898800000,650.2,650.9,650.1,650.7,133.213641
1749902400000,650.7,650.8,648.6,649.8,302.487159
1749906000000,649.8,650.5,647.8,648.3,242.838063
1749909600000,648.4,648.6,646.5,646.5,223.482187
1749913200000,646.5,646.8,644.2,645.4,698.244311
1749916800000,645.4,646.1,640.4,641.5,634.593028
1749920400000,641.4,644.3,641.0,643.5,268.457257
1749924000000,643.5,644.2,638.9,641.7,478.648553
1749927600000,641.8,642.6,640.8,640.8,243.063292
1749931200000,640.9,641.5,638.8,640.9,246.133748
1749934800000,641.1,643.9,640.6,643.7,179.696101
1749938400000,643.9,644.4,642.8,644.1,135.785227
1749942000000,644.0,646.4,643.9,645.6,213.726224
1749945600000,645.7,646.8,645.1,646.4,134.864349
1749949200000,646.4,647.2,645.6,646.2,95.516002
1749952800000,646.3,647.8,646.2,647.1,162.955815
1749956400000,647.1,648.1,647.0,647.5,123.573202
1749960000000,647.7,649.4,647.7,649.3,221.800603
1749963600000,649.3,650.2,648.4,650.0,161.323248
1749967200000,650.0,652.2,648.2,650.9,456.443332
1749970800000,650.9,651.0,648.8,649.1,337.324549
1749974400000,649.3,649.4,646.7,647.6,871.011427
1749978000000,647.7,647.7,645.7,646.1,1215.371189
1749981600000,646.2,648.8,646.0,648.6,287.683426
1749985200000,648.5,649.5,647.6,648.0,558.543029
1749988800000,648.1,650.6,648.1,650.1,827.503841
1749992400000,650.1,651.0,648.0,648.5,1910.971889
1749996000000,648.6,648.9,646.5,648.5,1360.307331
1749999600000,648.4,648.4,646.8,647.5,1073.768955
1750003200000,647.6,648.1,646.0,647.7,176.533481
1750006800000,647.8,649.1,647.3,648.5,123.485771
1750010400000,648.4,648.6,647.3,647.6,68.619033
1750014000000,647.6,647.7,645.8,646.8,132.62919
1750017600000,646.7,646.7,642.6,643.5,166.289626
1750021200000,643.5,645.4,642.6,645.4,125.427309
1750024800000,645.3,647.9,644.7,647.3,137.604475
1750028400000,647.4,648.5,647.1,648.3,159.357219
1750032000000,648.3,648.5,646.5,647.7,229.576306
1750035600000,647.8,650.4,646.1,650.3,435.4773
1750039200000,650.4,652.6,650.2,651.6,608.633059
1750042800000,651.6,652.0,650.7,651.5,554.346169
1750046400000,651.3,653.3,650.9,651.9,579.343014
1750050000000,652.0,655.1,652.0,654.5,364.778222
1750053600000,654.6,654.9,653.4,653.6,389.030037
1750057200000,653.6,656.7,653.6,655.8,621.768219
1750060800000,655.9,656.7,655.0,656.1,275.597019
1750064400000,656.2,656.4,655.2,655.9,204.165448
1750068000000,656.0,656.4,653.8,654.1,292.788691
1750071600000,654.1,655.0,653.1,654.6,218.25569
1750075200000,654.5,655.8,653.7,655.1,183.484464
1750078800000,655.1,656.8,654.9,656.6,212.272273
1750082400000,656.7,659.4,656.0,657.3,867.886983
1750086000000,657.4,658.9,657.1,657.6,385.281735
1750089600000,657.7,659.0,657.2,658.1,182.871606
1750093200000,658.1,658.1,655.8,656.0,225.788043
1750096800000,655.9,657.8,655.8,657.8,141.276495
1750100400000,657.8,659.3,657.5,659.1,377.477045
1750104000000,659.0,659.2,657.4,659.0,196.049933
1750107600000,659.1,659.1,656.8,658.1,165.280103
1750111200000,658.1,659.0,651.3,653.1,478.880558
1750114800000,653.4,654.8,650.2,650.8,522.169456
1750118400000,650.9,654.1,647.2,654.1,684.739206
1750122000000,654.1,655.7,653.4,655.1,239.169738
1750125600000,655.1,655.7,652.5,655.7,368.091362
1750129200000,655.7,656.8,655.1,656.6,244.94355
1750132800000,656.6,656.7,655.2,656.0,177.480726
1750136400000,656.0,656.6,655.2,656.4,240.491484
1750140000000,656.4,659.4,655.8,658.4,472.499727
1750143600000,658.4,658.8,655.9,658.1,471.905446
1750147200000,658.0,658.9,656.4,656.9,606.757712
1750150800000,656.9,658.3,656.7,657.0,429.164772
1750154400000,656.9,657.2,653.4,655.1,887.596624
1750158000000,655.0,655.3,652.4,653.6,655.920909
1750161600000,653.6,654.2,653.0,653.5,358.653926
1750165200000,653.6,656.2,652.3,652.3,458.368069
1750168800000,652.3,653.9,650.5,650.8,478.977119
1750172400000,650.7,650.7,645.1,646.3,912.812332
1750176000000,646.3,646.5,640.7,640.8,616.037458
1750179600000,640.7,644.7,640.1,642.4,663.41033
1750183200000,642.3,646.2,642.0,646.2,392.854439
1750186800000,646.2,649.8,646.1,648.4,310.841747
1750190400000,648.2,648.9,646.7,646.8,180.399754
1750194000000,646.8,649.0,645.6,647.8,479.110654
1750197600000,647.6,648.0,645.6,645.8,149.982499
1750201200000,645.9,649.0,645.7,648.1,138.238338
1750204800000,648.3,650.9,648.2,650.9,193.355279
1750208400000,651.0,655.0,650.7,650.7,425.955959
1750212000000,650.8,653.3,650.0,652.1,479.755506
1750215600000,652.4,653.6,651.8,652.2,397.876602
1750219200000,652.3,653.6,651.6,652.7,371.768409
1750222800000,652.6,653.5,652.4,652.8,160.063082
1750226400000,652.8,653.4,651.0,651.2,241.761752
1750230000000,651.1,651.6,650.5,651.4,265.500174
1750233600000,651.4,652.6,649.7,649.9,259.014877
1750237200000,650.0,650.8,647.7,647.9,315.072345
1750240800000,647.8,648.0,641.5,642.4,741.319311
1750244400000,642.4,645.8,641.6,645.1,275.519764
1750248000000,645.0,645.0,641.9,642.0,262.590292
1750251600000,642.2,642.2,637.1,640.5,742.393705
1750255200000,640.5,644.4,639.7,642.5,439.405252
1750258800000,642.4,643.5,638.9,641.9,632.256585
1750262400000,642.0,642.4,639.5,640.9,739.46049
1750266000000,640.7,641.7,637.4,641.4,462.715029
1750269600000,641.3,643.0,638.5,638.5,560.686211
1750273200000,638.4,641.2,638.0,639.3,405.143321
1750276800000,639.4,644.6,638.5,644.5,385.390245
1750280400000,644.4,645.2,642.4,644.7,215.77876
1750284000000,644.6,645.2,643.5,644.9,156.361523
1750287600000,644.8,645.4,643.0,644.7,82.038618
1750291200000,644.7,646.0,643.4,644.9,180.824413
1750294800000,645.1,645.1,641.4,642.1,256.229897
1750298400000,642.1,643.8,641.4,642.8,128.471279
1750302000000,642.7,645.3,642.7,645.3,165.412123
1750305600000,645.4,646.1,644.6,645.9,163.88224
1750309200000,645.8,647.8,645.3,645.8,1361.091983
1750312800000,645.7,648.8,644.1,645.0,2503.106637
1750316400000,645.1,646.0,644.8,644.9,1335.976184
1750320000000,644.9,645.9,644.5,644.5,297.118948
1750323600000,644.6,646.2,644.0,644.9,376.812089
1750327200000,645.0,645.5,644.1,644.3,170.953338
1750330800000,644.3,644.3,642.2,642.4,647.256363
1750334400000,642.5,642.9,641.5,642.1,334.662062
1750338000000,642.2,643.0,640.8,640.9,229.62344
1750341600000,641.0,642.3,640.0,640.5,376.564707
1750345200000,640.4,641.7,639.5,639.9,346.666154
1750348800000,639.9,640.6,638.6,638.6,223.5309
1750352400000,638.7,643.0,638.6,642.3,272.393363
1750356000000,642.3,643.1,641.8,642.6,130.862649
1750359600000,642.5,642.9,641.9,642.7,220.770176
1750363200000,642.7,643.4,641.8,642.9,122.472402
1750366800000,643.0,643.7,642.5,643.5,166.073338
1750370400000,643.5,645.0,643.5,644.5,111.548267
1750374000000,644.5,645.1,644.0,644.7,162.316131
1750377600000,644.8,645.4,643.9,644.9,108.63637
1750381200000,644.8,645.7,643.7,645.4,185.293618
1750384800000,645.5,645.8,644.3,644.8,86.452761
1750388400000,644.9,645.1,644.2,645.1,186.469372
1750392000000,645.0,645.1,641.7,642.3,400.889277
1750395600000,642.2,644.6,642.1,644.4,239.627192
1750399200000,644.5,645.6,644.4,645.5,215.295674
1750402800000,645.5,648.1,645.0,648.1,349.368273
1750406400000,648.1,650.0,648.1,649.0,686.853754
1750410000000,649.0,649.6,647.3,647.4,570.098542
1750413600000,647.4,648.7,646.6,647.5,702.754988
1750417200000,647.6,648.3,646.8,647.5,241.567183
1750420800000,647.5,648.0,647.1,647.6,221.773147
1750424400000,647.7,651.0,646.5,647.7,901.282182
1750428000000,647.6,648.6,643.2,643.4,422.056517
1750431600000,643.4,646.7,643.3,645.7,413.921146
1750435200000,645.7,645.9,643.7,644.1,343.738117
1750438800000,644.3,644.8,638.2,642.3,771.484585
1750442400000,642.2,643.0,640.2,642.0,285.397396
1750446000000,642.0,643.2,639.8,643.0,290.550108
1750449600000,642.9,645.4,642.9,644.7,259.661927
1750453200000,644.6,644.6,642.6,642.6,132.782827
1750456800000,642.9,643.1,640.4,640.7,305.049189
1750460400000,640.8,642.0,640.0,641.8,280.655967
1750464000000,641.9,643.0,641.3,642.2,308.367194
1750467600000,642.3,644.5,642.1,644.4,108.890725
1750471200000,644.5,645.0,643.2,645.0,212.299578
1750474800000,644.5,645.1,644.4,644.4,229.315409
1750478400000,644.5,644.7,642.4,642.7,151.009799
1750482000000,642.6,643.4,642.4,643.2,155.605382
1750485600000,643.2,644.1,642.7,643.8,336.597923
1750489200000,643.6,643.8,639.7,641.5,1165.84294
1750492800000,641.5,642.0,640.6,641.7,525.688055
1750496400000,641.6,641.6,639.5,641.0,286.586043
1750500000000,641.1,642.0,640.0,640.7,299.447501
1750503600000,640.7,642.9,640.5,642.7,392.950769
1750507200000,642.6,643.0,638.8,639.9,551.689971
1750510800000,640.0,640.1,636.3,636.6,659.579085
1750514400000,636.6,638.8,635.6,635.9,447.578277
1750518000000,635.9,637.1,634.3,636.8,617.950257
1750521600000,636.5,637.2,633.7,634.3,520.675921
1750525200000,634.1,635.6,632.0,632.4,594.49882
1750528800000,632.5,634.3,631.3,631.5,598.224403
1750532400000,632.0,632.5,630.5,631.0,399.187415
1750536000000,631.2,633.2,630.9,632.8,171.503572
1750539600000,632.9,633.2,621.5,624.8,1724.548668
1750543200000,624.8,629.5,624.5,627.5,442.366818
1750546800000,627.8,629.5,623.3,629.0,476.909899
1750550400000,629.1,633.3,626.8,631.7,802.505369
1750554000000,631.8,632.7,628.8,629.1,725.369693
1750557600000,629.1,631.1,626.9,630.1,633.411005
1750561200000,630.2,631.3,628.0,629.3,400.331558
1750564800000,629.5,631.7,629.3,631.5,203.907249
1750568400000,631.3,633.6,631.3,633.6,195.908678
1750572000000,633.5,635.4,633.4,634.2,365.166934
1750575600000,634.3,634.5,632.2,632.8,252.850798
1750579200000,632.8,633.3,631.7,632.3,156.8271
1750582800000,632.3,633.5,628.1,628.3,454.785973
1750586400000,628.2,630.3,627.7,629.0,462.140876
1750590000000,629.0,631.7,628.8,630.6,156.136993
1750593600000,630.6,631.3,626.6,628.7,428.410846
1750597200000,628.7,629.1,614.0,616.4,1154.645625
1750600800000,616.3,618.7,608.9,614.1,1351.505301
1750604400000,614.2,614.2,606.8,607.8,1496.825956
1750608000000,607.6,609.5,606.9,609.5,507.91285
1750611600000,609.4,613.1,608.0,610.9,856.147952
1750615200000,610.9,611.4,607.6,607.7,157.966736
1750618800000,607.8,608.3,604.6,605.8,542.440168
1750622400000,605.8,610.5,601.4,609.9,688.48764
1750626000000,609.9,610.6,606.6,607.0,324.754671
1750629600000,607.0,616.2,607.0,616.2,217.443307
1750633200000,616.1,617.0,615.2,616.1,129.828571
1750636800000,616.0,619.5,615.2,616.7,292.277012
1750640400000,617.0,621.0,616.2,620.7,282.355234
1750644000000,620.8,621.1,619.4,620.0,131.041252
1750647600000,620.0,621.0,618.5,620.2,200.216321
1750651200000,620.4,622.0,620.4,621.5,241.915841
1750654800000,621.6,623.1,621.4,622.6,265.457475
1750658400000,622.6,623.8,622.5,623.7,220.456275
1750662000000,623.8,624.8,623.3,624.1,267.667617
1750665600000,624.1,625.1,623.8,624.3,250.407456
1750669200000,624.3,624.3,620.8,621.4,176.522358
1750672800000,621.4,621.6,618.4,618.8,682.180908
1750676400000,618.8,619.5,616.2,617.4,293.888193
1750680000000,617.5,620.2,616.4,620.2,202.171611
1750683600000,620.2,627.7,615.9,626.8,513.505773
1750687200000,626.9,628.2,621.1,621.5,659.538079
1750690800000,621.5,623.5,619.9,623.0,733.281718
1750694400000,623.1,625.8,617.0,620.0,1766.099969
1750698000000,620.1,629.4,619.6,627.2,745.774644
1750701600000,627.3,630.0,627.3,629.6,507.957108
1750705200000,629.6,630.9,628.3,629.8,384.589727
1750708800000,629.6,634.9,628.6,632.4,804.726811
1750712400000,632.3,633.9,631.6,632.8,609.374833
1750716000000,632.7,643.1,632.7,641.0,1201.913301
1750719600000,641.3,641.7,639.5,640.4,551.521448
1750723200000,640.4,641.1,638.2,638.5,657.58448
1750726800000,638.5,640.1,637.6,639.4,399.528426
1750730400000,639.3,639.5,636.6,638.1,365.886346
1750734000000,638.2,640.1,638.0,639.7,288.292867
1750737600000,639.7,640.2,638.6,640.0,224.742052
1750741200000,640.1,642.4,640.1,642.1,287.5938
1750744800000,642.2,642.6,640.9,640.9,323.702348
1750748400000,641.0,641.7,638.5,639.1,482.271854
1750752000000,639.1,639.5,637.3,639.0,327.000714
1750755600000,639.0,641.7,638.6,638.7,357.624869
1750759200000,638.7,639.2,636.6,637.0,458.669889
1750762800000,637.0,638.5,636.0,638.5,423.614716
1750766400000,638.5,639.9,637.7,639.8,237.676423
1750770000000,639.9,640.5,638.1,640.1,565.788468
1750773600000,640.0,641.6,639.7,640.2,311.093607
1750777200000,640.4,641.5,638.4,639.5,209.467795
1750780800000,639.6,644.1,639.6,644.1,289.9302
1750784400000,644.1,644.1,641.2,643.1,242.374944
1750788000000,643.1,643.3,641.6,642.4,123.967782
1750791600000,642.3,642.8,641.0,642.2,105.686971
1750795200000,642.3,644.1,642.2,644.0,83.527524
1750798800000,644.1,644.2,642.9,643.4,95.718318
1750802400000,643.3,643.4,641.9,643.2,118.868338
1750806000000,643.1,643.5,642.1,643.5,103.712948
1750809600000,643.5,644.7,642.6,644.5,151.342437
1750813200000,644.5,645.7,642.8,644.9,585.107348
1750816800000,644.9,645.8,643.6,644.8,327.247642
1750820400000,644.8,650.5,643.1,648.2,4106.070825
1750824000000,648.2,653.0,644.5,644.7,2654.527794
1750827600000,644.7,646.2,643.3,643.8,765.896611
1750831200000,643.8,645.6,643.4,645.6,588.473797
1750834800000,645.7,646.7,644.6,645.0,199.598791
1750838400000,645.1,645.3,642.9,644.5,309.703002
1750842000000,644.5,645.2,641.8,643.2,641.670177
1750845600000,643.2,645.9,643.1,645.9,347.758142
1750849200000,646.0,648.4,645.2,647.3,645.927412
1750852800000,647.4,647.8,646.2,646.8,561.611838
1750856400000,646.8,648.2,645.1,647.1,995.705226
1750860000000,647.2,648.0,644.5,646.4,362.670641
1750863600000,646.2,646.3,642.5,642.8,818.894168
1750867200000,642.8,644.9,642.3,642.8,316.339117
1750870800000,642.8,645.6,642.7,645.1,147.757573
1750874400000,645.0,646.2,644.4,645.9,113.29862
1750878000000,646.0,647.7,646.0,647.7,140.553459
1750881600000,647.7,647.9,646.8,647.7,70.608987
1750885200000,647.7,648.4,646.3,647.2,277.275245
1750888800000,647.0,647.0,644.4,645.4,92.21761
1750892400000,645.2,646.3,644.3,646.1,70.42276
1750896000000,646.2,648.5,646.1,647.4,238.377735
1750899600000,647.4,648.9,645.6,648.2,229.143303
1750903200000,648.3,649.7,647.7,649.2,226.659442
1750906800000,649.3,650.3,647.5,648.7,396.354006
1750910400000,648.7,649.5,646.3,647.7,515.11973
1750914000000,647.7,647.8,646.2,647.0,397.864818
1750917600000,647.0,648.0,645.1,645.6,484.630071
1750921200000,645.6,647.6,644.6,647.6,345.669524
1750924800000,647.6,648.7,647.1,648.2,197.212462
1750928400000,648.2,648.6,646.1,646.3,416.385582
1750932000000,646.3,647.4,645.3,645.9,479.837353
1750935600000,645.8,646.3,644.6,644.7,345.072264
1750939200000,644.7,645.2,642.7,643.5,496.191771
1750942800000,643.5,644.7,641.4,642.3,542.154393
1750946400000,642.2,645.8,641.1,644.5,364.547087
1750950000000,644.5,645.4,641.8,645.2,446.389696
1750953600000,645.1,646.6,644.5,646.6,425.290361
1750957200000,646.5,647.7,645.2,645.4,370.813339
1750960800000,645.4,647.0,644.4,645.7,180.391049
1750964400000,645.7,646.4,644.9,645.2,45.23094
1750968000000,645.2,646.7,644.9,645.2,81.985131
1750971600000,645.0,645.5,642.8,644.9,382.972421
1750975200000,644.8,645.4,642.5,642.9,65.730202
1750978800000,642.9,643.0,641.5,642.4,50.657063
1750982400000,642.5,643.3,640.5,640.7,376.594079
1750986000000,640.6,644.7,639.2,644.1,375.052201
1750989600000,644.3,645.4,644.0,645.1,156.821264
1750993200000,645.2,646.2,644.4,646.1,144.14411
1750996800000,646.2,646.3,645.4,645.9,137.150265
1751000400000,645.9,646.6,644.6,644.8,104.753019
1751004000000,644.7,646.7,644.3,646.7,129.842951
1751007600000,646.7,647.0,642.9,643.7,427.947059
1751011200000,643.6,645.5,643.6,645.1,148.928055
1751014800000,645.0,645.2,643.4,644.9,392.649657
1751018400000,644.8,645.2,644.1,644.9,177.620712
1751022000000,644.9,645.8,644.5,645.7,173.576753
1751025600000,645.7,648.1,643.8,644.3,696.190193
1751029200000,644.1,646.0,643.7,645.5,419.990975
1751032800000,645.6,647.0,644.4,645.3,207.355766
1751036400000,645.2,647.3,644.7,646.7,192.565162
1751040000000,646.8,648.6,646.0,646.0,209.982956
1751043600000,646.3,646.3,643.2,644.2,202.036603
1751047200000,644.0,644.6,642.7,643.0,100.784093
1751050800000,642.9,645.8,642.6,645.5,87.174935
1751054400000,645.4,646.5,645.3,646.3,66.307696
1751058000000,646.4,647.3,646.3,646.8,293.515771
1751061600000,646.7,647.0,646.2,646.4,69.022598
1751065200000,646.4,646.4,645.3,645.7,70.06533
1751068800000,645.8,646.2,645.2,645.4,25.665774
1751072400000,645.3,646.1,644.5,646.0,87.799648
1751076000000,646.0,646.1,645.1,645.3,95.076127
1751079600000,645.3,645.5,644.3,644.5,140.926004
1751083200000,644.7,645.2,644.5,645.2,68.916297
1751086800000,645.1,645.4,644.7,645.0,88.209382
1751090400000,644.9,647.4,644.9,646.5,238.275715
1751094000000,646.6,647.3,646.4,647.1,214.328505
1751097600000,647.3,647.3,645.5,645.9,144.684587
1751101200000,645.9,647.4,645.3,647.0,275.572369
1751104800000,647.1,647.1,646.5,646.8,124.401482
1751108400000,646.8,647.1,646.4,646.6,80.257947
1751112000000,646.6,646.9,646.2,646.4,160.665421
1751115600000,646.4,646.5,645.5,645.6,186.380519
1751119200000,645.6,646.6,645.5,646.5,188.276623
1751122800000,646.4,647.1,645.6,646.8,177.767247
1751126400000,646.8,647.3,645.7,645.9,152.26587
1751130000000,646.0,647.6,645.9,647.3,106.963676
1751133600000,647.2,647.5,646.3,647.2,79.023309
1751137200000,647.2,648.2,646.9,647.8,89.833777
1751140800000,647.8,648.4,647.6,647.9,100.015024
1751144400000,647.9,648.4,647.4,648.4,175.528803
1751148000000,648.5,649.1,648.2,648.9,45.927618
1751151600000,648.9,649.2,648.3,648.7,65.919605
1751155200000,648.7,648.9,647.9,648.4,91.183312
1751158800000,648.3,648.4,647.5,647.6,81.566404
1751162400000,647.6,648.8,647.1,648.8,115.517053
1751166000000,648.7,649.1,648.3,648.8,279.658561
1751169600000,648.9,649.3,648.6,649.1,87.297349
1751173200000,649.1,649.6,648.8,649.6,95.757611
1751176800000,649.6,649.7,648.9,649.4,293.850771
1751180400000,649.5,650.3,649.0,649.4,209.918204
1751184000000,649.4,650.3,649.3,650.0,473.657975
1751187600000,650.0,650.9,649.7,649.8,285.632436
1751191200000,649.8,650.4,649.7,650.1,109.792649
1751194800000,650.2,651.4,649.8,651.1,197.611754
1751198400000,651.4,651.5,650.3,650.7,143.279406
1751202000000,650.7,651.1,650.2,650.3,140.94139
1751205600000,650.3,650.6,648.6,649.2,181.002558
1751209200000,649.1,649.7,648.4,649.1,135.126393
1751212800000,649.2,649.5,648.2,649.0,74.244763
1751216400000,649.0,649.3,648.2,648.9,50.415008
1751220000000,648.9,649.8,648.3,649.5,72.329667
1751223600000,649.5,649.7,648.4,648.9,61.761181
1751227200000,648.7,649.0,648.1,648.1,46.578216
1751230800000,648.2,649.2,647.2,648.9,139.311135
1751234400000,649.0,655.7,648.8,654.3,525.375338
1751238000000,654.4,656.2,653.9,655.0,304.844302
1751241600000,655.1,657.4,654.3,654.9,402.314542
1751245200000,654.7,655.1,653.6,653.7,171.102888
1751248800000,653.8,655.6,653.7,654.2,176.631088
1751252400000,654.3,656.1,654.2,655.8,298.65609
1751256000000,655.8,657.0,654.5,655.1,485.955815
1751259600000,655.3,656.4,654.6,655.4,194.373886
1751263200000,655.4,655.7,652.6,653.7,268.912686
1751266800000,653.7,655.2,653.0,654.9,472.866074
1751270400000,654.9,655.5,653.3,653.7,625.397139
1751274000000,653.7,654.6,652.1,652.3,531.483847
1751277600000,652.4,653.9,651.9,653.5,1453.191575
1751281200000,653.5,655.0,653.2,654.4,947.160482
1751284800000,654.5,655.0,653.4,653.8,204.33442
1751288400000,653.7,655.7,653.0,653.2,316.02147
1751292000000,653.4,654.3,651.5,651.5,325.985287
1751295600000,651.8,657.2,651.7,656.8,1051.128515
1751299200000,656.9,659.2,655.4,658.7,628.510807
1751302800000,658.7,659.1,657.9,658.3,344.861157
1751306400000,658.3,659.0,657.0,657.8,402.879556
1751310000000,657.7,659.8,657.5,659.8,217.019073
1751313600000,659.7,660.2,658.9,659.1,501.642916
1751317200000,659.0,659.3,656.7,657.1,221.257688
1751320800000,657.1,658.2,656.9,657.4,148.628413
1751324400000,657.4,658.0,656.8,657.2,86.148751
1751328000000,657.2,659.3,657.0,658.3,219.259186
1751331600000,658.4,659.3,658.0,658.3,164.143711
1751335200000,658.3,659.1,657.0,657.1,299.635787
1751338800000,657.3,657.4,655.6,656.1,185.52739
1751342400000,656.1,656.1,652.6,652.6,251.128891
1751346000000,652.7,653.3,651.8,652.5,122.839936
1751349600000,652.5,654.0,651.9,653.8,208.32548
1751353200000,653.8,654.7,652.7,654.2,274.931013
1751356800000,654.2,654.3,652.1,652.4,291.319793
1751360400000,652.5,653.4,652.4,653.3,309.462174
1751364000000,653.1,653.6,652.0,653.4,722.248034
1751367600000,653.4,653.5,651.7,652.5,157.479389
1751371200000,652.5,653.0,651.0,651.1,161.10817
1751374800000,651.0,651.8,649.5,651.3,213.25367
1751378400000,651.2,652.5,646.1,647.2,950.131986
1751382000000,647.2,647.6,645.8,646.2,307.004419
1751385600000,646.2,647.2,645.8,646.4,131.20532
1751389200000,646.4,646.9,645.8,646.6,160.343125
1751392800000,646.6,646.6,644.7,645.1,240.908742
1751396400000,644.8,647.0,644.8,645.9,251.381879
1751400000000,645.8,646.5,644.1,646.3,185.220774
1751403600000,645.9,647.7,645.3,646.6,139.012716
1751407200000,646.6,647.2,645.4,645.4,95.682809
1751410800000,645.6,646.6,644.3,646.6,73.58773
1751414400000,646.6,647.0,645.6,645.7,175.830466
1751418000000,645.7,648.2,644.0,647.5,302.202761
1751421600000,647.5,649.1,646.9,649.1,353.615279
1751425200000,649.0,650.3,648.5,649.9,290.110639
1751428800000,649.9,650.7,649.6,650.5,305.220168
1751432400000,650.5,651.1,650.1,650.9,107.649569
1751436000000,650.8,656.3,650.8,656.1,470.142805
1751439600000,656.1,657.8,654.6,657.5,552.956048
1751443200000,657.8,659.9,657.7,659.8,424.152416
1751446800000,659.8,659.9,658.3,658.6,262.634019
1751450400000,658.7,658.9,657.6,657.8,244.136752
1751454000000,658.0,658.4,657.1,657.4,231.333182
1751457600000,657.3,657.5,655.6,656.5,331.167743
1751461200000,656.5,658.7,656.5,658.2,629.713188
1751464800000,658.0,659.8,657.6,659.5,368.946678
1751468400000,659.6,662.4,659.0,661.9,469.502724
1751472000000,661.9,664.7,661.6,664.3,408.248758
1751475600000,664.3,664.8,662.6,663.0,206.110435
1751479200000,663.4,664.4,662.8,663.8,256.780418
1751482800000,663.7,664.2,662.7,664.1,211.67973
1751486400000,663.9,665.1,663.0,663.1,242.848936
1751490000000,663.0,663.2,661.8,662.2,140.778297
1751493600000,662.3,663.8,661.7,662.0,177.999588
1751497200000,662.0,662.3,659.4,659.8,154.28557
1751500800000,659.9,660.9,658.4,660.1,145.673682
1751504400000,660.0,661.2,659.4,660.8,126.200581
1751508000000,660.9,660.9,658.6,659.4,132.080348
1751511600000,659.4,660.2,658.6,659.4,150.297702
1751515200000,659.4,660.4,659.1,659.5,180.574252
1751518800000,659.8,662.6,659.6,660.9,207.810948
1751522400000,660.9,661.7,660.0,661.4,223.141183
1751526000000,661.3,663.0,660.7,663.0,103.641416
1751529600000,662.9,663.0,661.3,661.5,377.940454
1751533200000,661.5,664.6,661.4,663.6,484.435448
1751536800000,663.6,663.8,662.1,663.0,274.491294
1751540400000,663.0,663.2,661.1,662.1,236.457242
1751544000000,662.0,664.2,659.0,660.8,318.646717
1751547600000,660.9,664.2,660.5,663.9,235.367668
1751551200000,664.0,664.3,660.7,662.5,522.41635
1751554800000,662.6,662.6,656.6,657.0,572.413558
1751558400000,657.0,659.5,657.0,658.6,326.386524
1751562000000,658.5,659.5,658.5,659.2,111.808713
1751565600000,659.2,660.5,658.8,660.5,98.307367
1751569200000,660.6,662.0,660.5,661.6,65.842617
1751572800000,661.7,662.5,661.7,661.8,100.385376
1751576400000,661.8,663.2,661.7,663.0,316.30816
1751580000000,663.0,664.7,662.9,663.7,186.807658
1751583600000,663.7,664.3,662.5,663.6,98.886063
1751587200000,663.7,664.2,661.6,662.3,132.155584
1751590800000,662.3,663.6,661.8,661.8,117.161563
1751594400000,661.9,663.5,660.5,660.7,485.689802
1751598000000,660.8,662.8,660.3,662.1,89.038611
1751601600000,662.1,662.1,659.8,660.2,157.010908
1751605200000,660.0,661.0,659.5,660.3,249.779852
1751608800000,660.3,660.3,658.0,658.2,265.632662
1751612400000,658.2,659.1,656.0,656.0,242.154921
1751616000000,656.0,658.0,654.7,658.0,372.648469
1751619600000,658.0,658.7,657.4,658.0,166.908708
1751623200000,658.0,659.7,657.4,659.3,515.597914
1751626800000,659.3,660.0,659.2,659.8,406.120792
1751630400000,659.8,660.2,658.3,658.8,559.243396
1751634000000,658.8,659.8,655.7,655.8,379.561977
1751637600000,655.8,656.1,653.0,655.6,498.167425
1751641200000,655.6,655.6,652.2,652.9,313.978689
1751644800000,653.0,653.3,650.3,652.3,397.81574
1751648400000,652.1,653.6,652.1,653.5,147.912822
1751652000000,653.5,653.5,651.2,651.6,86.41081
1751655600000,651.5,652.7,651.0,651.7,124.122588
1751659200000,651.6,652.7,650.7,652.5,114.268358
1751662800000,652.3,653.0,652.1,653.0,95.006125
1751666400000,653.0,654.2,652.6,654.1,55.115931
1751670000000,654.1,654.2,653.1,653.7,32.076775
1751673600000,653.7,655.0,653.4,654.8,156.757054
1751677200000,654.7,654.8,654.0,654.7,64.525335
1751680800000,654.7,654.9,652.9,654.9,50.555385
1751684400000,654.9,656.1,654.7,655.9,85.221026
1751688000000,656.1,656.2,654.9,655.4,59.212823
1751691600000,655.4,656.8,655.2,655.8,90.352983
1751695200000,655.9,656.6,655.2,656.2,54.42746
1751698800000,656.2,656.4,654.4,654.6,141.019121
1751702400000,654.6,655.7,654.0,654.5,83.212848
1751706000000,654.6,655.6,654.2,655.3,91.639522
1751709600000,655.3,655.7,654.9,655.1,105.084117
1751713200000,655.0,656.2,655.0,655.6,110.471789
1751716800000,655.6,655.7,654.6,655.4,177.223506
1751720400000,655.4,656.0,654.7,655.0,119.747711
1751724000000,655.0,655.6,654.4,655.2,178.370402
1751727600000,655.2,655.5,654.2,654.5,136.928015
1751731200000,654.5,655.1,652.7,653.9,120.197926
1751734800000,653.9,654.4,652.2,653.8,77.272904
1751738400000,653.7,653.8,652.4,652.9,102.876921
1751742000000,652.9,654.4,652.2,654.3,53.095076
1751745600000,654.2,655.0,653.9,655.0,64.280115
1751749200000,655.1,655.9,654.7,655.9,71.221592
1751752800000,655.9,656.5,655.4,656.4,68.739198
1751756400000,656.4,656.9,655.9,656.2,60.570981
1751760000000,656.4,656.9,656.1,656.7,73.541076
1751763600000,656.5,656.7,655.5,655.7,36.735223
1751767200000,655.8,656.2,654.8,654.8,72.919346
1751770800000,654.7,655.0,654.4,654.9,88.38753
1751774400000,654.9,655.5,653.7,653.8,145.815809
1751778000000,653.8,654.3,653.5,654.1,115.705972
1751781600000,654.2,656.0,653.8,655.3,99.179081
1751785200000,655.4,655.6,654.6,654.7,111.231178
1751788800000,654.7,655.0,653.4,654.7,145.327465
1751792400000,654.8,654.9,653.9,653.9,131.780473
1751796000000,654.0,655.0,653.7,654.7,144.433139
1751799600000,654.6,656.5,654.5,656.5,105.539299
1751803200000,656.5,657.6,655.6,657.6,176.727797
1751806800000,657.6,662.0,657.4,661.4,716.787338
1751810400000,661.5,662.7,659.7,661.1,487.903287
1751814000000,661.3,663.8,661.3,662.9,454.982919
1751817600000,662.9,663.4,662.4,663.4,197.777077
1751821200000,663.4,663.7,662.5,662.9,113.566547
1751824800000,662.9,663.4,661.3,662.3,231.706487
1751828400000,662.5,663.8,662.3,663.2,132.180289
1751832000000,663.2,663.9,660.9,660.9,351.83818
1751835600000,661.0,665.1,661.0,662.8,458.057148
1751839200000,663.0,664.8,663.0,663.8,390.175589
1751842800000,663.8,663.8,662.1,663.1,262.571957
1751846400000,663.2,663.3,661.1,661.4,116.169324
1751850000000,661.4,661.7,660.4,661.2,95.922887
1751853600000,661.2,663.1,661.2,661.8,115.317127
1751857200000,661.9,663.2,660.8,660.9,127.915234
1751860800000,660.9,661.5,660.6,661.1,125.040272
1751864400000,661.2,661.6,660.9,661.3,96.38203
1751868000000,661.3,662.0,660.9,661.3,103.917601
1751871600000,661.5,663.4,660.8,662.8,291.733991
1751875200000,662.7,663.4,661.9,663.4,308.949206
1751878800000,663.4,663.6,661.9,662.3,205.8277
1751882400000,662.3,663.2,661.7,661.9,234.76824
1751886000000,661.9,662.7,661.5,662.3,111.614524
1751889600000,662.3,662.3,661.0,661.5,452.980272
1751893200000,661.5,662.7,660.3,662.5,279.111197
1751896800000,662.6,662.8,659.3,659.8,414.810859
1751900400000,659.9,660.8,658.6,659.0,127.71695
1751904000000,659.0,659.6,656.8,657.4,315.907487
1751907600000,657.4,659.8,656.8,659.0,192.671982
1751911200000,659.0,660.8,658.2,660.8,389.390568
1751914800000,660.9,661.9,660.6,661.6,330.640478
1751918400000,661.4,661.4,658.9,659.2,163.502332
1751922000000,659.2,660.4,657.7,660.2,324.410705
1751925600000,660.4,660.4,659.4,660.2,96.923867
1751929200000,660.0,661.1,660.0,661.0,79.153424
1751932800000,661.0,662.6,660.8,661.3,260.311688
1751936400000,661.2,661.2,658.3,658.4,132.718962
1751940000000,658.4,659.7,657.4,658.3,286.860283
1751943600000,658.2,659.9,658.2,659.6,79.365453
1751947200000,659.7,659.9,658.6,659.7,105.877647
1751950800000,659.6,660.2,658.7,659.6,109.501105
1751954400000,659.6,660.4,659.3,660.2,257.347146
1751958000000,660.2,660.5,659.5,659.8,163.226452
1751961600000,659.9,661.1,659.8,660.8,220.894257
1751965200000,660.7,661.4,659.9,660.2,762.463561
1751968800000,660.3,661.2,659.2,660.2,603.159573
1751972400000,660.0,661.6,660.0,661.3,138.804146
1751976000000,661.4,661.6,660.0,661.3,155.821637
1751979600000,661.2,662.0,660.2,661.7,227.577067
1751983200000,661.7,661.8,658.1,658.4,233.583708
1751986800000,658.4,659.5,657.6,658.2,127.589625
1751990400000,658.4,659.7,657.4,658.7,118.506266
1751994000000,658.8,661.7,658.7,660.7,185.827868
1751997600000,660.8,662.0,660.8,661.8,259.416472
1752001200000,661.9,662.1,660.4,661.0,64.648963
1752004800000,661.1,661.1,658.8,658.8,51.240833
1752008400000,658.7,659.9,657.6,659.5,147.2159
1752012000000,659.8,660.0,658.7,660.0,34.803341
1752015600000,660.1,660.8,659.6,660.5,176.382071
1752019200000,660.6,661.5,660.0,661.5,78.259753
1752022800000,661.6,662.4,660.1,660.8,177.472713
1752026400000,660.7,662.1,660.5,661.4,116.899176
1752030000000,661.5,661.9,660.7,661.6,93.056064
1752033600000,661.6,662.2,661.2,662.2,56.728122
1752037200000,662.2,664.2,662.1,664.2,311.035841
1752040800000,664.2,664.8,663.2,663.7,187.249888
1752044400000,663.7,663.7,662.4,662.7,154.086399
1752048000000,662.6,663.0,660.8,660.8,358.888985
1752051600000,660.8,660.8,659.8,660.2,329.407681
1752055200000,660.3,660.9,658.9,660.9,258.365707
1752058800000,660.8,662.3,660.7,661.3,199.14459
1752062400000,661.3,662.8,660.9,662.2,405.764326
1752066000000,662.2,663.1,661.8,662.1,236.416035
1752069600000,661.9,663.5,660.2,661.9,279.874845
1752073200000,661.9,663.1,661.5,662.5,413.323753
1752076800000,662.6,663.6,662.5,662.8,263.498149
1752080400000,662.9,663.0,662.0,662.8,132.647882
1752084000000,662.8,665.8,662.4,665.0,285.449511
1752087600000,665.0,670.0,665.0,669.3,736.491786
1752091200000,669.4,671.5,666.4,666.4,428.490856
1752094800000,666.4,669.0,666.2,667.5,209.663627
1752098400000,667.6,670.5,667.6,670.1,94.915792
1752102000000,670.0,670.1,668.2,668.7,144.906148
1752105600000,668.8,670.6,668.5,669.9,77.678379
1752109200000,669.9,670.0,668.3,669.4,74.28043
1752112800000,669.6,671.0,667.6,670.7,690.098004
1752116400000,670.7,671.5,669.7,670.3,95.859157
1752120000000,670.4,672.7,670.0,672.3,249.426349
1752123600000,672.3,673.2,672.1,673.0,210.597085
1752127200000,673.1,673.1,669.5,670.3,837.902013
1752130800000,670.3,672.3,670.2,671.5,433.209511
1752134400000,671.5,674.0,671.5,672.0,781.513694
1752138000000,672.1,672.8,670.6,671.2,731.597405
1752141600000,671.2,671.2,669.3,670.3,585.163592
1752145200000,670.3,671.8,669.7,670.0,266.266394
1752148800000,670.0,671.1,669.3,671.0,219.35056
1752152400000,670.9,671.9,669.8,670.0,168.275587
1752156000000,670.1,670.4,667.8,669.5,209.703082
1752159600000,669.3,669.3,667.2,668.0,308.705246
1752163200000,668.2,672.3,667.9,671.9,550.740406
1752166800000,672.0,675.4,670.8,675.2,619.372966
1752170400000,675.2,677.0,673.3,675.3,345.675977
1752174000000,675.4,679.0,675.4,675.9,413.319057
1752177600000,675.8,677.2,675.6,676.4,165.703048
1752181200000,676.3,686.8,675.9,684.7,1645.198116
1752184800000,684.7,687.7,684.1,687.0,473.688126
1752188400000,686.9,687.5,683.7,685.7,355.152209
1752192000000,685.8,690.2,683.8,687.9,703.562261
1752195600000,688.1,691.8,687.6,689.3,591.199992
1752199200000,689.2,690.8,688.2,690.2,245.960756
1752202800000,690.2,691.2,689.1,689.4,289.714697
1752206400000,689.3,689.4,687.5,689.2,369.110164
1752210000000,689.4,694.9,689.2,693.3,812.587034
1752213600000,693.1,694.7,687.5,688.0,669.716813
1752217200000,688.1,688.1,684.6,684.8,575.720021
1752220800000,684.9,688.2,684.5,688.0,433.255184
1752224400000,687.9,690.9,687.7,689.3,751.299029
1752228000000,689.3,690.1,688.8,689.6,155.045026
1752231600000,689.6,689.9,687.4,688.0,654.213344
1752235200000,688.1,689.7,687.6,689.6,224.855587
1752238800000,689.6,691.4,688.4,690.9,278.006791
1752242400000,690.9,694.3,689.7,692.2,693.296193
1752246000000,692.3,693.2,686.3,687.0,569.284007
1752249600000,687.4,694.3,686.1,694.0,791.829954
1752253200000,694.2,696.6,693.5,695.6,657.458517
1752256800000,695.7,697.3,695.1,696.0,232.723199
1752260400000,696.1,696.1,692.8,693.8,235.342758
1752264000000,693.8,694.1,690.7,691.1,134.524935
1752267600000,691.3,692.0,686.8,688.7,533.258416
1752271200000,688.9,689.4,682.6,686.2,292.119164
1752274800000,686.2,690.0,686.1,690.0,150.84508
1752278400000,690.0,692.0,688.0,691.5,388.368804
1752282000000,691.8,694.9,691.8,693.9,170.281617
1752285600000,693.8,694.9,692.8,692.9,121.579365
1752289200000,693.1,695.3,693.0,695.1,151.178806
1752292800000,695.4,697.0,691.5,692.0,279.307705
1752296400000,692.1,692.7,690.0,692.3,206.992468
1752300000000,692.5,694.8,691.1,694.1,90.073686
1752303600000,693.8,694.5,691.3,694.4,252.965899
1752307200000,694.4,694.5,691.3,692.1,183.796969
1752310800000,692.1,694.0,691.5,694.0,135.478011
1752314400000,693.8,694.3,693.3,694.0,133.779196
1752318000000,694.1,694.1,691.6,691.9,121.694921
1752321600000,692.0,692.1,685.2,688.1,393.421587
1752325200000,688.1,688.1,683.6,686.7,652.346954
1752328800000,686.9,687.7,685.2,685.3,227.069312
1752332400000,685.1,685.4,679.3,681.2,541.392497
1752336000000,681.2,684.9,680.0,683.9,282.148684
1752339600000,684.1,686.5,683.8,686.5,246.724209
1752343200000,686.4,686.4,684.6,686.0,187.522115
1752346800000,686.0,686.0,683.8,684.4,36.240325
1752350400000,684.4,684.4,680.9,680.9,77.875748
1752354000000,680.8,684.0,680.4,684.0,117.91321
1752357600000,684.1,684.8,682.3,684.8,62.324799
1752361200000,684.9,686.5,684.3,685.8,127.191616
1752364800000,685.9,687.4,685.2,686.9,40.830146
1752368400000,687.1,687.6,686.0,687.3,54.388896
1752372000000,687.2,687.8,685.6,687.5,87.035484
1752375600000,687.5,687.8,686.5,686.9,90.691394
1752379200000,687.1,687.7,686.6,687.5,45.812161
1752382800000,687.5,688.9,687.4,688.2,79.250716
1752386400000,688.3,690.3,688.2,689.1,207.917892
1752390000000,689.2,690.0,688.4,690.0,167.923624
1752393600000,690.0,690.7,689.5,690.0,119.158919
1752397200000,690.1,690.3,688.1,688.7,119.444329
1752400800000,688.8,690.6,688.8,690.1,104.508593
1752404400000,690.0,691.5,689.5,691.3,218.321295
1752408000000,691.3,693.0,691.3,692.0,135.844013
1752411600000,691.9,692.5,690.9,692.1,214.794675
1752415200000,692.1,694.2,691.0,691.8,355.658453
1752418800000,692.0,693.4,689.9,691.1,173.283318
1752422400000,691.3,692.2,688.5,688.8,162.311427
1752426000000,688.7,691.0,688.2,690.6,113.11975
1752429600000,690.6,692.1,689.9,691.8,113.657059
1752433200000,691.9,693.6,691.4,691.7,143.409267
1752436800000,692.0,693.2,690.9,692.5,59.626626
1752440400000,692.5,693.2,688.6,691.3,168.448777
1752444000000,691.5,692.5,689.5,690.4,111.811197
1752447600000,690.4,692.5,690.2,692.1,104.00945
1752451200000,692.3,694.1,690.3,691.1,318.94768
1752454800000,691.2,691.7,690.0,690.2,76.542159
1752458400000,690.3,694.2,690.0,692.6,181.953352
1752462000000,692.7,699.6,692.4,697.3,690.554601
1752465600000,697.3,699.7,696.9,699.4,205.576008
1752469200000,699.3,703.4,693.3,697.5,1706.482201
1752472800000,697.5,698.9,695.9,697.3,314.438097
1752476400000,697.4,707.5,697.3,706.6,692.479684
1752480000000,706.8,706.9,703.1,704.7,317.42735
1752483600000,704.8,706.3,703.7,704.3,221.704045
1752487200000,704.4,706.2,700.9,705.6,433.363899
1752490800000,705.5,705.5,702.8,704.5,228.136061
1752494400000,704.3,705.3,703.1,704.2,167.325666
1752498000000,704.2,704.5,701.1,703.4,202.491449
1752501600000,703.6,704.5,696.4,698.7,437.958135
1752505200000,698.8,698.9,690.4,692.7,638.268504
1752508800000,692.6,694.3,689.8,693.4,413.004521
1752512400000,693.5,693.9,691.2,692.3,163.528899
1752516000000,692.4,692.8,689.2,689.2,136.555111
1752519600000,689.2,691.2,687.9,690.0,93.136174
1752523200000,689.8,691.8,686.0,691.0,169.692987
1752526800000,690.8,692.3,690.0,691.7,95.667758
1752530400000,691.6,691.6,689.9,691.0,132.41157
1752534000000,691.0,691.3,688.5,689.1,66.464209
1752537600000,689.1,690.9,686.7,687.6,128.345556
1752541200000,687.3,688.7,682.7,685.7,435.545732
1752544800000,685.7,686.9,681.1,683.3,227.143673
1752548400000,683.1,683.3,675.2,679.6,1023.948341
1752552000000,679.8,682.9,676.5,682.6,439.412389
1752555600000,682.5,683.6,680.5,681.6,126.707618
1752559200000,681.5,682.5,680.4,682.3,196.877848
1752562800000,682.4,682.8,679.2,679.2,252.936523
1752566400000,679.5,681.0,677.7,679.4,183.40338
1752570000000,679.2,680.3,676.5,676.6,148.840764
1752573600000,676.7,680.1,676.5,679.3,174.639258
1752577200000,679.5,681.0,677.4,680.8,129.088039
1752580800000,680.8,683.3,677.9,681.6,311.83853
1752584400000,681.7,686.5,681.4,685.6,331.900551
1752588000000,685.7,687.7,676.7,678.2,766.329401
1752591600000,678.5,684.2,677.3,683.0,633.619205
1752595200000,683.1,686.0,682.7,684.7,233.303109
1752598800000,684.9,689.0,683.4,688.1,751.907994
1752602400000,688.3,689.4,683.4,685.7,982.112419
1752606000000,685.5,688.2,683.5,684.9,157.73066
1752609600000,684.9,686.6,683.7,685.1,100.943644
1752613200000,685.0,689.4,684.9,689.4,128.935618
1752616800000,689.3,691.1,687.7,691.1,156.94783
1752620400000,691.1,693.2,689.8,690.0,264.663896
1752624000000,690.1,693.7,688.4,693.0,240.739136
1752627600000,692.7,692.8,689.9,690.7,111.234879
1752631200000,690.5,691.0,685.6,687.3,1586.67681
1752634800000,687.6,688.6,686.3,687.6,2012.447125
1752638400000,687.6,687.9,685.0,687.0,1992.979605
1752642000000,687.0,689.6,686.8,689.0,855.304615
1752645600000,688.7,691.0,688.0,690.9,174.877928
1752649200000,691.0,693.7,689.9,692.0,321.186971
1752652800000,692.0,693.6,690.8,693.1,216.597445
1752656400000,693.2,695.5,693.0,695.0,337.75103
1752660000000,695.0,695.0,693.1,693.4,196.66174
1752663600000,693.6,694.7,691.7,694.2,307.248752
1752667200000,694.4,695.8,692.5,692.8,301.901087
1752670800000,692.7,694.1,690.8,692.7,422.0894
1752674400000,692.8,703.9,691.9,703.6,881.5981
1752678000000,703.7,706.5,696.8,700.4,1012.580869
1752681600000,700.4,702.2,699.0,701.1,461.38402
1752685200000,701.1,706.3,700.2,705.8,419.609865
1752688800000,706.1,711.1,705.7,707.5,626.915677
1752692400000,707.7,709.4,704.7,706.8,416.047162
1752696000000,706.8,713.5,706.8,712.8,455.988503
1752699600000,713.2,715.6,711.0,712.4,423.562697
1752703200000,712.7,715.2,709.4,710.7,292.113621
1752706800000,710.8,711.6,706.5,708.7,281.43234
1752710400000,708.8,718.0,708.4,717.0,652.665546
1752714000000,717.2,720.5,707.9,714.1,1031.254983
1752717600000,713.9,724.0,712.2,718.6,1338.572253
1752721200000,718.7,719.1,708.1,709.9,746.426178
1752724800000,709.8,711.6,708.3,711.6,389.508733
1752728400000,711.5,713.3,707.1,712.8,305.971146
1752732000000,712.9,723.3,710.0,720.9,2167.542787
1752735600000,721.0,721.4,715.5,721.0,552.092006
1752739200000,721.0,721.4,714.5,718.2,931.725397
1752742800000,718.0,722.0,714.1,720.9,760.093369
1752746400000,720.9,721.0,715.2,716.2,672.582448
1752750000000,716.1,719.8,715.5,717.7,364.641218
1752753600000,717.8,719.9,713.9,719.2,492.311304
1752757200000,719.1,722.4,712.0,720.0,636.870562
1752760800000,720.1,728.0,720.1,724.5,1768.429454
1752764400000,724.6,726.2,720.8,721.3,1621.361874
1752768000000,721.3,722.1,713.7,715.7,1331.218423
1752771600000,715.6,719.4,713.9,718.9,885.827934
1752775200000,718.9,720.4,717.2,720.0,619.048109
1752778800000,720.1,720.7,714.9,715.5,801.028946
1752782400000,715.6,716.2,710.5,715.8,788.461954
1752786000000,716.0,723.8,715.9,723.2,2024.678716
1752789600000,723.1,725.7,722.1,723.2,452.153123
1752793200000,723.3,724.7,720.1,720.6,890.212562
1752796800000,720.7,728.3,719.8,728.3,699.634444
1752800400000,728.3,733.3,727.8,732.7,684.322544
1752804000000,732.8,732.9,727.3,731.9,560.949034
1752807600000,732.0,736.7,731.1,736.6,611.631208
1752811200000,736.7,743.9,733.7,743.5,730.026982
1752814800000,743.6,748.7,741.1,748.1,1293.056326
1752818400000,748.1,748.8,744.6,745.7,739.598552
1752822000000,745.7,747.3,739.4,740.0,1187.3818
1752825600000,740.1,742.2,734.2,735.9,2861.033965
1752829200000,736.0,739.3,733.0,738.9,726.284984
1752832800000,738.8,739.7,734.7,739.1,540.124803
1752836400000,739.2,739.5,732.9,736.7,513.387577
1752840000000,736.9,750.2,736.9,749.8,701.280667
1752843600000,749.8,765.7,749.4,756.5,3421.512546
1752847200000,756.4,759.3,739.0,747.3,2145.206229
1752850800000,747.3,747.3,731.3,738.1,1572.546468
1752854400000,737.9,744.8,735.8,743.7,914.845754
1752858000000,743.8,748.5,738.1,741.5,1911.879451
1752861600000,741.5,741.7,735.4,735.9,351.925669
1752865200000,735.8,736.1,729.3,731.9,625.806594
1752868800000,732.0,732.6,718.8,725.5,917.587755
1752872400000,725.4,735.0,724.8,733.0,798.818019
1752876000000,733.0,734.1,727.7,731.7,731.255729
1752879600000,731.7,731.9,723.8,729.7,504.756484
1752883200000,730.1,731.6,722.1,722.1,472.674563
1752886800000,722.6,728.0,718.5,726.1,1318.590391
1752890400000,726.1,730.7,723.0,729.9,424.612007
1752894000000,730.1,735.0,729.6,734.8,378.740387
1752897600000,734.8,739.1,734.4,737.1,329.267761
1752901200000,737.3,737.3,733.9,734.7,124.465021
1752904800000,734.7,735.4,731.8,732.0,135.347547
1752908400000,732.0,734.6,731.7,732.3,264.834577
1752912000000,732.5,733.2,728.2,730.6,348.642691
1752915600000,730.7,735.0,730.0,732.8,366.583199
1752919200000,732.9,738.5,731.1,735.9,676.071421
1752922800000,736.0,738.3,733.2,736.7,187.889047
1752926400000,736.9,741.9,735.8,741.9,1107.471265
1752930000000,741.9,742.4,734.4,735.8,610.998584
1752933600000,735.9,736.2,728.2,728.8,700.58717
1752937200000,728.7,732.2,727.5,730.9,626.9541
1752940800000,730.9,733.2,728.4,732.2,365.897881
1752944400000,732.2,732.3,728.2,729.2,254.3118
1752948000000,729.0,732.1,728.6,730.5,435.766439
1752951600000,730.6,735.0,728.5,734.3,382.218305
1752955200000,734.5,735.7,732.9,732.9,249.989319
1752958800000,732.8,733.3,725.1,730.3,833.365708
1752962400000,730.3,732.4,729.1,732.4,272.142401
1752966000000,732.4,733.4,730.9,733.3,218.073257
1752969600000,733.3,734.2,731.4,734.0,473.876559
1752973200000,734.2,741.3,734.2,738.6,822.746214
1752976800000,738.7,741.8,737.5,741.8,507.382453
1752980400000,741.8,746.1,740.9,743.0,1354.388386
1752984000000,743.1,744.2,740.9,742.0,691.872387
1752987600000,742.2,744.3,739.5,744.0,580.534515
1752991200000,744.0,744.0,741.7,742.4,390.634269
1752994800000,742.5,745.7,741.9,744.8,220.111125
1752998400000,744.8,751.1,744.8,750.9,476.461471
1753002000000,750.9,750.9,747.2,749.0,280.871897
1753005600000,748.9,749.8,745.1,745.5,491.242093
1753009200000,745.4,750.2,744.3,748.9,364.44781
1753012800000,749.0,749.0,746.0,747.5,378.923582
1753016400000,747.6,749.9,747.0,749.5,350.574302
1753020000000,749.5,749.9,745.3,746.6,920.394061
1753023600000,746.6,751.9,745.9,751.1,473.188478
1753027200000,751.1,757.6,750.9,755.1,950.731283
1753030800000,755.2,755.2,747.1,747.5,445.008845
1753034400000,747.8,750.1,745.9,749.8,393.120209
1753038000000,749.8,755.0,749.5,753.1,264.416173
1753041600000,753.3,757.5,749.7,753.2,254.551626
1753045200000,753.3,760.1,747.9,759.3,442.190128
1753048800000,759.5,761.6,745.2,755.4,930.721085
1753052400000,755.8,760.7,752.9,757.4,315.427233
1753056000000,757.0,758.1,746.1,755.9,1216.255283
1753059600000,756.0,756.0,746.6,750.7,618.747738
1753063200000,750.5,758.7,750.5,758.0,337.729779
1753066800000,758.1,764.3,757.8,763.5,680.820757
1753070400000,763.5,764.4,760.6,760.6,461.798871
1753074000000,760.7,762.4,759.5,761.9,114.01211
1753077600000,761.9,767.3,761.2,764.4,542.188561
1753081200000,764.2,766.3,759.7,760.7,950.967622
1753084800000,760.8,765.0,760.3,764.0,460.777834
1753088400000,763.9,765.9,761.1,765.5,698.889364
1753092000000,765.3,777.1,763.2,777.0,1518.119977
1753095600000,777.1,779.7,768.1,769.2,1269.12352
1753099200000,769.2,773.2,765.9,772.4,399.678141
1753102800000,772.7,777.7,767.1,775.2,1336.873095
1753106400000,775.4,782.2,773.3,778.7,1181.120463
1753110000000,778.7,780.4,773.4,774.2,1145.850995
1753113600000,774.2,775.3,760.2,764.2,1539.162784
1753117200000,764.1,768.2,762.6,764.7,852.15318
1753120800000,764.8,767.9,758.5,759.5,1142.052822
1753124400000,759.3,763.5,755.6,757.2,484.048404
1753128000000,757.4,760.4,755.0,757.4,377.939098
1753131600000,757.3,762.8,755.8,762.0,137.486026
1753135200000,761.9,765.2,761.0,764.3,231.249289
1753138800000,764.1,767.4,762.7,766.3,375.419626
1753142400000,766.3,770.2,763.4,763.8,793.913267
1753146000000,764.0,770.4,753.3,769.5,1623.938507
1753149600000,770.0,772.1,764.4,766.3,1369.874358
1753153200000,766.3,767.8,755.0,760.2,1481.745237
1753156800000,760.3,761.7,744.7,745.2,1130.566211
1753160400000,745.2,754.1,745.2,751.5,462.629947
1753164000000,751.6,760.7,750.1,758.0,404.202921
1753167600000,758.2,764.2,756.4,758.1,720.659647
1753171200000,758.1,759.1,749.3,758.8,913.948272
1753174800000,758.9,762.4,754.4,760.4,973.456235
1753178400000,760.4,762.7,757.0,762.6,727.136168
1753182000000,762.7,765.7,760.9,765.5,977.937491
1753185600000,765.8,766.4,763.3,763.9,606.662562
1753189200000,764.0,766.7,759.4,759.8,1248.986245
1753192800000,759.6,764.3,755.7,764.3,923.29565
1753196400000,764.0,767.6,763.5,763.7,855.911852
1753200000000,763.9,772.1,763.7,768.8,701.621638
1753203600000,768.7,769.6,764.9,767.7,757.003433
1753207200000,767.8,776.0,767.4,774.1,735.33886
1753210800000,774.2,775.8,769.8,772.4,595.878981
1753214400000,772.3,778.6,771.7,777.6,455.293129
1753218000000,777.5,778.2,775.5,776.7,162.713238
1753221600000,776.7,778.1,774.9,777.4,147.668943
1753225200000,777.5,788.6,776.9,787.0,1548.323358
1753228800000,787.1,805.2,785.3,799.6,5474.114893
1753232400000,799.7,803.0,795.0,795.3,2038.799814
1753236000000,795.4,796.8,787.1,796.2,2272.185855
1753239600000,796.4,797.5,790.4,797.5,1125.119339
1753243200000,797.6,803.0,794.9,800.0,2749.834326
1753246800000,800.0,802.1,796.2,796.5,720.910193
1753250400000,796.5,797.7,792.6,794.3,524.461188
1753254000000,794.3,799.4,792.3,794.2,576.604331
1753257600000,794.6,797.3,791.0,793.5,641.865662
1753261200000,793.5,794.9,790.8,791.9,1531.751144
1753264800000,791.7,800.3,788.1,799.8,2117.266388
1753268400000,799.6,808.8,797.3,808.7,2080.413723
1753272000000,808.8,810.5,794.6,795.7,2623.71527
1753275600000,795.8,798.4,775.3,781.1,6281.457292
1753279200000,781.0,790.3,779.7,787.2,1793.631529
1753282800000,787.3,789.4,780.1,784.6,1434.006535
1753286400000,784.3,784.5,765.8,766.5,3314.784441
1753290000000,766.3,771.3,760.8,771.0,1977.37826
1753293600000,771.4,776.2,768.7,776.0,753.758719
1753297200000,775.8,777.0,770.5,770.9,370.845893
1753300800000,770.9,773.5,756.4,763.2,2617.72958
1753304400000,763.3,771.4,752.5,768.6,1515.217034
1753308000000,769.0,774.7,763.7,773.9,826.425028
1753311600000,774.1,777.3,773.6,776.9,430.451016
1753315200000,776.8,784.8,773.0,784.2,594.637615
1753318800000,784.1,784.5,781.6,784.1,446.495076
1753322400000,784.2,786.3,780.7,782.5,601.269659
1753326000000,782.7,784.1,779.0,779.4,272.900915
1753329600000,779.7,780.2,766.3,767.3,793.86744
1753333200000,767.2,767.7,751.6,751.7,1534.1901
1753336800000,751.7,757.4,743.9,749.6,2623.806115
1753340400000,749.6,759.4,742.8,759.4,1488.19693
1753344000000,759.0,767.3,756.9,766.4,876.567106
1753347600000,766.6,768.0,763.1,766.0,578.912222
1753351200000,766.3,768.5,755.7,763.2,601.878156
1753354800000,763.1,772.5,762.6,770.5,708.718265
1753358400000,770.4,771.9,764.3,769.0,473.914765
1753362000000,769.1,771.3,764.4,765.3,459.899192
1753365600000,765.3,777.0,761.5,776.7,864.85354
1753369200000,776.8,781.4,773.1,778.4,2261.383448
1753372800000,778.5,778.9,770.0,774.8,600.507851
1753376400000,774.9,785.7,774.4,781.8,538.397163
1753380000000,781.6,785.8,780.3,781.7,350.815016
1753383600000,781.7,783.5,779.2,779.2,185.62796
1753387200000,779.2,781.5,777.0,781.1,240.489748
1753390800000,780.9,781.8,775.5,776.8,141.657375
1753394400000,776.6,780.1,774.4,777.9,275.021702
1753398000000,777.8,777.8,769.8,770.8,529.741314
1753401600000,770.9,771.5,765.0,767.1,400.142199
1753405200000,767.0,770.4,761.9,769.2,1387.611754
1753408800000,769.2,771.2,758.5,758.5,592.863509
1753412400000,758.5,763.5,753.2,756.8,849.528447
1753416000000,756.8,765.2,752.3,765.0,1023.863125
1753419600000,764.9,764.9,759.4,760.3,468.141443
1753423200000,760.6,763.5,756.1,762.1,737.527907
1753426800000,761.9,766.8,757.5,761.5,808.92948
1753430400000,761.6,767.8,761.4,765.2,409.172813
1753434000000,765.1,771.8,762.8,771.5,727.003467
1753437600000,771.4,773.4,767.1,769.4,211.259337
1753441200000,769.7,773.0,769.4,771.7,365.814038
1753444800000,772.0,776.8,771.4,774.1,902.303956
1753448400000,774.2,775.7,769.9,774.3,565.218709
1753452000000,774.4,774.8,761.0,761.1,758.080243
1753455600000,761.3,768.0,760.8,766.1,318.656188
1753459200000,766.1,773.5,763.7,773.1,432.655549
1753462800000,773.1,777.2,772.8,776.3,532.20744
1753466400000,776.3,777.5,774.2,776.0,315.090626
1753470000000,775.8,777.6,774.2,774.5,180.942459
1753473600000,774.4,779.3,773.9,777.4,206.358127
1753477200000,777.6,781.2,777.6,779.0,301.500714
1753480800000,779.2,784.5,778.5,783.5,165.628364
1753484400000,783.6,786.0,782.6,785.6,285.780666
1753488000000,785.6,785.8,781.5,782.4,285.449944
1753491600000,782.6,784.0,778.0,778.7,323.061167
1753495200000,778.7,784.5,778.7,783.6,134.068614
1753498800000,783.6,784.1,782.4,783.7,175.486315
1753502400000,783.6,784.3,780.8,782.1,255.229127
1753506000000,782.1,782.2,780.6,780.9,143.084905
1753509600000,780.9,783.2,780.4,783.0,167.312909
1753513200000,783.0,785.0,782.4,782.7,534.71949
1753516800000,782.8,784.7,781.8,784.3,198.636193
1753520400000,784.2,784.5,783.1,784.0,142.727352
1753524000000,784.0,785.6,782.1,782.1,297.82737
1753527600000,782.4,783.5,780.3,782.0,176.014239
1753531200000,782.0,783.1,780.7,782.7,190.26623
1753534800000,782.7,783.3,781.9,782.1,96.440732
1753538400000,782.2,782.3,780.5,780.7,97.261043
1753542000000,780.5,781.9,779.4,781.5,106.973716
1753545600000,781.5,782.0,779.5,780.1,143.636726
1753549200000,780.3,780.3,778.5,779.6,87.001474
1753552800000,779.7,782.9,779.3,782.1,45.705748
1753556400000,782.0,785.0,782.0,785.0,91.304109
1753560000000,784.9,785.7,783.8,784.8,89.377228
1753563600000,784.9,789.6,784.5,789.2,208.45285
1753567200000,789.4,798.3,789.4,791.4,1384.156395
1753570800000,791.6,796.1,791.4,793.2,406.548168
1753574400000,793.4,798.7,791.2,797.4,464.96944
1753578000000,797.5,799.4,795.8,796.1,366.667604
1753581600000,796.3,797.9,794.1,794.8,211.117066
1753585200000,795.1,796.6,794.0,794.4,199.461154
1753588800000,794.4,797.9,794.0,796.2,290.2644
1753592400000,796.6,797.2,794.3,797.2,211.553379
1753596000000,797.3,798.8,795.3,795.8,251.537317
1753599600000,796.0,798.0,795.2,796.4,217.663096
1753603200000,796.6,798.6,794.0,798.1,312.782074
1753606800000,798.0,798.2,793.2,793.7,192.22204
1753610400000,793.7,798.9,793.7,797.8,382.650049
1753614000000,798.1,799.7,796.3,797.0,351.339812
1753617600000,797.1,798.1,794.0,795.6,218.024533
1753621200000,795.4,796.4,793.7,794.3,313.235775
1753624800000,794.4,799.5,794.3,797.6,245.280465
1753628400000,797.6,817.1,795.3,815.6,1931.109894
1753632000000,815.5,827.5,812.2,818.9,3274.131556
1753635600000,818.9,826.1,817.2,823.2,897.243874
1753639200000,823.0,828.4,823.0,827.2,526.637697
1753642800000,827.4,831.5,825.2,830.6,783.623181
1753646400000,830.9,831.4,827.5,830.9,511.688462
1753650000000,830.9,840.3,829.0,839.0,2125.075527
1753653600000,839.1,848.4,837.8,840.3,2145.349192
1753657200000,840.3,845.9,839.2,844.8,1289.065873
1753660800000,844.8,848.7,842.0,842.5,1870.898125
1753664400000,843.0,848.0,841.5,845.8,1368.970047
1753668000000,846.0,856.0,843.0,844.0,2442.643963
1753671600000,843.9,846.1,840.1,841.9,1072.434279
1753675200000,841.9,845.5,840.4,841.3,1393.23017
1753678800000,841.4,850.6,841.4,849.7,1647.41378
1753682400000,849.8,855.5,849.3,850.7,1153.194558
1753686000000,851.1,860.9,847.1,856.3,2136.631232
1753689600000,856.2,859.5,854.4,857.8,1191.502966
1753693200000,857.7,861.8,852.6,854.3,4325.44728
1753696800000,854.4,854.4,845.2,846.9,1880.558049
1753700400000,847.1,852.1,845.3,851.2,1041.41863
1753704000000,851.1,857.7,847.7,850.1,1254.230771
1753707600000,850.2,851.8,840.9,843.0,3772.446927
1753711200000,842.9,847.4,832.0,832.9,2176.584816
1753714800000,833.4,841.9,831.6,836.3,1037.118918
1753718400000,836.5,841.6,834.0,838.8,912.030924
1753722000000,838.6,839.4,832.5,832.5,763.931824
1753725600000,832.8,833.9,826.0,830.2,1140.728082
1753729200000,830.2,836.1,827.7,832.2,545.530507
1753732800000,832.1,832.7,823.4,824.5,467.180705
1753736400000,824.3,829.2,821.4,826.0,473.417046
1753740000000,825.9,830.4,821.3,825.3,448.630333
1753743600000,825.4,830.0,820.9,824.3,608.602374
1753747200000,824.2,833.5,821.5,831.3,1008.663606
1753750800000,831.3,835.2,826.4,826.5,749.653173
1753754400000,826.6,828.3,815.7,817.5,1558.62214
1753758000000,817.4,830.5,817.4,829.4,880.530873
1753761600000,829.3,833.7,826.8,827.9,986.11987
1753765200000,827.7,834.3,826.0,833.1,358.368294
1753768800000,833.3,833.7,829.6,830.2,520.74649
1753772400000,830.3,831.6,825.4,825.6,523.637743
1753776000000,825.8,831.2,825.3,827.0,538.049302
1753779600000,827.2,833.1,824.5,832.9,2096.77173
1753783200000,833.1,834.1,820.8,822.2,1145.859495
1753786800000,822.2,829.4,821.6,826.6,847.272833
1753790400000,826.6,830.5,822.7,822.9,956.794926
1753794000000,822.8,824.2,814.3,815.4,2115.888152
1753797600000,815.5,816.9,808.7,811.9,1821.048799
1753801200000,811.8,812.0,802.1,805.7,1611.35656
1753804800000,805.7,807.3,800.7,807.0,2117.355039
1753808400000,807.0,815.9,806.7,815.9,1424.827631
1753812000000,815.7,815.7,806.4,807.9,1150.920114
1753815600000,807.9,808.0,803.6,803.8,401.84789
1753819200000,803.9,806.7,800.3,803.1,331.106974
1753822800000,803.2,809.7,801.0,807.0,375.573826
1753826400000,807.1,808.0,801.8,806.6,637.463678
1753830000000,806.7,808.5,804.1,805.5,865.072008
1753833600000,805.5,806.2,796.1,806.1,1506.17951
1753837200000,806.0,810.3,801.4,808.8,787.345119
1753840800000,808.9,812.1,807.3,807.8,900.890854
1753844400000,807.8,808.2,803.7,805.1,670.678346
1753848000000,805.0,807.1,799.1,800.0,500.661915
1753851600000,800.0,802.4,795.9,801.0,842.797617
1753855200000,801.0,806.3,800.8,805.0,598.891067
1753858800000,804.9,806.6,799.4,800.7,694.344936
1753862400000,800.8,806.3,800.3,803.8,1323.648854
1753866000000,804.0,805.1,797.0,799.6,1198.221938
1753869600000,800.0,801.3,793.7,794.4,1082.461632
1753873200000,794.5,795.7,786.0,788.7,2417.900691
1753876800000,788.8,789.5,779.8,782.8,1781.758427
1753880400000,782.8,785.4,779.4,784.6,1288.556716
1753884000000,784.7,796.1,784.1,795.8,1085.22619
1753887600000,795.8,795.9,787.5,790.9,1543.53921
1753891200000,791.1,793.7,789.4,791.3,1070.887709
1753894800000,791.4,792.4,788.5,792.3,440.810447
1753898400000,792.4,794.8,780.8,780.8,1842.80469
1753902000000,780.7,786.7,766.1,785.6,2595.555457
1753905600000,785.5,788.7,784.1,785.7,687.925191
1753909200000,785.7,789.2,783.2,787.0,484.711387
1753912800000,787.0,789.0,785.2,787.8,317.599777
1753916400000,787.7,793.9,787.7,793.6,557.545462
1753920000000,793.7,797.9,791.3,796.9,1215.302145
1753923600000,796.9,797.9,795.0,795.9,389.043925
1753927200000,795.9,797.6,794.5,796.9,537.581693
1753930800000,797.1,799.8,796.9,799.0,250.50377
1753934400000,799.1,804.4,797.0,803.1,4682.389515
1753938000000,803.1,803.5,801.1,801.4,766.593511
1753941600000,801.5,803.8,800.3,803.6,304.653421
1753945200000,803.7,805.6,803.2,803.8,307.753985
1753948800000,803.9,810.7,803.8,810.5,3022.212583
1753952400000,810.3,813.6,808.9,813.5,607.407651
1753956000000,813.6,814.9,804.6,805.0,923.288314
1753959600000,805.0,806.7,799.4,800.8,549.866511
1753963200000,800.9,801.3,796.8,799.1,700.76413
1753966800000,798.9,799.3,792.7,796.9,840.536867
1753970400000,797.3,798.9,787.7,789.9,750.279396
1753974000000,789.7,800.8,789.7,799.9,1264.012215
1753977600000,800.0,813.6,799.5,813.5,1876.749481
1753981200000,813.5,813.8,802.0,803.7,1531.654093
1753984800000,803.6,808.4,798.5,801.3,1190.248547
1753988400000,801.3,802.8,794.0,796.5,694.888211
1753992000000,796.3,798.9,792.8,794.8,486.924633
1753995600000,794.6,797.2,789.7,793.9,595.642213
1753999200000,793.9,795.3,786.9,787.4,635.372102
1754002800000,787.4,792.1,781.4,783.2,885.882904
1754006400000,783.4,789.4,775.0,788.7,1309.368532
1754010000000,788.6,790.9,781.6,787.7,1548.705042
1754013600000,787.3,795.6,786.5,788.3,1150.864214
1754017200000,788.4,789.1,782.4,784.3,544.440402
1754020800000,784.2,784.5,778.7,780.0,1042.589877
1754024400000,780.3,782.5,776.0,777.6,537.896558
1754028000000,777.6,778.2,770.2,776.1,1214.432975
1754031600000,776.1,777.7,771.0,773.7,1105.519027
1754035200000,773.5,773.5,763.3,766.3,1418.058437
1754038800000,766.2,772.9,766.0,768.0,1331.484391
1754042400000,768.3,771.7,767.8,768.0,337.30683
1754046000000,768.2,772.2,764.8,772.0,1083.602576
1754049600000,771.8,776.3,768.5,773.7,794.98191
1754053200000,773.6,775.1,757.4,762.3,2196.373324
1754056800000,761.8,773.8,759.0,766.9,1375.702146
1754060400000,766.9,767.7,758.5,764.3,763.806671
1754064000000,763.9,768.1,759.0,761.4,476.624453
1754067600000,761.2,764.7,757.5,758.6,471.138179
1754071200000,758.6,763.5,754.1,760.1,1030.579891
1754074800000,760.0,763.5,757.2,761.3,342.416204
1754078400000,761.7,762.9,752.4,759.3,616.595545
1754082000000,759.5,762.3,758.4,758.4,225.463978
1754085600000,758.8,759.0,744.7,750.2,1486.518668
1754089200000,750.1,758.0,749.2,756.8,511.999684
1754092800000,757.1,765.7,755.6,765.7,803.538279
1754096400000,765.8,765.8,762.4,765.0,368.943849
1754100000000,764.8,768.9,764.2,764.7,263.365883
1754103600000,764.5,766.0,762.4,764.5,271.720724
1754107200000,764.4,770.2,764.1,769.9,523.701332
1754110800000,769.8,770.1,765.9,766.0,422.599936
1754114400000,766.1,766.3,751.1,753.1,7585.091436
1754118000000,753.0,759.2,750.0,759.0,971.797243
1754121600000,758.9,759.2,752.7,753.4,481.320296
1754125200000,753.4,756.1,751.7,754.3,449.210953
1754128800000,754.3,754.6,750.7,754.4,254.357843
1754132400000,754.4,758.8,752.3,756.3,345.884046
1754136000000,756.1,756.1,751.4,754.9,172.912237
1754139600000,754.7,756.2,751.6,754.6,253.396159
1754143200000,754.7,755.3,746.0,748.0,571.980191
1754146800000,748.3,750.8,741.1,743.0,1037.401391
1754150400000,743.3,748.7,740.7,747.8,615.881035
1754154000000,747.4,749.8,738.7,741.0,930.873978
1754157600000,741.0,742.9,734.1,737.0,1228.341608
1754161200000,737.3,743.7,734.7,737.2,929.503184
1754164800000,737.0,742.6,737.0,742.5,178.610798
1754168400000,742.7,745.0,739.7,739.8,342.641613
1754172000000,739.8,741.9,734.0,738.6,639.772584
1754175600000,738.5,739.3,732.3,736.5,363.099029
1754179200000,736.7,741.3,730.1,740.7,849.007405
1754182800000,740.8,742.2,738.4,739.7,210.014282
1754186400000,739.6,744.3,739.6,744.2,623.78437
1754190000000,744.0,744.8,742.1,744.2,234.464977
1754193600000,744.0,744.8,741.3,742.9,213.985907
1754197200000,743.0,745.0,742.7,744.8,291.15811
1754200800000,744.7,745.4,743.0,745.1,390.735495
1754204400000,745.2,748.6,745.2,748.1,2109.245152
1754208000000,748.1,749.4,746.7,748.7,559.075011
1754211600000,748.8,748.8,746.2,747.8,437.855169
1754215200000,747.7,750.7,747.7,750.1,331.23925
1754218800000,750.1,753.6,748.3,748.4,444.449578
1754222400000,748.4,750.7,746.8,749.8,245.126441
1754226000000,749.8,751.3,748.8,750.8,258.772367
1754229600000,750.8,751.0,746.5,747.8,220.959277
1754233200000,747.9,748.6,745.6,748.6,349.604744
1754236800000,748.6,751.8,747.0,751.5,325.79943
1754240400000,751.2,752.2,749.8,751.4,300.036102
1754244000000,751.7,752.3,749.5,752.2,58.022403
1754247600000,752.2,755.4,751.6,752.6,146.033601
1754251200000,752.6,752.7,750.4,751.4,94.996204
1754254800000,751.4,753.6,751.0,753.2,162.269838
1754258400000,753.3,754.3,751.1,752.3,80.936886
1754262000000,752.3,754.6,750.9,751.2,176.597169
1754265600000,751.3,759.2,750.5,758.4,480.031411
1754269200000,758.4,758.4,753.9,754.2,491.871115
1754272800000,754.3,756.4,752.1,756.1,503.879536
1754276400000,756.3,756.8,753.5,753.8,271.716093
1754280000000,753.9,754.8,752.7,753.9,238.981579
1754283600000,754.0,754.3,752.0,754.3,294.40844
1754287200000,754.3,754.9,752.0,754.7,234.793908
1754290800000,754.7,758.1,754.7,757.3,1868.196459
1754294400000,757.3,759.5,756.1,758.5,5196.838835
1754298000000,758.6,760.4,756.8,757.0,1060.85426
1754301600000,757.1,759.1,756.3,757.3,457.123938
1754305200000,757.2,757.4,754.6,755.3,850.893675
1754308800000,755.3,757.8,755.0,757.8,323.543908
1754312400000,757.9,763.1,755.4,762.1,814.754318
1754316000000,762.1,766.0,759.4,760.9,1093.759709
1754319600000,761.1,763.2,758.4,760.5,359.323525
1754323200000,760.5,768.7,760.3,768.1,775.048484
1754326800000,768.2,769.5,765.3,765.9,866.740577
1754330400000,766.0,767.3,763.4,763.8,252.998628
1754334000000,763.6,764.0,760.0,761.1,432.260369
1754337600000,761.0,765.4,760.0,764.7,176.287035
1754341200000,764.7,767.4,764.7,766.3,273.167905
1754344800000,766.6,767.3,765.1,767.3,135.855494
1754348400000,767.4,769.7,767.2,768.6,259.497679
1754352000000,768.7,769.6,766.2,767.0,409.698984
1754355600000,767.1,768.2,763.1,763.3,342.334317
1754359200000,763.6,766.7,763.4,766.6,229.171235
1754362800000,766.8,766.8,760.5,760.5,152.100964
1754366400000,760.6,762.7,759.9,761.7,219.21607
1754370000000,761.7,764.1,761.5,763.9,222.305357
1754373600000,764.1,767.0,762.8,763.5,504.083585
1754377200000,763.4,763.7,755.1,757.5,808.307385
1754380800000,757.4,759.3,755.8,757.8,300.227257
1754384400000,758.0,762.0,757.5,762.0,297.174976
1754388000000,761.9,765.8,761.2,764.1,675.42573
1754391600000,764.4,766.1,763.9,765.3,363.751407
1754395200000,765.2,765.7,757.6,758.4,669.209501
1754398800000,758.0,760.4,756.2,757.4,340.271725
1754402400000,757.1,757.5,746.1,748.0,1893.146236
1754406000000,747.7,753.4,746.6,749.1,765.133718
1754409600000,748.7,753.1,747.8,751.3,581.854311
1754413200000,751.1,753.2,748.4,753.2,1195.283355
1754416800000,752.9,754.3,749.4,752.0,221.699562
1754420400000,752.1,753.2,747.4,748.6,248.989327
1754424000000,748.6,752.4,747.4,747.8,240.045301
1754427600000,747.9,751.0,746.8,749.1,534.927432
1754431200000,748.6,753.6,745.4,753.3,195.753328
1754434800000,753.3,756.3,753.2,755.4,234.754331
1754438400000,755.3,756.2,751.3,751.4,120.86866
1754442000000,751.8,753.0,747.4,750.5,607.872219
1754445600000,750.4,750.6,746.4,750.3,203.047981
1754449200000,750.4,750.6,747.1,748.6,233.949502
1754452800000,748.7,753.2,747.3,752.0,307.026924
1754456400000,752.0,761.9,751.2,760.2,779.166471
1754460000000,760.3,761.7,758.1,760.4,251.44994
1754463600000,760.4,763.4,759.9,763.4,343.348595
1754467200000,763.2,765.0,758.9,760.0,439.630867
1754470800000,759.9,764.3,758.9,763.0,868.755942
1754474400000,763.4,764.4,761.1,762.6,458.035765
1754478000000,762.6,764.2,761.6,762.2,212.515454
1754481600000,762.3,764.2,758.6,759.2,170.675956
1754485200000,759.3,763.3,757.7,762.8,281.250141
1754488800000,762.9,769.2,761.5,768.9,1089.438017
1754492400000,769.2,769.9,766.0,769.5,633.19837
1754496000000,769.4,769.9,766.0,767.7,483.006714
1754499600000,767.7,773.9,767.0,773.9,443.150223
1754503200000,773.9,775.0,771.7,773.0,252.339363
1754506800000,773.1,773.3,772.0,773.1,94.863045
1754510400000,773.3,773.4,769.5,771.5,227.308839
1754514000000,771.8,772.7,768.5,769.9,198.560741
1754517600000,769.9,770.3,768.7,769.3,53.844768
1754521200000,769.2,770.4,768.0,769.5,81.068687
1754524800000,769.7,773.0,769.0,772.5,157.624564
1754528400000,772.4,774.8,769.7,770.1,170.307611
1754532000000,770.0,771.3,767.1,768.1,1012.986881
1754535600000,768.1,768.3,765.8,766.6,797.632534
1754539200000,766.7,768.0,765.4,766.4,664.591836
1754542800000,766.4,768.7,765.4,767.6,813.336896
1754546400000,767.6,770.0,766.8,766.9,825.392748
1754550000000,766.7,768.7,765.9,768.5,301.955262
1754553600000,768.4,769.5,764.7,766.4,309.002646
1754557200000,766.4,766.7,765.1,766.7,292.863438
1754560800000,766.8,778.6,766.2,777.5,908.040786
1754564400000,777.8,780.0,776.3,777.3,580.048604
1754568000000,777.2,778.2,773.0,776.1,593.795525
1754571600000,776.0,777.4,774.1,776.5,223.178892
1754575200000,776.6,776.9,771.0,771.5,375.050739
1754578800000,771.6,775.9,770.9,775.8,237.48726
1754582400000,775.8,776.2,768.2,773.3,224.411252
1754586000000,773.2,776.3,772.5,776.2,175.368622
1754589600000,776.1,778.4,774.6,778.2,130.005696
1754593200000,778.3,781.0,776.9,780.8,286.2424
1754596800000,781.0,782.0,780.3,781.4,134.940013
1754600400000,781.5,783.8,781.5,783.3,279.112593
1754604000000,783.3,787.4,782.9,787.2,181.126471
1754607600000,787.3,789.0,784.6,789.0,253.959475
1754611200000,789.0,793.4,783.6,786.7,7209.701962
1754614800000,786.6,788.2,781.7,782.7,9542.816873
1754618400000,782.9,785.1,781.0,784.3,425.07342
1754622000000,784.5,788.8,783.4,786.5,257.391026
1754625600000,786.7,787.8,784.7,787.5,419.444089
1754629200000,787.6,787.7,784.4,785.5,229.352233
1754632800000,785.6,791.5,784.4,791.2,531.535648
1754636400000,791.2,792.1,788.5,789.9,496.371941
1754640000000,789.8,791.0,786.0,787.0,349.324887
1754643600000,786.9,787.4,784.3,786.5,228.672109
1754647200000,786.5,788.4,785.5,788.3,135.626262
1754650800000,788.2,789.9,788.0,789.4,143.295395
1754654400000,789.4,789.4,785.0,785.6,236.56072
1754658000000,785.5,794.3,785.5,793.2,820.465978
1754661600000,793.3,796.8,786.4,789.2,734.18555
1754665200000,789.3,789.7,781.7,785.1,436.890063
1754668800000,784.9,787.0,784.7,786.3,184.391058
1754672400000,786.5,794.8,786.4,794.7,365.572313
1754676000000,794.8,796.4,791.9,793.4,483.603417
1754679600000,793.4,795.6,792.2,795.6,220.148935
1754683200000,795.4,796.5,793.7,796.3,119.325136
1754686800000,796.3,796.8,795.2,796.2,116.291873
1754690400000,796.0,798.5,794.7,795.0,266.337285
1754694000000,795.2,796.2,792.6,793.5,293.716612
1754697600000,793.5,796.1,793.1,793.9,227.118277
1754701200000,793.8,797.5,792.7,796.7,230.550264
1754704800000,796.9,797.3,795.4,796.0,192.044747
1754708400000,796.0,797.5,794.5,797.1,264.579174
1754712000000,797.1,801.2,796.8,801.2,390.510438
1754715600000,801.0,810.2,800.7,808.9,1353.713585
1754719200000,809.2,809.3,804.1,804.9,608.092206
1754722800000,804.8,809.5,804.2,809.5,552.595773
1754726400000,809.6,809.9,805.9,807.7,422.048552
1754730000000,807.6,813.7,807.5,813.5,751.738777
1754733600000,813.4,819.3,813.3,816.0,979.916041
1754737200000,816.1,816.3,811.1,811.6,412.721875
1754740800000,811.7,815.0,811.1,814.8,323.372087
1754744400000,814.9,815.5,807.2,807.3,685.568185
1754748000000,807.5,809.8,804.8,809.0,486.023861
1754751600000,808.9,810.1,804.9,806.5,377.059133
1754755200000,806.4,808.0,802.8,803.5,405.76286
1754758800000,803.6,806.1,803.4,804.4,422.692422
1754762400000,804.5,806.3,803.3,806.1,346.454213
1754766000000,806.2,808.8,804.2,804.4,281.606895
1754769600000,804.5,807.4,803.2,807.2,614.445542
1754773200000,807.2,807.6,800.2,802.5,545.934041
1754776800000,802.4,805.4,798.3,798.4,840.222971
1754780400000,798.4,799.5,795.1,798.6,1040.195839
1754784000000,798.6,805.2,798.5,805.1,392.254874
1754787600000,805.0,808.6,803.0,808.4,521.495662
1754791200000,808.4,809.7,806.7,807.6,480.411201
1754794800000,807.8,813.0,807.3,811.1,753.03545
1754798400000,811.1,815.4,810.1,814.9,356.463022
1754802000000,815.0,815.3,809.8,812.3,386.276772
1754805600000,812.5,812.6,804.6,807.9,810.555522
1754809200000,807.9,810.9,798.2,799.1,1060.011446
1754812800000,799.5,803.9,793.3,803.5,886.033681
1754816400000,803.6,804.6,801.2,803.2,221.84763
1754820000000,802.9,804.3,798.1,798.4,329.211384
1754823600000,798.4,801.8,796.9,799.0,259.150499
1754827200000,798.9,803.0,797.7,802.8,396.702444
1754830800000,802.8,803.5,796.8,797.3,291.656752
1754834400000,797.3,802.1,795.6,801.5,293.467798
1754838000000,801.5,803.4,800.4,801.9,221.424842
1754841600000,801.9,802.6,800.5,801.2,209.973714
1754845200000,801.4,802.6,800.3,801.9,145.341254
1754848800000,801.9,803.0,801.5,802.6,169.317015
1754852400000,802.7,804.5,802.4,802.8,311.821476
1754856000000,803.0,803.5,800.5,802.2,167.925959
1754859600000,802.2,802.2,799.2,802.0,219.660953
1754863200000,802.0,805.7,800.1,805.7,343.066869
1754866800000,805.7,807.0,802.9,807.0,207.673168
1754870400000,807.1,812.0,806.6,806.6,393.460261
1754874000000,806.6,813.8,806.1,811.8,345.05728
1754877600000,811.7,827.3,811.6,825.2,1031.672911
1754881200000,825.3,825.4,817.5,821.1,1378.594694
1754884800000,821.1,824.1,820.4,820.4,628.543389
1754888400000,820.4,824.3,818.8,820.5,463.841209
1754892000000,820.9,823.7,818.3,821.3,553.150655
1754895600000,821.2,821.3,809.6,811.7,669.676672
1754899200000,811.5,816.4,808.6,815.9,499.309614
1754902800000,815.9,815.9,809.9,811.1,953.009167
1754906400000,811.3,811.3,805.9,806.8,475.470431
1754910000000,806.8,807.0,793.9,796.2,1728.313427
1754913600000,796.3,799.9,794.2,797.4,858.716116
1754917200000,797.6,802.6,792.4,799.5,1052.379563
1754920800000,799.6,805.4,798.7,803.7,681.212915
1754924400000,803.4,807.4,800.4,807.4,701.769691
1754928000000,807.5,812.1,803.9,808.2,689.299325
1754931600000,808.4,810.4,803.8,804.7,720.292866
1754935200000,805.0,810.1,801.2,809.9,216.852279
1754938800000,810.0,811.0,802.4,806.2,249.787629
1754942400000,806.0,807.5,803.8,807.2,271.729422
1754946000000,807.1,809.1,798.4,803.0,820.604653
1754949600000,803.1,803.5,797.4,802.8,164.850051
1754953200000,802.7,810.5,802.4,805.2,359.811797
1754956800000,805.2,814.9,803.8,813.8,368.755798
1754960400000,813.9,814.9,809.4,809.9,313.524278
1754964000000,810.0,814.6,809.7,812.7,227.100509
1754967600000,812.7,813.8,808.4,808.4,470.715277
1754971200000,808.5,813.2,808.2,812.5,633.917818
1754974800000,812.4,812.6,804.0,806.6,306.50406
1754978400000,806.6,809.3,803.2,806.9,473.619328
1754982000000,807.1,811.1,806.7,807.7,323.368391
1754985600000,808.0,808.9,805.5,805.5,310.855498
1754989200000,805.4,805.7,800.9,801.2,268.901745
1754992800000,801.2,802.0,798.3,800.7,338.429634
1754996400000,800.7,803.5,797.7,803.3,160.051524
1755000000000,803.5,814.6,800.5,814.2,886.115677
1755003600000,814.0,814.6,807.1,811.0,1026.051924
1755007200000,811.1,816.0,810.8,814.3,629.410763
1755010800000,814.4,821.1,813.8,820.8,774.547721
1755014400000,820.8,827.2,820.8,826.3,1208.438026
1755018000000,826.5,829.9,825.3,825.5,609.054231
1755021600000,825.8,831.8,825.6,828.4,638.701701
1755025200000,828.5,832.9,828.3,831.9,736.723156
1755028800000,831.9,840.0,831.3,837.7,923.455268
1755032400000,837.7,838.7,831.6,832.3,744.722834
1755036000000,832.4,836.4,831.0,835.3,502.504232
1755039600000,835.3,836.3,832.8,832.9,327.060837
1755043200000,833.0,838.7,832.2,835.4,478.236766
1755046800000,835.4,835.5,829.4,830.7,908.437671
1755050400000,830.8,838.1,828.6,836.8,490.138124
1755054000000,836.8,840.9,834.6,836.3,503.463572
1755057600000,836.3,840.0,836.0,837.4,375.445167
1755061200000,837.5,839.8,834.7,836.5,324.756262
1755064800000,836.6,837.7,832.6,834.7,1171.419136
1755068400000,834.9,854.7,834.7,846.7,3864.305239
1755072000000,846.7,852.8,844.6,852.1,1264.192748
1755075600000,852.3,858.8,850.6,852.8,1430.430663
1755079200000,852.7,856.8,849.0,854.4,924.311042
1755082800000,854.1,855.8,851.2,855.0,731.90314
1755086400000,854.9,857.4,851.1,852.5,368.032037
1755090000000,852.6,859.0,848.8,853.1,1576.373775
1755093600000,853.3,853.7,845.8,846.0,1256.354072
1755097200000,846.2,848.4,838.8,841.7,1742.937371
1755100800000,841.7,848.7,841.3,843.8,673.359604
1755104400000,843.8,846.3,842.4,844.1,412.651243
1755108000000,844.0,845.0,837.9,840.1,492.285563
1755111600000,839.8,845.8,839.8,845.6,265.550099
1755115200000,845.5,845.6,839.9,841.0,735.773918
1755118800000,841.0,845.2,839.9,843.7,1045.094327
1755122400000,843.8,849.1,843.2,846.4,476.355181
1755126000000,846.2,850.1,846.2,848.0,255.962122
1755129600000,847.9,851.5,844.5,845.4,675.514834
1755133200000,845.2,850.9,843.9,847.1,2901.114831
1755136800000,846.9,853.4,846.7,853.0,236.63118
1755140400000,852.8,857.0,851.1,855.0,1360.62777
1755144000000,855.0,856.1,851.9,854.5,903.923194
1755147600000,854.6,857.5,849.8,851.4,807.776722
1755151200000,851.4,865.9,849.8,864.0,2698.320641
1755154800000,864.0,864.6,855.1,858.2,1563.028457
1755158400000,858.1,860.2,855.5,859.0,569.84716
1755162000000,859.0,868.8,856.0,866.2,2140.133166
1755165600000,866.2,869.5,857.5,859.7,1814.329148
1755169200000,859.4,864.0,857.9,862.1,638.195458
1755172800000,862.1,865.4,833.3,834.7,6669.969108
1755176400000,834.6,846.9,820.3,844.2,2898.511058
1755180000000,844.3,856.8,840.0,853.0,1467.807216
1755183600000,853.1,855.8,844.9,847.2,1137.262478
1755187200000,847.0,848.2,832.7,835.2,2174.747105
1755190800000,835.1,842.1,831.4,833.8,766.037057
1755194400000,833.6,840.8,828.0,839.2,362.064696
1755198000000,839.3,843.7,837.2,838.5,465.790435
1755201600000,838.3,838.7,831.1,834.1,365.337273
1755205200000,833.7,838.4,825.0,830.5,817.853115
1755208800000,830.1,840.0,826.6,839.7,409.053904
1755212400000,839.5,843.1,838.0,840.5,295.518988
1755216000000,840.6,843.2,834.9,837.7,381.485207
1755219600000,837.6,845.3,833.8,844.5,677.366472
1755223200000,844.4,845.0,841.2,841.3,367.202985
1755226800000,841.3,849.7,840.2,849.1,815.693884
1755230400000,848.9,852.9,847.5,849.5,264.787936
1755234000000,849.7,851.1,845.4,849.1,318.318803
1755237600000,849.2,853.7,849.2,852.3,298.796141
1755241200000,852.4,853.4,846.3,848.3,377.876169
1755244800000,848.3,852.9,848.1,850.6,333.717072
1755248400000,850.6,852.7,844.4,846.2,443.999255
1755252000000,846.3,848.2,841.4,845.9,928.376919
1755255600000,845.8,847.8,843.5,844.0,261.076288
1755259200000,843.9,847.5,838.6,843.6,647.873548
1755262800000,843.5,845.5,830.9,832.4,983.867647
1755266400000,832.1,836.4,826.6,827.0,731.332263
1755270000000,827.3,828.5,815.7,818.8,1635.922106
1755273600000,818.7,820.3,812.7,818.8,669.425393
1755277200000,818.8,826.1,817.0,824.6,607.101117
1755280800000,824.5,826.0,819.3,820.9,266.52412
1755284400000,821.1,825.0,819.3,821.0,107.406838
1755288000000,820.9,826.8,819.4,826.3,206.868584
1755291600000,826.7,827.5,822.8,826.2,281.90467
1755295200000,826.2,831.7,824.0,831.2,232.691456
1755298800000,831.2,832.2,825.3,828.0,331.863381
1755302400000,827.8,835.0,826.0,834.1,291.552681
1755306000000,834.2,836.9,832.4,836.4,259.695958
1755309600000,836.4,836.4,831.3,831.8,193.848052
1755313200000,832.3,834.3,831.0,831.8,240.480747
1755316800000,831.9,837.1,831.8,837.0,295.193181
1755320400000,837.1,837.1,832.5,832.5,158.088229
1755324000000,833.0,833.5,830.2,832.3,267.859326
1755327600000,832.4,836.4,832.2,835.5,346.331116
1755331200000,835.5,836.2,833.4,835.3,356.153079
1755334800000,835.3,836.3,829.4,829.7,305.991388
1755338400000,829.6,831.4,826.6,828.0,287.248099
1755342000000,828.2,832.9,826.4,826.5,407.791019
1755345600000,826.8,830.6,825.3,830.5,220.027875
1755349200000,830.6,833.1,828.1,828.6,300.81015
1755352800000,828.7,835.0,828.2,835.0,295.8743
1755356400000,834.8,835.5,831.3,831.5,485.156544
1755360000000,831.7,834.7,831.4,833.8,223.486755
1755363600000,834.0,834.1,831.3,833.7,124.999678
1755367200000,833.7,835.1,833.0,834.3,100.137824
1755370800000,834.5,836.3,834.4,834.5,70.215193
1755374400000,834.5,836.1,833.5,836.1,51.728369
1755378000000,836.0,836.3,835.0,835.0,82.924422
1755381600000,834.9,837.2,833.7,836.6,118.657489
1755385200000,836.6,839.2,835.6,838.6,88.192767
1755388800000,838.7,850.4,838.1,847.2,840.552467
1755392400000,847.5,851.8,843.2,848.5,734.667014
1755396000000,848.6,849.9,844.3,846.5,357.787225
1755399600000,846.7,847.1,843.6,844.8,208.002248
1755403200000,844.9,848.9,844.7,848.7,448.648237
1755406800000,848.8,850.3,847.5,847.6,413.387703
1755410400000,847.9,851.6,847.7,849.3,420.666649
1755414000000,849.4,855.7,848.6,854.3,636.351319
1755417600000,854.3,856.9,851.3,856.7,719.703399
1755421200000,856.6,864.3,856.6,861.7,1257.505877
1755424800000,861.9,862.3,859.2,859.9,536.779568
1755428400000,860.0,863.7,859.7,861.8,758.35294
1755432000000,861.8,862.4,857.8,858.7,333.957911
1755435600000,858.8,859.6,855.4,858.1,811.144924
1755439200000,858.2,859.3,856.4,858.1,342.184308
1755442800000,858.0,862.0,857.8,860.0,296.732693
1755446400000,860.0,861.4,855.0,856.1,644.00866
1755450000000,856.1,856.6,853.3,855.5,154.364549
1755453600000,855.5,856.0,848.7,852.3,233.27925
1755457200000,852.3,854.9,851.1,851.2,142.627839
1755460800000,851.2,853.4,850.8,852.4,194.264417
1755464400000,852.4,854.6,851.2,854.2,167.365761
1755468000000,854.0,858.2,854.0,858.2,408.288716
1755471600000,858.1,859.0,855.1,855.4,186.504728
1755475200000,855.4,857.9,850.9,857.0,581.584009
1755478800000,857.2,858.7,844.0,844.0,1158.154732
1755482400000,844.1,845.3,836.3,837.6,1450.728206
1755486000000,837.4,838.8,831.9,835.8,801.568917
1755489600000,835.8,839.5,832.9,837.5,408.952218
1755493200000,837.7,840.0,828.6,835.4,900.894393
1755496800000,835.4,835.4,825.0,829.0,502.731134
1755500400000,829.1,830.6,827.2,830.1,273.998932
1755504000000,830.1,833.5,828.5,831.9,584.898875
1755507600000,831.6,837.5,829.6,832.5,827.929274
1755511200000,832.2,833.4,829.9,831.1,753.219953
1755514800000,831.1,832.5,830.0,831.3,483.852561
1755518400000,831.3,839.8,830.5,839.8,1106.80296
1755522000000,839.8,840.5,832.1,832.2,470.378277
1755525600000,832.5,838.9,832.3,838.8,629.131072
1755529200000,838.7,842.6,836.1,841.9,462.629349
1755532800000,841.7,843.9,838.4,839.6,363.717767
1755536400000,839.5,848.2,838.7,846.0,597.872611
1755540000000,846.0,846.2,842.9,845.7,213.959773
1755543600000,845.9,846.8,842.3,844.9,225.45627
1755547200000,845.0,847.0,842.6,845.6,101.392235
1755550800000,845.6,846.7,843.5,845.9,251.266344
1755554400000,846.0,856.0,846.0,854.3,404.030091
1755558000000,854.4,855.1,846.7,847.2,467.326449
1755561600000,847.3,850.7,840.3,849.5,286.703566
1755565200000,849.3,850.3,842.3,842.9,307.60269
1755568800000,842.9,852.1,840.8,850.6,331.359511
1755572400000,850.6,852.0,841.6,842.3,2620.910593
1755576000000,842.2,849.5,837.6,849.1,928.029669
1755579600000,849.3,850.0,842.6,843.9,867.76153
1755583200000,843.8,844.1,840.6,841.4,482.990642
1755586800000,841.5,841.9,835.3,838.2,1556.201347
1755590400000,838.5,842.3,835.8,841.0,688.700281
1755594000000,841.0,845.5,840.6,844.4,423.713157
1755597600000,844.4,846.6,843.6,844.4,271.522302
1755601200000,844.4,848.4,844.3,846.5,785.345232
1755604800000,846.5,846.5,843.1,845.1,319.141717
1755608400000,845.1,847.8,839.9,842.6,843.611958
1755612000000,842.8,846.1,830.1,830.6,1604.958364
1755615600000,830.8,838.0,829.3,832.2,902.877881
1755619200000,832.2,832.7,826.5,827.4,848.994637
1755622800000,827.5,834.0,825.2,833.6,389.765409
1755626400000,833.4,834.1,825.9,828.0,276.509019
1755630000000,827.5,835.2,824.7,832.8,648.740208
1755633600000,832.8,836.4,829.4,835.5,245.588095
1755637200000,835.5,837.2,834.5,836.7,128.585214
1755640800000,836.6,836.7,833.2,835.1,247.66627
1755644400000,835.0,835.1,822.8,824.0,492.796805
1755648000000,824.1,829.5,823.5,825.6,971.406799
1755651600000,825.5,830.6,818.4,828.2,1901.424119
1755655200000,828.4,831.0,826.6,830.4,745.070751
1755658800000,830.4,837.3,829.3,836.4,748.934694
1755662400000,836.7,837.4,834.5,835.9,246.400014
1755666000000,836.0,836.3,833.2,834.4,280.967787
1755669600000,834.5,837.0,832.6,836.3,353.343754
1755673200000,836.5,837.5,833.9,834.6,243.927173
1755676800000,834.6,835.8,832.9,834.4,1351.174899
1755680400000,834.4,835.4,828.7,829.4,1239.192272
1755684000000,829.4,834.2,829.4,833.8,293.389427
1755687600000,834.0,834.6,826.3,831.1,454.345339
1755691200000,831.1,834.5,829.9,832.8,307.891684
1755694800000,832.8,832.8,823.1,824.4,489.057931
1755698400000,824.4,830.8,819.0,829.0,1365.227519
1755702000000,828.8,837.7,828.3,833.1,743.467771
1755705600000,833.2,844.0,833.2,840.6,1130.410835
1755709200000,840.6,848.0,839.5,845.6,962.466663
1755712800000,845.8,854.2,843.3,853.9,1675.581167
1755716400000,854.0,870.7,853.5,869.3,4719.461895
1755720000000,869.4,875.8,866.9,873.2,1384.203625
1755723600000,873.2,881.9,871.7,877.8,1656.817117
1755727200000,877.9,880.4,873.7,875.8,1195.6871
1755730800000,875.9,877.3,869.1,869.5,1009.336598
1755734400000,869.5,876.7,867.8,875.4,1603.851904
1755738000000,875.5,884.6,870.6,883.3,2098.45742
1755741600000,883.0,883.3,867.1,869.4,1512.839094
1755745200000,869.4,874.0,866.4,866.4,508.74054
1755748800000,866.5,866.8,863.0,864.0,442.309729
1755752400000,864.1,865.0,858.5,863.8,1200.454162
1755756000000,863.8,867.0,861.6,865.4,998.927365
1755759600000,864.9,865.2,858.0,862.6,663.064329
1755763200000,862.5,864.6,856.7,856.9,541.809487
1755766800000,856.9,857.1,849.5,851.7,1848.709156
1755770400000,851.6,852.4,849.8,850.8,597.609104
1755774000000,850.8,855.2,850.2,851.4,864.24674
1755777600000,851.4,854.0,846.5,848.3,1071.134524
1755781200000,848.2,854.0,847.5,850.7,1591.078048
1755784800000,850.9,856.6,847.2,850.5,1135.162601
1755788400000,850.6,851.2,841.0,841.9,1166.396629
1755792000000,842.0,844.6,838.1,838.5,781.774808
1755795600000,838.5,843.5,838.0,842.2,367.264108
1755799200000,842.2,842.8,836.8,840.1,475.950981
1755802800000,840.1,841.7,835.0,836.5,861.602689
1755806400000,836.4,841.0,833.4,838.7,157.109582
1755810000000,838.6,840.9,835.6,839.8,415.245753
1755813600000,839.7,842.8,838.8,842.3,199.489485
1755817200000,842.2,842.2,837.7,839.3,513.448646
1755820800000,839.4,844.2,839.4,841.9,961.808965
1755824400000,842.2,846.6,839.2,846.6,549.344426
1755828000000,846.6,854.3,846.2,849.1,1869.599687
1755831600000,849.2,851.4,844.7,845.6,716.930194
1755835200000,845.6,850.8,845.5,849.4,457.739366
1755838800000,849.4,852.0,848.7,850.2,923.904435
1755842400000,850.2,850.9,845.9,850.2,452.3158
1755846000000,850.3,854.8,849.8,851.4,1035.056747
1755849600000,851.1,855.5,850.8,851.9,1028.787943
1755853200000,851.8,853.4,847.1,849.0,743.873575
1755856800000,849.1,849.2,844.7,847.2,386.943982
1755860400000,847.3,850.3,844.3,849.1,577.437582
1755864000000,849.1,850.5,842.8,848.5,999.064921
1755867600000,848.6,854.3,846.1,850.3,829.359562
1755871200000,850.3,875.2,850.3,872.6,6108.366477
1755874800000,872.5,882.4,872.5,876.1,3051.446305
1755878400000,876.1,885.9,876.1,884.5,2933.042409
1755882000000,884.5,897.3,884.5,894.6,2414.015699
1755885600000,894.9,898.6,890.9,892.7,1940.175536
1755889200000,892.7,896.9,891.6,894.7,1136.569774
1755892800000,894.6,896.1,892.0,896.0,1180.414094
1755896400000,896.1,900.6,895.5,897.3,1391.930759
1755900000000,897.4,898.1,893.8,896.0,806.9401
1755903600000,896.0,901.1,895.9,900.3,996.969342
1755907200000,900.4,900.4,890.4,890.4,1564.229208
1755910800000,890.5,891.1,881.2,888.5,1855.59044
1755914400000,888.4,888.8,875.6,884.0,1643.159417
1755918000000,884.0,884.5,879.6,882.6,1147.033722
1755921600000,882.5,887.4,882.4,887.4,776.249268
1755925200000,887.5,893.1,886.5,891.0,904.578093
1755928800000,891.1,891.7,887.9,889.6,430.578255
1755932400000,889.3,891.8,886.7,887.5,270.338729
1755936000000,887.5,891.7,884.4,890.5,849.436431
1755939600000,890.4,897.1,888.5,893.8,1119.126164
1755943200000,893.7,893.8,886.4,886.6,403.004491
1755946800000,886.7,891.8,886.0,888.7,617.620008
1755950400000,888.6,892.1,885.5,891.1,509.617182
1755954000000,891.0,894.1,889.1,892.5,544.753201
1755957600000,892.6,893.3,887.7,888.9,1110.03291
1755961200000,889.0,891.2,888.4,888.7,334.695305
1755964800000,888.9,889.9,881.0,883.9,976.339494
1755968400000,883.8,885.3,879.0,881.1,534.087088
1755972000000,881.1,882.7,880.8,882.0,362.833314
1755975600000,882.0,884.1,881.4,883.4,128.827146
1755979200000,883.3,883.3,880.8,882.2,53.94671
1755982800000,882.1,882.3,878.6,880.1,826.517824
1755986400000,880.2,882.8,879.7,882.3,211.232187
1755990000000,882.3,883.8,879.7,880.2,432.124787
1755993600000,880.3,886.5,880.3,885.4,630.1351
1755997200000,885.4,885.4,880.5,882.2,615.082048
1756000800000,882.3,883.6,876.4,877.2,1150.604473
1756004400000,877.2,879.5,874.4,878.7,1071.503304
1756008000000,878.7,882.2,878.7,880.9,423.112955
1756011600000,880.9,881.0,875.5,878.0,799.520488
1756015200000,878.0,878.0,870.8,871.1,581.4456
1756018800000,871.2,874.6,870.3,870.3,400.833216
1756022400000,870.4,872.1,867.7,869.4,1036.374242
1756026000000,869.4,871.3,868.0,868.5,1064.020522
1756029600000,868.6,868.6,861.8,862.4,1340.657228
1756033200000,862.4,863.9,860.4,861.4,715.358389
1756036800000,861.5,862.3,859.7,861.1,699.583995
1756040400000,861.1,865.4,860.9,862.9,733.172655
1756044000000,863.2,868.7,861.0,868.4,1245.473455
1756047600000,868.3,872.3,865.5,867.3,612.706796
1756051200000,867.4,869.2,865.7,867.2,741.745889
1756054800000,867.2,875.9,867.2,874.1,524.194825
1756058400000,874.0,883.5,872.4,879.7,1104.392959
1756062000000,879.6,881.5,859.1,869.4,3324.564046
1756065600000,869.5,872.0,860.1,868.8,1020.254381
1756069200000,868.7,878.5,866.3,875.9,710.697066
1756072800000,875.9,878.6,871.8,877.5,543.073215
1756076400000,877.6,880.2,875.3,876.4,483.832455
1756080000000,876.4,878.3,865.7,873.1,767.221736
1756083600000,873.0,877.3,871.7,874.9,502.752256
1756087200000,874.8,879.6,874.7,878.9,450.020037
1756090800000,878.9,880.8,875.2,876.2,386.907562
1756094400000,876.1,877.7,874.3,877.2,418.799093
1756098000000,877.3,879.7,873.9,874.1,911.020569
1756101600000,874.2,875.0,862.9,863.4,1239.406847
1756105200000,863.4,867.9,856.0,858.4,1630.626054
1756108800000,858.5,864.1,853.6,860.7,1079.600803
1756112400000,860.5,861.0,857.4,861.0,586.226156
1756116000000,860.7,860.9,850.6,851.7,1464.133798
1756119600000,852.0,855.8,850.8,854.5,408.170275
1756123200000,854.5,863.1,853.9,863.1,1204.431207
1756126800000,863.1,863.1,854.6,860.5,766.03357
1756130400000,860.6,871.5,859.1,870.4,1145.758759
1756134000000,870.5,871.2,862.0,863.4,524.127862
1756137600000,863.5,870.3,861.1,866.1,366.71824
1756141200000,866.3,867.0,861.9,863.8,348.718502
1756144800000,863.9,867.1,862.7,865.3,549.30454
1756148400000,865.3,865.9,853.5,854.0,2944.133578
1756152000000,854.0,857.6,837.8,838.0,2897.213951
1756155600000,837.9,843.0,833.0,839.0,2185.043185
1756159200000,839.0,846.1,838.0,842.1,1284.751483
1756162800000,842.3,842.3,837.2,839.5,426.181081
1756166400000,839.6,842.2,829.7,833.1,1515.096182
1756170000000,832.9,845.4,831.1,845.0,551.476889
1756173600000,845.0,849.5,844.2,847.2,521.114394
1756177200000,847.2,847.9,843.3,844.6,283.326705
1756180800000,844.6,847.7,844.4,845.9,220.018189
1756184400000,845.8,847.4,843.8,845.1,190.839699
1756188000000,845.1,846.8,840.3,841.2,297.2615
1756191600000,841.3,846.3,839.3,842.7,425.969753
1756195200000,842.6,845.1,841.1,842.9,277.187628
1756198800000,843.0,844.4,841.4,843.9,306.512284
1756202400000,844.0,844.9,842.2,842.9,262.064291
1756206000000,843.2,844.5,839.4,841.7,290.542014
1756209600000,841.7,851.0,839.0,847.2,1179.744819
1756213200000,846.9,849.1,840.3,846.3,1083.196121
1756216800000,846.4,853.3,843.6,852.3,739.526015
1756220400000,852.2,853.8,848.1,849.7,469.370585
1756224000000,849.7,857.0,849.4,856.0,460.862246
1756227600000,855.8,856.2,850.1,851.7,323.101135
1756231200000,851.8,856.8,851.4,855.4,193.274728
1756234800000,855.3,861.3,853.6,860.7,263.497679
1756238400000,860.5,863.9,859.7,863.9,350.370857
1756242000000,863.7,863.7,860.9,862.5,184.614065
1756245600000,862.8,865.4,862.0,864.9,485.960853
1756249200000,864.9,867.8,862.4,863.6,250.697015
1756252800000,863.2,864.1,859.7,860.7,277.066596
1756256400000,860.7,861.7,858.1,860.8,306.018982
1756260000000,860.9,864.5,858.6,862.7,239.053359
1756263600000,862.9,864.2,857.4,862.6,629.532791
1756267200000,862.1,866.8,861.7,864.3,528.211588
1756270800000,864.3,864.7,860.6,861.3,280.17981
1756274400000,861.3,861.5,858.0,858.5,125.784085
1756278000000,858.8,859.4,856.5,857.1,227.922093
1756281600000,857.3,858.5,852.9,857.2,375.227104
1756285200000,857.1,860.0,856.7,857.6,332.597994
1756288800000,857.7,859.5,856.3,856.8,501.938282
1756292400000,856.8,860.0,856.4,859.4,327.959326
1756296000000,859.3,860.9,856.3,859.6,211.886581
1756299600000,859.6,862.4,856.2,859.3,287.699439
1756303200000,859.4,865.6,857.6,862.5,481.675167
1756306800000,862.5,866.0,861.4,864.9,445.12913
1756310400000,865.0,866.4,861.3,864.5,227.534644
1756314000000,864.5,867.1,862.3,866.1,147.590141
1756317600000,866.2,867.2,863.1,863.1,369.584518
1756321200000,863.3,864.2,858.6,860.7,258.213377
1756324800000,861.1,865.4,855.3,865.0,1022.66272
1756328400000,865.3,865.8,858.3,860.1,278.58271
1756332000000,859.9,859.9,854.4,858.0,265.066466
1756335600000,858.0,859.6,854.8,855.2,99.722727
1756339200000,855.3,858.9,851.3,853.9,790.035529
1756342800000,853.9,857.5,853.7,856.6,645.413818
1756346400000,856.6,858.1,855.1,856.8,372.43614
1756350000000,856.8,865.7,856.4,864.6,848.000914
1756353600000,864.5,869.1,863.3,868.7,575.292952
1756357200000,868.8,873.0,866.8,868.5,750.652528
1756360800000,868.5,872.0,868.5,871.7,370.806654
1756364400000,871.7,872.8,868.3,869.4,664.65826
1756368000000,869.4,873.4,869.2,869.9,792.402311
1756371600000,870.0,870.0,865.7,866.3,337.667239
1756375200000,866.2,870.6,865.4,870.6,967.101727
1756378800000,870.6,875.1,869.1,874.4,659.140937
1756382400000,874.4,877.6,871.5,876.8,594.770718
1756386000000,876.9,879.2,872.8,874.0,1550.091959
1756389600000,874.1,875.5,867.9,874.5,1580.372196
1756393200000,874.5,874.6,866.5,869.5,797.029001
1756396800000,869.6,871.8,863.4,864.6,449.20931
1756400400000,864.6,881.6,864.1,875.7,2592.908743
1756404000000,875.7,878.4,868.8,870.4,437.654236
1756407600000,870.5,873.0,868.1,868.6,476.230869
1756411200000,868.7,870.8,867.9,869.7,257.424019
1756414800000,869.8,873.6,869.3,873.6,477.023712
1756418400000,873.7,877.1,873.7,877.1,242.852462
1756422000000,877.1,877.2,873.3,873.5,279.053593
1756425600000,873.5,877.9,873.4,875.1,187.506736
1756429200000,875.3,876.7,872.0,874.0,478.272393
1756432800000,874.0,876.6,872.5,873.0,210.245172
1756436400000,873.1,874.3,872.2,873.0,248.013102
1756440000000,873.2,873.7,870.0,870.2,217.119509
1756443600000,870.2,870.8,868.1,870.5,265.326868
1756447200000,870.5,871.1,864.5,865.7,1411.339216
1756450800000,865.7,865.7,855.4,856.8,1405.077922
1756454400000,856.9,860.3,852.4,852.5,1373.604277
1756458000000,852.4,856.5,849.9,856.1,663.742173
1756461600000,855.9,858.7,855.2,855.7,682.174293
1756465200000,855.4,857.8,853.5,854.6,271.547914
1756468800000,854.4,865.4,854.4,864.2,765.366768
1756472400000,863.9,864.8,855.1,857.0,532.796615
1756476000000,857.1,862.6,852.0,857.9,849.74609
1756479600000,857.8,861.6,857.0,858.5,483.297552
1756483200000,858.2,859.9,854.0,858.6,408.638354
1756486800000,858.6,858.9,853.7,856.1,332.041813
1756490400000,856.2,857.9,853.5,854.3,591.742958
1756494000000,854.2,860.5,852.8,858.4,240.154762
1756497600000,858.2,858.8,854.6,855.3,418.584677
1756501200000,855.8,859.8,853.3,858.9,387.787276
1756504800000,859.0,859.4,857.0,859.4,160.959104
1756508400000,859.5,864.1,859.1,862.4,236.291084
1756512000000,862.5,862.5,857.2,859.4,434.867047
1756515600000,859.5,860.5,852.2,852.8,313.78558
1756519200000,852.9,859.5,852.1,856.4,449.69923
1756522800000,856.5,861.8,856.4,860.5,334.420959
1756526400000,860.5,861.5,857.6,857.8,178.31549
1756530000000,857.7,860.0,857.2,858.6,323.606249
1756533600000,858.7,862.1,858.6,860.8,324.581272
1756537200000,861.0,861.6,859.9,860.6,369.952811
1756540800000,860.7,861.3,859.4,859.5,109.805183
1756544400000,859.6,860.3,858.5,859.5,249.380515
1756548000000,859.7,861.2,859.2,860.1,140.306427
1756551600000,860.1,861.4,859.0,860.3,135.876511
1756555200000,860.4,860.4,853.0,855.1,417.38385
1756558800000,855.1,855.3,851.5,855.2,777.801324
1756562400000,854.9,857.5,853.0,857.1,128.859628
1756566000000,857.1,859.7,855.7,859.1,164.759921
1756569600000,859.1,859.1,856.2,857.5,163.010967
1756573200000,857.6,858.9,857.0,858.3,79.403273
1756576800000,858.5,859.2,857.2,858.8,82.28214
1756580400000,858.8,858.9,857.2,858.9,59.019928
1756584000000,858.8,859.0,857.0,858.8,198.649524
1756587600000,859.0,860.4,858.5,860.4,95.128777
1756591200000,860.5,861.6,859.7,861.6,257.631987
1756594800000,861.7,864.2,861.7,862.2,333.800103
1756598400000,862.2,864.0,859.7,863.7,1064.801157
1756602000000,863.8,863.8,861.1,862.9,851.800528
1756605600000,862.9,863.7,862.4,862.7,176.887293
1756609200000,862.9,864.5,861.8,863.1,137.466034
1756612800000,863.3,863.3,859.3,860.2,254.17805
1756616400000,860.3,860.6,859.0,860.6,301.272893
1756620000000,860.6,860.9,858.2,858.2,357.579188
1756623600000,858.3,859.4,858.1,858.8,157.735179
1756627200000,858.8,861.3,858.5,861.3,158.354732
1756630800000,861.3,861.6,859.5,859.6,297.253867
1756634400000,859.7,860.0,857.1,858.7,179.112101
1756638000000,858.7,860.5,858.2,860.1,119.560309
1756641600000,860.0,861.0,859.1,860.5,212.712277
1756645200000,860.5,861.4,859.6,860.3,317.914059
1756648800000,860.5,861.8,859.2,859.9,166.084436
1756652400000,860.0,862.1,859.6,861.9,159.789492
1756656000000,862.0,867.2,860.9,865.6,757.516171
1756659600000,865.7,866.1,864.0,864.5,103.034748
1756663200000,864.5,865.7,864.2,865.7,79.049074
1756666800000,865.7,866.0,864.4,864.6,62.602
1756670400000,864.8,867.0,864.5,867.0,76.808421
1756674000000,866.9,867.8,866.5,867.3,178.304042
1756677600000,867.2,867.5,862.9,864.1,99.196163
1756681200000,864.2,864.3,857.1,857.4,315.002066
1756684800000,857.6,862.4,854.4,861.2,780.490118
1756688400000,861.2,865.6,859.5,861.6,380.457825
1756692000000,861.6,862.5,854.3,855.9,525.460072
1756695600000,856.0,857.1,853.6,856.4,865.002169
1756699200000,856.3,856.4,849.3,852.0,459.748934
1756702800000,852.0,854.8,849.3,853.2,297.112166
1756706400000,853.2,855.1,850.4,854.8,199.275428
1756710000000,854.7,867.1,854.6,865.4,899.674453
1756713600000,865.6,869.0,862.9,863.4,1267.854046
1756717200000,863.4,864.5,858.0,858.1,1253.225347
1756720800000,858.2,858.2,851.1,854.0,858.148153
1756724400000,854.0,856.0,851.5,852.2,488.53666
1756728000000,852.1,853.8,851.1,853.1,394.462558
1756731600000,853.2,855.4,851.1,852.0,321.553341
1756735200000,852.0,854.0,850.6,852.5,454.767197
1756738800000,852.5,852.5,844.2,847.1,1325.475267
1756742400000,847.1,848.9,845.6,848.0,314.487314
1756746000000,847.8,848.1,843.6,845.8,483.99836
1756749600000,845.7,847.6,845.3,847.4,285.580681
1756753200000,847.3,849.4,846.9,849.4,305.16009
1756756800000,849.4,849.4,839.7,845.6,1081.310259
1756760400000,845.7,846.0,840.0,844.0,1052.116781
1756764000000,843.8,845.7,841.5,844.8,750.169418
1756767600000,844.7,847.5,844.5,845.8,224.83887
1756771200000,845.9,846.0,843.6,845.6,157.50065
1756774800000,845.6,850.3,845.6,848.9,191.771428
1756778400000,849.0,853.9,848.7,853.7,339.353164
1756782000000,853.8,854.3,850.6,852.5,399.620281
1756785600000,852.5,853.5,850.6,853.5,332.736906
1756789200000,853.6,854.0,851.3,852.5,317.211214
1756792800000,852.4,855.8,851.9,855.2,608.181652
1756796400000,855.3,856.0,853.4,854.8,526.107889
1756800000000,855.3,856.8,854.4,855.2,500.779172
1756803600000,855.3,855.9,851.1,852.0,1275.976179
1756807200000,852.0,852.5,848.4,851.5,991.179129
1756810800000,851.6,851.9,846.9,847.9,514.835424
1756814400000,847.8,848.5,841.0,841.5,495.900888
1756818000000,841.4,851.8,840.7,851.0,790.957541
1756821600000,851.0,852.5,847.6,850.6,782.088999
1756825200000,850.6,851.0,845.4,847.0,254.499812
1756828800000,847.2,850.0,846.0,847.2,861.033162
1756832400000,847.1,851.2,847.1,851.0,278.616168
1756836000000,851.2,851.3,847.2,850.1,1280.2589
1756839600000,850.3,851.7,848.3,850.0,208.354314
1756843200000,850.1,854.1,849.7,852.1,256.825731
1756846800000,851.9,853.7,851.8,853.7,189.08889
1756850400000,853.6,853.6,850.8,852.9,712.349063
1756854000000,853.0,853.1,851.4,852.0,139.347024
1756857600000,852.0,854.1,850.4,850.9,296.260156
1756861200000,850.9,852.3,849.1,852.3,150.229829
1756864800000,852.4,853.6,850.9,853.0,251.559364
1756868400000,853.1,853.7,851.0,851.4,176.029233
1756872000000,851.4,852.6,850.8,852.5,136.585375
1756875600000,852.5,852.5,850.1,850.4,116.193593
1756879200000,850.5,852.4,849.3,851.9,322.724384
1756882800000,851.9,854.5,850.6,854.3,340.104925
1756886400000,854.4,855.1,852.8,853.3,257.09184
1756890000000,853.3,854.4,851.9,854.3,219.467637
1756893600000,854.4,854.5,853.2,853.5,365.868899
1756897200000,853.5,854.9,853.3,853.9,267.09902
1756900800000,853.9,854.5,851.7,852.1,506.209684
1756904400000,852.2,858.0,852.2,856.9,442.196816
1756908000000,857.1,864.3,856.3,861.4,509.182832
1756911600000,861.2,862.0,858.2,860.2,886.812283
1756915200000,860.3,861.1,857.8,858.8,252.59399
1756918800000,858.9,862.5,858.9,860.2,254.923335
1756922400000,860.2,861.3,858.6,858.8,106.435742
1756926000000,858.6,860.9,856.9,857.2,115.850846
1756929600000,857.2,857.3,852.5,854.6,277.5507
1756933200000,854.7,856.0,853.5,854.8,414.33102
1756936800000,854.8,855.7,853.6,855.4,310.722047
1756940400000,855.6,855.8,854.1,854.6,119.475446
1756944000000,854.8,856.8,854.4,856.4,205.2696
1756947600000,856.4,856.6,854.2,855.2,154.700154
1756951200000,855.2,855.4,850.3,850.4,238.251224
1756954800000,850.8,852.0,848.2,848.7,175.35817
1756958400000,848.9,849.6,846.1,847.3,322.200146
1756962000000,847.5,848.1,844.3,847.0,508.939442
1756965600000,847.1,848.1,845.9,847.0,268.331369
1756969200000,846.9,848.5,846.7,847.7,206.099856
1756972800000,847.6,849.5,847.1,847.7,418.592276
1756976400000,847.7,848.9,846.9,847.9,344.446737
1756980000000,847.9,849.5,846.7,848.0,295.176231
1756983600000,847.9,849.8,847.3,847.8,197.165878
1756987200000,847.8,849.7,846.5,848.8,231.960416
1756990800000,848.8,849.2,846.7,847.9,279.315682
1756994400000,847.6,848.4,844.3,846.3,386.485622
1756998000000,846.4,846.4,842.7,844.2,375.03635
1757001600000,844.1,845.6,843.7,844.9,172.51436
1757005200000,844.9,846.5,844.0,844.5,178.10528
1757008800000,844.5,846.2,841.1,841.7,247.744471
1757012400000,841.7,844.4,840.8,843.3,194.519086
1757016000000,843.6,846.3,843.3,845.3,106.60962
1757019600000,845.7,848.1,845.2,848.1,106.924471
1757023200000,848.0,849.3,847.2,849.0,109.3216
1757026800000,849.0,849.8,842.9,843.5,133.033933
1757030400000,843.7,845.3,842.3,844.0,225.536691
1757034000000,844.0,846.9,843.4,846.4,164.662327
1757037600000,846.6,847.7,845.3,847.3,137.914972
1757041200000,847.3,847.4,844.4,845.7,158.235229
1757044800000,845.8,846.4,843.7,846.1,185.443554
1757048400000,846.1,847.3,845.5,846.7,214.201862
1757052000000,846.7,846.9,845.1,846.6,342.098847
1757055600000,846.7,851.1,846.6,850.5,457.682361
1757059200000,850.4,850.9,847.5,849.6,297.257888
1757062800000,849.6,850.3,847.6,849.5,229.706071
1757066400000,849.4,850.4,848.7,850.0,155.585613
1757070000000,850.2,850.8,849.4,850.8,187.505889
1757073600000,850.8,854.5,848.9,854.2,718.635706
1757077200000,854.2,857.7,853.6,856.0,653.603771
1757080800000,856.0,856.0,844.4,847.8,1628.188552
1757084400000,847.9,850.0,846.7,848.8,284.236432
1757088000000,848.9,850.1,848.4,849.5,225.61893
1757091600000,849.5,850.0,848.5,849.8,135.144091
1757095200000,849.7,850.9,848.7,850.7,124.944019
1757098800000,850.7,851.7,850.4,850.7,119.753663
1757102400000,850.9,852.4,850.0,851.9,90.995253
1757106000000,852.3,852.3,848.4,850.0,198.033493
1757109600000,850.0,852.1,849.7,851.3,67.150849
1757113200000,851.3,851.3,849.3,850.1,132.810844
1757116800000,850.1,852.0,849.4,852.0,121.296461
1757120400000,852.0,855.4,851.4,855.3,346.973822
1757124000000,855.4,856.1,852.7,855.4,216.504562
1757127600000,855.4,859.7,855.0,858.2,312.389111
1757131200000,858.1,859.9,856.0,857.8,365.892043
1757134800000,857.9,858.7,856.0,856.3,204.888419
1757138400000,856.2,859.4,856.2,858.2,191.799356
1757142000000,858.3,859.7,857.6,859.6,229.838987
1757145600000,859.6,860.2,858.8,859.6,396.18528
1757149200000,859.6,859.7,856.7,857.0,641.255968
1757152800000,856.9,860.1,856.6,859.9,640.11193
1757156400000,859.8,862.0,859.2,861.2,752.269065
1757160000000,861.1,865.2,860.9,862.0,764.079799
1757163600000,862.0,863.5,859.5,861.5,770.104663
1757167200000,861.7,863.4,860.5,863.4,200.367519
1757170800000,863.4,863.5,859.0,859.8,290.573885
1757174400000,859.8,861.7,857.8,861.0,416.808252
1757178000000,861.2,861.4,859.2,859.5,205.020503
1757181600000,859.4,860.2,858.4,859.7,210.529446
1757185200000,859.7,859.9,857.6,857.9,178.751123
1757188800000,857.9,858.9,856.3,858.7,273.653466
1757192400000,858.9,859.8,858.3,859.0,302.412579
1757196000000,859.0,860.0,857.9,859.8,63.959215
1757199600000,859.8,863.4,859.1,861.0,163.160456
1757203200000,861.1,863.1,860.5,861.7,102.832448
1757206800000,861.6,863.2,861.3,861.9,142.828498
1757210400000,862.0,866.3,861.3,866.3,305.442624
1757214000000,866.3,868.5,864.6,866.1,440.341954
1757217600000,866.2,866.4,864.9,865.5,187.061544
1757221200000,865.6,868.2,865.0,867.9,190.107464
1757224800000,867.8,867.8,865.0,867.6,310.029788
1757228400000,867.3,868.3,867.1,867.9,268.257973
1757232000000,868.0,873.9,867.5,872.4,482.352994
1757235600000,872.5,873.2,869.6,870.8,541.093135
1757239200000,871.1,874.5,871.1,873.0,464.458699
1757242800000,873.0,873.8,871.3,873.6,363.009985
1757246400000,873.6,873.7,869.6,869.9,524.682204
1757250000000,870.0,872.8,870.0,872.8,300.739805
1757253600000,872.7,874.9,872.6,874.3,387.915609
1757257200000,874.3,875.6,873.0,874.8,491.266264
1757260800000,874.8,875.6,873.2,873.5,419.214599
1757264400000,873.5,874.8,872.1,873.8,252.573011
1757268000000,874.1,875.9,873.1,875.5,295.256434
1757271600000,875.5,876.7,874.8,875.5,432.836637
1757275200000,875.5,876.0,873.5,874.7,141.68301
1757278800000,874.7,874.8,873.9,874.1,212.354226
1757282400000,874.0,876.6,873.4,876.5,181.440464
1757286000000,876.6,884.3,876.0,880.0,900.974993
1757289600000,880.1,885.8,878.6,882.9,635.448398
1757293200000,883.0,884.4,877.8,878.2,463.331081
1757296800000,878.1,883.1,877.5,881.8,270.015227
1757300400000,881.9,884.8,881.7,882.2,406.102652
1757304000000,882.1,882.4,877.9,878.3,400.152848
1757307600000,878.5,879.2,871.5,874.7,506.420585
1757311200000,874.9,875.2,872.1,873.1,359.492356
1757314800000,872.9,876.1,872.9,874.0,343.189885
1757318400000,874.1,877.5,869.9,872.3,622.413238
1757322000000,872.1,876.2,871.7,876.2,506.995039
1757325600000,876.1,879.3,875.3,877.5,518.356267
1757329200000,877.5,879.0,875.3,878.7,270.438711
1757332800000,878.8,879.2,877.1,877.7,288.953107
1757336400000,877.8,881.6,877.6,878.8,743.64569
1757340000000,878.6,881.9,878.3,880.5,403.286858
1757343600000,880.6,882.8,878.8,880.0,858.120322
1757347200000,880.0,880.4,878.5,879.9,488.621329
1757350800000,879.9,882.0,878.0,878.3,386.175411
1757354400000,878.4,880.7,876.9,880.5,491.974697
1757358000000,880.5,880.5,875.9,877.4,366.295753
1757361600000,877.5,878.6,876.7,878.6,593.448045
1757365200000,878.6,882.2,877.6,881.7,755.52003
1757368800000,881.7,882.2,878.2,878.9,591.704775
1757372400000,878.9,879.4,877.5,878.0,240.108441
1757376000000,878.0,879.7,875.5,875.8,251.13973
1757379600000,875.8,876.7,871.7,873.2,424.063396
1757383200000,873.2,874.9,872.0,874.3,332.699871
1757386800000,874.2,875.6,873.6,875.4,206.548827
1757390400000,875.2,876.9,873.9,876.5,257.568436
1757394000000,876.4,877.3,875.0,877.1,260.918241
1757397600000,877.1,883.1,876.9,880.9,511.510344
1757401200000,881.0,884.4,880.8,881.2,395.079317
1757404800000,881.3,884.9,881.3,883.8,315.742655
1757408400000,883.8,884.1,880.8,881.1,265.43411
1757412000000,881.2,883.5,881.2,883.2,359.064137
1757415600000,883.0,883.0,880.3,880.3,261.426179
1757419200000,880.2,882.4,879.0,879.0,344.194745
1757422800000,879.1,880.9,876.7,880.0,366.734686
1757426400000,880.2,881.7,872.7,875.6,695.661877
1757430000000,875.6,875.9,871.5,873.3,478.707672
1757433600000,873.3,874.9,872.7,874.8,210.795063
1757437200000,874.8,876.4,873.8,874.0,209.038544
1757440800000,874.1,875.7,873.9,875.7,150.854124
1757444400000,875.7,877.5,875.4,877.2,80.461024
1757448000000,877.2,877.2,874.6,876.7,71.790555
1757451600000,876.7,878.7,876.1,877.9,193.101221
1757455200000,878.0,883.7,877.8,882.7,306.882018
1757458800000,883.0,883.3,878.4,879.8,634.790346
1757462400000,880.0,880.7,877.3,877.4,112.428555
1757466000000,877.4,880.4,877.3,878.8,171.372724
1757469600000,878.7,882.4,878.3,881.2,215.445194
1757473200000,881.3,882.7,880.0,880.3,310.227994
1757476800000,880.4,881.4,879.7,880.1,230.282737
1757480400000,880.2,882.0,878.8,881.3,274.298906
1757484000000,881.4,885.7,880.7,884.6,401.778839
1757487600000,884.8,885.4,881.7,883.5,383.608963
1757491200000,883.6,885.3,882.4,882.9,457.125737
1757494800000,882.9,883.2,881.4,881.8,330.640663
1757498400000,881.9,884.3,881.2,883.8,248.824054
1757502000000,883.8,884.8,883.3,884.8,330.267449
1757505600000,884.8,889.6,884.3,889.0,1189.265049
1757509200000,889.3,907.5,889.3,903.3,4028.044624
1757512800000,903.5,905.4,899.5,903.6,1684.123031
1757516400000,903.5,904.1,894.0,895.4,1259.581186
1757520000000,895.9,899.3,894.3,898.8,477.190585
1757523600000,899.0,899.5,893.6,897.4,1267.63733
1757527200000,897.1,897.5,893.4,895.0,331.122655
1757530800000,895.0,895.1,888.7,890.5,612.383268
1757534400000,890.8,892.3,890.1,890.4,404.307235
1757538000000,890.3,891.9,889.8,891.7,232.598501
1757541600000,891.5,895.0,888.4,892.3,224.753291
1757545200000,892.3,895.1,892.0,893.8,141.523785
1757548800000,893.7,893.7,888.6,891.1,284.027585
1757552400000,891.0,893.6,890.5,891.7,159.8542
1757556000000,891.6,892.8,890.1,890.4,154.088175
1757559600000,890.3,895.3,889.8,894.6,359.502941
1757563200000,894.5,895.3,892.6,894.8,368.402241
1757566800000,894.9,896.6,893.0,896.6,444.754516
1757570400000,896.0,898.8,894.8,896.9,356.326756
1757574000000,896.9,898.2,894.8,896.6,407.707856
1757577600000,896.8,898.6,895.2,898.1,266.129486
1757581200000,898.2,899.7,896.1,899.7,244.71682
1757584800000,899.8,901.5,897.9,900.3,368.791529
1757588400000,900.2,902.5,898.7,899.2,360.025707
1757592000000,899.3,904.8,892.6,900.8,1776.998385
1757595600000,900.9,901.2,896.3,901.0,744.201392
1757599200000,901.1,901.2,896.4,898.9,424.483316
1757602800000,899.0,899.5,891.9,893.3,936.873087
1757606400000,893.3,895.9,893.3,894.6,203.071923
1757610000000,894.4,897.5,894.0,897.5,301.68901
1757613600000,897.6,897.8,894.3,894.9,150.844688
1757617200000,894.8,897.2,894.7,897.0,106.159143
1757620800000,896.8,897.7,895.7,897.2,58.839502
1757624400000,897.3,897.4,895.1,897.1,147.958706
1757628000000,896.9,902.2,896.4,901.6,364.505109
1757631600000,901.5,903.6,900.7,902.8,194.461562
1757635200000,902.8,908.9,901.5,905.4,600.814998
1757638800000,905.3,907.1,903.8,904.5,551.565284
1757642400000,904.6,906.3,902.8,903.9,483.89108
1757646000000,903.9,905.5,901.8,904.7,485.295583
1757649600000,904.6,908.4,903.6,907.8,552.277399
1757653200000,908.0,909.6,906.5,909.1,459.361027
1757656800000,908.9,909.7,907.3,908.6,486.955383
1757660400000,908.6,908.8,903.1,903.3,419.302976
1757664000000,903.4,905.5,902.5,905.2,441.339115
1757667600000,905.2,909.4,905.2,907.7,396.730362
1757671200000,907.6,909.1,906.0,907.0,347.274423
1757674800000,906.9,907.2,904.3,905.4,447.15127
1757678400000,905.5,909.8,903.8,908.3,322.530799
1757682000000,908.2,909.6,907.0,908.9,296.270605
1757685600000,908.8,909.7,907.1,908.4,664.292431
1757689200000,908.4,908.6,905.5,907.0,320.54328
1757692800000,907.0,909.6,906.7,909.4,654.304671
1757696400000,909.4,919.2,908.1,917.6,1860.594484
1757700000000,917.5,926.0,915.7,923.1,1026.517155
1757703600000,923.4,925.7,920.8,924.4,418.980274
1757707200000,924.2,927.3,922.7,925.2,414.698046
1757710800000,925.1,925.5,922.2,923.4,407.576716
1757714400000,923.7,929.9,923.7,925.0,364.025086
1757718000000,925.3,926.0,922.4,925.0,760.368501
1757721600000,925.0,927.9,923.7,927.1,402.643184
1757725200000,927.3,929.4,926.8,926.8,402.159987
1757728800000,926.7,929.5,925.2,927.5,207.314081
1757732400000,927.5,929.4,926.2,927.9,270.266134
1757736000000,927.8,927.8,924.6,926.1,443.56563
1757739600000,926.1,928.0,925.2,925.2,277.387695
1757743200000,925.3,926.0,924.0,924.9,180.313707
1757746800000,924.9,925.7,924.0,925.2,205.923984
1757750400000,925.2,927.8,924.4,927.3,181.583803
1757754000000,927.4,940.9,926.5,938.7,1115.515785
1757757600000,938.7,944.2,936.8,941.3,1019.271287
1757761200000,941.3,942.5,937.9,941.6,541.683151
1757764800000,941.5,941.9,938.3,939.4,350.025891
1757768400000,939.5,942.5,932.7,936.7,719.567428
1757772000000,937.0,938.4,931.9,936.1,652.567175
1757775600000,936.1,944.0,935.7,936.7,1207.678061
1757779200000,936.7,937.8,924.7,925.4,1149.370262
1757782800000,925.7,930.4,922.2,929.2,378.830101
1757786400000,929.2,930.7,927.1,930.6,165.348293
1757790000000,930.7,931.1,928.5,930.1,105.665608
1757793600000,930.1,931.9,928.6,929.6,114.567841
1757797200000,929.5,934.2,929.3,932.8,547.545058
1757800800000,932.9,934.1,930.5,931.4,161.890377
1757804400000,931.4,934.2,931.2,933.9,125.603432
1757808000000,933.9,934.3,931.8,933.6,203.682696
1757811600000,933.6,936.9,929.4,934.5,327.730815
1757815200000,934.5,937.6,934.5,936.6,241.0593
1757818800000,936.7,939.0,931.2,931.3,355.65912
1757822400000,931.3,935.0,928.1,933.6,332.103037
1757826000000,933.9,943.4,933.9,942.8,292.018826
1757829600000,942.8,945.5,939.0,939.5,798.643089
1757833200000,939.5,940.8,937.2,937.9,310.265652
1757836800000,937.8,940.4,936.8,938.9,198.778364
1757840400000,939.0,941.6,938.0,941.6,245.684854
1757844000000,941.5,941.5,936.0,937.2,300.134169
1757847600000,937.4,938.2,931.3,931.9,386.659456
1757851200000,931.8,936.9,931.8,933.9,283.801422
1757854800000,933.9,935.1,928.3,930.0,549.771321
1757858400000,930.0,932.1,922.7,926.2,726.22102
1757862000000,926.2,928.4,923.0,924.5,492.855066
1757865600000,924.5,928.2,923.1,924.5,989.709072
1757869200000,924.5,928.9,923.6,928.0,345.820775
1757872800000,927.9,927.9,925.3,926.6,80.761544
1757876400000,926.6,928.9,925.5,927.2,115.902427
1757880000000,927.6,929.8,927.2,929.2,132.339889
1757883600000,929.2,933.5,926.9,933.5,181.078659
1757887200000,933.6,934.1,931.8,932.9,412.566921
1757890800000,933.0,933.0,925.1,926.2,172.27882
1757894400000,926.3,929.9,924.7,924.7,306.553147
1757898000000,924.6,929.8,922.0,928.0,591.447718
1757901600000,927.9,930.5,927.9,929.5,272.122799
1757905200000,929.5,933.0,929.2,932.4,461.355981
1757908800000,932.4,935.5,931.9,933.5,559.161922
1757912400000,933.4,935.2,932.8,934.2,295.020197
1757916000000,934.2,934.3,926.0,926.7,298.484772
1757919600000,926.7,929.9,922.5,923.5,774.724512
1757923200000,923.4,923.4,910.6,910.8,2133.889888
1757926800000,910.7,918.2,910.6,918.2,1277.979799
1757930400000,918.0,920.8,915.0,919.5,459.723789
1757934000000,919.6,922.1,918.0,920.2,326.306827
1757937600000,920.1,921.4,917.0,917.9,331.351778
1757941200000,918.0,923.4,916.0,917.7,794.459949
1757944800000,917.7,920.0,915.2,917.4,476.600589
1757948400000,917.4,918.6,912.7,916.6,593.620335
1757952000000,916.6,919.2,913.0,917.2,328.424126
1757955600000,917.2,919.6,916.0,919.6,139.6986
1757959200000,919.7,921.0,917.7,920.8,126.454832
1757962800000,920.7,922.2,917.7,919.3,99.329653
1757966400000,919.4,920.7,918.4,919.8,85.161945
1757970000000,919.9,922.3,918.6,922.1,175.50107
1757973600000,922.1,922.6,919.3,920.0,52.257477
1757977200000,919.9,920.3,918.4,919.8,69.012393
1757980800000,919.8,919.8,916.8,919.1,291.471149
1757984400000,919.2,922.4,919.1,920.6,253.138159
1757988000000,920.7,922.8,919.6,919.9,275.292544
1757991600000,919.9,922.5,919.0,921.3,209.560034
1757995200000,921.4,924.1,917.0,923.7,456.277749
1757998800000,923.7,929.6,923.2,929.6,549.521381
1758002400000,929.6,933.4,927.0,927.6,578.691156
1758006000000,927.5,932.5,927.5,931.2,610.748682
1758009600000,931.2,933.6,928.5,932.0,452.093055
1758013200000,931.7,931.9,927.8,929.0,294.508643
1758016800000,929.1,929.3,925.4,925.5,427.813035
1758020400000,925.7,928.4,925.0,927.5,347.784662
1758024000000,927.8,929.1,926.6,928.7,268.736873
1758027600000,928.8,932.9,922.8,927.1,1588.524621
1758031200000,927.2,928.1,922.2,927.4,445.093978
1758034800000,927.4,938.0,925.4,937.6,894.008058
1758038400000,937.6,938.0,932.5,934.8,614.166337
1758042000000,934.8,955.6,934.8,952.9,3288.117203
1758045600000,953.0,955.7,950.7,951.6,804.872498
1758049200000,951.6,957.4,951.5,954.9,562.190205
1758052800000,955.2,963.5,954.3,955.6,825.151978
1758056400000,955.7,958.0,953.8,956.9,522.893976
1758060000000,957.0,958.4,955.4,957.5,360.253528
1758063600000,957.5,958.5,954.1,956.1,560.708415
1758067200000,956.1,963.4,954.8,960.2,927.96082
1758070800000,960.3,960.6,956.6,957.2,573.829396
1758074400000,957.0,963.1,956.4,960.4,785.10876
1758078000000,960.4,961.8,956.9,957.3,586.795998
1758081600000,957.2,959.8,951.2,951.9,566.721628
1758085200000,952.1,953.2,947.3,952.4,1016.173882
1758088800000,952.3,955.5,950.3,954.5,1008.7836
1758092400000,954.4,958.2,953.1,955.1,775.620739
1758096000000,955.1,957.4,951.4,957.0,1358.107275
1758099600000,956.9,956.9,954.1,955.2,667.347241
1758103200000,955.3,957.4,952.3,953.4,742.845685
1758106800000,953.5,957.3,952.3,953.8,1032.815241
1758110400000,953.8,954.4,951.0,952.1,1122.612035
1758114000000,952.0,954.7,949.7,950.4,1042.766392
1758117600000,950.5,952.7,947.8,948.9,510.09073
1758121200000,948.9,953.7,948.3,951.5,546.119417
1758124800000,951.4,952.5,946.6,950.9,480.012339
1758128400000,950.7,955.4,949.6,949.9,707.756344
1758132000000,949.8,963.0,948.1,954.4,4246.38595
1758135600000,954.2,958.2,953.8,956.9,1184.779588
1758139200000,956.8,965.2,953.6,954.0,1709.670333
1758142800000,953.9,963.0,952.4,961.6,1254.739065
1758146400000,961.4,995.3,961.4,992.6,3963.607084
1758150000000,992.6,996.4,983.6,990.5,3885.147653
1758153600000,990.6,993.3,983.1,983.8,1362.265524
1758157200000,983.9,992.9,983.3,988.3,1463.034919
1758160800000,988.6,991.4,984.8,990.9,658.225287
1758164400000,991.1,997.3,989.8,995.9,1120.622763
1758168000000,995.9,996.2,991.4,994.4,1009.192524
1758171600000,994.3,995.4,988.0,991.6,1010.767365
1758175200000,991.6,995.2,989.7,994.5,1191.843142
1758178800000,994.6,1000.5,993.5,998.5,1535.14153
1758182400000,998.6,1007.4,998.3,1000.8,2528.310973
1758186000000,1000.8,1002.9,994.7,1001.6,1360.518583
1758189600000,1001.3,1002.8,991.6,993.6,1134.446335
1758193200000,994.0,995.0,990.8,992.0,695.469502
1758196800000,992.1,997.2,991.1,996.9,489.654444
1758200400000,996.9,999.2,992.3,995.0,822.207167
1758204000000,995.1,996.0,993.5,995.7,701.517328
1758207600000,995.6,997.2,993.1,993.6,618.973273
1758211200000,993.6,995.8,991.4,994.3,703.650622
1758214800000,994.4,994.6,991.1,991.8,632.032281
1758218400000,991.9,992.6,986.5,987.9,787.367396
1758222000000,987.9,989.3,986.1,988.4,428.581709
1758225600000,988.4,989.4,988.0,988.3,332.069703
1758229200000,988.2,989.1,987.0,988.3,339.103506
1758232800000,988.1,988.5,982.3,982.9,778.979453
1758236400000,983.0,983.6,979.9,981.5,927.176874
1758240000000,981.6,986.2,981.1,986.1,702.860125
1758243600000,986.1,988.0,984.5,986.1,537.622584
1758247200000,986.0,987.1,984.2,986.2,359.277664
1758250800000,986.2,989.5,982.5,985.1,1075.833711
1758254400000,984.8,992.5,982.5,991.9,1128.197935
1758258000000,992.1,996.6,989.3,994.3,1158.636208
1758261600000,994.3,995.9,992.1,993.7,941.424216
1758265200000,993.8,997.9,992.3,994.8,1563.563647
1758268800000,994.8,1003.2,994.8,1000.7,1200.295061
1758272400000,1000.8,1002.4,993.8,994.9,1327.539857
1758276000000,995.1,996.6,989.0,991.2,1635.155377
1758279600000,991.3,992.0,984.8,986.0,1930.936355
1758283200000,985.8,989.4,985.3,987.8,1900.022837
1758286800000,987.8,992.9,987.0,991.7,1107.06934
1758290400000,992.1,992.6,983.3,983.9,1467.618639
1758294000000,984.0,986.3,974.3,983.0,2318.456826
1758297600000,983.1,986.1,981.5,982.9,834.53784
1758301200000,982.9,984.2,978.5,978.7,453.344816
1758304800000,978.7,980.9,975.5,979.3,377.169935
1758308400000,978.9,981.9,978.3,978.7,157.580486
1758312000000,978.6,982.5,977.4,979.8,497.924066
1758315600000,979.8,984.2,979.3,983.4,286.857049
1758319200000,983.4,985.5,983.0,984.4,247.068151
1758322800000,984.5,984.8,978.5,984.4,497.315094
1758326400000,984.3,988.1,983.7,986.9,597.073546
1758330000000,987.0,987.7,984.8,986.2,1960.395389
1758333600000,986.1,991.6,983.8,991.5,6650.296191
1758337200000,991.5,994.0,989.0,992.8,9147.017255
1758340800000,992.9,1000.6,992.1,1000.4,4808.557003
1758344400000,1000.4,1002.5,996.0,997.7,2704.967686
1758348000000,997.8,998.6,995.6,997.1,377.045854
1758351600000,997.3,1000.4,995.3,999.8,980.966393
1758355200000,999.9,1005.8,996.1,996.8,2982.848111
1758358800000,996.9,999.0,994.3,996.4,779.830409
1758362400000,996.5,1001.3,996.5,997.8,1077.818928
1758366000000,997.9,1003.6,997.9,1002.3,1620.626483
1758369600000,1002.3,1002.6,998.9,1000.8,602.878412
1758373200000,1000.8,1002.3,999.2,1001.0,605.56676
1758376800000,1001.0,1015.4,1000.0,1012.1,4529.358894
1758380400000,1012.3,1028.7,1012.3,1021.5,3539.135863
1758384000000,1021.7,1026.1,1018.9,1025.8,1251.57882
1758387600000,1025.9,1029.8,1022.3,1026.6,1427.806529
1758391200000,1026.6,1027.3,1021.2,1022.2,967.097278
1758394800000,1022.4,1025.2,1017.2,1019.6,1154.213664
1758398400000,1019.5,1021.5,1018.8,1020.5,289.276434
1758402000000,1020.5,1049.8,1020.4,1040.9,5297.366113
1758405600000,1041.0,1041.1,1034.8,1040.3,2114.567138
1758409200000,1040.6,1045.6,1035.8,1044.5,1793.51522
1758412800000,1044.4,1066.6,1039.9,1061.9,4772.693543
1758416400000,1061.8,1077.0,1054.3,1072.9,4859.024453
1758420000000,1072.9,1084.2,1070.9,1075.0,7298.584488
1758423600000,1074.6,1076.1,1068.1,1069.8,1807.283823
1758427200000,1069.5,1071.0,1058.0,1068.6,3359.846276
1758430800000,1068.7,1069.0,1064.0,1068.3,993.688562
1758434400000,1068.4,1078.5,1066.5,1076.4,1657.10481
1758438000000,1076.6,1081.6,1072.5,1074.3,1762.283184
1758441600000,1074.3,1075.8,1067.5,1072.6,1251.55748
1758445200000,1072.6,1073.1,1051.4,1058.7,2715.342108
1758448800000,1058.6,1064.6,1057.6,1061.0,894.027589
1758452400000,1060.9,1064.1,1050.4,1051.4,1453.274892
1758456000000,1051.3,1057.7,1044.2,1046.5,1564.727485
1758459600000,1046.1,1055.6,1046.1,1052.6,1169.785431
1758463200000,1052.6,1057.0,1048.6,1050.4,863.985306
1758466800000,1050.4,1056.8,1050.1,1056.8,877.340784
1758470400000,1056.6,1058.0,1040.1,1043.4,2371.828851
1758474000000,1043.4,1049.7,1041.4,1049.6,1425.614587
1758477600000,1049.6,1053.0,1048.1,1052.3,698.588942
1758481200000,1052.4,1052.6,1045.3,1048.4,436.554957
1758484800000,1048.3,1048.4,1041.8,1045.4,355.94377
1758488400000,1045.4,1052.8,1045.0,1050.0,521.24618
1758492000000,1049.9,1054.8,1047.2,1053.2,420.948822
1758495600000,1053.0,1053.1,1045.8,1048.2,435.828313
1758499200000,1048.2,1050.8,1025.1,1030.3,3275.823201
1758502800000,1030.1,1045.4,1028.1,1037.1,1871.539663
1758506400000,1037.1,1039.7,1028.0,1032.2,1875.332467
1758510000000,1032.1,1035.0,1025.2,1030.4,1253.046669
1758513600000,1030.3,1038.6,1027.7,1033.4,1770.502697
1758517200000,1033.3,1035.7,1019.0,1019.1,959.9117
1758520800000,1019.6,1025.1,994.0,1024.9,8970.249907
1758524400000,1024.7,1028.6,1021.4,1024.8,3478.079266
1758528000000,1024.7,1036.8,1024.3,1029.4,4117.518648
1758531600000,1029.6,1029.6,1014.7,1018.4,2976.868801
1758535200000,1018.4,1025.0,1013.5,1023.4,2074.66136
1758538800000,1023.3,1024.4,1018.4,1018.9,1275.377795
1758542400000,1019.1,1024.2,1017.6,1021.8,1504.98903
1758546000000,1021.9,1028.3,1015.1,1023.5,2649.347613
1758549600000,1022.8,1022.9,1002.8,1003.9,3197.476804
1758553200000,1003.8,1006.5,994.9,998.1,2815.664429
1758556800000,998.2,998.9,991.3,993.0,4795.079504
1758560400000,993.0,994.9,983.8,994.3,3978.936383
1758564000000,994.1,994.7,986.1,987.7,536.302797
1758567600000,987.5,988.6,977.3,981.6,2089.325617
1758571200000,981.4,990.2,979.2,988.2,1968.968253
1758574800000,988.3,995.1,984.8,992.5,1732.720902
1758578400000,992.3,994.0,990.0,992.3,1488.709813
1758582000000,992.4,994.5,990.0,993.0,1621.899022
1758585600000,993.0,997.6,991.1,991.5,1387.150205
1758589200000,991.6,992.0,983.6,983.6,613.413398
1758592800000,983.6,987.1,970.3,970.7,1673.450188
1758596400000,970.7,984.4,962.6,982.8,2677.95743
1758600000000,982.8,985.6,976.8,982.4,1324.608875
1758603600000,982.2,989.8,980.6,989.1,1201.048707
1758607200000,989.2,998.7,988.2,997.6,2504.986717
1758610800000,997.4,1007.8,995.1,1002.3,2276.270618
1758614400000,1002.3,1016.8,1001.7,1004.5,2424.352002
1758618000000,1004.4,1008.5,998.1,999.7,1894.907754
1758621600000,999.6,1006.6,997.0,1005.2,991.01513
1758625200000,1005.1,1011.3,1002.0,1010.6,737.700278
1758628800000,1010.8,1023.0,1009.5,1018.7,1786.299269
1758632400000,1018.6,1022.9,1014.6,1016.8,2195.326361
1758636000000,1016.8,1022.6,1011.9,1013.0,1260.873945
1758639600000,1013.1,1026.7,1009.4,1022.9,1773.861993
1758643200000,1022.9,1027.6,1018.0,1024.1,1297.069177
1758646800000,1024.1,1024.4,1011.5,1014.4,1043.263043
1758650400000,1014.2,1016.3,1007.1,1011.6,924.47925
1758654000000,1011.4,1015.9,1006.4,1009.3,373.723866
1758657600000,1009.3,1014.6,1008.4,1014.2,446.308994
1758661200000,1014.1,1021.4,1013.1,1021.1,423.591385
1758664800000,1021.1,1021.2,1015.3,1016.5,270.010049
1758668400000,1016.6,1019.0,1011.8,1016.4,268.437855
1758672000000,1016.4,1024.7,1014.2,1017.6,786.778541
1758675600000,1017.7,1027.1,1016.2,1024.3,545.166737
1758679200000,1024.4,1024.7,1015.7,1019.7,686.090313
1758682800000,1019.6,1022.6,1001.9,1002.3,6303.263852
1758686400000,1002.3,1011.1,991.1,1007.8,14939.722273
1758690000000,1007.7,1016.1,1007.0,1014.2,1146.895815
1758693600000,1014.3,1018.3,1010.5,1017.5,1198.633252
1758697200000,1017.6,1018.9,1013.5,1018.0,802.691853
1758700800000,1018.0,1026.6,1015.8,1025.1,1893.684722
1758704400000,1025.3,1034.6,1022.1,1032.2,1807.537811
1758708000000,1032.5,1032.6,1020.0,1023.7,1635.810851
1758711600000,1023.6,1023.8,1012.4,1016.2,1215.18533
1758715200000,1016.1,1019.1,1014.7,1017.0,928.10197
1758718800000,1017.1,1018.6,1006.3,1009.2,1457.61031
1758722400000,1009.1,1021.5,1009.1,1016.9,1938.245319
1758726000000,1017.3,1019.3,1008.8,1009.2,1198.992057
1758729600000,1009.2,1015.8,1008.0,1013.3,907.756321
1758733200000,1013.4,1019.5,1013.1,1016.7,574.509369
1758736800000,1016.7,1017.5,1013.5,1015.5,522.256415
1758740400000,1015.7,1017.7,1014.2,1015.6,455.571061
1758744000000,1015.7,1018.6,1012.8,1018.1,210.058144
1758747600000,1018.0,1019.2,1012.2,1012.7,400.399539
1758751200000,1012.9,1019.3,1012.9,1018.8,342.453321
1758754800000,1018.8,1019.6,1015.7,1018.4,493.269609
1758758400000,1018.3,1019.7,1015.0,1016.5,717.9379
1758762000000,1016.2,1016.5,1003.1,1004.9,1681.13691
1758765600000,1005.2,1015.3,1003.3,1009.8,1393.383273
1758769200000,1009.9,1009.9,995.5,999.6,1895.050425
1758772800000,999.6,1000.2,985.1,990.2,4769.425162
1758776400000,990.1,998.0,987.6,996.8,1829.732503
1758780000000,996.7,997.0,988.3,989.3,2110.671927
1758783600000,989.3,994.4,986.6,992.0,1268.017513
1758787200000,992.3,996.3,988.0,990.9,892.048797
1758790800000,990.8,996.1,989.0,989.6,1223.893145
1758794400000,989.7,990.4,981.7,983.4,823.986401
1758798000000,983.5,987.6,981.0,986.1,913.690375
1758801600000,986.0,995.2,979.8,989.5,8163.538861
1758805200000,989.5,996.1,986.1,990.1,2136.062131
1758808800000,990.2,1000.5,990.2,996.3,1240.128427
1758812400000,996.1,997.0,989.1,995.2,1219.268049
1758816000000,995.2,996.9,977.3,981.4,2619.41402
1758819600000,981.2,981.2,950.3,956.2,9740.736824
1758823200000,956.3,969.1,956.2,968.5,1876.693231
1758826800000,968.7,969.7,956.7,959.0,1064.026646
1758830400000,959.2,961.4,952.2,953.3,1094.308797
1758834000000,953.3,960.4,948.9,953.4,1100.792984
1758837600000,953.1,958.0,945.9,946.0,1087.572825
1758841200000,946.0,951.8,940.0,946.3,2260.273039
1758844800000,946.4,956.6,945.0,955.7,1607.369448
1758848400000,955.6,959.5,952.0,953.1,1083.471095
1758852000000,953.2,957.2,945.5,945.8,1769.151653
1758855600000,945.8,948.1,941.4,946.3,914.76356
1758859200000,946.1,948.2,936.5,938.7,1438.545115
1758862800000,938.6,944.0,937.0,939.8,619.032234
1758866400000,939.8,948.2,936.5,944.1,1335.262838
1758870000000,943.8,950.0,943.6,949.6,1332.617007
1758873600000,949.6,950.8,946.7,947.4,799.000132
1758877200000,947.5,949.6,938.1,944.8,1267.022328
1758880800000,944.8,945.1,935.0,937.5,725.927008
1758884400000,937.8,940.8,932.4,937.2,866.530962
1758888000000,937.3,949.1,932.2,947.1,1409.384735
1758891600000,947.5,951.8,941.9,949.2,1005.280606
1758895200000,949.1,950.1,935.4,937.8,1013.398837
1758898800000,938.0,944.9,937.4,942.6,900.460345
1758902400000,942.6,955.6,941.5,954.6,658.125981
1758906000000,954.7,964.0,953.8,964.0,1620.780939
1758909600000,964.0,966.2,957.0,960.0,1458.319451
1758913200000,959.9,960.3,951.4,954.8,876.064555
1758916800000,954.8,957.5,951.6,954.2,547.62092
1758920400000,953.7,956.5,951.6,956.1,470.438646
1758924000000,956.3,960.0,954.2,956.6,543.672171
1758927600000,956.6,961.0,953.9,960.9,328.650931
1758931200000,961.0,962.8,957.8,962.7,882.311094
1758934800000,962.6,963.4,955.6,959.0,503.002771
1758938400000,959.1,963.4,958.6,962.1,891.28259
1758942000000,962.2,967.4,960.4,966.3,468.586806
1758945600000,966.3,972.7,965.2,972.2,929.429366
1758949200000,972.3,972.5,967.0,968.7,939.215151
1758952800000,968.9,969.9,964.8,968.7,943.796298
1758956400000,968.9,973.7,968.9,972.0,718.845348
1758960000000,972.0,972.2,965.6,966.3,1345.410218
1758963600000,966.4,971.6,965.2,968.5,1055.665319
1758967200000,968.5,976.1,966.2,973.1,1062.489707
1758970800000,973.1,973.3,969.8,970.4,475.983838
1758974400000,970.4,973.8,968.4,972.8,485.398525
1758978000000,972.8,979.2,972.0,978.1,1163.031795
1758981600000,978.0,985.7,977.7,981.7,2454.007081
1758985200000,981.4,982.5,976.0,976.0,1081.625637
1758988800000,976.2,977.0,972.5,972.9,695.594992
1758992400000,973.0,973.2,964.8,971.4,1450.381492
1758996000000,971.2,971.2,965.8,968.8,529.688896
1758999600000,968.9,970.4,967.1,969.6,163.639642
1759003200000,969.8,970.3,967.5,968.2,267.305528
1759006800000,968.2,972.8,967.1,972.3,422.634907
1759010400000,972.5,977.8,970.8,972.1,713.414286
1759014000000,972.2,973.8,967.5,968.6,532.731946
1759017600000,968.6,971.2,965.3,967.9,716.787391
1759021200000,968.0,971.8,966.8,967.2,851.007463
1759024800000,967.2,973.0,966.7,972.1,412.990934
1759028400000,972.2,974.7,970.9,973.9,608.758167
1759032000000,973.9,975.0,971.0,973.4,362.649961
1759035600000,973.4,974.4,970.8,971.3,243.037629
1759039200000,971.3,973.5,968.3,971.2,329.694681
1759042800000,971.2,972.4,968.6,969.4,539.228016
1759046400000,969.4,970.6,963.1,964.7,512.304405
1759050000000,964.5,968.7,962.7,968.5,336.263515
1759053600000,968.4,970.9,965.0,970.0,429.129352
1759057200000,970.0,973.0,967.4,973.0,505.620718
1759060800000,973.1,974.6,966.1,968.8,443.383712
1759064400000,968.7,975.0,968.3,973.6,742.632087
1759068000000,973.7,979.2,972.3,975.0,696.740394
1759071600000,975.4,976.3,973.3,975.8,574.357568
1759075200000,975.9,980.4,975.9,977.2,1061.674591
1759078800000,977.1,979.5,975.5,977.5,768.248869
1759082400000,977.4,979.1,976.8,978.9,461.504914
1759086000000,979.0,979.5,975.0,977.8,870.153249
1759089600000,978.0,983.5,977.5,982.2,429.770924
1759093200000,982.1,984.0,980.1,981.7,674.180125
1759096800000,981.8,989.7,981.4,988.8,970.317462
1759100400000,988.8,993.7,987.8,992.8,1817.320405
1759104000000,993.0,995.6,991.5,994.6,1537.443412
1759107600000,994.4,1001.5,993.6,994.3,1489.746156
1759111200000,994.2,999.9,992.4,999.8,927.009729
1759114800000,999.8,1011.3,998.6,1010.3,1423.538498
1759118400000,1010.3,1014.0,1006.9,1007.9,723.539244
1759122000000,1007.8,1012.0,1005.4,1010.5,1335.694658
1759125600000,1010.6,1011.6,1005.4,1009.4,5757.189792
1759129200000,1009.4,1010.7,1007.1,1009.6,3607.458695
1759132800000,1009.6,1012.5,1006.7,1006.9,1633.531565
1759136400000,1006.8,1007.2,1002.1,1007.2,1320.116317
1759140000000,1007.1,1010.3,1005.7,1008.4,753.589741
1759143600000,1008.4,1008.4,1003.5,1005.2,658.631326
1759147200000,1005.2,1008.2,1000.6,1001.6,633.807443
1759150800000,1001.7,1013.7,999.7,1012.2,1963.780242
1759154400000,1012.3,1023.5,1012.1,1018.3,3394.977727
1759158000000,1018.6,1019.0,1007.8,1010.9,1616.542453
1759161600000,1011.1,1014.1,1005.0,1005.3,1111.981137
1759165200000,1005.4,1012.7,1003.5,1011.9,1021.944126
1759168800000,1012.2,1017.5,1010.2,1017.3,548.627911
1759172400000,1017.3,1021.1,1017.1,1020.1,340.548733
1759176000000,1020.2,1029.1,1019.0,1027.5,1754.746964
1759179600000,1027.8,1030.9,1025.7,1030.8,891.109248
1759183200000,1030.7,1036.7,1029.3,1034.6,1224.621417
1759186800000,1034.7,1036.4,1028.5,1030.1,1178.52191
1759190400000,1030.1,1034.1,1027.2,1028.2,1319.712927
1759194000000,1028.3,1031.4,1024.3,1026.0,689.642522
1759197600000,1025.9,1028.0,1021.7,1022.1,494.883804
1759201200000,1022.2,1026.4,1021.7,1023.6,239.788515
1759204800000,1023.7,1028.2,1023.3,1025.8,284.871828
1759208400000,1025.8,1026.0,1019.8,1023.9,1547.026453
1759212000000,1023.9,1027.0,1022.0,1026.3,1188.940438
1759215600000,1026.4,1028.3,1016.8,1020.4,888.129558
1759219200000,1020.3,1021.8,1019.2,1020.0,464.525778
1759222800000,1019.9,1020.9,1007.2,1008.1,2199.944563
1759226400000,1008.2,1011.1,1006.1,1010.2,1793.639278
1759230000000,1010.2,1017.0,1008.9,1014.7,778.340956
1759233600000,1014.7,1015.0,1008.8,1009.0,347.481912
1759237200000,1008.9,1013.9,1005.8,1008.4,884.632068
1759240800000,1008.4,1009.7,1001.5,1005.9,1113.768371
1759244400000,1005.9,1005.9,992.8,998.3,1719.589664
1759248000000,998.3,1002.4,996.8,998.2,839.601602
1759251600000,998.3,1004.1,996.8,1001.3,647.074244
1759255200000,1001.3,1004.1,999.6,1003.3,157.389663
1759258800000,1003.3,1009.3,1002.9,1007.5,341.055889
1759262400000,1007.3,1009.2,1003.3,1008.7,250.314425
1759266000000,1008.8,1010.6,1002.2,1002.5,534.749909
1759269600000,1002.7,1005.5,1001.1,1003.2,471.756628
1759273200000,1003.2,1009.2,1001.2,1008.7,550.648907
1759276800000,1008.8,1014.1,1008.5,1012.9,3087.376004
1759280400000,1013.0,1016.2,1011.4,1014.6,1650.303128
1759284000000,1014.6,1014.8,1008.7,1009.2,1304.731363
1759287600000,1009.0,1009.2,1003.2,1004.8,1853.835167
1759291200000,1005.0,1012.9,1004.6,1009.9,544.423334
1759294800000,1010.0,1013.3,1009.5,1011.1,284.232788
1759298400000,1011.2,1011.7,1007.6,1008.4,434.56606
1759302000000,1008.3,1012.4,1008.1,1009.8,605.904953
1759305600000,1009.8,1030.8,1009.3,1027.5,2576.187933
1759309200000,1027.8,1036.1,1025.6,1032.9,2818.867018
1759312800000,1033.0,1033.6,1025.5,1028.2,1215.004887
1759316400000,1028.3,1030.3,1020.9,1023.1,2147.874413
1759320000000,1023.1,1025.0,1016.4,1018.2,2566.190345
1759323600000,1018.2,1025.6,1018.1,1023.4,1077.123353
1759327200000,1023.4,1028.7,1020.9,1021.9,1909.480783
1759330800000,1021.9,1022.4,1016.1,1019.2,1035.669719
1759334400000,1019.3,1022.2,1017.6,1020.8,1751.019846
1759338000000,1020.9,1025.5,1019.6,1020.2,703.778498
1759341600000,1020.0,1023.4,1019.6,1020.0,441.012869
1759345200000,1020.0,1022.4,1019.1,1019.4,599.436583
1759348800000,1019.5,1021.9,1017.4,1021.9,258.323482
1759352400000,1021.9,1022.4,1019.4,1019.7,385.34056
1759356000000,1019.6,1023.0,1019.1,1021.7,316.8925
1759359600000,1021.7,1026.4,1020.2,1026.4,1227.88725
1759363200000,1026.5,1032.2,1022.5,1024.9,1889.551673
1759366800000,1024.8,1039.1,1023.5,1035.5,1697.489453
1759370400000,1035.4,1037.8,1030.8,1035.5,1168.831668
1759374000000,1035.8,1036.1,1030.4,1031.1,488.170797
1759377600000,1031.1,1034.2,1027.2,1030.4,555.625624
1759381200000,1030.4,1033.9,1028.2,1031.1,799.168907
1759384800000,1031.1,1041.3,1030.9,1036.5,1393.556434
1759388400000,1036.5,1039.7,1034.8,1036.2,658.593466
1759392000000,1036.3,1038.5,1033.5,1034.4,405.371159
1759395600000,1034.5,1041.4,1033.9,1040.4,1017.544416
1759399200000,1040.5,1045.9,1037.1,1044.2,1853.875972
1759402800000,1044.2,1049.9,1043.9,1047.7,2156.155129
1759406400000,1047.9,1063.8,1047.4,1060.4,2290.875761
1759410000000,1060.5,1061.5,1053.2,1054.6,2768.239504
1759413600000,1054.6,1056.7,1044.2,1045.8,1332.205095
1759417200000,1045.9,1056.5,1041.4,1055.8,1014.980833
1759420800000,1055.9,1062.7,1055.4,1061.4,1820.19792
1759424400000,1061.4,1062.0,1058.2,1059.3,686.076075
1759428000000,1059.4,1068.5,1059.3,1068.0,1020.28859
1759431600000,1068.2,1076.9,1066.8,1073.9,824.052095
1759435200000,1074.1,1086.0,1073.2,1082.1,2042.159418
1759438800000,1082.1,1089.6,1077.8,1078.8,1358.155089
1759442400000,1078.8,1094.0,1078.3,1092.8,1525.151828
1759446000000,1092.7,1099.5,1086.8,1090.3,2030.475198
1759449600000,1090.3,1094.1,1084.2,1085.9,1384.446027
1759453200000,1086.2,1097.3,1086.2,1088.5,1550.759773
1759456800000,1088.5,1098.5,1087.1,1096.8,1263.403959
1759460400000,1096.8,1112.8,1096.6,1108.1,2365.970362
1759464000000,1107.9,1113.2,1093.9,1099.1,3145.152679
1759467600000,1099.2,1101.2,1092.6,1094.4,1272.669142
1759471200000,1094.4,1101.0,1090.2,1092.1,1877.089197
1759474800000,1092.1,1093.1,1084.7,1086.4,1673.829479
1759478400000,1086.5,1097.8,1083.5,1096.6,1600.732455
1759482000000,1096.8,1119.1,1096.3,1109.1,3675.494543
1759485600000,1109.1,1110.4,1105.5,1107.4,1305.737638
1759489200000,1107.4,1108.1,1101.6,1106.6,1056.569103
1759492800000,1106.6,1110.5,1105.6,1107.1,738.849674
1759496400000,1107.2,1147.2,1102.7,1138.2,5762.773222
1759500000000,1138.2,1143.8,1119.6,1142.7,7572.095419
1759503600000,1142.6,1168.8,1137.2,1165.6,5669.840669
1759507200000,1165.7,1168.5,1149.7,1156.0,3792.741537
1759510800000,1156.0,1156.1,1128.8,1136.1,6672.772273
1759514400000,1136.3,1178.8,1133.2,1172.7,2282.229695
1759518000000,1173.1,1174.0,1164.2,1170.4,1431.070818
1759521600000,1170.6,1183.4,1165.3,1181.8,1438.624883
1759525200000,1181.9,1182.5,1172.0,1177.7,1219.434588
1759528800000,1177.8,1192.7,1177.7,1183.2,1637.814138
1759532400000,1183.1,1190.5,1172.5,1190.1,1799.172531
1759536000000,1190.0,1190.9,1174.2,1177.0,3725.920169
1759539600000,1177.0,1179.5,1163.0,1170.8,6543.639895
1759543200000,1170.7,1177.4,1164.7,1176.0,3961.457513
1759546800000,1176.3,1180.8,1169.0,1170.1,1451.036559
1759550400000,1170.2,1175.9,1166.4,1174.4,4208.299164
1759554000000,1174.4,1183.0,1174.2,1177.4,1405.508634
1759557600000,1177.5,1178.0,1171.0,1172.2,879.946736
1759561200000,1172.5,1175.0,1166.0,1167.4,1382.119566
1759564800000,1167.2,1169.6,1151.0,1155.9,3671.189676
1759568400000,1155.9,1162.1,1149.2,1150.3,2647.936393
1759572000000,1150.3,1156.6,1146.1,1148.8,4216.934206
1759575600000,1148.8,1154.3,1144.6,1151.5,1438.495739
1759579200000,1151.5,1153.8,1143.5,1143.9,897.673979
1759582800000,1143.9,1150.5,1143.0,1146.9,1611.85348
1759586400000,1147.0,1154.1,1144.4,1146.6,1070.962084
1759590000000,1146.6,1150.9,1139.7,1144.3,1508.681397
1759593600000,1144.4,1147.5,1137.0,1143.1,1613.698977
1759597200000,1143.2,1158.7,1142.0,1150.2,1270.722734
1759600800000,1150.2,1150.5,1142.6,1143.8,540.245598
1759604400000,1143.8,1147.6,1143.5,1147.3,310.039002
1759608000000,1147.3,1151.2,1146.6,1146.9,299.162375
1759611600000,1146.8,1156.7,1146.8,1152.5,702.705215
1759615200000,1152.4,1155.3,1147.4,1147.7,735.855068
1759618800000,1147.7,1152.3,1145.0,1151.3,1808.966539
1759622400000,1151.4,1154.3,1145.4,1147.2,1654.160141
1759626000000,1147.4,1152.8,1144.0,1150.3,1374.439085
1759629600000,1150.3,1166.0,1148.9,1163.2,2508.933887
1759633200000,1163.4,1170.0,1161.8,1163.5,3530.345073
1759636800000,1163.4,1186.8,1163.4,1182.5,3189.226319
1759640400000,1182.6,1190.0,1176.4,1178.7,2820.047438
1759644000000,1178.8,1180.6,1167.4,1169.6,954.213999
1759647600000,1169.7,1181.0,1168.0,1178.6,1671.351432
1759651200000,1178.5,1180.7,1173.5,1174.6,810.35381
1759654800000,1174.7,1175.2,1156.9,1161.6,2701.89035
1759658400000,1161.7,1164.7,1153.5,1163.0,1923.070437
1759662000000,1163.0,1168.5,1158.2,1167.8,588.149283
1759665600000,1168.2,1171.0,1161.8,1169.0,1466.19196
1759669200000,1168.7,1169.2,1162.0,1163.1,1619.596149
1759672800000,1163.3,1167.8,1153.2,1160.9,3096.319037
1759676400000,1161.0,1163.3,1156.6,1158.4,1231.474041
1759680000000,1158.2,1169.4,1155.7,1167.7,814.715658
1759683600000,1167.7,1169.8,1160.1,1163.6,893.173348
1759687200000,1163.7,1164.9,1156.3,1159.0,520.971448
1759690800000,1159.2,1159.2,1148.3,1149.9,500.190682
1759694400000,1149.9,1158.1,1147.9,1156.5,432.128464
1759698000000,1156.5,1161.2,1154.7,1161.2,422.113792
1759701600000,1161.3,1165.0,1160.1,1162.1,279.22171
1759705200000,1162.0,1167.7,1160.0,1167.7,414.254591
1759708800000,1167.7,1178.3,1162.3,1168.3,3225.1528
1759712400000,1168.5,1184.6,1166.7,1179.6,2722.148103
1759716000000,1179.7,1182.8,1172.2,1180.1,845.943861
1759719600000,1180.1,1183.5,1177.3,1182.8,1316.992522
1759723200000,1182.9,1186.5,1179.7,1184.8,1231.648241
1759726800000,1184.1,1196.3,1179.0,1190.5,2417.440327
1759730400000,1190.6,1224.9,1189.9,1209.6,9486.425558
1759734000000,1209.9,1216.6,1196.0,1198.6,5591.638918
1759737600000,1198.6,1213.3,1198.6,1208.8,2696.481795
1759741200000,1208.8,1219.3,1208.3,1218.6,1602.920291
1759744800000,1218.4,1221.1,1213.1,1216.3,1489.080903
1759748400000,1216.2,1223.5,1212.4,1222.7,2518.82318
1759752000000,1222.9,1239.9,1222.0,1236.4,4134.992471
1759755600000,1236.4,1238.6,1224.2,1225.2,4657.209847
1759759200000,1225.2,1228.7,1209.4,1217.7,2920.232679
1759762800000,1217.8,1226.2,1215.6,1221.9,1444.629669
1759766400000,1221.9,1227.0,1214.0,1222.8,1589.249247
1759770000000,1222.6,1223.4,1215.9,1220.9,1987.315609
1759773600000,1220.8,1222.2,1215.6,1219.8,978.390635
1759777200000,1219.8,1227.8,1218.8,1225.7,717.262976
1759780800000,1225.4,1226.8,1219.7,1222.7,1039.505627
1759784400000,1222.8,1231.0,1219.0,1227.8,1292.422144
1759788000000,1227.6,1231.4,1222.6,1225.4,704.430895
1759791600000,1225.4,1227.8,1218.4,1224.0,2695.00172
1759795200000,1223.6,1230.2,1221.7,1222.4,2210.372768
1759798800000,1222.5,1224.7,1204.0,1213.5,3363.303148
1759802400000,1213.6,1224.8,1213.5,1223.9,1630.803249
1759806000000,1224.0,1229.2,1222.8,1223.4,1845.781245
1759809600000,1223.4,1246.6,1220.3,1245.2,3128.16484
1759813200000,1245.4,1264.9,1239.2,1258.3,8655.192526
1759816800000,1258.1,1259.2,1239.1,1243.2,5740.474463
1759820400000,1243.5,1258.9,1240.9,1250.8,2423.946876
1759824000000,1250.9,1275.0,1232.7,1265.2,8285.827503
1759827600000,1265.4,1284.6,1263.2,1281.0,7294.449201
1759831200000,1281.2,1298.5,1273.7,1292.5,5698.944078
1759834800000,1292.5,1318.6,1286.9,1313.8,9015.301233
1759838400000,1313.8,1360.0,1301.7,1320.5,14238.019873
1759842000000,1321.0,1335.0,1297.7,1316.2,10064.296712
1759845600000,1316.1,1319.8,1290.2,1295.0,9462.42328
1759849200000,1294.9,1304.7,1261.2,1281.3,16688.01809
1759852800000,1280.8,1304.2,1266.1,1287.4,9653.658702
1759856400000,1287.3,1295.1,1276.0,1285.8,3416.697742
1759860000000,1286.1,1287.6,1272.1,1277.0,2540.16442
1759863600000,1276.8,1300.6,1276.4,1297.7,3129.611458
1759867200000,1298.0,1317.2,1296.5,1312.8,3627.304298
1759870800000,1313.2,1330.0,1304.9,1311.0,4323.663464
1759874400000,1311.0,1323.3,1306.5,1308.3,2712.414065
1759878000000,1308.4,1317.5,1302.5,1305.4,4039.468462
1759881600000,1305.3,1335.4,1303.2,1316.4,5126.493192
1759885200000,1316.2,1318.7,1305.0,1312.1,4555.254691
1759888800000,1312.2,1312.4,1281.5,1289.9,5790.252399
1759892400000,1289.9,1290.0,1271.1,1276.3,4929.932568
1759896000000,1276.5,1290.0,1264.4,1286.1,5670.225659
1759899600000,1286.0,1286.4,1271.8,1285.4,3779.596593
1759903200000,1285.3,1310.5,1279.4,1306.9,7068.55896
1759906800000,1307.2,1314.0,1300.0,1312.4,6277.278261
1759910400000,1312.4,1328.1,1308.5,1322.3,6752.881562
1759914000000,1322.0,1326.0,1303.0,1315.9,7448.57553
1759917600000,1315.9,1330.0,1311.9,1314.2,6413.526021
1759921200000,1314.3,1319.0,1306.0,1314.8,5444.030686
1759924800000,1314.8,1320.3,1304.5,1306.4,4840.312132
1759928400000,1306.3,1315.3,1292.9,1313.6,5350.179205
1759932000000,1313.3,1321.2,1294.2,1299.1,4451.320598
1759935600000,1299.2,1306.0,1283.7,1293.9,4312.998803
1759939200000,1293.8,1304.3,1289.1,1303.3,2929.050641
1759942800000,1303.2,1313.8,1300.9,1313.3,3880.820952
1759946400000,1313.5,1323.2,1311.3,1317.8,2765.493751
1759950000000,1318.1,1320.4,1312.4,1315.7,1402.316167
1759953600000,1315.6,1324.8,1309.3,1313.2,2410.334263
1759957200000,1313.0,1314.1,1301.2,1306.4,1503.70418
1759960800000,1306.1,1312.5,1300.6,1301.1,1094.07785
1759964400000,1301.2,1307.4,1294.5,1307.2,2959.49385
1759968000000,1307.1,1318.0,1298.7,1310.4,4000.256555
1759971600000,1310.3,1312.0,1301.0,1307.7,2350.199285
1759975200000,1307.5,1308.6,1254.2,1260.3,10008.129924
1759978800000,1260.5,1280.0,1260.5,1279.5,5678.592247
1759982400000,1279.4,1288.0,1274.3,1276.4,3631.263142
1759986000000,1276.4,1300.7,1271.4,1295.5,3936.889425
1759989600000,1295.5,1316.2,1293.9,1310.4,6966.260064
1759993200000,1309.8,1320.3,1303.4,1309.6,9112.941562
1759996800000,1309.5,1310.4,1280.1,1282.0,5843.092167
1760000400000,1282.0,1290.2,1272.7,1282.6,4466.722834
1760004000000,1282.7,1287.6,1267.6,1282.2,4231.344929
1760007600000,1282.1,1290.0,1278.1,1281.8,3309.534672
1760011200000,1281.7,1291.4,1278.4,1283.1,3889.045415
1760014800000,1283.0,1285.2,1256.3,1257.3,7147.781866
1760018400000,1257.3,1260.7,1228.1,1238.2,13615.418907
1760022000000,1238.8,1249.1,1232.1,1240.4,5208.653878
1760025600000,1240.6,1244.3,1225.0,1228.7,7080.074807
1760029200000,1228.5,1247.8,1227.7,1247.3,3190.69459
1760032800000,1247.3,1247.7,1237.3,1238.5,1621.490554
1760036400000,1238.5,1244.5,1238.3,1241.9,662.599302
1760040000000,1242.1,1248.5,1240.5,1247.9,673.948593
1760043600000,1247.9,1256.5,1245.6,1255.1,1135.628616
1760047200000,1255.2,1261.2,1252.1,1261.1,1151.652389
1760050800000,1261.1,1261.2,1250.6,1255.8,1220.496263
1760054400000,1255.9,1269.7,1255.0,1258.1,2418.692045
1760058000000,1258.2,1261.0,1247.3,1249.9,1273.180319
1760061600000,1249.9,1255.1,1244.5,1246.5,2142.884322
1760065200000,1246.6,1266.8,1245.2,1259.6,2007.340201
1760068800000,1259.8,1275.0,1259.6,1265.3,2946.051618
1760072400000,1265.3,1274.1,1258.0,1271.3,1825.104338
1760076000000,1271.3,1278.7,1268.0,1268.3,2245.680551
1760079600000,1268.4,1273.8,1261.3,1263.6,2003.588351
1760083200000,1264.0,1269.7,1262.1,1267.3,983.216631
1760086800000,1267.2,1267.9,1248.2,1249.3,2254.145384
1760090400000,1248.8,1252.8,1246.1,1251.8,1051.479525
1760094000000,1251.8,1274.2,1250.9,1271.0,3413.83352
1760097600000,1271.1,1274.6,1266.4,1269.9,1450.540503
1760101200000,1270.0,1272.3,1248.0,1252.1,3498.211043
1760104800000,1252.3,1256.7,1239.2,1241.2,3700.633798
1760108400000,1241.2,1241.5,1205.9,1216.2,13247.549533
1760112000000,1215.8,1243.3,1214.1,1227.6,6129.557629
1760115600000,1227.6,1233.5,1222.5,1228.8,2591.262626
1760119200000,1229.0,1235.0,1222.7,1222.7,1618.142978
1760122800000,1222.7,1248.0,1210.3,1236.1,4914.035042
1760126400000,1236.2,1244.8,1189.0,1198.5,9608.003907
1760130000000,1198.6,1203.9,863.3,1106.1,49800.330588
1760133600000,1106.7,1143.5,1056.3,1112.4,31719.852465
1760137200000,1112.1,1142.3,1093.5,1102.5,13068.729287
1760140800000,1102.0,1132.5,1082.7,1117.7,9318.908631
1760144400000,1117.3,1119.2,1076.0,1085.1,11142.355235
1760148000000,1084.5,1144.0,1084.2,1140.0,8821.811768
1760151600000,1140.2,1144.6,1118.5,1128.5,6967.703922
1760155200000,1128.4,1140.9,1126.0,1137.6,7460.685757
1760158800000,1137.8,1139.8,1108.1,1109.5,5215.535017
1760162400000,1109.5,1117.6,1095.9,1097.6,5783.845312
1760166000000,1097.9,1099.6,1085.1,1095.5,5018.783293
1760169600000,1095.6,1116.9,1091.3,1116.4,6212.593739
1760173200000,1116.5,1133.2,1114.4,1124.1,6034.282443
1760176800000,1123.6,1140.7,1123.2,1131.3,3177.042066
1760180400000,1131.4,1134.4,1122.1,1130.2,2805.181788
1760184000000,1129.8,1131.2,1118.4,1125.1,2296.968847
1760187600000,1125.1,1136.7,1113.6,1135.8,3789.149955
1760191200000,1136.0,1139.2,1129.3,1129.7,1801.470845
1760194800000,1129.7,1159.1,1129.3,1143.3,5151.051559
1760198400000,1143.1,1154.9,1136.8,1153.4,2891.990166
1760202000000,1153.2,1183.9,1147.5,1179.6,7080.259687
1760205600000,1179.5,1183.0,1171.5,1173.8,4022.295269
1760209200000,1174.0,1175.3,1135.8,1142.3,5087.794052
1760212800000,1141.8,1144.1,1116.7,1123.7,2629.232156
1760216400000,1123.9,1142.3,1106.2,1137.7,5512.718883
1760220000000,1137.9,1147.9,1130.4,1145.8,3013.503293
1760223600000,1145.7,1148.1,1134.5,1135.7,2596.268245
1760227200000,1135.6,1138.6,1111.7,1113.7,2167.557704
1760230800000,1113.2,1123.7,1108.2,1111.3,3665.442852
1760234400000,1111.3,1124.9,1109.5,1116.4,2245.042754
1760238000000,1116.4,1130.9,1112.0,1122.0,3402.717815
1760241600000,1122.1,1135.0,1118.3,1133.8,3026.559834
1760245200000,1133.7,1153.2,1129.0,1145.7,3446.692778
1760248800000,1146.1,1158.9,1143.9,1156.1,3405.299317
1760252400000,1156.3,1169.9,1154.0,1161.2,4446.269221
1760256000000,1160.9,1185.1,1154.1,1178.2,9646.958057
1760259600000,1178.2,1221.4,1166.5,1219.7,9949.209877
1760263200000,1219.6,1230.5,1209.4,1215.7,12188.13774
1760266800000,1215.7,1231.5,1215.7,1231.2,5374.469699
1760270400000,1230.4,1261.4,1229.9,1242.8,13068.209697
1760274000000,1243.1,1246.8,1220.3,1225.1,6780.10481
1760277600000,1225.2,1278.7,1222.9,1261.3,13200.278106
1760281200000,1261.5,1308.3,1255.2,1302.5,17395.389844
1760284800000,1302.4,1313.6,1275.2,1297.8,12808.402051
1760288400000,1297.5,1304.4,1290.7,1299.3,5550.255714
1760292000000,1299.8,1305.7,1285.7,1300.1,4979.596786
1760295600000,1300.1,1303.2,1292.1,1297.2,1583.153346
1760299200000,1297.4,1320.8,1293.1,1304.6,6358.756382
1760302800000,1304.4,1310.0,1280.5,1292.5,3795.225381
1760306400000,1292.9,1303.0,1276.0,1288.0,5688.089493
1760310000000,1288.0,1305.6,1281.8,1303.6,4941.682333
1760313600000,1303.5,1324.1,1299.0,1313.8,8862.736164
1760317200000,1313.2,1316.0,1296.9,1308.2,4230.125579
1760320800000,1308.1,1312.5,1292.3,1302.9,3237.497357
1760324400000,1303.0,1315.0,1295.2,1296.8,4079.809941
1760328000000,1296.9,1299.5,1283.4,1293.0,3828.597082
1760331600000,1293.0,1301.5,1290.2,1298.2,2995.930999
1760335200000,1297.7,1345.1,1296.9,1323.8,14252.854551
1760338800000,1323.9,1355.0,1323.9,1343.9,13809.026896
1760342400000,1343.7,1376.5,1343.7,1369.5,9024.65679
1760346000000,1369.2,1369.8,1341.4,1352.3,11591.420217
1760349600000,1352.4,1357.4,1306.4,1315.3,16185.755116
1760353200000,1314.3,1314.7,1267.8,1294.7,16202.794929
1760356800000,1294.6,1305.2,1281.8,1285.7,8061.706367
1760360400000,1285.3,1305.8,1277.1,1299.1,8587.652015
1760364000000,1299.1,1301.6,1251.0,1259.8,10900.652354
1760367600000,1259.9,1282.1,1258.3,1274.5,5541.071693
1760371200000,1274.5,1288.1,1270.9,1278.2,6588.188771
1760374800000,1278.2,1289.1,1267.1,1286.2,3620.288012
1760378400000,1285.8,1286.4,1261.7,1267.7,4210.333797
1760382000000,1267.6,1280.1,1265.9,1271.4,3251.14112
1760385600000,1271.8,1287.0,1271.8,1285.6,2110.100933
1760389200000,1285.3,1290.5,1277.7,1288.2,1901.501046
1760392800000,1288.2,1298.2,1282.9,1293.4,6339.475364
1760396400000,1293.4,1299.8,1289.8,1295.5,2733.393333
1760400000000,1295.4,1320.0,1293.4,1303.3,7466.533944
1760403600000,1303.2,1303.3,1284.7,1290.3,6005.022409
1760407200000,1290.2,1295.4,1280.9,1282.6,3264.009481
1760410800000,1283.0,1284.3,1271.4,1278.4,4789.508927
1760414400000,1278.4,1280.5,1240.4,1241.8,8597.056283
1760418000000,1241.7,1251.3,1231.0,1238.0,8293.274399
1760421600000,1237.8,1244.6,1180.0,1204.1,17561.542716
1760425200000,1203.9,1217.8,1188.5,1196.0,7782.40065
1760428800000,1196.2,1212.7,1190.2,1198.5,6593.941989
1760432400000,1198.5,1213.5,1196.5,1199.9,5688.603797
1760436000000,1199.5,1199.7,1165.0,1183.7,11510.076278
1760439600000,1183.8,1196.9,1165.0,1170.4,12516.339625
1760443200000,1170.5,1174.0,1139.9,1149.6,28519.966386
1760446800000,1149.6,1190.0,1144.9,1179.4,28376.563905
1760450400000,1179.5,1200.3,1176.8,1181.8,15218.472481
1760454000000,1181.7,1215.9,1172.7,1213.5,11676.251894
1760457600000,1213.4,1250.6,1206.8,1215.3,21908.410301
1760461200000,1215.1,1225.5,1193.0,1215.1,11762.778655
1760464800000,1215.2,1228.6,1207.9,1214.3,7657.188912
1760468400000,1214.6,1224.8,1190.8,1206.3,4189.760527
1760472000000,1206.4,1219.6,1203.1,1217.8,2987.087792
1760475600000,1218.0,1222.3,1212.8,1217.3,945.27947
1760479200000,1217.3,1221.2,1207.0,1208.5,2214.760736
1760482800000,1208.2,1221.4,1207.5,1208.5,2436.24181
1760486400000,1208.7,1214.7,1200.0,1209.7,4227.470195
1760490000000,1209.8,1212.7,1199.6,1206.7,1924.79168
1760493600000,1206.9,1223.8,1206.5,1217.6,3291.848435
1760497200000,1217.5,1219.4,1201.8,1206.5,3124.960067
1760500800000,1206.7,1216.7,1203.0,1210.3,1487.508477
1760504400000,1210.4,1214.2,1185.0,1192.7,5357.841361
1760508000000,1192.6,1194.6,1176.9,1190.7,5182.80103
1760511600000,1190.5,1192.5,1181.6,1190.6,2181.799043
1760515200000,1190.6,1217.7,1188.7,1203.6,6287.414506
1760518800000,1203.4,1203.4,1186.8,1188.7,4035.498374
1760522400000,1188.6,1192.9,1180.9,1182.7,2353.130592
1760526000000,1182.3,1188.2,1177.4,1185.8,2274.49508
1760529600000,1185.6,1192.3,1178.7,1179.1,2933.786899
1760533200000,1179.0,1185.7,1166.0,1176.9,5534.048416
1760536800000,1176.9,1188.2,1166.2,1172.1,3068.946057
1760540400000,1172.3,1176.8,1164.9,1169.2,3388.669971
1760544000000,1169.1,1188.9,1158.8,1181.9,5291.076289
1760547600000,1182.0,1182.6,1156.5,1168.0,3755.112634
1760551200000,1167.6,1174.1,1162.3,1172.6,1995.871319
1760554800000,1172.5,1172.8,1163.3,1165.0,656.945828
1760558400000,1165.0,1171.1,1151.8,1156.2,1984.20595
1760562000000,1156.2,1162.7,1149.1,1153.8,2052.577668
1760565600000,1153.9,1166.0,1152.0,1154.5,1336.374272
1760569200000,1154.4,1166.2,1152.4,1163.2,1237.369473
1760572800000,1163.4,1172.5,1159.2,1171.6,2319.972629
1760576400000,1171.5,1186.5,1170.2,1183.5,3318.22389
1760580000000,1183.6,1196.0,1182.0,1192.1,4779.476456
1760583600000,1192.2,1195.3,1181.1,1184.1,3205.387341
1760587200000,1184.3,1191.5,1173.8,1179.4,2973.874656
1760590800000,1179.3,1188.9,1175.8,1183.3,2792.530502
1760594400000,1183.3,1192.6,1180.2,1188.7,4070.035929
1760598000000,1188.7,1189.4,1178.6,1184.5,2401.62617
1760601600000,1184.5,1189.5,1179.5,1187.2,3172.788294
1760605200000,1187.1,1195.2,1169.9,1180.2,8572.378643
1760608800000,1180.1,1189.2,1176.9,1180.6,3965.190698
1760612400000,1180.5,1182.2,1170.3,1181.8,1853.904724
1760616000000,1182.0,1188.7,1177.1,1186.4,1671.077672
1760619600000,1186.2,1191.2,1180.6,1181.5,2713.490751
1760623200000,1181.6,1184.2,1163.3,1173.1,4258.003458
1760626800000,1173.1,1175.5,1132.5,1135.5,6383.512285
1760630400000,1135.1,1157.8,1122.7,1155.7,8090.565828
1760634000000,1155.9,1157.9,1145.6,1150.3,2512.484032
1760637600000,1150.4,1152.1,1136.7,1151.7,2046.838775
1760641200000,1151.8,1154.1,1134.4,1145.7,1724.593981
1760644800000,1145.6,1152.0,1141.1,1145.3,1745.166353
1760648400000,1145.5,1163.7,1145.5,1163.5,1474.522379
1760652000000,1163.5,1165.4,1151.6,1152.6,1884.540919
1760655600000,1152.4,1157.7,1142.0,1145.0,2380.709828
1760659200000,1145.0,1154.2,1143.1,1150.6,1118.716046
1760662800000,1150.6,1157.0,1143.9,1147.0,1187.303749
1760666400000,1147.1,1150.0,1137.2,1147.4,3913.692562
1760670000000,1147.5,1151.7,1145.8,1150.6,1932.175146
1760673600000,1150.7,1154.0,1143.3,1143.8,876.125113
1760677200000,1143.9,1146.7,1125.6,1128.8,3534.549145
1760680800000,1128.8,1137.8,1093.4,1095.5,11462.975723
1760684400000,1095.5,1099.6,1059.5,1062.9,11560.241655
1760688000000,1063.0,1063.4,1021.5,1044.2,14359.593443
1760691600000,1043.7,1061.5,1038.4,1039.3,7532.213492
1760695200000,1039.3,1046.1,1027.4,1043.1,8642.219398
1760698800000,1043.4,1080.6,1040.4,1072.2,9520.058912
1760702400000,1072.1,1075.5,1059.6,1064.0,5574.659161
1760706000000,1064.1,1077.6,1056.2,1069.4,4659.052762
1760709600000,1069.3,1070.6,1047.0,1055.9,4974.673093
1760713200000,1055.8,1074.3,1050.1,1074.1,11245.078344
1760716800000,1073.9,1093.1,1067.5,1071.3,6770.800393
1760720400000,1071.4,1076.9,1066.3,1075.9,2287.979569
1760724000000,1076.2,1081.3,1070.8,1072.6,1690.189557
1760727600000,1072.7,1075.8,1062.8,1066.7,1613.398932
1760731200000,1067.0,1079.0,1064.7,1077.8,790.742284
1760734800000,1078.1,1089.7,1076.7,1088.6,1900.098887
1760738400000,1088.7,1090.6,1075.8,1076.8,2329.128199
1760742000000,1076.8,1077.6,1070.1,1070.8,1175.692159
1760745600000,1070.7,1083.1,1069.2,1078.9,4328.666566
1760749200000,1079.1,1090.4,1079.1,1087.3,2896.219447
1760752800000,1087.4,1095.1,1082.6,1084.5,2374.701245
1760756400000,1084.3,1092.9,1084.3,1090.2,1308.483694
1760760000000,1090.1,1090.1,1082.0,1082.6,1021.416163
1760763600000,1082.8,1088.2,1079.8,1087.8,997.216717
1760767200000,1087.7,1111.8,1087.7,1108.4,9522.969018
1760770800000,1108.5,1132.0,1108.5,1119.3,10973.281124
1760774400000,1119.2,1125.4,1107.4,1107.8,4012.977729
1760778000000,1107.9,1113.3,1103.0,1109.0,2520.422713
1760781600000,1109.0,1115.0,1101.0,1104.1,2277.021989
1760785200000,1104.1,1106.0,1094.5,1103.4,3881.211813
1760788800000,1103.5,1105.7,1096.5,1100.9,1290.862278
1760792400000,1101.0,1101.0,1084.9,1086.7,4981.419717
1760796000000,1086.5,1097.0,1081.7,1093.3,3950.070448
1760799600000,1093.5,1095.7,1086.6,1091.2,1955.284136
1760803200000,1091.4,1094.7,1081.4,1089.7,2208.39836
1760806800000,1089.7,1097.9,1087.0,1096.9,1597.340717
1760810400000,1097.1,1099.4,1093.3,1099.1,669.980604
1760814000000,1099.2,1104.2,1095.9,1103.5,871.492227
1760817600000,1103.5,1105.7,1098.5,1099.5,968.818789
1760821200000,1099.4,1101.7,1085.1,1093.9,1380.942677
1760824800000,1094.1,1099.0,1091.3,1093.2,915.667618
1760828400000,1093.1,1095.1,1090.7,1093.0,404.764979
1760832000000,1092.9,1094.6,1077.1,1081.7,2789.871796
1760835600000,1081.7,1085.8,1077.7,1084.2,2171.418822
1760839200000,1084.2,1085.3,1081.2,1084.9,1295.39378
1760842800000,1084.9,1094.8,1083.6,1092.3,3025.152961
1760846400000,1092.3,1092.6,1086.3,1091.3,1836.410452
1760850000000,1091.4,1098.5,1088.1,1091.1,4638.294193
1760853600000,1091.2,1093.7,1082.2,1085.7,2614.139011
1760857200000,1085.8,1089.7,1082.2,1084.8,1220.186938
1760860800000,1084.8,1094.2,1074.1,1076.7,5740.378205
1760864400000,1076.9,1096.9,1068.0,1091.8,8671.330793
1760868000000,1091.8,1104.8,1086.6,1100.8,5022.220556
1760871600000,1100.6,1110.5,1096.7,1100.6,5600.547073
1760875200000,1100.5,1103.5,1092.7,1097.4,3056.801578
1760878800000,1097.6,1118.3,1091.5,1113.2,5396.1162
1760882400000,1113.3,1122.4,1104.9,1121.0,8793.074072
1760886000000,1120.9,1123.5,1115.5,1119.1,3344.492196
1760889600000,1119.1,1129.9,1118.0,1122.9,2448.482405
1760893200000,1123.1,1133.9,1120.4,1121.9,3772.59982
1760896800000,1122.0,1127.1,1120.1,1123.0,1177.984638
1760900400000,1123.1,1123.7,1115.4,1117.1,1185.894187
1760904000000,1117.1,1120.3,1115.7,1119.8,696.02015
1760907600000,1119.9,1120.9,1112.0,1115.7,920.762712
1760911200000,1115.8,1121.8,1115.8,1118.9,940.313021
1760914800000,1119.0,1119.0,1107.3,1109.8,1331.695277
1760918400000,1109.7,1109.7,1087.6,1101.3,8333.190152
1760922000000,1101.2,1105.1,1098.1,1103.9,1536.067515
1760925600000,1103.9,1112.3,1096.5,1109.9,2801.115031
1760929200000,1110.0,1130.7,1106.6,1128.4,2463.575317
1760932800000,1128.5,1132.1,1123.1,1127.1,3400.942258
1760936400000,1127.2,1134.7,1122.7,1133.1,5019.704183
1760940000000,1133.3,1143.6,1131.1,1132.8,7790.909322
1760943600000,1132.8,1134.7,1120.9,1124.9,5433.853998
1760947200000,1124.9,1132.5,1119.3,1122.7,3997.395382
1760950800000,1122.6,1123.7,1116.9,1122.9,2891.170518
1760954400000,1122.9,1129.1,1112.3,1114.6,5799.664796
1760958000000,1114.5,1116.6,1109.8,1115.3,2599.599444
1760961600000,1115.4,1117.0,1111.7,1114.5,2490.839618
1760965200000,1114.6,1115.8,1106.8,1111.1,3107.228086
1760968800000,1111.2,1112.2,1099.2,1106.6,4755.030183
1760972400000,1106.6,1117.4,1105.7,1110.6,3928.910608
1760976000000,1110.7,1110.7,1089.0,1094.6,7864.275475
1760979600000,1094.3,1101.0,1088.4,1094.9,1990.424813
1760983200000,1095.2,1099.9,1093.1,1098.8,1213.036754
1760986800000,1098.7,1103.9,1094.6,1101.1,1349.027396
1760990400000,1101.1,1103.3,1098.4,1102.0,604.535082
1760994000000,1102.1,1104.9,1094.2,1095.2,1374.81203
1760997600000,1095.3,1102.5,1092.7,1100.7,1037.769145
1761001200000,1100.7,1103.1,1097.2,1100.6,996.675252
1761004800000,1100.8,1102.6,1097.1,1099.4,489.833744
1761008400000,1099.3,1100.1,1089.1,1091.9,1896.301015
1761012000000,1091.9,1092.2,1078.0,1080.7,3660.128508
1761015600000,1080.8,1086.6,1080.2,1082.0,1073.477695
1761019200000,1082.1,1082.2,1062.1,1063.7,4871.77945
1761022800000,1064.0,1071.7,1062.6,1069.6,2201.066842
1761026400000,1069.8,1076.1,1068.2,1073.9,1950.205605
1761030000000,1073.9,1080.0,1067.0,1073.0,3444.123557
1761033600000,1073.0,1073.6,1066.3,1070.2,1903.376042
1761037200000,1070.2,1070.2,1064.3,1069.5,3307.29004
1761040800000,1069.6,1078.2,1066.0,1075.6,1889.983518
1761044400000,1075.5,1080.1,1073.3,1076.8,1735.01305
1761048000000,1076.9,1084.8,1075.8,1077.3,1765.160179
1761051600000,1077.4,1080.2,1068.7,1072.0,2371.211457
1761055200000,1072.0,1101.8,1071.7,1101.2,6365.553499
1761058800000,1101.4,1114.9,1092.7,1112.3,9108.141351
1761062400000,1112.2,1113.7,1088.9,1091.3,6629.372936
1761066000000,1091.3,1096.9,1081.0,1091.3,4359.237114
1761069600000,1091.4,1094.1,1086.4,1092.8,1764.250339
1761073200000,1092.8,1096.2,1090.1,1090.1,612.704521
1761076800000,1090.2,1091.3,1078.9,1081.9,1391.698077
1761080400000,1082.1,1084.4,1071.3,1080.7,1406.223175
1761084000000,1081.0,1082.1,1063.3,1066.4,3273.986118
1761087600000,1066.1,1071.4,1052.5,1057.3,2685.002871
1761091200000,1057.3,1064.0,1053.5,1059.3,2804.79005
1761094800000,1059.6,1068.9,1059.2,1067.7,1565.009764
1761098400000,1067.7,1071.2,1066.7,1070.2,1385.984859
1761102000000,1070.2,1071.3,1065.3,1068.0,1951.272693
1761105600000,1068.0,1074.7,1067.7,1074.0,641.19676
1761109200000,1074.0,1074.0,1061.4,1068.6,1307.783652
1761112800000,1068.6,1072.9,1066.5,1070.8,941.693804
1761116400000,1070.7,1072.6,1064.9,1071.5,995.588708
1761120000000,1071.4,1071.4,1067.0,1070.3,862.6192
1761123600000,1070.3,1071.4,1059.5,1062.3,930.195325
1761127200000,1062.3,1065.2,1058.8,1063.6,582.73632
1761130800000,1063.7,1075.1,1058.1,1069.6,3410.377056
1761134400000,1069.6,1079.5,1065.7,1077.1,2020.536527
1761138000000,1076.9,1084.1,1073.3,1083.1,2493.251658
1761141600000,1083.2,1083.3,1065.5,1081.1,4355.635338
1761145200000,1081.1,1082.8,1072.1,1080.8,2212.431251
1761148800000,1080.9,1082.0,1071.3,1075.3,2121.287311
1761152400000,1075.3,1076.8,1065.3,1067.2,1263.322089
1761156000000,1067.2,1070.9,1063.1,1067.1,992.468932
1761159600000,1067.2,1073.6,1064.9,1070.1,1148.542431
1761163200000,1070.0,1070.9,1063.0,1065.3,949.564181
1761166800000,1065.4,1066.1,1052.8,1058.6,2454.702147
1761170400000,1058.5,1064.6,1056.9,1059.9,1182.875189
1761174000000,1060.0,1073.8,1059.8,1071.7,1269.680957
1761177600000,1072.0,1081.8,1072.0,1080.4,1207.123504
1761181200000,1080.2,1086.0,1079.7,1084.3,2120.720229
1761184800000,1084.4,1085.7,1079.6,1085.5,891.649614
1761188400000,1085.5,1092.2,1085.1,1087.4,1279.994996
1761192000000,1087.4,1090.5,1084.2,1084.2,920.492214
1761195600000,1084.3,1097.5,1083.5,1097.2,1874.008806
1761199200000,1097.3,1111.0,1095.9,1110.4,2519.455467
1761202800000,1110.4,1112.0,1101.0,1109.7,3289.294006
1761206400000,1109.7,1123.0,1108.7,1115.3,4341.451142
1761210000000,1115.3,1116.8,1097.3,1098.7,4540.141331
1761213600000,1098.7,1104.7,1094.4,1097.8,3427.050043
1761217200000,1097.9,1099.7,1093.1,1094.5,1664.747921
1761220800000,1094.6,1094.7,1088.1,1093.2,1757.560503
1761224400000,1093.2,1096.7,1088.1,1091.2,1879.261106
1761228000000,1091.4,1091.5,1077.1,1085.6,2861.280396
1761231600000,1085.7,1160.0,1083.6,1130.2,31297.791732
1761235200000,1130.3,1140.2,1124.1,1135.6,6388.88479
1761238800000,1135.6,1137.2,1122.6,1132.3,4868.7921
1761242400000,1132.4,1132.6,1106.7,1111.8,5444.992682
1761246000000,1111.9,1119.3,1107.2,1117.6,1239.998702
1761249600000,1117.6,1118.5,1110.9,1113.5,1216.578329
1761253200000,1113.4,1120.6,1111.8,1116.6,1421.659445
1761256800000,1116.7,1120.4,1114.1,1118.3,941.570785
1761260400000,1118.3,1130.7,1117.4,1126.7,2820.870792
1761264000000,1126.6,1139.1,1126.5,1136.4,3078.305752
1761267600000,1136.5,1140.5,1126.3,1131.7,1387.407154
1761271200000,1131.7,1137.0,1127.6,1135.5,1512.544209
1761274800000,1135.8,1139.9,1130.1,1135.4,2199.272037
1761278400000,1135.4,1144.2,1133.5,1140.5,3656.511501
1761282000000,1140.6,1141.9,1136.5,1140.5,1862.643418
1761285600000,1140.5,1140.5,1133.8,1138.0,1603.246986
1761289200000,1138.0,1139.8,1122.4,1125.4,3104.953474
1761292800000,1125.2,1130.0,1121.2,1128.1,1750.440972
1761296400000,1128.1,1135.6,1126.7,1130.2,2333.086429
1761300000000,1130.3,1130.6,1123.8,1127.0,1515.872424
1761303600000,1127.1,1127.1,1120.3,1125.7,1557.231006
1761307200000,1125.8,1138.5,1123.1,1127.2,4880.868604
1761310800000,1127.5,1130.1,1115.3,1121.4,2450.063518
1761314400000,1121.5,1121.5,1104.1,1108.3,3444.941207
1761318000000,1108.4,1113.8,1103.0,1104.2,2272.959058
1761321600000,1104.2,1104.9,1097.2,1101.3,1591.210376
1761325200000,1101.2,1107.4,1100.9,1103.3,1320.134199
1761328800000,1103.3,1109.5,1102.8,1108.1,606.457016
1761332400000,1108.1,1114.1,1108.1,1109.6,1140.264585
1761336000000,1109.7,1113.5,1108.9,1110.8,955.995303
1761339600000,1110.9,1112.4,1109.2,1110.7,871.183935
1761343200000,1110.8,1112.0,1107.8,1109.2,382.124735
1761346800000,1109.3,1109.4,1106.6,1109.0,673.715574
1761350400000,1108.8,1109.3,1100.4,1102.8,1255.11017
1761354000000,1102.9,1110.9,1101.3,1109.9,732.9144
1761357600000,1110.0,1113.6,1107.1,1111.8,570.242177
1761361200000,1111.7,1118.4,1110.8,1117.0,1204.654959
1761364800000,1117.1,1119.1,1112.0,1112.3,890.982754
1761368400000,1112.4,1118.0,1111.4,1117.9,619.190287
1761372000000,1117.9,1118.9,1114.1,1114.4,520.955244
1761375600000,1114.5,1118.4,1110.8,1112.6,940.073625
1761379200000,1112.6,1117.9,1112.1,1117.7,582.964915
1761382800000,1117.6,1118.4,1112.0,1113.6,874.411107
1761386400000,1113.6,1116.0,1109.9,1115.8,634.179548
1761390000000,1115.8,1117.9,1113.8,1115.8,522.24341
1761393600000,1115.8,1117.8,1113.2,1117.2,756.421918
1761397200000,1117.2,1117.8,1111.4,1113.8,878.225846
1761400800000,1113.8,1114.3,1111.7,1113.9,541.864571
1761404400000,1113.9,1113.9,1105.2,1108.9,1406.06024
1761408000000,1109.0,1113.2,1108.1,1112.5,590.982175
1761411600000,1112.6,1115.4,1111.1,1112.2,592.208248
1761415200000,1112.2,1115.8,1110.5,1115.0,259.581058
1761418800000,1114.8,1117.8,1113.9,1116.5,705.365699
1761422400000,1116.7,1117.1,1113.2,1113.6,201.072237
1761426000000,1113.9,1117.1,1113.5,1117.1,324.678707
1761429600000,1117.2,1121.6,1115.4,1120.2,739.490168
1761433200000,1120.3,1120.6,1115.8,1116.9,580.257889
1761436800000,1117.0,1122.4,1115.0,1117.9,713.278869
1761440400000,1117.9,1125.0,1117.7,1119.9,1160.982662
1761444000000,1120.0,1124.2,1118.0,1122.1,835.849417
1761447600000,1122.1,1123.9,1115.9,1117.1,1075.071257
1761451200000,1117.3,1120.0,1116.8,1118.5,341.520651
1761454800000,1118.5,1121.6,1116.4,1120.7,480.408555
1761458400000,1120.8,1122.2,1119.5,1121.1,917.015704
1761462000000,1121.1,1122.5,1119.3,1120.5,714.685112
1761465600000,1120.6,1125.4,1120.6,1122.6,997.472908
1761469200000,1122.7,1132.7,1121.1,1125.3,2246.922442
1761472800000,1125.5,1125.8,1120.5,1125.6,628.322082
1761476400000,1125.6,1136.4,1123.5,1135.6,1791.682403
1761480000000,1135.5,1139.4,1131.6,1138.3,2054.697897
1761483600000,1138.3,1139.7,1133.2,1135.7,1973.038141
1761487200000,1135.9,1137.1,1127.1,1128.2,2057.571912
1761490800000,1128.1,1134.6,1127.0,1133.8,1166.076253
1761494400000,1133.7,1134.2,1125.2,1125.6,802.478662
1761498000000,1125.4,1128.5,1123.7,1127.4,558.267793
1761501600000,1127.6,1131.4,1126.7,1130.0,790.882464
1761505200000,1130.1,1130.1,1124.6,1126.9,723.68193
1761508800000,1126.9,1127.4,1122.9,1124.7,479.469093
1761512400000,1124.7,1132.1,1124.6,1131.7,522.749444
1761516000000,1132.1,1143.5,1132.0,1141.1,2528.975481
1761519600000,1141.4,1143.7,1137.1,1138.6,1415.961744
1761523200000,1138.7,1146.8,1137.7,1139.5,1701.357541
1761526800000,1139.6,1153.4,1138.0,1151.0,2585.214106
1761530400000,1151.0,1164.1,1149.1,1154.5,4794.622771
1761534000000,1154.6,1159.1,1150.4,1151.5,1680.046383
1761537600000,1151.5,1152.7,1139.1,1144.3,2953.628608
1761541200000,1144.5,1155.2,1143.8,1150.3,1719.218527
1761544800000,1150.1,1153.7,1146.3,1153.7,1751.648488
1761548400000,1153.7,1161.8,1152.2,1157.1,2914.662118
1761552000000,1157.1,1159.0,1149.5,1153.3,2559.388108
1761555600000,1153.0,1159.3,1147.5,1156.7,2580.29651
1761559200000,1156.9,1157.2,1150.4,1156.5,1399.894316
1761562800000,1156.5,1180.3,1153.6,1180.2,3828.534939
1761566400000,1180.1,1182.9,1165.2,1167.0,2756.935767
1761570000000,1167.0,1174.8,1140.0,1152.5,6409.503077
1761573600000,1152.6,1155.7,1131.1,1134.9,4277.054364
1761577200000,1134.8,1145.0,1134.5,1143.6,5305.049077
1761580800000,1143.6,1151.4,1143.6,1146.8,2549.163051
1761584400000,1146.6,1151.6,1145.7,1150.5,1126.471135
1761588000000,1150.3,1153.7,1144.7,1147.3,1221.308897
1761591600000,1147.3,1149.5,1142.2,1145.3,872.716183
1761595200000,1145.4,1147.1,1141.5,1143.4,881.171911
1761598800000,1143.3,1147.5,1135.1,1141.1,1035.176145
1761602400000,1141.2,1145.0,1135.7,1136.4,492.479953
1761606000000,1136.5,1142.0,1132.7,1138.7,1099.135154
1761609600000,1138.8,1142.7,1136.2,1139.4,988.100972
1761613200000,1139.5,1147.5,1139.5,1145.7,702.197437
1761616800000,1145.8,1146.5,1131.2,1134.1,1281.670651
1761620400000,1134.0,1138.8,1131.9,1138.0,911.530626
1761624000000,1138.4,1143.4,1135.2,1141.8,321.063291
1761627600000,1141.5,1142.1,1120.5,1121.8,2571.548602
1761631200000,1122.0,1131.3,1122.0,1130.7,1465.994498
1761634800000,1130.8,1135.0,1129.4,1132.4,1451.449254
1761638400000,1132.3,1137.4,1129.6,1134.7,883.236116
1761642000000,1134.6,1136.7,1131.2,1136.0,677.690573
1761645600000,1135.9,1138.9,1133.0,1136.4,1411.952646
1761649200000,1136.4,1137.7,1131.7,1132.3,773.196771
1761652800000,1132.2,1141.9,1132.2,1140.5,1224.190931
1761656400000,1140.7,1147.3,1140.4,1144.4,1512.847093
1761660000000,1144.7,1147.0,1126.9,1137.3,3058.963239
1761663600000,1137.7,1141.3,1131.4,1136.0,1357.360233
1761667200000,1135.8,1146.9,1134.9,1144.4,1359.849431
1761670800000,1144.5,1149.2,1143.2,1147.4,983.039132
1761674400000,1147.3,1147.3,1140.2,1144.5,583.302555
1761678000000,1144.6,1145.3,1126.3,1128.8,1160.245654
1761681600000,1128.6,1129.3,1072.7,1091.0,8718.068229
1761685200000,1090.9,1103.4,1083.5,1101.4,1874.032992
1761688800000,1101.4,1107.0,1095.5,1106.5,1252.200419
1761692400000,1106.5,1107.3,1100.4,1103.3,1285.913303
1761696000000,1103.3,1108.2,1100.6,1101.3,931.355252
1761699600000,1101.0,1108.5,1097.4,1104.5,1648.962544
1761703200000,1104.6,1107.7,1101.8,1106.1,1089.1621
1761706800000,1106.1,1106.1,1101.4,1104.5,604.223451
1761710400000,1104.5,1110.6,1103.5,1109.7,545.502117
1761714000000,1109.7,1113.4,1108.4,1110.4,937.20467
1761717600000,1110.3,1121.0,1108.0,1120.6,2194.526771
1761721200000,1120.6,1120.6,1112.8,1116.8,2221.205266
1761724800000,1116.9,1120.2,1112.4,1115.4,2297.21186
1761728400000,1115.3,1118.4,1112.0,1116.3,1428.065189
1761732000000,1116.2,1119.7,1110.2,1111.9,4845.677002
1761735600000,1111.9,1116.6,1111.2,1113.6,1791.307668
1761739200000,1113.5,1115.9,1111.1,1113.9,1501.520285
1761742800000,1113.9,1119.0,1109.1,1111.2,1748.308793
1761746400000,1111.1,1112.0,1103.1,1108.4,1080.372026
1761750000000,1108.4,1109.9,1096.6,1099.6,2359.497522
1761753600000,1099.6,1103.3,1094.4,1100.5,1991.081352
1761757200000,1100.4,1111.2,1100.2,1110.7,771.767093
1761760800000,1110.8,1114.8,1082.7,1107.5,6382.396216
1761764400000,1107.6,1114.0,1102.4,1107.5,1604.351114
1761768000000,1107.7,1118.9,1105.6,1117.8,1507.440132
1761771600000,1117.9,1119.9,1114.6,1116.4,503.023294
1761775200000,1116.2,1117.1,1112.1,1114.6,761.313676
1761778800000,1114.4,1115.2,1103.4,1107.7,999.014084
1761782400000,1107.9,1117.4,1104.9,1117.4,1129.950933
1761786000000,1117.5,1120.0,1114.5,1114.5,1852.973155
1761789600000,1114.5,1119.0,1112.5,1118.5,669.961848
1761793200000,1118.4,1119.4,1116.2,1119.1,591.625064
1761796800000,1118.9,1118.9,1089.6,1101.5,3954.249752
1761800400000,1101.7,1115.2,1100.0,1112.7,1460.772803
1761804000000,1112.7,1116.1,1108.8,1113.5,999.583342
1761807600000,1113.7,1118.9,1112.4,1118.6,1298.707925
1761811200000,1118.7,1118.9,1112.7,1113.4,950.328883
1761814800000,1113.4,1114.6,1107.8,1109.8,1225.258371
1761818400000,1109.7,1130.2,1108.3,1121.6,3824.653743
1761822000000,1121.7,1122.5,1111.1,1111.9,1429.143465
1761825600000,1111.8,1114.2,1093.3,1099.6,6943.511633
1761829200000,1099.5,1105.2,1079.0,1080.7,5659.466302
1761832800000,1080.3,1090.5,1080.3,1089.2,3017.306918
1761836400000,1088.8,1089.8,1075.3,1077.4,2182.341709
1761840000000,1077.5,1084.9,1071.8,1082.3,1753.555162
1761843600000,1082.4,1082.7,1063.0,1071.7,2963.765398
1761847200000,1071.8,1072.6,1064.1,1066.5,1346.866736
1761850800000,1066.3,1067.9,1058.3,1061.6,2067.589779
1761854400000,1061.4,1065.6,1042.1,1065.4,7037.306227
1761858000000,1065.0,1071.2,1061.9,1071.1,1559.809758
1761861600000,1071.0,1071.3,1065.1,1070.0,929.120402
1761865200000,1070.4,1079.3,1065.6,1078.9,2375.747461
1761868800000,1079.0,1085.1,1075.4,1082.2,2180.843754
1761872400000,1082.2,1089.2,1081.1,1085.7,2255.24855
1761876000000,1085.6,1087.4,1075.2,1078.3,1944.133997
1761879600000,1078.4,1086.2,1077.2,1086.1,773.551062
1761883200000,1086.1,1100.2,1085.1,1098.9,2796.981071
1761886800000,1098.9,1099.1,1092.8,1096.2,1312.341297
1761890400000,1096.3,1104.3,1091.8,1095.9,1753.338324
1761894000000,1096.0,1099.4,1092.7,1098.9,1385.799383
1761897600000,1099.0,1105.0,1097.7,1104.0,5063.636649
1761901200000,1104.0,1104.8,1088.9,1090.7,3700.969068
1761904800000,1090.9,1093.5,1084.5,1085.0,4532.632974
1761908400000,1085.3,1092.8,1078.2,1088.7,7031.528411
1761912000000,1088.6,1092.7,1078.3,1079.0,3683.78305
1761915600000,1079.1,1084.7,1077.1,1083.1,1660.865668
1761919200000,1083.2,1088.7,1078.3,1087.4,1372.166924
1761922800000,1087.5,1090.7,1082.3,1084.5,948.202897
1761926400000,1084.5,1086.7,1073.0,1074.2,1463.671352
1761930000000,1074.0,1080.3,1071.7,1078.7,842.354605
1761933600000,1078.7,1083.0,1075.0,1081.7,804.648959
1761937200000,1081.7,1092.0,1079.0,1090.0,1388.666692
1761940800000,1089.8,1090.2,1084.8,1086.1,992.126876
1761944400000,1086.0,1088.5,1083.9,1087.7,317.816576
1761948000000,1087.7,1089.9,1086.4,1088.8,196.873406
1761951600000,1088.6,1090.9,1087.9,1088.8,396.512888
1761955200000,1088.8,1093.1,1085.9,1092.9,1733.484057
1761958800000,1092.9,1094.7,1085.7,1086.0,761.904479
1761962400000,1086.0,1086.3,1082.1,1085.9,513.358962
1761966000000,1085.9,1091.2,1085.9,1090.2,1101.582278
1761969600000,1090.2,1091.7,1088.5,1090.3,613.095907
1761973200000,1090.3,1090.8,1086.0,1086.9,290.609056
1761976800000,1086.8,1087.2,1084.7,1086.1,438.718939
1761980400000,1086.3,1089.2,1085.4,1087.1,667.320587
1761984000000,1087.1,1089.1,1086.0,1088.9,571.804611
1761987600000,1088.9,1090.0,1085.8,1088.4,845.719211
1761991200000,1088.4,1089.6,1087.3,1088.2,372.152394
1761994800000,1088.4,1089.6,1087.8,1089.4,448.716652
1761998400000,1089.4,1092.2,1089.3,1090.0,377.546471
1762002000000,1090.0,1090.2,1082.7,1085.3,418.789624
1762005600000,1085.3,1086.8,1082.0,1085.3,483.590417
1762009200000,1085.4,1095.7,1085.0,1092.6,1908.544842
1762012800000,1092.7,1095.0,1090.3,1093.6,610.01514
1762016400000,1093.4,1096.7,1092.1,1093.0,543.096163
1762020000000,1092.9,1095.0,1092.5,1094.3,128.496107
1762023600000,1094.2,1095.0,1092.6,1094.6,390.285331
1762027200000,1094.7,1097.1,1094.2,1096.0,212.205729
1762030800000,1096.1,1096.8,1090.2,1090.9,389.618384
1762034400000,1091.0,1094.7,1090.3,1094.5,232.274051
1762038000000,1094.5,1096.2,1094.0,1094.9,415.051607
1762041600000,1094.9,1095.2,1091.3,1092.4,235.437496
1762045200000,1092.4,1094.2,1091.2,1092.0,352.943459
1762048800000,1091.9,1092.1,1088.2,1091.0,423.001662
1762052400000,1091.1,1091.3,1088.8,1089.8,381.441211
1762056000000,1089.8,1095.3,1088.5,1094.9,367.49246
1762059600000,1094.8,1095.1,1090.3,1091.7,393.64884
1762063200000,1091.7,1092.6,1088.5,1091.7,1085.52496
1762066800000,1091.8,1095.1,1091.1,1093.8,245.575432
1762070400000,1094.0,1094.9,1091.5,1092.1,298.949332
1762074000000,1092.1,1093.6,1086.6,1087.6,691.924307
1762077600000,1087.8,1088.1,1080.6,1084.2,886.462258
1762081200000,1084.2,1088.4,1083.7,1088.3,513.571322
1762084800000,1088.3,1088.4,1084.6,1085.7,242.758864
1762088400000,1085.7,1086.7,1081.8,1083.3,398.296578
1762092000000,1083.2,1085.3,1080.0,1082.4,1345.185821
1762095600000,1082.4,1084.8,1078.8,1080.4,1194.66672
1762099200000,1080.4,1080.6,1071.7,1079.9,1378.10358
1762102800000,1079.9,1080.6,1077.6,1078.8,340.702522
1762106400000,1078.9,1080.5,1077.7,1078.7,184.515727
1762110000000,1078.8,1079.4,1075.1,1078.9,347.157121
1762113600000,1079.0,1081.2,1077.8,1080.8,160.323258
1762117200000,1081.0,1082.1,1079.6,1081.2,93.252717
1762120800000,1081.1,1081.3,1074.9,1079.1,2005.304811
1762124400000,1079.4,1085.9,1079.4,1083.3,2305.870279
1762128000000,1083.2,1087.6,1077.2,1077.5,754.348109
1762131600000,1077.3,1078.4,1070.4,1072.1,1195.256414
1762135200000,1072.0,1072.7,1053.2,1060.2,9766.990517
1762138800000,1060.2,1062.2,1041.0,1043.6,4233.889509
1762142400000,1043.6,1044.9,1032.3,1043.8,2592.043922
1762146000000,1043.8,1049.5,1037.7,1038.4,1716.467931
1762149600000,1038.3,1042.3,1024.6,1031.8,3829.356138
1762153200000,1031.5,1036.7,1028.4,1029.5,2084.440166
1762156800000,1029.5,1031.0,1017.3,1025.4,2990.321494
1762160400000,1025.4,1032.1,1016.8,1018.3,1512.058475
1762164000000,1018.3,1024.5,1009.2,1011.4,2270.161334
1762167600000,1011.7,1021.6,1009.0,1016.0,7034.571329
1762171200000,1016.0,1024.7,1016.0,1017.0,3220.621223
1762174800000,1016.8,1020.3,1009.4,1017.9,2204.243542
1762178400000,1018.0,1026.0,1016.6,1021.3,1856.850302
1762182000000,1021.5,1023.4,957.2,980.3,22450.851932
1762185600000,980.5,998.5,976.8,996.9,4799.517269
1762189200000,997.0,1010.3,996.2,1009.1,3976.13038
1762192800000,1009.0,1009.0,996.7,998.2,1726.575746
1762196400000,998.3,1002.9,994.5,996.8,840.789831
1762200000000,996.8,998.0,981.4,986.6,1705.368141
1762203600000,986.2,995.7,983.1,995.7,1487.720277
1762207200000,995.6,995.7,982.6,988.5,1329.231815
1762210800000,988.5,994.6,982.3,994.0,1540.512407
1762214400000,994.0,998.3,982.6,993.0,3154.176805
1762218000000,993.0,1001.2,989.9,999.3,1062.676271
1762221600000,999.1,1000.8,992.1,993.1,1679.711337
1762225200000,993.2,1000.5,990.7,999.4,1087.228484
1762228800000,999.4,1002.3,988.1,988.6,1057.549443
1762232400000,988.7,991.2,947.7,947.7,8322.047652
1762236000000,947.6,966.8,947.4,953.6,7194.820149
1762239600000,953.4,955.8,940.3,945.1,6089.693263
1762243200000,945.2,959.9,940.3,949.7,5569.566539
1762246800000,949.8,954.0,944.4,952.3,3304.939666
1762250400000,952.3,959.3,951.6,953.5,3001.69034
1762254000000,953.6,964.0,952.2,958.8,1865.480228
1762257600000,958.8,958.8,948.2,949.8,1665.691796
1762261200000,949.5,951.8,941.8,948.1,1907.415741
1762264800000,947.9,965.4,935.0,962.6,3948.239319
1762268400000,962.9,967.4,948.5,950.0,2715.390329
1762272000000,950.3,953.6,929.1,930.4,3992.923528
1762275600000,930.5,937.8,910.9,927.4,7213.627721
1762279200000,927.4,935.0,908.5,933.6,5881.013696
1762282800000,933.1,936.3,918.5,919.9,2818.940566
1762286400000,920.0,927.8,888.6,921.3,12089.91399
1762290000000,921.4,923.0,880.0,919.0,8431.691867
1762293600000,919.3,940.1,915.0,937.6,3868.591844
1762297200000,936.8,942.2,933.6,936.7,2371.020143
1762300800000,937.1,939.8,924.3,930.0,2497.166351
1762304400000,930.6,930.6,901.0,924.1,4928.181121
1762308000000,924.4,955.7,924.4,950.9,6604.743397
1762311600000,951.1,954.2,944.2,949.3,2565.814005
1762315200000,949.2,952.3,943.2,946.0,1991.835394
1762318800000,946.1,951.2,943.8,946.6,1539.361469
1762322400000,946.3,949.7,941.0,949.5,1608.629579
1762326000000,949.6,957.5,943.9,954.2,1613.513632
1762329600000,954.2,954.3,937.2,943.2,1674.662065
1762333200000,943.3,950.0,942.1,946.4,942.503313
1762336800000,946.1,946.4,937.2,938.0,3935.476637
1762340400000,938.0,947.2,937.7,945.7,1511.676387
1762344000000,945.6,954.6,944.5,953.6,2196.094986
1762347600000,953.2,963.0,951.5,959.5,2409.699053
1762351200000,959.5,962.5,949.5,956.9,3116.375725
1762354800000,957.5,966.0,952.9,965.5,2770.145114
1762358400000,965.9,968.3,957.3,967.3,4128.694254
1762362000000,967.2,967.2,959.7,962.6,1659.677696
1762365600000,962.2,968.5,958.6,965.8,2356.040825
1762369200000,965.6,965.9,958.6,959.5,897.912403
1762372800000,959.5,964.5,954.6,957.5,1522.306441
1762376400000,957.3,957.3,951.7,954.5,670.769178
1762380000000,954.5,959.2,952.4,959.1,607.515968
1762383600000,959.2,961.3,955.7,959.5,587.64626
1762387200000,959.3,959.4,950.7,955.1,1334.984492
1762390800000,954.8,954.9,943.6,951.5,1586.645208
1762394400000,951.3,958.8,946.9,956.7,940.496748
1762398000000,956.9,964.2,956.4,963.3,953.147775
1762401600000,963.3,965.4,959.3,960.5,784.432675
1762405200000,960.5,960.9,949.0,949.7,889.332226
1762408800000,949.8,955.4,949.8,950.1,512.614897
1762412400000,950.0,954.7,946.8,951.5,915.212795
1762416000000,951.4,957.2,948.7,952.7,666.683056
1762419600000,952.8,957.3,950.2,952.6,443.373804
1762423200000,952.7,958.6,949.6,955.5,956.810947
1762426800000,955.5,957.4,951.7,955.4,516.771674
1762430400000,955.5,956.0,943.5,943.5,1138.177812
1762434000000,943.5,951.3,942.7,946.6,971.505453
1762437600000,946.6,949.2,935.2,937.2,1433.653117
1762441200000,937.1,944.2,927.9,933.9,2107.935457
1762444800000,934.1,938.8,925.2,932.4,1604.638904
1762448400000,932.6,946.2,932.3,944.5,1376.450535
1762452000000,944.5,955.8,939.0,951.3,1258.948614
1762455600000,951.1,953.3,944.4,948.2,700.360175
1762459200000,948.3,951.7,944.5,948.4,579.997675
1762462800000,948.5,954.3,945.9,953.8,517.169982
1762466400000,953.5,955.0,948.7,952.3,647.713562
1762470000000,952.3,952.3,945.2,950.4,587.059466
1762473600000,950.8,954.7,945.1,953.5,1283.21055
1762477200000,953.9,956.1,945.6,953.2,1430.592812
1762480800000,953.2,959.3,949.3,958.9,732.493425
1762484400000,959.0,976.8,957.8,967.3,2089.65299
1762488000000,967.3,968.5,958.3,961.7,791.294113
1762491600000,961.8,969.3,961.7,969.1,1033.448619
1762495200000,969.1,970.6,964.7,965.2,971.88106
1762498800000,965.1,971.9,963.7,970.4,947.931314
1762502400000,970.4,971.1,964.4,967.3,584.654872
1762506000000,967.3,967.4,954.4,957.2,1086.025816
1762509600000,957.1,960.6,948.3,950.6,703.462721
1762513200000,950.7,950.7,936.7,942.8,1889.279568
1762516800000,942.8,944.7,929.5,933.3,1379.480158
1762520400000,933.6,939.8,931.7,936.7,1449.334252
1762524000000,936.3,945.8,925.9,944.2,2651.075469
1762527600000,944.2,950.7,938.7,945.1,2574.768405
1762531200000,945.0,955.6,940.2,952.0,2461.291987
1762534800000,951.9,971.0,948.6,969.3,4062.652676
1762538400000,969.1,981.9,967.6,980.8,3127.654751
1762542000000,980.8,985.8,977.6,982.0,1330.385538
1762545600000,981.8,989.0,974.6,988.4,1275.053442
1762549200000,988.5,994.9,987.8,994.8,895.102693
1762552800000,994.9,996.0,988.3,990.9,1139.109899
1762556400000,990.9,992.9,986.0,991.4,989.792568
1762560000000,991.4,996.2,980.6,980.6,2028.318487
1762563600000,980.6,993.6,980.1,990.7,1400.792791
1762567200000,990.8,1005.1,990.2,997.8,1988.358312
1762570800000,997.4,1007.5,995.7,996.5,2222.483657
1762574400000,996.6,1002.0,994.1,994.3,824.20211
1762578000000,994.2,997.8,988.3,989.2,969.472054
1762581600000,989.3,995.7,984.9,994.5,1635.220945
1762585200000,994.6,996.8,988.4,995.4,743.696193
1762588800000,995.4,1003.1,995.1,1000.0,1306.804166
1762592400000,999.9,1003.9,994.4,995.1,1349.944362
1762596000000,995.2,996.9,992.2,996.3,783.862466
1762599600000,996.2,999.3,987.2,989.6,1339.511073
1762603200000,989.6,994.5,988.4,994.3,645.68475
1762606800000,994.5,994.9,988.2,988.3,1257.975435
1762610400000,988.4,995.0,983.1,993.6,2646.52992
1762614000000,994.0,998.2,987.9,990.4,1196.615293
1762617600000,990.7,994.2,985.6,987.9,1511.577488
1762621200000,988.1,995.7,984.9,995.7,868.371163
1762624800000,995.5,1004.8,992.2,1004.1,704.539108
1762628400000,1004.2,1005.9,992.2,996.2,837.965483
1762632000000,996.2,999.8,995.1,997.5,826.073624
1762635600000,997.5,999.0,994.5,998.2,355.870313
1762639200000,998.2,998.7,994.5,996.2,449.647817
1762642800000,995.8,995.8,989.6,990.9,412.944443
1762646400000,990.8,990.8,985.0,989.6,969.781897
1762650000000,989.7,994.2,988.6,993.9,341.665348
1762653600000,993.9,994.1,981.6,982.7,948.25021
1762657200000,982.7,985.2,975.3,980.7,1643.648739
1762660800000,980.9,988.5,980.5,986.7,1088.122349
1762664400000,986.8,990.6,985.3,989.2,919.528184
1762668000000,989.2,993.6,986.9,988.0,516.370118
1762671600000,988.0,990.6,986.7,989.8,695.371439
1762675200000,989.7,990.1,985.6,988.3,535.243316
1762678800000,988.5,995.8,987.0,987.2,1166.65621
1762682400000,987.3,987.8,982.3,987.8,1622.285552
1762686000000,987.9,992.5,987.1,990.3,688.547175
1762689600000,990.5,994.5,987.6,988.3,926.578009
1762693200000,988.4,988.5,976.4,986.3,1665.119221
1762696800000,986.1,998.8,983.1,987.5,3423.80884
1762700400000,987.5,998.3,987.4,994.5,1435.283862
1762704000000,994.5,1003.1,990.8,1002.2,1417.882
1762707600000,1002.3,1003.8,992.5,993.3,1256.485294
1762711200000,993.4,1000.0,991.6,999.6,951.108131
1762714800000,999.6,1005.1,997.2,1004.8,1876.184722
1762718400000,1004.9,1007.1,997.8,998.5,1454.119855
1762722000000,998.5,1000.6,996.1,997.0,855.623145
1762725600000,997.6,998.7,990.7,997.0,577.67907
1762729200000,997.4,1004.2,993.3,996.0,1564.340535
1762732800000,996.2,1019.1,991.3,1012.7,2059.064408
1762736400000,1012.7,1015.1,1007.5,1010.9,1913.392207
1762740000000,1010.9,1015.2,1008.3,1015.2,1801.50691
1762743600000,1015.2,1017.4,1011.3,1012.9,1507.289263
1762747200000,1012.9,1014.4,1008.5,1011.1,2090.219787
1762750800000,1011.1,1011.4,1003.6,1006.2,922.506151
1762754400000,1006.8,1008.9,1003.7,1007.9,615.912618
1762758000000,1007.9,1011.5,1004.8,1005.6,779.255473
1762761600000,1005.7,1005.9,995.2,998.0,2437.223753
1762765200000,997.9,1006.3,996.3,1004.7,1454.103773
1762768800000,1004.8,1005.2,997.4,998.5,1628.961191
1762772400000,998.7,1002.0,998.3,999.2,846.684487
1762776000000,999.2,999.8,993.5,996.4,1510.966745
1762779600000,996.4,1003.8,995.8,1002.5,1629.130221
1762783200000,1002.5,1002.5,981.0,984.0,4192.522231
1762786800000,983.9,988.6,975.9,979.7,3118.623838
1762790400000,979.8,982.4,975.5,979.9,2231.858389
1762794000000,979.8,988.0,978.9,986.8,1596.177932
1762797600000,986.9,987.5,981.9,982.0,1045.801324
1762801200000,982.1,989.1,981.4,987.6,1015.691672
1762804800000,987.5,992.3,987.5,989.2,689.119761
1762808400000,989.0,989.1,983.2,986.4,884.530549
1762812000000,986.3,995.8,984.6,994.9,769.915088
1762815600000,994.9,996.0,990.8,991.9,412.79088
1762819200000,991.9,993.9,986.6,993.9,770.854401
1762822800000,993.9,1008.7,992.5,997.7,2339.850802
1762826400000,998.0,1008.7,992.0,1004.0,2139.068079
1762830000000,1004.1,1005.9,1000.5,1001.0,740.913272
1762833600000,1001.0,1003.7,986.3,988.6,2195.2237
1762837200000,988.9,989.0,981.0,983.1,1479.3151
1762840800000,983.1,985.6,979.3,983.9,720.048835
1762844400000,984.0,985.5,971.9,974.4,1521.042406
1762848000000,974.2,978.7,972.9,977.3,722.237016
1762851600000,977.3,980.3,974.8,975.3,618.859233
1762855200000,975.2,979.5,974.3,978.4,730.568884
1762858800000,978.5,983.1,978.5,980.6,624.895741
1762862400000,980.6,984.7,977.3,980.0,774.924239
1762866000000,980.0,983.4,977.1,977.5,402.792967
1762869600000,977.6,984.3,974.9,983.7,1060.049416
1762873200000,983.7,983.7,971.5,975.6,1774.939134
1762876800000,975.8,977.8,972.4,975.3,676.380095
1762880400000,975.5,978.0,962.8,967.6,2137.331728
1762884000000,967.5,970.1,965.0,968.2,417.578841
1762887600000,968.1,968.1,960.9,961.4,677.393255
1762891200000,961.5,963.9,957.1,960.3,804.720999
1762894800000,960.5,962.9,957.4,959.2,306.179606
1762898400000,958.8,965.9,956.2,964.8,430.928536
1762902000000,964.7,965.2,957.0,958.1,481.558426
1762905600000,958.3,962.6,955.3,956.4,478.942277
1762909200000,956.5,965.8,955.3,963.6,571.982496
1762912800000,963.7,964.7,958.1,961.0,529.153656
1762916400000,961.1,962.7,960.2,961.2,216.388821
1762920000000,961.2,962.4,957.5,959.7,582.861618
1762923600000,959.8,962.7,957.7,958.4,423.577978
1762927200000,958.4,961.9,957.8,958.0,258.119138
1762930800000,957.9,959.4,951.8,953.4,520.215509
1762934400000,953.3,964.9,953.3,964.0,1044.499592
1762938000000,963.8,969.5,963.7,967.2,931.622543
1762941600000,967.1,973.4,966.7,972.8,314.504443
1762945200000,972.6,975.6,968.6,971.8,998.101059
1762948800000,971.9,975.4,970.4,973.4,551.124659
1762952400000,973.5,978.9,970.5,977.2,588.55891
1762956000000,977.2,977.2,959.5,966.5,1233.186678
1762959600000,966.0,969.7,946.1,949.5,2433.87525
1762963200000,949.4,951.8,937.9,942.6,2059.72214
1762966800000,942.7,952.3,941.0,950.3,729.854264
1762970400000,950.3,955.1,949.1,951.3,921.381432
1762974000000,951.0,951.6,943.2,948.5,607.848037
1762977600000,948.3,955.7,946.8,953.7,463.738268
1762981200000,953.7,957.9,953.5,956.1,254.280925
1762984800000,955.7,957.4,952.3,957.2,181.403308
1762988400000,957.2,957.4,951.5,953.0,159.149935
1762992000000,953.1,956.9,952.0,953.0,261.733083
1762995600000,953.1,959.7,952.9,955.8,815.916082
1762999200000,955.8,956.9,953.3,955.6,408.692893
1763002800000,955.6,963.8,946.2,959.4,1382.847838
1763006400000,959.5,962.7,957.3,962.1,597.152315
1763010000000,961.9,971.3,959.2,968.7,715.737976
1763013600000,969.0,971.1,966.7,967.9,703.295412
1763017200000,968.0,969.9,962.9,964.9,1124.773257
1763020800000,964.9,968.1,963.9,966.2,512.398496
1763024400000,966.0,966.9,958.9,960.9,1371.820016
1763028000000,960.9,966.4,960.9,964.0,351.077313
1763031600000,964.1,967.9,963.5,967.1,427.382239
1763035200000,967.2,968.3,964.9,965.7,582.244151
1763038800000,965.7,966.7,957.0,959.9,626.210052
1763042400000,959.9,968.3,952.8,964.7,1391.73289
1763046000000,964.6,966.4,954.2,957.6,1111.676122
1763049600000,957.3,959.5,945.3,945.9,1441.596322
1763053200000,945.9,946.5,930.5,931.2,2910.993452
1763056800000,931.2,933.1,914.2,917.4,2714.027868
1763060400000,917.5,924.7,911.3,914.2,1012.315312
1763064000000,914.2,919.2,906.6,914.6,1601.445777
1763067600000,914.9,919.9,910.0,915.0,626.927695
1763071200000,914.8,925.0,912.2,923.3,958.686876
1763074800000,923.5,932.9,920.5,927.1,951.218196
1763078400000,927.2,929.4,919.5,921.6,1105.35987
1763082000000,921.8,926.2,919.2,921.3,1246.659751
1763085600000,921.5,933.7,921.1,930.0,1424.846507
1763089200000,930.4,931.3,920.1,923.8,1463.517394
1763092800000,924.0,924.4,899.3,914.0,2983.040855
1763096400000,914.2,920.2,911.8,919.3,1422.495738
1763100000000,919.4,924.2,907.2,923.2,1773.782904
1763103600000,923.1,927.1,918.9,923.5,1565.783109
1763107200000,923.4,923.4,915.7,919.7,694.714814
1763110800000,919.8,922.5,909.6,910.8,1534.20871
1763114400000,910.7,918.1,910.5,913.7,597.797807
1763118000000,913.2,915.5,905.1,909.5,903.200134
1763121600000,909.5,909.6,888.0,906.5,2539.153979
1763125200000,906.6,910.2,897.0,906.1,1287.971984
1763128800000,906.4,928.4,905.0,925.4,3084.61169
1763132400000,925.3,931.5,918.9,925.9,1784.605033
1763136000000,926.0,933.7,922.0,931.7,1253.27623
1763139600000,931.7,932.5,920.8,923.1,1090.779108
1763143200000,923.0,927.5,919.0,921.3,784.210187
1763146800000,921.4,933.4,920.2,932.2,1056.873709
1763150400000,932.3,933.7,914.3,919.5,1494.205
1763154000000,920.1,928.4,917.6,925.9,699.437381
1763157600000,925.9,929.3,920.5,923.2,620.974388
1763161200000,923.4,923.4,908.4,915.5,1014.904848
1763164800000,915.6,926.8,915.2,922.9,1204.69803
1763168400000,923.0,930.5,919.6,929.0,957.574196
1763172000000,928.9,936.5,927.1,936.5,1115.840266
1763175600000,936.3,936.3,929.8,932.3,1109.813776
1763179200000,932.2,934.1,927.3,928.5,602.843939
1763182800000,928.4,933.0,927.3,932.3,519.467569
1763186400000,932.3,935.9,930.8,933.0,878.863147
1763190000000,933.0,937.2,931.7,936.6,2025.075991
1763193600000,936.6,939.0,930.7,933.1,1566.577804
1763197200000,933.1,939.0,930.9,935.1,704.811006
1763200800000,935.0,937.2,930.0,936.5,727.355454
1763204400000,936.6,937.9,929.1,930.9,585.934741
1763208000000,930.8,935.3,929.3,935.0,268.715707
1763211600000,935.1,938.3,933.6,937.1,536.121698
1763215200000,937.1,938.4,934.7,936.8,381.940841
1763218800000,936.7,938.5,935.2,936.8,219.179693
1763222400000,936.9,937.4,931.0,937.3,739.782006
1763226000000,937.5,941.7,936.3,940.9,766.669399
1763229600000,941.0,943.3,940.1,941.3,340.014386
1763233200000,941.5,945.5,941.1,941.5,291.430394
1763236800000,941.7,941.9,931.6,932.7,879.002786
1763240400000,933.1,934.3,926.0,927.3,501.22249
1763244000000,927.3,932.6,926.5,932.3,782.874952
1763247600000,932.3,936.7,931.3,932.3,277.90229
1763251200000,932.3,933.4,927.9,930.3,539.510582
1763254800000,930.0,930.2,921.6,928.6,749.346982
1763258400000,928.4,940.2,925.3,939.6,666.856624
1763262000000,940.1,941.5,936.7,941.1,301.667068
1763265600000,941.1,941.5,937.7,941.1,340.084781
1763269200000,941.2,945.1,940.7,944.0,742.337477
1763272800000,944.1,948.5,942.7,943.5,776.909996
1763276400000,943.3,943.8,940.6,943.6,187.939423
1763280000000,943.6,945.6,941.9,944.8,329.789435
1763283600000,944.9,950.1,942.2,949.6,468.46874
1763287200000,949.5,950.1,947.2,947.6,555.76331
1763290800000,948.0,948.6,930.6,931.8,1265.367324
1763294400000,931.9,938.2,928.5,933.2,1581.873107
1763298000000,932.8,934.2,925.9,930.0,686.260862
1763301600000,930.1,939.5,928.9,936.3,1311.279322
1763305200000,936.5,936.5,922.1,923.3,1137.706571
1763308800000,923.7,927.9,913.0,914.2,2588.162408
1763312400000,914.3,919.1,908.3,915.4,2500.210926
1763316000000,915.1,930.1,913.2,915.8,2872.442776
1763319600000,915.8,926.2,915.4,919.5,722.866666
1763323200000,920.2,926.1,918.9,920.0,285.709948
1763326800000,920.0,920.3,911.1,915.4,733.932396
1763330400000,915.5,924.1,911.0,922.6,1196.20296
1763334000000,922.9,931.8,910.3,926.7,1459.619539
1763337600000,926.7,938.6,919.9,936.0,1734.129204
1763341200000,936.2,936.3,928.5,929.0,656.766593
1763344800000,929.3,935.5,927.8,930.9,1087.191299
1763348400000,930.9,939.8,930.6,934.5,1560.952971
1763352000000,934.7,937.3,931.0,933.1,747.217386
1763355600000,933.2,935.6,931.7,934.3,490.203824
1763359200000,934.5,935.4,930.3,934.2,921.357933
1763362800000,934.3,938.4,934.0,935.7,922.691515
1763366400000,935.9,938.8,935.1,936.1,944.242348
1763370000000,936.1,938.3,933.8,936.8,453.058506
1763373600000,936.8,936.9,932.8,934.6,480.448911
1763377200000,934.6,939.2,931.8,933.9,486.49561
1763380800000,933.9,934.9,929.6,930.9,430.205603
1763384400000,930.9,931.7,901.0,907.2,3191.778274
1763388000000,906.7,934.0,901.7,919.3,3613.275547
1763391600000,919.4,923.3,908.7,911.8,1784.618181
1763395200000,912.1,922.0,900.8,920.8,2206.910874
1763398800000,921.0,921.9,908.2,910.5,1269.064896
1763402400000,910.6,915.5,905.0,908.6,1656.056994
1763406000000,908.1,909.8,893.1,897.2,1688.54205
1763409600000,897.2,905.6,891.3,902.0,1258.138284
1763413200000,902.5,906.2,897.6,902.4,1417.529216
1763416800000,902.6,911.0,900.8,907.3,1188.281946
1763420400000,907.4,908.7,903.0,907.3,595.993663
1763424000000,907.3,915.3,898.0,914.5,2548.976143
1763427600000,914.7,919.0,909.5,912.5,1627.052894
1763431200000,912.2,918.4,900.9,903.4,2263.438213
1763434800000,903.4,905.2,884.4,902.9,4342.548064
1763438400000,903.5,908.6,892.9,906.6,3013.89055
1763442000000,906.7,913.6,902.0,911.0,1779.731104
1763445600000,910.9,911.7,903.0,903.2,1542.119482
1763449200000,903.2,912.9,900.0,910.3,1739.949679
1763452800000,910.7,917.2,909.9,915.4,1221.767531
1763456400000,915.9,925.7,912.1,921.2,1372.430143
1763460000000,921.0,924.1,917.6,919.9,763.123957
1763463600000,919.7,920.5,914.9,915.6,894.240386
1763467200000,915.9,919.9,913.0,917.8,737.591767
1763470800000,917.7,918.0,910.9,916.3,666.02077
1763474400000,916.1,925.4,915.0,915.5,1198.025811
1763478000000,915.0,927.8,912.3,926.5,1703.966596
1763481600000,926.5,939.6,924.7,937.1,2714.634389
1763485200000,937.0,937.7,930.5,934.3,1212.713988
1763488800000,934.4,939.0,934.2,935.0,725.840831
1763492400000,935.1,938.9,933.9,935.8,598.327189
1763496000000,935.9,937.4,934.0,934.2,304.466755
1763499600000,934.3,935.3,929.0,929.2,360.726757
1763503200000,929.0,936.2,928.8,934.6,496.661294
1763506800000,934.7,935.3,932.2,932.9,201.104581
1763510400000,933.2,933.5,925.0,931.7,1094.816476
1763514000000,931.8,936.3,929.4,935.2,863.126286
1763517600000,935.5,941.6,934.3,938.8,853.443843
1763521200000,938.8,939.1,930.2,932.5,742.422503
1763524800000,932.3,932.9,924.2,925.9,1048.768167
1763528400000,926.1,926.8,913.2,918.7,1414.812175
1763532000000,918.7,926.6,917.6,924.9,747.721759
1763535600000,924.8,932.8,924.3,931.3,540.146189
1763539200000,931.5,934.3,924.8,926.1,592.875209
1763542800000,926.1,926.2,919.8,924.3,618.306411
1763546400000,924.2,926.3,922.3,922.5,364.475176
1763550000000,922.6,925.3,920.5,921.7,436.322313
1763553600000,921.6,925.4,920.5,924.6,429.658909
1763557200000,924.8,924.8,916.3,917.3,296.883769
1763560800000,917.6,920.3,911.0,917.0,1112.74244
1763564400000,917.1,923.7,892.8,894.6,3481.001546
1763568000000,894.5,899.8,884.3,888.0,2734.741048
1763571600000,887.9,890.9,876.8,884.5,2978.057601
1763575200000,884.3,884.8,872.0,876.9,1922.356116
1763578800000,877.2,880.3,874.3,879.0,1620.974052
1763582400000,879.0,888.8,876.3,887.2,1290.578387
1763586000000,887.3,899.4,885.4,897.1,1735.995288
1763589600000,897.3,897.5,889.7,893.2,1153.269553
1763593200000,893.3,901.5,892.1,898.1,1127.732225
1763596800000,898.1,907.3,894.1,901.1,1182.313062
1763600400000,901.1,909.8,900.1,908.7,1127.653356
1763604000000,908.9,916.2,908.0,911.6,1719.358114
1763607600000,912.2,914.3,909.0,910.1,696.664397
1763611200000,910.1,912.4,905.3,912.4,831.710263
1763614800000,912.5,914.8,908.2,908.4,710.865608
1763618400000,908.5,910.3,899.6,903.7,1808.80479
1763622000000,903.8,908.9,902.9,908.1,646.522741
1763625600000,908.1,909.1,904.7,906.8,424.323265
1763629200000,906.9,907.0,898.7,901.4,789.247638
1763632800000,901.6,902.2,897.2,901.2,428.640003
1763636400000,901.2,903.9,899.9,902.7,423.540528
1763640000000,902.7,904.7,899.4,903.8,576.600307
1763643600000,903.7,909.8,897.3,899.6,1168.915088
1763647200000,899.6,903.9,891.2,898.7,1440.158063
1763650800000,898.9,899.3,889.3,890.4,941.987657
1763654400000,890.5,891.1,876.5,880.1,4695.326474
1763658000000,880.0,882.3,869.3,879.2,2781.023896
1763661600000,878.8,882.9,872.9,873.4,1120.181092
1763665200000,873.3,881.9,868.4,880.7,1112.109496
1763668800000,880.4,882.8,874.5,875.0,1043.065564
1763672400000,874.9,882.8,874.8,877.7,774.430753
1763676000000,877.7,884.1,876.1,881.0,598.299159
1763679600000,880.8,881.0,865.9,866.9,1185.814912
1763683200000,866.9,873.2,864.5,869.3,1009.279979
1763686800000,869.3,877.7,867.6,872.0,913.043981
1763690400000,872.3,872.4,856.5,858.8,4058.091648
1763694000000,858.3,867.8,856.5,863.7,1284.175343
1763697600000,863.6,866.6,856.7,864.7,2332.411703
1763701200000,864.6,867.1,860.6,862.1,535.217183
1763704800000,862.3,863.3,851.8,852.7,1452.053843
1763708400000,852.6,854.6,805.5,832.0,12358.604837
1763712000000,832.0,840.2,828.4,830.4,2677.074914
1763715600000,830.5,836.1,812.9,812.9,3883.780011
1763719200000,812.8,818.8,805.9,812.7,3468.212317
1763722800000,812.7,822.5,808.4,809.5,1847.982094
1763726400000,809.3,823.3,791.2,818.9,5087.041148
1763730000000,818.6,828.7,815.9,823.2,1695.103075
1763733600000,823.3,831.9,817.3,828.8,3313.08291
1763737200000,829.0,830.5,811.3,813.6,2205.637848
1763740800000,814.0,829.3,808.1,828.5,4430.090131
1763744400000,828.6,836.7,827.1,831.9,1373.416275
1763748000000,832.2,832.9,815.3,828.3,2389.775135
1763751600000,828.2,830.5,824.0,825.8,1125.64606
1763755200000,825.7,826.9,816.9,823.7,961.344643
1763758800000,823.6,836.5,820.5,834.2,1087.888798
1763762400000,834.0,836.5,817.4,817.4,634.967053
1763766000000,817.4,833.9,814.2,830.6,1065.542684
1763769600000,830.8,840.4,830.5,835.7,1650.987238
1763773200000,835.9,842.7,834.6,842.5,539.896427
1763776800000,842.6,843.1,832.2,836.5,907.752338
1763780400000,836.5,838.8,833.8,836.7,413.89907
1763784000000,836.8,837.6,825.7,830.2,710.142006
1763787600000,830.3,831.0,820.1,824.7,672.359699
1763791200000,824.7,833.8,821.4,831.7,714.109851
1763794800000,831.8,835.0,830.3,832.1,588.164306
1763798400000,832.0,832.1,814.2,815.8,1739.879389
1763802000000,816.3,823.3,814.1,816.9,1257.795098
1763805600000,817.0,821.7,814.9,820.4,1201.271846
1763809200000,820.7,833.0,819.3,825.8,1477.034103
1763812800000,825.7,826.1,819.2,820.7,433.226516
1763816400000,821.0,823.7,815.5,818.6,354.854952
1763820000000,818.7,829.1,818.5,824.7,685.551
1763823600000,824.7,826.8,819.3,823.6,348.821254
1763827200000,823.5,831.2,823.2,830.0,684.054115
1763830800000,830.1,830.1,827.1,829.1,351.753083
1763834400000,829.1,834.2,827.5,833.0,633.040446
1763838000000,832.9,834.7,831.6,833.2,337.062714
1763841600000,833.2,834.6,826.2,827.8,186.106293
1763845200000,827.9,830.4,827.4,830.4,217.089875
1763848800000,830.3,842.4,828.2,838.0,652.920024
1763852400000,838.1,839.8,833.4,834.2,804.469255
1763856000000,834.1,840.2,833.6,836.1,735.181401
1763859600000,836.3,844.0,835.3,841.7,1298.934341
1763863200000,841.6,850.7,841.4,846.7,1936.746786
1763866800000,846.6,847.3,842.2,847.2,720.964777
1763870400000,847.2,854.9,846.2,849.1,2122.800578
1763874000000,849.0,849.1,845.3,847.0,934.376286
1763877600000,847.1,849.0,842.8,843.8,427.53535
1763881200000,843.9,844.3,836.9,841.4,1333.140865
1763884800000,841.4,844.3,840.8,843.9,287.702421
1763888400000,843.8,846.9,842.4,844.1,305.570344
1763892000000,844.0,844.1,840.1,842.0,373.271881
1763895600000,842.0,843.4,838.7,842.4,630.182697
1763899200000,842.7,849.5,842.5,847.8,1796.716103
1763902800000,847.7,850.8,845.2,849.7,398.013421
1763906400000,849.5,852.2,843.5,844.4,642.559087
1763910000000,844.5,851.3,843.7,850.2,899.695724
1763913600000,850.2,853.3,845.5,845.6,833.286523
1763917200000,845.6,847.3,843.3,844.9,458.504087
1763920800000,845.1,849.9,844.9,848.2,409.512071
1763924400000,848.3,852.2,847.4,849.7,1636.832409
1763928000000,849.8,852.6,848.9,851.4,686.363848
1763931600000,851.4,855.6,848.5,854.9,1268.926183
1763935200000,855.1,855.5,851.0,853.6,440.129478
1763938800000,854.3,855.0,842.5,843.9,529.929177
1763942400000,843.8,844.7,836.6,837.2,1027.732328
1763946000000,837.2,843.1,836.2,842.7,554.926225
1763949600000,842.8,853.3,841.2,848.4,1385.526485
1763953200000,848.5,852.0,843.1,849.7,1136.841107
1763956800000,849.7,852.9,839.2,845.0,1304.140046
1763960400000,845.0,858.5,844.5,854.1,1305.254143
1763964000000,854.0,854.4,848.1,853.5,1625.520468
1763967600000,853.4,857.9,851.7,853.8,496.943271
1763971200000,853.6,856.8,852.6,855.9,618.933678
1763974800000,855.8,855.8,841.0,842.2,1241.55702
1763978400000,842.5,845.5,842.1,843.2,506.52277
1763982000000,843.1,844.6,840.8,842.7,367.467285
1763985600000,842.6,843.0,836.7,837.9,346.564233
1763989200000,837.9,843.6,837.2,838.5,511.471795
1763992800000,838.5,842.9,829.9,838.0,2868.276906
1763996400000,838.1,848.4,836.1,844.3,1315.832659
1764000000000,844.4,852.7,844.2,848.3,984.209124
1764003600000,848.4,867.3,847.5,866.8,2814.018286
1764007200000,866.8,868.4,863.3,866.6,1151.845343
1764010800000,866.5,871.2,866.4,868.8,736.768542
1764014400000,868.8,876.5,868.7,873.5,1059.52241
1764018000000,873.2,873.3,865.7,867.3,731.827632
1764021600000,867.4,870.9,864.2,865.5,402.934631
1764025200000,864.9,866.5,863.3,864.6,1047.811628
1764028800000,864.5,866.1,860.2,864.7,971.509637
1764032400000,864.8,866.8,860.3,860.7,836.357657
1764036000000,860.9,862.7,856.4,862.2,1070.19684
1764039600000,862.2,864.4,859.1,860.7,431.182182
1764043200000,860.8,864.9,856.4,863.3,1308.313667
1764046800000,863.1,864.5,859.9,863.2,760.107972
1764050400000,863.2,864.8,858.5,860.8,661.136593
1764054000000,860.8,862.7,855.8,856.2,545.807929
1764057600000,856.0,859.8,852.3,852.8,686.75503
1764061200000,852.8,853.4,846.7,852.8,919.77573
1764064800000,852.7,856.0,851.2,854.1,349.351319
1764068400000,854.0,854.7,850.1,850.6,361.892056
1764072000000,851.0,855.8,850.0,853.7,592.309454
1764075600000,853.7,856.0,846.0,847.9,573.208208
1764079200000,848.1,850.3,837.4,842.1,1350.765251
1764082800000,842.2,848.9,837.5,846.2,1139.386754
1764086400000,846.1,855.8,845.3,853.6,1142.620457
1764090000000,853.4,861.9,852.4,858.0,1223.48004
1764093600000,858.0,861.0,855.4,855.4,251.179435
1764097200000,855.3,856.4,845.4,855.1,1240.49168
1764100800000,855.2,859.6,853.6,858.1,289.145291
1764104400000,857.9,858.8,856.2,856.2,156.767081
1764108000000,856.1,863.6,851.0,862.2,520.037254
1764111600000,862.2,867.6,861.0,862.6,807.290694
1764115200000,863.1,866.4,862.2,863.7,336.474943
1764118800000,863.8,868.5,861.8,867.8,558.539669
1764122400000,867.8,870.1,865.4,865.4,1133.278197
1764126000000,865.4,867.4,859.4,860.0,954.97197
1764129600000,860.1,861.4,857.6,858.9,532.929096
1764133200000,858.9,862.8,858.8,860.9,328.945625
1764136800000,860.8,863.1,859.2,862.6,335.556377
1764140400000,862.5,863.0,859.1,860.6,420.796675
1764144000000,860.5,861.1,856.6,857.2,808.044155
1764147600000,857.2,858.5,852.9,853.4,528.985861
1764151200000,853.5,859.0,853.5,858.9,311.416295
1764154800000,858.9,858.9,856.5,857.8,272.588322
1764158400000,857.9,858.6,852.1,856.1,298.05293
1764162000000,855.9,864.7,855.6,864.4,852.562986
1764165600000,864.5,865.3,857.9,859.4,774.713625
1764169200000,859.5,868.2,859.3,864.9,766.423442
1764172800000,865.0,873.1,864.9,872.2,1549.484788
1764176400000,872.3,890.3,872.3,888.3,1905.314097
1764180000000,888.4,894.9,888.4,894.7,1381.777679
1764183600000,894.7,897.3,891.7,896.8,485.505071
1764187200000,896.7,897.2,890.7,892.4,306.587722
1764190800000,892.2,893.4,889.5,891.1,495.739938
1764194400000,891.3,893.9,891.3,893.0,349.916817
1764198000000,893.1,895.9,889.9,891.8,545.938213
1764201600000,891.7,895.4,889.6,893.4,518.241808
1764205200000,893.5,898.1,892.6,897.9,685.52352
1764208800000,897.7,904.7,896.4,897.6,1512.49642
1764212400000,897.7,898.8,894.0,895.4,877.169375
1764216000000,895.5,899.1,895.4,895.8,507.480647
1764219600000,895.8,896.7,890.7,891.8,622.978192
1764223200000,891.8,895.3,891.7,894.4,254.324105
1764226800000,894.5,894.8,891.8,893.9,739.045637
1764230400000,893.8,894.0,889.8,892.8,682.796078
1764234000000,892.9,894.8,891.9,892.9,470.632612
1764237600000,893.0,895.7,891.1,894.2,901.989743
1764241200000,894.3,894.3,890.8,892.4,336.201921
1764244800000,892.4,893.9,885.2,885.2,1414.838584
1764248400000,885.2,888.9,883.7,887.7,949.375066
1764252000000,887.7,890.7,886.5,889.5,385.702509
1764255600000,889.4,894.1,888.2,893.1,465.325842
1764259200000,893.2,894.8,890.1,894.5,754.979252
1764262800000,894.4,894.5,891.8,893.2,128.557715
1764266400000,893.1,898.5,892.2,898.1,389.370844
1764270000000,897.9,897.9,894.7,896.5,143.676712
1764273600000,896.6,898.5,896.3,897.8,246.402795
1764277200000,897.9,898.9,895.5,896.6,191.704231
1764280800000,896.6,898.0,891.2,893.6,225.076686
1764284400000,893.5,896.6,893.0,895.8,99.621853
1764288000000,895.7,899.3,894.1,899.0,232.789896
1764291600000,899.2,899.8,890.0,891.4,892.294571
1764295200000,891.5,896.6,889.1,895.7,500.726542
1764298800000,895.8,896.0,891.0,892.4,584.748929
1764302400000,892.5,896.4,892.2,895.0,327.561547
1764306000000,895.1,898.0,894.2,895.3,622.545138
1764309600000,895.4,895.8,888.3,889.0,370.496727
1764313200000,889.1,890.1,881.9,882.4,524.967736
1764316800000,882.5,896.3,882.5,892.2,849.090815
1764320400000,892.8,895.9,890.9,895.1,614.114062
1764324000000,895.1,898.5,892.9,897.9,498.506575
1764327600000,897.9,897.9,888.0,892.0,655.698168
1764331200000,892.0,893.3,889.7,889.8,320.394892
1764334800000,889.8,899.4,887.3,899.0,534.415964
1764338400000,898.9,903.6,893.7,898.6,886.590264
1764342000000,898.6,906.3,896.1,902.0,645.46271
1764345600000,902.2,902.2,884.2,884.3,1200.425473
1764349200000,884.5,885.5,875.8,880.9,1407.436342
1764352800000,880.9,883.7,876.8,882.3,445.286174
1764356400000,882.3,887.1,881.9,886.2,291.929252
1764360000000,886.2,890.1,883.1,889.9,181.104897
1764363600000,889.8,890.3,885.8,886.0,364.865992
1764367200000,886.1,889.0,884.2,888.3,209.782493
1764370800000,888.4,889.2,887.3,887.3,166.861844
1764374400000,887.3,887.8,884.4,885.8,131.043048
1764378000000,885.8,889.0,885.5,886.1,135.72915
1764381600000,886.1,887.3,883.5,885.2,316.921027
1764385200000,885.2,886.7,883.8,884.2,259.773443
1764388800000,884.3,885.0,883.0,884.5,345.25103
1764392400000,884.5,884.5,881.3,881.5,259.058651
1764396000000,881.6,882.9,876.6,879.1,782.93211
1764399600000,879.1,880.6,878.2,879.4,364.478671
1764403200000,879.3,881.0,878.1,880.3,355.655265
1764406800000,880.3,881.6,879.4,881.4,300.657239
1764410400000,881.5,882.2,878.3,879.1,239.466552
1764414000000,879.1,880.0,877.5,878.5,220.002356
1764417600000,878.6,879.7,876.3,877.3,248.528922
1764421200000,877.2,878.7,875.4,878.3,313.694467
1764424800000,878.1,878.4,875.6,875.7,272.771617
1764428400000,875.7,882.2,875.7,880.9,695.066709
1764432000000,881.0,881.9,879.4,881.3,210.5434
1764435600000,881.5,881.6,872.5,872.9,874.740218
1764439200000,872.9,874.1,868.4,873.8,749.005064
1764442800000,874.1,874.4,872.6,873.0,161.997234
1764446400000,873.0,874.4,870.7,874.4,80.614203
1764450000000,874.4,875.8,871.9,875.4,138.379706
1764453600000,875.4,875.4,872.7,873.2,203.638319
1764457200000,873.5,875.0,871.5,872.9,82.488544
1764460800000,873.0,875.4,872.7,875.3,104.017258
1764464400000,875.3,878.4,875.2,876.9,186.476915
1764468000000,877.0,878.8,874.0,874.1,132.501774
1764471600000,874.2,876.2,869.6,875.7,284.773707
1764475200000,875.6,876.9,873.8,874.4,151.632416
1764478800000,874.3,874.3,870.3,871.6,192.061342
1764482400000,871.4,874.2,870.8,872.4,187.818273
1764486000000,872.5,875.6,872.3,875.0,330.472029
1764489600000,874.9,878.6,874.7,877.5,1582.03912
1764493200000,877.5,879.5,876.9,879.2,375.694653
1764496800000,879.1,879.8,876.7,877.2,158.131479
1764500400000,877.3,879.0,875.8,876.8,388.220813
1764504000000,876.8,883.8,876.0,882.6,326.327324
1764507600000,882.7,896.3,882.7,896.2,1160.017922
1764511200000,896.3,897.8,890.2,893.7,809.127446
1764514800000,893.7,895.2,890.2,893.8,273.054751
1764518400000,893.9,899.9,893.8,899.1,692.595576
1764522000000,899.2,899.2,895.5,897.6,517.748587
1764525600000,897.6,897.6,892.9,896.2,299.489579
1764529200000,896.3,896.9,894.1,895.2,66.134879
1764532800000,895.1,897.1,893.0,895.7,104.844085
1764536400000,895.7,895.7,887.0,889.0,464.666002
1764540000000,889.4,890.3,885.7,888.5,384.402361
1764543600000,888.6,888.7,874.4,875.1,584.949141
1764547200000,875.1,877.0,832.8,834.3,6344.519146
1764550800000,834.3,844.4,833.9,837.5,1602.182023
1764554400000,837.6,842.2,834.2,835.7,1781.724855
1764558000000,835.7,836.6,827.2,829.1,2110.402573
1764561600000,829.0,829.3,821.8,823.2,1685.54585
1764565200000,823.2,824.6,820.7,823.3,676.173284
1764568800000,823.2,830.0,822.4,828.1,1005.103039
1764572400000,828.2,832.8,825.3,832.5,853.252321
1764576000000,832.3,833.4,827.6,829.6,711.758278
1764579600000,829.6,832.1,823.1,823.7,1265.085629
1764583200000,823.6,827.8,823.6,827.7,544.776575
1764586800000,827.8,827.8,823.4,824.6,630.226235
1764590400000,824.7,824.7,814.1,821.1,1281.369
1764594000000,821.0,826.0,815.2,816.6,908.645233
1764597600000,816.5,824.7,815.9,819.9,1095.673639
1764601200000,820.1,820.4,801.8,812.2,2353.120767
1764604800000,812.1,816.3,808.6,810.0,822.177973
1764608400000,810.4,816.0,810.2,812.5,566.809338
1764612000000,812.5,818.6,812.0,817.5,610.810807
1764615600000,817.2,817.5,811.7,814.2,271.710054
1764619200000,814.5,820.9,814.5,817.1,618.96681
1764622800000,817.6,824.7,817.1,822.6,618.531025
1764626400000,822.8,830.0,822.8,826.7,524.536317
1764630000000,826.8,832.0,826.4,826.4,421.774762
1764633600000,826.4,827.6,823.7,826.3,232.04679
1764637200000,825.9,833.6,825.5,828.6,669.484302
1764640800000,828.8,833.0,826.4,827.4,939.507471
1764644400000,827.3,829.6,820.3,827.9,524.181392
1764648000000,827.8,832.4,827.8,832.3,577.978757
1764651600000,832.4,832.8,828.4,831.5,416.34668
1764655200000,831.5,832.6,829.1,831.5,455.079442
1764658800000,831.5,831.6,828.4,830.7,418.389265
1764662400000,830.6,830.6,825.1,828.6,934.422704
1764666000000,828.8,836.9,828.6,836.1,635.704401
1764669600000,835.9,843.0,833.9,840.7,784.263895
1764673200000,840.6,844.9,839.3,842.9,393.364333
1764676800000,843.0,843.3,839.4,841.4,602.350046
1764680400000,841.5,846.5,839.5,845.2,1021.903162
1764684000000,845.2,859.9,844.7,859.4,2541.55024
1764687600000,859.3,874.9,858.4,870.8,2757.146869
1764691200000,870.9,875.4,865.1,872.7,2201.349909
1764694800000,872.7,881.0,870.9,876.8,1129.802446
1764698400000,876.6,885.0,876.6,880.8,1050.028177
1764702000000,880.9,885.0,879.2,882.4,468.596388
1764705600000,882.5,882.7,872.8,875.9,1033.793477
1764709200000,876.0,879.4,875.5,878.4,303.822877
1764712800000,878.1,882.1,878.1,880.2,426.529255
1764716400000,880.2,881.2,876.0,876.7,404.730919
1764720000000,876.8,879.3,873.5,878.6,273.636265
1764723600000,878.4,886.6,878.4,883.5,841.520593
1764727200000,883.5,889.6,881.5,887.1,671.656618
1764730800000,887.0,889.3,885.8,888.0,468.65524
1764734400000,887.9,895.0,887.6,894.6,508.172193
1764738000000,895.0,902.3,894.1,901.7,1420.160042
1764741600000,901.9,910.7,897.2,899.1,1536.474123
1764745200000,899.1,899.8,894.4,896.6,732.561339
1764748800000,896.7,897.9,893.5,896.1,540.100555
1764752400000,896.0,901.7,894.5,900.4,658.087913
1764756000000,900.4,900.9,895.1,896.7,512.290498
1764759600000,896.7,899.3,893.8,899.1,860.645968
1764763200000,899.1,903.6,897.9,901.4,1152.905928
1764766800000,901.1,905.7,900.6,900.9,624.618017
1764770400000,901.0,906.2,887.9,895.6,2483.788031
1764774000000,895.6,901.3,891.3,897.1,1017.511082
1764777600000,897.1,903.4,892.9,899.3,1286.645786
1764781200000,899.3,912.2,898.9,907.7,5609.597544
1764784800000,907.6,908.6,901.5,903.0,1718.32487
1764788400000,903.0,907.8,902.6,907.3,328.071457
1764792000000,907.4,912.2,905.6,908.5,388.144928
1764795600000,908.5,917.5,907.7,917.1,1124.971684
1764799200000,917.0,920.4,912.7,919.0,1142.261784
1764802800000,919.0,923.6,917.1,920.9,1235.59965
1764806400000,921.0,926.2,915.6,923.0,2061.795001
1764810000000,922.9,928.7,920.1,920.4,1315.143146
1764813600000,920.4,926.3,919.4,922.3,1112.562142
1764817200000,922.1,923.3,916.3,917.0,434.031132
1764820800000,916.9,919.2,912.9,913.4,1188.795728
1764824400000,913.4,913.7,906.6,908.1,1118.371335
1764828000000,908.1,915.4,908.0,913.5,1489.176415
1764831600000,913.6,913.9,909.6,910.6,1687.695238
1764835200000,910.7,911.9,907.3,908.7,325.704534
1764838800000,908.8,913.1,908.7,910.9,767.341039
1764842400000,910.9,912.1,908.8,909.9,178.458362
1764846000000,909.9,910.8,907.2,909.0,315.268038
1764849600000,909.0,910.4,907.7,908.7,335.649338
1764853200000,908.8,909.4,902.6,903.1,538.639095
1764856800000,903.1,910.7,901.8,902.8,971.424841
1764860400000,902.6,916.1,902.6,910.9,910.097064
1764864000000,911.1,912.4,905.3,906.4,777.627306
1764867600000,906.3,907.0,899.1,905.8,665.395075
1764871200000,905.9,906.2,898.9,899.7,877.47861
1764874800000,899.9,900.4,887.1,898.7,1002.976111
1764878400000,898.7,901.9,896.2,901.8,271.921197
1764882000000,901.5,903.0,897.4,897.4,460.303301
1764885600000,897.7,904.3,897.6,902.4,254.55954
1764889200000,902.4,902.8,899.6,900.1,114.799868
1764892800000,900.0,904.7,899.7,903.0,265.920754
1764896400000,903.1,907.3,902.1,903.9,383.410102
1764900000000,903.9,906.8,901.7,904.9,580.36508
1764903600000,905.0,906.9,900.5,901.8,345.013295
1764907200000,902.2,905.8,900.7,902.3,681.525385
1764910800000,902.5,904.1,898.6,900.2,445.250622
1764914400000,900.4,904.8,900.4,904.8,446.714678
1764918000000,904.8,908.2,901.6,902.1,382.583542
1764921600000,902.1,902.5,897.8,899.8,419.376976
1764925200000,899.8,899.8,889.8,891.1,690.571216
1764928800000,891.1,896.3,891.0,894.6,426.460755
1764932400000,894.9,896.1,890.6,894.0,429.245119
1764936000000,894.2,894.2,891.7,893.0,288.043326
1764939600000,893.0,894.7,884.7,886.8,498.929193
1764943200000,886.9,890.9,885.1,888.0,402.392586
1764946800000,888.0,900.3,887.8,889.2,1175.496287
1764950400000,889.1,889.6,870.6,879.1,2113.386915
1764954000000,879.0,884.2,876.4,883.2,581.454651
1764957600000,883.1,887.3,877.4,877.8,448.359378
1764961200000,877.8,885.5,875.1,883.8,594.347775
1764964800000,883.7,885.2,880.1,880.6,147.44759
1764968400000,880.5,883.1,879.3,880.4,250.469162
1764972000000,880.8,884.5,878.7,882.6,117.611112
1764975600000,882.6,884.4,878.9,883.8,135.701221
1764979200000,883.8,885.8,881.3,885.7,91.694931
1764982800000,885.7,886.9,883.4,884.8,153.902071
1764986400000,884.9,885.2,881.9,885.2,332.912613
1764990000000,885.1,888.5,885.1,887.7,289.710218
1764993600000,887.9,888.3,884.0,884.5,115.924277
1764997200000,884.6,885.3,882.6,883.5,319.66833
1765000800000,883.5,884.7,882.1,884.7,502.725315
1765004400000,884.8,886.6,883.3,884.9,260.727816
1765008000000,884.8,884.8,878.1,878.5,403.622866
1765011600000,878.5,883.6,878.3,883.1,544.848352
1765015200000,882.9,884.8,882.2,883.7,215.695182
1765018800000,883.2,885.0,883.1,883.8,208.297756
1765022400000,883.8,885.3,883.3,883.7,455.299689
1765026000000,883.7,890.2,883.5,889.9,739.198111
1765029600000,890.0,897.2,887.6,894.8,1128.321353
1765033200000,895.0,895.1,888.5,890.3,636.201168
1765036800000,890.4,898.0,889.6,895.2,726.95857
1765040400000,895.3,895.4,892.0,894.0,259.670483
1765044000000,894.1,894.1,890.7,891.5,393.202786
1765047600000,891.4,892.5,888.5,889.9,904.623192
1765051200000,889.9,895.3,889.9,894.5,325.671137
1765054800000,894.3,896.1,893.5,894.7,145.164801
1765058400000,894.7,895.5,891.4,892.0,149.861092
1765062000000,892.0,892.9,889.5,890.5,199.483902
1765065600000,890.6,894.2,890.1,893.7,375.50561
1765069200000,893.7,894.7,892.5,893.4,234.710247
1765072800000,893.4,897.0,893.3,896.9,408.784574
1765076400000,896.7,898.5,895.2,898.1,253.901637
1765080000000,898.2,898.3,895.4,896.1,329.946479
1765083600000,896.1,896.6,893.4,894.5,193.15834
1765087200000,894.5,897.1,894.2,895.3,465.37418
1765090800000,895.5,895.8,891.2,891.6,472.188526
1765094400000,891.7,893.6,889.3,891.4,526.025864
1765098000000,891.5,891.9,887.0,887.2,403.378707
1765101600000,887.3,892.0,887.0,889.9,342.15356
1765105200000,889.9,891.3,887.8,888.3,149.39062
1765108800000,888.3,894.2,888.0,893.4,268.33699
1765112400000,893.5,893.7,885.1,886.9,413.989034
1765116000000,886.9,887.7,870.3,874.0,2045.888319
1765119600000,873.5,892.3,871.1,890.5,1858.902509
1765123200000,890.6,895.1,886.9,894.5,881.694534
1765126800000,894.5,904.0,891.0,899.5,1709.267813
1765130400000,899.7,906.2,899.7,901.9,353.382669
1765134000000,902.1,904.0,900.4,904.0,431.45006
1765137600000,904.0,905.4,903.2,904.1,131.257306
1765141200000,904.1,904.1,893.5,896.5,493.930474
1765144800000,896.0,896.3,881.1,889.3,787.905901
1765148400000,889.0,895.0,887.2,894.4,229.899798
1765152000000,894.5,898.6,891.4,896.4,291.802279
1765155600000,896.5,909.8,896.1,902.5,974.615628
1765159200000,902.5,903.5,899.7,902.8,665.43057
1765162800000,903.0,903.4,900.0,902.1,248.482143
1765166400000,902.2,906.0,901.0,903.6,426.489188
1765170000000,903.7,903.7,900.5,902.4,474.667868
1765173600000,902.5,904.7,902.2,903.0,233.684203
1765177200000,903.1,905.4,901.2,903.3,371.218201
1765180800000,903.4,907.3,902.9,906.6,181.024528
1765184400000,906.6,912.6,906.4,910.1,502.356397
1765188000000,910.1,911.1,908.3,910.3,374.975936
1765191600000,910.3,910.5,905.0,906.2,625.188016
1765195200000,906.2,908.6,904.5,908.5,476.594867
1765198800000,908.5,911.4,906.5,910.5,439.550168
1765202400000,910.5,913.0,904.0,904.5,1212.59746
1765206000000,904.8,906.9,896.7,897.1,769.923737
1765209600000,897.1,901.0,893.0,894.5,486.366689
1765213200000,894.5,897.8,892.0,896.8,308.58945
1765216800000,896.9,898.5,889.3,891.2,313.335619
1765220400000,891.2,897.3,891.2,894.6,178.235817
1765224000000,895.3,902.1,895.2,901.0,222.277333
1765227600000,901.2,905.1,899.2,904.7,246.318425
1765231200000,904.5,904.9,898.2,899.5,140.480062
1765234800000,899.6,900.4,896.7,897.3,144.203143
1765238400000,897.4,899.9,896.3,896.6,130.684974
1765242000000,896.6,897.1,891.3,892.3,289.398725
1765245600000,892.4,895.0,891.5,891.5,765.429848
1765249200000,891.7,894.8,888.1,893.9,795.776511
1765252800000,893.9,895.7,889.9,890.9,673.469516
1765256400000,890.9,892.0,888.4,888.8,662.651431
1765260000000,888.9,890.4,884.4,887.6,839.98992
1765263600000,887.6,890.0,887.2,889.0,348.237198
1765267200000,889.1,889.2,886.1,887.8,696.183971
1765270800000,887.7,888.0,885.0,886.0,457.683826
1765274400000,886.0,888.5,883.6,887.1,348.715631
1765278000000,887.1,887.8,885.0,887.1,404.312534
1765281600000,887.2,889.1,885.7,888.4,528.105879
1765285200000,888.3,889.1,881.9,884.0,810.533887
1765288800000,884.0,885.9,882.2,885.3,714.496495
1765292400000,885.5,909.2,885.3,907.7,2040.086728
1765296000000,907.8,927.3,907.8,923.3,3802.268713
1765299600000,923.6,928.2,915.9,918.6,2012.153773
1765303200000,918.6,921.0,914.1,916.8,1180.225273
1765306800000,916.9,917.3,913.4,914.3,569.100068
1765310400000,914.3,914.4,904.4,908.6,664.214671
1765314000000,908.7,909.6,894.1,899.9,951.183381
1765317600000,899.7,904.5,899.7,903.1,506.45422
1765321200000,902.9,903.0,897.5,897.5,239.544707
1765324800000,897.5,898.9,891.3,891.5,796.894054
1765328400000,891.6,892.7,887.3,890.9,849.127404
1765332000000,890.6,893.4,888.4,891.3,1073.426307
1765335600000,890.9,891.9,889.5,890.8,460.344745
1765339200000,890.7,893.1,889.3,890.5,523.592243
1765342800000,890.4,893.4,889.3,892.8,581.807709
1765346400000,893.1,896.4,892.2,894.3,733.537467
1765350000000,893.9,894.3,891.1,894.2,576.37136
1765353600000,894.3,895.0,891.7,892.1,443.500116
1765357200000,892.1,894.3,889.6,892.9,745.759281
1765360800000,892.8,896.1,887.3,888.1,1189.335872
1765364400000,888.0,889.4,884.4,886.8,576.43782
1765368000000,886.7,887.9,884.2,887.8,377.605001
1765371600000,887.7,891.9,887.5,891.5,424.824484
1765375200000,891.6,891.8,887.3,889.8,897.925911
1765378800000,889.6,892.3,886.8,891.3,413.419031
1765382400000,891.2,897.7,889.4,896.4,1344.260864
1765386000000,896.3,897.4,893.5,896.1,450.212586
1765389600000,896.3,902.9,894.1,898.5,630.247629
1765393200000,898.6,905.0,892.7,902.4,1074.895942
1765396800000,902.3,915.0,897.4,898.7,1473.612087
1765400400000,898.8,902.1,894.3,896.9,366.321868
1765404000000,896.9,900.3,889.7,899.1,552.102856
1765407600000,898.1,900.8,893.0,893.3,251.010201
1765411200000,893.3,894.6,881.1,883.4,972.22284
1765414800000,883.3,884.0,873.5,876.6,1186.295044
1765418400000,876.6,876.8,863.5,866.9,3360.265548
1765422000000,866.9,869.7,861.7,868.2,1227.86299
1765425600000,868.2,872.0,865.0,871.2,642.181679
1765429200000,871.2,873.8,867.0,872.3,604.133935
1765432800000,872.3,872.7,868.3,869.9,395.04081
1765436400000,870.0,871.2,866.5,867.1,614.413563
1765440000000,867.1,867.1,862.4,865.4,829.369769
1765443600000,865.4,868.5,864.8,867.0,351.363111
1765447200000,867.1,867.9,865.1,865.9,326.366205
1765450800000,866.0,869.1,865.5,866.6,548.66552
1765454400000,866.6,868.3,864.5,866.3,599.543074
1765458000000,866.3,868.5,866.0,867.8,387.405481
1765461600000,867.8,868.8,859.5,861.7,779.536229
1765465200000,861.6,870.8,861.0,865.8,696.43294
1765468800000,865.7,869.3,860.8,866.3,340.778715
1765472400000,866.4,871.1,865.5,869.0,273.031454
1765476000000,868.9,881.0,868.4,875.2,632.17771
1765479600000,875.3,880.9,873.6,876.0,379.034372
1765483200000,876.0,880.8,875.8,880.4,289.412435
1765486800000,880.5,891.4,879.6,888.6,850.824441
1765490400000,888.7,890.4,883.4,884.7,645.693297
1765494000000,884.4,888.5,883.3,885.9,468.868963
1765497600000,886.0,888.1,880.2,880.6,290.337935
1765501200000,880.4,889.2,880.4,886.6,818.209783
1765504800000,886.7,892.7,886.1,892.7,805.744256
1765508400000,892.8,896.0,889.8,892.5,707.836045
1765512000000,892.5,892.8,888.7,889.0,158.433952
1765515600000,889.1,891.5,886.4,891.0,268.126142
1765519200000,891.2,894.0,890.4,891.1,420.940185
1765522800000,891.3,891.5,888.7,889.1,233.115678
1765526400000,889.1,889.4,885.1,886.5,551.029448
1765530000000,886.6,887.7,885.0,887.4,370.985037
1765533600000,887.5,888.0,885.0,885.1,228.433634
1765537200000,885.1,886.4,883.6,886.2,164.52176
1765540800000,886.2,888.0,885.2,887.9,174.268208
1765544400000,887.8,888.9,886.7,888.0,273.263533
1765548000000,888.0,892.7,887.5,892.0,1539.129573
1765551600000,891.8,891.8,872.7,874.8,3038.445313
1765555200000,874.8,880.0,871.2,876.3,1111.380861
1765558800000,876.3,880.6,874.3,875.7,311.577397
1765562400000,875.9,882.2,875.0,880.1,311.895348
1765566000000,880.4,880.4,875.4,877.6,136.910523
1765569600000,877.6,878.3,875.4,877.2,199.80451
1765573200000,877.3,879.8,876.6,878.7,100.429671
1765576800000,878.6,881.9,878.6,881.4,157.610856
1765580400000,881.7,882.6,881.5,881.6,178.260742
1765584000000,881.7,883.3,881.1,881.3,190.562506
1765587600000,881.4,882.4,880.5,882.2,101.90169
1765591200000,882.3,885.6,882.2,884.0,212.296435
1765594800000,884.1,887.7,883.9,887.7,164.234351
1765598400000,887.7,888.0,885.6,886.5,136.128553
1765602000000,886.6,887.5,885.3,886.2,165.247647
1765605600000,886.2,888.4,884.0,888.4,549.921259
1765609200000,888.4,889.6,886.2,886.4,235.170325
1765612800000,886.5,889.8,886.2,889.2,286.348556
1765616400000,889.2,890.1,888.0,889.6,219.437759
1765620000000,889.7,894.2,888.9,893.1,346.670044
1765623600000,893.0,893.4,891.3,892.5,243.77887
1765627200000,892.4,894.3,891.2,891.6,333.885283
1765630800000,891.6,893.6,891.2,891.9,391.433631
1765634400000,892.0,893.4,887.1,891.3,792.277151
1765638000000,891.3,900.2,891.3,899.2,1023.290297
1765641600000,899.2,904.7,897.5,897.7,718.120495
1765645200000,897.9,898.6,895.2,895.9,218.772388
1765648800000,896.0,897.2,891.8,892.8,352.344661
1765652400000,892.7,895.4,892.3,893.9,124.927432
1765656000000,893.9,896.4,893.7,893.8,132.188373
1765659600000,894.0,894.9,890.0,894.6,187.34838
1765663200000,894.5,897.1,893.4,896.1,116.430637
1765666800000,896.0,897.7,895.4,897.1,60.723791
1765670400000,897.1,899.8,895.8,897.0,270.059879
1765674000000,897.2,898.9,895.8,896.2,285.111323
1765677600000,896.2,896.9,894.6,896.7,452.306571
1765681200000,896.7,897.1,895.5,895.8,129.92828
1765684800000,895.9,897.1,894.4,895.3,154.534142
1765688400000,895.3,895.3,892.4,894.3,216.569638
1765692000000,894.4,895.0,893.0,893.8,96.697912
1765695600000,893.7,896.9,893.1,896.6,262.047176
1765699200000,896.7,898.9,896.7,897.3,466.340774
1765702800000,897.4,897.8,895.2,895.3,133.38814
1765706400000,895.3,895.3,890.6,893.6,595.063332
1765710000000,893.6,893.6,884.8,889.2,696.752163
1765713600000,889.4,894.6,886.9,892.6,493.545131
1765717200000,892.6,892.6,888.1,891.9,758.936541
1765720800000,892.0,895.0,886.1,888.3,857.762641
1765724400000,888.4,888.5,883.6,886.8,535.947301
1765728000000,886.9,888.9,884.0,886.5,302.966528
1765731600000,886.5,887.6,881.0,882.8,373.761529
1765735200000,883.1,886.1,882.1,886.0,284.835478
1765738800000,886.0,886.1,881.3,883.5,150.198202
1765742400000,883.4,885.2,880.3,882.1,377.158311
1765746000000,882.2,884.2,879.0,880.0,277.84207
1765749600000,880.2,882.2,875.0,878.7,307.250598
1765753200000,878.8,880.3,870.1,877.5,378.567773
1765756800000,877.6,883.2,876.5,882.9,591.737845
1765760400000,883.0,889.0,880.5,888.1,1044.683618
1765764000000,888.2,895.8,887.9,889.1,1211.671626
1765767600000,889.2,891.0,887.5,889.3,780.200888
1765771200000,889.4,890.8,887.3,889.7,384.865802
1765774800000,889.8,890.8,888.0,888.5,350.759904
1765778400000,888.6,891.8,887.2,891.0,359.484021
1765782000000,891.0,891.9,888.1,890.0,390.387867
1765785600000,889.9,890.9,888.0,889.6,489.712209
1765789200000,889.6,892.4,889.5,891.3,406.725933
1765792800000,891.4,893.6,889.9,890.3,581.568367
1765796400000,890.3,890.7,887.1,887.8,567.492826
1765800000000,887.9,889.5,885.6,888.7,505.186698
1765803600000,888.7,889.1,885.2,886.8,638.217436
1765807200000,886.9,890.6,869.2,872.0,1635.91945
1765810800000,871.5,871.5,852.0,859.2,6511.41436
1765814400000,859.3,859.9,848.6,852.4,955.073723
1765818000000,852.2,853.4,842.5,844.5,703.684073
1765821600000,844.7,851.8,841.0,851.4,738.019423
1765825200000,851.3,855.0,848.6,849.8,1310.214169
1765828800000,849.7,849.8,844.6,846.0,251.258092
1765832400000,846.1,853.0,845.4,852.9,168.683917
1765836000000,853.0,853.4,850.1,853.4,649.260873
1765839600000,853.5,859.0,853.5,858.7,887.683155
1765843200000,858.5,858.6,852.1,852.3,631.22986
1765846800000,852.7,856.7,851.8,854.7,375.228183
1765850400000,854.5,858.4,851.7,856.1,367.772007
1765854000000,856.0,856.8,850.6,855.2,391.649384
1765857600000,855.3,856.6,847.0,854.6,746.32851
1765861200000,854.7,856.8,853.3,856.6,388.698108
1765864800000,856.7,865.9,856.7,865.4,547.626991
1765868400000,865.6,866.0,859.1,859.7,321.284896
1765872000000,859.8,862.1,857.4,858.4,237.449873
1765875600000,858.4,862.1,858.0,860.1,231.483074
1765879200000,860.1,865.4,859.3,862.0,558.430045
1765882800000,862.2,866.3,861.7,865.8,402.974224
1765886400000,865.8,870.0,865.5,868.3,612.638338
1765890000000,868.2,871.9,861.5,861.8,2228.055529
1765893600000,861.7,874.3,858.5,872.1,755.36446
1765897200000,872.3,878.3,868.3,876.5,1049.557182
1765900800000,876.6,876.6,870.2,871.0,721.537579
1765904400000,871.1,872.7,866.9,867.2,305.498026
1765908000000,867.3,873.3,866.3,871.3,182.201881
1765911600000,871.4,871.9,867.1,870.2,272.539348
1765915200000,870.2,872.1,869.1,870.6,104.395339
1765918800000,870.4,873.4,869.3,872.4,129.236392
1765922400000,872.4,874.8,871.6,873.6,159.75011
1765926000000,873.5,875.5,872.1,875.5,246.722079
1765929600000,875.6,875.6,870.4,871.0,197.83211
1765933200000,871.1,874.9,870.1,870.8,253.883273
1765936800000,870.7,871.0,864.8,867.1,575.865955
1765940400000,867.3,868.2,861.8,863.1,746.914217
1765944000000,863.1,863.4,858.8,858.9,316.249605
1765947600000,858.8,860.4,855.3,858.7,374.66873
1765951200000,858.7,868.0,858.5,865.7,1129.207466
1765954800000,866.0,871.0,865.2,868.0,490.656974
1765958400000,868.0,868.0,862.8,862.8,533.673453
1765962000000,862.8,864.9,860.8,860.8,329.222246
1765965600000,860.8,861.2,855.4,856.5,1030.531605
1765969200000,856.4,860.7,856.1,859.7,594.177839
1765972800000,859.8,860.8,857.3,860.5,501.382265
1765976400000,860.5,864.7,857.6,862.5,397.942777
1765980000000,862.4,869.4,854.7,869.2,996.930549
1765983600000,869.1,876.1,852.6,854.0,3164.736159
1765987200000,853.8,857.7,840.1,847.3,2178.825333
1765990800000,847.2,849.7,842.5,843.8,502.145603
1765994400000,843.8,846.8,836.7,837.7,427.608198
1765998000000,838.0,841.3,833.3,840.7,448.548331
1766001600000,840.7,844.7,838.6,842.4,130.881475
1766005200000,842.2,843.1,837.5,838.6,107.041104
1766008800000,838.8,843.7,836.8,843.6,381.661661
1766012400000,843.7,843.7,840.6,843.1,123.963108
1766016000000,843.2,845.9,840.8,845.7,146.891008
1766019600000,845.7,845.7,839.1,841.2,605.20792
1766023200000,841.2,846.9,839.8,845.2,842.207678
1766026800000,845.1,845.1,833.0,836.5,1351.756127
1766030400000,836.6,839.3,836.0,836.3,411.828293
1766034000000,836.3,836.7,830.1,831.5,704.512217
1766037600000,831.5,835.1,830.5,834.7,237.106944
1766041200000,834.8,835.9,832.8,833.7,255.913617
1766044800000,833.7,837.6,833.0,836.1,515.551796
1766048400000,836.0,839.9,834.5,839.0,349.308277
1766052000000,839.1,841.7,837.9,840.0,392.414261
1766055600000,840.2,840.3,837.2,839.6,392.356222
1766059200000,839.9,841.0,837.3,838.9,278.080322
1766062800000,839.1,852.3,839.1,848.8,1505.998049
1766066400000,849.0,853.3,838.2,843.6,1109.746652
1766070000000,843.7,851.0,840.0,848.1,1131.768172
1766073600000,848.2,848.8,843.7,845.2,526.427653
1766077200000,845.4,845.4,818.5,831.6,2980.911651
1766080800000,831.6,838.5,830.1,831.7,938.610906
1766084400000,831.6,832.4,818.2,820.3,936.857299
1766088000000,820.2,826.3,819.9,820.4,740.565456
1766091600000,820.7,830.2,820.7,830.1,601.590945
1766095200000,830.1,831.9,827.9,831.6,662.267294
1766098800000,831.6,831.7,828.2,829.9,216.144387
1766102400000,830.0,832.3,828.0,831.0,288.609578
1766106000000,831.0,831.0,823.2,825.0,193.584346
1766109600000,825.0,828.5,822.2,826.7,675.579472
1766113200000,826.6,841.5,826.4,837.3,897.119649
1766116800000,837.6,840.8,835.7,837.1,503.427532
1766120400000,837.3,839.4,835.5,839.4,449.556179
1766124000000,839.5,843.7,838.2,843.7,252.538185
1766127600000,843.6,850.0,842.4,843.3,1330.636325
1766131200000,843.2,845.9,842.3,845.1,403.439264
1766134800000,845.1,847.6,843.6,845.8,316.367264
1766138400000,845.9,847.0,843.3,845.3,419.856048
1766142000000,845.3,849.5,844.8,849.1,332.425
1766145600000,849.1,849.4,845.5,845.6,400.048681
1766149200000,845.7,848.4,845.6,847.9,473.003233
1766152800000,847.9,850.6,843.8,848.2,1101.179862
1766156400000,848.2,855.0,844.3,846.6,820.855666
1766160000000,846.4,853.2,845.9,848.2,529.680581
1766163600000,848.4,850.7,843.7,845.1,552.257661
1766167200000,845.2,851.0,845.2,849.4,263.666482
1766170800000,849.4,857.8,849.4,856.3,814.250201
1766174400000,856.4,862.6,854.4,860.6,570.915929
1766178000000,860.5,860.6,854.5,854.9,372.496952
1766181600000,854.9,857.4,854.9,856.4,255.204109
1766185200000,856.5,857.3,854.9,856.3,178.779429
1766188800000,856.4,857.0,853.8,854.3,397.122291
1766192400000,854.3,854.3,852.5,852.7,205.79134
1766196000000,852.8,856.9,852.5,856.0,277.125059
1766199600000,856.0,859.6,855.9,858.5,437.770155
1766203200000,858.5,858.5,854.2,854.3,354.115894
1766206800000,854.4,856.0,852.6,854.2,397.535252
1766210400000,854.3,855.0,852.8,853.8,1180.926843
1766214000000,853.8,854.4,852.2,853.7,435.065966
1766217600000,853.7,856.3,853.2,853.5,544.895229
1766221200000,853.5,854.0,853.0,853.2,208.117311
1766224800000,853.3,853.4,850.7,852.4,568.511982
1766228400000,852.4,853.9,851.3,853.6,335.422068
1766232000000,853.6,853.8,852.7,853.1,148.074004
1766235600000,853.1,853.6,850.9,852.8,561.314614
1766239200000,852.8,853.2,850.9,852.9,210.070221
1766242800000,853.0,853.9,851.5,853.9,661.350605
1766246400000,853.9,854.2,852.8,854.0,200.853943
1766250000000,854.0,854.4,852.8,853.2,167.086248
1766253600000,853.2,854.0,852.4,853.1,96.694173
1766257200000,853.1,853.5,852.6,852.9,70.871063
1766260800000,853.0,853.5,852.6,853.3,50.10505
1766264400000,853.3,853.5,852.4,852.4,86.176926
1766268000000,852.4,852.9,851.0,852.8,107.69771
1766271600000,852.7,855.0,851.9,854.2,270.818755
1766275200000,854.2,855.1,853.4,854.1,180.273491
1766278800000,854.3,854.3,851.6,851.9,67.372396
1766282400000,851.9,852.7,846.7,847.5,540.500773
1766286000000,847.4,851.1,847.2,850.3,197.148424
1766289600000,850.4,850.7,848.3,848.5,173.914551
1766293200000,848.6,849.8,848.1,848.3,132.425603
1766296800000,848.2,850.6,848.1,849.8,396.250378
1766300400000,849.9,850.1,848.5,849.9,226.894623
1766304000000,849.8,856.0,848.9,854.1,313.69248
1766307600000,854.1,858.0,852.5,856.9,612.573981
1766311200000,857.3,859.7,854.9,856.1,480.58846
1766314800000,856.1,857.9,855.5,856.7,213.774851
1766318400000,856.9,859.6,855.9,858.6,399.545046
1766322000000,858.5,858.9,845.7,846.7,1363.152682
1766325600000,846.6,850.8,846.2,850.5,521.903753
1766329200000,850.5,850.5,845.9,848.8,426.543985
1766332800000,848.7,852.2,846.2,852.2,851.995864
1766336400000,852.2,856.4,851.7,853.3,315.853373
1766340000000,853.3,853.5,850.9,852.8,109.760217
1766343600000,852.8,856.6,852.7,855.7,320.972701
1766347200000,855.7,856.5,853.6,853.8,99.760177
1766350800000,853.9,854.8,851.2,851.6,94.696435
1766354400000,851.8,857.0,851.4,856.6,194.811632
1766358000000,856.7,859.6,855.9,858.6,344.558317
1766361600000,858.7,867.9,858.6,859.7,911.258877
1766365200000,859.6,864.1,857.5,857.7,884.551389
1766368800000,857.8,858.3,851.3,855.8,1138.763761
1766372400000,855.8,857.8,853.7,855.8,531.164836
1766376000000,855.9,859.8,855.1,859.4,537.758143
1766379600000,859.4,859.7,856.1,857.1,783.423656
1766383200000,857.0,860.7,856.2,859.3,347.167312
1766386800000,859.2,861.1,858.3,858.8,798.742829
1766390400000,858.7,868.2,858.5,863.8,1767.762729
1766394000000,863.9,867.5,862.0,862.0,1100.962388
1766397600000,862.1,867.1,860.1,866.4,1393.670924
1766401200000,866.3,866.8,864.2,865.5,1105.478254
1766404800000,865.5,871.1,864.9,866.7,821.205067
1766408400000,866.8,867.5,863.0,864.5,844.558987
1766412000000,864.5,869.5,863.5,868.1,482.015418
1766415600000,868.1,869.8,862.0,867.8,509.317056
1766419200000,867.9,869.0,865.8,867.0,541.883894
1766422800000,867.1,868.0,865.0,867.6,277.242068
1766426400000,867.7,869.0,865.8,866.5,282.29404
1766430000000,866.6,866.6,857.2,857.5,463.651945
1766433600000,857.4,858.7,853.5,855.5,308.694999
1766437200000,855.4,858.7,855.3,856.2,105.240496
1766440800000,856.1,860.9,855.5,860.5,200.312395
1766444400000,860.5,860.5,857.2,858.3,432.760272
1766448000000,858.7,861.3,857.9,860.3,183.031135
1766451600000,860.2,860.6,857.2,858.6,333.85358
1766455200000,858.6,860.0,854.7,855.4,488.232535
1766458800000,855.5,857.6,852.4,857.3,339.695683
1766462400000,857.3,857.6,854.5,855.1,185.080777
1766466000000,855.2,855.4,851.3,853.1,720.936081
1766469600000,852.9,852.9,847.1,849.0,1281.419914
1766473200000,849.1,850.4,848.3,848.6,400.12221
1766476800000,848.5,850.3,848.0,848.6,258.616417
1766480400000,848.6,850.0,848.0,849.2,445.679965
1766484000000,849.1,851.8,849.1,851.1,307.000928
1766487600000,851.1,853.2,850.7,853.0,329.593536
1766491200000,853.0,853.0,849.1,849.8,1130.716235
1766494800000,849.8,850.9,846.2,848.4,554.119236
1766498400000,848.5,850.3,838.1,840.6,1383.780864
1766502000000,840.6,844.8,838.3,844.2,565.362757
1766505600000,844.0,849.9,842.3,848.6,497.790286
1766509200000,848.6,849.4,839.0,839.0,480.630887
1766512800000,839.0,845.9,839.0,845.1,379.548631
1766516400000,845.1,845.9,840.3,841.7,280.053393
1766520000000,841.4,847.6,840.0,843.1,198.406082
1766523600000,843.2,845.3,842.5,844.9,84.670509
1766527200000,845.0,845.7,841.0,843.0,199.26988
1766530800000,843.1,845.1,841.7,844.2,152.582266
1766534400000,844.3,846.8,843.6,846.5,156.658865
1766538000000,846.9,847.6,843.1,843.8,102.613265
1766541600000,843.9,844.0,836.5,838.7,349.956372
1766545200000,838.7,841.5,836.2,840.7,263.869231
1766548800000,840.7,842.4,839.2,839.2,252.048998
1766552400000,839.3,840.5,836.8,838.2,652.498605
1766556000000,838.3,838.9,836.2,838.8,374.581482
1766559600000,838.9,840.5,838.0,838.0,310.632296
1766563200000,837.9,838.1,835.3,836.3,291.678102
1766566800000,836.4,837.6,835.3,836.1,149.501748
1766570400000,836.1,839.0,836.0,837.3,205.360878
1766574000000,837.3,839.4,837.3,837.9,175.917561
1766577600000,837.9,840.9,837.0,840.6,197.232242
1766581200000,840.4,841.6,838.5,840.7,257.418032
1766584800000,840.7,843.1,835.5,838.4,348.252488
1766588400000,838.6,842.3,836.6,841.1,273.398083
1766592000000,841.1,845.3,840.0,844.5,354.73432
1766595600000,844.5,846.6,843.6,845.1,261.09557
1766599200000,844.9,849.0,843.9,846.2,377.729308
1766602800000,846.3,847.8,845.8,847.7,138.356551
1766606400000,847.7,850.0,847.7,848.8,186.754017
1766610000000,848.9,849.3,847.1,847.5,109.252894
1766613600000,847.6,849.6,846.3,849.3,167.947583
1766617200000,849.4,849.4,846.6,846.7,49.488999
1766620800000,846.6,847.7,845.0,845.5,90.945572
1766624400000,845.7,847.7,845.7,847.2,206.317892
1766628000000,847.2,847.9,845.7,846.4,109.660982
1766631600000,846.4,846.4,843.8,844.9,151.726857
1766635200000,845.0,845.3,843.4,843.7,153.261924
1766638800000,843.7,843.7,842.1,843.4,118.762815
1766642400000,843.4,844.0,842.2,843.8,176.527295
1766646000000,843.8,843.8,842.1,843.1,123.689472
1766649600000,843.1,844.5,839.1,840.9,294.076754
1766653200000,840.9,841.4,839.7,840.9,341.835429
1766656800000,840.9,841.0,835.1,836.5,536.468598
1766660400000,836.4,838.3,836.4,837.5,264.532893
1766664000000,837.4,837.9,836.5,837.8,256.75655
1766667600000,837.8,838.8,835.1,836.8,411.001776
1766671200000,836.7,838.2,836.2,838.0,290.185971
1766674800000,838.0,844.7,837.2,842.2,536.066547
1766678400000,842.4,842.9,839.5,840.7,617.212771
1766682000000,840.8,841.7,839.7,841.0,280.675916
1766685600000,841.1,842.7,839.7,841.8,498.160657
1766689200000,841.8,842.2,840.3,841.1,126.955956
1766692800000,841.1,841.4,839.4,840.5,133.167006
1766696400000,840.5,843.4,840.3,842.4,300.339824
1766700000000,842.3,842.4,835.2,837.0,321.47525
1766703600000,837.2,838.5,826.5,829.3,1679.619659
1766707200000,829.3,831.3,827.7,830.1,557.672486
1766710800000,830.0,832.9,829.7,832.1,512.043964
1766714400000,832.2,844.5,831.3,842.1,1654.542338
1766718000000,842.2,842.9,838.0,840.6,702.893009
1766721600000,840.7,841.5,837.3,841.3,168.047365
1766725200000,841.3,841.5,839.6,840.9,194.583554
1766728800000,841.3,844.8,841.1,844.1,255.765629
1766732400000,843.9,847.1,840.0,840.7,556.873706
1766736000000,840.9,842.8,840.5,841.8,337.691463
1766739600000,842.0,843.1,840.6,842.3,201.956124
1766743200000,842.3,842.9,840.5,840.8,84.493793
1766746800000,840.8,840.8,838.9,839.2,170.288064
1766750400000,839.3,843.0,839.3,841.9,1639.968067
1766754000000,841.8,843.7,841.2,843.3,294.831348
1766757600000,843.3,843.7,830.2,830.3,774.895416
1766761200000,830.2,830.2,821.2,829.1,1648.259313
1766764800000,829.2,832.0,828.0,828.6,774.009091
1766768400000,828.7,833.4,828.4,831.4,418.794781
1766772000000,831.5,834.7,831.1,833.3,215.24736
1766775600000,833.4,834.5,831.1,832.7,512.554053
1766779200000,832.7,838.0,832.4,836.3,456.725818
1766782800000,836.4,837.3,834.5,834.5,115.835637
1766786400000,834.6,835.4,833.7,835.3,106.454313
1766790000000,835.4,835.5,834.3,834.8,65.502614
1766793600000,834.8,836.3,834.8,835.7,86.527347
1766797200000,835.7,836.5,834.7,836.2,80.297016
1766800800000,836.3,836.4,834.1,835.2,288.406715
1766804400000,835.3,836.4,834.6,836.2,110.038156
1766808000000,836.3,836.4,834.5,835.6,166.425
1766811600000,835.8,837.4,835.2,837.3,127.569041
1766815200000,837.4,840.1,836.8,839.7,353.651168
1766818800000,839.8,843.1,839.2,840.5,420.354183
1766822400000,840.8,843.3,840.0,840.2,264.876705
1766826000000,840.3,842.0,838.2,838.4,490.237316
1766829600000,838.4,843.5,837.5,841.7,1091.211171
1766833200000,841.8,841.8,840.1,840.9,309.712047
1766836800000,841.0,841.4,839.6,840.0,415.781546
1766840400000,840.1,841.1,839.3,840.3,139.250569
1766844000000,840.2,840.6,838.7,839.4,242.680877
1766847600000,839.4,841.8,838.4,841.1,212.800489
1766851200000,841.2,841.9,840.3,840.7,127.92342
1766854800000,840.7,841.4,839.4,840.1,209.760553
1766858400000,840.2,840.5,839.8,840.1,85.591738
1766862000000,840.1,840.9,839.7,840.9,122.102771
1766865600000,841.0,842.0,839.9,840.2,180.796046
1766869200000,840.3,842.4,840.3,842.4,177.292392
1766872800000,842.4,846.8,841.2,842.1,457.614546
1766876400000,842.2,846.3,842.2,845.3,244.590258
1766880000000,845.2,845.9,842.7,842.8,269.543174
1766883600000,842.9,843.5,839.2,840.3,475.872596
1766887200000,840.3,842.2,840.1,841.6,311.577746
1766890800000,841.7,842.1,840.6,841.7,285.486605
1766894400000,841.7,844.2,841.5,843.1,187.917543
1766898000000,843.2,844.0,842.2,842.9,540.242973
1766901600000,843.0,844.2,842.6,843.6,172.142569
1766905200000,843.7,844.2,843.2,844.0,161.795235
1766908800000,844.1,847.0,844.1,845.4,224.071532
1766912400000,845.5,846.5,844.4,845.6,298.809188
1766916000000,845.6,849.9,845.6,848.2,252.671889
1766919600000,848.3,857.3,848.3,854.8,914.459836
1766923200000,854.9,857.5,854.9,855.7,681.281431
1766926800000,855.7,859.0,855.5,858.2,445.295997
1766930400000,858.1,859.3,856.5,857.7,353.170797
1766934000000,857.7,863.5,857.4,860.5,930.158543
1766937600000,860.5,865.5,860.4,864.3,1005.63428
1766941200000,864.3,866.6,863.4,866.4,191.476595
1766944800000,866.5,867.4,859.1,859.1,1283.005468
1766948400000,859.1,862.7,859.1,860.0,399.677624
1766952000000,859.9,862.5,858.9,860.6,98.85195
1766955600000,860.8,861.0,857.0,858.3,314.582336
1766959200000,858.3,861.0,857.1,860.3,164.625915
1766962800000,860.2,860.7,857.3,859.7,355.231524
1766966400000,859.8,865.0,859.0,862.8,883.369423
1766970000000,862.7,865.5,859.5,864.8,547.078228
1766973600000,864.8,872.5,864.7,867.0,1236.135995
1766977200000,867.0,871.0,866.4,869.2,437.666812
1766980800000,869.2,871.7,867.8,868.8,380.436512
1766984400000,868.8,868.8,863.9,864.6,623.523114
1766988000000,864.6,865.9,863.5,863.9,448.234459
1766991600000,863.9,864.1,858.9,860.8,793.901129
1766995200000,860.8,862.0,858.7,859.0,1046.556964
1766998800000,858.8,859.1,847.7,851.5,1006.718273
1767002400000,851.5,854.8,851.0,854.1,464.658345
1767006000000,854.1,855.8,852.8,853.1,764.298114
1767009600000,853.2,854.0,846.1,852.0,832.837906
1767013200000,852.0,853.2,848.7,850.0,427.222579
1767016800000,850.0,855.5,848.5,851.0,451.773981
1767020400000,851.3,855.2,850.4,853.6,285.351817
1767024000000,853.6,855.2,850.2,853.9,653.242963
1767027600000,853.9,854.8,852.3,854.5,233.136908
1767031200000,854.7,855.6,851.3,851.9,209.632388
1767034800000,852.1,853.6,851.3,853.0,225.641806
1767038400000,853.2,854.9,851.6,852.9,324.116062
1767042000000,852.7,854.9,852.7,854.9,146.939501
1767045600000,854.8,854.8,852.8,853.8,273.613441
1767049200000,853.8,853.9,852.0,852.4,126.630015
1767052800000,852.5,853.6,850.7,851.5,153.387829
1767056400000,851.5,853.4,850.3,852.4,371.242352
1767060000000,852.6,852.7,849.0,849.7,414.420234
1767063600000,849.8,853.3,848.8,852.7,232.692781
1767067200000,852.7,853.3,851.2,852.8,115.291318
1767070800000,852.8,853.3,850.5,851.0,428.009432
1767074400000,850.9,855.0,850.8,853.9,489.263032
1767078000000,853.9,855.2,853.2,854.2,383.578845
1767081600000,854.2,860.1,854.1,856.8,671.713987
1767085200000,857.0,857.6,854.9,856.8,262.697359
1767088800000,856.8,857.1,855.1,855.6,278.945934
1767092400000,855.5,856.4,854.4,855.2,281.737588
1767096000000,855.2,856.8,854.9,856.8,344.97669
1767099600000,856.9,863.6,856.7,862.9,445.782205
1767103200000,863.0,864.2,858.1,862.1,443.411679
1767106800000,862.0,863.6,858.1,863.0,559.988641
1767110400000,863.0,863.3,858.5,860.7,208.486726
1767114000000,860.6,861.9,858.8,860.6,459.787588
1767117600000,860.5,862.0,858.9,860.4,1163.638864
1767121200000,860.4,860.4,857.5,860.1,492.443021
1767124800000,860.1,860.4,858.7,858.8,116.347126
1767128400000,858.8,861.4,858.5,861.3,125.462586
1767132000000,861.4,863.1,860.6,861.5,314.936073
1767135600000,861.4,863.1,861.1,861.7,162.152822
1767139200000,861.7,862.5,859.3,859.6,181.178601
1767142800000,859.5,863.2,859.1,861.6,134.968354
1767146400000,861.7,861.7,859.3,860.3,188.820468
1767150000000,860.3,860.9,857.7,859.2,195.777081
1767153600000,859.4,861.3,859.1,861.1,89.450517
1767157200000,861.3,864.0,860.4,863.1,312.776263
1767160800000,863.1,866.7,862.6,866.1,1054.746184
1767164400000,866.0,868.0,864.9,868.0,224.555153
1767168000000,868.0,869.1,864.8,866.3,475.924633
1767171600000,866.2,866.7,865.2,865.3,410.475175
1767175200000,865.2,869.1,865.2,868.2,904.181332
1767178800000,868.3,869.2,867.7,869.2,645.099215
1767182400000,869.1,869.2,866.2,866.8,378.328417
1767186000000,866.9,869.1,866.4,868.5,272.585062
1767189600000,868.5,877.4,865.0,866.1,1200.344405
1767193200000,866.1,867.0,860.7,863.2,1001.728879
1767196800000,863.4,864.5,857.7,861.5,848.19069
1767200400000,861.4,863.6,861.2,862.4,167.004966
1767204000000,862.5,864.6,861.6,862.1,241.145873
1767207600000,862.1,864.7,862.1,864.3,94.374955
1767211200000,864.3,864.3,860.9,863.4,133.276389
1767214800000,863.5,866.2,863.5,866.0,95.208164
1767218400000,866.0,866.4,864.1,864.4,151.093519
1767222000000,864.5,865.6,864.1,864.2,36.987972
1767225600000,864.3,866.5,863.8,866.4,82.170182
1767229200000,866.3,873.7,866.1,872.9,672.951935
1767232800000,872.9,874.4,870.7,871.7,447.893031
1767236400000,871.7,873.3,868.5,869.0,279.481264
1767240000000,869.1,869.2,862.2,863.4,371.155341
1767243600000,863.5,865.2,862.6,862.9,321.787146
1767247200000,862.9,864.7,861.6,861.8,425.355339
1767250800000,861.8,861.9,859.2,859.8,206.863526
1767254400000,859.7,861.7,859.0,861.4,197.006794
1767258000000,861.5,861.8,859.9,860.3,228.584844
1767261600000,860.3,861.7,860.2,861.2,198.48957
1767265200000,861.2,861.9,860.7,861.8,150.187411
1767268800000,861.8,861.8,856.1,859.2,434.691815
1767272400000,859.2,861.0,858.4,858.8,191.072417
1767276000000,858.7,859.5,857.2,857.9,206.410721
1767279600000,857.9,860.4,856.3,859.3,640.774338
1767283200000,859.3,859.8,857.1,858.0,679.370317
1767286800000,858.0,860.9,856.9,859.8,381.087804
1767290400000,859.9,860.1,858.6,859.9,185.990526
1767294000000,859.9,861.3,859.1,861.2,1046.17456
1767297600000,861.3,861.8,859.9,860.7,246.31726
1767301200000,860.8,862.4,860.5,862.1,87.871767
1767304800000,862.2,863.5,860.9,863.2,130.362365
1767308400000,863.6,864.3,862.1,863.9,181.068279
1767312000000,864.0,864.7,861.2,864.1,659.164522
1767315600000,864.1,864.5,861.6,862.1,277.100641
1767319200000,862.3,862.8,859.4,862.8,346.770187
1767322800000,862.9,866.9,862.4,865.6,507.177652
1767326400000,865.7,866.1,863.7,864.7,314.31761
1767330000000,864.8,867.0,862.9,865.9,434.368718
1767333600000,865.8,867.8,865.4,866.1,136.182072
1767337200000,866.2,866.8,864.3,864.8,200.009791
1767340800000,864.8,869.2,864.7,867.9,517.865301
1767344400000,868.0,872.0,867.5,871.1,319.445463
1767348000000,871.3,874.3,871.0,871.8,534.451383
1767351600000,871.8,871.9,867.1,869.7,510.389923
1767355200000,869.8,871.3,869.2,869.7,158.261074
1767358800000,869.6,872.2,869.1,870.5,196.007306
1767362400000,870.4,878.0,865.3,875.5,838.782305
1767366000000,875.6,882.4,870.5,878.0,1099.352634
1767369600000,878.1,887.2,877.5,886.6,1388.385183
1767373200000,886.6,891.1,884.0,886.9,892.497678
1767376800000,886.9,888.0,878.9,880.8,733.285436
1767380400000,881.0,882.9,880.3,880.5,340.615236
1767384000000,880.8,883.1,878.6,879.3,178.958222
1767387600000,879.3,882.9,879.0,882.4,156.678484
1767391200000,882.4,885.5,882.0,884.9,266.128595
1767394800000,885.0,885.7,880.5,881.3,96.207725
1767398400000,881.3,884.1,880.7,881.6,334.596485
1767402000000,881.6,881.9,879.2,879.9,444.986071
1767405600000,879.9,879.9,875.2,878.2,847.352607
1767409200000,878.1,879.5,877.3,879.4,224.833072
1767412800000,879.4,880.2,877.9,879.3,298.117096
1767416400000,879.4,879.5,874.5,876.8,306.80005
1767420000000,876.8,877.1,873.1,874.2,346.024652
1767423600000,874.0,875.2,868.7,873.0,527.869514
1767427200000,873.0,875.7,871.7,874.1,197.567773
1767430800000,874.2,875.6,873.6,874.8,255.373373
1767434400000,874.9,874.9,873.0,873.6,179.193264
1767438000000,873.7,874.5,872.5,874.5,158.606295
1767441600000,874.4,876.0,873.5,875.4,270.536416
1767445200000,875.1,877.7,875.1,877.0,248.944076
1767448800000,877.1,877.1,873.5,874.4,333.262082
1767452400000,874.4,875.2,872.0,873.6,360.233141
1767456000000,873.6,876.5,873.5,875.9,360.426141
1767459600000,875.9,877.3,875.2,877.0,137.625682
1767463200000,877.0,877.3,875.4,877.0,104.130683
1767466800000,877.1,877.3,876.3,876.5,30.458947
1767470400000,876.6,877.4,875.6,877.1,87.45279
1767474000000,877.2,879.4,876.9,879.3,69.786248
1767477600000,879.3,880.0,878.2,878.6,152.957361
1767481200000,878.7,879.8,878.2,878.8,142.291885
1767484800000,878.9,883.4,878.7,880.8,733.311471
1767488400000,880.9,883.8,880.6,882.6,696.01215
1767492000000,882.7,882.7,880.2,881.0,204.518396
1767495600000,881.0,883.7,880.9,883.2,301.009753
1767499200000,883.2,891.0,883.0,889.1,850.859434
1767502800000,889.1,889.2,885.7,888.3,566.565571
1767506400000,888.4,889.9,884.2,885.0,383.75674
1767510000000,884.9,885.8,883.1,884.8,255.948509
1767513600000,884.8,886.8,882.6,886.0,312.438633
1767517200000,886.0,886.9,884.5,886.3,242.71975
1767520800000,886.4,887.5,885.9,887.3,193.129018
1767524400000,887.3,887.3,884.6,885.0,332.645569
1767528000000,885.0,888.0,884.0,887.2,347.299172
1767531600000,887.2,890.0,886.4,888.8,234.831508
1767535200000,888.8,888.8,884.7,886.8,978.248592
1767538800000,886.9,889.3,885.0,889.2,811.017462
1767542400000,889.2,897.8,889.2,897.5,929.8226
1767546000000,897.5,903.5,896.6,901.2,1930.387528
1767549600000,901.3,901.3,895.1,895.5,768.29986
1767553200000,895.5,895.7,890.8,892.8,365.321989
1767556800000,893.0,898.1,892.9,896.4,495.073511
1767560400000,896.6,897.8,895.3,897.2,197.277774
1767564000000,897.2,897.9,892.6,894.0,429.410508
1767567600000,894.0,896.7,893.2,895.8,275.988738
1767571200000,895.8,901.5,895.0,900.3,802.56194
1767574800000,900.4,906.9,899.4,903.2,1146.251933
1767578400000,903.4,904.2,899.1,901.2,463.405382
1767582000000,901.4,901.9,899.0,900.0,405.22839
1767585600000,900.0,900.6,890.1,895.6,631.331885
1767589200000,895.6,895.6,892.7,892.8,1010.942863
1767592800000,892.7,900.4,892.5,900.2,1331.253477
1767596400000,900.2,900.5,898.2,899.6,863.870009
1767600000000,899.5,900.7,897.4,898.7,588.199186
1767603600000,898.7,900.1,895.7,897.9,634.450329
1767607200000,897.9,905.8,897.9,903.9,2038.846052
1767610800000,903.9,909.4,902.7,909.1,1817.143512
1767614400000,909.2,909.3,904.0,906.6,1183.498856
1767618000000,906.6,907.3,901.4,904.2,532.572098
1767621600000,903.9,906.7,900.5,904.5,617.915867
1767625200000,904.6,907.0,900.9,906.3,613.182348
1767628800000,906.3,907.2,903.2,904.9,357.575335
1767632400000,904.9,907.1,901.2,906.5,482.041374
1767636000000,906.6,908.4,903.3,908.4,446.974507
1767639600000,908.3,914.0,906.7,911.1,595.661
1767643200000,911.1,916.7,910.8,912.2,461.713973
1767646800000,912.3,913.4,908.9,912.1,212.957903
1767650400000,912.2,914.6,911.7,913.1,379.437561
1767654000000,913.1,913.2,910.3,910.3,315.096799
1767657600000,910.4,911.6,904.8,908.8,388.177971
1767661200000,908.8,911.2,906.0,907.0,236.990014
1767664800000,907.0,908.1,905.0,905.1,507.044633
1767668400000,905.1,908.7,905.0,907.9,375.02668
1767672000000,908.0,910.0,906.4,907.6,245.499936
1767675600000,907.6,908.1,903.9,905.5,1182.887306
1767679200000,905.6,910.2,905.0,908.1,1580.323864
1767682800000,908.2,908.2,903.1,905.0,1571.73927
1767686400000,905.1,908.7,904.7,907.9,985.250337
1767690000000,908.0,914.4,908.0,913.1,1433.556385
1767693600000,913.1,915.2,911.3,911.9,705.25301
1767697200000,912.0,914.7,911.3,913.2,370.705433
1767700800000,913.3,913.9,911.6,913.0,199.077514
1767704400000,912.9,914.9,912.4,914.2,306.957262
1767708000000,914.2,923.0,914.2,920.8,2209.307137
1767711600000,920.8,924.2,916.0,919.2,1974.191511
1767715200000,919.4,920.8,905.2,908.0,2197.619692
1767718800000,908.0,909.5,892.4,893.8,1673.158172
1767722400000,893.8,903.1,891.9,901.2,2013.318855
1767726000000,901.3,902.9,900.6,901.3,258.66532
1767729600000,901.3,907.3,901.2,905.8,329.054661
1767733200000,905.8,915.2,904.6,912.7,441.865369
1767736800000,912.7,915.7,911.8,913.3,478.28517
1767740400000,913.7,920.0,913.7,918.1,382.695931
1767744000000,918.0,919.3,908.8,909.0,539.198803
1767747600000,909.0,911.6,905.4,907.1,531.730877
1767751200000,907.0,912.3,904.9,911.6,1033.76716
1767754800000,911.7,913.0,909.7,909.9,523.473222
1767758400000,910.0,911.3,909.1,910.5,563.253144
1767762000000,910.5,915.0,910.1,912.7,455.790114
1767765600000,912.8,917.0,912.4,914.4,523.541498
1767769200000,914.4,919.0,914.4,918.8,568.000187
1767772800000,918.8,920.6,915.6,917.7,1495.216746
1767776400000,917.5,918.1,909.2,910.3,1277.460255
1767780000000,910.3,912.2,908.4,911.0,1926.508731
1767783600000,911.0,913.2,910.2,910.7,984.129499
1767787200000,910.7,911.1,905.2,905.2,849.967644
1767790800000,905.3,907.7,902.7,904.4,785.764158
1767794400000,904.4,905.3,898.1,903.7,1302.78637
1767798000000,904.0,904.0,895.0,899.8,1670.288461
1767801600000,899.8,901.9,897.9,899.0,449.84286
1767805200000,898.9,902.2,896.7,897.6,380.873848
1767808800000,897.8,899.7,895.2,896.7,348.20364
1767812400000,896.8,898.3,892.8,897.1,1377.569461
1767816000000,897.0,897.9,893.8,895.9,204.328837
1767819600000,895.8,898.4,895.4,897.7,119.054224
1767823200000,897.6,900.2,896.3,897.8,188.361013
1767826800000,897.8,901.2,895.3,900.2,287.361835
1767830400000,900.3,902.3,897.1,902.1,313.143106
1767834000000,902.1,904.8,901.1,901.3,338.851867
1767837600000,901.4,902.0,893.8,895.8,449.702591
1767841200000,895.7,898.6,892.7,893.8,435.863482
1767844800000,893.8,896.8,891.5,894.7,596.919404
1767848400000,894.8,898.0,894.5,894.7,421.594371
1767852000000,894.7,895.4,880.3,880.3,3255.327374
1767855600000,880.2,885.6,875.0,885.0,1388.67379
1767859200000,884.9,887.7,882.6,883.2,633.366153
1767862800000,883.7,885.3,880.9,882.1,358.54094
1767866400000,882.1,887.3,878.9,886.5,654.390011
1767870000000,886.4,887.6,883.4,886.3,723.035546
1767873600000,886.4,886.6,882.0,883.8,624.317349
1767877200000,883.9,886.0,883.3,885.0,672.066584
1767880800000,884.6,885.2,877.6,883.8,1020.982112
1767884400000,883.6,888.9,881.9,888.8,697.27847
1767888000000,888.7,889.9,885.5,889.6,402.74901
1767891600000,889.7,891.2,887.6,891.2,602.606963
1767895200000,891.2,891.2,887.3,888.1,262.808851
1767898800000,888.3,890.1,887.0,888.0,174.870446
1767902400000,888.0,890.8,885.0,890.5,264.474723
1767906000000,890.5,892.0,889.3,891.8,267.80791
1767909600000,891.9,893.8,890.1,891.9,183.693366
1767913200000,892.0,894.4,891.5,892.1,465.781042
1767916800000,892.1,894.0,891.7,894.0,209.947411
1767920400000,894.0,895.9,887.8,890.3,689.668876
1767924000000,890.3,893.6,889.8,891.7,270.215392
1767927600000,891.7,896.3,891.2,895.5,399.938605
1767931200000,895.5,896.4,894.3,895.6,229.698535
1767934800000,895.5,898.1,895.5,898.1,398.094831
1767938400000,898.1,898.8,895.3,896.3,717.18051
1767942000000,896.3,896.3,893.5,893.5,273.437323
1767945600000,893.5,894.3,886.1,889.6,871.641047
1767949200000,889.6,891.4,887.7,888.1,390.664343
1767952800000,888.2,890.2,887.4,890.0,225.419165
1767956400000,890.0,891.6,889.1,889.3,272.554682
1767960000000,889.4,890.1,887.7,889.0,385.048153
1767963600000,889.1,893.8,887.9,890.5,879.933562
1767967200000,890.5,890.5,885.8,887.5,630.642541
1767970800000,887.5,900.0,885.2,894.4,1166.576973
1767974400000,894.5,900.9,894.5,898.9,634.639439
1767978000000,898.9,899.5,895.3,898.8,759.2745
1767981600000,898.7,899.6,891.5,895.6,269.836132
1767985200000,895.6,895.6,891.0,893.4,83.050888
1767988800000,893.3,896.1,892.8,892.9,156.800725
1767992400000,893.2,896.4,891.9,896.2,247.066678
1767996000000,896.2,896.7,894.3,896.3,442.493085
1767999600000,896.3,898.0,896.1,896.7,144.675054
1768003200000,896.8,899.4,896.6,897.8,157.176534
1768006800000,897.7,899.9,897.6,899.3,360.948567
1768010400000,899.3,901.0,898.8,900.0,200.780083
1768014000000,900.0,908.1,898.8,907.4,914.395639
1768017600000,907.5,908.8,903.2,906.3,836.651215
1768021200000,906.3,910.6,905.3,907.3,913.637409
1768024800000,907.4,909.8,905.9,906.4,429.779439
1768028400000,906.4,908.8,905.3,905.6,574.933163
1768032000000,905.6,906.5,902.8,904.0,609.097172
1768035600000,903.8,904.1,899.2,900.9,1005.856304
1768039200000,900.9,903.8,900.2,902.9,1968.576522
1768042800000,902.9,902.9,900.7,900.8,685.994125
1768046400000,900.8,901.0,899.5,899.7,641.38392
1768050000000,899.7,903.2,899.2,902.8,399.439597
1768053600000,902.7,906.0,901.4,905.1,847.523822
1768057200000,905.1,910.7,904.3,908.7,1109.136631
1768060800000,908.8,909.8,906.8,909.5,698.922925
1768064400000,909.5,910.7,907.6,908.1,384.640523
1768068000000,908.2,913.6,908.2,912.4,705.799168
1768071600000,912.4,916.0,911.7,914.2,639.57179
1768075200000,914.2,916.0,909.8,909.9,250.37721
1768078800000,909.8,910.2,903.6,904.7,553.093826
1768082400000,904.7,904.9,902.3,903.4,457.991373
1768086000000,903.5,908.2,903.3,908.0,365.021156
1768089600000,908.1,909.4,905.4,906.2,207.940551
1768093200000,906.2,908.5,904.1,908.0,442.506877
1768096800000,908.0,910.9,907.6,910.4,365.009767
1768100400000,910.5,913.7,908.8,913.2,735.261972
1768104000000,913.2,915.0,911.3,913.1,425.563524
1768107600000,913.1,914.5,910.7,913.4,583.02907
1768111200000,913.4,914.5,910.7,913.8,427.032115
1768114800000,913.9,916.4,912.3,913.5,1176.988837
1768118400000,913.5,917.3,912.7,916.9,448.848716
1768122000000,916.9,917.1,912.3,913.5,879.155102
1768125600000,913.6,913.7,911.9,913.0,293.656791
1768129200000,913.0,913.4,911.9,912.2,321.61755
1768132800000,912.3,914.5,912.2,913.7,326.691106
1768136400000,913.6,914.3,912.3,914.0,413.562663
1768140000000,914.1,915.6,910.9,911.3,644.075029
1768143600000,911.3,912.0,906.5,908.8,737.744237
1768147200000,908.8,911.5,907.8,907.8,786.868893
1768150800000,907.8,909.1,906.3,907.3,499.417081
1768154400000,907.4,907.4,905.3,906.2,324.453373
1768158000000,906.3,906.7,903.5,904.7,262.645014
1768161600000,904.7,904.7,900.8,902.2,297.468712
1768165200000,902.1,905.3,900.2,904.8,123.278223
1768168800000,904.8,904.8,901.2,902.8,235.732208
1768172400000,902.7,904.6,898.9,904.1,588.155266
1768176000000,904.3,906.0,896.8,901.7,1032.463102
1768179600000,901.8,905.3,900.4,903.5,583.787128
1768183200000,903.4,909.4,902.1,908.5,902.481593
1768186800000,908.6,910.6,905.0,905.1,1069.135712
1768190400000,905.2,910.1,905.0,909.4,303.534804
1768194000000,909.4,909.9,907.0,907.9,435.924195
1768197600000,908.0,909.1,906.2,907.2,736.497308
1768201200000,907.3,908.4,903.5,904.5,792.446508
1768204800000,904.3,908.0,899.2,903.1,816.992253
1768208400000,903.1,903.5,900.3,900.7,553.096483
1768212000000,900.7,902.1,898.5,898.9,322.176652
1768215600000,898.9,901.9,898.3,901.3,307.908923
1768219200000,901.2,903.6,900.0,901.9,443.562972
1768222800000,901.9,901.9,898.2,900.0,349.974035
1768226400000,899.9,902.0,893.9,899.8,646.278321
1768230000000,899.6,905.0,898.8,904.0,523.8615
1768233600000,904.0,907.8,903.9,905.4,717.76329
1768237200000,905.5,906.8,899.8,904.5,545.142446
1768240800000,904.5,907.9,904.0,907.8,694.981891
1768244400000,907.7,908.9,905.4,907.6,184.442892
1768248000000,907.7,908.1,905.0,905.1,183.343202
1768251600000,905.0,906.0,901.0,902.2,150.647389
1768255200000,902.5,906.6,902.4,905.6,186.491256
1768258800000,905.7,907.3,903.9,905.5,215.567122
1768262400000,905.6,907.8,904.2,906.1,335.215699
1768266000000,906.2,907.2,902.3,903.2,217.39117
1768269600000,903.3,905.6,902.3,905.0,368.644968
1768273200000,905.1,906.7,903.7,906.5,232.781172
1768276800000,906.6,909.3,906.6,909.3,337.080543
1768280400000,909.3,912.1,908.8,909.1,1213.741567
1768284000000,909.2,912.0,908.0,911.8,545.972903
1768287600000,911.6,915.0,910.1,910.2,1537.253263
1768291200000,910.2,912.1,908.3,910.6,1247.700048
1768294800000,910.5,912.4,908.2,908.8,2142.583304
1768298400000,908.9,910.9,907.9,908.9,1953.775089
1768302000000,909.0,909.6,907.7,907.8,600.395968
1768305600000,907.9,909.8,906.2,909.4,1242.206452
1768309200000,909.5,913.0,908.3,909.7,1200.427159
1768312800000,909.8,914.0,908.3,910.4,1042.792035
1768316400000,910.4,916.8,908.8,916.6,789.173727
1768320000000,916.5,923.5,916.5,920.1,1607.953589
1768323600000,920.2,922.3,917.0,920.6,628.303975
1768327200000,920.6,939.8,920.3,939.8,2882.234502
1768330800000,939.9,945.9,938.6,941.5,1869.785993
1768334400000,941.6,946.0,940.2,943.1,901.703121
1768338000000,943.1,944.0,941.0,941.9,447.990401
1768341600000,942.1,954.5,940.7,946.1,2561.778769
1768345200000,946.4,948.6,941.4,943.7,565.059705
1768348800000,943.8,949.4,943.6,948.0,1044.607913
1768352400000,948.0,951.9,946.7,947.5,557.975171
1768356000000,947.6,954.9,947.4,948.5,833.174399
1768359600000,948.3,950.9,946.2,950.4,527.252137
1768363200000,950.3,952.4,943.3,944.5,1292.943184
1768366800000,944.4,944.4,940.2,940.7,959.836841
1768370400000,940.7,940.7,936.2,938.8,1767.611808
1768374000000,938.9,940.4,935.5,937.7,431.668793
1768377600000,937.6,938.8,935.1,936.2,301.733534
1768381200000,936.3,938.9,936.1,937.7,332.059627
1768384800000,937.8,939.0,934.8,936.0,559.927117
1768388400000,936.1,936.2,928.5,928.9,775.218805
1768392000000,928.9,935.5,928.5,934.6,482.301551
1768395600000,934.6,935.5,931.9,932.6,596.534788
1768399200000,932.6,943.8,932.4,941.8,1403.082512
1768402800000,941.8,946.0,939.0,942.1,1991.937166
1768406400000,942.1,947.6,942.1,944.0,864.779865
1768410000000,943.9,946.0,940.0,942.4,904.723135
1768413600000,942.2,944.9,938.2,943.1,562.948122
1768417200000,943.1,947.7,942.2,943.7,871.257155
1768420800000,943.8,948.0,943.4,944.3,850.86953
1768424400000,944.3,946.4,943.2,945.5,354.331715
1768428000000,945.5,948.5,944.0,945.3,501.606557
1768431600000,945.2,949.9,945.1,948.4,703.035742
1768435200000,948.4,948.6,939.8,940.8,819.677407
1768438800000,940.9,942.4,934.6,936.8,709.006675
1768442400000,936.8,938.7,932.0,933.9,719.28267
1768446000000,933.9,935.1,929.0,932.0,752.063854
1768449600000,932.0,937.0,931.4,935.9,648.583809
1768453200000,935.9,938.2,935.7,936.4,344.614216
1768456800000,936.4,937.4,933.9,934.0,249.666423
1768460400000,934.0,940.2,933.9,939.2,407.249634
1768464000000,939.2,942.9,938.2,942.9,416.395405
1768467600000,942.9,943.2,939.9,941.1,839.736263
1768471200000,941.2,941.6,939.4,939.5,321.442626
1768474800000,939.5,941.0,938.0,938.3,409.760704
1768478400000,938.3,941.5,937.5,941.0,415.143556
1768482000000,941.0,944.9,940.1,943.3,332.109891
1768485600000,943.4,945.7,933.8,938.7,949.677218
1768489200000,938.8,940.3,930.4,937.7,1030.097262
1768492800000,937.6,940.9,935.1,940.4,787.32246
1768496400000,940.3,942.7,937.6,938.1,414.84457
1768500000000,938.4,938.5,931.1,932.0,628.489541
1768503600000,931.9,931.9,925.3,928.4,1086.868255
1768507200000,928.3,929.3,924.2,925.6,286.541841
1768510800000,925.6,930.8,925.4,930.0,164.271525
1768514400000,930.0,933.8,929.6,932.0,231.289622
1768518000000,932.0,932.7,929.9,931.5,201.729631
1768521600000,931.5,934.3,929.8,933.5,820.668721
1768525200000,933.5,933.7,929.5,933.0,295.361336
1768528800000,933.0,933.3,929.4,932.1,286.689843
1768532400000,932.2,933.1,929.6,929.7,443.751555
1768536000000,929.6,931.3,927.1,928.6,404.77216
1768539600000,928.6,934.0,927.9,933.5,426.851956
1768543200000,933.5,935.7,932.1,935.4,904.387948
1768546800000,935.5,935.8,932.5,934.0,472.968209
1768550400000,934.1,938.4,934.0,937.0,455.442231
1768554000000,937.2,937.7,934.8,935.4,277.137482
1768557600000,935.5,936.0,933.2,933.9,209.535617
1768561200000,934.0,935.7,932.2,935.4,234.102324
1768564800000,935.5,937.6,934.4,934.9,378.126672
1768568400000,934.9,935.1,931.5,934.7,228.013935
1768572000000,934.8,936.0,930.3,930.8,380.080391
1768575600000,930.8,933.8,923.8,927.0,1028.419605
1768579200000,927.0,930.9,926.6,930.1,636.383187
1768582800000,930.2,931.9,927.4,931.6,479.476558
1768586400000,931.3,932.5,930.8,931.5,165.972561
1768590000000,931.5,932.2,929.4,931.7,76.041902
1768593600000,931.7,934.5,929.1,934.5,119.328438
1768597200000,934.6,936.1,933.2,935.4,106.626
1768600800000,935.4,938.4,933.9,937.9,139.366197
1768604400000,938.0,939.6,937.4,938.2,115.539447
1768608000000,938.3,938.7,935.8,936.0,446.653856
1768611600000,935.9,939.4,935.8,938.5,519.281562
1768615200000,938.6,938.6,935.6,937.7,164.341002
1768618800000,937.6,937.8,936.0,937.7,106.609564
1768622400000,937.8,938.5,936.3,938.2,253.714229
1768626000000,938.2,939.3,937.0,938.6,168.459227
1768629600000,938.6,938.6,936.5,937.6,274.716242
1768633200000,937.6,937.7,935.7,936.2,351.527488
1768636800000,936.2,938.6,935.9,938.5,395.658153
1768640400000,938.5,942.4,937.5,942.1,1857.744955
1768644000000,942.1,943.5,941.1,941.6,1350.064359
1768647600000,941.6,944.7,940.2,943.1,1172.520015
1768651200000,943.2,944.6,942.5,942.6,511.778912
1768654800000,942.6,943.8,941.5,943.8,285.969782
1768658400000,943.7,944.6,941.7,943.9,315.560293
1768662000000,943.9,959.5,942.8,955.5,1471.338116
1768665600000,955.5,956.2,949.2,950.7,993.697634
1768669200000,950.8,954.2,950.2,952.7,209.797885
1768672800000,952.7,953.9,951.8,953.4,136.83073
1768676400000,953.4,953.9,951.6,952.6,548.772579
1768680000000,952.6,953.4,950.0,952.1,241.968915
1768683600000,952.1,953.9,951.5,951.6,485.264677
1768687200000,951.7,952.9,945.7,946.8,997.254908
1768690800000,946.8,948.9,946.7,947.4,317.434971
1768694400000,947.4,950.6,945.7,945.7,2082.123863
1768698000000,945.8,946.3,943.4,945.2,429.858871
1768701600000,945.2,947.8,945.0,946.5,226.10276
1768705200000,946.4,951.0,946.4,950.5,208.239636
1768708800000,950.4,950.4,948.1,948.7,117.699548
1768712400000,948.8,949.8,947.4,947.9,192.157979
1768716000000,947.8,948.3,946.2,947.3,282.382261
1768719600000,947.3,948.1,944.8,944.8,333.149483
1768723200000,944.9,947.4,944.0,946.5,348.703712
1768726800000,946.5,947.5,945.5,945.9,281.062973
1768730400000,946.0,946.0,944.2,945.0,187.261421
1768734000000,944.9,947.6,944.5,947.1,238.94869
1768737600000,947.3,948.8,946.1,948.4,403.059832
1768741200000,948.4,948.8,945.7,947.3,373.64463
1768744800000,947.3,949.3,945.3,945.5,405.703914
1768748400000,945.5,951.0,944.5,950.4,438.035752
1768752000000,950.4,951.3,949.1,950.6,275.479222
1768755600000,950.6,952.2,949.2,951.8,305.613864
1768759200000,951.8,953.4,950.4,951.6,607.101926
1768762800000,951.8,952.6,949.3,949.8,148.909753
1768766400000,949.9,953.2,949.3,952.4,252.719438
1768770000000,952.4,952.6,950.6,951.5,139.079706
1768773600000,951.3,951.7,949.9,951.3,127.37639
1768777200000,951.2,951.2,931.7,932.2,1811.777135
1768780800000,932.5,932.5,900.3,918.8,9649.709269
1768784400000,918.7,922.1,916.3,919.9,814.405922
1768788000000,919.8,922.7,917.4,921.1,1137.870094
1768791600000,921.1,925.3,920.9,924.8,1357.07329
1768795200000,924.7,927.4,922.4,926.2,1090.138315
1768798800000,926.1,927.7,922.9,924.8,555.803816
1768802400000,924.8,926.2,922.5,924.8,985.105484
1768806000000,924.7,927.7,923.1,927.2,664.451996
1768809600000,927.0,928.8,925.0,926.6,1037.403227
1768813200000,926.7,928.1,924.2,928.0,995.83132
1768816800000,928.1,929.7,926.4,926.6,1052.786985
1768820400000,926.8,928.8,925.5,928.0,800.022312
1768824000000,928.1,928.4,925.3,927.9,367.886379
1768827600000,927.9,930.0,925.8,928.8,845.23946
1768831200000,928.8,929.4,923.3,924.3,1357.022734
1768834800000,924.4,926.5,924.3,925.5,604.539604
1768838400000,925.5,929.0,925.0,928.8,546.190985
1768842000000,928.8,928.8,926.8,927.7,535.721923
1768845600000,927.8,927.9,925.3,927.3,445.460252
1768849200000,927.2,929.2,926.3,926.7,314.310915
1768852800000,926.9,927.7,925.5,926.3,414.629647
1768856400000,926.4,927.4,924.9,925.2,84.627478
1768860000000,925.1,926.6,921.7,921.7,161.391102
1768863600000,921.8,925.8,919.6,923.6,249.457926
1768867200000,923.7,931.2,923.5,929.5,882.063982
1768870800000,929.4,933.1,928.0,932.6,530.951412
1768874400000,932.6,932.6,926.9,928.4,594.805929
1768878000000,928.4,929.2,926.8,927.7,300.941756
1768881600000,927.7,928.6,926.3,926.7,282.466767
1768885200000,926.8,926.8,920.0,922.4,1220.623369
1768888800000,922.3,922.5,914.5,915.6,1042.591311
1768892400000,915.7,919.6,914.8,917.8,304.341815
1768896000000,917.8,918.0,909.0,914.3,1022.926122
1768899600000,914.4,914.5,912.7,913.3,257.487462
1768903200000,913.2,915.9,912.6,914.6,350.709706
1768906800000,914.6,915.5,912.3,912.6,428.33852
1768910400000,912.7,915.9,912.4,914.0,193.946118
1768914000000,913.8,914.1,906.0,906.2,695.762673
1768917600000,906.2,911.2,902.9,903.4,853.453645
1768921200000,903.4,905.7,896.9,905.4,1421.360901
1768924800000,905.5,908.7,896.8,896.8,775.833691
1768928400000,896.9,899.9,887.3,890.7,656.24666
1768932000000,890.7,895.0,890.7,892.2,363.446447
1768935600000,892.2,896.6,891.7,895.7,136.845044
1768939200000,895.8,898.0,894.3,895.9,106.998282
1768942800000,896.0,896.7,893.7,894.8,40.786757
1768946400000,894.7,897.1,885.2,891.0,891.071092
1768950000000,891.2,891.3,884.2,884.3,701.372488
1768953600000,884.2,884.3,867.1,881.0,3011.980596
1768957200000,881.1,883.7,878.5,879.8,668.238196
1768960800000,879.7,882.2,876.8,877.5,509.163032
1768964400000,877.5,882.3,875.5,881.6,402.334982
1768968000000,881.6,882.7,879.5,879.9,366.975298
1768971600000,879.9,886.0,879.1,884.2,370.022969
1768975200000,884.0,884.9,877.7,878.4,713.314522
1768978800000,878.4,879.8,874.5,875.4,666.366899
1768982400000,875.3,875.4,870.0,873.0,1296.19728
1768986000000,873.0,875.5,872.1,872.7,916.409301
1768989600000,872.7,876.1,872.1,873.3,428.61286
1768993200000,873.3,874.9,870.0,870.7,721.666347
1768996800000,870.7,871.6,864.4,871.2,1047.822242
1769000400000,871.3,875.9,871.1,873.9,547.254803
1769004000000,873.7,884.3,873.2,883.6,864.05899
1769007600000,883.7,893.5,883.5,892.2,1057.589647
1769011200000,892.3,892.8,867.6,867.8,2066.758642
1769014800000,867.9,874.0,865.7,869.6,1562.860604
1769018400000,869.6,875.1,867.3,873.4,313.248223
1769022000000,873.5,889.7,871.3,889.7,563.246777
1769025600000,889.7,890.0,882.3,888.1,360.075299
1769029200000,888.3,890.6,887.4,889.4,197.629673
1769032800000,889.4,892.3,886.0,887.4,335.583557
1769036400000,887.6,890.1,882.0,883.1,345.978472
1769040000000,883.2,890.4,883.2,889.1,241.459213
1769043600000,889.2,892.5,888.8,892.1,611.261981
1769047200000,892.2,894.5,889.4,889.4,647.705293
1769050800000,889.6,892.7,888.8,891.4,378.014967
1769054400000,891.4,893.3,891.1,892.2,416.457471
1769058000000,892.2,893.0,890.0,891.2,175.019827
1769061600000,891.2,893.0,889.2,890.8,286.889272
1769065200000,890.8,891.1,887.6,888.8,422.927038
1769068800000,888.9,892.3,888.7,891.8,255.092139
1769072400000,891.9,896.3,891.3,895.4,444.559496
1769076000000,895.5,897.5,894.9,896.5,325.708852
1769079600000,896.3,897.1,892.2,893.0,565.786539
1769083200000,893.0,894.1,892.1,892.7,226.255605
1769086800000,892.7,894.9,886.5,888.3,333.482643
1769090400000,888.1,888.9,881.4,883.2,512.544155
1769094000000,883.1,887.4,878.2,882.9,781.443964
1769097600000,882.9,887.7,881.9,885.1,542.491995
1769101200000,885.1,888.1,883.7,888.0,207.141074
1769104800000,887.9,888.4,883.8,884.0,216.769479
1769108400000,884.2,888.8,883.0,888.0,103.533425
1769112000000,888.3,889.4,886.4,887.6,209.638482
1769115600000,887.6,890.0,887.0,887.9,101.459291
1769119200000,888.2,891.6,886.6,887.7,464.346337
1769122800000,887.7,888.1,885.6,888.0,111.291503
1769126400000,888.0,890.2,887.8,889.5,175.774477
1769130000000,889.5,892.0,889.1,891.9,164.034558
1769133600000,892.0,892.3,888.6,888.8,518.438965
1769137200000,888.9,892.3,888.7,891.7,265.523043
1769140800000,891.7,893.3,891.1,892.2,173.160271
1769144400000,892.1,892.2,889.5,891.3,471.800368
1769148000000,891.3,892.7,889.1,890.2,418.787385
1769151600000,890.3,892.3,890.3,891.3,195.68099
1769155200000,891.3,891.8,888.0,888.7,297.189832
1769158800000,888.7,890.3,886.9,887.5,244.118194
1769162400000,887.5,889.6,885.7,888.8,698.973251
1769166000000,888.7,890.1,887.1,887.5,253.316367
1769169600000,887.5,888.3,886.6,887.5,185.859798
1769173200000,887.5,888.8,886.5,888.0,170.303153
1769176800000,888.1,891.3,883.2,887.2,635.051476
1769180400000,887.3,892.9,884.1,892.2,1022.682055
1769184000000,892.3,899.0,892.3,896.4,585.633804
1769187600000,896.4,905.2,894.7,899.5,478.655803
1769191200000,899.6,903.4,898.6,900.2,249.449015
1769194800000,900.3,900.3,890.5,893.8,653.572407
1769198400000,894.0,895.0,889.0,890.8,107.375414
1769202000000,890.6,892.7,890.1,890.2,60.427107
1769205600000,890.1,893.3,890.1,892.8,201.167985
1769209200000,892.9,892.9,890.6,891.7,151.837875
1769212800000,891.7,892.2,889.4,889.8,220.378453
1769216400000,889.8,890.8,889.4,890.3,104.236232
1769220000000,890.3,893.3,890.2,892.7,225.573659
1769223600000,892.8,894.2,892.0,892.9,320.40346
1769227200000,892.9,894.3,892.3,892.6,176.599736
1769230800000,892.8,893.7,892.6,892.9,177.491228
1769234400000,893.0,893.5,892.2,892.3,211.392075
1769238000000,892.4,893.2,891.4,892.3,220.902795
1769241600000,892.1,892.7,891.4,892.6,123.1984
1769245200000,892.6,892.9,892.0,892.3,164.029721
1769248800000,892.4,893.0,891.8,892.2,159.280845
1769252400000,892.3,894.2,892.2,892.7,254.250861
1769256000000,892.8,892.8,891.7,892.3,230.50669
1769259600000,892.3,892.5,890.9,890.9,185.490777
1769263200000,890.9,892.8,890.8,891.8,268.151676
1769266800000,891.7,892.8,888.8,888.8,353.834109
1769270400000,888.9,888.9,886.4,887.6,240.875405
1769274000000,887.7,889.6,887.2,889.3,179.143297
1769277600000,889.4,890.1,888.6,888.9,148.156534
1769281200000,888.9,889.0,887.8,888.1,70.259751
1769284800000,888.1,888.9,887.3,887.7,68.049689
1769288400000,887.8,888.5,887.3,888.5,54.846654
1769292000000,888.6,889.7,888.0,888.8,106.248113
1769295600000,888.8,889.0,887.0,887.1,61.56426
1769299200000,887.2,887.5,885.6,886.0,228.83154
1769302800000,886.0,886.3,883.7,884.5,205.302358
1769306400000,884.6,885.0,883.5,883.9,198.81828
1769310000000,884.0,884.5,880.0,881.2,293.471303
1769313600000,881.3,883.6,881.0,882.3,184.183907
1769317200000,882.4,882.8,880.4,882.1,376.191932
1769320800000,882.2,882.4,879.9,881.8,222.408482
1769324400000,881.8,881.9,879.5,879.6,185.929183
1769328000000,879.6,882.0,877.3,878.4,509.040753
1769331600000,878.4,882.3,878.2,881.2,342.903861
1769335200000,881.3,883.3,880.5,882.3,391.863533
1769338800000,882.1,883.0,880.1,880.6,222.328902
1769342400000,880.7,881.2,879.5,881.1,213.281163
1769346000000,881.2,881.6,878.8,880.7,266.905225
1769349600000,880.6,880.9,876.5,878.7,677.504444
1769353200000,878.6,879.8,876.7,877.4,234.532941
1769356800000,877.4,877.4,867.8,870.7,1720.09828
1769360400000,870.7,871.2,867.4,869.4,225.817084
1769364000000,869.4,869.7,861.8,866.4,897.319102
1769367600000,866.5,867.2,855.8,858.8,1212.783566
1769371200000,858.9,861.3,855.7,860.7,695.658403
1769374800000,860.7,864.6,860.0,863.7,267.210501
1769378400000,863.8,864.0,859.7,861.9,232.904754
1769382000000,862.1,866.4,859.2,866.0,365.533513
1769385600000,866.1,869.8,865.0,867.6,627.77035
1769389200000,867.7,875.7,867.5,874.2,903.409877
1769392800000,874.2,874.9,870.6,871.8,380.813892
1769396400000,871.8,872.8,866.9,868.2,372.63823
1769400000000,868.3,873.7,868.1,872.3,230.301122
1769403600000,872.4,872.9,871.3,872.2,156.134491
1769407200000,872.1,873.6,870.3,872.8,335.05825
1769410800000,872.9,874.7,871.3,874.6,201.747301
1769414400000,874.8,877.7,872.9,873.5,568.539997
1769418000000,873.5,873.6,869.4,870.2,290.367458
1769421600000,870.2,872.9,870.2,872.2,180.699455
1769425200000,872.2,873.2,871.2,872.9,340.377671
1769428800000,872.9,875.2,871.6,872.6,374.33098
1769432400000,872.7,874.8,872.2,874.5,322.757592
1769436000000,874.5,876.5,869.5,874.3,661.048489
1769439600000,874.2,878.2,869.6,871.9,1059.993208
1769443200000,871.9,875.1,870.0,873.1,690.141148
1769446800000,873.1,874.8,868.6,874.0,450.240439
1769450400000,874.1,879.4,873.8,878.1,405.299744
1769454000000,878.1,878.7,874.2,874.3,87.447755
1769457600000,874.4,875.4,871.7,872.9,374.395466
1769461200000,873.0,878.7,872.3,876.7,343.210483
1769464800000,876.6,879.2,876.1,878.0,434.000626
1769468400000,878.0,881.5,876.8,879.4,173.52007
1769472000000,879.5,879.7,876.5,877.6,249.739513
1769475600000,877.6,881.6,876.2,881.2,238.190891
1769479200000,881.3,885.2,881.3,884.9,302.522953
1769482800000,885.0,885.9,884.2,884.7,191.255287
1769486400000,884.8,888.1,884.4,885.2,409.992103
1769490000000,885.3,885.5,882.1,884.7,385.246312
1769493600000,884.7,885.4,882.2,883.2,316.492371
1769497200000,883.2,885.6,883.0,883.5,223.646763
1769500800000,883.4,885.1,883.0,884.5,214.549821
1769504400000,884.5,884.5,881.3,881.3,402.948953
1769508000000,881.3,881.8,877.0,877.3,474.169136
1769511600000,877.3,880.4,876.7,880.3,189.946438
1769515200000,880.3,881.7,880.1,880.6,275.601098
1769518800000,880.5,883.0,879.0,881.9,289.919398
1769522400000,882.0,885.0,880.3,881.5,654.110385
1769526000000,881.6,886.0,881.0,885.5,388.00239
1769529600000,885.6,896.7,885.6,895.0,1033.247794
1769533200000,895.0,897.7,885.1,887.2,783.821653
1769536800000,887.2,894.9,886.6,892.5,396.640029
1769540400000,892.6,893.7,890.2,892.0,134.464935
1769544000000,891.8,899.0,891.6,898.8,285.942881
1769547600000,898.7,899.2,895.1,895.8,393.626694
1769551200000,895.8,900.0,895.8,899.4,195.843207
1769554800000,899.5,901.3,898.1,898.4,112.54666
1769558400000,898.4,901.2,898.0,900.3,373.294582
1769562000000,900.3,901.0,895.5,896.7,315.492875
1769565600000,896.7,896.9,894.2,896.9,303.245288
1769569200000,896.9,897.7,894.8,897.3,244.89664
1769572800000,897.1,899.3,895.6,899.0,215.034426
1769576400000,899.0,901.0,898.2,901.0,407.451451
1769580000000,901.0,904.8,899.8,903.8,401.182572
1769583600000,903.9,904.4,902.0,903.3,250.745019
1769587200000,903.2,906.3,902.4,902.8,454.260201
1769590800000,902.7,908.9,902.7,908.6,777.691304
1769594400000,908.6,909.9,905.5,905.6,338.685506
1769598000000,905.6,908.0,903.0,907.7,610.874048
1769601600000,907.8,907.9,904.0,905.4,884.405143
1769605200000,905.5,908.2,905.3,905.9,426.507175
1769608800000,906.0,906.0,900.7,901.9,528.349421
1769612400000,901.9,903.9,897.0,902.7,528.635748
1769616000000,902.8,903.5,897.7,899.8,452.179681
1769619600000,899.9,907.0,898.2,904.5,287.128656
1769623200000,904.5,904.6,900.3,902.4,284.276623
1769626800000,902.3,904.9,900.1,904.1,198.577487
1769630400000,903.9,907.4,902.3,903.4,231.820424
1769634000000,903.0,904.6,900.0,904.4,174.451041
1769637600000,904.4,905.2,902.5,904.4,118.002734
1769641200000,904.5,904.9,901.8,902.9,81.267178
1769644800000,903.0,904.1,900.5,903.6,152.230194
1769648400000,903.5,904.8,898.8,899.4,299.422046
1769652000000,899.5,901.3,893.3,894.7,795.753226
1769655600000,894.8,899.0,893.9,896.6,646.97147
1769659200000,896.6,901.4,895.3,900.8,325.746038
1769662800000,900.8,902.6,898.2,898.7,353.285913
1769666400000,898.7,901.5,898.7,901.4,421.324094
1769670000000,901.5,906.9,901.4,905.0,777.194266
1769673600000,904.9,905.8,902.2,903.5,1253.81068
1769677200000,903.5,905.7,902.3,903.6,1213.968759
1769680800000,903.7,904.4,895.0,895.1,1614.826851
1769684400000,895.0,896.6,893.4,894.3,782.892993
1769688000000,894.3,894.4,889.5,891.1,866.755788
1769691600000,891.1,892.5,889.9,890.2,279.831562
1769695200000,890.2,891.2,877.5,877.5,1083.408537
1769698800000,877.5,877.8,856.7,864.0,3248.204521
1769702400000,863.9,865.8,856.8,865.2,1252.00309
1769706000000,865.7,870.3,862.6,863.3,685.141749
1769709600000,863.4,867.4,856.2,857.9,1337.464692
1769713200000,857.9,862.4,852.7,860.2,935.483065
1769716800000,860.2,865.3,859.3,864.4,260.720452
1769720400000,864.3,867.0,862.3,865.4,495.240808
1769724000000,865.4,867.4,863.2,867.4,227.701689
1769727600000,867.4,869.4,865.2,868.6,325.412228
1769731200000,868.6,869.7,864.1,865.5,221.311162
1769734800000,865.5,865.6,837.1,847.8,6823.943258
1769738400000,847.8,847.8,835.4,842.0,1549.736622
1769742000000,842.4,846.7,842.4,845.5,644.481304
1769745600000,845.6,854.4,845.4,850.4,487.103101
1769749200000,850.5,851.7,847.3,847.4,353.035995
1769752800000,847.3,847.3,836.1,840.1,769.461445
1769756400000,840.1,848.2,840.1,847.2,487.546097
1769760000000,847.2,848.0,840.2,841.8,522.782518
1769763600000,841.8,843.3,833.0,834.4,620.410609
1769767200000,834.4,838.5,833.1,838.5,693.733991
1769770800000,838.6,844.7,836.7,842.6,475.779126
1769774400000,842.6,844.6,836.1,837.6,1656.093546
1769778000000,837.5,851.8,837.4,845.0,3170.195486
1769781600000,845.1,855.8,845.1,850.5,886.169855
1769785200000,850.5,855.1,844.7,849.7,826.52024
1769788800000,849.9,854.0,847.8,850.5,502.027262
1769792400000,850.7,852.9,847.3,848.5,285.702586
1769796000000,848.5,852.1,832.1,850.3,1963.882707
1769799600000,850.4,855.7,850.4,854.2,1159.900815
1769803200000,854.3,861.7,846.4,858.8,2451.598763
1769806800000,859.0,860.0,853.4,859.1,656.812147
1769810400000,858.8,860.0,856.8,860.0,271.590719
1769814000000,860.0,861.5,856.1,858.8,325.682212
1769817600000,858.8,860.7,856.4,856.4,311.432521
1769821200000,856.5,858.8,854.0,854.3,524.687584
1769824800000,854.3,855.2,851.8,854.4,282.758328
1769828400000,854.3,856.0,852.7,853.0,175.048915
1769832000000,853.1,854.5,851.1,851.6,211.93403
1769835600000,851.6,853.3,850.3,851.0,646.705118
1769839200000,851.1,852.1,848.9,851.2,406.457402
1769842800000,851.2,851.3,845.8,847.6,384.605987
1769846400000,847.6,847.8,832.6,836.1,1229.712684
1769850000000,836.2,841.1,835.6,838.7,556.191975
1769853600000,838.9,840.3,836.6,838.8,306.308987
1769857200000,838.8,838.8,835.7,836.6,402.041344
1769860800000,836.8,837.4,832.8,833.5,459.449168
1769864400000,833.7,834.2,828.7,829.8,610.332689
1769868000000,829.9,831.8,805.3,812.1,4534.576826
1769871600000,812.1,816.7,801.5,802.9,4498.70254
1769875200000,803.1,810.0,790.0,792.8,6336.608997
1769878800000,792.8,795.6,770.7,781.2,7464.894777
1769882400000,781.3,783.7,748.4,772.3,7778.61313
1769886000000,772.4,781.2,767.6,771.4,1234.80175
1769889600000,771.2,775.7,766.0,770.8,661.835688
1769893200000,770.8,777.5,766.7,776.0,1332.950552
1769896800000,776.3,778.2,771.9,774.1,561.170146
1769900400000,774.2,785.8,773.1,781.2,1990.776507
1769904000000,781.4,786.2,779.7,785.2,1050.059565
1769907600000,785.2,785.6,779.1,784.9,873.81001
1769911200000,784.9,789.6,784.0,786.9,609.813835
1769914800000,786.9,787.2,779.3,783.5,995.722652
1769918400000,783.4,784.9,781.5,781.8,442.56379
1769922000000,781.9,784.0,778.9,780.5,612.153382
1769925600000,780.5,783.0,777.2,777.4,587.59158
1769929200000,777.4,782.6,773.7,778.0,693.203645
1769932800000,778.0,782.6,775.1,778.8,601.891934
1769936400000,778.9,782.4,777.0,781.7,629.097657
1769940000000,781.8,782.4,769.4,769.7,750.195571
1769943600000,769.8,775.7,768.5,774.2,647.785273
1769947200000,774.2,774.4,767.1,769.4,1043.049363
1769950800000,769.5,773.7,763.7,765.4,1059.408933
1769954400000,765.5,767.4,745.6,762.3,2639.849042
1769958000000,762.7,762.7,742.4,749.5,2666.741651
1769961600000,749.7,757.0,745.6,753.2,2586.186106
1769965200000,753.3,756.1,749.0,755.9,1364.058797
1769968800000,755.8,766.7,755.7,763.0,1333.065044
1769972400000,763.1,764.3,754.0,757.1,552.383586
1769976000000,757.0,763.7,751.8,757.5,695.548807
1769979600000,757.6,758.3,751.0,753.5,670.321702
1769983200000,753.7,765.5,753.7,761.7,907.514279
1769986800000,761.7,766.3,739.8,758.5,4091.664818
1769990400000,758.6,770.6,753.9,764.2,1599.711808
1769994000000,764.3,769.3,753.7,765.3,1312.076797
1769997600000,765.3,766.9,757.7,758.5,1188.386973
1770001200000,758.8,759.0,728.7,751.7,4942.461232
1770004800000,751.8,760.5,743.7,751.6,1604.716559
1770008400000,751.6,753.2,735.8,738.1,1676.894824
1770012000000,738.0,755.0,728.9,747.9,4282.57522
1770015600000,747.9,756.8,747.0,752.6,1268.462676
1770019200000,752.6,760.2,752.6,758.4,944.92487
1770022800000,758.4,767.3,755.6,763.9,1537.711625
1770026400000,764.1,765.4,759.5,760.3,1239.546562
1770030000000,760.3,766.0,760.2,762.5,892.835413
1770033600000,762.6,769.8,762.6,766.8,805.49139
1770037200000,766.8,769.5,764.1,768.0,927.713322
1770040800000,768.0,775.7,761.9,769.4,1928.914519
1770044400000,769.4,781.1,767.5,777.9,2027.080223
1770048000000,777.9,781.4,774.6,775.5,1131.901653
1770051600000,775.6,778.3,772.9,775.2,823.474354
1770055200000,775.1,777.7,772.3,774.9,1285.255096
1770058800000,774.9,776.2,770.0,770.2,390.26117
1770062400000,770.2,773.7,767.4,769.5,1091.304009
1770066000000,769.6,775.0,769.5,773.6,780.420508
1770069600000,773.6,775.8,773.4,775.6,314.062947
1770073200000,775.8,776.7,773.6,773.9,189.778148
1770076800000,773.9,774.7,769.8,774.5,317.114688
1770080400000,774.7,775.2,770.4,773.6,578.90372
1770084000000,773.7,773.7,763.6,764.1,361.349982
1770087600000,764.2,773.4,762.9,772.4,822.699609
1770091200000,772.4,778.9,770.8,777.7,581.509876
1770094800000,777.7,778.5,773.7,774.2,397.349608
1770098400000,774.2,778.9,771.3,777.8,785.164682
1770102000000,778.0,783.6,777.0,782.1,375.384845
1770105600000,782.2,782.8,777.9,779.6,812.414251
1770109200000,779.7,780.7,769.5,772.0,1871.759889
1770112800000,772.0,773.6,766.3,767.8,1293.887776
1770116400000,767.8,770.8,767.3,768.9,830.467911
1770120000000,768.9,775.7,767.9,774.5,1038.491994
1770123600000,774.5,776.6,773.0,775.2,726.974595
1770127200000,775.2,776.4,765.5,765.5,1149.801745
1770130800000,765.4,778.1,764.2,776.6,2303.532516
1770134400000,776.8,776.8,763.3,763.7,2310.644314
1770138000000,763.8,764.7,750.9,751.0,1508.319018
1770141600000,751.0,753.3,736.5,736.8,3389.364664
1770145200000,736.8,759.9,736.3,758.1,2920.456973
1770148800000,758.0,775.5,752.4,771.6,3257.495621
1770152400000,771.6,775.3,764.1,764.5,1188.202971
1770156000000,764.7,764.9,755.2,757.2,740.3042
1770159600000,757.0,759.5,752.4,755.0,625.703236
1770163200000,754.9,757.3,751.8,753.9,495.049941
1770166800000,753.9,762.6,753.9,759.5,753.019503
1770170400000,759.6,761.2,752.0,755.1,509.311612
1770174000000,754.9,764.2,754.3,761.7,956.110781
1770177600000,761.8,763.0,758.2,758.5,699.557314
1770181200000,758.6,759.1,754.1,755.9,701.457094
1770184800000,755.9,763.8,755.6,762.5,1202.4146
1770188400000,762.5,765.4,759.8,764.1,848.895094
1770192000000,764.2,764.2,758.5,762.3,663.293044
1770195600000,762.3,762.3,755.2,755.7,618.300909
1770199200000,755.7,757.0,755.0,756.0,613.071396
1770202800000,756.2,756.2,747.6,750.4,1928.928644
1770206400000,750.5,752.4,747.9,752.1,847.623165
1770210000000,752.1,752.5,740.4,740.6,2114.480961
1770213600000,740.5,747.7,733.7,735.7,3010.571671
1770217200000,735.6,740.1,727.3,733.9,5412.771938
1770220800000,733.8,736.5,726.4,729.2,3281.11266
1770224400000,729.3,731.9,714.9,715.8,2838.574872
1770228000000,715.8,723.3,706.7,711.1,3574.162527
1770231600000,711.0,719.4,709.4,717.9,1766.030134
1770235200000,717.9,718.8,711.7,712.6,1024.742631
1770238800000,712.7,713.9,700.0,702.2,2590.5521
1770242400000,702.3,703.5,687.3,691.5,2849.635121
1770246000000,691.4,702.4,690.4,697.2,1372.640518
1770249600000,697.3,700.0,694.5,695.9,2010.55892
1770253200000,695.9,702.8,690.9,698.4,2521.839051
1770256800000,698.6,702.3,692.5,694.6,1437.21726
1770260400000,694.6,699.4,692.3,694.2,2123.015074
1770264000000,694.3,697.3,689.6,692.7,1678.148542
1770267600000,692.7,699.2,685.9,692.6,2359.435545
1770271200000,692.6,694.0,688.4,691.9,2460.448783
1770274800000,691.8,700.2,690.4,691.2,2759.494224
1770278400000,691.3,697.2,691.0,691.7,914.468251
1770282000000,691.7,700.3,691.7,697.8,764.0883
1770285600000,698.0,699.7,689.3,691.6,710.628055
1770289200000,691.6,691.7,674.9,683.3,3612.624729
1770292800000,683.4,687.9,672.7,677.1,2943.239126
1770296400000,677.0,679.5,669.8,674.7,2360.486129
1770300000000,674.7,688.4,674.1,676.2,2445.379405
1770303600000,676.3,678.0,646.4,658.6,10069.327328
1770307200000,658.5,673.7,655.7,669.7,2807.577081
1770310800000,669.8,671.1,652.1,654.6,2348.347034
1770314400000,654.9,658.3,633.9,653.9,4307.998083
1770318000000,653.9,654.6,638.1,641.4,1308.805724
1770321600000,641.4,645.1,611.6,617.4,9461.609853
1770325200000,617.5,631.8,606.1,611.4,7467.479758
1770328800000,611.2,624.3,602.0,617.5,2709.793021
1770332400000,617.2,628.1,604.7,608.2,4162.793324
1770336000000,608.3,620.6,569.6,614.6,20108.681939
1770339600000,614.5,630.1,613.7,629.8,4634.548078
1770343200000,629.9,634.0,619.2,622.6,3357.860205
1770346800000,622.6,625.2,611.9,615.2,2382.772611
1770350400000,615.2,624.6,613.4,620.4,1692.852679
1770354000000,620.4,642.4,619.9,639.4,1730.610812
1770357600000,639.5,641.9,626.0,626.6,3131.062226
1770361200000,626.6,629.0,620.8,622.7,2218.729633
1770364800000,622.9,625.5,616.8,619.5,2497.52597
1770368400000,619.5,631.2,617.1,629.3,1976.838625
1770372000000,629.3,635.9,626.8,633.3,1603.304428
1770375600000,633.4,638.2,632.0,635.8,1037.561426
1770379200000,635.8,636.7,632.3,636.5,628.913842
1770382800000,636.7,647.7,636.0,643.7,1242.46616
1770386400000,643.8,654.7,638.1,650.2,2887.876845
1770390000000,650.3,654.2,644.4,651.2,1658.330209
1770393600000,651.2,663.0,649.1,659.4,2135.293998
1770397200000,659.6,669.6,657.3,662.1,2591.680854
1770400800000,661.7,662.4,649.1,654.0,1478.727337
1770404400000,654.1,660.0,652.4,658.8,743.356709
1770408000000,658.9,665.1,655.9,657.1,915.960606
1770411600000,657.2,664.4,654.9,662.1,1061.550012
1770415200000,662.3,667.4,660.6,665.2,987.844345
1770418800000,665.4,668.5,657.1,657.1,839.960077
1770422400000,657.1,657.2,651.8,653.2,1113.976152
1770426000000,653.1,658.2,650.1,658.0,1068.801107
1770429600000,657.8,658.0,654.7,657.2,738.793255
1770433200000,657.1,661.7,656.7,659.2,990.484532
1770436800000,659.1,664.0,654.4,656.9,1005.221965
1770440400000,656.9,659.2,652.9,654.3,1450.179949
1770444000000,654.4,655.9,643.0,643.1,1789.835455
1770447600000,643.1,645.3,632.2,638.6,3362.048014
1770451200000,638.6,641.4,636.2,640.2,1135.746337
1770454800000,640.3,641.0,634.6,636.2,659.65593
1770458400000,636.3,637.3,630.9,634.5,449.309789
1770462000000,634.4,636.5,633.8,635.9,450.711875
1770465600000,635.8,647.1,635.3,639.2,1311.646416
1770469200000,639.4,640.5,635.8,638.2,534.636438
1770472800000,638.4,640.0,633.8,634.5,943.376439
1770476400000,634.6,644.0,633.9,641.9,1053.71988
1770480000000,642.1,649.8,639.1,643.3,11913.285243
1770483600000,643.3,648.3,640.0,647.2,670.305412
1770487200000,647.3,655.2,646.4,652.2,1079.45125
1770490800000,652.2,653.1,649.5,649.9,292.010084
1770494400000,650.1,653.8,649.2,652.8,210.268896
1770498000000,652.9,653.7,649.3,649.7,206.336515
1770501600000,649.9,651.5,647.9,648.9,262.864026
1770505200000,649.0,649.0,643.9,647.0,238.001521
1770508800000,646.9,648.5,645.8,647.0,169.509593
1770512400000,647.2,650.7,647.1,649.5,224.648821
1770516000000,649.6,651.0,645.1,646.7,923.285344
1770519600000,646.8,647.4,642.6,642.7,424.586992
1770523200000,642.8,643.8,640.4,643.8,181.892639
1770526800000,643.9,644.9,641.9,642.9,176.742258
1770530400000,643.0,644.1,640.3,640.6,535.164238
1770534000000,640.8,643.4,639.2,643.2,355.544492
1770537600000,643.3,650.8,640.9,650.1,906.111685
1770541200000,650.2,650.6,640.5,641.8,1563.631222
1770544800000,641.9,645.1,637.7,639.5,675.794615
1770548400000,639.6,646.3,639.5,645.6,432.378145
1770552000000,645.6,646.0,642.5,645.2,546.778875
1770555600000,645.3,646.6,641.7,644.9,832.714717
1770559200000,645.0,647.1,643.5,646.8,533.675784
1770562800000,646.9,648.3,641.3,643.6,690.714266
1770566400000,643.8,645.4,632.3,634.7,647.572504
1770570000000,634.9,639.7,634.8,638.9,336.098793
1770573600000,639.0,649.7,638.9,646.5,472.071932
1770577200000,646.5,649.4,645.8,648.6,174.235998
1770580800000,648.6,648.7,643.2,643.6,114.613779
1770584400000,643.7,646.3,640.2,642.0,116.380587
1770588000000,641.8,644.5,641.7,643.8,349.574841
1770591600000,643.8,652.9,636.4,639.9,807.211685
1770595200000,640.0,643.1,635.9,640.2,592.10168
1770598800000,640.0,643.3,633.9,636.9,883.863211
1770602400000,636.9,643.7,635.7,640.4,536.608771
1770606000000,640.4,646.2,640.4,645.1,699.947244
1770609600000,645.1,645.2,641.5,642.3,354.554925
1770613200000,642.3,642.4,640.3,641.7,287.184749
1770616800000,641.7,641.7,633.7,635.8,1351.256591
1770620400000,635.7,637.3,631.2,631.9,836.944477
1770624000000,632.0,633.4,622.2,625.8,1899.055971
1770627600000,625.7,628.3,623.6,625.0,995.205538
1770631200000,625.0,626.4,616.0,618.4,1606.669776
1770634800000,618.4,622.9,618.4,621.6,671.854169
1770638400000,621.9,627.8,621.7,627.0,633.269612
1770642000000,627.1,631.3,625.3,625.3,594.968352
1770645600000,625.3,631.7,622.0,628.2,1494.64248
1770649200000,628.2,632.5,625.1,631.0,844.021454
1770652800000,631.0,638.5,627.1,635.7,1643.694616
1770656400000,635.6,642.7,632.2,640.3,910.322018
1770660000000,640.4,643.4,636.5,640.2,328.207767
1770663600000,640.2,642.9,639.1,642.4,192.706405
1770667200000,642.4,644.3,638.3,641.0,224.174456
1770670800000,641.0,641.3,633.6,638.6,753.606318
1770674400000,638.5,640.3,637.2,637.7,288.124087
1770678000000,638.0,639.9,635.9,636.3,114.645747
1770681600000,636.3,638.2,635.3,636.6,226.529568
1770685200000,636.5,641.8,636.5,640.6,330.186776
1770688800000,640.7,640.9,637.3,638.2,162.669307
1770692400000,638.2,638.8,629.7,633.4,929.131675
1770696000000,633.3,637.9,633.0,637.7,228.100135
1770699600000,637.7,639.5,635.5,637.6,593.883143
1770703200000,637.6,638.1,628.3,629.7,1318.679885
1770706800000,629.7,633.6,629.5,631.7,470.439663
1770710400000,631.7,634.0,629.0,633.5,616.452038
1770714000000,633.4,635.4,627.7,629.9,1305.199031
1770717600000,630.0,630.4,626.7,627.2,330.600174
1770721200000,627.2,630.5,625.1,626.5,614.475706
1770724800000,626.6,629.1,624.8,624.9,507.400777
1770728400000,624.9,627.5,622.8,625.0,775.374426
1770732000000,624.9,627.1,613.8,617.7,1448.73989
1770735600000,617.6,622.5,615.5,619.3,1055.028445
1770739200000,619.4,623.3,616.8,621.2,414.426354
1770742800000,621.2,625.4,619.2,623.6,269.377356
1770746400000,623.7,624.2,614.0,615.8,815.737797
1770750000000,615.8,619.1,614.1,617.3,347.437385
1770753600000,617.2,618.8,615.5,617.8,114.068309
1770757200000,617.9,619.3,614.5,616.1,283.338131
1770760800000,616.2,619.9,616.2,619.1,205.65904
1770764400000,619.1,620.4,617.8,619.7,176.060414
1770768000000,619.9,623.3,619.5,622.8,177.487463
1770771600000,622.7,623.1,620.2,620.6,182.640392
1770775200000,620.7,624.0,620.0,620.0,235.224134
1770778800000,620.1,620.5,615.3,617.5,478.07483
1770782400000,617.5,618.6,609.5,610.6,1159.168668
1770786000000,610.8,612.8,607.5,608.3,437.788605
1770789600000,608.4,608.8,597.6,599.4,2876.638777
1770793200000,599.4,603.1,598.8,600.8,469.805231
1770796800000,600.8,602.2,594.3,596.0,1613.469303
1770800400000,596.0,599.2,592.7,593.6,930.402573
1770804000000,593.8,594.0,587.3,588.0,2249.215271
1770807600000,587.8,593.5,587.8,592.9,737.876755
1770811200000,593.0,594.5,591.1,591.7,511.294215
1770814800000,591.9,598.7,590.1,598.0,1216.486926
1770818400000,598.2,611.8,596.3,597.6,1960.029955
1770822000000,597.8,600.2,588.8,593.8,1936.29826
1770825600000,593.7,602.7,592.9,594.0,1061.118374
1770829200000,594.0,605.9,592.2,603.3,994.52603
1770832800000,603.3,610.4,599.7,610.1,1013.890415
1770836400000,610.2,613.4,609.2,610.7,320.13043
1770840000000,610.6,611.3,606.4,609.9,317.045795
1770843600000,610.1,617.9,609.3,613.8,1068.991294
1770847200000,613.8,613.8,608.5,609.1,456.614627
1770850800000,609.0,610.3,604.6,608.1,367.840931
1770854400000,608.2,612.9,608.2,611.6,554.797745
1770858000000,611.6,614.0,611.4,611.7,527.321697
1770861600000,611.7,616.1,611.0,613.1,521.410162
1770865200000,613.1,617.3,612.6,616.7,546.048316
1770868800000,616.7,618.3,613.6,613.7,487.130321
1770872400000,613.7,616.0,611.3,615.7,358.272319
1770876000000,615.9,618.3,614.5,615.7,519.381564
1770879600000,615.8,618.1,614.4,615.5,753.604026
1770883200000,615.5,616.2,611.0,611.5,443.632058
1770886800000,611.6,616.9,610.7,614.6,640.243946
1770890400000,614.6,619.0,613.7,619.0,333.722826
1770894000000,619.1,620.8,616.4,617.8,591.808801
1770897600000,617.7,618.1,614.2,615.5,313.07485
1770901200000,615.5,618.2,613.3,618.0,454.611668
1770904800000,618.2,618.3,611.1,612.3,546.040151
1770908400000,612.5,614.4,607.8,609.1,1095.767439
1770912000000,609.2,610.0,600.4,604.0,1332.9883
1770915600000,604.0,608.9,603.2,603.3,527.095989
1770919200000,603.4,607.7,602.1,606.6,266.497412
1770922800000,606.9,612.1,605.0,608.1,563.829703
1770926400000,608.2,609.8,604.0,604.6,204.936422
1770930000000,604.9,608.1,604.9,607.3,119.713975
1770933600000,607.3,612.3,605.8,612.3,232.505199
1770937200000,612.4,615.7,611.5,614.1,413.141333
1770940800000,614.2,616.7,609.9,610.9,439.884277
1770944400000,611.0,616.2,610.9,615.4,297.341084
1770948000000,615.5,616.2,609.1,610.3,1026.019064
1770951600000,610.5,612.0,607.6,608.7,339.531707
1770955200000,609.0,609.5,606.0,606.0,231.384765
1770958800000,606.1,606.3,598.7,599.1,767.527858
1770962400000,599.1,599.3,592.5,597.9,1422.440073
1770966000000,597.9,601.2,596.2,598.1,922.534648
1770969600000,598.2,604.3,597.8,602.2,643.084883
1770973200000,602.4,603.1,599.6,602.0,542.89941
1770976800000,602.1,602.8,599.3,601.5,730.977928
1770980400000,601.5,601.8,598.4,601.7,442.267955
1770984000000,601.8,601.8,597.3,599.4,483.523179
1770987600000,599.2,603.1,596.3,598.9,1278.280658
1770991200000,598.9,605.2,595.5,602.5,1638.276254
1770994800000,602.7,615.3,600.7,610.4,2302.77723
1770998400000,610.4,619.4,609.3,615.9,2152.129528
1771002000000,616.0,618.6,613.3,615.9,603.482983
1771005600000,615.9,618.8,614.2,617.6,613.705711
1771009200000,617.6,621.3,617.1,618.0,329.255798
1771012800000,618.0,618.8,615.7,618.4,372.471169
1771016400000,618.3,622.9,618.2,621.3,488.04361
1771020000000,621.2,621.3,618.1,620.2,433.304618
1771023600000,620.2,620.8,618.4,619.0,706.017785
1771027200000,619.1,623.9,618.7,623.4,485.268836
1771030800000,623.4,625.7,622.9,624.2,639.60845
1771034400000,624.3,624.3,620.6,621.1,287.906383
1771038000000,621.2,621.7,617.0,617.8,486.594656
1771041600000,617.9,618.0,616.2,617.3,230.772164
1771045200000,617.4,618.7,615.5,617.1,389.524805
1771048800000,617.0,619.7,616.3,619.6,255.444775
1771052400000,619.7,622.6,619.2,622.4,394.994126
1771056000000,622.5,628.0,622.3,627.4,926.471593
1771059600000,627.3,629.7,626.3,629.2,935.389494
1771063200000,629.2,629.2,626.4,627.6,555.376042
1771066800000,627.6,633.9,627.4,633.7,608.576924
1771070400000,633.7,634.4,627.0,627.7,767.716614
1771074000000,627.7,630.8,626.9,630.0,509.966236
1771077600000,630.2,637.5,629.6,636.0,615.202775
1771081200000,636.0,637.1,633.6,634.9,512.480315
1771084800000,634.9,634.9,629.2,633.4,726.197607
1771088400000,633.5,634.6,631.5,632.1,137.825138
1771092000000,632.2,633.0,631.2,631.9,168.439405
1771095600000,632.0,633.5,630.1,633.0,212.859757
1771099200000,633.1,634.1,630.7,632.7,119.88908
1771102800000,632.7,634.9,628.7,631.1,348.716324
1771106400000,631.2,634.0,630.9,632.6,158.901081
1771110000000,632.5,634.7,631.6,632.9,390.029971
1771113600000,633.0,633.8,629.8,632.0,307.931388
1771117200000,632.0,634.3,629.0,632.9,574.260156
1771120800000,632.9,634.1,627.2,630.9,864.214962
1771124400000,630.8,633.9,627.5,633.6,817.918998
1771128000000,633.8,639.4,633.8,635.7,720.330623
1771131600000,635.9,638.7,635.7,636.6,348.290322
1771135200000,636.7,638.5,635.1,636.8,514.359496
1771138800000,636.8,642.5,636.1,640.1,646.463813
1771142400000,640.2,641.5,628.7,631.9,1547.001004
1771146000000,631.9,633.8,630.0,630.8,345.771855
1771149600000,630.9,631.2,626.2,630.0,449.912897
1771153200000,630.0,631.3,629.0,629.5,254.757398
1771156800000,629.6,630.2,619.3,619.6,1011.178597
1771160400000,619.4,624.3,615.8,617.7,1045.48223
1771164000000,617.7,622.0,617.2,621.1,523.667502
1771167600000,621.1,623.0,619.8,621.6,357.590244
1771171200000,621.7,621.7,617.8,619.9,545.712749
1771174800000,620.0,620.8,610.2,613.9,1695.196553
1771178400000,614.0,615.2,610.8,611.6,657.819098
1771182000000,611.6,613.4,608.8,611.7,730.525731
1771185600000,611.8,614.4,610.0,613.6,256.989474
1771189200000,613.7,617.3,613.5,616.0,518.707096
1771192800000,616.0,617.1,614.5,616.5,441.936438
1771196400000,616.6,616.6,611.5,615.1,170.431404
1771200000000,615.2,616.8,613.9,616.3,156.874611
1771203600000,616.4,618.4,612.8,615.0,194.163369
1771207200000,615.0,616.5,611.6,612.3,268.477554
1771210800000,612.4,613.7,611.4,613.5,246.811244
1771214400000,613.6,618.2,613.4,618.2,184.846203
1771218000000,618.2,618.6,610.6,612.4,170.873203
1771221600000,612.4,613.9,610.4,612.7,260.944238
1771225200000,612.8,615.0,611.4,613.5,259.813433
1771228800000,613.5,615.1,612.6,614.8,188.483979
1771232400000,614.8,619.8,614.7,618.6,407.304396
1771236000000,618.6,619.3,616.7,618.7,207.838389
1771239600000,618.7,619.9,613.6,618.6,292.242611
1771243200000,618.8,629.3,618.8,628.2,1084.897199
1771246800000,628.2,631.2,614.7,616.1,1739.159969
1771250400000,616.1,618.1,612.6,613.8,715.543117
1771254000000,613.9,616.4,604.6,607.6,1836.114659
1771257600000,607.7,613.2,607.4,613.0,581.521341
1771261200000,613.0,617.1,612.3,615.7,787.154169
1771264800000,615.8,618.3,614.4,614.7,315.202693
1771268400000,614.9,617.9,614.6,616.9,113.890576
1771272000000,617.0,622.7,616.3,622.4,280.655884
1771275600000,622.5,626.5,621.3,626.5,158.94101
1771279200000,626.5,628.4,625.3,626.1,376.189183
1771282800000,626.2,628.1,625.5,627.2,194.947722
1771286400000,627.2,628.4,626.0,626.6,281.527016
1771290000000,626.8,628.4,624.4,624.6,224.90743
1771293600000,624.7,632.1,621.5,629.2,602.094348
1771297200000,629.3,629.7,626.3,627.2,159.70946
1771300800000,627.1,628.4,625.2,626.2,223.680426
1771304400000,626.4,627.4,620.4,623.0,904.192039
1771308000000,623.1,625.2,623.1,624.9,176.538099
1771311600000,624.9,624.9,622.2,622.7,228.298918
1771315200000,622.9,623.9,619.6,620.2,262.936378
1771318800000,620.2,620.9,618.0,619.7,588.283169
1771322400000,619.7,620.2,615.5,616.8,247.638849
1771326000000,616.8,618.8,616.1,618.4,257.099565
1771329600000,618.5,621.9,618.2,619.6,149.083399
1771333200000,619.7,625.6,618.7,623.9,409.736656
1771336800000,624.0,626.1,610.0,612.2,1752.852788
1771340400000,612.1,615.5,609.5,615.2,905.253113
1771344000000,615.4,622.3,614.8,618.4,588.017957
1771347600000,618.5,619.8,612.4,615.2,639.959666
1771351200000,615.2,624.1,614.5,622.4,469.910753
1771354800000,622.4,624.3,620.0,620.4,178.416053
1771358400000,620.5,621.1,617.1,618.8,199.451021
1771362000000,618.8,620.7,617.0,619.1,81.801329
1771365600000,619.0,619.7,617.6,618.0,504.712138
1771369200000,617.9,618.3,616.1,617.8,237.654193
1771372800000,617.9,619.3,616.4,616.4,124.449899
1771376400000,616.5,616.6,613.3,614.8,312.044782
1771380000000,614.8,617.9,614.6,617.0,130.490838
1771383600000,617.1,619.7,616.7,618.8,285.672194
1771387200000,618.9,619.1,616.5,617.3,196.227357
1771390800000,617.4,618.1,616.0,616.0,167.765364
1771394400000,616.1,618.5,616.1,616.4,205.539896
1771398000000,616.5,621.4,614.9,620.9,282.944265
1771401600000,621.0,626.7,620.1,623.4,1251.55504
1771405200000,623.6,624.4,622.7,623.1,129.099211
1771408800000,623.1,624.1,619.0,619.3,143.62638
1771412400000,619.4,619.7,613.6,614.4,258.749061
1771416000000,614.4,617.0,614.0,615.8,223.896649
1771419600000,616.2,617.2,608.8,611.3,622.536269
1771423200000,611.1,612.8,608.0,612.2,902.002361
1771426800000,612.3,623.4,612.1,618.4,917.289033
1771430400000,618.4,618.6,613.7,616.6,402.911878
1771434000000,616.7,620.5,616.1,616.4,273.442624
1771437600000,616.5,617.1,609.2,610.7,1038.865017
1771441200000,610.8,612.2,601.2,603.4,1331.440693
1771444800000,603.3,606.4,602.8,603.5,404.064146
1771448400000,603.7,606.0,601.9,604.2,195.337218
1771452000000,604.3,605.9,602.6,605.1,146.825339
1771455600000,604.9,605.4,603.6,604.8,838.43383
1771459200000,604.8,605.5,602.8,602.8,229.373435
1771462800000,602.9,606.9,602.8,606.8,413.118037
1771466400000,606.8,607.4,604.0,606.1,356.862822
1771470000000,606.2,608.1,604.8,608.0,111.509063
1771473600000,608.0,610.4,607.6,609.0,223.87023
1771477200000,609.0,609.7,606.6,608.4,166.236829
1771480800000,608.3,614.7,608.3,613.5,202.267996
1771484400000,613.6,614.0,610.4,610.9,201.25018
1771488000000,610.8,610.8,605.6,606.8,367.408362
1771491600000,606.7,608.8,604.8,606.4,382.076355
1771495200000,606.4,607.8,605.4,606.1,210.046784
1771498800000,606.1,607.0,603.8,604.2,236.916304
1771502400000,604.2,606.4,603.4,605.4,265.673712
1771506000000,605.5,606.1,595.8,598.5,1088.513446
1771509600000,598.6,604.1,597.7,602.1,777.849735
1771513200000,602.3,604.8,597.8,600.4,517.816762
1771516800000,600.4,601.8,596.3,600.0,579.469442
1771520400000,600.1,604.8,597.3,599.1,494.311715
1771524000000,599.1,606.6,598.7,605.7,936.347706
1771527600000,605.9,606.7,602.0,604.4,275.343102
1771531200000,604.5,607.7,602.9,607.2,668.461275
1771534800000,607.1,609.3,606.7,607.9,150.533401
1771538400000,607.9,607.9,605.0,606.8,120.439004
1771542000000,606.7,608.0,605.9,607.8,104.651349
1771545600000,607.9,610.4,607.0,608.6,309.878373
1771549200000,608.5,608.7,606.5,607.5,459.032536
1771552800000,607.6,608.4,606.2,606.7,218.399907
1771556400000,606.7,608.7,606.3,607.9,264.929256
1771560000000,608.0,609.3,605.3,608.8,301.258781
1771563600000,608.8,614.0,608.2,611.9,520.370367
1771567200000,612.0,612.9,610.2,612.1,349.359355
1771570800000,612.1,612.8,611.0,612.2,165.198352
1771574400000,612.2,613.4,611.0,611.8,351.85457
1771578000000,611.8,614.5,611.8,613.4,881.455733
1771581600000,613.4,615.4,612.1,612.4,564.592756
1771585200000,612.3,612.4,607.8,608.7,626.934448
1771588800000,608.9,610.5,608.4,609.7,603.815312
1771592400000,609.8,609.8,601.3,604.4,828.796173
1771596000000,604.4,611.1,603.9,609.4,581.528758
1771599600000,609.6,618.3,609.3,617.0,1405.377966
1771603200000,617.1,621.0,616.7,620.2,984.672327
1771606800000,620.3,624.0,616.3,623.6,1046.226595
1771610400000,623.7,627.7,622.0,627.4,1397.730562
1771614000000,627.4,628.6,625.0,626.3,596.682295
1771617600000,626.4,629.4,625.8,629.1,642.098255
1771621200000,629.1,629.9,627.0,627.3,428.539249
1771624800000,627.3,628.4,625.2,627.4,759.301474
1771628400000,627.3,627.8,625.2,626.2,123.118432
1771632000000,626.2,628.5,624.4,624.9,457.146118
1771635600000,625.0,628.6,625.0,628.0,612.194465
1771639200000,628.3,628.8,627.2,627.9,314.515637
1771642800000,628.0,628.0,625.0,625.4,328.21332
1771646400000,625.5,627.5,625.2,627.4,137.642992
1771650000000,627.5,628.4,627.1,627.6,172.223016
1771653600000,627.6,627.7,625.5,626.0,97.298303
1771657200000,626.0,628.3,625.5,626.0,560.709395
1771660800000,626.1,628.5,625.9,628.1,169.572244
1771664400000,628.1,630.8,627.9,628.5,776.038791
1771668000000,628.7,630.2,628.5,630.0,736.666615
1771671600000,630.0,631.7,629.6,630.4,413.206211
1771675200000,630.4,631.0,628.9,630.8,246.872651
1771678800000,630.9,634.1,630.3,633.8,301.134401
1771682400000,633.7,635.0,632.4,633.0,480.175632
1771686000000,633.0,633.6,627.8,627.9,758.525857
1771689600000,628.0,628.5,624.3,626.1,541.320731
1771693200000,626.1,628.4,625.5,627.8,209.586349
1771696800000,627.8,629.7,627.3,628.8,177.770332
1771700400000,628.7,628.7,626.7,627.0,83.550553
1771704000000,627.1,627.7,624.9,625.3,199.209425
1771707600000,625.3,626.8,624.5,626.8,211.516653
1771711200000,626.8,627.2,625.4,626.1,408.349623
1771714800000,626.1,626.6,624.7,625.9,187.676769
1771718400000,625.8,626.1,623.1,624.4,235.300817
1771722000000,624.6,626.9,624.6,626.4,108.342451
1771725600000,626.6,627.2,623.4,623.8,288.882414
1771729200000,623.9,624.4,620.6,621.6,441.436589
1771732800000,621.6,622.5,620.7,621.3,117.16317
1771736400000,621.3,621.5,618.9,619.7,151.646469
1771740000000,619.8,622.3,619.7,622.1,135.091251
1771743600000,622.1,623.9,621.6,622.6,365.946029
1771747200000,622.7,623.1,621.3,622.0,136.76227
1771750800000,622.0,624.4,621.9,624.1,118.745225
1771754400000,624.1,625.0,623.6,623.8,117.55442
1771758000000,623.8,625.0,623.7,624.8,260.790809
1771761600000,624.9,624.9,620.6,621.1,268.31934
1771765200000,621.1,622.2,618.1,619.6,618.805689
1771768800000,619.6,620.2,617.1,617.9,436.113705
1771772400000,618.2,618.4,613.6,616.0,768.739582
1771776000000,616.0,616.2,612.5,614.0,362.654408
1771779600000,614.0,614.0,610.0,611.1,447.634247
1771783200000,611.1,613.0,610.8,611.5,214.59416
1771786800000,611.6,612.7,610.7,612.5,93.608196
1771790400000,612.6,612.6,611.2,611.4,103.570615
1771794000000,611.5,614.4,611.5,614.4,112.456994
1771797600000,614.2,616.4,613.8,615.9,236.260062
1771801200000,615.8,615.9,613.7,614.8,98.989944
1771804800000,614.9,616.0,606.0,606.3,387.106215
1771808400000,606.2,606.4,583.2,586.3,6417.007342
1771812000000,586.2,589.3,584.6,587.3,1835.84941
1771815600000,587.3,590.8,585.8,589.8,587.625933
1771819200000,589.9,590.3,585.8,587.1,724.855619
1771822800000,587.2,595.7,587.2,593.6,2002.743235
1771826400000,593.6,600.0,593.4,598.7,777.035776
1771830000000,598.7,599.7,596.5,599.1,495.738068
1771833600000,599.2,599.2,596.5,599.2,443.483188
1771837200000,599.2,610.3,599.2,609.0,1123.679171
1771840800000,609.1,610.2,606.4,607.4,286.719387
1771844400000,607.4,609.0,605.9,606.4,280.958127
1771848000000,606.4,612.4,604.7,610.6,1345.005672
1771851600000,610.6,612.2,608.3,610.4,1270.657308
1771855200000,610.4,611.3,606.0,608.6,754.55085
1771858800000,608.7,610.6,604.4,604.7,541.58662
1771862400000,604.7,606.4,601.4,602.3,1294.239724
1771866000000,602.5,603.8,591.8,597.5,1139.733216
1771869600000,597.6,601.5,595.5,597.8,848.551105
1771873200000,597.8,598.5,591.9,592.2,502.840278
1771876800000,592.2,595.6,590.3,595.1,654.572454
1771880400000,595.2,597.4,594.8,595.9,573.721908
1771884000000,596.1,598.5,595.7,596.8,557.404135
1771887600000,596.8,598.1,595.4,596.3,351.66629
1771891200000,596.3,602.7,596.1,602.3,351.113215
1771894800000,602.3,602.3,589.7,598.0,1805.023946
1771898400000,597.9,601.5,597.0,598.4,553.617649
1771902000000,598.4,598.4,591.3,593.3,500.542543
1771905600000,593.3,593.8,589.1,592.1,656.775987
1771909200000,592.2,594.1,588.6,590.8,414.712495
1771912800000,590.8,591.5,586.6,587.2,365.982768
1771916400000,587.3,590.5,586.2,589.6,337.615504
1771920000000,589.7,592.9,588.7,592.3,362.471394
1771923600000,592.3,592.8,587.0,589.2,364.247018
1771927200000,589.2,589.6,587.5,588.9,368.001262
1771930800000,588.8,589.3,585.9,587.0,375.649826
1771934400000,587.1,588.4,585.5,586.1,277.922566
1771938000000,586.1,586.7,579.2,582.7,1598.38595
1771941600000,582.6,585.6,577.2,581.9,1227.724507
1771945200000,582.0,587.1,580.4,586.0,508.608581
1771948800000,586.0,589.6,583.6,587.7,997.373728
1771952400000,587.8,589.7,585.8,586.8,1024.246821
1771956000000,586.5,589.5,584.7,588.0,544.726815
1771959600000,588.1,590.0,586.6,588.7,242.146218
1771963200000,588.7,590.3,588.0,588.4,113.553409
1771966800000,588.4,588.4,583.3,584.6,250.381414
1771970400000,584.6,586.6,583.9,585.6,332.518453
1771974000000,585.6,585.6,582.5,583.5,735.627881
1771977600000,583.6,584.8,581.2,584.2,440.746996
1771981200000,584.2,600.3,583.6,597.6,2657.221389
1771984800000,597.5,602.1,597.5,598.3,1249.840005
1771988400000,598.3,598.9,592.8,594.1,530.13957
1771992000000,594.1,596.3,591.1,595.3,600.185675
1771995600000,595.5,595.8,590.0,592.7,814.628464
1771999200000,592.6,595.6,592.3,593.7,268.998581
1772002800000,593.7,596.6,593.2,596.1,339.125854
1772006400000,596.2,600.8,596.0,600.7,542.475679
1772010000000,600.5,603.5,600.3,603.2,538.160726
1772013600000,603.3,604.2,600.8,602.8,614.645154
1772017200000,602.9,605.5,602.0,605.0,408.30501
1772020800000,605.0,612.7,604.6,611.1,907.097144
1772024400000,611.2,616.6,611.2,614.4,1138.044318
1772028000000,614.4,619.3,613.3,618.9,1048.213743
1772031600000,618.8,623.4,616.1,621.6,1521.730021
1772035200000,621.6,626.0,621.2,625.8,1205.485356
1772038800000,625.8,629.8,625.2,629.4,1137.696566
1772042400000,629.4,634.4,626.9,632.9,872.766904
1772046000000,632.9,633.4,628.5,632.5,798.210723
1772049600000,632.4,633.6,630.0,631.9,702.776284
1772053200000,632.0,640.8,630.0,635.2,1458.70892
1772056800000,635.2,637.2,628.1,632.0,855.519305
1772060400000,632.0,635.3,624.5,629.6,992.888443
1772064000000,629.6,634.0,627.6,630.3,750.738731
1772067600000,630.3,632.5,627.2,627.8,666.40545
1772071200000,627.8,628.9,625.5,628.2,448.961791
1772074800000,628.3,628.8,626.6,628.1,479.585551
1772078400000,628.2,632.7,627.7,630.9,312.35193
1772082000000,631.0,631.1,626.4,628.7,380.388356
1772085600000,628.7,629.9,626.1,627.0,337.680252
1772089200000,626.9,628.7,625.5,625.8,171.59034
1772092800000,625.9,629.3,625.9,626.3,336.095991
1772096400000,626.4,630.6,626.1,629.7,482.81834
1772100000000,629.7,630.3,625.2,626.2,359.520267
1772103600000,626.2,627.0,623.1,623.2,538.250532
1772107200000,623.2,626.9,623.0,626.8,219.292647
1772110800000,626.8,628.3,625.3,626.6,289.432858
1772114400000,626.7,628.6,621.3,625.8,735.033389
1772118000000,625.8,626.3,618.9,623.3,978.908858
1772121600000,623.5,624.9,614.4,614.8,1075.259294
1772125200000,614.9,619.2,614.7,616.8,577.007175
1772128800000,616.7,620.9,614.3,620.2,455.874349
1772132400000,620.2,625.4,620.0,624.7,850.927606
1772136000000,624.7,626.2,621.4,622.1,348.257904
1772139600000,622.0,624.1,621.1,623.8,161.485194
1772143200000,623.8,626.4,623.3,626.4,232.236246
1772146800000,626.2,627.1,624.6,625.8,153.41383
1772150400000,626.0,626.6,623.4,625.3,302.889312
1772154000000,625.4,626.5,622.7,626.0,638.748085
1772157600000,626.0,630.5,625.9,630.0,508.900188
1772161200000,630.1,630.4,628.1,629.5,393.399509
1772164800000,629.6,633.9,629.1,632.0,688.160707
1772168400000,632.1,633.8,630.0,631.8,891.641913
1772172000000,631.9,631.9,628.5,628.9,325.416697
1772175600000,628.9,628.9,625.1,627.3,614.074559
1772179200000,627.3,629.4,626.6,628.6,561.247614
1772182800000,628.7,630.2,624.3,624.5,684.373131
1772186400000,624.4,624.9,616.5,616.9,1115.212256
1772190000000,616.9,619.3,613.3,615.0,1287.074208
1772193600000,615.0,616.8,613.4,614.7,712.565135
1772197200000,614.6,616.3,609.6,614.3,1185.027355
1772200800000,614.2,615.6,610.8,611.7,828.332576
1772204400000,611.5,615.3,610.6,614.3,451.303635
1772208000000,614.4,614.6,610.0,610.0,539.77669
1772211600000,610.0,612.3,606.6,612.2,979.166172
1772215200000,612.3,612.8,609.8,610.0,247.198983
1772218800000,610.0,610.4,607.7,609.7,320.518779
1772222400000,609.8,611.7,609.6,611.2,255.963229
1772226000000,611.2,613.1,610.1,611.2,218.373035
1772229600000,611.2,611.9,605.5,611.8,370.159283
1772233200000,611.8,614.2,611.8,614.1,489.894904
1772236800000,614.1,615.2,612.4,614.4,1001.15676
1772240400000,614.5,614.9,612.3,612.6,297.558458
1772244000000,612.6,615.4,612.3,615.1,157.407225
1772247600000,615.2,615.7,613.3,614.9,458.91759
1772251200000,615.1,615.5,610.8,612.6,473.183371
1772254800000,612.6,613.3,610.3,611.2,714.590188
1772258400000,611.2,611.2,590.7,592.5,3294.59838
1772262000000,592.4,601.2,590.5,597.3,1692.514698
1772265600000,597.4,597.4,590.3,591.2,1001.063078
1772269200000,591.2,594.6,589.2,591.7,1148.00198
1772272800000,591.5,595.1,588.6,594.4,1154.856806
1772276400000,594.4,598.5,594.1,594.4,609.54821
1772280000000,594.5,598.0,594.2,596.9,435.149434
1772283600000,596.9,603.7,595.2,603.0,1535.574996
1772287200000,603.2,605.8,599.5,600.5,1323.211716
1772290800000,600.5,604.7,597.9,604.0,759.099122
1772294400000,604.1,604.9,602.1,603.7,335.552206
1772298000000,603.7,606.1,600.8,605.7,655.768176
1772301600000,605.6,613.5,604.3,611.7,701.190326
1772305200000,611.8,614.8,608.5,613.2,1039.264397
1772308800000,613.3,619.9,612.1,618.4,729.49114
1772312400000,618.4,618.4,614.0,616.2,568.914909
1772316000000,616.3,621.7,616.1,618.0,417.334445
1772319600000,618.0,618.2,615.5,617.1,151.119799
1772323200000,617.2,618.0,615.5,617.9,278.782797
1772326800000,618.0,628.4,614.6,625.2,962.038355
1772330400000,625.2,631.8,625.2,629.9,1239.136019
1772334000000,630.0,632.3,628.2,628.9,796.84122
1772337600000,628.8,631.6,626.0,629.9,1237.849478
1772341200000,630.1,631.2,628.0,628.0,450.572746
1772344800000,628.1,628.3,623.2,625.4,1000.540706
1772348400000,625.6,626.3,623.6,625.6,414.441309
1772352000000,625.6,626.6,619.4,620.2,502.142625
1772355600000,620.2,623.6,618.7,620.2,452.107054
1772359200000,620.2,623.7,619.2,623.3,497.824643
1772362800000,623.3,624.7,622.7,623.0,548.620406
1772366400000,623.0,623.3,620.5,620.5,550.037015
1772370000000,620.6,629.1,619.8,626.1,1362.091928
1772373600000,626.2,629.7,625.7,628.1,677.93402
1772377200000,628.0,629.8,626.4,626.4,587.010173
1772380800000,626.6,629.7,619.9,623.0,1410.669335
1772384400000,622.9,623.7,617.5,619.5,830.509298
1772388000000,619.6,625.5,619.3,623.1,1351.778883
1772391600000,623.2,623.2,618.7,619.7,958.542134
1772395200000,619.7,620.6,611.5,612.5,956.83421
1772398800000,612.5,617.7,612.0,612.1,1059.787626
1772402400000,612.3,619.0,611.1,615.1,1210.789743
1772406000000,615.3,620.9,614.6,617.9,425.380406
1772409600000,618.0,622.3,614.7,620.0,398.871417
1772413200000,620.1,624.6,618.8,621.9,451.237637
1772416800000,621.9,625.0,617.5,622.2,743.362282
1772420400000,622.4,625.7,620.8,624.6,422.096322
1772424000000,624.7,625.2,622.3,623.3,531.695865
1772427600000,623.4,625.7,621.4,623.4,226.511387
1772431200000,623.4,623.6,616.6,617.2,735.123074
1772434800000,617.3,617.4,613.1,616.6,421.265985
1772438400000,616.9,619.5,613.0,618.7,767.03374
1772442000000,618.7,622.4,618.1,619.0,490.377623
1772445600000,618.9,621.2,617.6,621.2,196.92545
1772449200000,621.0,623.2,618.8,622.1,517.998601
1772452800000,622.2,623.2,620.0,622.2,537.86353
1772456400000,622.2,624.6,619.6,620.6,565.248746
1772460000000,620.5,635.2,619.0,634.0,1275.464022
1772463600000,634.0,649.9,633.9,646.5,3324.27872
1772467200000,646.6,653.2,645.6,649.4,2042.018808
1772470800000,649.4,650.1,641.2,644.8,561.093168
1772474400000,644.8,644.9,639.0,639.8,658.946917
1772478000000,639.9,640.1,636.1,636.5,862.020309
1772481600000,636.5,637.6,632.7,634.8,711.220063
1772485200000,635.1,636.3,632.9,635.8,323.292255
1772488800000,635.9,640.8,635.9,639.9,307.415233
1772492400000,639.9,640.5,636.6,637.8,488.528298
1772496000000,637.9,641.7,636.7,640.6,693.546429
1772499600000,640.7,642.6,635.6,635.7,784.602941
1772503200000,635.7,637.8,633.3,635.5,942.666951
1772506800000,635.6,636.1,633.9,635.6,270.891196
1772510400000,635.6,637.4,634.0,634.1,151.105583
1772514000000,634.2,638.4,628.7,632.0,1525.304747
1772517600000,632.0,633.8,630.2,633.3,565.500295
1772521200000,633.2,635.8,632.8,633.3,381.842724
1772524800000,633.4,634.1,622.4,623.7,1264.198105
1772528400000,623.8,626.9,620.8,622.5,1191.438221
1772532000000,622.4,626.6,621.4,625.5,1134.681858
1772535600000,625.5,627.4,624.5,626.5,335.368619
1772539200000,626.4,631.9,626.1,627.3,524.271467
1772542800000,627.4,627.7,623.1,624.5,1284.633087
1772546400000,624.5,629.0,620.7,623.5,873.292114
1772550000000,623.5,630.6,622.5,630.6,708.385402
1772553600000,630.6,638.8,628.8,634.5,976.983559
1772557200000,634.7,635.0,629.5,633.8,428.301958
1772560800000,633.9,637.9,631.7,634.5,362.129386
1772564400000,634.6,635.2,631.5,633.1,277.276037
1772568000000,633.1,633.6,630.5,631.6,311.663474
1772571600000,631.7,631.7,628.5,630.2,217.400508
1772575200000,630.2,634.8,630.2,634.1,269.894959
1772578800000,634.1,637.1,632.9,633.9,809.250757
1772582400000,634.0,634.7,629.4,632.0,568.152534
1772586000000,632.0,636.7,630.7,634.1,571.977568
1772589600000,634.2,634.7,630.8,634.3,316.136954
1772593200000,634.2,634.4,626.2,629.4,708.12561
1772596800000,629.4,630.6,627.2,630.0,304.501782
1772600400000,630.0,633.7,629.0,632.5,479.343069
1772604000000,632.5,635.6,631.4,635.0,673.847542
1772607600000,635.0,640.8,634.1,640.1,958.573551
1772611200000,640.1,652.5,638.9,651.2,1621.282214
1772614800000,651.2,654.9,649.7,651.7,2001.420492
1772618400000,651.6,654.1,650.4,651.1,1220.346383
1772622000000,651.2,652.4,647.6,650.4,824.483971
1772625600000,650.5,651.2,645.9,650.6,574.575464
1772629200000,650.6,654.3,650.4,653.5,802.688426
1772632800000,653.5,657.6,649.0,651.8,2105.535308
1772636400000,651.9,661.9,651.2,661.1,2427.378652
1772640000000,661.2,662.7,655.8,659.5,1215.938217
1772643600000,659.5,660.7,655.1,658.4,507.560531
1772647200000,658.4,661.8,656.3,661.5,371.431904
1772650800000,661.5,666.1,661.1,662.8,1080.500452
1772654400000,662.8,663.0,660.1,660.6,326.145111
1772658000000,660.8,661.0,658.8,660.1,220.615527
1772661600000,660.2,662.4,657.1,657.2,378.432927
1772665200000,657.3,659.1,656.5,658.1,276.81715
1772668800000,658.0,659.8,656.4,657.7,369.88507
1772672400000,657.8,660.8,652.4,653.0,460.524455
1772676000000,653.1,656.9,652.6,654.0,628.192374
1772679600000,654.1,655.4,652.7,654.3,316.230832
1772683200000,654.3,657.4,653.8,655.4,399.03582
1772686800000,655.4,656.2,652.7,653.2,313.010795
1772690400000,653.1,655.4,650.4,654.6,486.777815
1772694000000,654.6,655.1,648.3,650.3,724.016898
1772697600000,650.4,652.9,649.7,652.6,271.139037
1772701200000,652.7,657.1,652.6,656.0,570.025761
1772704800000,656.0,665.4,655.5,664.0,787.72888
1772708400000,664.0,664.4,658.7,659.2,556.768828
1772712000000,659.2,660.9,655.0,660.1,1691.209743
1772715600000,660.1,660.3,653.6,657.3,1088.246275
1772719200000,657.3,658.6,652.8,656.8,1451.330695
1772722800000,656.9,657.5,648.4,653.0,1234.635522
1772726400000,653.1,653.7,646.3,652.7,909.827501
1772730000000,652.8,654.8,646.8,647.6,510.977898
1772733600000,647.5,650.7,646.5,650.2,294.559687
1772737200000,650.4,653.5,648.0,648.6,586.693053
1772740800000,648.6,651.6,648.0,650.9,218.346276
1772744400000,650.9,652.4,646.5,647.4,507.346219
1772748000000,647.6,649.8,646.5,648.6,323.088967
1772751600000,648.7,650.0,647.1,647.8,125.385308
1772755200000,648.0,649.7,646.6,647.7,183.053258
1772758800000,647.8,651.6,645.5,651.0,367.907482
1772762400000,651.0,651.6,649.3,649.8,678.1604
1772766000000,650.0,650.5,648.1,649.8,631.275095
1772769600000,649.8,649.9,641.4,644.2,593.633567
1772773200000,644.2,646.4,642.7,645.1,584.835553
1772776800000,645.0,646.5,643.9,645.4,236.749754
1772780400000,645.3,648.1,643.9,647.1,364.116978
1772784000000,647.1,647.1,644.2,644.6,177.625818
1772787600000,644.7,645.2,639.3,641.0,896.581296
1772791200000,640.9,641.7,639.6,639.9,492.552722
1772794800000,639.8,640.3,637.3,637.7,439.276186
1772798400000,637.6,638.4,635.0,637.8,537.393525
1772802000000,637.8,641.0,633.4,633.6,1316.982207
1772805600000,633.5,634.1,624.8,626.7,1172.711242
1772809200000,626.5,632.4,625.1,627.9,924.788819
1772812800000,627.9,631.3,626.6,629.1,559.85899
1772816400000,629.2,630.5,626.0,628.4,406.72617
1772820000000,628.3,631.9,628.2,630.9,173.6067
1772823600000,630.8,632.9,630.3,630.9,182.393646
1772827200000,630.8,631.5,627.6,629.2,652.804798
1772830800000,629.2,629.9,627.8,629.8,114.151567
1772834400000,629.8,630.9,629.1,630.1,301.68302
1772838000000,630.2,630.2,627.0,627.2,231.148073
1772841600000,627.3,629.9,626.5,629.0,163.899505
1772845200000,629.1,629.6,628.1,628.6,98.228487
1772848800000,628.5,628.9,626.4,627.7,135.877651
1772852400000,627.7,629.7,626.9,627.2,190.960814
1772856000000,627.1,627.7,624.7,627.2,342.240959
1772859600000,627.3,628.6,626.9,627.6,101.405517
1772863200000,627.6,627.8,626.2,626.5,156.84712
1772866800000,626.5,628.0,625.4,627.8,257.433702
1772870400000,627.9,629.4,627.5,628.3,214.932519
1772874000000,628.3,630.2,627.6,629.9,158.674948
1772877600000,629.9,630.1,626.7,626.7,103.098928
1772881200000,626.7,628.9,626.3,627.8,226.161659
1772884800000,627.9,628.3,626.3,626.8,212.093662
1772888400000,626.9,627.7,626.4,626.8,316.423449
1772892000000,626.8,627.7,623.7,627.6,553.510487
1772895600000,627.6,627.8,624.1,625.4,504.132116
1772899200000,625.4,625.4,622.7,624.3,555.637462
1772902800000,624.3,625.2,623.5,623.7,191.405873
1772906400000,623.7,624.0,620.6,622.5,284.104586
1772910000000,622.6,622.6,618.4,619.8,520.318829
1772913600000,619.8,622.0,619.8,621.1,106.229556
1772917200000,621.1,622.4,620.4,621.1,170.223163
1772920800000,621.2,621.5,617.7,619.9,264.820486
1772924400000,619.9,620.9,619.7,620.2,134.246892
1772928000000,620.4,622.0,618.9,619.3,122.060659
1772931600000,619.4,620.4,618.0,619.9,141.1639
1772935200000,620.0,620.0,615.4,616.0,391.826443
1772938800000,616.0,617.8,616.0,617.1,313.22542
1772942400000,617.1,617.8,614.5,615.3,209.703698
1772946000000,615.3,619.0,615.1,618.2,130.498107
1772949600000,618.2,619.7,617.6,619.2,204.817164
1772953200000,619.2,622.3,619.0,620.0,274.697588
1772956800000,620.0,620.4,618.1,619.7,247.359282
1772960400000,619.7,621.8,619.1,620.4,440.601727
1772964000000,620.4,624.3,620.4,623.2,308.680313
1772967600000,623.2,623.2,619.0,620.4,257.967907
1772971200000,620.4,621.3,616.1,619.4,576.31783
1772974800000,619.4,619.9,613.1,616.6,723.837311
1772978400000,616.6,618.1,615.5,617.8,423.951079
1772982000000,617.8,618.0,615.4,615.9,286.370455
1772985600000,616.2,616.4,611.9,613.0,462.851334
1772989200000,613.0,615.0,612.6,613.2,286.682595
1772992800000,613.3,614.2,612.1,613.8,92.973841
1772996400000,613.7,619.7,613.4,618.8,266.406929
1773000000000,618.9,620.2,617.1,617.6,184.165937
1773003600000,617.7,618.0,615.3,617.3,143.224076
1773007200000,617.3,617.3,607.8,614.5,1076.295419
1773010800000,614.7,616.0,611.4,611.9,363.117486
1773014400000,612.0,618.6,611.0,615.6,433.867177
1773018000000,615.5,618.5,614.0,614.6,360.380729
1773021600000,614.6,619.6,613.6,618.1,405.365515
1773025200000,618.0,628.2,617.8,623.4,1436.357754
1773028800000,623.5,626.2,622.6,622.8,206.768635
1773032400000,622.8,630.0,622.6,629.4,1339.592489
1773036000000,629.4,629.8,622.9,623.7,929.703803
1773039600000,623.7,623.9,618.4,621.9,886.886494
1773043200000,622.1,626.6,621.8,625.8,797.71776
1773046800000,625.8,630.4,623.9,627.3,659.623213
1773050400000,627.3,628.8,626.4,627.2,458.700874
1773054000000,627.1,628.1,624.6,627.4,466.689741
1773057600000,627.6,633.0,627.5,631.0,960.869895
1773061200000,631.1,638.6,631.1,636.5,920.851136
1773064800000,636.3,639.0,633.3,635.9,898.816775
1773068400000,635.9,640.4,635.1,639.3,1150.33123
1773072000000,639.4,641.8,638.1,639.3,585.080768
1773075600000,639.5,640.6,635.1,636.9,653.4309
1773079200000,636.9,637.5,634.2,634.7,469.714496
1773082800000,634.9,643.1,634.0,638.2,682.802201
1773086400000,638.3,638.9,636.8,638.5,174.566026
1773090000000,638.5,640.6,638.3,640.3,126.07658
1773093600000,640.3,640.7,636.1,636.7,357.584068
1773097200000,636.9,637.8,633.8,634.6,211.851793
1773100800000,634.7,640.5,634.5,639.0,365.71052
1773104400000,639.0,640.0,636.1,638.8,346.682749
1773108000000,638.8,646.0,637.9,643.9,1132.367607
1773111600000,644.0,645.2,639.1,639.6,583.91488
1773115200000,639.7,644.6,639.3,644.0,800.202502
1773118800000,644.1,646.1,643.6,644.1,475.12191
1773122400000,644.2,645.4,642.6,644.2,418.82533
1773126000000,644.1,647.0,643.4,644.6,543.894537
1773129600000,644.7,649.1,644.2,646.0,475.806208
1773133200000,646.0,648.4,644.8,647.8,934.049938
1773136800000,647.8,648.3,645.4,647.7,452.532848
1773140400000,647.8,648.1,645.0,645.6,515.118897
1773144000000,645.7,646.7,644.7,646.5,1092.987671
1773147600000,646.6,647.9,641.1,642.3,529.600927
1773151200000,642.3,651.8,638.1,650.8,1492.069772
1773154800000,650.9,652.0,646.0,649.0,751.974938
1773158400000,649.1,652.3,647.4,649.7,869.680289
1773162000000,649.7,650.2,644.6,646.6,634.997854
1773165600000,646.6,646.6,640.6,641.4,407.69276
1773169200000,641.5,642.6,640.1,641.7,178.056611
1773172800000,641.8,644.3,641.7,644.1,189.34122
1773176400000,644.1,645.2,639.8,641.5,395.45453
1773180000000,641.5,642.6,639.7,642.0,254.864069
1773183600000,642.1,643.0,641.2,642.0,181.139298
1773187200000,642.1,643.8,641.3,643.4,224.497715
1773190800000,643.4,644.4,642.6,644.3,315.550698
1773194400000,644.4,644.4,638.8,640.9,419.751832
1773198000000,641.0,642.5,639.6,639.8,241.90175
1773201600000,639.9,644.9,639.2,644.7,499.581788
1773205200000,644.8,644.9,637.8,638.0,771.510513
1773208800000,638.0,643.6,638.0,643.0,425.055259
1773212400000,643.0,643.3,639.8,640.5,308.07563
1773216000000,640.5,642.7,639.6,642.5,516.515068
1773219600000,642.4,642.4,639.4,639.8,335.34178
1773223200000,639.9,644.3,639.7,643.8,839.541136
1773226800000,643.8,643.8,634.9,638.4,3421.351183
1773230400000,638.4,642.7,636.9,641.8,1246.08715
1773234000000,641.7,652.2,641.6,646.6,1262.963712
1773237600000,646.7,651.2,644.7,648.4,1082.778142
1773241200000,648.8,649.4,642.1,645.9,457.234993
1773244800000,645.9,649.6,645.3,648.1,527.780689
1773248400000,648.2,655.6,648.2,651.6,1090.922777
1773252000000,651.8,654.1,650.8,652.7,428.3426
1773255600000,652.8,653.6,651.1,653.1,205.802979
1773259200000,653.1,653.1,651.6,652.6,435.339035
1773262800000,652.7,654.2,651.6,654.0,173.710881
1773266400000,654.1,656.2,651.6,652.3,240.181469
1773270000000,652.4,653.2,650.4,651.5,347.168789
1773273600000,651.6,652.3,650.7,652.1,131.472801
1773277200000,652.2,652.2,646.7,646.8,314.867151
1773280800000,646.8,647.8,642.5,643.0,549.33336
1773284400000,643.0,645.2,642.2,643.3,519.835228
1773288000000,643.4,644.4,641.8,643.2,381.740769
1773291600000,643.2,645.0,643.0,644.4,223.604471
1773295200000,644.4,645.4,643.6,644.5,523.582022
1773298800000,644.5,647.1,644.0,645.8,433.875086
1773302400000,645.8,648.8,645.6,647.4,353.730774
1773306000000,647.5,651.1,646.0,650.1,376.475367
1773309600000,650.1,652.8,649.4,652.2,305.746511
1773313200000,652.1,654.1,651.0,652.5,310.176183
1773316800000,652.5,657.7,651.3,655.5,562.384806
1773320400000,655.6,656.2,650.7,652.6,480.37745
1773324000000,652.7,656.0,645.7,647.0,561.626299
1773327600000,646.9,653.7,646.1,650.2,708.465404
1773331200000,650.2,652.6,648.2,651.6,223.688872
1773334800000,651.5,652.6,649.5,650.5,324.727491
1773338400000,650.6,651.6,647.9,647.9,86.912498
1773342000000,647.9,651.5,646.4,651.0,324.027785
1773345600000,651.0,651.5,649.1,649.6,97.515533
1773349200000,649.6,652.3,649.6,651.8,107.978699
1773352800000,651.8,652.1,649.9,651.2,139.907185
1773356400000,651.3,654.9,651.3,651.6,288.999773
1773360000000,651.7,663.7,650.5,658.6,1359.855333
1773363600000,658.8,662.1,658.1,661.9,462.942095
1773367200000,661.9,662.4,659.1,659.3,771.364648
1773370800000,659.4,661.9,657.4,661.4,558.997657
1773374400000,661.5,661.8,659.2,660.5,360.833457
1773378000000,660.6,661.8,659.0,660.4,472.489007
1773381600000,660.5,661.6,658.7,660.8,464.962445
1773385200000,660.7,664.3,659.9,661.3,712.429397
1773388800000,661.4,668.3,660.7,666.2,1187.678754
1773392400000,666.1,667.9,664.3,667.0,519.001506
1773396000000,667.1,668.7,666.1,667.0,997.667695
1773399600000,667.1,668.5,665.8,666.8,1194.915234
1773403200000,666.8,673.9,666.8,671.2,1562.046783
1773406800000,671.3,679.2,670.7,674.2,2236.719116
1773410400000,674.3,678.5,667.6,667.9,2431.465532
1773414000000,668.0,671.2,660.9,662.0,1699.231171
1773417600000,662.1,663.5,658.1,661.8,1570.650564
1773421200000,661.8,664.5,653.5,655.8,1464.335407
1773424800000,655.9,658.4,654.2,656.8,651.290448
1773428400000,656.8,658.0,656.1,657.1,186.549497
1773432000000,657.3,658.7,656.4,657.2,294.420064
1773435600000,657.3,658.7,656.2,657.0,317.720407
1773439200000,657.0,657.5,653.6,655.6,234.76148
1773442800000,655.5,656.2,654.5,655.8,209.432533
1773446400000,655.9,656.1,652.5,653.1,215.740294
1773450000000,653.0,656.8,652.9,656.5,356.795015
1773453600000,656.5,657.0,655.1,655.6,352.627599
1773457200000,655.6,657.4,655.2,657.1,215.042619
1773460800000,657.1,658.3,655.3,655.4,253.972503
1773464400000,655.5,656.8,654.7,655.5,324.113544
1773468000000,655.5,655.5,650.8,653.3,354.161062
1773471600000,653.2,654.4,652.0,652.1,267.238326
1773475200000,652.2,653.8,651.8,652.0,279.048462
1773478800000,652.0,653.4,650.3,651.2,275.201944
1773482400000,651.1,651.5,650.2,651.0,167.964927
1773486000000,651.1,654.1,651.0,653.6,112.81082
1773489600000,653.6,654.7,652.6,653.5,187.797934
1773493200000,653.5,654.6,652.9,654.1,165.626719
1773496800000,654.2,655.0,651.8,652.3,253.670779
1773500400000,652.4,653.7,651.9,653.5,116.804326
1773504000000,653.4,654.4,652.4,654.2,81.514425
1773507600000,654.1,654.1,652.7,653.0,99.836313
1773511200000,653.1,653.8,652.3,653.5,147.869398
1773514800000,653.5,654.1,652.8,653.7,45.702652
1773518400000,653.8,654.6,653.4,654.2,54.261671
1773522000000,654.1,655.0,653.2,654.9,50.171762
1773525600000,654.9,655.4,654.4,655.0,76.094153
1773529200000,655.1,658.1,655.1,657.9,200.289268
1773532800000,657.9,658.0,655.7,655.9,106.245231
1773536400000,656.0,656.2,654.4,655.4,111.768143
1773540000000,655.4,660.6,655.4,659.5,203.712417
1773543600000,659.5,661.0,658.0,658.9,151.796761
1773547200000,659.0,660.7,658.3,659.3,179.070867
1773550800000,659.4,660.9,658.6,659.6,186.489533
1773554400000,659.6,660.3,657.7,658.7,144.990927
1773558000000,658.7,660.7,658.4,660.1,379.547764
1773561600000,660.1,664.4,659.9,664.3,394.89844
1773565200000,664.4,666.6,663.0,663.7,284.077189
1773568800000,663.8,664.0,661.7,663.0,261.925622
1773572400000,662.9,663.1,660.0,661.5,165.936051
1773576000000,661.6,661.9,659.8,661.9,173.60952
1773579600000,662.0,662.5,656.8,659.9,242.288003
1773583200000,660.0,660.6,658.4,660.5,289.260943
1773586800000,660.5,661.4,659.5,659.6,432.058207
1773590400000,659.7,660.8,658.6,658.8,211.371273
1773594000000,658.8,663.0,658.8,661.8,358.12034
1773597600000,661.9,662.4,658.1,658.4,115.425909
1773601200000,658.4,660.6,658.1,660.6,99.821736
1773604800000,660.5,665.2,659.7,663.8,347.840631
1773608400000,664.0,668.9,662.3,667.5,334.823759
1773612000000,667.5,679.1,665.5,676.4,1031.641459
1773615600000,676.5,678.9,671.8,673.9,633.649119
1773619200000,673.9,676.6,670.9,672.1,354.375433
1773622800000,672.1,676.8,670.3,676.0,472.682323
1773626400000,676.0,676.8,670.8,673.1,156.971327
1773630000000,673.0,686.0,672.3,680.6,1634.485067
1773633600000,680.6,687.7,680.6,683.4,1345.89043
1773637200000,683.5,686.3,682.2,685.4,901.096061
1773640800000,685.4,685.5,679.6,679.6,828.563971
1773644400000,679.5,681.0,677.5,678.3,498.360496
1773648000000,678.3,681.0,674.1,675.2,358.173937
1773651600000,675.4,677.8,674.9,676.5,404.529868
1773655200000,676.6,679.3,675.2,679.2,621.283511
1773658800000,679.2,679.6,676.2,677.2,379.968179
1773662400000,677.2,681.0,677.2,678.4,828.930373
1773666000000,678.5,683.6,677.6,680.9,1048.338683
1773669600000,681.0,682.4,670.1,674.5,1118.315819
1773673200000,674.6,677.1,671.1,671.7,486.636782
1773676800000,671.6,676.2,671.3,675.2,1243.397557
1773680400000,675.3,678.6,674.5,678.1,597.039391
1773684000000,678.1,680.5,676.8,676.8,719.971661
1773687600000,677.0,681.3,676.1,678.6,325.079224
1773691200000,678.6,678.6,674.0,677.1,341.730555
1773694800000,677.0,682.8,676.4,679.8,555.639755
1773698400000,679.7,684.7,679.7,681.4,561.484619
1773702000000,681.5,681.5,676.1,679.6,503.156289
1773705600000,679.8,684.1,677.7,682.4,1069.032495
1773709200000,682.5,686.6,680.8,684.1,1935.740024
1773712800000,684.1,684.6,680.5,682.8,410.834282
1773716400000,682.8,683.2,675.1,676.1,762.599135
1773720000000,676.1,677.4,671.9,674.7,773.610071
1773723600000,674.8,677.2,673.6,675.1,382.398046
1773727200000,675.2,676.8,672.9,673.3,452.493637
1773730800000,673.4,675.5,673.4,674.2,234.145254
1773734400000,674.3,676.8,673.2,673.7,589.989851
1773738000000,673.7,675.6,672.0,672.8,818.182692
1773741600000,672.8,673.8,668.1,669.2,1435.611461
1773745200000,669.4,670.5,667.4,667.7,698.216925
1773748800000,667.7,669.7,665.0,665.5,654.446693
1773752400000,665.5,668.6,663.6,665.3,1498.812098
1773756000000,665.3,670.2,663.3,670.1,596.11725
1773759600000,670.2,673.1,665.1,668.2,1041.506799
1773763200000,668.3,671.4,667.6,670.6,560.356855
1773766800000,670.8,672.7,669.8,672.7,226.849759
1773770400000,672.7,674.6,672.1,673.5,389.833726
1773774000000,673.6,674.3,671.4,671.7,253.393419
1773777600000,671.8,672.6,670.4,671.8,249.736985
1773781200000,671.9,674.2,671.8,673.5,243.576682
1773784800000,673.5,674.3,669.1,671.3,169.465731
1773788400000,671.3,671.7,667.9,668.5,440.081057
1773792000000,668.5,669.1,665.5,668.1,973.777742
1773795600000,668.2,670.6,668.1,669.6,757.178831
1773799200000,669.6,672.5,669.5,671.5,338.22626
1773802800000,671.5,674.9,671.2,673.3,386.352711
1773806400000,673.4,673.6,670.6,671.7,860.188822
1773810000000,671.9,673.3,670.1,671.2,726.813159
1773813600000,671.2,674.8,671.2,672.8,747.471037
1773817200000,672.8,674.0,671.5,674.0,592.926837
1773820800000,674.0,675.9,673.9,674.4,349.541767
1773824400000,674.4,675.8,674.0,675.8,277.527586
1773828000000,675.9,676.4,671.1,672.5,968.516893
1773831600000,672.3,673.1,661.4,662.8,1952.076336
1773835200000,662.8,662.8,655.9,657.6,1611.459043
1773838800000,657.6,658.9,654.6,657.3,1087.38875
1773842400000,657.4,657.5,647.5,647.8,1198.681777
1773846000000,647.8,650.5,645.1,648.5,1392.945846
1773849600000,648.5,649.7,645.2,648.3,1253.25281
1773853200000,648.3,651.5,646.5,650.1,1235.674068
1773856800000,650.1,652.8,646.7,647.6,875.76418
1773860400000,647.7,650.1,646.7,647.9,316.915846
1773864000000,647.9,650.8,644.1,650.0,1045.047266
1773867600000,650.0,652.7,649.7,652.4,228.954065
1773871200000,652.3,652.5,650.3,651.4,214.792932
1773874800000,651.4,652.8,650.7,652.2,207.127207
1773878400000,652.2,652.6,650.4,651.3,424.618723
1773882000000,651.3,652.3,650.3,651.2,581.486479
1773885600000,651.2,652.2,648.9,650.5,550.332494
1773889200000,650.5,656.1,649.9,652.3,731.384028
1773892800000,652.4,652.6,648.0,649.4,322.075586
1773896400000,649.4,650.3,648.1,649.2,275.526349
1773900000000,649.3,650.5,647.8,648.5,464.643073
1773903600000,648.5,648.6,640.9,645.3,1818.039232
1773907200000,645.4,646.1,643.8,644.4,535.336296
1773910800000,644.6,648.8,643.9,648.2,650.326497
1773914400000,648.3,648.7,645.8,645.8,169.63199
1773918000000,645.8,646.4,643.7,644.1,168.584363
1773921600000,644.2,644.2,638.1,638.5,708.576847
1773925200000,638.5,641.9,636.4,641.1,618.285264
1773928800000,641.1,642.6,635.8,638.3,362.654281
1773932400000,638.1,640.4,634.4,637.8,872.145747
1773936000000,637.9,637.9,634.3,635.9,2192.944878
1773939600000,635.9,638.9,633.3,638.2,1407.706414
1773943200000,638.1,638.2,636.4,637.9,1422.044192
1773946800000,637.9,642.4,637.9,640.2,926.961072
1773950400000,640.1,642.9,639.7,642.1,344.278454
1773954000000,641.9,643.9,641.7,642.3,507.491098
1773957600000,642.3,642.6,639.0,640.4,209.142593
1773961200000,640.4,641.6,638.2,639.1,207.687545
1773964800000,639.1,642.0,638.6,641.0,230.730522
1773968400000,641.1,644.0,640.8,642.2,244.281144
1773972000000,642.2,643.3,639.5,642.8,300.415733
1773975600000,642.9,644.9,642.6,644.3,562.633052
1773979200000,644.3,645.8,641.6,644.2,434.538636
1773982800000,644.2,644.7,642.1,643.4,159.835783
1773986400000,643.3,643.4,641.4,642.6,132.269015
1773990000000,642.5,644.8,639.9,644.2,396.66799
1773993600000,644.3,647.6,643.9,646.7,333.287504
1773997200000,646.6,646.6,641.2,641.9,215.201213
1774000800000,642.0,643.9,640.4,643.1,338.279916
1774004400000,643.1,644.5,640.6,641.7,358.317172
1774008000000,641.7,643.5,640.7,641.5,464.29085
1774011600000,641.6,642.9,637.7,638.0,510.555823
1774015200000,637.8,642.3,636.6,639.0,888.880431
1774018800000,639.1,641.6,638.0,640.5,702.360433
1774022400000,640.6,641.9,639.1,640.5,122.795595
1774026000000,640.6,641.2,637.0,640.4,168.307063
1774029600000,640.4,640.7,636.5,638.1,184.573168
1774033200000,638.2,640.7,636.5,640.3,79.005544
1774036800000,640.4,640.8,637.6,639.8,78.436249
1774040400000,639.9,643.3,639.2,641.9,289.402283
1774044000000,641.9,644.5,641.9,643.8,132.383383
1774047600000,643.9,644.0,641.7,642.3,151.001868
1774051200000,642.3,643.2,641.4,642.2,93.99834
1774054800000,642.2,643.0,640.3,640.6,95.256109
1774058400000,640.7,642.5,640.1,642.4,155.387265
1774062000000,642.6,642.6,641.7,642.5,72.35982
1774065600000,642.5,643.6,641.9,642.0,135.781326
1774069200000,642.0,643.4,642.0,642.5,146.449897
1774072800000,642.3,643.7,642.2,643.4,131.554564
1774076400000,643.4,644.6,643.2,643.2,133.591734
1774080000000,643.3,643.6,642.2,643.1,824.166974
1774083600000,643.1,644.5,643.1,643.3,174.356883
1774087200000,643.3,643.3,642.1,642.8,131.147538
1774090800000,642.9,644.3,642.8,644.1,418.634121
1774094400000,644.1,644.6,643.8,644.0,148.308242
1774098000000,644.1,644.4,643.3,644.3,378.123638
1774101600000,644.2,646.4,642.3,642.5,332.786823
1774105200000,642.5,643.3,641.5,643.0,188.960568
1774108800000,643.0,643.3,640.9,641.4,172.668971
1774112400000,641.5,642.0,640.7,641.6,132.657347
1774116000000,641.5,642.4,640.9,641.5,183.134807
1774119600000,641.5,642.0,641.2,641.7,32.859673
1774123200000,641.7,642.5,641.5,642.4,81.084671
1774126800000,642.4,642.7,641.6,641.8,105.302708
1774130400000,641.8,642.5,641.2,642.3,45.295502
1774134000000,642.4,642.4,627.8,630.3,1034.61214
1774137600000,630.7,632.7,622.6,630.5,1018.306615
1774141200000,630.5,632.2,629.2,631.3,265.72415
1774144800000,631.3,635.2,631.3,634.3,307.557555
1774148400000,634.4,637.7,632.9,634.8,633.420811
1774152000000,634.9,636.6,632.5,635.3,742.626215
1774155600000,635.3,635.3,633.1,633.6,625.48674
1774159200000,633.6,634.2,632.4,633.7,249.383684
1774162800000,633.6,634.6,631.9,631.9,161.57632
1774166400000,632.0,632.1,628.9,631.0,259.42115
1774170000000,630.7,631.8,629.8,631.1,235.991823
1774173600000,631.2,631.4,629.1,629.6,383.433141
1774177200000,629.6,630.0,627.5,627.7,337.288245
1774180800000,627.8,630.9,627.7,629.4,188.577061
1774184400000,629.6,631.5,629.0,630.2,235.032238
1774188000000,630.3,631.7,628.9,630.1,165.264818
1774191600000,630.1,631.7,629.3,629.9,228.282897
1774195200000,629.9,630.9,629.4,630.2,315.757851
1774198800000,630.5,632.1,629.8,630.7,299.019892
1774202400000,630.7,631.4,627.6,629.5,116.517551
1774206000000,629.6,629.6,626.6,627.3,205.567956
1774209600000,627.7,629.8,627.6,628.1,164.684915
1774213200000,628.1,628.5,621.8,625.8,530.730575
1774216800000,625.9,630.0,623.1,629.9,218.616025
1774220400000,630.0,631.4,626.3,626.5,277.772284
1774224000000,626.6,628.1,622.3,624.8,527.149262
1774227600000,624.8,628.2,623.8,626.4,540.055309
1774231200000,626.6,630.2,625.5,628.9,289.585934
1774234800000,628.9,630.8,626.3,626.5,195.173083
1774238400000,626.5,629.7,626.5,629.6,318.351524
1774242000000,629.6,632.0,629.6,631.8,295.998501
1774245600000,631.8,631.8,621.2,622.8,480.153728
1774249200000,622.9,625.6,620.3,624.0,906.52148
1774252800000,624.2,626.1,623.4,624.3,829.000232
1774256400000,624.5,626.0,621.5,625.7,353.822764
1774260000000,625.8,628.1,625.0,626.6,255.981465
1774263600000,626.7,651.4,626.6,638.4,7600.978683
1774267200000,638.5,645.8,635.8,645.2,754.679764
1774270800000,645.3,649.6,643.0,647.8,783.211772
1774274400000,648.0,649.3,644.6,646.3,861.14603
1774278000000,646.4,647.7,637.0,637.5,1260.331807
1774281600000,637.5,639.1,634.0,635.8,1143.689316
1774285200000,636.0,638.5,632.9,638.4,1173.846646
1774288800000,638.4,639.9,636.3,639.8,240.694208
1774292400000,639.8,640.9,637.3,637.9,226.269111
1774296000000,637.8,639.9,636.7,639.6,118.039462
1774299600000,639.7,641.3,639.6,639.8,482.703377
1774303200000,640.0,640.3,637.5,638.9,218.996695
1774306800000,638.8,639.6,636.4,639.3,105.04424
1774310400000,639.3,640.6,635.0,637.0,439.613971
1774314000000,636.9,637.0,632.6,633.8,271.039619
1774317600000,633.9,635.4,632.3,632.9,252.508879
1774321200000,632.9,633.7,632.4,632.9,250.311647
1774324800000,632.9,634.1,629.0,629.6,343.937621
1774328400000,629.5,629.8,627.4,629.4,507.374615
1774332000000,629.5,631.2,629.1,631.0,537.06164
1774335600000,631.0,638.5,630.9,637.9,488.496126
1774339200000,638.0,638.5,634.4,635.0,578.588654
1774342800000,634.9,639.0,633.9,638.8,455.76448
1774346400000,638.7,638.8,636.6,638.2,384.367898
1774350000000,638.2,639.9,636.1,639.1,222.582086
1774353600000,639.0,639.5,636.9,637.7,198.551097
1774357200000,637.6,638.3,631.5,632.2,580.860859
1774360800000,632.3,634.3,627.3,629.9,593.845441
1774364400000,630.4,633.5,629.9,631.3,277.538146
1774368000000,631.2,632.2,628.1,629.4,339.463305
1774371600000,629.4,629.8,627.1,628.9,260.911069
1774375200000,629.0,632.5,628.7,630.6,114.05996
1774378800000,630.9,632.2,629.8,630.3,72.076199
1774382400000,630.3,637.6,630.2,636.8,281.02254
1774386000000,636.9,638.0,635.3,637.8,241.534123
1774389600000,637.9,638.8,635.9,637.1,169.473836
1774393200000,637.0,640.0,636.6,638.4,383.127562
1774396800000,638.5,642.0,637.7,640.3,282.157835
1774400400000,640.3,641.5,638.8,639.0,382.059643
1774404000000,639.2,640.5,638.6,639.4,535.337298
1774407600000,639.7,643.3,638.9,642.5,272.656201
1774411200000,642.5,643.4,641.9,643.1,186.421946
1774414800000,643.1,646.1,642.6,644.0,427.342465
1774418400000,644.0,647.5,643.9,645.1,347.190709
1774422000000,645.2,646.6,643.1,643.7,358.290809
1774425600000,643.8,648.9,643.8,647.5,408.366081
1774429200000,647.5,650.2,647.1,649.6,620.112845
1774432800000,649.6,649.9,646.3,647.0,921.827196
1774436400000,647.2,651.1,647.0,648.6,562.418961
1774440000000,648.7,651.0,646.0,649.4,652.959891
1774443600000,649.4,653.1,648.5,649.8,681.725045
1774447200000,649.9,650.4,647.3,647.3,371.534377
1774450800000,647.3,647.8,642.1,645.9,368.874727
1774454400000,645.9,651.2,645.3,647.8,637.22775
1774458000000,647.8,648.4,645.4,645.7,269.120753
1774461600000,645.8,646.9,644.4,645.6,179.687499
1774465200000,645.7,647.5,645.4,646.2,192.619804
1774468800000,646.2,647.0,644.4,647.0,65.633001
1774472400000,647.0,649.2,646.7,647.5,211.738662
1774476000000,647.5,650.3,646.2,649.4,386.259707
1774479600000,649.4,649.4,646.9,648.1,226.544949
1774483200000,648.0,649.0,646.6,647.5,183.665063
1774486800000,647.5,648.0,646.2,646.8,128.850677
1774490400000,646.9,647.0,642.6,643.7,255.487951
1774494000000,643.8,643.8,641.3,643.0,833.074934
1774497600000,643.2,643.5,641.3,642.5,302.795446
1774501200000,642.5,642.5,634.8,635.4,586.617461
1774504800000,635.3,636.0,633.6,635.3,269.504824
1774508400000,635.3,635.9,633.9,635.5,274.426591
1774512000000,635.6,635.6,632.5,633.5,484.842374
1774515600000,633.6,634.0,628.1,630.1,655.58524
1774519200000,630.1,631.7,628.7,630.8,365.654444
1774522800000,630.8,631.1,628.3,629.3,368.185679
1774526400000,629.3,630.1,628.5,629.9,227.095889
1774530000000,629.8,632.8,628.9,631.5,357.52692
1774533600000,631.7,632.6,628.3,629.6,398.618621
1774537200000,629.8,629.9,625.1,626.9,387.708332
1774540800000,627.0,627.7,626.1,627.3,196.036173
1774544400000,627.3,629.1,625.0,625.8,579.516095
1774548000000,625.8,626.5,623.1,625.8,518.032319
1774551600000,625.8,626.7,625.1,625.6,220.487113
1774555200000,625.7,631.6,625.3,629.9,1060.328963
1774558800000,629.9,631.5,628.6,630.9,244.120599
1774562400000,631.0,631.4,628.0,629.7,96.459944
1774566000000,629.7,630.5,627.8,629.0,127.461554
1774569600000,629.1,629.6,627.5,629.1,163.484182
1774573200000,629.2,631.6,628.7,631.5,207.412157
1774576800000,631.7,632.0,630.0,630.3,370.320743
1774580400000,630.5,630.5,628.2,628.3,159.905727
1774584000000,628.4,628.4,625.0,627.4,369.73563
1774587600000,627.3,630.0,626.6,627.9,254.067031
1774591200000,627.9,628.8,627.4,628.3,226.657191
1774594800000,628.3,630.0,627.4,628.6,159.08598
1774598400000,628.7,629.2,617.8,620.6,1412.544372
1774602000000,620.4,621.5,617.8,620.0,667.515969
1774605600000,620.1,620.3,607.8,609.1,1860.316524
1774609200000,609.2,612.4,607.2,611.2,1188.582479
1774612800000,611.2,612.0,610.1,611.5,598.627913
1774616400000,611.4,612.5,607.5,608.2,641.70197
1774620000000,608.2,610.4,606.0,609.7,345.851772
1774623600000,609.8,614.3,609.4,610.7,407.797198
1774627200000,610.8,610.8,608.1,609.4,234.917021
1774630800000,609.4,611.9,607.1,607.6,172.989845
1774634400000,607.6,609.7,606.7,609.7,117.406223
1774638000000,609.6,610.8,608.5,610.4,158.597335
1774641600000,610.3,611.5,608.8,611.2,159.01835
1774645200000,611.4,612.3,610.8,610.9,146.292223
1774648800000,611.1,611.2,610.0,610.8,136.285062
1774652400000,610.8,614.3,610.0,614.0,116.411441
1774656000000,614.1,614.2,612.1,612.6,383.464148
1774659600000,612.6,612.6,609.9,611.4,133.742779
1774663200000,611.4,612.8,610.6,610.8,315.405646
1774666800000,610.9,611.9,610.9,611.3,200.248725
1774670400000,611.3,612.0,610.7,611.1,124.836403
1774674000000,611.2,612.5,610.6,612.4,148.423531
1774677600000,612.5,614.5,612.1,614.1,427.482525
1774681200000,614.1,614.6,613.2,614.0,144.250188
1774684800000,614.2,614.5,612.7,612.8,237.142151
1774688400000,612.7,612.7,611.6,612.4,174.12643
1774692000000,612.4,613.5,610.7,611.7,114.527001
1774695600000,611.7,613.2,611.5,613.2,167.207072
1774699200000,613.2,614.0,611.8,612.7,162.048502
1774702800000,612.7,618.6,612.4,616.0,1184.156521
1774706400000,616.2,617.5,614.7,615.2,719.824028
1774710000000,615.3,619.1,614.6,617.3,388.013794
1774713600000,617.4,617.5,616.5,616.9,238.033187
1774717200000,616.9,617.8,615.6,616.3,87.979983
1774720800000,616.3,617.2,616.2,616.9,41.635333
1774724400000,616.8,617.0,615.7,616.8,67.123471
1774728000000,616.8,618.3,616.8,618.0,122.190245
1774731600000,618.0,618.0,614.8,615.6,89.398798
1774735200000,615.6,616.5,615.0,615.7,96.590884
1774738800000,615.7,615.7,610.6,611.0,298.391337
1774742400000,610.9,611.9,609.9,611.8,197.263939
1774746000000,611.9,613.6,611.2,612.7,125.961305
1774749600000,612.7,614.0,612.5,613.5,127.43298
1774753200000,613.5,615.2,613.1,614.1,209.425022
1774756800000,614.1,614.3,612.9,613.0,80.112496
1774760400000,613.0,614.1,612.1,613.7,151.997795
1774764000000,613.7,614.9,613.5,614.0,161.732516
1774767600000,614.1,614.3,613.0,613.9,125.774747
1774771200000,613.9,614.6,613.6,614.1,156.458931
1774774800000,614.1,614.4,612.7,613.4,153.404647
1774778400000,613.5,613.5,611.3,612.4,220.369378
1774782000000,612.4,614.6,612.3,613.7,180.722848
1774785600000,613.8,613.8,612.0,612.9,130.135237
1774789200000,613.0,613.1,610.1,610.5,332.520453
1774792800000,610.5,612.5,608.9,609.4,601.786813
1774796400000,609.5,610.2,607.5,609.8,318.507585
1774800000000,609.8,611.1,609.2,609.6,263.404714
1774803600000,609.6,610.0,607.6,609.1,477.561436
1774807200000,609.1,610.1,608.5,609.6,119.234259
1774810800000,609.6,609.7,608.9,609.2,82.40662
1774814400000,609.3,612.2,609.0,609.5,170.012409
1774818000000,609.5,611.2,609.4,611.1,98.655248
1774821600000,610.9,610.9,596.5,604.3,1056.705715
1774825200000,604.3,608.1,604.1,606.0,421.562693
1774828800000,606.2,614.7,605.2,609.8,715.58488
1774832400000,609.8,614.9,609.8,614.2,201.399145
1774836000000,614.3,619.3,612.7,617.0,374.465691
1774839600000,616.9,617.0,614.9,615.8,170.784596
1774843200000,616.0,618.2,615.9,617.3,260.987858
1774846800000,617.4,618.9,616.4,617.1,356.804399
1774850400000,617.1,618.1,615.8,615.9,192.912223
1774854000000,615.8,619.3,615.6,618.5,319.582994
1774857600000,618.5,621.6,617.2,620.1,791.503122
1774861200000,620.2,620.2,617.6,618.0,281.421221
1774864800000,618.0,618.5,616.6,618.3,359.504183
1774868400000,618.4,621.7,617.7,618.0,1238.506687
1774872000000,618.2,620.3,618.0,619.8,1191.314343
1774875600000,619.8,621.1,616.5,616.9,430.551094
1774879200000,617.0,618.4,613.6,617.4,492.869351
1774882800000,617.3,619.5,615.8,618.6,361.54997
1774886400000,618.6,618.8,615.5,616.8,284.05576
1774890000000,616.9,617.7,612.0,613.5,149.431502
1774893600000,613.4,613.6,610.3,610.9,146.844238
1774897200000,611.0,611.1,608.4,611.0,124.715024
1774900800000,610.8,611.6,609.4,610.3,649.433884
1774904400000,610.3,613.5,609.7,612.5,507.60964
1774908000000,612.6,613.8,610.7,611.4,222.718135
1774911600000,611.3,611.3,607.4,609.4,210.64951
1774915200000,609.4,612.5,608.4,611.5,212.75028
1774918800000,611.6,619.9,610.8,616.8,457.203841
1774922400000,616.7,617.7,615.1,615.1,477.807366
1774926000000,615.0,615.3,612.8,613.7,239.620334
1774929600000,613.8,614.7,611.5,612.6,297.944205
1774933200000,612.6,614.0,611.3,613.5,226.051205
1774936800000,613.5,613.6,611.1,612.2,172.312488
1774940400000,612.3,612.6,609.4,611.0,231.886607
1774944000000,611.2,611.3,606.5,607.3,524.254605
1774947600000,607.2,608.3,599.1,600.6,675.438526
1774951200000,600.5,603.5,600.1,602.9,515.923745
1774954800000,602.9,606.4,602.4,605.2,463.245521
1774958400000,605.4,607.7,604.3,606.2,258.641161
1774962000000,606.4,613.8,606.3,612.2,528.927619
1774965600000,612.3,616.0,606.7,608.5,892.927732
1774969200000,608.5,611.7,607.7,607.9,451.490175
1774972800000,608.0,616.7,608.0,614.1,710.545397
1774976400000,614.4,619.9,613.8,614.0,749.399702
1774980000000,614.2,617.2,614.2,616.1,263.802944
1774983600000,616.1,617.0,615.2,615.8,95.041887
1774987200000,615.9,619.3,615.9,619.3,503.907228
1774990800000,619.2,619.4,616.9,617.9,277.733016
1774994400000,618.0,618.4,615.3,617.0,281.672082
1774998000000,617.0,617.9,616.2,617.6,195.91946
1775001600000,617.5,619.8,616.1,619.2,255.986438
1775005200000,619.3,619.7,615.5,615.5,545.460292
1775008800000,615.7,616.7,614.1,614.8,168.557259
1775012400000,614.9,617.3,614.9,616.8,172.026172
1775016000000,616.9,617.3,615.7,616.1,205.419376
1775019600000,616.1,619.9,615.1,617.7,776.945818
1775023200000,617.6,622.3,617.5,619.5,1073.3377
1775026800000,619.5,621.4,616.6,616.6,577.367072
1775030400000,616.6,617.6,615.1,615.7,516.200939
1775034000000,615.7,616.3,613.9,615.9,704.268688
1775037600000,615.9,616.8,614.1,615.0,682.497511
1775041200000,615.1,616.0,614.4,615.6,284.595261
1775044800000,615.7,618.1,613.6,614.9,496.143466
1775048400000,614.9,616.9,610.2,611.1,722.549808
1775052000000,611.1,614.9,611.0,614.1,332.218385
1775055600000,614.1,615.5,612.3,615.1,235.355832
1775059200000,615.2,617.6,612.0,616.5,670.277807
1775062800000,616.6,619.7,614.1,614.3,418.220541
1775066400000,614.4,615.2,612.6,613.3,446.945992
1775070000000,613.3,614.9,612.9,613.9,215.237144
1775073600000,614.1,614.2,611.1,613.7,252.73382
1775077200000,613.7,616.2,613.7,614.6,468.678684
1775080800000,614.6,614.6,609.9,611.1,462.455627
1775084400000,611.2,611.7,610.1,611.0,264.810231
1775088000000,611.1,613.8,610.3,613.7,162.268198
1775091600000,613.9,613.9,602.7,604.4,1347.007187
1775095200000,604.3,604.4,596.6,597.5,917.918848
1775098800000,597.4,598.3,592.1,592.3,730.668
1775102400000,592.4,592.8,587.6,588.3,1278.572979
1775106000000,588.3,591.7,588.3,591.3,482.904797
1775109600000,591.1,592.1,588.8,590.3,616.295494
1775113200000,590.4,592.7,589.5,592.2,536.169481
1775116800000,592.2,592.2,587.9,588.1,567.713585
1775120400000,588.1,588.5,585.1,586.0,979.210896
1775124000000,586.0,586.6,581.2,581.7,1210.841264
1775127600000,581.7,582.2,577.6,581.6,849.948265
1775131200000,581.6,581.6,575.5,575.8,960.896343
1775134800000,576.1,576.5,570.8,573.7,1381.490047
1775138400000,573.4,579.5,571.9,576.6,2291.808968
1775142000000,576.4,577.1,571.8,574.4,1409.258358
1775145600000,574.4,581.2,574.1,580.1,1192.021631
1775149200000,580.1,583.2,578.4,578.6,1028.843476
1775152800000,578.7,583.0,578.6,582.1,188.819927
1775156400000,582.2,584.0,580.5,583.7,224.752837
1775160000000,583.7,585.0,582.9,583.7,414.527811
1775163600000,583.8,584.6,582.2,584.3,278.348219
1775167200000,584.4,584.8,581.4,583.3,386.601921
1775170800000,583.4,584.2,582.5,583.5,236.622537
1775174400000,583.7,585.7,582.9,584.1,389.896574
1775178000000,584.1,587.2,583.8,584.6,381.971473
1775181600000,584.6,586.1,582.0,584.9,355.784213
1775185200000,585.0,586.4,584.5,585.9,313.668139
1775188800000,586.0,587.2,585.2,586.7,543.144827
1775192400000,586.8,588.3,585.1,586.9,348.828585
1775196000000,586.9,587.7,585.5,586.3,408.263427
1775199600000,586.4,589.0,586.0,586.5,302.92924
1775203200000,586.6,588.4,584.1,585.9,438.877749
1775206800000,585.8,586.2,583.3,585.4,633.022204
1775210400000,585.4,586.0,583.8,586.0,225.593272
1775214000000,585.9,587.5,585.7,587.3,743.727035
1775217600000,587.3,590.2,584.6,585.5,1396.014917
1775221200000,585.5,586.7,584.1,586.5,286.370157
1775224800000,586.5,588.4,585.7,587.9,191.12239
1775228400000,587.8,589.0,586.4,587.1,203.838496
1775232000000,587.1,589.1,587.0,588.9,180.698906
1775235600000,588.9,589.4,587.2,588.5,95.858296
1775239200000,588.4,589.1,587.5,587.8,63.194222
1775242800000,587.9,588.8,586.7,588.6,74.39842
1775246400000,588.7,589.3,588.1,588.5,140.102399
1775250000000,588.5,589.1,587.4,588.7,181.12307
1775253600000,588.7,588.9,586.9,587.1,132.305121
1775257200000,587.2,588.6,587.0,588.2,98.431915
1775260800000,588.2,588.6,587.0,587.6,115.068306
1775264400000,587.7,588.2,587.1,587.5,79.695673
1775268000000,587.6,588.7,587.3,588.2,146.909369
1775271600000,588.3,589.2,588.2,589.0,138.914527
1775275200000,589.1,589.3,588.4,588.6,439.085565
1775278800000,588.7,589.7,588.3,589.6,159.598663
1775282400000,589.7,592.0,589.7,591.6,520.553127
1775286000000,591.6,591.6,589.2,590.0,209.015705
1775289600000,590.1,591.8,589.2,589.5,136.580071
1775293200000,589.5,590.5,589.2,590.1,91.160606
1775296800000,590.2,590.5,589.1,590.0,169.592394
1775300400000,590.2,590.4,589.1,589.5,206.359136
1775304000000,589.6,589.8,589.1,589.7,200.718271
1775307600000,589.8,590.9,589.6,590.2,107.179339
1775311200000,590.2,590.6,588.2,590.4,223.102644
1775314800000,590.4,591.8,589.9,591.1,321.952626
1775318400000,591.1,593.4,590.6,591.4,252.425995
1775322000000,591.4,594.1,590.8,593.0,881.462983
1775325600000,593.0,593.8,592.7,593.7,211.486863
1775329200000,593.7,596.8,593.4,593.6,612.372263
1775332800000,593.7,594.0,592.9,593.8,170.744797
1775336400000,593.8,595.4,593.4,594.5,142.957977
1775340000000,594.5,595.0,593.9,594.5,100.101554
1775343600000,594.4,594.5,592.8,593.4,85.617111
1775347200000,593.5,594.1,592.1,592.4,274.373773
1775350800000,592.5,593.7,591.9,592.1,117.312463
1775354400000,592.1,593.3,591.3,593.2,196.203143
1775358000000,593.2,593.7,592.7,593.5,225.131245
1775361600000,593.5,593.6,592.7,593.0,170.92036
1775365200000,593.1,594.0,592.2,592.2,445.482387
1775368800000,592.3,592.4,587.7,590.4,878.962193
1775372400000,590.5,591.4,589.6,590.4,253.047578
1775376000000,590.5,593.2,590.1,592.4,448.926251
1775379600000,592.5,593.9,592.2,593.2,887.467015
1775383200000,593.2,594.9,592.7,593.7,329.824782
1775386800000,593.8,594.3,592.9,594.0,278.542623
1775390400000,594.0,594.0,589.1,589.4,421.390093
1775394000000,589.4,589.6,587.0,589.1,248.625583
1775397600000,589.0,590.9,588.7,589.4,386.020206
1775401200000,589.5,596.3,588.6,593.0,435.341851
1775404800000,593.1,593.6,592.3,593.0,118.65869
1775408400000,592.9,593.5,591.9,593.0,119.076865
1775412000000,593.0,593.8,591.9,592.1,151.530698
1775415600000,592.2,593.6,591.6,592.4,133.302014
1775419200000,592.5,593.7,591.5,593.5,194.831676
1775422800000,593.6,593.6,590.6,591.2,228.85605
1775426400000,591.2,597.7,590.8,597.1,404.071507
1775430000000,597.4,604.1,596.8,601.5,878.554277
1775433600000,601.6,607.7,601.6,603.4,813.553127
1775437200000,603.5,603.9,600.6,600.9,577.118792
1775440800000,600.9,605.4,600.9,603.2,345.865018
1775444400000,603.2,603.2,600.2,600.6,276.842081
1775448000000,600.7,601.4,598.8,600.0,370.743675
1775451600000,600.0,602.4,599.8,602.1,284.319734
1775455200000,602.1,604.3,600.1,601.4,350.434067
1775458800000,601.5,604.4,600.2,603.9,668.20689
1775462400000,603.9,605.2,603.9,604.2,288.209589
1775466000000,604.3,610.8,604.2,607.1,767.217583
1775469600000,607.2,607.9,605.5,606.5,227.298172
1775473200000,606.6,606.6,605.0,605.4,298.831975
1775476800000,605.5,605.7,604.2,604.4,235.984889
1775480400000,604.4,607.0,604.3,605.7,220.30831
1775484000000,605.6,608.4,604.9,607.2,814.322031
1775487600000,607.2,608.8,606.9,608.4,226.413967
1775491200000,608.5,609.0,605.8,605.8,335.271309
1775494800000,605.8,605.8,603.1,604.6,248.815525
1775498400000,604.6,607.3,603.7,607.1,85.649918
1775502000000,607.1,607.1,605.2,606.9,131.759483
1775505600000,607.1,608.1,606.3,606.7,240.425547
1775509200000,606.6,606.6,605.0,605.5,247.387718
1775512800000,605.4,606.1,600.2,600.2,251.11695
1775516400000,600.2,600.8,596.4,600.3,359.878221
1775520000000,600.2,601.4,598.7,599.3,204.658539
1775523600000,599.2,600.8,597.2,597.5,244.444753
1775527200000,597.4,599.6,596.6,598.7,193.770738
1775530800000,598.7,599.7,598.0,599.2,213.616073
1775534400000,599.3,602.0,598.3,600.3,202.740938
1775538000000,600.3,600.3,597.3,597.9,226.405582
1775541600000,598.0,599.1,596.9,599.0,278.632355
1775545200000,599.0,599.4,597.7,599.2,199.001197
1775548800000,599.3,603.0,599.2,602.4,285.293251
1775552400000,602.3,606.5,602.3,605.3,671.744339
1775556000000,605.3,605.5,597.2,597.7,1332.408643
1775559600000,597.8,598.2,596.3,597.1,384.765137
1775563200000,597.1,599.6,591.9,598.3,1248.352594
1775566800000,598.3,600.0,596.5,596.5,382.364136
1775570400000,596.5,596.9,593.3,594.6,698.314383
1775574000000,594.5,599.2,594.0,598.5,307.790687
1775577600000,598.6,602.8,598.6,601.2,549.400071
1775581200000,601.2,607.2,601.1,604.6,291.547844
1775584800000,604.7,604.8,602.7,603.3,233.348864
1775588400000,603.3,608.8,603.1,608.5,454.024267
1775592000000,608.5,609.8,607.2,607.6,383.327307
1775595600000,607.8,613.7,607.8,611.9,704.873487
1775599200000,612.1,619.5,612.1,619.5,1270.691028
1775602800000,619.5,624.8,617.0,620.3,2292.042179
1775606400000,620.2,621.4,615.0,617.5,1004.470517
1775610000000,617.6,619.0,615.7,616.0,425.381141
1775613600000,616.1,617.5,615.0,615.4,751.719513
1775617200000,615.5,616.0,613.1,613.5,614.59437
1775620800000,613.5,616.4,613.4,615.3,1067.94658
1775624400000,615.4,616.9,615.4,616.1,345.068133
1775628000000,616.0,617.4,614.0,614.2,752.232953
1775631600000,614.2,615.2,612.4,613.5,544.087285
1775635200000,613.6,614.1,611.6,613.0,820.109297
1775638800000,613.1,614.8,611.7,612.1,634.029109
1775642400000,612.1,613.2,611.3,612.0,484.318755
1775646000000,611.9,613.2,611.1,613.2,438.987839
1775649600000,613.2,614.7,611.8,613.7,621.652973
1775653200000,613.7,616.0,606.4,607.2,1435.523998
1775656800000,607.4,608.3,601.3,602.3,1338.991091
1775660400000,602.7,605.9,601.6,605.5,411.401477
1775664000000,605.4,607.2,605.0,605.4,1320.467767
1775667600000,605.4,607.8,604.7,607.1,220.395444
1775671200000,607.1,607.1,602.9,603.1,194.63977
1775674800000,603.1,604.7,602.8,604.5,31.76548
1775678400000,604.5,605.1,603.9,604.9,68.918369
1775682000000,605.0,607.4,605.0,606.5,258.667442
1775685600000,606.5,606.8,604.2,604.5,192.61754
1775689200000,604.4,604.5,600.0,601.3,351.327204
1775692800000,601.3,601.6,598.7,599.7,257.129185
1775696400000,599.6,601.7,597.1,601.7,420.516661
1775700000000,601.7,602.9,601.3,601.8,395.378481
1775703600000,601.9,601.9,600.1,600.4,171.195244
1775707200000,600.4,600.5,599.0,599.0,200.178321
1775710800000,599.1,601.3,598.7,600.3,214.661678
1775714400000,600.4,600.9,598.8,600.7,234.45866
1775718000000,600.7,601.3,600.0,600.2,300.958058
1775721600000,600.2,602.1,599.5,601.1,364.709274
1775725200000,601.1,603.3,600.1,602.9,363.233025
1775728800000,602.8,603.2,601.3,602.8,242.967463
1775732400000,602.8,603.3,601.5,602.7,267.443191
1775736000000,602.7,603.7,601.7,603.4,301.843499
1775739600000,603.4,603.7,600.1,601.0,456.565052
1775743200000,600.9,601.6,598.5,600.9,239.849256
1775746800000,601.0,607.3,599.9,606.1,653.86601
1775750400000,606.2,607.4,603.8,605.8,619.728357
1775754000000,605.9,608.8,605.5,608.5,355.719366
1775757600000,608.5,608.7,605.5,606.8,213.543755
1775761200000,606.8,609.4,606.4,608.9,352.370554
1775764800000,608.7,609.8,607.9,608.6,290.719205
1775768400000,608.6,610.3,606.8,607.0,370.272228
1775772000000,607.1,612.3,605.7,605.7,482.417332
1775775600000,605.8,606.1,602.0,603.1,357.597917
1775779200000,603.2,603.7,601.2,603.5,153.417405
1775782800000,603.6,605.5,601.2,603.2,326.697697
1775786400000,603.2,603.8,601.2,601.7,540.931704
1775790000000,601.7,601.8,600.0,601.3,347.551348
1775793600000,601.4,602.8,601.1,601.2,240.815919
1775797200000,601.3,602.9,600.8,602.0,178.923579
1775800800000,602.0,602.2,599.6,600.7,335.138247
1775804400000,600.7,601.4,599.0,599.3,595.134968
1775808000000,599.2,600.9,597.5,600.7,743.34033
1775811600000,600.7,602.2,600.4,602.0,277.406041
1775815200000,602.0,602.1,600.0,600.9,236.996838
1775818800000,600.8,603.5,600.6,602.7,419.226247
1775822400000,602.7,604.7,601.6,602.9,359.096477
1775826000000,602.9,603.5,601.2,602.4,195.635061
1775829600000,602.4,607.7,602.3,607.1,989.16419
1775833200000,607.1,608.9,603.1,603.5,622.116444
1775836800000,603.5,606.4,603.5,606.2,333.345247
1775840400000,606.2,607.7,605.6,607.5,199.024004
1775844000000,607.6,609.5,606.8,609.4,281.700956
1775847600000,609.4,610.3,608.5,609.9,235.114939
1775851200000,609.9,610.7,608.2,610.1,163.059843
1775854800000,610.2,610.4,606.7,607.9,343.255817
1775858400000,607.9,608.3,606.0,606.8,188.083334
1775862000000,606.9,606.9,605.3,605.6,656.232214
1775865600000,605.7,605.8,604.4,604.6,139.564692
1775869200000,604.7,605.5,603.5,605.1,142.60926
1775872800000,605.2,606.7,604.5,605.8,257.716769
1775876400000,605.8,607.9,605.8,606.9,264.818003
1775880000000,606.9,607.6,605.6,606.0,149.408158
1775883600000,606.1,607.2,604.9,605.8,226.323956
1775887200000,605.8,606.3,604.6,606.1,199.390727
1775890800000,606.1,606.9,605.6,606.3,364.50379
1775894400000,606.3,607.4,605.4,606.1,368.658263
1775898000000,606.1,607.6,605.8,606.8,290.079006
1775901600000,606.9,607.0,605.4,605.7,185.067677
1775905200000,605.8,606.1,604.4,605.5,314.478409
1775908800000,605.7,607.2,605.3,606.8,221.232923
1775912400000,606.8,606.8,604.0,605.0,358.833949
1775916000000,605.0,605.8,604.6,604.9,246.781618
1775919600000,605.0,606.9,604.5,605.8,294.916652
1775923200000,605.9,609.1,605.8,607.7,271.892666
1775926800000,607.7,608.6,606.7,608.0,172.244063
1775930400000,608.1,611.8,607.5,610.9,287.236742
1775934000000,611.1,614.1,611.1,613.1,509.980781
1775937600000,613.1,613.1,609.5,610.4,283.666795
1775941200000,610.4,611.4,609.9,610.1,154.603338
1775944800000,610.2,612.4,610.0,611.2,444.703487
1775948400000,611.1,611.1,606.0,607.3,303.866503
1775952000000,607.3,607.4,606.2,607.2,226.40499
1775955600000,607.3,607.8,590.6,593.9,1442.961042
1775959200000,593.8,598.0,592.2,597.6,428.232104
1775962800000,597.5,598.0,595.1,595.5,348.993889
1775966400000,595.6,595.7,594.4,594.8,332.315882
1775970000000,594.8,596.1,594.2,595.8,206.709763
1775973600000,595.7,596.0,594.3,594.7,360.119345
1775977200000,594.7,595.0,593.0,594.5,233.466737
1775980800000,594.4,595.1,593.5,593.8,267.021145
1775984400000,593.8,594.5,593.1,593.7,226.73249
1775988000000,593.7,595.9,593.0,593.8,297.115047
1775991600000,593.7,595.7,593.5,595.6,164.146367
1775995200000,595.5,595.9,593.0,593.2,349.296339
1775998800000,593.1,593.1,590.7,591.3,546.32566
1776002400000,591.2,592.6,589.2,590.0,416.651758
1776006000000,590.0,592.1,590.0,591.8,183.876002
1776009600000,591.8,592.5,591.1,592.0,122.991256
1776013200000,592.1,593.5,591.5,592.8,170.018374
1776016800000,592.9,593.2,591.5,592.7,154.336305
1776020400000,592.7,593.5,592.6,592.6,219.188972
1776024000000,592.6,597.0,592.0,595.7,327.40079
1776027600000,595.8,596.9,594.3,595.3,189.688139
1776031200000,595.3,595.4,591.1,593.9,308.836194
1776034800000,593.9,593.9,591.0,592.2,518.209284
1776038400000,592.2,596.4,591.7,596.3,179.883025
1776042000000,596.2,596.9,595.0,596.7,291.1762
1776045600000,596.7,598.1,595.7,596.4,395.366633
1776049200000,596.5,596.8,594.8,594.9,148.276607
1776052800000,595.0,597.2,594.7,595.5,164.732279
1776056400000,595.6,598.0,595.4,598.0,467.276931
1776060000000,598.1,599.8,597.9,598.5,249.168801
1776063600000,598.5,598.7,596.2,597.5,508.985832
1776067200000,597.4,597.5,595.5,596.7,214.470572
1776070800000,596.7,598.2,596.7,597.4,240.651529
1776074400000,597.5,598.1,596.9,597.5,269.990234
1776078000000,597.6,598.8,597.2,597.2,323.727522
1776081600000,597.3,599.4,596.6,598.8,633.456536
1776085200000,598.9,600.0,595.8,599.8,1736.53243
1776088800000,600.0,603.4,597.8,603.4,1391.438951
1776092400000,603.4,604.9,600.2,603.3,802.139303
1776096000000,603.3,608.2,602.3,606.3,961.37409
1776099600000,606.4,607.9,604.7,604.8,344.033212
1776103200000,604.8,605.4,603.3,604.9,240.281032
1776106800000,604.9,609.2,604.0,608.7,392.205019
1776110400000,608.7,608.9,607.1,607.4,190.941968
1776114000000,607.5,609.4,607.3,608.3,154.317167
1776117600000,608.1,616.6,608.1,615.6,1434.157515
1776121200000,615.7,618.1,614.4,614.9,1167.90754
1776124800000,614.8,615.9,612.2,612.3,553.364568
1776128400000,612.4,614.4,611.0,613.9,478.777945
1776132000000,613.9,615.6,613.0,615.1,529.635742
1776135600000,615.1,616.2,614.5,616.1,427.540609
1776139200000,616.2,616.2,614.6,614.7,349.297765
1776142800000,614.7,614.8,612.0,613.1,356.378324
1776146400000,613.1,615.4,612.9,615.1,420.591862
1776150000000,615.1,615.8,613.5,613.8,371.428097
1776153600000,613.8,618.7,613.6,617.9,922.810549
1776157200000,617.9,619.5,617.6,618.2,543.746726
1776160800000,618.1,619.6,617.4,618.2,384.419207
1776164400000,618.1,618.1,615.5,616.7,367.617663
1776168000000,616.7,616.9,615.4,615.8,446.717477
1776171600000,615.8,623.0,615.8,622.4,830.951197
1776175200000,622.5,623.2,618.6,619.3,955.528405
1776178800000,619.3,625.2,618.5,623.5,1240.767511
1776182400000,623.6,625.4,618.1,619.1,649.716823
1776186000000,619.1,620.5,616.0,617.3,861.758814
1776189600000,617.3,618.5,613.4,614.0,464.657785
1776193200000,614.0,615.4,612.1,614.1,176.572214
1776196800000,614.2,615.1,613.3,613.7,168.876265
1776200400000,613.9,616.3,613.8,616.0,220.617619
1776204000000,616.0,617.2,614.2,614.4,130.772428
1776207600000,614.4,615.3,613.5,614.0,1161.888866
1776211200000,614.0,617.1,614.0,617.0,1100.174793
1776214800000,617.1,620.0,616.1,619.6,737.414113
1776218400000,619.6,620.0,615.5,616.2,483.839941
1776222000000,616.2,616.8,615.2,616.3,297.632892
1776225600000,616.4,617.4,614.3,615.5,290.065828
1776229200000,615.6,616.6,613.3,613.8,644.655909
1776232800000,613.8,615.3,613.1,614.5,453.853465
1776236400000,614.5,614.9,610.8,611.7,590.225861
1776240000000,611.7,615.0,610.7,614.7,367.945293
1776243600000,614.7,616.1,613.9,615.7,279.671209
1776247200000,615.8,618.9,615.6,617.2,478.396923
1776250800000,617.2,620.8,617.2,619.8,576.947812
1776254400000,619.9,619.9,617.7,618.4,606.300236
1776258000000,618.2,619.5,616.7,619.2,331.227639
1776261600000,619.2,620.6,617.1,618.9,934.25572
1776265200000,618.8,620.0,616.1,619.2,741.744567
1776268800000,619.2,621.6,618.7,620.8,255.206998
1776272400000,620.9,621.9,620.1,621.4,139.423328
1776276000000,621.5,623.2,621.1,622.7,144.581363
1776279600000,622.7,627.7,622.5,625.6,316.449726
1776283200000,625.6,625.7,622.3,623.5,114.222795
1776286800000,623.6,623.9,622.3,623.5,133.583629
1776290400000,623.4,626.8,622.9,624.3,320.520047
1776294000000,624.3,624.4,621.4,622.6,327.415736
1776297600000,622.7,623.4,620.6,623.3,417.410012
1776301200000,623.4,623.4,621.0,622.4,179.375016
1776304800000,622.5,626.2,622.2,624.2,405.644325
1776308400000,624.2,625.8,624.0,624.4,356.577689
1776312000000,624.4,625.2,622.3,623.4,290.337326
1776315600000,623.4,625.3,622.7,625.3,308.901277
1776319200000,625.3,626.2,624.1,624.9,286.770963
1776322800000,625.0,625.5,622.0,622.8,323.69757
1776326400000,622.8,623.4,621.2,622.5,365.603975
1776330000000,622.5,624.0,622.0,622.9,362.467071
1776333600000,622.9,623.5,619.4,619.8,451.581667
1776337200000,619.9,621.2,619.0,621.1,315.627294
1776340800000,621.1,622.4,620.9,621.7,527.760005
1776344400000,621.7,624.2,615.1,618.0,973.722783
1776348000000,617.7,620.5,615.4,619.4,706.692671
1776351600000,619.3,626.6,618.8,625.1,666.737886
1776355200000,625.1,628.1,623.9,625.5,704.846561
1776358800000,625.5,627.6,623.8,627.4,432.796445
1776362400000,627.5,637.5,626.6,636.1,1391.493951
1776366000000,636.3,637.2,634.0,636.7,560.74674
1776369600000,636.7,638.0,633.3,634.7,970.533999
1776373200000,634.8,635.1,631.8,632.7,557.120899
1776376800000,632.7,634.4,631.9,633.3,166.069554
1776380400000,633.2,636.5,633.0,635.7,308.22471
1776384000000,635.8,636.4,633.1,633.5,269.323043
1776387600000,633.5,634.4,629.5,631.3,349.224225
1776391200000,631.3,632.0,628.0,629.6,478.986759
1776394800000,629.7,631.1,628.9,629.3,441.634182
1776398400000,629.3,630.1,628.7,629.6,308.333079
1776402000000,629.6,629.9,627.2,628.0,326.092465
1776405600000,628.0,629.1,627.4,628.3,473.329288
1776409200000,628.4,629.7,626.7,627.2,264.193731
1776412800000,627.3,631.3,627.0,631.2,700.792993
1776416400000,631.2,635.2,629.7,632.9,1492.940535
1776420000000,632.8,633.6,629.2,630.6,622.246983
1776423600000,630.7,634.1,630.5,632.6,236.310863
1776427200000,632.7,636.8,631.8,636.2,533.704096
1776430800000,636.1,643.5,635.6,643.2,2013.30924
1776434400000,643.3,645.8,641.0,643.8,959.892125
1776438000000,643.8,643.8,641.2,643.3,578.865569
1776441600000,643.3,645.7,643.2,645.7,631.266447
1776445200000,645.7,645.7,640.2,641.9,754.044109
1776448800000,641.9,642.2,638.7,639.8,531.497492
1776452400000,639.9,641.9,638.9,641.3,130.167248
1776456000000,641.4,642.3,639.3,640.9,71.920709
1776459600000,640.9,642.7,640.9,642.5,270.808602
1776463200000,642.4,644.9,641.7,644.0,344.389053
1776466800000,644.1,644.9,641.8,643.1,355.132219
1776470400000,643.2,645.5,641.8,644.0,335.244054
1776474000000,644.1,647.2,643.1,645.2,810.557162
1776477600000,645.2,646.1,643.8,644.3,763.55734
1776481200000,644.3,644.3,640.1,640.3,646.239218
1776484800000,640.4,645.3,640.1,644.4,599.130256
1776488400000,644.5,649.0,644.3,645.3,1125.299276
1776492000000,645.3,646.2,643.6,644.1,422.235501
1776495600000,644.1,644.7,643.0,643.6,396.955823
1776499200000,643.6,643.8,634.8,637.2,955.656222
1776502800000,637.1,637.1,633.7,636.0,754.045918
1776506400000,636.1,636.1,632.2,634.1,618.062397
1776510000000,634.2,634.9,631.7,633.6,556.946087
1776513600000,633.6,634.9,631.7,634.1,529.723817
1776517200000,634.1,634.6,631.6,633.6,449.35521
1776520800000,633.6,634.4,632.1,634.0,712.00612
1776524400000,634.1,634.9,632.5,633.2,234.314993
1776528000000,633.2,634.2,631.2,633.3,450.007021
1776531600000,633.3,634.0,631.8,633.5,141.356972
1776535200000,633.4,634.0,629.1,629.4,329.084177
1776538800000,629.5,631.2,628.2,630.6,337.819613
1776542400000,630.6,631.6,629.8,630.3,221.47028
1776546000000,630.3,631.9,629.8,631.7,180.87499
1776549600000,631.7,631.8,629.7,630.9,162.554396
1776553200000,630.9,631.7,629.8,630.0,171.748846
1776556800000,630.0,630.7,628.3,629.4,256.343408
1776560400000,629.4,630.5,627.4,628.1,356.79094
1776564000000,628.1,628.1,623.5,624.9,524.728598
1776567600000,625.0,625.4,621.0,623.4,521.601318
1776571200000,623.4,624.7,620.4,622.2,327.667209
1776574800000,622.2,623.7,621.9,622.7,270.536588
1776578400000,622.8,623.4,620.0,622.8,503.101078
1776582000000,622.8,622.8,618.1,620.5,820.053805
1776585600000,620.4,621.5,618.2,621.4,372.687022
1776589200000,621.4,622.0,619.2,620.0,653.0456
1776592800000,620.0,620.9,619.2,620.3,423.022507
1776596400000,620.3,623.2,620.2,622.3,275.094121
1776600000000,622.4,624.0,622.1,623.3,374.749882
1776603600000,623.3,626.3,623.2,625.1,339.726346
1776607200000,625.2,628.4,623.8,627.0,649.962909
1776610800000,626.9,627.4,623.4,625.7,687.330869
1776614400000,625.9,626.5,622.9,623.3,298.018747
1776618000000,623.3,625.0,620.2,620.3,298.575082
1776621600000,620.4,622.2,619.3,622.2,494.335276
1776625200000,622.2,623.5,622.2,623.0,120.80881
1776628800000,623.0,623.0,619.9,621.1,100.733534
1776632400000,621.1,623.3,620.2,620.5,245.808529
1776636000000,620.3,620.3,615.1,617.1,486.586159
1776639600000,617.0,617.9,615.2,616.2,142.371137
1776643200000,616.2,621.2,616.1,620.0,230.420581
1776646800000,620.0,622.8,619.8,622.1,161.478215
1776650400000,622.1,622.2,620.1,621.2,190.036994
1776654000000,621.4,622.1,621.1,621.9,133.880703
1776657600000,621.9,621.9,620.4,621.0,236.811859
1776661200000,621.0,621.0,617.1,619.0,347.147034
1776664800000,619.0,624.6,618.6,624.3,249.202538
1776668400000,624.4,629.6,623.2,624.9,576.549523
1776672000000,625.0,625.8,622.8,624.0,333.598091
1776675600000,624.0,627.1,623.5,626.9,1000.305576
1776679200000,626.9,628.3,626.1,626.1,170.945892
1776682800000,626.2,626.9,625.3,625.5,220.299181
1776686400000,625.6,628.0,624.3,625.2,307.715292
1776690000000,625.2,627.0,623.6,626.1,847.470986
1776693600000,626.1,628.1,622.8,623.6,812.399824
1776697200000,623.7,628.2,620.8,628.2,808.519658
1776700800000,628.3,629.4,626.8,627.1,174.799728
1776704400000,627.2,630.0,626.8,629.4,344.471072
1776708000000,629.6,631.7,629.2,631.0,267.816757
1776711600000,631.0,631.6,630.0,630.6,98.978476
1776715200000,630.6,631.8,629.6,630.9,119.561786
1776718800000,631.1,632.1,629.4,630.5,235.249482
1776722400000,630.5,631.5,628.8,629.0,124.393318
1776726000000,628.9,629.3,628.1,629.3,193.348809
1776729600000,629.3,631.9,629.3,631.5,222.989473
1776733200000,631.6,632.4,630.3,630.6,359.590801
1776736800000,630.7,630.9,628.6,628.9,293.500853
1776740400000,628.9,630.4,628.3,630.2,447.532292
1776744000000,630.2,631.1,629.0,630.8,448.476847
1776747600000,630.9,632.3,630.7,631.1,376.682378
1776751200000,631.1,633.2,630.2,632.6,460.908566
1776754800000,632.6,633.9,631.9,633.0,600.21934
1776758400000,633.0,637.4,632.4,635.2,496.058263
1776762000000,635.2,637.1,634.8,636.8,387.298403
1776765600000,636.9,641.0,636.9,638.7,504.03211
1776769200000,638.7,638.8,633.6,634.3,626.916274
1776772800000,634.4,635.0,630.0,632.1,683.529238
1776776400000,632.1,633.1,630.9,632.4,600.098856
1776780000000,632.4,635.3,630.2,630.5,1210.258987
1776783600000,630.6,632.8,629.4,631.8,516.303856
1776787200000,631.9,633.7,631.3,631.8,212.017429
1776790800000,631.8,632.0,627.1,629.7,345.079967
1776794400000,629.8,630.5,628.5,630.4,203.135786
1776798000000,630.4,631.5,624.9,626.5,213.463512
1776801600000,626.5,630.6,625.5,629.9,345.288551
1776805200000,629.8,630.0,628.7,629.2,125.180383
1776808800000,629.2,629.8,627.7,628.8,117.666297
1776812400000,628.9,632.2,628.9,631.5,184.154493
1776816000000,631.6,633.2,631.6,632.7,218.890761
1776819600000,632.9,633.0,631.2,632.5,78.02316
1776823200000,632.6,641.0,632.5,640.1,700.789256
1776826800000,640.2,641.5,639.2,639.6,417.385713
1776830400000,639.6,640.7,638.7,639.7,369.945184
1776834000000,639.9,644.9,639.7,642.8,1052.39195
1776837600000,642.8,643.3,641.5,642.3,311.238955
1776841200000,642.4,642.9,641.5,642.0,384.036617
1776844800000,642.1,642.9,641.1,642.1,172.010969
1776848400000,642.1,643.8,641.8,642.1,112.068497
1776852000000,642.1,643.3,641.4,642.1,374.874657
1776855600000,642.1,643.1,641.2,642.9,762.156145
1776859200000,643.0,644.2,642.4,643.7,524.632045
1776862800000,643.7,654.0,643.3,650.7,2011.910926
1776866400000,650.8,653.6,648.1,650.4,981.901891
1776870000000,650.3,650.9,648.3,649.5,988.040704
1776873600000,649.6,651.2,643.1,644.6,1337.088551
1776877200000,644.6,645.9,643.6,644.8,523.607328
1776880800000,644.8,646.9,644.7,645.1,242.272885
1776884400000,645.2,646.6,644.0,644.2,388.750302
1776888000000,644.1,644.2,640.7,641.2,612.358234
1776891600000,641.2,643.6,640.6,641.7,288.4533
1776895200000,641.6,642.6,639.6,640.1,161.638733
1776898800000,640.0,640.7,637.4,637.5,189.300307
1776902400000,637.5,639.4,634.0,638.4,520.547317
1776906000000,638.6,639.1,636.9,637.8,149.72646
1776909600000,637.9,638.1,633.9,635.1,231.994195
1776913200000,635.0,635.9,633.3,635.6,331.212483
1776916800000,635.6,636.4,635.0,636.0,414.622056
1776920400000,636.1,637.2,635.5,636.9,187.898651
1776924000000,637.0,638.3,636.7,637.1,390.307021
1776927600000,637.1,637.4,635.6,635.9,212.235127
1776931200000,635.9,636.5,634.2,635.5,348.430487
1776934800000,635.4,635.5,632.3,632.9,376.732163
1776938400000,632.9,633.4,631.1,631.8,328.482902
1776942000000,631.8,634.0,631.3,633.6,370.588259
1776945600000,633.7,635.1,632.1,634.8,432.52396
1776949200000,634.8,636.0,634.3,636.0,378.081419
1776952800000,635.9,637.4,635.3,637.1,360.479508
1776956400000,637.1,640.3,635.9,639.8,639.814554
1776960000000,639.9,640.9,638.7,638.8,477.749339
1776963600000,638.9,639.1,631.1,633.9,851.865213
1776967200000,634.0,636.7,633.7,634.2,141.516157
1776970800000,634.1,636.5,633.6,635.9,160.069431
1776974400000,635.9,638.5,635.5,637.7,343.924671
1776978000000,637.8,638.7,636.9,637.8,188.519572
1776981600000,637.8,639.7,637.8,638.4,68.350381
1776985200000,638.4,638.8,637.4,638.5,184.447241
1776988800000,638.6,640.3,638.1,639.7,157.381212
1776992400000,639.8,639.8,637.4,639.4,453.44565
1776996000000,639.4,639.6,636.5,636.7,279.503872
1776999600000,636.6,636.7,633.4,634.6,307.228098
1777003200000,634.6,634.6,632.4,633.8,252.508122
1777006800000,633.8,634.6,632.0,634.1,231.489485
1777010400000,633.9,635.1,633.2,634.6,209.186491
1777014000000,634.5,636.9,634.3,634.9,287.600443
1777017600000,635.0,637.9,634.8,637.1,600.406232
1777021200000,637.1,637.2,633.4,633.8,148.30045
1777024800000,633.9,635.6,633.7,635.1,113.365216
1777028400000,635.0,638.7,635.0,638.0,262.894775
1777032000000,638.1,638.9,636.4,638.6,738.388416
1777035600000,638.6,640.6,637.4,638.4,634.997012
1777039200000,638.3,639.0,635.9,638.1,647.437568
1777042800000,638.2,639.7,635.9,639.5,988.825783
1777046400000,639.5,639.8,636.7,637.9,367.172095
1777050000000,637.8,638.4,636.5,637.7,227.675498
1777053600000,637.8,637.9,635.6,637.4,95.625332
1777057200000,637.5,639.0,637.1,638.4,71.170414
1777060800000,638.3,638.4,636.5,638.2,141.111205
1777064400000,638.2,638.5,637.0,637.7,315.473598
1777068000000,637.6,637.8,635.6,636.1,71.908822
1777071600000,636.2,636.6,635.8,636.1,174.386966
1777075200000,636.2,636.5,635.4,635.9,175.790289
1777078800000,635.9,637.3,635.6,636.8,242.55896
1777082400000,636.9,637.8,636.5,637.7,182.734481
1777086000000,637.6,637.6,636.9,637.4,125.656297
1777089600000,637.5,638.1,637.0,637.8,165.904602
1777093200000,637.9,637.9,636.6,636.8,148.347874
1777096800000,636.8,638.4,636.4,637.7,235.624221
1777100400000,637.7,637.8,637.1,637.1,154.178608
1777104000000,637.1,638.7,636.7,638.1,219.464064
1777107600000,638.2,638.5,637.4,637.9,158.363313
1777111200000,638.0,638.5,637.6,638.1,140.363552
1777114800000,638.2,638.2,634.3,634.8,205.195669
1777118400000,634.9,635.4,633.0,633.2,199.693058
1777122000000,633.1,634.2,633.0,633.1,164.585475
1777125600000,633.0,633.3,631.1,631.2,354.777263
1777129200000,631.1,631.9,629.2,630.0,551.480849
1777132800000,630.0,630.4,627.4,629.5,245.201067
1777136400000,629.5,629.9,627.4,627.5,340.6382
1777140000000,627.5,629.3,627.3,628.8,130.78692
1777143600000,628.9,629.5,628.3,628.8,81.011675
1777147200000,628.8,629.6,628.4,629.6,62.415726
1777150800000,629.6,629.8,628.9,629.5,186.381691
1777154400000,629.5,630.4,629.2,629.5,81.747599
1777158000000,629.6,629.7,628.5,628.5,129.491087
1777161600000,628.6,629.4,627.5,628.9,115.181076
1777165200000,629.0,630.4,628.3,629.8,134.189253
1777168800000,629.8,630.2,629.3,629.9,264.023969
1777172400000,630.0,630.2,627.1,628.7,146.718099
1777176000000,628.7,630.8,628.3,630.2,188.63938
1777179600000,630.2,633.0,630.1,631.6,191.217271
1777183200000,631.7,632.6,630.9,631.2,220.465009
1777186800000,631.1,632.6,631.1,632.5,205.518869
1777190400000,632.7,632.8,630.1,630.6,231.69831
1777194000000,630.7,632.2,630.1,631.9,399.415732
1777197600000,631.8,632.1,631.3,631.6,242.65267
1777201200000,631.7,632.7,631.6,632.5,184.941455
1777204800000,632.6,632.6,630.7,631.1,687.483764
1777208400000,631.1,631.7,630.7,631.4,118.602548
1777212000000,631.4,633.0,630.9,631.9,934.971842
1777215600000,631.9,632.7,631.4,632.0,168.435175
1777219200000,632.2,632.4,630.9,630.9,155.623564
1777222800000,631.0,632.0,630.4,631.9,93.294381
1777226400000,631.9,634.3,631.6,633.6,158.254123
1777230000000,633.7,636.7,633.5,635.9,189.165025
1777233600000,635.9,636.2,634.5,634.5,49.652377
1777237200000,634.6,636.7,633.1,635.6,344.855769
1777240800000,635.7,638.1,633.8,635.2,104.864514
1777244400000,635.1,636.7,633.9,635.7,274.844553
1777248000000,635.7,638.4,633.9,638.2,205.5209
1777251600000,638.4,639.8,636.0,638.6,661.846844
1777255200000,638.6,639.9,637.6,638.7,965.112193
1777258800000,638.6,640.0,638.3,638.5,273.348659
1777262400000,638.5,638.8,636.6,637.0,228.94274
1777266000000,637.1,637.4,627.7,629.2,729.790787
1777269600000,629.1,629.8,624.9,627.3,618.520213
1777273200000,627.2,627.5,625.4,625.9,442.202686
1777276800000,626.0,628.0,625.3,627.8,513.030826
1777280400000,628.0,628.8,627.3,628.4,180.169638
1777284000000,628.4,628.4,627.4,627.7,242.616808
1777287600000,627.7,627.7,626.4,627.3,293.727783
1777291200000,627.3,627.3,625.0,625.7,838.153612
1777294800000,625.7,626.9,624.0,625.4,322.186019
1777298400000,625.3,628.8,625.0,626.4,807.332933
1777302000000,626.6,626.6,618.3,620.7,1957.973226
1777305600000,620.8,622.3,620.4,621.3,184.516274
1777309200000,621.4,624.0,621.4,623.2,280.550049
1777312800000,623.1,623.8,622.3,623.5,87.754494
1777316400000,623.5,623.6,620.9,623.5,72.146023
1777320000000,623.6,624.4,623.6,624.0,32.466499
1777323600000,624.0,624.6,623.3,623.3,109.541083
1777327200000,623.4,625.0,623.2,624.7,81.993289
1777330800000,624.7,627.4,624.3,627.0,214.228811
1777334400000,627.0,627.6,626.1,627.2,232.774609
1777338000000,627.2,627.2,625.8,625.9,78.030359
1777341600000,625.9,626.7,623.4,624.5,95.09099
1777345200000,624.6,624.7,623.6,624.6,136.58432
1777348800000,624.7,626.0,623.9,625.5,130.801618
1777352400000,625.6,626.6,624.5,624.8,218.323176
1777356000000,624.8,626.1,623.1,623.3,596.756527
1777359600000,623.3,624.5,621.7,624.1,702.306273
1777363200000,624.2,625.2,623.6,624.4,341.828655
1777366800000,624.4,624.7,622.2,622.7,197.446896
1777370400000,622.8,623.5,622.4,622.6,177.512367
1777374000000,622.7,622.9,621.1,621.5,957.616354
1777377600000,621.7,623.3,621.0,623.1,334.409239
1777381200000,623.1,623.5,620.5,622.0,550.73597
1777384800000,622.1,622.3,619.0,622.3,582.462577
1777388400000,622.4,623.0,621.6,622.7,1079.88836
1777392000000,622.8,623.6,621.9,623.4,269.933194
1777395600000,623.5,623.8,622.4,623.4,675.970736
1777399200000,623.4,624.0,623.0,623.8,163.580942
1777402800000,623.7,624.3,622.9,624.1,37.787951
1777406400000,624.2,624.5,623.7,624.2,65.245117
1777410000000,624.2,624.6,623.0,623.6,120.236558
1777413600000,623.6,624.2,622.8,623.1,69.010781
1777417200000,623.1,624.5,622.9,624.4,61.411227
1777420800000,624.5,624.9,623.5,624.6,80.742749
1777424400000,624.6,625.3,622.4,624.6,183.954676
1777428000000,624.6,625.2,623.5,624.1,140.093274
1777431600000,624.1,626.7,624.1,625.9,282.019322
1777435200000,626.1,628.6,625.1,627.8,326.637032
1777438800000,627.9,628.0,626.7,627.3,365.650271
1777442400000,627.3,627.6,625.4,626.0,202.87494
1777446000000,626.1,626.7,625.0,625.2,172.626301
1777449600000,625.2,626.2,624.5,625.7,442.439246
1777453200000,625.8,629.4,625.3,629.1,922.40074
1777456800000,629.1,629.5,627.4,627.9,437.779083
1777460400000,627.9,627.9,625.9,626.1,442.226655
1777464000000,626.1,626.1,622.2,623.8,503.41557
1777467600000,623.9,624.3,620.0,622.4,382.045515
1777471200000,622.1,622.9,620.8,621.3,268.021524
1777474800000,621.2,621.4,615.5,616.5,550.24008
1777478400000,616.5,618.0,616.2,617.5,394.869069
1777482000000,617.6,619.9,617.6,619.9,251.301365
1777485600000,620.0,620.3,610.1,613.6,1566.172925
1777489200000,613.7,614.3,612.3,613.1,171.540589
1777492800000,613.2,616.1,612.9,615.4,182.765725
1777496400000,615.2,618.7,615.0,617.2,294.528811
1777500000000,617.1,618.1,616.5,618.0,99.260624
1777503600000,618.0,618.2,616.7,617.4,107.884106
1777507200000,617.4,620.3,616.7,620.2,267.645679
1777510800000,620.1,620.4,619.1,619.2,111.723386
1777514400000,619.2,620.1,616.0,617.4,302.033561
1777518000000,617.2,618.5,616.8,617.7,266.309502
1777521600000,617.8,617.8,614.4,614.6,354.969222
1777525200000,614.6,616.5,613.4,616.3,324.326934
1777528800000,616.3,616.7,615.5,615.5,334.244496
1777532400000,615.7,618.2,615.5,617.5,322.772274
1777536000000,617.6,618.3,616.6,616.7,219.060774
1777539600000,616.7,618.6,616.5,616.9,220.04508
1777543200000,617.0,617.2,615.6,615.7,168.722028
1777546800000,615.8,617.2,614.5,615.6,210.355578
1777550400000,615.6,616.7,614.9,615.2,273.461644
1777554000000,615.2,616.6,614.3,615.5,207.472591
1777557600000,615.5,616.4,613.6,616.3,338.35942
1777561200000,616.3,618.0,615.7,617.1,267.871677
1777564800000,617.1,617.2,616.0,616.2,132.269332
1777568400000,616.3,617.5,615.7,617.2,194.560992
1777572000000,617.3,618.7,617.3,617.7,251.984463
1777575600000,617.5,618.8,617.3,618.6,98.391283
1777579200000,618.5,618.7,617.8,617.8,91.558745
1777582800000,617.9,617.9,616.1,616.1,40.558051
1777586400000,616.1,616.3,614.8,615.0,170.801982
1777590000000,615.0,615.5,614.7,615.5,63.052143
1777593600000,615.5,616.8,615.3,615.5,92.821809
1777597200000,615.6,617.5,615.5,617.5,84.750692
1777600800000,617.6,617.6,616.6,617.3,149.877329
1777604400000,617.3,621.5,617.0,618.4,375.188115
1777608000000,618.6,619.0,617.0,617.1,137.974438
1777611600000,617.1,618.5,617.1,617.9,266.075106
1777615200000,618.0,618.4,616.1,616.7,180.754989
1777618800000,616.8,617.7,616.3,617.6,274.577875
1777622400000,617.6,619.5,617.2,618.7,214.496769
1777626000000,618.7,618.7,616.5,617.1,265.393348
1777629600000,617.1,617.5,616.0,617.4,213.40921
1777633200000,617.5,619.0,617.4,618.9,281.420892
1777636800000,619.0,620.7,618.4,619.1,521.472262
1777640400000,619.2,622.7,619.2,622.2,445.446934
1777644000000,622.4,622.8,619.5,620.6,362.193388
1777647600000,620.6,622.6,619.7,620.9,303.954503
1777651200000,620.8,621.8,619.4,619.6,109.977709
1777654800000,619.6,620.7,618.9,620.5,140.252013
1777658400000,620.5,620.9,619.1,619.3,136.529058
1777662000000,619.4,620.4,619.0,619.4,84.619959
1777665600000,619.5,619.5,616.6,617.0,177.181551
1777669200000,617.1,617.8,617.0,617.4,177.234415
1777672800000,617.5,617.9,615.0,615.2,397.287177
1777676400000,615.2,615.8,614.0,615.5,201.962223
1777680000000,615.6,616.3,615.0,616.0,231.076555
1777683600000,616.1,616.8,615.8,616.2,146.059688
1777687200000,616.2,617.2,615.8,616.5,253.189029
1777690800000,616.5,617.0,615.7,616.5,319.374667
1777694400000,616.6,616.6,614.8,615.3,295.814365
1777698000000,615.3,615.8,614.2,615.3,119.573282
1777701600000,615.4,616.5,615.0,616.4,219.470493
1777705200000,616.4,616.7,615.2,616.0,263.170184
1777708800000,616.0,616.4,615.3,615.9,177.152449
1777712400000,615.9,616.1,615.4,615.7,137.75914
1777716000000,615.8,616.0,615.3,615.9,111.012902
1777719600000,615.9,615.9,614.8,615.7,223.277548
1777723200000,615.8,616.5,615.5,615.9,248.160637
1777726800000,616.0,617.3,616.0,617.1,182.601962
1777730400000,617.2,617.7,616.7,617.1,332.331696
1777734000000,617.0,618.3,616.8,618.3,287.106229
1777737600000,618.3,619.6,617.8,618.7,464.74772
1777741200000,618.9,618.9,618.1,618.6,171.154709
1777744800000,618.5,619.4,617.8,618.8,148.071524
1777748400000,618.9,619.2,618.4,618.9,128.257327
1777752000000,618.9,619.1,618.5,618.8,86.117588
1777755600000,618.8,621.8,618.8,619.8,430.639048
1777759200000,619.9,620.1,618.4,619.7,226.806033
1777762800000,619.8,619.8,617.9,618.2,134.477448
1777766400000,618.2,618.6,617.1,617.8,167.327729
1777770000000,617.8,617.9,615.9,616.2,313.43417
1777773600000,616.1,616.4,615.1,615.6,219.733187
1777777200000,615.7,616.6,615.4,616.4,176.988249
1777780800000,616.3,616.6,615.5,615.8,117.171573
1777784400000,615.8,617.7,615.7,617.3,252.118058
1777788000000,617.1,617.4,615.5,617.0,431.865327
1777791600000,617.1,618.6,616.8,617.1,386.018393
1777795200000,617.2,618.2,616.9,617.8,228.579843
1777798800000,617.9,619.7,617.9,618.9,564.696712
1777802400000,619.0,619.1,617.8,617.9,362.094854
1777806000000,617.9,619.9,617.4,619.1,424.179329
1777809600000,619.1,620.2,619.0,619.2,241.943753
1777813200000,619.3,619.5,618.3,619.1,393.100541
1777816800000,619.3,620.4,619.0,620.1,278.355129
1777820400000,620.2,620.7,619.7,619.9,271.723226
1777824000000,620.0,620.5,619.0,620.0,254.500652
1777827600000,619.9,620.9,619.1,619.9,104.957453
1777831200000,619.9,620.1,619.1,619.7,140.751873
1777834800000,619.8,620.1,619.2,619.5,110.498638
1777838400000,619.6,621.1,618.9,619.8,178.412202
1777842000000,619.8,620.1,617.9,619.0,253.344155
1777845600000,619.1,622.1,619.1,620.9,539.938099
1777849200000,621.0,622.5,617.3,617.5,191.453994
1777852800000,617.6,617.7,615.8,617.3,415.673434
1777856400000,617.3,623.3,616.5,622.2,382.107867
1777860000000,622.5,626.7,621.9,624.9,1795.622197
1777863600000,625.0,626.8,624.1,626.8,575.829775
1777867200000,626.9,639.2,626.9,632.7,3176.762924
1777870800000,632.8,634.7,631.9,633.4,673.994898
1777874400000,633.5,634.5,627.0,628.5,1900.289315
1777878000000,628.6,629.8,627.9,628.7,527.350412
1777881600000,628.7,629.1,627.3,628.1,533.389729
1777885200000,628.1,631.4,627.6,630.7,356.107195
1777888800000,630.8,630.8,620.0,623.8,1449.409791
1777892400000,623.8,624.5,622.4,622.9,263.069485
1777896000000,622.9,623.5,622.1,622.4,333.345296
1777899600000,622.3,624.7,621.2,623.5,857.997297
1777903200000,623.4,628.4,621.7,627.3,650.14922
1777906800000,627.2,628.6,623.6,625.4,625.057331
1777910400000,625.6,626.7,623.6,626.1,606.212988
1777914000000,626.0,628.9,625.9,628.0,602.909756
1777917600000,627.9,628.1,625.5,626.1,143.559736
1777921200000,626.0,626.1,624.8,625.1,139.124561
1777924800000,625.1,625.8,622.8,623.3,181.285718
1777928400000,623.2,625.6,623.2,625.3,253.860418
1777932000000,625.1,626.2,624.3,624.5,140.427738
1777935600000,624.5,624.5,622.7,622.8,88.927086
1777939200000,622.8,625.2,622.7,625.0,2119.072432
1777942800000,624.9,625.9,624.4,624.7,260.411349
1777946400000,624.8,626.9,624.5,625.2,257.829668
1777950000000,625.3,628.3,624.9,627.8,458.835379
1777953600000,627.8,628.0,626.0,626.2,308.89036
1777957200000,626.3,628.6,625.8,628.3,309.091746
1777960800000,628.3,628.4,626.3,627.2,441.5247
1777964400000,627.2,628.9,626.9,627.7,311.541222
1777968000000,627.7,629.1,627.3,627.6,449.773072
1777971600000,627.7,627.7,626.1,627.2,362.390772
1777975200000,627.2,629.0,626.8,628.6,236.831021
1777978800000,628.7,629.3,628.2,628.9,469.791669
1777982400000,628.9,630.5,628.3,630.1,478.635224
1777986000000,630.3,634.2,630.2,631.2,923.334596
1777989600000,631.2,631.6,628.6,630.8,513.344205
1777993200000,630.7,632.4,630.3,631.2,236.919324
1777996800000,631.2,632.0,628.9,629.5,261.279876
1778000400000,629.5,629.7,628.1,629.2,184.045311
1778004000000,629.3,630.6,629.1,630.4,114.010655
1778007600000,630.5,632.5,630.3,631.9,206.423183
1778011200000,631.8,634.4,631.5,633.4,447.951592
1778014800000,633.4,634.9,631.8,633.4,431.116789
1778018400000,633.5,634.8,630.1,632.0,351.003849
1778022000000,631.9,632.3,629.8,630.6,135.593615
1778025600000,630.5,631.7,629.0,631.0,514.842258
1778029200000,631.1,634.4,630.7,634.4,658.242194
1778032800000,634.5,635.2,632.9,634.3,300.754627
1778036400000,634.4,636.0,631.3,635.5,2212.155585
1778040000000,635.6,636.5,633.8,635.0,1342.628476
1778043600000,635.0,635.2,633.0,635.1,343.955751
1778047200000,635.2,636.4,634.8,636.3,698.612793
1778050800000,636.3,640.7,636.1,638.4,1633.201514
1778054400000,638.4,646.7,638.2,646.5,1877.363661
1778058000000,646.5,647.8,643.7,647.2,1250.388743
1778061600000,647.3,648.4,645.2,645.8,1007.860401
1778065200000,645.8,652.9,645.7,652.7,2982.684764
1778068800000,652.9,664.7,651.7,657.3,8901.29409
1778072400000,657.2,657.2,645.9,647.3,1780.875456
1778076000000,647.3,650.4,643.5,647.4,1116.987603
1778079600000,647.3,649.5,646.7,648.5,266.627097
1778083200000,648.5,650.8,646.4,649.6,843.293736
1778086800000,649.7,650.4,647.9,648.8,239.93138
1778090400000,648.8,650.5,647.5,650.0,616.81194
1778094000000,650.0,651.1,648.8,650.6,110.273291
1778097600000,650.6,651.8,647.9,648.9,172.813726
1778101200000,649.1,650.5,647.5,649.8,181.376863
1778104800000,649.8,650.2,646.7,647.0,163.771335
1778108400000,646.9,648.0,644.6,647.9,499.319949
1778112000000,647.9,650.0,644.6,644.8,1155.811277
1778115600000,644.8,645.4,641.7,645.1,711.90451
1778119200000,645.2,645.2,642.0,643.8,719.125861
1778122800000,643.9,644.6,641.6,642.5,534.05615
1778126400000,642.6,644.4,642.1,644.3,245.307617
1778130000000,644.3,647.5,644.3,647.5,958.36473
1778133600000,647.4,648.5,645.3,648.4,1868.051765
1778137200000,648.5,653.8,647.9,652.4,861.920064
1778140800000,652.4,653.4,649.3,651.2,422.518867
1778144400000,651.3,651.3,647.6,649.1,541.009382
1778148000000,649.1,649.8,646.2,647.9,395.297378
1778151600000,647.9,649.4,646.7,648.2,274.314163
1778155200000,648.2,651.3,647.6,651.0,523.824435
1778158800000,650.9,650.9,645.4,647.0,392.785038
1778162400000,647.0,647.2,640.8,642.6,694.436066
1778166000000,642.5,644.1,639.4,642.5,480.842927
1778169600000,642.7,643.8,639.5,641.6,522.986975
1778173200000,641.6,643.7,639.9,643.6,368.783049
1778176800000,643.7,644.6,642.3,643.5,161.944136
1778180400000,643.5,644.4,642.0,643.7,191.483516
1778184000000,643.8,645.3,643.5,643.5,265.408015
1778187600000,643.6,644.0,641.5,642.5,221.058432
1778191200000,642.5,642.5,633.7,635.7,1821.7937
1778194800000,635.6,637.7,634.3,637.2,333.087249
1778198400000,637.3,639.2,636.8,637.9,392.184776
1778202000000,638.0,638.8,636.2,638.2,250.014265
1778205600000,638.2,640.0,635.5,638.7,434.845978
1778209200000,638.7,640.7,636.9,639.7,344.59029
1778212800000,639.7,641.1,638.3,639.8,250.388335
1778216400000,639.9,640.4,638.1,638.2,300.998079
1778220000000,638.2,638.6,634.8,636.7,1040.496045
1778223600000,636.7,637.2,634.9,637.0,694.937604
1778227200000,637.0,638.2,636.0,638.2,1233.532377
1778230800000,638.3,639.9,637.6,638.6,347.093878
1778234400000,638.7,640.2,638.0,639.7,254.651893
1778238000000,639.8,641.6,639.8,641.3,217.131179
1778241600000,641.4,641.4,639.3,639.9,394.877666
1778245200000,639.9,640.3,637.6,639.0,249.111749
1778248800000,639.1,642.9,639.0,642.4,260.945062
1778252400000,642.3,644.2,639.4,644.0,354.784014
1778256000000,644.0,644.3,642.6,642.7,301.940401
1778259600000,642.8,647.2,642.7,645.9,742.205419
1778263200000,645.9,649.6,645.9,648.2,844.914008
1778266800000,647.9,649.1,647.3,648.2,487.040775
1778270400000,648.4,649.2,646.2,647.0,535.750348
1778274000000,647.1,650.3,646.6,650.3,661.514688
1778277600000,650.4,651.7,650.2,650.3,403.036914
1778281200000,650.3,650.7,647.8,649.5,295.851231
1778284800000,649.6,653.3,649.1,652.1,507.157549
1778288400000,652.2,656.3,652.2,655.0,1590.408158
1778292000000,654.9,655.5,653.8,654.5,344.817047
1778295600000,654.5,655.1,653.1,653.9,309.112212
1778299200000,653.9,656.1,652.9,653.1,1101.142358
1778302800000,653.2,653.2,650.6,651.2,492.720672
1778306400000,651.3,652.1,649.9,651.7,476.461659
1778310000000,651.4,651.7,649.1,649.8,383.325557
1778313600000,649.8,651.1,649.7,650.8,303.723882
1778317200000,650.8,651.2,648.6,649.9,352.498442
1778320800000,650.0,650.1,648.5,649.2,197.237567
1778324400000,649.2,651.1,649.1,650.3,958.302794
1778328000000,650.3,650.8,649.2,650.0,318.978695
1778331600000,650.0,650.1,648.4,649.6,152.879852
1778335200000,649.6,649.7,647.0,647.0,315.611321
1778338800000,647.1,648.4,646.1,647.6,237.799011
1778342400000,647.6,649.9,647.1,648.5,311.620091
1778346000000,648.5,650.6,648.4,650.1,297.228285
1778349600000,650.1,651.9,649.9,651.2,117.845628
1778353200000,651.2,651.2,650.5,651.1,71.853374
1778356800000,651.2,651.2,650.0,650.7,138.121735
1778360400000,650.9,652.6,650.6,651.6,284.619341
1778364000000,651.7,652.2,650.7,651.1,111.039316
1778367600000,651.2,651.8,649.7,649.9,128.663225
1778371200000,649.9,650.6,646.6,646.9,671.669944
1778374800000,647.0,647.0,644.9,646.6,385.540693
1778378400000,646.7,647.9,645.6,647.7,145.998767
1778382000000,647.8,648.9,647.0,647.8,229.669181
1778385600000,647.8,648.6,647.4,648.2,131.499824
1778389200000,648.0,648.8,647.6,648.5,97.967313
1778392800000,648.4,648.9,647.4,648.5,159.772013
1778396400000,648.5,649.5,647.9,648.5,299.180332
1778400000000,648.6,650.9,648.2,650.5,370.594924
1778403600000,650.6,652.0,649.8,651.8,429.107494
1778407200000,651.6,651.8,650.0,651.1,242.778311
1778410800000,651.1,651.7,648.0,649.7,412.240959
1778414400000,649.7,649.8,648.6,649.8,128.216409
1778418000000,649.7,651.6,649.3,651.3,358.259442
1778421600000,651.2,652.7,650.3,651.8,404.823545
1778425200000,651.9,656.3,651.7,655.4,876.356185
1778428800000,655.6,657.6,654.5,657.2,591.697514
1778432400000,657.2,661.1,656.2,660.6,577.731
1778436000000,660.7,662.2,659.7,660.9,127.935182
1778439600000,660.8,662.5,658.9,661.2,263.113114
1778443200000,661.3,662.8,648.7,651.7,980.289011
1778446800000,651.6,654.7,651.0,652.7,513.591154
1778450400000,652.6,666.6,651.9,665.8,2006.965968
1778454000000,666.0,666.9,663.2,663.5,588.086838
1778457600000,663.6,664.9,656.5,657.8,565.395946
1778461200000,657.8,660.4,655.1,657.1,1704.113479
1778464800000,657.1,657.7,653.8,655.0,1434.670441
1778468400000,655.0,655.0,649.7,651.6,2443.118536
1778472000000,651.5,653.0,650.4,651.9,1365.354201
1778475600000,651.9,653.5,650.9,652.8,1262.476849
1778479200000,652.8,653.9,650.5,651.3,1300.093901
1778482800000,651.3,651.3,649.8,650.2,2569.616289
1778486400000,650.3,651.7,649.1,650.8,1662.622608
1778490000000,650.8,652.9,650.7,652.9,1090.099342
1778493600000,652.8,654.6,652.8,653.8,514.437047
1778497200000,653.8,655.8,653.1,655.8,235.998851
1778500800000,655.8,656.3,653.9,654.6,479.411433
1778504400000,654.7,656.7,651.5,654.6,515.469834
1778508000000,654.5,656.3,651.6,656.1,641.287895
1778511600000,656.2,661.4,655.6,661.2,704.584055
1778515200000,661.4,663.3,659.8,661.6,791.502679
1778518800000,661.6,663.0,659.3,662.4,322.663782
1778522400000,662.4,663.3,661.3,661.3,325.813081
1778526000000,661.4,663.5,660.9,663.3,455.684045
1778529600000,663.3,663.9,661.1,662.6,136.890164
1778533200000,662.6,664.3,662.4,663.9,362.361294
1778536800000,664.0,671.3,663.0,670.1,922.114886
1778540400000,670.2,673.1,668.2,670.6,735.704318
1778544000000,670.6,671.5,667.5,668.7,292.198586
1778547600000,668.7,669.5,659.2,663.5,743.016459
1778551200000,663.3,665.0,661.3,662.8,343.253306
1778554800000,662.9,663.6,661.1,661.9,214.65661
1778558400000,661.9,664.1,661.2,662.5,333.567231
1778562000000,662.6,664.2,662.5,662.5,297.675558
1778565600000,662.4,663.4,659.8,660.2,529.274436
1778569200000,660.1,660.9,658.0,658.6,309.345437
1778572800000,658.6,660.3,657.7,659.4,323.84456
1778576400000,659.5,662.1,658.7,661.9,397.835218
1778580000000,662.0,662.6,660.1,661.5,1021.271928
1778583600000,661.5,663.3,660.8,663.3,610.348325
1778587200000,663.4,664.7,660.9,661.6,542.85455
1778590800000,661.5,662.8,656.3,657.1,452.860591
1778594400000,657.2,658.5,652.7,654.1,1200.332594
1778598000000,654.0,656.0,650.5,652.3,720.608279
1778601600000,652.4,653.9,650.5,651.7,487.17918
1778605200000,651.8,656.7,651.7,656.4,361.963019
1778608800000,656.5,660.6,656.3,660.3,268.155406
1778612400000,660.3,663.3,660.3,662.9,408.990702
1778616000000,662.9,665.5,662.9,665.2,184.754136
1778619600000,665.3,667.1,664.4,665.0,286.308666
1778623200000,665.0,668.0,665.0,666.1,374.0321
1778626800000,666.1,666.4,663.9,664.9,156.807686
1778630400000,664.9,668.0,664.3,667.5,148.500138
1778634000000,667.5,680.0,666.9,678.4,2085.932651
1778637600000,678.5,681.3,677.5,680.3,998.404943
1778641200000,680.4,683.0,679.6,681.2,798.669079
1778644800000,681.3,682.2,676.5,679.8,863.720374
1778648400000,679.8,681.2,677.6,678.1,790.894233
1778652000000,678.0,678.8,675.9,676.3,1028.901714
1778655600000,676.3,679.0,675.9,678.9,460.884834
1778659200000,679.0,683.9,678.3,682.8,1112.839001
1778662800000,682.9,685.8,681.8,685.2,733.206661
1778666400000,685.3,685.5,680.1,680.3,712.711984
1778670000000,680.5,680.9,677.4,678.5,687.734413
1778673600000,678.5,680.3,669.0,672.6,1187.794068
1778677200000,672.7,674.8,667.1,667.6,1112.117913
1778680800000,667.5,673.4,665.6,672.2,1071.068594
1778684400000,672.2,673.9,663.9,664.3,1018.358903
1778688000000,664.4,670.4,664.4,670.1,880.539759
1778691600000,670.3,671.4,669.2,670.8,336.735059
1778695200000,670.9,674.8,670.8,671.7,659.966655
1778698800000,671.8,672.2,669.2,671.2,304.620797
1778702400000,671.4,672.5,670.8,672.5,128.14657
1778706000000,672.5,672.6,669.1,669.3,236.105408
1778709600000,669.3,672.2,668.1,671.9,142.421394
1778713200000,672.0,673.9,671.3,671.7,280.088698
1778716800000,671.7,677.5,671.5,675.3,317.053467
1778720400000,675.2,676.4,674.0,675.5,348.450199
1778724000000,675.4,675.9,669.4,670.0,558.160461
1778727600000,669.7,671.5,665.4,665.8,609.253476
1778731200000,665.9,668.4,665.5,667.6,401.375417
1778734800000,667.6,671.6,667.1,669.9,275.798164
1778738400000,669.7,671.6,669.1,670.1,314.67971
1778742000000,670.2,672.0,668.2,669.3,324.175354
1778745600000,669.3,673.6,668.5,673.2,460.293683
1778749200000,673.2,673.5,669.6,670.7,294.870414
1778752800000,670.7,673.4,670.5,673.1,249.205644
1778756400000,673.2,674.0,670.8,670.8,470.779459
1778760000000,670.8,678.3,670.7,678.3,537.593664
1778763600000,678.3,678.4,673.8,674.4,627.981297
1778767200000,674.3,680.3,673.9,678.2,1257.47391
1778770800000,678.3,680.6,676.5,679.9,794.3474
1778774400000,680.0,683.0,678.6,682.5,881.867372
1778778000000,682.6,687.7,680.8,682.1,1487.361056
1778781600000,682.1,685.3,680.4,682.5,811.353524
1778785200000,682.6,683.1,679.2,680.1,382.928134
1778788800000,680.2,680.5,678.1,680.4,231.442613
1778792400000,680.5,681.4,679.4,681.0,167.291544
1778796000000,681.0,681.9,680.2,680.8,114.736606
1778799600000,680.7,680.7,677.3,678.2,435.278255
1778803200000,678.2,685.9,678.0,683.4,895.760311
1778806800000,683.4,685.0,679.5,679.8,370.125703
1778810400000,679.7,680.5,677.2,679.7,581.808515
1778814000000,679.8,683.7,678.6,681.9,435.506179
1778817600000,682.0,682.0,678.1,678.1,257.722525
1778821200000,678.4,679.6,673.7,676.4,636.504561
1778824800000,676.3,683.6,675.8,683.1,408.492518
1778828400000,683.1,689.0,681.3,684.5,1066.158254
1778832000000,684.4,687.3,682.7,685.7,694.375382
1778835600000,685.9,686.0,681.7,683.0,407.299194
1778839200000,683.2,689.9,682.3,689.1,645.116436
1778842800000,689.2,689.5,685.4,686.4,461.433075
1778846400000,686.4,686.5,682.1,682.6,700.958898
1778850000000,682.6,682.7,670.5,671.4,1709.137679
1778853600000,671.4,676.7,670.0,676.1,1063.287298
1778857200000,676.1,676.4,669.1,671.7,784.569007
1778860800000,671.8,675.1,671.1,674.6,319.21661
1778864400000,674.6,676.8,674.4,675.4,201.134896
1778868000000,675.4,676.5,673.1,674.4,230.025399
1778871600000,674.4,675.4,672.4,674.1,177.280816
1778875200000,674.1,674.4,672.1,673.6,241.661182
1778878800000,673.6,674.5,671.8,671.9,241.072476
1778882400000,672.0,673.5,671.9,673.4,197.586784
1778886000000,673.5,673.5,671.2,672.5,220.696916
1778889600000,672.4,674.9,671.8,672.2,273.839279
1778893200000,672.3,673.5,670.3,670.5,433.982914
1778896800000,670.5,671.1,667.1,668.7,796.163209
1778900400000,668.7,668.9,665.0,665.3,631.55269
1778904000000,665.3,665.3,660.7,662.6,1655.551743
1778907600000,662.6,664.9,661.5,664.3,741.087845
1778911200000,664.4,664.9,659.3,660.2,969.503229
1778914800000,660.3,661.2,656.2,660.6,1021.764032
1778918400000,660.7,661.8,659.5,661.7,282.777346
1778922000000,661.7,661.8,651.3,652.5,2037.653238
1778925600000,652.5,654.6,650.7,654.1,734.231053
1778929200000,654.2,656.1,654.2,654.3,298.274667
1778932800000,654.3,654.6,652.8,653.5,247.335936
1778936400000,653.5,653.6,651.5,652.1,728.846123
1778940000000,652.2,655.0,650.9,653.3,588.659753
1778943600000,653.3,657.5,653.1,655.2,769.450741
1778947200000,655.2,656.9,654.9,656.9,245.147948
1778950800000,656.9,657.3,655.2,655.9,155.476553
1778954400000,655.8,658.3,655.5,657.9,123.378776
1778958000000,657.9,657.9,656.0,656.2,154.399551
1778961600000,656.2,657.5,656.1,656.6,105.408916
1778965200000,656.6,657.6,656.2,657.4,155.262488
1778968800000,657.3,657.7,656.3,656.5,172.714533
1778972400000,656.4,657.1,655.9,656.2,92.016656
1778976000000,656.2,657.3,651.1,651.9,617.669089
1778979600000,651.9,653.9,649.9,650.7,432.415134
1778983200000,650.6,652.4,650.5,651.2,359.410868
1778986800000,651.3,653.8,651.3,652.8,357.439375
1778990400000,652.6,654.9,652.5,654.6,140.214585
1778994000000,654.7,656.2,654.6,655.2,258.851662
1778997600000,655.2,655.9,654.5,655.3,131.867226
1779001200000,655.3,655.8,654.4,655.2,161.772048
1779004800000,655.3,655.4,653.7,653.8,134.578607
1779008400000,653.9,654.5,650.3,653.2,230.23277
1779012000000,653.3,655.5,653.3,654.8,219.442991
1779015600000,654.9,655.5,653.7,655.0,147.900977
1779019200000,655.1,657.4,654.6,656.6,182.438769
1779022800000,656.6,656.6,653.0,653.6,291.856485
1779026400000,653.6,653.6,650.4,652.0,263.543118
1779030000000,652.1,652.9,650.9,652.3,157.462695
1779033600000,652.3,653.5,651.3,651.6,188.681236
1779037200000,651.6,651.9,650.3,651.6,275.535259
1779040800000,651.7,653.4,650.9,653.4,205.48005
1779044400000,653.5,656.3,653.5,656.1,88.834148
1779048000000,656.1,656.3,653.8,654.6,144.914394
1779051600000,654.6,657.6,654.1,657.0,370.095383
1779055200000,656.9,657.0,653.1,653.8,178.741057
1779058800000,653.8,653.9,639.3,649.4,2264.38008
1779062400000,649.6,649.7,645.0,646.4,331.834801
1779066000000,646.3,646.6,642.2,646.3,396.938482
1779069600000,646.4,648.0,644.0,644.5,294.851176
1779073200000,644.5,645.8,643.0,643.3,139.171444
1779076800000,643.4,644.3,640.9,643.7,466.057883
1779080400000,643.7,644.2,641.4,641.8,218.304023
1779084000000,641.9,642.6,637.3,640.7,886.00367
1779087600000,640.7,642.4,638.8,641.7,418.212156
1779091200000,641.8,642.0,638.6,640.2,357.760841
1779094800000,640.2,640.6,638.9,639.4,266.378381
1779098400000,639.4,639.4,637.2,638.3,241.453532
1779102000000,638.3,643.6,637.7,641.7,338.160396
1779105600000,641.8,645.4,641.7,643.3,467.655424
1779109200000,643.3,643.3,637.6,640.0,846.084206
1779112800000,639.9,639.9,635.0,636.7,1021.870074
1779116400000,636.8,637.6,634.2,637.0,470.600948
1779120000000,637.1,640.0,635.7,639.5,1107.797028
1779123600000,639.5,641.0,638.8,640.3,211.153356
1779127200000,640.3,640.5,636.3,637.8,164.031405
1779130800000,637.8,644.9,637.5,644.7,379.528647
1779134400000,644.9,645.5,642.1,642.6,259.01089
1779138000000,642.6,646.2,641.9,645.6,370.003832
1779141600000,645.7,646.4,643.9,644.9,269.11043
1779145200000,645.0,645.8,642.9,643.4,164.966058
1779148800000,643.5,647.2,643.4,645.8,294.228017
1779152400000,645.9,646.1,643.1,643.1,196.851229
1779156000000,643.0,644.5,641.2,641.9,442.473323
1779159600000,641.7,644.7,641.3,642.8,195.535027
1779163200000,642.8,644.5,641.7,643.3,163.408593
1779166800000,643.3,643.9,640.9,643.7,351.257137
1779170400000,643.6,645.1,643.1,644.4,245.238277
1779174000000,644.3,646.3,643.1,645.8,301.575958
1779177600000,645.9,645.9,641.9,642.3,343.899244
1779181200000,642.4,642.5,639.8,640.6,375.959697
1779184800000,640.7,641.1,638.1,640.1,561.913353
1779188400000,640.1,640.9,638.3,639.9,792.423666
1779192000000,640.0,641.6,639.6,641.5,397.857599
1779195600000,641.6,642.0,638.9,640.4,321.625686
1779199200000,640.3,641.4,636.2,638.2,393.007713
1779202800000,638.2,640.5,637.8,638.6,255.638984
1779206400000,638.7,640.7,637.8,640.6,253.515323
1779210000000,640.7,641.4,639.6,640.6,131.262876
1779213600000,640.6,641.1,639.2,640.2,113.005511
1779217200000,640.3,641.8,639.2,639.9,127.158369
1779220800000,639.9,641.2,639.9,641.0,107.992265
1779224400000,641.2,641.7,640.1,640.1,152.993888
1779228000000,640.1,640.1,637.8,638.6,116.923481
1779231600000,638.5,641.3,638.2,639.9,320.449293
1779235200000,639.9,639.9,637.5,639.3,220.771062
1779238800000,639.4,640.8,637.7,640.2,130.623854
1779242400000,640.3,640.6,638.3,639.0,548.286701
1779246000000,639.0,640.5,638.1,640.2,127.582362
1779249600000,640.2,640.8,638.4,639.8,145.626693
1779253200000,639.9,643.5,639.9,642.6,401.466543
1779256800000,642.6,644.0,641.7,643.7,216.421168
1779260400000,643.7,644.8,643.0,643.3,200.537571
1779264000000,643.4,645.4,643.2,644.3,315.814958
1779267600000,644.3,645.0,643.7,644.4,382.568931
1779271200000,644.4,645.2,643.6,643.9,372.835736
1779274800000,643.9,644.1,642.2,643.3,317.823117
1779278400000,643.3,646.0,642.9,644.9,216.270203
1779282000000,645.0,645.2,641.7,643.2,337.941323
1779285600000,643.3,649.5,641.3,648.0,693.603719
1779289200000,648.0,649.9,646.9,648.7,395.920803
1779292800000,648.8,649.9,646.1,648.7,418.365584
1779296400000,648.6,651.4,647.8,649.4,311.275607
1779300000000,649.5,649.9,648.4,648.8,113.74905
1779303600000,648.8,650.9,648.0,650.6,155.315686
1779307200000,650.6,651.4,648.7,651.1,126.693494
1779310800000,651.2,651.7,649.2,649.3,134.322388
1779314400000,649.3,649.3,647.1,648.6,98.088163
1779318000000,648.5,649.6,647.4,649.4,99.593137
1779321600000,649.5,653.9,649.3,653.9,365.967914
1779325200000,653.7,654.8,652.3,653.2,422.718571
1779328800000,653.1,655.4,652.5,654.0,199.084019
1779332400000,653.9,655.3,653.0,654.8,254.778693
1779336000000,654.8,655.3,653.3,654.4,206.260231
1779339600000,654.4,655.3,651.9,652.8,327.868209
1779343200000,652.8,653.1,650.3,651.5,185.399173
1779346800000,651.4,653.1,650.8,652.9,469.541413
1779350400000,653.0,656.0,652.8,654.8,352.412938
1779354000000,654.8,655.4,652.9,653.3,193.28368
1779357600000,653.4,653.9,648.0,648.3,450.654617
1779361200000,648.4,649.6,647.4,647.8,283.926118
1779364800000,647.8,650.4,647.5,649.6,272.479532
1779368400000,649.7,651.0,646.0,649.5,586.559587
1779372000000,649.6,651.3,647.8,648.9,330.205079
1779375600000,649.0,653.0,648.8,652.1,334.912466
1779379200000,652.2,653.2,650.3,651.1,242.142102
1779382800000,651.2,659.6,651.0,657.7,814.748137
1779386400000,657.8,659.4,654.5,655.7,375.182884
1779390000000,655.8,658.3,655.8,657.9,150.278655
1779393600000,658.0,658.4,657.1,657.4,76.658263
1779397200000,657.4,659.0,657.4,657.5,102.162639
1779400800000,657.6,658.1,656.2,656.9,170.094682
1779404400000,656.9,658.8,656.4,658.6,320.654882
1779408000000,658.6,659.1,657.0,657.0,275.793308
1779411600000,657.1,660.4,656.2,659.5,253.951412
1779415200000,659.5,661.0,658.7,660.6,711.15692
1779418800000,660.4,661.6,659.4,659.7,251.653617
1779422400000,659.7,660.5,658.6,659.0,193.788599
1779426000000,659.2,659.3,656.7,657.2,325.235255
1779429600000,657.3,657.8,655.9,656.2,243.562598
1779433200000,656.2,660.0,655.6,659.6,267.635201
1779436800000,659.7,664.1,659.1,659.5,1131.992658
1779440400000,659.2,659.3,656.4,656.9,343.060318
1779444000000,657.3,657.3,654.9,656.2,382.750859
1779447600000,656.2,658.1,655.3,658.1,228.054108
1779451200000,658.1,660.9,657.9,660.9,350.636181
1779454800000,660.9,664.2,660.5,664.1,931.378862
1779458400000,664.1,664.3,656.6,657.4,1837.592498
1779462000000,657.4,659.8,656.4,658.5,490.37428
1779465600000,658.6,660.9,657.9,660.5,511.987536
1779469200000,660.6,661.7,658.7,659.8,389.493279
1779472800000,659.8,659.9,648.4,653.5,872.330648
1779476400000,653.6,654.1,648.4,652.4,604.52979
1779480000000,652.6,654.1,651.9,653.0,232.004445
1779483600000,653.1,654.0,652.2,653.3,178.168715
1779487200000,653.2,653.4,650.7,652.6,146.419192
1779490800000,652.7,653.2,648.6,650.5,280.952269
1779494400000,650.5,652.2,648.0,651.1,375.278716
1779498000000,651.1,652.3,649.6,650.4,170.35571
1779501600000,650.4,651.7,649.6,651.6,412.187134
1779505200000,651.4,653.1,650.1,652.4,260.25606
1779508800000,652.4,652.7,650.0,650.1,219.757016
1779512400000,650.1,650.4,648.3,649.0,168.496855
1779516000000,649.1,649.6,648.3,648.6,184.652363
1779519600000,648.7,648.9,635.1,636.8,1636.959801
1779523200000,636.8,640.5,635.8,640.4,896.93528
1779526800000,640.4,640.8,638.5,638.6,335.360862
1779530400000,638.6,640.8,638.6,640.2,340.300952
1779534000000,640.2,641.2,639.7,640.2,183.686551
1779537600000,640.2,640.9,639.3,640.6,164.260028
1779541200000,640.6,643.4,640.6,642.9,381.966729
1779544800000,643.1,647.8,642.3,647.3,486.35769
1779548400000,647.5,648.8,646.4,647.5,340.559155
1779552000000,647.5,648.3,646.0,646.6,2128.644964
1779555600000,646.7,649.4,646.7,649.1,161.342495
1779559200000,649.2,653.1,648.9,651.4,276.687886
1779562800000,651.5,653.0,650.7,652.4,199.83822
1779566400000,652.4,661.4,651.8,661.3,879.54115
1779570000000,661.5,664.1,655.1,657.5,1031.429995
1779573600000,657.5,658.4,654.3,656.7,259.180302
1779577200000,656.6,657.6,655.9,656.3,169.799443
1779580800000,656.3,658.0,655.5,656.6,163.329114
1779584400000,656.6,658.2,656.4,657.5,112.864502
1779588000000,657.6,658.8,656.2,657.9,265.950711
1779591600000,657.8,658.8,656.3,657.2,133.151529
1779595200000,657.2,658.0,656.3,656.3,160.617387
1779598800000,656.4,656.4,654.0,655.4,291.051737
1779602400000,655.3,657.9,654.8,657.5,155.505799
1779606000000,657.6,657.6,655.9,656.6,97.94908
1779609600000,656.6,659.1,656.2,658.8,140.062096
1779613200000,658.7,660.1,658.3,659.8,434.27685
1779616800000,659.8,662.5,659.0,660.8,402.190092
1779620400000,660.9,662.5,660.5,661.3,350.001242
1779624000000,661.4,661.4,658.6,660.1,161.761682
1779627600000,660.3,660.7,656.5,657.4,203.257399
1779631200000,657.5,658.3,652.0,655.5,681.129636
1779634800000,655.6,656.5,655.2,655.5,142.085672
1779638400000,655.6,657.7,655.2,656.7,199.264333
1779642000000,656.8,657.6,656.2,656.2,200.163639
1779645600000,656.3,656.3,654.9,655.3,98.214299
1779649200000,655.4,656.4,655.2,656.1,87.714749
1779652800000,656.2,656.3,655.0,655.1,84.990068
1779656400000,655.2,655.9,649.7,650.3,368.118132
1779660000000,650.3,656.1,650.2,654.6,452.428909
1779663600000,654.8,657.6,654.8,656.7,92.711121
1779667200000,656.7,659.8,656.7,658.8,163.238351
1779670800000,658.9,659.8,655.7,655.8,162.460336
1779674400000,655.9,659.9,655.9,657.0,192.045957
1779678000000,657.1,657.6,656.0,657.1,96.60215
1779681600000,657.2,660.0,656.4,659.4,165.420227
1779685200000,659.4,661.2,659.3,660.8,268.448307
1779688800000,660.8,662.0,659.2,661.0,302.47337
1779692400000,661.0,662.1,660.3,662.0,662.777428
1779696000000,662.0,662.8,660.9,662.1,335.28719
1779699600000,662.1,663.4,661.1,661.6,359.827156
1779703200000,661.6,662.6,661.3,661.8,199.223769
1779706800000,661.8,662.5,660.9,662.2,210.296578
1779710400000,662.4,671.2,662.2,669.7,1265.734151
1779714000000,669.7,672.1,669.1,671.9,793.125273
1779717600000,672.0,673.1,670.5,671.4,690.660841
1779721200000,671.4,671.7,666.8,667.8,355.032813
1779724800000,667.8,668.3,666.7,667.3,178.026478
1779728400000,667.2,667.5,661.0,661.2,487.423297
1779732000000,661.3,664.1,661.1,663.0,443.231577
1779735600000,663.1,663.2,661.1,662.4,88.360059
1779739200000,662.5,663.0,660.5,661.6,92.326872
1779742800000,661.6,662.4,661.4,661.8,163.457718
1779746400000,661.9,663.0,660.5,660.9,163.891537
1779750000000,660.7,663.2,660.6,663.1,142.923456
1779753600000,663.2,663.7,657.2,659.6,369.155146
1779757200000,659.6,659.7,656.2,657.7,338.268832
1779760800000,657.7,659.8,657.1,659.3,459.68716
1779764400000,659.4,659.5,657.3,658.0,237.223516
1779768000000,658.1,659.6,657.0,659.1,556.087335
1779771600000,659.1,659.9,658.3,659.4,313.836634
1779775200000,659.4,659.8,657.7,658.1,266.249587
1779778800000,658.2,659.0,655.2,657.9,350.494539
1779782400000,657.8,658.2,656.5,657.1,132.371413
1779786000000,657.2,658.0,656.4,657.0,235.912134
1779789600000,657.0,664.7,656.6,662.8,285.146532
1779793200000,662.9,663.8,661.7,662.4,204.89837
1779796800000,662.5,663.0,660.3,662.6,612.901002
1779800400000,662.7,665.1,660.9,663.3,672.84648
1779804000000,663.4,668.2,660.8,663.2,946.266223
1779807600000,663.1,663.6,657.3,660.2,532.652
1779811200000,660.3,661.0,657.7,659.8,354.268377
1779814800000,659.8,660.3,653.5,655.9,767.973228
1779818400000,655.8,657.8,655.1,655.4,195.313719
1779822000000,655.6,657.9,654.9,657.2,68.329579
1779825600000,657.3,658.0,656.8,657.3,118.133535
1779829200000,657.4,657.6,655.2,656.5,202.996064
1779832800000,656.5,657.4,655.3,656.1,192.587991
1779836400000,656.1,657.9,656.1,656.5,133.504502
1779840000000,656.6,658.9,656.4,658.5,164.486157
1779843600000,658.6,659.1,656.9,657.2,216.541895
1779847200000,657.3,657.4,654.6,656.5,237.296911
1779850800000,656.6,656.9,654.2,654.6,184.529844
1779854400000,654.5,654.5,650.7,654.3,277.474919
1779858000000,654.4,654.9,653.1,653.4,213.610046
1779861600000,653.6,653.8,652.2,652.9,337.229161
1779865200000,653.0,653.6,651.6,653.4,221.516943
1779868800000,653.5,654.9,652.4,653.8,922.615624
1779872400000,654.0,654.8,653.0,654.3,220.057423
1779876000000,654.3,655.9,653.5,654.7,233.010926
1779879600000,654.8,655.8,653.9,654.0,191.585771
1779883200000,654.1,657.4,653.3,655.2,389.237953
1779886800000,655.4,655.6,650.2,652.5,364.74854
1779890400000,652.5,654.5,651.5,654.4,383.185161
1779894000000,654.2,658.3,654.1,657.7,248.517056
1779897600000,657.8,660.0,654.9,656.1,215.181055
1779901200000,656.1,656.2,650.5,651.1,264.367298
1779904800000,651.0,653.8,650.4,653.7,235.705391
1779908400000,653.8,654.4,653.0,653.6,79.031928
1779912000000,653.5,655.0,653.2,654.0,89.274022
1779915600000,654.1,654.4,646.9,648.6,468.010718
1779919200000,648.7,650.1,646.9,647.0,156.932297
1779922800000,646.9,649.3,646.5,648.9,186.347092
1779926400000,648.8,649.0,647.0,648.9,199.967488
1779930000000,649.0,649.4,645.4,646.6,218.020662
1779933600000,646.8,647.0,644.0,645.0,317.831933
1779937200000,644.9,645.6,636.9,637.7,1089.383625
1779940800000,637.8,637.9,633.0,636.5,892.590349
1779944400000,636.6,636.6,633.1,634.7,428.427136
1779948000000,634.6,635.2,631.3,634.2,546.13418
1779951600000,634.2,636.6,633.6,635.0,281.868342
1779955200000,635.1,635.3,633.7,634.8,252.538712
1779958800000,634.8,635.3,632.2,634.2,703.6391
1779962400000,634.2,635.2,632.6,633.5,335.91987
1779966000000,633.4,633.5,631.6,632.8,361.756458
1779969600000,632.9,633.5,630.4,633.3,280.113847
1779973200000,633.3,633.9,629.3,631.4,560.967271
1779976800000,631.4,636.7,628.3,635.3,662.567061
1779980400000,635.1,635.9,631.5,634.8,671.567851
1779984000000,634.9,640.6,633.6,640.2,593.945876
1779987600000,640.3,641.9,638.9,640.5,376.764558
1779991200000,640.3,642.5,640.1,641.7,138.589729
1779994800000,641.9,641.9,639.6,639.6,152.738094
1779998400000,639.7,641.7,638.4,641.0,132.390001
1780002000000,641.0,642.6,640.7,642.0,182.833535
1780005600000,641.9,642.5,638.5,638.8,88.365115
1780009200000,638.9,639.8,637.7,638.2,123.762463
1780012800000,638.3,639.6,638.2,638.5,188.355221
1780016400000,638.6,639.2,635.9,636.9,229.913784
1780020000000,637.0,637.6,633.9,634.2,418.326778
1780023600000,634.6,636.7,634.3,635.4,188.296157
1780027200000,635.5,636.7,634.5,636.5,173.389419
1780030800000,636.6,638.4,636.4,638.3,292.120786
1780034400000,638.4,639.5,637.5,638.1,153.040771
1780038000000,638.1,638.5,635.7,637.4,151.758915
1780041600000,637.0,638.2,636.7,636.8,149.827969
1780045200000,636.8,640.9,636.7,640.7,355.525952
1780048800000,640.8,641.3,639.0,639.4,193.657708
1780052400000,639.2,639.4,635.4,637.1,218.837071
1780056000000,637.1,637.2,635.2,635.9,152.583181
1780059600000,635.9,636.8,634.2,635.7,351.797261
1780063200000,635.7,636.9,630.8,635.0,664.940338
1780066800000,635.0,643.0,634.5,639.8,1209.357412
1780070400000,639.9,644.2,638.3,644.1,532.242191
1780074000000,644.1,645.0,642.1,642.6,358.769426
1780077600000,642.7,643.1,638.4,639.7,231.289173
1780081200000,639.7,642.9,639.4,641.7,130.393081
1780084800000,641.5,643.4,641.4,642.3,302.368161
1780088400000,642.4,643.9,641.6,641.7,411.607092
1780092000000,641.8,643.6,641.8,642.7,139.242454
1780095600000,642.8,643.4,641.4,643.4,138.734327
1780099200000,643.4,647.5,642.7,646.9,236.134493
1780102800000,647.0,653.8,646.3,653.5,453.965486
1780106400000,653.5,658.6,652.0,657.8,1164.266487
1780110000000,657.9,661.0,657.0,658.1,995.398886
1780113600000,658.2,660.7,656.4,659.0,622.275945
1780117200000,659.0,666.8,658.5,666.4,954.889594
1780120800000,666.5,669.9,664.3,667.6,1542.653582
1780124400000,667.6,674.4,667.1,673.0,1393.024038
1780128000000,673.1,675.4,669.5,673.2,1534.227997
1780131600000,673.3,677.2,670.8,674.8,662.647846
1780135200000,674.9,676.1,674.3,675.2,1210.478677
1780138800000,675.2,675.2,670.6,673.8,691.116249
1780142400000,673.8,674.0,671.6,673.1,390.822655
1780146000000,673.1,674.9,671.0,674.8,418.733146
1780149600000,674.9,687.7,674.2,686.7,2395.560203
1780153200000,686.7,695.0,685.3,694.6,2931.321717
1780156800000,694.7,710.2,694.5,708.5,5575.826117
1780160400000,708.5,717.3,700.8,713.1,6565.733332
1780164000000,713.1,717.0,708.9,716.9,3385.962226
1780167600000,716.8,724.8,712.7,720.9,6165.839596
1780171200000,721.1,723.5,717.7,719.5,2303.426299
1780174800000,719.6,728.9,717.6,719.2,4394.580896
1780178400000,719.2,719.9,707.4,716.1,1879.123573
1780182000000,716.1,720.3,715.9,718.8,1904.427812
1780185600000,718.9,727.7,718.9,723.6,3928.654591
1780189200000,723.6,729.9,722.6,728.3,2727.318801
1780192800000,728.3,743.5,727.4,740.1,4118.163078
1780196400000,740.0,745.8,734.4,740.1,4010.636183
1780200000000,740.1,742.3,731.6,734.3,2269.29804
1780203600000,734.4,741.5,732.7,737.6,1612.424806
1780207200000,737.6,737.7,732.4,736.1,1685.800115
1780210800000,736.0,736.1,717.2,719.8,4740.098196
1780214400000,719.9,725.3,719.0,723.5,2320.975185
1780218000000,723.4,725.7,718.0,720.0,1975.038666
1780221600000,720.0,724.4,719.5,721.0,1039.602388
1780225200000,721.1,724.6,720.2,723.1,1161.258436
1780228800000,723.1,726.3,721.7,725.1,1314.215661
1780232400000,725.1,733.7,724.1,727.5,2229.277674
1780236000000,727.6,729.9,718.1,719.8,2222.24512
1780239600000,719.8,725.0,719.4,720.9,1613.52973
1780243200000,721.0,722.1,702.9,709.2,4668.832411
1780246800000,709.1,718.1,709.0,714.2,1798.200203
1780250400000,714.1,714.1,708.9,709.9,2639.431667
1780254000000,709.9,711.0,707.4,708.7,618.084133
1780257600000,708.7,711.5,708.7,710.4,777.260342
1780261200000,710.4,712.2,707.2,711.2,693.210056
1780264800000,711.1,715.0,707.8,711.7,415.961426
1780268400000,711.8,713.3,706.5,710.6,537.55194
1780272000000,710.6,717.1,709.1,710.7,1034.103378
1780275600000,710.8,711.1,693.3,695.4,3050.883916
1780279200000,695.3,708.9,693.9,707.6,1368.322078
1780282800000,707.5,710.0,702.8,703.7,1262.264435
1780286400000,703.7,705.5,696.1,698.1,1138.602873
1780290000000,698.2,698.5,694.1,695.8,899.219654
1780293600000,695.9,696.3,691.2,693.5,1881.909063
1780297200000,693.5,694.4,684.8,686.3,1431.855221
1780300800000,686.4,689.6,685.4,689.6,899.596282
1780304400000,689.6,729.9,688.8,711.3,9202.426691
1780308000000,711.2,714.5,695.0,702.0,3643.087064
1780311600000,702.0,708.3,695.0,697.0,1649.633094
1780315200000,697.1,698.3,686.1,692.7,4717.956285
1780318800000,692.7,693.1,679.4,686.7,4434.49328
1780322400000,686.8,686.8,674.7,678.7,2025.257409
1780326000000,678.8,685.5,677.6,677.6,1136.676784
1780329600000,677.7,686.0,674.3,684.9,2535.898556
1780333200000,684.9,688.9,684.0,687.9,2339.877809
1780336800000,687.9,695.8,686.5,691.5,2566.597373
1780340400000,691.5,696.5,690.7,696.3,924.455228
1780344000000,696.3,701.8,695.0,695.9,1868.81901
1780347600000,695.8,695.9,689.3,690.0,1386.738629
1780351200000,690.0,694.6,688.5,693.5,638.018917
1780354800000,693.6,696.0,692.5,693.4,592.158307
1780358400000,693.3,694.1,690.1,690.4,773.16107
1780362000000,690.5,692.5,684.7,684.8,991.998018
1780365600000,685.0,693.6,681.5,691.0,1814.903952
1780369200000,691.1,695.6,690.0,693.6,860.347421
1780372800000,693.7,694.2,686.0,686.8,923.451179
1780376400000,686.8,689.0,683.1,683.7,543.924072
1780380000000,683.8,685.2,680.3,683.2,584.767397
1780383600000,683.4,686.4,680.6,681.8,562.710007
1780387200000,681.9,685.2,680.8,681.9,579.579155
1780390800000,682.0,682.4,676.4,677.8,1379.352053
1780394400000,677.8,680.9,675.6,680.2,2462.612825
1780398000000,680.1,680.1,676.9,678.2,639.333239
1780401600000,678.2,680.3,675.1,676.1,1031.542234
1780405200000,676.1,677.2,672.0,674.9,1508.948464
1780408800000,674.9,677.7,666.6,673.6,2681.086689
1780412400000,673.6,673.7,658.0,663.2,6839.953468
1780416000000,663.2,671.5,660.6,664.1,1450.393349
1780419600000,664.0,667.3,663.4,666.4,634.839215
1780423200000,666.4,667.7,659.2,659.7,653.35151
1780426800000,659.7,662.3,652.1,660.2,1237.912093
1780430400000,660.2,662.7,656.3,661.4,405.583813
1780434000000,661.5,663.2,658.8,659.7,466.594934
1780437600000,659.6,659.6,642.4,648.2,1546.362339
1780441200000,648.4,651.8,645.2,650.7,1067.462556
1780444800000,650.8,657.4,650.4,654.6,708.712552
1780448400000,654.7,655.0,646.7,650.0,735.43346
1780452000000,650.0,650.5,644.1,644.8,520.52208
1780455600000,645.0,646.6,631.0,633.9,1849.17776
1780459200000,634.0,639.9,633.1,636.7,807.143117
1780462800000,636.9,646.4,636.1,645.9,969.417131
1780466400000,646.1,646.8,640.3,640.6,382.267226
1780470000000,640.7,645.2,640.0,644.2,412.012128
1780473600000,644.1,645.9,640.9,644.6,431.60131
1780477200000,644.8,646.0,638.8,641.8,657.582592
1780480800000,641.9,646.0,640.8,641.7,402.388041
1780484400000,641.8,644.9,637.0,637.4,730.493093
1780488000000,637.4,637.5,633.2,635.4,723.98277
1780491600000,635.5,637.4,630.0,633.0,1573.874736
1780495200000,633.1,637.8,630.1,637.0,734.258001
1780498800000,637.1,639.3,632.8,632.9,893.676214
1780502400000,633.0,633.6,620.0,628.2,2442.712371
1780506000000,628.3,628.7,623.8,627.0,884.314087
1780509600000,627.2,629.0,625.2,628.2,279.740775
1780513200000,628.2,628.9,621.7,622.8,661.450067
1780516800000,622.6,625.8,616.3,619.7,1203.299742
1780520400000,619.7,629.5,618.9,629.4,688.588275
1780524000000,629.2,630.0,625.6,627.2,887.380773
1780527600000,627.3,627.8,620.3,620.6,642.615557
1780531200000,620.7,624.5,612.8,616.2,1627.043353
1780534800000,616.3,617.7,599.3,602.5,2880.83617
1780538400000,602.5,609.8,590.4,608.1,2873.653545
1780542000000,608.3,621.4,608.1,618.9,1032.194888
1780545600000,619.1,621.2,613.8,614.7,802.233048
1780549200000,614.6,614.6,600.8,604.3,2222.329754
1780552800000,604.3,611.1,603.7,605.6,1043.898476
1780556400000,605.8,606.0,599.4,600.3,1178.903765
1780560000000,600.4,603.4,596.6,602.3,909.014478
1780563600000,602.4,602.4,591.2,598.0,1533.203181
1780567200000,597.7,598.0,588.1,590.7,1311.777498
1780570800000,590.6,595.5,588.7,595.3,835.26269
1780574400000,595.3,604.8,594.0,603.6,878.799853
1780578000000,603.5,606.1,597.1,604.7,830.66033
1780581600000,605.1,606.4,602.1,604.7,768.069407
1780585200000,604.6,609.3,603.8,606.4,554.639584
1780588800000,606.4,607.5,603.0,603.8,771.86156
1780592400000,603.7,605.4,599.4,604.4,392.622302
1780596000000,604.6,610.5,603.0,609.2,644.008704
1780599600000,609.2,610.1,605.3,606.6,218.643902
1780603200000,606.5,606.6,603.2,605.5,421.373096
1780606800000,605.4,607.5,597.9,599.5,652.864125
1780610400000,599.1,603.7,598.2,603.1,967.683804
1780614000000,602.9,605.3,599.2,604.6,671.102609
1780617600000,604.6,608.0,601.9,602.3,1095.461312
1780621200000,602.3,603.0,596.0,602.5,1421.045312
1780624800000,602.7,603.2,595.2,595.9,1085.581409
1780628400000,596.3,598.0,591.6,595.8,1609.200687
1780632000000,596.0,602.9,593.5,602.3,1236.188086
1780635600000,602.3,603.1,583.7,584.8,2696.402163
1780639200000,584.6,585.5,570.4,580.7,4963.775634
1780642800000,580.8,593.4,574.3,593.2,2569.649763
1780646400000,593.2,593.2,585.6,586.7,1065.474943
1780650000000,586.7,596.9,586.6,596.0,1164.903329
1780653600000,596.0,596.5,590.9,592.9,722.896489
1780657200000,592.9,595.6,589.7,590.2,763.792227
1780660800000,590.2,594.1,586.9,591.3,816.569091
1780664400000,591.3,596.4,580.6,581.1,1540.770759
1780668000000,581.5,590.0,580.1,583.1,1768.625329
1780671600000,583.3,584.0,574.7,578.8,3463.809814
1780675200000,578.8,583.1,568.0,577.9,5312.655026
1780678800000,578.0,580.0,572.7,575.8,1435.626791
1780682400000,576.1,577.0,560.8,561.4,2235.095145
1780686000000,561.5,570.1,556.6,567.3,2056.025389
1780689600000,567.3,578.3,563.3,577.7,1007.56621
1780693200000,577.4,579.3,575.7,576.7,453.076633
1780696800000,576.4,578.1,572.2,576.9,795.93976
1780700400000,577.2,578.0,566.9,572.0,750.650927
1780704000000,572.2,577.8,572.0,576.6,546.018192
1780707600000,576.7,579.9,574.5,576.7,664.86145
1780711200000,576.5,579.2,573.6,576.6,539.115719
1780714800000,576.4,576.7,570.6,573.2,507.690337
1780718400000,573.2,575.6,559.8,565.5,1269.425013
1780722000000,565.7,577.0,560.2,576.4,1545.577802
1780725600000,576.4,579.3,574.6,576.3,939.010719
1780729200000,576.2,581.5,575.8,579.1,800.669794
1780732800000,579.1,584.3,577.9,580.5,777.138316
1780736400000,580.5,582.3,574.7,576.4,754.715367
1780740000000,576.5,576.5,571.0,573.7,1155.150437
1780743600000,573.6,576.5,573.3,574.1,712.943839
1780747200000,574.1,577.4,571.8,575.8,515.804839
1780750800000,575.9,577.1,573.2,574.5,692.602309
1780754400000,574.2,577.2,574.0,574.9,358.902133
1780758000000,575.1,576.9,571.1,575.9,713.928856
1780761600000,575.9,577.7,571.3,574.1,380.473193
1780765200000,574.1,575.4,572.7,573.9,348.141131
1780768800000,573.8,576.0,573.0,574.4,135.477082
1780772400000,574.3,576.0,573.6,573.7,140.943952
1780776000000,573.7,575.6,572.6,574.7,213.256969
1780779600000,574.8,576.9,574.5,575.0,235.103466
1780783200000,575.0,575.0,570.9,572.8,322.624097
1780786800000,572.5,575.4,572.2,574.4,179.129333
1780790400000,574.5,576.0,573.6,574.0,528.799813
1780794000000,574.1,581.5,573.4,579.6,1074.647044
1780797600000,579.8,581.3,577.0,579.1,275.970949
1780801200000,579.1,581.3,578.0,581.1,658.504917
1780804800000,581.0,583.1,577.9,582.9,408.922872
1780808400000,582.9,586.9,581.7,585.4,573.041519
1780812000000,585.5,589.3,584.1,588.6,937.385852
1780815600000,588.3,590.1,587.5,589.8,868.620123
1780819200000,589.8,598.8,587.5,598.0,1019.584006
1780822800000,598.1,598.4,592.0,592.9,724.774903
1780826400000,593.0,594.0,590.0,592.8,571.552598
1780830000000,592.9,595.5,592.5,593.3,299.080272
1780833600000,593.4,593.9,585.7,588.5,1291.146902
1780837200000,588.5,589.8,587.0,588.9,306.485115
1780840800000,588.9,594.0,588.7,591.5,471.585831
1780844400000,591.5,593.3,589.1,591.4,628.19102
1780848000000,591.6,595.4,590.0,594.2,360.515576
1780851600000,593.9,597.4,593.7,596.1,358.936003
1780855200000,596.3,597.7,595.0,595.2,213.691765
1780858800000,595.3,595.4,586.8,588.7,561.702624
1780862400000,588.6,594.6,587.8,593.9,221.219552
1780866000000,594.1,595.2,592.4,594.0,352.458311
1780869600000,594.2,611.1,592.9,603.2,2175.87282
1780873200000,603.3,605.9,602.9,604.3,987.684945
1780876800000,604.4,608.4,602.9,605.6,622.280595
1780880400000,605.8,605.8,599.0,603.6,581.419567
1780884000000,604.1,604.5,601.4,601.9,236.247227
1780887600000,601.9,604.4,601.0,603.5,177.381866
1780891200000,603.5,603.6,596.1,596.4,671.166511
1780894800000,596.6,597.4,591.6,595.0,461.939629
1780898400000,595.0,597.6,594.8,595.8,268.21456
1780902000000,595.8,597.6,593.7,596.3,414.416779
1780905600000,596.3,596.3,593.5,595.5,488.082994
1780909200000,595.4,601.0,595.3,599.7,549.379662
1780912800000,599.8,600.0,596.7,598.1,449.071546
1780916400000,598.1,604.3,597.1,602.3,539.461717
1780920000000,602.4,603.6,597.9,603.3,667.960553
1780923600000,603.4,603.6,598.5,600.5,591.726029
1780927200000,600.5,603.5,599.5,603.3,436.880289
1780930800000,603.4,606.2,603.3,604.3,450.566997
1780934400000,604.4,607.9,603.4,603.9,393.958117
1780938000000,604.1,608.1,602.5,608.1,258.833692
1780941600000,608.1,610.0,606.8,607.7,261.605386
1780945200000,607.8,608.7,606.4,607.8,146.941166
1780948800000,607.8,608.2,605.5,607.1,85.676027
1780952400000,607.1,610.6,606.7,607.7,278.32694
1780956000000,607.7,607.7,604.4,606.2,229.469466
1780959600000,606.5,607.5,601.2,601.9,317.900689
1780963200000,602.0,602.9,593.1,595.7,1067.344701
1780966800000,595.7,599.2,594.8,597.8,340.964651
1780970400000,597.8,598.4,594.8,598.3,237.609338
1780974000000,598.5,600.0,597.4,599.3,358.394685
1780977600000,599.2,603.3,596.6,602.8,464.767513
1780981200000,602.6,605.8,601.0,603.6,319.014827
1780984800000,603.7,605.3,602.8,604.0,231.426833
1780988400000,604.3,605.1,601.3,604.1,354.99952
1780992000000,604.2,604.7,601.4,602.0,298.700383
1780995600000,602.1,603.7,599.6,600.1,455.524429
1780999200000,600.2,601.2,597.2,600.2,526.801045
1781002800000,600.2,600.3,596.3,597.0,641.2415
1781006400000,596.9,599.6,596.2,597.6,741.34693
1781010000000,597.8,598.6,593.5,594.8,734.620191
1781013600000,594.9,595.8,584.8,588.9,1721.915443
1781017200000,588.9,591.6,586.2,587.1,775.314642
1781020800000,587.0,589.5,583.6,588.7,1097.236896
1781024400000,588.7,593.2,588.4,592.0,388.574404
1781028000000,591.7,595.4,591.4,594.3,407.997399
1781031600000,594.4,597.1,593.3,596.9,389.95842
1781035200000,597.0,598.8,596.3,596.9,210.748227
1781038800000,597.0,597.4,594.2,594.6,260.190324
1781042400000,594.6,596.0,592.6,592.9,166.496416
1781046000000,593.0,594.0,591.0,593.5,553.859598
1781049600000,593.7,595.0,590.2,593.6,333.238882
1781053200000,593.5,594.3,591.0,591.9,116.665635
1781056800000,592.0,592.8,586.6,586.9,249.690649
1781060400000,586.8,589.4,586.7,587.9,143.676058
1781064000000,588.0,588.3,584.1,585.3,268.592978
1781067600000,585.4,586.9,583.6,585.7,385.769125
1781071200000,585.7,586.9,584.2,586.2,376.352963
1781074800000,586.1,589.6,585.9,588.8,566.74078
1781078400000,588.8,588.8,584.0,584.7,333.157015
1781082000000,584.9,585.7,581.3,584.8,264.614066
1781085600000,584.9,585.9,583.3,584.7,247.971162
1781089200000,584.7,585.0,580.9,583.0,396.255641
1781092800000,583.1,591.2,582.5,589.1,730.412089
1781096400000,589.1,596.7,587.9,592.9,882.663204
1781100000000,593.1,594.4,590.5,593.1,413.673172
1781103600000,593.1,598.6,591.4,596.9,482.614235
1781107200000,597.1,597.2,590.9,592.5,332.43401
1781110800000,592.6,594.1,587.6,590.1,452.881427
1781114400000,590.3,590.7,587.2,589.9,142.375435
1781118000000,589.9,590.5,587.4,588.2,83.567292
1781121600000,588.1,589.2,586.3,587.3,356.506307
1781125200000,587.3,587.3,582.2,583.4,235.917331
1781128800000,583.5,585.8,582.4,584.3,186.053874
1781132400000,584.1,587.3,583.0,586.6,145.036576
1781136000000,586.7,590.0,586.7,589.3,135.058433
1781139600000,589.2,594.4,589.1,593.0,333.792262
1781143200000,593.2,593.3,589.6,592.4,235.21649
1781146800000,592.5,597.9,591.5,596.7,567.174207
1781150400000,596.7,596.7,594.2,595.3,130.416407
1781154000000,595.2,595.8,593.9,594.5,182.591223
1781157600000,594.5,597.6,594.1,596.2,259.864451
1781161200000,596.2,598.3,595.2,598.3,273.911328
1781164800000,598.4,603.6,598.3,601.3,705.111948
1781168400000,601.3,601.5,598.8,600.6,243.4932
1781172000000,600.7,600.8,598.4,600.0,423.739721
1781175600000,599.9,602.7,598.4,600.8,371.539847
1781179200000,600.9,601.2,597.3,600.0,462.57783
1781182800000,599.8,603.0,597.9,601.8,877.774511
1781186400000,601.7,602.4,598.0,599.0,685.315073
1781190000000,599.0,600.1,597.2,598.7,342.636129
1781193600000,598.7,600.7,598.1,598.6,312.044715
1781197200000,598.4,606.4,596.1,605.6,1085.993473
1781200800000,605.9,607.4,603.3,604.8,340.477733
1781204400000,604.8,606.7,602.8,604.5,376.564086
1781208000000,604.5,604.6,600.9,602.6,341.157644
1781211600000,602.6,604.9,602.6,603.3,225.444656
1781215200000,603.4,604.9,603.2,603.5,116.94391
1781218800000,603.5,606.4,602.4,605.7,165.8352
1781222400000,605.8,606.1,603.8,604.1,330.824637
1781226000000,604.1,604.1,601.2,601.8,246.229903
1781229600000,601.8,606.1,601.7,604.9,466.076409
1781233200000,604.9,604.9,602.2,602.3,205.717708
1781236800000,602.4,605.1,601.9,603.6,175.416683
1781240400000,603.7,603.8,600.4,600.8,187.578605
1781244000000,600.6,601.9,596.7,598.2,298.012761
1781247600000,598.3,601.5,598.3,600.0,307.368779
1781251200000,600.0,606.0,600.0,605.5,351.484221
1781254800000,605.2,608.0,604.4,607.0,583.339563
1781258400000,607.0,607.8,604.5,606.4,490.24469
1781262000000,606.2,608.8,606.1,606.7,531.588594
1781265600000,606.8,606.8,605.0,606.4,367.895819
1781269200000,606.3,607.4,603.5,605.4,571.266648
1781272800000,605.4,610.3,605.0,609.7,726.423714
1781276400000,609.7,613.4,605.1,605.3,1343.878737
1781280000000,605.4,609.0,604.7,608.6,445.562717
1781283600000,608.6,609.5,605.8,606.8,277.966763
1781287200000,606.9,608.0,605.6,606.0,154.029446
1781290800000,605.9,606.6,602.9,603.5,138.895358
1781294400000,603.4,604.6,602.9,602.9,98.895519
1781298000000,602.9,604.7,602.4,603.8,265.255123
1781301600000,603.6,604.1,601.9,602.8,170.37125
1781305200000,602.9,604.0,602.1,603.8,129.782286
1781308800000,603.9,605.2,603.5,604.9,133.974329
1781312400000,605.0,606.2,603.8,606.0,219.23566
1781316000000,605.9,606.2,603.2,603.8,309.826755
1781319600000,603.8,604.6,600.4,600.5,834.315757
1781323200000,600.5,601.2,599.5,599.5,265.826815
1781326800000,599.7,600.7,599.5,600.5,173.507742
1781330400000,600.6,603.2,600.4,602.9,248.906788
1781334000000,603.0,604.0,601.9,603.1,291.426008
1781337600000,603.3,604.6,602.7,604.0,312.454742
1781341200000,603.9,604.3,603.2,603.9,183.23152
1781344800000,603.9,605.7,603.6,605.0,122.882274
1781348400000,605.1,607.5,604.9,606.7,191.114539
1781352000000,606.7,609.2,606.3,609.0,285.33907
1781355600000,609.1,610.2,608.1,608.6,349.686097
1781359200000,608.6,610.5,608.0,610.5,183.962843
1781362800000,610.6,611.8,609.4,610.5,348.169059
1781366400000,610.5,610.6,607.6,608.9,270.447851
1781370000000,608.9,609.2,606.8,607.2,237.096466
1781373600000,607.1,608.8,607.1,607.8,64.07104
1781377200000,607.9,608.9,607.4,608.6,93.631641
1781380800000,608.6,609.1,607.7,609.1,40.454929
1781384400000,609.1,612.4,608.7,609.8,238.880682
1781388000000,609.8,609.9,608.5,609.0,71.349562
1781391600000,609.1,610.6,608.7,609.7,274.965182
1781395200000,609.8,610.2,608.9,609.5,223.877525
1781398800000,609.6,611.0,609.0,609.3,420.235495
1781402400000,609.3,610.7,609.1,609.4,100.803245
1781406000000,609.3,610.2,608.6,610.1,139.685333
1781409600000,610.1,610.3,608.0,608.6,148.835131
1781413200000,608.7,610.0,608.7,609.9,103.783342
1781416800000,610.0,612.2,610.0,611.4,159.78802
1781420400000,611.3,611.7,609.7,610.3,142.219649
1781424000000,610.4,611.8,610.1,610.6,144.240618
1781427600000,610.5,613.0,609.7,612.1,161.588629
1781431200000,612.0,613.2,610.5,611.2,147.218219
1781434800000,611.2,613.0,611.2,612.4,132.867236
1781438400000,612.5,612.7,609.7,611.3,236.00027
1781442000000,611.2,612.1,610.9,611.2,189.783296
1781445600000,611.2,611.8,605.1,605.9,595.537529
1781449200000,606.0,608.3,605.8,608.3,217.325092
1781452800000,608.3,608.8,606.1,606.3,136.429034
1781456400000,606.2,607.6,604.0,604.2,145.730901
1781460000000,604.2,605.2,603.7,604.5,95.186719
1781463600000,604.4,605.0,603.0,603.2,94.374193
1781467200000,603.4,605.8,602.8,605.1,84.413293
1781470800000,605.1,617.3,604.8,614.7,722.642117
1781474400000,614.8,616.7,611.9,614.1,385.884029
1781478000000,614.3,617.0,612.8,616.9,763.576375
1781481600000,616.9,619.2,614.8,615.6,1123.064944
1781485200000,615.8,616.2,613.1,613.6,281.746812
1781488800000,613.7,616.9,612.6,615.5,502.245194
1781492400000,615.7,618.3,615.3,617.9,265.156122
1781496000000,618.0,618.0,615.9,616.6,154.890404
1781499600000,616.6,618.3,615.9,617.4,289.337842
1781503200000,617.5,619.1,616.4,617.4,394.871503
1781506800000,617.4,617.6,615.4,615.4,418.630858
1781510400000,615.5,617.1,615.3,616.0,235.753047
1781514000000,616.0,616.2,612.8,614.4,329.450311
1781517600000,614.4,618.6,614.2,617.5,601.018025
1781521200000,617.6,622.8,616.2,620.7,2232.200508
1781524800000,620.8,624.6,619.6,624.6,4513.376144
1781528400000,624.6,633.8,623.9,626.5,6143.041464
1781532000000,626.6,629.6,625.3,628.3,2319.956246
1781535600000,628.3,630.4,624.7,629.3,1299.115711
1781539200000,629.4,630.1,627.3,627.9,443.576309
1781542800000,627.7,627.7,623.9,625.3,377.069565
1781546400000,625.3,625.3,621.9,622.1,214.008791
1781550000000,622.0,624.1,618.7,620.8,316.28612
1781553600000,621.0,621.9,619.5,619.7,191.610691
1781557200000,619.8,621.0,618.1,619.2,203.052097
1781560800000,619.3,620.3,615.8,615.8,241.999483
1781564400000,615.8,618.2,615.3,618.1,148.1334
1781568000000,618.1,619.3,615.6,616.0,241.571878
1781571600000,616.1,618.3,615.6,615.8,256.626386
1781575200000,616.0,616.0,611.0,612.6,369.331796
1781578800000,612.6,615.3,611.8,615.2,302.728182
1781582400000,615.1,616.1,611.8,612.8,143.952424
1781586000000,612.9,615.1,612.8,613.7,247.370184
1781589600000,613.8,616.7,613.8,615.7,189.8728
1781593200000,615.6,619.3,615.5,615.9,506.058652
1781596800000,615.9,619.7,615.5,619.3,196.096647
1781600400000,619.3,619.7,614.9,615.2,340.923601
1781604000000,615.3,616.5,613.8,614.2,145.071054
1781607600000,614.1,615.0,613.4,614.5,249.184685
1781611200000,614.6,618.2,613.4,614.7,244.57425
1781614800000,614.7,614.8,601.5,606.6,2209.113934
1781618400000,606.6,608.3,602.4,605.9,1117.485601
1781622000000,606.0,607.9,605.0,606.5,542.320239
1781625600000,606.5,608.0,604.1,604.2,720.990003
1781629200000,604.4,608.7,604.0,607.8,531.011703
1781632800000,608.1,610.7,607.3,607.9,380.070458
1781636400000,608.0,608.1,606.1,607.0,120.024814
1781640000000,607.2,608.9,606.6,608.3,112.081123
1781643600000,608.4,608.9,606.3,607.5,249.731779
1781647200000,607.5,608.2,605.5,606.3,247.771012
1781650800000,606.4,607.3,604.8,605.1,84.4764
1781654400000,605.1,606.6,604.8,605.2,200.287756
1781658000000,605.3,607.8,603.4,607.7,218.296536
1781661600000,607.8,608.4,604.3,605.4,194.736689
1781665200000,605.4,605.8,604.1,604.8,186.545103
1781668800000,604.9,609.5,604.4,607.7,332.553002
1781672400000,607.7,609.9,606.8,608.1,147.618724
1781676000000,608.2,608.3,605.7,607.3,354.727139
1781679600000,607.4,608.1,605.3,606.7,216.247811
1781683200000,606.7,606.8,601.5,602.5,593.382077
1781686800000,602.5,603.2,601.0,601.5,396.20496
1781690400000,601.5,603.2,601.0,602.2,139.642328
1781694000000,602.2,604.8,601.0,604.0,412.879108
1781697600000,604.1,609.7,603.7,609.6,1217.776138
1781701200000,609.5,612.6,608.6,608.9,777.235125
1781704800000,608.7,608.7,601.2,601.8,1151.086981
1781708400000,601.9,606.3,601.8,605.7,424.593337
1781712000000,605.7,609.5,602.5,605.8,738.314226
1781715600000,605.9,609.1,605.1,608.7,348.4848
1781719200000,608.6,609.9,600.1,607.9,883.468226
1781722800000,607.9,609.4,597.0,598.8,1020.918871
1781726400000,598.7,601.1,597.5,601.0,373.233841
1781730000000,601.0,602.0,599.2,599.5,204.044454
1781733600000,599.6,601.0,595.3,599.6,372.292563
1781737200000,599.6,602.2,599.3,601.7,312.048703
1781740800000,601.7,603.3,601.4,602.2,233.28264
1781744400000,602.3,604.2,600.8,601.7,136.220126
1781748000000,601.7,603.5,600.8,601.8,290.830486
1781751600000,601.9,602.0,596.3,596.5,374.358425
1781755200000,596.6,597.0,590.7,591.2,875.191088
1781758800000,591.2,591.4,587.3,589.6,489.40618
1781762400000,589.5,590.6,587.5,589.6,218.29787
1781766000000,589.5,591.0,588.0,589.8,400.815699
1781769600000,589.7,592.8,589.1,591.7,489.02609
1781773200000,591.6,592.8,590.4,590.8,132.679079
1781776800000,590.8,591.0,588.5,590.4,512.41264
1781780400000,590.4,591.1,588.5,589.6,338.487055
1781784000000,589.6,591.8,589.2,591.6,431.406069
1781787600000,591.6,592.5,587.7,589.4,553.369882
1781791200000,589.5,592.2,588.1,589.5,380.246794
1781794800000,589.4,589.4,573.1,573.7,1812.176692
1781798400000,573.6,579.8,573.5,577.7,776.108093
1781802000000,577.9,578.3,574.6,576.2,289.867839
1781805600000,576.4,577.9,575.1,576.3,348.456546
1781809200000,576.4,579.5,575.8,579.2,227.127565
1781812800000,579.0,581.2,579.0,580.0,345.925152
1781816400000,580.1,580.2,578.2,579.7,182.644948
1781820000000,579.7,580.8,577.6,578.3,142.066159
1781823600000,578.4,579.1,577.0,578.6,136.866573
1781827200000,578.6,579.9,577.7,579.3,324.251425
1781830800000,579.5,582.6,579.4,581.9,197.372101
1781834400000,582.0,582.8,580.7,582.5,524.532745
1781838000000,582.6,583.3,576.1,578.2,645.221304
1781841600000,578.3,578.9,570.9,572.7,267.838289
1781845200000,572.7,576.1,572.5,575.9,477.892936
1781848800000,576.0,577.8,573.7,574.9,337.464339
1781852400000,574.9,575.7,572.8,574.8,320.756733
1781856000000,574.9,575.2,573.4,574.1,305.840437
1781859600000,574.3,574.4,571.2,571.5,182.946537
1781863200000,571.6,573.5,571.0,573.1,239.895337
1781866800000,573.2,574.0,572.0,573.4,192.553073
1781870400000,573.4,576.2,572.3,575.8,348.79645
1781874000000,575.8,578.5,573.4,577.7,299.308597
1781877600000,577.9,579.1,576.7,577.7,207.677482
1781881200000,577.7,579.8,576.6,578.8,235.270982
1781884800000,578.9,580.8,577.3,577.5,372.329476
1781888400000,577.6,580.3,577.2,580.1,186.928474
1781892000000,580.1,580.3,578.4,579.3,217.95901
1781895600000,579.4,582.0,578.0,579.9,217.173311
1781899200000,579.9,581.8,579.0,581.7,127.851239
1781902800000,581.8,582.5,579.9,580.1,149.436519
1781906400000,580.2,581.7,579.8,580.6,76.756058
1781910000000,580.7,582.4,580.1,581.5,207.059297
1781913600000,581.4,583.0,580.8,581.0,320.28519
1781917200000,581.0,582.0,580.5,581.4,187.402088
1781920800000,581.4,581.6,580.1,580.3,114.089037
1781924400000,580.3,581.3,580.2,580.8,82.509804
1781928000000,580.8,581.7,580.4,581.2,328.940883
1781931600000,581.3,584.5,581.2,583.1,303.32113
1781935200000,583.2,588.7,583.1,587.5,462.144798
1781938800000,587.5,589.7,585.6,587.7,182.561769
1781942400000,587.8,588.0,585.3,585.9,613.422472
1781946000000,585.9,588.2,585.8,587.8,221.02977
1781949600000,587.9,588.0,585.7,586.9,220.512583
1781953200000,587.0,587.8,586.4,586.5,272.047901
1781956800000,586.4,587.3,585.9,586.5,294.037879
1781960400000,586.6,586.9,583.1,584.9,291.741015
1781964000000,584.9,588.5,582.0,586.1,544.661522
1781967600000,586.2,589.1,585.2,587.4,423.151728
1781971200000,587.5,587.5,585.6,586.7,361.910519
1781974800000,586.8,586.8,584.2,585.4,723.045014
1781978400000,585.5,587.0,585.3,585.4,111.648426
1781982000000,585.4,586.6,585.3,585.9,103.240009
1781985600000,586.0,586.5,584.9,586.5,150.563282
1781989200000,586.5,587.4,585.6,586.5,235.522968
1781992800000,586.5,588.8,586.2,588.1,605.397622
1781996400000,588.1,588.7,587.7,588.2,321.875409
1782000000000,588.2,588.8,587.5,587.6,127.634233
1782003600000,587.6,590.3,587.0,589.6,105.778051
1782007200000,589.6,589.8,588.5,589.7,74.168296
1782010800000,589.8,591.2,589.2,590.5,166.0862
1782014400000,590.6,591.0,589.2,589.3,180.471767
1782018000000,589.4,590.7,588.9,589.8,123.167224
1782021600000,589.9,591.9,588.9,590.3,642.500155
1782025200000,590.5,592.1,589.8,591.2,271.753205
1782028800000,591.2,591.2,587.6,588.9,391.980566
1782032400000,588.9,590.6,588.4,590.1,111.602519
1782036000000,590.2,591.9,589.9,590.3,207.543874
1782039600000,590.4,590.8,588.0,588.5,385.743462
1782043200000,588.5,588.6,585.4,587.3,498.396635
1782046800000,587.2,588.8,586.9,588.4,516.090946
1782050400000,588.5,589.8,587.8,589.8,181.491896
1782054000000,589.9,590.5,589.4,589.9,293.571656
1782057600000,589.9,590.7,588.6,589.8,425.210635
1782061200000,589.9,591.6,589.9,591.0,188.868008
1782064800000,591.0,591.8,589.1,591.7,178.811212
1782068400000,591.8,592.5,591.6,592.0,67.980468
1782072000000,592.1,592.1,587.6,588.5,187.658703
1782075600000,588.6,588.9,585.4,587.8,275.761055
1782079200000,587.6,589.0,585.5,587.5,93.592989
1782082800000,587.5,587.5,583.5,584.2,119.587036
1782086400000,584.3,589.5,584.1,588.0,150.798616
1782090000000,587.9,595.7,587.2,594.6,749.593265
1782093600000,594.6,594.8,591.3,591.5,292.30305
1782097200000,591.5,592.8,589.2,590.2,210.186583
1782100800000,590.2,590.7,589.4,590.5,259.017173
1782104400000,590.5,593.0,590.1,593.0,105.28747
1782108000000,593.0,594.2,590.5,590.9,139.456386
1782111600000,590.9,595.3,590.8,594.1,287.129459
1782115200000,594.1,594.9,592.6,593.2,176.055423
1782118800000,593.3,593.7,592.5,593.2,139.097366
1782122400000,593.2,593.4,591.2,592.1,230.184612
1782126000000,592.2,598.0,591.9,597.3,325.159002
1782129600000,597.3,601.1,597.3,600.6,705.697839
1782133200000,600.6,602.3,599.1,602.1,505.030892
1782136800000,602.0,602.3,596.3,597.9,872.378344
1782140400000,597.9,599.3,595.6,596.4,584.253391
1782144000000,596.4,596.5,592.7,594.7,746.976486
1782147600000,594.9,595.8,593.0,595.3,152.661061
1782151200000,595.4,597.0,593.1,593.2,172.854575
1782154800000,593.4,593.9,590.5,592.2,298.152992
1782158400000,592.3,593.1,590.0,591.6,84.113295
1782162000000,591.6,592.2,589.1,591.3,127.499113
1782165600000,591.2,591.9,588.0,590.0,185.208769
1782169200000,590.0,591.2,589.1,590.2,80.576658
1782172800000,590.2,591.7,589.0,591.6,140.447934
1782176400000,591.6,592.3,588.1,590.5,124.831892
1782180000000,590.5,593.0,590.0,592.9,112.140711
1782183600000,592.9,592.9,589.8,592.0,209.182331
1782187200000,592.1,592.3,587.2,587.2,205.512082
1782190800000,587.3,587.9,585.1,585.5,168.244976
1782194400000,585.6,586.0,577.4,581.3,1024.579542
1782198000000,581.1,582.7,580.9,581.0,229.999045
1782201600000,581.0,581.4,570.4,574.0,9625.921297
1782205200000,573.8,574.8,571.4,571.8,602.770431
1782208800000,571.8,573.5,570.6,572.0,711.794497
1782212400000,572.0,574.6,571.6,574.0,495.645783
1782216000000,574.0,575.5,573.0,573.7,209.271612
1782219600000,573.7,575.4,571.2,575.2,510.486229
1782223200000,575.2,577.1,573.2,573.8,471.594536
1782226800000,573.6,574.9,572.1,574.6,282.702661
1782230400000,574.7,577.2,574.1,574.7,181.550275
1782234000000,574.8,576.0,573.5,574.2,217.666843
1782237600000,574.2,575.3,572.8,573.8,132.222347
1782241200000,573.9,576.6,573.8,576.2,160.415872
1782244800000,576.2,577.0,575.5,576.3,34.265438
1782248400000,576.3,577.8,576.1,576.9,118.19113
1782252000000,577.0,578.4,576.5,577.8,62.954661
1782255600000,577.7,579.0,576.5,578.1,153.547261
1782259200000,578.1,581.0,578.0,579.8,147.314957
1782262800000,579.9,581.6,578.8,579.6,159.51959
1782266400000,579.6,579.9,577.3,577.4,161.659265
1782270000000,577.5,578.7,575.4,578.0,349.371605
1782273600000,578.0,578.8,574.3,577.4,283.715932
1782277200000,577.4,581.3,577.3,579.8,237.531161
1782280800000,580.0,580.6,578.9,579.1,134.238704
1782284400000,579.2,579.3,576.4,577.0,260.269975
1782288000000,577.1,578.1,576.5,578.1,273.460645
1782291600000,578.0,578.0,576.1,577.2,209.98797
1782295200000,577.2,577.2,575.4,575.7,130.083478
1782298800000,575.7,582.2,573.9,579.8,209.495471
1782302400000,580.0,580.4,576.6,576.9,245.179505
1782306000000,577.0,577.0,568.2,570.1,932.514764
1782309600000,570.0,571.8,567.7,570.6,781.68196
1782313200000,570.4,570.4,561.0,561.2,891.96291
1782316800000,561.4,563.7,552.0,554.9,1800.437119
1782320400000,554.7,557.1,546.6,548.8,1845.927175
1782324000000,549.0,555.8,548.1,553.5,675.788803
1782327600000,553.7,555.6,552.2,555.3,313.022501
1782331200000,555.4,564.5,554.6,563.1,831.633988
1782334800000,563.2,564.3,559.9,564.3,165.92223
1782338400000,564.2,566.1,562.9,563.5,161.391236
1782342000000,563.4,565.1,562.9,564.7,300.695147
1782345600000,564.8,566.0,563.1,563.9,335.609608
1782349200000,564.1,566.8,563.7,566.3,454.321166
1782352800000,566.3,567.2,565.2,565.7,147.679908
1782356400000,565.8,566.9,564.5,565.9,301.416409
1782360000000,565.9,569.0,563.9,568.5,295.264558
1782363600000,568.5,571.0,568.0,570.1,257.768413
1782367200000,570.3,572.7,570.2,571.2,344.325859
1782370800000,571.4,572.0,570.0,570.6,205.807988
1782374400000,570.6,570.6,569.3,569.5,314.641662
1782378000000,569.5,570.5,568.4,568.8,130.970312
1782381600000,568.8,569.0,563.6,563.7,299.062672
1782385200000,563.8,564.3,561.0,562.8,358.719724
1782388800000,562.9,566.7,561.2,563.3,448.810587
1782392400000,563.1,568.6,540.6,542.3,2099.631127
1782396000000,542.3,559.4,542.3,553.1,1997.589523
1782399600000,553.4,554.5,548.4,554.0,586.430723
1782403200000,554.2,557.3,552.4,554.2,322.595437
1782406800000,554.3,559.8,553.3,559.7,196.095098
1782410400000,559.9,560.4,554.9,555.6,343.620003
1782414000000,555.6,555.6,552.6,554.3,166.457976
1782417600000,554.4,557.2,554.4,555.6,141.879901
1782421200000,555.6,561.7,555.5,561.5,194.575832
1782424800000,561.3,561.6,559.6,560.5,212.174011
1782428400000,560.4,563.0,559.3,560.8,126.955231
1782432000000,560.8,564.6,560.1,560.9,750.231277
1782435600000,560.9,561.4,557.2,558.4,283.188433
1782439200000,558.7,558.7,550.3,552.3,826.9111
1782442800000,552.4,563.6,551.0,563.0,643.566596
1782446400000,563.0,563.4,559.7,560.2,226.302853
1782450000000,560.4,561.9,559.4,561.3,238.261558
1782453600000,561.1,565.2,559.2,564.3,345.725017
1782457200000,564.3,570.5,564.1,569.7,562.083158
1782460800000,569.7,570.1,566.8,568.8,333.195087
1782464400000,568.8,568.8,563.5,564.3,330.003368
1782468000000,564.2,566.6,563.1,564.0,567.153472
1782471600000,564.3,565.7,558.8,559.0,404.089881
1782475200000,559.0,561.6,554.5,556.2,601.70068
1782478800000,556.7,564.2,552.1,564.0,632.702448
1782482400000,564.0,565.0,559.2,560.1,849.235357
1782486000000,560.1,567.3,559.7,565.4,525.743195
1782489600000,565.4,569.0,563.1,567.0,734.465532
1782493200000,567.0,568.3,566.4,567.4,212.381311
1782496800000,567.5,568.6,564.9,565.3,83.035745
1782500400000,565.2,568.7,565.0,565.8,234.236927
1782504000000,566.0,568.6,564.7,565.1,230.593595
1782507600000,565.2,568.2,564.6,568.1,131.019702
1782511200000,568.0,568.5,565.8,568.2,75.758056
1782514800000,568.3,568.7,567.2,567.7,98.695743
1782518400000,567.7,568.9,565.8,567.6,191.516269
1782522000000,567.6,567.8,565.6,565.8,139.002123
1782525600000,565.7,568.5,565.4,568.0,229.869062
1782529200000,567.8,568.2,566.1,567.0,194.74411
1782532800000,567.0,567.9,564.3,564.5,323.954059
1782536400000,564.5,566.3,564.0,565.6,213.005653
1782540000000,565.6,566.7,564.4,565.6,147.559801
1782543600000,565.7,565.8,565.0,565.5,115.218734
1782547200000,565.6,565.8,564.3,565.5,160.994336
1782550800000,565.4,565.7,563.9,564.7,466.351271
1782554400000,564.7,564.8,563.7,564.7,369.125211
1782558000000,564.6,564.7,562.5,563.2,197.126284
1782561600000,563.2,564.7,562.5,564.4,352.709149
1782565200000,564.4,565.6,563.7,564.2,377.583662
1782568800000,564.4,565.4,563.2,564.7,230.577623
1782572400000,564.7,567.1,564.3,565.4,369.626931
1782576000000,565.5,566.8,565.0,566.7,250.345706
1782579600000,566.7,566.9,563.3,563.3,338.216103
1782583200000,563.4,563.5,561.7,562.3,144.773975
1782586800000,562.3,563.0,558.0,559.3,332.197806
1782590400000,559.2,559.9,559.1,559.7,97.839484
1782594000000,559.8,563.1,556.3,557.4,494.13565
1782597600000,557.3,559.1,554.6,559.1,94.146441
1782601200000,559.1,559.1,557.0,557.3,93.426135
1782604800000,557.3,558.4,557.0,557.8,107.185968
1782608400000,557.9,558.4,556.4,558.0,169.712203
1782612000000,558.1,558.8,556.9,557.6,166.330413
1782615600000,557.6,558.8,557.6,558.7,138.780553
1782619200000,558.7,558.7,556.8,556.9,101.038338
1782622800000,557.0,557.3,554.7,556.1,163.870392
1782626400000,556.1,556.4,554.1,555.1,135.62845
1782630000000,555.1,556.8,555.0,556.5,188.884381
1782633600000,556.5,558.8,555.4,557.5,161.738535
1782637200000,557.5,558.0,555.2,555.3,149.459528
1782640800000,555.2,556.2,554.3,555.2,166.38257
1782644400000,555.2,557.5,555.0,557.2,205.646185
1782648000000,557.2,557.9,555.5,556.7,199.120755
1782651600000,556.6,556.7,554.2,555.3,353.77465
1782655200000,555.4,557.1,554.9,555.1,294.110321
1782658800000,555.1,556.1,553.8,554.5,311.766052
1782662400000,554.7,554.8,551.5,552.4,370.035901
1782666000000,552.4,553.4,549.8,552.0,349.106676
1782669600000,552.0,553.9,551.4,553.7,113.600114
1782673200000,553.8,553.8,547.3,548.6,192.747683
1782676800000,548.4,555.3,548.4,550.0,1025.405076
1782680400000,550.1,551.6,548.6,548.7,246.562953
1782684000000,549.0,553.2,545.7,547.2,317.82983
1782687600000,547.1,553.3,546.9,551.0,255.380935
1782691200000,551.2,553.0,546.7,552.9,200.324764
1782694800000,552.8,553.0,549.8,552.3,144.213494
1782698400000,552.4,554.6,547.5,553.9,250.293735
1782702000000,554.0,556.7,553.6,555.3,272.491793
1782705600000,555.3,555.4,551.0,551.4,131.395295
1782709200000,551.5,553.4,548.4,553.4,185.594892
1782712800000,553.4,555.6,553.1,554.0,344.590789
1782716400000,554.0,554.9,552.8,553.8,324.379233
1782720000000,553.6,554.6,551.7,553.1,272.969954
1782723600000,553.0,554.7,552.5,553.6,398.520794
1782727200000,553.8,555.8,553.6,553.8,166.25792
1782730800000,554.0,555.0,550.6,551.9,412.601798
1782734400000,552.0,558.4,549.8,553.4,559.752416
1782738000000,553.4,555.9,549.2,550.6,407.305351
1782741600000,550.8,552.1,546.2,550.9,773.959617
1782745200000,551.0,552.6,547.5,551.9,409.69084
1782748800000,552.0,559.0,550.4,556.2,663.551837
1782752400000,556.3,562.8,556.1,561.3,658.402978
1782756000000,561.3,562.5,560.5,561.2,175.505696
1782759600000,561.3,562.6,560.2,561.8,333.725736
1782763200000,561.9,562.3,560.1,560.2,117.03804
1782766800000,560.2,561.7,559.5,561.3,306.88478
1782770400000,561.3,561.8,560.1,560.3,233.762083
1782774000000,560.2,560.6,559.3,559.7,107.170151
1782777600000,559.7,560.5,555.4,555.8,149.740201
1782781200000,555.9,557.2,554.8,555.9,162.816809
1782784800000,555.9,557.4,554.4,556.7,106.451984
1782788400000,556.6,557.0,553.8,553.9,135.632256
1782792000000,553.9,554.9,551.7,553.4,176.956729
1782795600000,553.3,554.3,552.0,554.3,244.724761
1782799200000,554.3,554.4,552.6,553.3,162.094011
1782802800000,553.3,553.7,551.7,552.5,222.438739
1782806400000,552.6,553.2,549.8,550.3,358.848052
1782810000000,550.1,551.6,549.3,549.8,275.773122
1782813600000,549.9,550.6,549.2,549.6,225.54463
1782817200000,549.6,549.7,547.1,547.8,182.459521
1782820800000,547.8,547.9,543.7,543.9,525.09276
1782824400000,543.9,548.8,543.7,548.3,464.303747
1782828000000,548.3,551.6,545.1,545.6,712.068669
1782831600000,545.6,547.7,543.8,545.0,428.098008
1782835200000,545.1,547.9,544.9,546.7,802.833266
1782838800000,546.8,548.6,545.9,546.9,370.140024
1782842400000,546.8,548.6,545.6,547.1,180.192565
1782846000000,547.0,548.0,545.9,547.3,225.697393
1782849600000,547.1,547.7,545.2,545.6,229.200188
1782853200000,545.7,545.9,544.1,545.1,164.388486
1782856800000,545.2,546.0,544.4,544.8,267.393213
1782860400000,544.9,546.8,544.9,546.6,50.103327
1782864000000,546.6,548.3,545.3,547.8,346.383658
1782867600000,547.9,549.7,539.7,547.9,757.693881
1782871200000,547.9,550.5,547.1,550.0,471.123536
1782874800000,549.8,552.8,548.5,551.6,339.779068
1782878400000,551.6,552.5,550.7,551.2,164.977887
1782882000000,551.2,551.7,549.8,551.0,209.546619
1782885600000,551.0,551.0,545.1,545.9,454.75714
1782889200000,546.0,547.7,545.2,546.9,167.432277
1782892800000,546.9,547.4,544.1,547.4,526.063433
1782896400000,547.3,547.8,544.9,545.4,454.330951
1782900000000,545.4,545.7,542.0,542.2,408.881051
1782903600000,542.3,544.4,537.2,542.6,1856.797883
1782907200000,542.7,543.7,541.4,542.6,348.704553
1782910800000,542.8,551.0,542.8,549.3,933.392863
1782914400000,549.1,552.6,547.5,549.6,754.128273
1782918000000,549.6,555.7,549.6,554.6,914.005845
1782921600000,554.6,555.0,551.1,551.8,499.57793
1782925200000,551.9,554.5,550.4,554.5,194.028305
1782928800000,554.4,554.5,552.3,553.0,272.28632
1782932400000,553.0,554.2,550.7,551.5,466.130849
1782936000000,551.5,552.5,550.1,552.5,154.759532
1782939600000,552.6,557.3,552.6,556.6,118.06062
1782943200000,556.2,559.7,553.4,554.0,271.677405
1782946800000,553.9,553.9,550.4,550.6,114.87726
1782950400000,550.7,550.8,546.3,547.7,271.244499
1782954000000,548.0,551.8,547.9,550.6,245.29375
1782957600000,550.7,552.0,549.1,551.2,159.617999
1782961200000,551.2,558.1,550.2,557.0,692.512365
1782964800000,557.1,557.1,553.0,554.5,337.192576
1782968400000,554.5,554.5,552.1,552.2,283.665951
1782972000000,552.3,552.4,549.1,549.3,269.414711
1782975600000,549.2,550.1,548.9,549.5,283.402888
1782979200000,549.5,551.2,549.4,550.8,245.248547
1782982800000,550.9,556.0,550.1,554.7,501.21016
1782986400000,554.5,556.8,553.9,556.1,390.2288
1782990000000,556.0,561.9,555.6,560.0,1014.564024
1782993600000,559.9,563.3,559.3,563.3,888.110827
1782997200000,563.3,567.4,561.7,565.3,1410.381206
1783000800000,565.3,566.6,560.2,562.0,710.666887
1783004400000,562.0,563.7,560.5,562.7,276.277052
1783008000000,562.7,564.3,559.6,562.0,493.116202
1783011600000,561.8,563.6,560.1,560.8,497.73385
1783015200000,560.9,562.0,560.0,560.1,244.585376
1783018800000,560.2,560.5,558.0,558.1,348.778126
1783022400000,558.2,558.9,557.4,558.5,120.606565
1783026000000,558.5,558.6,557.3,557.5,279.91234
1783029600000,557.4,558.4,556.2,557.6,112.20917
1783033200000,557.5,559.7,556.8,558.9,134.588977
1783036800000,558.9,559.3,557.2,557.8,215.545215
1783040400000,557.9,562.2,557.4,561.6,205.465561
1783044000000,561.7,562.1,559.2,561.6,368.951673
1783047600000,561.5,561.9,559.5,561.1,224.403441
1783051200000,561.1,561.7,560.1,561.0,139.017437
1783054800000,560.8,563.3,560.5,562.4,186.229231
1783058400000,562.5,564.1,561.3,561.5,170.787044
1783062000000,561.4,562.6,561.2,561.6,253.83688
1783065600000,561.7,564.1,561.4,562.3,411.483118
1783069200000,562.4,564.5,561.8,563.2,359.243129
1783072800000,563.0,566.7,562.9,566.1,450.565879
1783076400000,566.2,567.6,565.2,566.9,333.234731
1783080000000,567.0,568.0,564.6,565.3,332.929204
1783083600000,565.3,567.9,565.0,567.0,631.053366
1783087200000,567.1,567.1,563.6,566.3,460.105172
1783090800000,566.3,568.7,565.1,566.1,401.591033
1783094400000,566.0,567.3,564.8,566.8,200.485271
1783098000000,566.9,568.4,566.7,567.9,195.362164
1783101600000,568.0,568.9,567.7,568.5,188.132603
1783105200000,568.5,571.5,567.9,569.9,408.174968
1783108800000,569.9,574.7,569.7,573.3,436.061246
1783112400000,573.3,574.9,572.0,574.0,152.791362
1783116000000,574.1,574.4,572.4,573.1,114.334249
1783119600000,573.2,575.3,572.6,574.0,173.717253
1783123200000,573.9,575.7,573.6,574.2,194.893357
1783126800000,574.2,574.2,571.0,571.9,182.347948
1783130400000,572.0,572.7,571.3,572.0,233.767102
1783134000000,572.0,573.4,571.6,572.5,182.66769
1783137600000,572.5,573.5,571.6,573.4,154.943133
1783141200000,573.4,573.4,570.2,571.4,201.779646
1783144800000,571.3,572.5,568.9,570.0,305.990116
1783148400000,570.1,570.3,568.8,569.8,205.766591
1783152000000,569.9,576.4,569.3,575.6,308.346337
1783155600000,575.4,575.5,572.2,572.7,279.683131
1783159200000,572.8,572.8,571.5,572.1,325.345495
1783162800000,572.0,572.8,571.3,572.0,181.801603
1783166400000,571.9,573.8,571.9,573.4,149.017324
1783170000000,573.4,574.5,572.2,573.3,222.487944
1783173600000,573.4,576.1,573.3,574.6,566.133041
1783177200000,574.7,578.3,574.0,576.8,425.10664
1783180800000,576.9,576.9,574.9,576.0,163.669111
1783184400000,575.9,578.8,574.6,578.5,196.085534
1783188000000,578.6,578.8,576.5,576.9,387.174608
1783191600000,577.0,577.4,575.6,575.6,168.008826
1783195200000,575.6,576.0,573.2,573.4,70.064652
1783198800000,573.3,575.7,572.6,574.8,375.100628
1783202400000,574.7,578.4,574.6,576.9,309.066613
1783206000000,577.0,577.0,573.8,575.4,225.112355
1783209600000,575.5,575.6,572.6,573.4,381.369027
1783213200000,573.5,574.1,570.0,572.0,545.343476
1783216800000,572.1,572.4,568.5,569.7,631.400777
1783220400000,569.7,571.3,569.4,570.6,444.974647
1783224000000,570.7,572.4,570.0,571.6,307.915343
1783227600000,571.6,572.3,570.5,571.9,182.295493
1783231200000,571.8,572.7,570.7,571.8,265.465151
1783234800000,571.8,576.0,571.6,575.8,331.278694
1783238400000,575.9,579.3,575.1,578.7,689.583082
1783242000000,578.7,578.7,572.5,574.7,860.433341
1783245600000,574.8,576.5,573.9,576.4,853.717141
1783249200000,576.4,578.6,574.7,577.3,502.696048
1783252800000,577.3,586.6,576.3,583.8,1473.52669
1783256400000,583.9,588.0,582.4,587.0,1405.135562
1783260000000,586.9,589.9,586.2,587.4,963.711863
1783263600000,587.4,590.0,586.6,587.3,686.863073
1783267200000,587.4,589.1,584.9,585.9,599.822525
1783270800000,585.9,587.1,584.6,585.4,261.602328
1783274400000,585.4,591.9,583.5,590.8,845.576802
1783278000000,590.7,591.1,588.8,589.4,436.304566
1783281600000,589.4,590.6,587.6,588.1,323.181161
1783285200000,588.1,591.2,585.9,589.7,548.074754
1783288800000,589.6,593.4,588.9,591.6,574.161109
1783292400000,591.4,593.0,589.1,590.0,377.732435
1783296000000,590.0,592.0,587.0,591.9,507.027402
1783299600000,591.9,593.2,588.6,588.6,541.49664
1783303200000,588.6,589.2,585.5,586.5,431.758646
1783306800000,586.4,586.7,583.0,585.4,445.696055
1783310400000,585.5,585.7,583.5,584.1,345.77183
1783314000000,584.0,584.7,581.3,583.2,603.575056
1783317600000,583.3,583.5,581.5,582.4,415.575164
1783321200000,582.5,583.0,581.1,582.2,459.974859
1783324800000,582.2,583.0,579.9,580.6,869.598462
1783328400000,580.7,580.7,576.1,577.3,731.617729
1783332000000,577.4,580.9,577.2,580.1,308.960347
1783335600000,580.2,581.2,577.7,577.7,399.983488
1783339200000,577.9,577.9,572.0,572.1,1802.304715
1783342800000,572.0,575.3,570.2,573.2,1210.220417
1783346400000,573.1,578.9,573.0,577.1,1145.962446
1783350000000,577.1,585.0,577.0,585.0,539.590511
1783353600000,585.0,586.7,583.4,585.5,439.591697
1783357200000,585.5,586.1,582.9,583.1,292.000271
1783360800000,583.2,585.4,583.0,584.6,133.482092
1783364400000,584.6,586.1,584.2,585.2,294.183445
1783368000000,585.4,586.3,583.5,585.9,216.767282
1783371600000,585.9,592.1,585.9,589.5,466.366355
1783375200000,589.4,589.6,587.4,588.0,126.786606
1783378800000,588.1,588.9,585.4,586.0,255.695345
1783382400000,586.0,587.9,585.5,586.9,305.840313
1783386000000,586.9,586.9,582.5,582.9,207.288294
1783389600000,583.0,583.6,580.3,580.8,342.625061
1783393200000,581.0,581.8,578.3,579.3,325.843997
1783396800000,579.2,579.4,577.7,578.9,270.203807
1783400400000,579.0,579.9,576.6,579.1,198.146941
1783404000000,579.1,580.8,578.1,580.0,182.83443
1783407600000,580.1,580.6,578.3,578.4,258.861197
1783411200000,578.5,578.5,576.7,577.2,338.323982
1783414800000,577.3,578.6,576.8,578.0,193.713978
1783418400000,578.0,580.2,577.9,578.5,218.39957
1783422000000,578.6,580.6,577.4,580.4,243.871909
1783425600000,580.4,582.5,580.1,581.0,390.274219
1783429200000,581.0,581.7,577.0,577.5,1866.66674
1783432800000,577.4,581.6,575.2,580.9,524.543687
1783436400000,580.9,585.8,579.4,584.8,621.341093
1783440000000,584.9,587.3,583.5,585.4,414.708794
1783443600000,585.3,586.7,584.3,586.0,285.486446
1783447200000,586.1,586.1,582.4,582.5,287.544111
1783450800000,582.6,584.4,580.1,583.3,238.867802
1783454400000,583.4,583.9,580.2,580.7,480.321716
1783458000000,580.8,581.6,577.8,578.0,260.795543
1783461600000,577.9,579.6,576.6,578.7,174.319181
1783465200000,578.6,579.3,576.3,576.7,171.57895
1783468800000,576.8,579.0,576.0,578.6,320.098037
1783472400000,578.7,579.0,571.2,571.9,611.164192
1783476000000,571.9,572.0,567.3,571.1,686.511236
1783479600000,571.2,572.5,568.4,568.9,406.994118
1783483200000,569.1,569.9,568.2,569.5,260.727746
1783486800000,569.6,570.4,567.5,568.3,340.58458
1783490400000,568.2,568.4,565.8,566.6,682.525642
1783494000000,566.6,568.1,565.1,568.0,591.052261
1783497600000,567.9,568.8,560.8,561.6,826.96249
1783501200000,561.6,563.5,560.4,561.5,489.64587
1783504800000,561.6,563.4,560.6,562.8,284.724862
1783508400000,562.9,568.7,562.3,566.0,636.361066
1783512000000,566.2,566.7,563.8,564.0,494.642897
1783515600000,564.0,566.1,562.8,565.5,686.652989
1783519200000,565.5,567.4,563.4,564.6,554.020915
1783522800000,564.6,564.7,560.9,562.5,384.699074
1783526400000,562.5,567.0,561.8,566.7,468.158764
1783530000000,566.7,568.0,564.5,564.9,358.429607
1783533600000,564.9,566.8,564.3,566.3,138.348792
1783537200000,566.3,567.5,565.6,566.9,185.507226
1783540800000,567.1,567.6,565.8,566.2,119.248637
1783544400000,566.3,567.1,564.8,567.0,105.263173
1783548000000,567.0,568.3,566.5,568.1,147.350919
1783551600000,568.2,569.0,567.3,568.8,144.932173
1783555200000,568.8,569.3,567.7,568.7,166.484821
1783558800000,568.7,572.9,567.1,567.5,250.481882
1783562400000,567.4,569.5,566.1,566.1,235.166699
1783566000000,566.3,568.6,565.4,568.3,145.715446
1783569600000,568.4,570.7,567.8,570.7,249.149247
1783573200000,570.7,573.8,569.6,573.8,261.520755
1783576800000,573.9,575.3,572.5,574.7,429.889417
1783580400000,574.9,576.8,572.4,572.9,347.084677
1783584000000,572.9,573.6,572.1,572.2,285.571138
1783587600000,572.4,573.6,570.8,573.1,349.731077
1783591200000,573.2,573.4,569.5,570.1,357.241964
1783594800000,570.1,570.7,569.0,569.8,471.434448
1783598400000,569.9,570.8,568.2,569.2,406.483306
1783602000000,569.1,572.4,568.2,571.1,251.778881
1783605600000,571.2,572.2,568.9,572.1,256.409233
1783609200000,572.2,573.2,570.7,571.0,223.465508
1783612800000,571.1,571.6,569.3,569.8,312.556161
1783616400000,569.9,572.6,569.5,571.6,422.42578
1783620000000,571.6,573.6,571.0,572.0,222.975814
1783623600000,572.0,572.0,570.0,570.1,93.22746
1783627200000,570.2,570.7,569.6,570.1,52.127264
1783630800000,570.1,571.2,570.0,570.5,94.637926
1783634400000,570.3,571.0,569.7,570.4,82.99024
1783638000000,570.3,570.4,568.6,568.7,99.499414
1783641600000,568.7,570.9,568.1,570.9,218.486034
1783645200000,570.9,576.6,569.7,575.1,489.914689
1783648800000,575.1,575.9,574.1,575.6,186.975804
1783652400000,575.5,576.0,574.5,575.5,134.108337
1783656000000,575.6,577.6,575.0,576.4,226.188028
1783659600000,576.4,578.3,575.5,577.5,393.555853
1783663200000,577.6,577.8,576.1,576.7,638.657922
1783666800000,576.8,577.3,574.1,574.3,1494.170439
1783670400000,574.4,577.3,574.2,576.1,465.027852
1783674000000,576.1,577.4,574.9,576.7,344.455516
1783677600000,576.8,577.7,575.6,576.6,512.488562
1783681200000,576.6,577.1,574.9,575.8,390.489951
1783684800000,575.8,577.0,573.3,573.8,1326.19027
1783688400000,573.8,576.6,573.1,575.7,459.602384
1783692000000,575.5,575.7,569.6,572.2,1321.653696
1783695600000,572.2,574.5,572.1,573.9,452.341222
1783699200000,573.9,577.6,573.9,577.2,382.552094
1783702800000,577.1,578.4,575.8,575.8,158.394104
1783706400000,575.9,577.5,574.8,575.2,187.256038
1783710000000,575.3,576.8,574.0,576.0,191.678098
1783713600000,576.0,576.4,574.7,575.3,83.18036
1783717200000,575.3,576.9,574.8,575.9,127.452138
1783720800000,575.9,576.4,575.7,576.2,47.895945
1783724400000,576.1,576.4,575.2,575.5,78.752967
1783728000000,575.5,575.7,574.4,574.8,153.533655
1783731600000,574.9,576.0,573.2,573.4,182.982846
1783735200000,573.4,575.2,573.2,575.1,119.00693
1783738800000,575.1,576.1,574.3,575.2,256.491588
1783742400000,575.2,576.1,574.6,575.3,136.383974
1783746000000,575.4,576.4,575.0,575.4,165.115524
1783749600000,575.4,576.5,574.9,576.3,79.45148
1783753200000,576.4,577.7,576.1,576.9,154.772455
1783756800000,577.0,579.3,576.7,579.3,166.999104
1783760400000,579.4,580.0,577.5,577.8,279.645953
1783764000000,577.9,578.9,577.1,578.8,233.050899
1783767600000,579.0,579.5,577.7,579.5,155.820416
1783771200000,579.5,580.4,578.9,579.5,265.602494
1783774800000,579.5,582.3,579.5,581.4,993.852406
1783778400000,581.4,583.3,581.1,581.9,240.288265
1783782000000,581.9,582.3,578.1,579.9,395.866907
1783785600000,580.0,580.6,579.3,579.9,163.497292
1783789200000,580.1,581.3,579.7,580.8,78.703132
1783792800000,580.7,581.4,580.5,581.0,189.521682
1783796400000,581.1,581.6,580.4,580.7,59.649563
1783800000000,580.7,581.6,580.7,581.1,68.499175
1783803600000,581.2,581.6,580.9,581.2,164.09205
1783807200000,581.2,582.1,579.9,580.3,198.924881
1783810800000,580.4,580.7,574.7,574.7,248.553518
1783814400000,574.7,575.1,570.4,571.2,333.586829
1783818000000,571.2,574.3,570.8,573.8,159.366546
1783821600000,574.1,574.4,572.9,574.2,172.583674
1783825200000,574.2,575.9,574.0,575.4,150.376787
1783828800000,575.5,575.9,573.7,574.2,186.496187
1783832400000,574.3,574.4,572.6,573.0,240.392109
1783836000000,572.9,572.9,570.1,571.9,211.349365
1783839600000,571.9,572.7,571.6,572.4,159.018275
1783843200000,572.4,574.0,572.2,573.8,216.550333
1783846800000,573.8,575.1,572.4,574.5,141.517179
1783850400000,574.6,574.9,573.9,574.3,159.933889
1783854000000,574.5,580.7,573.7,580.2,820.344653
1783857600000,580.2,584.9,580.2,582.5,935.462624
1783861200000,582.6,582.6,580.3,581.2,369.748638
1783864800000,581.2,582.9,579.5,581.7,317.063365
1783868400000,581.8,581.8,580.3,581.2,473.340651
1783872000000,581.2,582.3,580.8,581.2,297.581064
1783875600000,581.2,581.4,578.7,579.3,407.933233
1783879200000,579.4,579.8,579.0,579.5,149.510656
1783882800000,579.5,579.9,578.7,579.8,65.856369
1783886400000,579.9,579.9,578.5,578.6,91.190767
1783890000000,578.9,579.4,575.8,575.8,220.012678
1783893600000,575.7,575.7,572.9,574.1,214.995903
1783897200000,574.1,575.0,573.2,573.9,137.360177
1783900800000,573.9,579.8,573.1,577.9,430.494677
1783904400000,577.9,579.0,572.2,572.4,488.162888
1783908000000,572.4,575.2,570.9,572.2,789.722737
1783911600000,572.1,572.1,566.5,569.1,575.251935
1783915200000,569.2,569.6,567.3,567.3,407.882058
1783918800000,567.3,569.5,566.3,568.5,308.64013
1783922400000,568.8,569.4,567.7,568.6,195.201597
1783926000000,568.6,570.5,567.9,570.1,222.349609
1783929600000,570.2,571.1,569.4,570.4,316.292158
1783933200000,570.5,570.5,569.4,569.8,208.933884
1783936800000,569.8,570.5,568.5,569.8,151.398272
1783940400000,569.8,571.1,569.4,569.7,272.027783
1783944000000,569.8,570.0,567.7,568.6,315.820878
1783947600000,568.6,569.7,566.4,568.1,290.113183
1783951200000,568.1,570.8,565.8,570.7,625.433048
1783954800000,570.7,571.9,568.3,568.7,206.184479
1783958400000,568.8,568.9,565.6,565.9,402.348165
1783962000000,566.0,566.7,562.5,562.6,271.466892
1783965600000,562.6,565.2,562.3,564.4,174.997812
1783969200000,564.4,566.3,563.9,566.3,132.991126
1783972800000,566.2,566.6,564.5,565.3,103.527478
1783976400000,565.4,565.7,563.5,564.8,162.932883
1783980000000,564.8,566.6,564.8,565.4,57.00812
1783983600000,565.5,567.7,565.3,567.6,95.597167
1783987200000,567.7,569.9,566.8,569.6,320.62867
1783990800000,569.3,570.5,568.6,569.9,147.441488
1783994400000,570.0,570.4,567.6,570.0,124.574262
1783998000000,570.1,570.6,568.0,570.2,176.744213
1784001600000,570.1,571.4,569.8,571.2,178.246714
1784005200000,571.3,571.8,570.0,570.4,195.381095
1784008800000,570.5,570.5,569.0,569.2,177.822242
1784012400000,569.2,570.4,568.9,570.1,172.597184
1784016000000,570.1,571.8,569.2,570.9,200.606342
1784019600000,570.8,571.3,569.5,570.1,229.467333
1784023200000,570.1,571.3,569.3,571.1,259.19161
1784026800000,571.1,571.5,570.4,570.8,263.82179
1784030400000,571.0,578.1,570.2,577.4,827.230979
1784034000000,577.5,582.3,576.4,579.1,825.826485
1784037600000,579.0,582.4,577.8,581.8,668.815866
1784041200000,581.8,584.7,581.2,582.9,595.37039
1784044800000,583.0,583.6,581.7,581.9,362.648978
1784048400000,581.7,581.8,579.3,580.9,321.670983
1784052000000,580.9,581.2,579.7,579.9,203.671043
1784055600000,580.0,581.6,579.9,580.9,98.496762
1784059200000,580.8,581.0,579.5,579.9,44.806859
1784062800000,580.0,581.4,579.6,580.7,115.844945
1784066400000,580.8,582.9,579.2,581.6,247.247727
1784070000000,581.8,582.8,581.1,581.8,216.644431
1784073600000,582.0,583.2,581.4,582.3,202.286105
1784077200000,582.3,582.3,580.0,580.1,180.540003
1784080800000,580.2,581.1,579.3,580.0,130.763816
1784084400000,580.0,581.4,579.7,581.1,152.592118
1784088000000,580.9,581.4,577.3,579.7,143.127657
1784091600000,579.8,580.8,578.8,580.5,140.702957
1784095200000,580.5,582.4,579.7,579.7,392.590688
1784098800000,579.9,580.2,576.5,576.5,436.393235
1784102400000,576.6,577.8,575.8,577.2,364.719658
1784106000000,577.2,578.1,576.6,577.1,371.895
1784109600000,577.2,578.9,577.0,578.8,244.879069
1784113200000,578.8,579.1,577.7,579.0,117.864695
1784116800000,579.0,584.7,577.1,582.7,632.039499
1784120400000,582.8,585.3,581.1,582.7,1744.38455
1784124000000,582.7,584.0,580.3,582.0,619.868012
1784127600000,581.9,582.6,580.5,581.8,288.098993
1784131200000,581.9,582.1,576.8,578.8,585.80822
1784134800000,578.9,581.1,578.5,580.3,324.343155
1784138400000,580.3,582.1,579.6,579.8,180.167018
1784142000000,579.9,580.5,578.8,579.6,200.908211
1784145600000,579.7,581.5,579.5,580.9,175.484696
1784149200000,580.9,581.5,580.6,581.1,182.989463
1784152800000,581.2,582.1,580.9,581.2,363.059852
1784156400000,581.2,581.9,580.1,580.6,136.873792
1784160000000,580.7,582.5,578.2,579.5,227.949499
1784163600000,579.6,580.5,577.9,580.1,281.67887
1784167200000,580.1,580.7,579.6,580.4,137.334504
1784170800000,580.5,581.6,580.1,581.6,144.992405
1784174400000,581.6,582.3,580.6,580.8,191.716606
1784178000000,580.9,585.8,580.9,583.7,366.935166
1784181600000,583.8,584.7,581.7,583.0,158.840378
1784185200000,583.1,583.2,579.2,580.1,186.1774
1784188800000,580.2,580.4,574.6,576.9,632.069509
1784192400000,577.0,578.1,576.8,577.7,216.968743
1784196000000,577.6,578.3,577.2,577.6,224.03518
1784199600000,577.8,578.6,576.3,578.2,246.406518
1784203200000,578.1,578.2,575.6,576.6,298.983177
1784206800000,576.6,579.6,576.1,578.2,275.260119
1784210400000,578.2,581.3,578.0,579.6,423.805455
1784214000000,579.8,580.9,577.1,579.6,714.459755
1784217600000,579.7,579.8,577.0,577.4,719.904658
1784221200000,577.1,577.1,574.2,575.4,331.319043
1784224800000,575.4,576.7,575.0,576.1,117.553868
1784228400000,576.2,576.4,575.2,575.9,116.581607
1784232000000,575.9,576.0,574.8,575.0,157.913643
1784235600000,574.9,576.9,574.7,576.3,226.94323
1784239200000,576.5,576.9,573.6,573.7,108.628944
1784242800000,573.6,573.9,571.8,572.5,155.606326
1784246400000,572.5,573.9,570.6,573.9,228.334247
1784250000000,574.0,574.9,571.1,571.6,294.488818
1784253600000,571.6,572.4,570.3,571.0,250.719241
1784257200000,571.1,573.5,570.6,572.4,133.883952
1784260800000,572.4,572.7,570.4,572.0,125.138719
1784264400000,571.9,571.9,567.3,567.8,333.794929
1784268000000,567.8,569.9,567.3,569.9,220.474494
1784271600000,570.0,570.2,566.1,566.1,242.391159
1784275200000,566.2,566.2,562.9,564.6,482.136213
1784278800000,564.6,565.7,564.2,564.6,212.266282
1784282400000,564.5,565.6,563.8,564.2,794.982121
1784286000000,564.3,564.9,563.1,564.8,281.678014
1784289600000,564.9,565.2,561.3,561.6,431.929751
1784293200000,561.5,561.5,555.6,560.5,679.524303
1784296800000,560.7,563.1,560.4,561.9,426.333499
1784300400000,561.8,562.9,559.3,562.9,538.89333
1784304000000,563.0,564.9,562.2,564.3,410.280887
1784307600000,564.3,567.6,564.3,566.2,240.300442
1784311200000,566.3,567.9,565.8,567.4,92.678837
1784314800000,567.3,568.1,565.7,567.9,109.71136
1784318400000,568.0,568.3,567.1,568.0,220.101236
1784322000000,568.0,569.2,568.0,568.7,226.518675
1784325600000,568.7,568.9,567.0,567.5,179.10698
1784329200000,567.6,568.6,566.6,568.1,85.576476
1784332800000,568.2,569.2,567.5,568.0,149.549081
1784336400000,568.0,568.0,566.7,566.9,97.255724
1784340000000,566.9,568.3,566.2,567.8,189.747322
1784343600000,567.8,568.9,567.7,568.5,108.764459
1784347200000,568.5,568.5,566.9,567.2,134.943125
1784350800000,567.3,567.7,566.9,567.6,121.753296
1784354400000,567.7,568.5,566.3,567.1,381.914565
1784358000000,567.1,568.0,567.1,567.9,176.882551
1784361600000,568.0,568.9,567.7,567.9,194.214926
1784365200000,567.9,568.8,567.6,568.5,247.412855
1784368800000,568.6,569.7,568.3,569.6,214.546671
1784372400000,569.7,570.6,569.6,569.6,345.595231
1784376000000,569.8,571.9,569.0,571.4,288.412313
1784379600000,571.5,571.5,569.0,569.6,134.005712
1784383200000,569.7,571.2,568.9,570.8,148.146634
1784386800000,570.9,571.0,569.6,570.7,114.435622
1784390400000,570.8,571.4,570.1,571.1,194.848232
1784394000000,571.2,573.0,570.5,571.4,294.426819
1784397600000,571.5,572.9,570.3,570.7,209.132904
1784401200000,570.7,571.5,570.4,570.6,69.036845
1784404800000,570.7,572.3,570.5,571.6,134.035334
1784408400000,571.6,572.6,570.2,570.9,59.543577
1784412000000,570.8,571.5,569.8,570.5,124.329798
1784415600000,570.4,571.1,569.7,570.7,82.172072
1784419200000,570.8,571.7,570.8,571.2,78.114003
1784422800000,571.2,571.2,570.2,570.6,54.283151
1784426400000,570.7,572.8,570.5,571.1,107.402286
1784430000000,571.3,571.3,568.9,569.2,150.603764
1784433600000,569.2,569.4,567.3,568.7,185.282449
1784437200000,568.8,569.4,568.5,568.8,146.469898
1784440800000,568.8,569.3,568.6,569.3,122.379957
1784444400000,569.3,569.7,568.5,568.9,164.218763
1784448000000,569.1,569.5,568.4,568.8,226.910121
1784451600000,568.8,568.9,567.2,568.1,297.037126
1784455200000,568.1,569.1,567.6,568.3,238.143437
1784458800000,568.4,570.2,567.8,568.2,229.327101
1784462400000,568.2,568.2,567.1,568.1,253.696925
1784466000000,568.3,568.5,567.3,568.4,120.42313
1784469600000,568.3,570.0,567.7,569.9,266.122509
1784473200000,569.8,571.1,569.4,570.2,156.415694
1784476800000,570.2,570.6,568.2,568.5,249.122857
1784480400000,568.5,569.9,567.1,568.4,132.464089
1784484000000,568.4,568.4,566.3,567.3,140.398756
1784487600000,567.4,568.1,566.8,568.1,33.051049
1784491200000,568.2,569.7,568.2,569.7,127.851092
1784494800000,569.8,569.8,568.0,568.6,106.124963
1784498400000,568.6,571.8,568.4,570.8,124.306865
1784502000000,570.8,571.8,570.0,571.2,102.604627
1784505600000,571.2,574.1,568.6,569.5,369.976872
1784509200000,569.6,572.8,568.3,569.0,205.12435
1784512800000,569.1,571.8,568.9,570.5,221.009135
1784516400000,570.5,571.2,569.2,570.0,147.766236
1784520000000,570.2,570.3,567.3,567.3,198.645327
1784523600000,567.4,567.5,564.1,565.2,242.599258
1784527200000,565.4,565.8,562.8,564.1,235.748569
1784530800000,564.5,566.9,563.8,566.9,333.291411
1784534400000,566.8,567.2,564.4,565.4,288.317611
1784538000000,565.4,567.2,564.9,566.0,292.879277
1784541600000,566.0,567.8,565.7,566.8,205.281072
1784545200000,566.8,571.5,566.6,571.2,397.271233
1784548800000,571.2,571.3,569.2,569.4,268.666345
1784552400000,569.6,570.0,566.2,566.8,345.259241
1784556000000,566.9,568.5,565.2,567.7,207.11972
1784559600000,567.8,574.8,567.8,574.1,479.015625
1784563200000,574.1,574.9,572.5,573.5,413.98381
1784566800000,573.5,574.8,572.3,574.0,334.804738
1784570400000,574.1,575.5,572.1,572.3,289.55361
1784574000000,572.4,572.7,571.2,571.4,316.106073
1784577600000,571.5,573.1,570.8,572.6,178.440922
1784581200000,572.5,572.9,571.1,571.5,249.611016
1784584800000,571.3,571.3,570.0,570.1,107.778932
1784588400000,570.1,571.6,569.9,571.3,67.861346
1784592000000,571.3,573.8,570.9,573.7,357.226037
1784595600000,573.7,574.2,572.1,572.3,203.123871
1784599200000,572.3,574.2,571.4,573.5,212.702854
1784602800000,573.6,575.5,573.6,575.2,308.019038
1784606400000,575.4,576.2,573.8,574.1,443.953832
1784610000000,574.1,575.9,574.0,575.0,164.872126
1784613600000,575.0,577.2,575.0,576.4,346.213528
1784617200000,576.4,577.0,575.5,577.0,1019.167256
1784620800000,577.0,578.6,576.3,577.8,1009.986961
1784624400000,577.9,579.9,577.2,579.5,566.765198
1784628000000,579.6,579.9,577.4,578.0,383.18397
1784631600000,578.0,578.2,576.5,576.9,306.016546
1784635200000,576.9,578.2,576.3,577.9,337.950556
1784638800000,577.9,578.1,576.3,577.9,532.97364
1784642400000,577.8,577.8,574.6,575.9,623.634197
1784646000000,575.9,576.1,574.8,575.5,249.331066
1784649600000,575.4,575.8,574.0,574.8,215.030823
1784653200000,574.8,575.0,572.3,573.3,129.695782
1784656800000,573.3,574.0,572.5,573.4,137.612951
1784660400000,573.5,573.6,572.8,572.9,74.653576
1784664000000,572.9,573.8,572.6,573.4,48.604616
1784667600000,573.3,574.3,572.7,573.6,108.634253
1784671200000,573.5,573.6,572.5,573.0,44.973373
1784674800000,573.0,574.4,571.9,574.1,104.551679
1784678400000,574.3,576.0,573.7,575.1,395.612782
1784682000000,575.1,575.1,573.2,573.4,149.508709
1784685600000,573.6,574.4,572.7,572.9,97.258805
1784689200000,572.9,573.1,571.0,571.3,180.877895
1784692800000,571.3,572.8,570.7,572.2,168.269037
1784696400000,572.3,572.3,568.6,569.3,252.937489
1784700000000,569.4,569.8,567.1,568.0,338.196912
1784703600000,568.0,568.5,567.4,568.4,394.244512
1784707200000,568.3,570.5,568.2,570.3,276.174654
1784710800000,570.3,571.4,569.3,571.2,292.464421
1784714400000,571.3,571.9,570.8,571.1,290.288818
1784718000000,571.1,571.9,570.5,571.0,339.149446
1784721600000,571.1,571.1,569.6,570.3,507.49134
1784725200000,570.3,572.8,570.0,572.4,411.353574
1784728800000,572.3,575.3,570.5,571.2,383.229691
1784732400000,571.2,573.4,571.1,572.7,371.117618
1784736000000,572.7,575.2,570.9,574.9,381.669542
1784739600000,574.9,575.5,571.7,571.9,221.560463
1784743200000,571.9,572.4,569.6,570.3,176.243011
1784746800000,570.4,570.4,569.0,570.2,157.901564
1784750400000,570.1,571.0,569.6,570.5,184.092224
1784754000000,570.6,572.1,570.5,571.4,116.973792
1784757600000,571.2,571.5,570.3,571.3,189.256157
1784761200000,571.4,571.4,569.4,571.2,128.971316
1784764800000,571.2,572.3,570.8,571.4,153.841619
1784768400000,571.4,571.8,570.1,570.9,177.184944
1784772000000,570.9,571.1,569.9,571.0,188.060261
1784775600000,571.0,571.3,569.7,570.4,146.28052
1784779200000,570.4,570.5,569.5,569.7,172.647149
1784782800000,569.8,570.7,569.0,570.0,126.548461
1784786400000,570.0,570.7,569.4,570.4,118.025159
1784790000000,570.4,570.4,568.4,569.9,186.700445
1784793600000,569.9,571.6,569.7,570.7,169.361767
1784797200000,570.6,571.1,569.3,569.4,192.733444
1784800800000,569.4,570.5,569.2,570.1,214.412506
1784804400000,570.1,571.2,569.6,570.0,186.111857
1784808000000,570.1,570.4,567.0,569.1,483.329026
1784811600000,569.1,569.5,566.3,566.4,607.159175
1784815200000,566.4,568.1,565.9,566.9,269.261896
1784818800000,567.0,568.0,563.7,567.8,288.253458
1784822400000,567.8,567.8,566.2,566.9,220.759887
1784826000000,566.7,567.7,565.0,565.6,192.451861
1784829600000,565.6,567.7,565.6,567.3,99.838141
1784833200000,567.4,567.6,565.4,566.7,98.18555
1784836800000,566.8,568.9,566.7,567.9,52.679471
1784840400000,567.9,568.2,566.8,567.2,58.023583
1784844000000,567.4,568.0,566.2,567.9,62.88425
1784847600000,568.0,568.4,567.2,567.5,139.106168
1784851200000,567.5,568.2,566.0,568.1,150.421488
1784854800000,568.1,568.7,567.5,568.1,107.949014
1784858400000,568.0,568.5,566.6,567.4,87.95798
1784862000000,567.5,570.5,567.0,569.2,173.908611
1784865600000,569.2,569.3,567.2,567.3,71.758281
1784869200000,567.3,568.0,566.9,567.6,239.86688
1784872800000,567.8,569.4,567.5,568.7,176.510037
1784876400000,568.8,571.4,568.8,569.6,370.574513
1784880000000,569.7,569.7,568.3,568.4,114.660134
1784883600000,568.4,568.5,566.5,568.5,323.473304
1784887200000,568.6,568.8,566.8,567.1,134.542307
1784890800000,567.1,567.2,565.2,566.8,264.94664
1784894400000,567.0,567.0,563.0,563.9,275.959448
1784898000000,563.7,563.9,556.2,558.8,679.346468
1784901600000,558.9,560.7,556.7,560.7,460.201263
1784905200000,560.7,562.8,559.6,561.6,234.455595
1784908800000,561.4,562.1,560.0,560.8,120.697687
1784912400000,560.5,562.7,560.2,562.5,163.615236
1784916000000,562.5,562.8,561.3,562.3,177.06447
1784919600000,562.4,566.4,562.4,565.2,394.40348
1784923200000,565.3,565.7,564.9,565.1,186.546923
1784926800000,565.0,565.2,563.5,563.7,161.436406
1784930400000,563.9,565.2,563.9,565.0,63.132745
1784934000000,565.0,565.2,564.3,565.0,184.771473
1784937600000,565.0,565.3,564.4,565.0,74.608024
1784941200000,565.1,565.4,564.2,565.1,265.640497
1784944800000,565.2,566.1,564.7,566.1,56.060176
1784948400000,566.2,566.4,565.0,565.3,117.372437
1784952000000,565.3,565.8,565.0,565.6,134.877066
1784955600000,565.6,566.0,564.7,565.0,124.142754
1784959200000,565.0,565.2,564.2,564.9,147.347731
1784962800000,564.9,565.2,564.0,564.7,186.201246
1784966400000,564.7,565.6,564.3,565.0,226.167242
1784970000000,565.1,566.1,564.4,565.5,113.578141
1784973600000,565.6,566.2,565.4,565.7,99.051008
1784977200000,565.8,566.3,565.0,565.9,182.369767
1784980800000,565.9,566.9,565.1,566.9,100.877983
1784984400000,567.0,569.5,567.0,568.6,204.134034
1784988000000,568.6,568.6,566.7,567.5,95.03644
1784991600000,567.4,568.0,566.6,567.5,169.398999
1784995200000,567.5,568.4,566.7,567.5,80.857948
1784998800000,567.5,569.1,567.1,568.3,119.289977
1785002400000,568.4,569.3,568.3,569.1,56.121205
1785006000000,569.1,569.3,568.6,568.8,19.977048
1785009600000,568.9,569.3,568.5,568.7,44.060642
1785013200000,568.7,570.3,568.4,569.0,180.733067
1785016800000,569.0,570.0,568.9,569.8,24.386488
1785020400000,569.7,569.8,568.6,568.9,835.215904
1785024000000,568.9,570.7,568.9,570.3,301.542872
1785027600000,570.3,570.5,569.7,570.3,158.986365
1785031200000,570.3,570.4,569.5,570.3,186.999796
1785034800000,570.4,570.9,570.2,570.5,111.977456
1785038400000,570.5,571.6,569.9,570.9,177.349034
1785042000000,570.9,572.1,570.5,571.2,477.114339
1785045600000,571.3,572.5,570.4,572.4,240.260979
1785049200000,572.4,573.0,571.4,571.7,225.547855
1785052800000,571.6,571.9,571.1,571.7,197.230831
1785056400000,571.8,572.5,571.1,571.6,165.159284
1785060000000,571.6,571.6,570.8,571.0,141.772625
1785063600000,571.1,571.3,570.4,570.7,146.943769
1785067200000,570.8,572.0,570.4,570.9,180.612116
1785070800000,571.0,572.0,570.1,571.6,228.521452
1785074400000,571.7,573.1,571.6,572.9,272.77805
1785078000000,573.0,574.2,572.7,574.0,276.313747
1785081600000,574.0,574.9,573.2,573.4,214.71093
1785085200000,573.5,574.0,572.9,573.0,99.743109
1785088800000,573.1,573.7,572.3,573.2,123.267657
1785092400000,573.2,573.8,572.9,573.6,97.076333
1785096000000,573.7,573.9,573.0,573.0,43.675765
1785099600000,573.1,574.3,572.8,573.8,112.484318
1785103200000,574.0,576.6,574.0,575.7,229.261453
1785106800000,575.8,576.4,573.9,575.3,136.080657
1785110400000,575.4,575.8,572.3,572.5,236.166261
1785114000000,572.6,573.6,571.6,573.5,178.72817
1785117600000,573.6,574.3,572.9,573.0,143.250831
1785121200000,573.1,573.9,572.5,573.8,115.364893
1785124800000,573.8,574.7,573.2,573.7,102.692858
1785128400000,573.7,575.8,573.6,575.5,244.510863
1785132000000,575.5,577.2,574.7,575.2,336.203114
1785135600000,575.0,575.6,574.4,574.7,241.046675
1785139200000,574.8,575.3,573.4,573.6,244.222023
1785142800000,573.4,573.4,571.8,572.7,749.910383
1785146400000,572.9,574.4,572.3,573.9,277.731792
1785150000000,574.0,574.2,572.9,573.2,1815.810135
1785153600000,573.2,574.0,571.1,573.8,343.011298
1785157200000,574.0,577.3,573.0,574.7,620.860755
1785160800000,574.8,575.6,565.8,567.9,2349.8075
1785164400000,567.6,570.5,567.0,568.7,369.372014
1785168000000,568.8,572.6,568.0,571.9,239.822504
1785171600000,571.9,575.0,571.5,574.8,143.246017
1785175200000,574.8,575.7,573.4,575.4,454.948707
1785178800000,575.5,576.2,574.7,575.8,241.060371
1785182400000,575.9,575.9,574.1,574.6,241.436426
1785186000000,574.5,575.1,573.2,573.9,259.781881
1785189600000,574.0,574.0,565.7,566.5,401.827517
1785193200000,566.4,568.1,565.5,566.1,250.668854
1785196800000,566.2,567.1,564.8,565.8,215.806806
1785200400000,565.9,566.5,562.3,565.1,342.595171
1785204000000,565.1,565.9,564.3,565.3,273.400608
1785207600000,565.3,566.9,564.9,566.6,167.650861
1785211200000,566.6,566.8,564.9,565.1,152.872744
1785214800000,565.1,566.9,564.9,565.6,351.068168
1785218400000,565.7,565.7,564.6,565.5,298.801089
1785222000000,565.7,566.1,565.0,566.0,141.850692
1785225600000,565.9,566.1,564.8,565.6,198.856689
1785229200000,565.4,567.6,565.1,565.9,242.46207
1785232800000,565.9,567.0,565.4,565.8,221.512172
1785236400000,565.7,567.3,565.3,566.9,159.647486
1785240000000,567.0,568.8,566.6,568.5,353.496009
1785243600000,568.5,569.3,563.5,565.4,394.314498
1785247200000,565.7,569.4,564.8,568.6,550.818871
1785250800000,568.7,575.7,568.0,573.3,812.709597
1785254400000,573.4,574.1,571.0,571.9,316.17394
1785258000000,571.8,571.8,567.2,568.5,424.067764
1785261600000,568.6,569.8,568.6,569.5,238.210292
1785265200000,569.6,571.0,569.6,570.9,70.737076
1785268800000,571.0,571.8,570.7,571.0,274.757384
1785272400000,570.9,572.0,570.9,571.6,107.721729
1785276000000,571.7,572.0,568.7,569.0,92.026987
1785279600000,568.8,571.4,568.2,571.4,66.932649
1785283200000,571.4,573.5,571.4,571.8,280.538855
1785286800000,571.9,572.5,570.5,570.5,90.395742
1785290400000,570.5,571.7,569.7,570.5,99.266835
1785294000000,570.5,570.5,567.1,567.3,197.028168
1785297600000,567.5,568.8,566.0,568.8,282.615017
1785301200000,568.8,569.9,568.2,569.7,215.518847
1785304800000,569.7,572.2,568.9,571.2,202.049146
1785308400000,571.4,571.9,570.5,571.9,128.985048
1785312000000,572.0,572.3,570.2,571.3,290.895691
1785315600000,571.3,573.3,571.3,573.1,206.055189
1785319200000,573.1,573.4,570.3,570.9,246.121178
1785322800000,570.9,571.7,570.2,570.9,159.925702
1785326400000,570.9,570.9,568.6,569.5,142.065586
1785330000000,569.5,570.1,568.3,570.0,139.610535
1785333600000,570.4,570.5,567.5,568.5,157.850497
1785337200000,568.5,569.4,567.7,568.6,178.81336
1785340800000,568.7,569.3,567.3,568.9,160.736014
1785344400000,569.0,570.1,568.4,569.9,143.997805
1785348000000,570.0,573.5,568.4,572.5,635.819725
1785351600000,572.5,572.8,567.7,568.7,390.688543
1785355200000,568.7,569.5,566.3,567.4,199.908879
1785358800000,567.5,568.9,565.3,568.9,323.257856
1785362400000,568.9,571.8,568.9,571.1,153.980335
1785366000000,571.1,572.7,570.9,572.0,128.05486
1785369600000,572.0,573.4,571.1,571.8,189.32295
1785373200000,572.0,576.3,571.9,575.9,1274.30373
1785376800000,575.9,577.7,574.5,574.9,735.412848
1785380400000,574.9,575.1,573.3,573.6,543.45798
1785384000000,573.6,573.9,571.9,572.0,440.024735
1785387600000,572.1,573.5,571.7,573.2,208.679601
1785391200000,573.2,574.3,572.8,574.3,406.805779
1785394800000,574.4,576.2,574.3,574.8,594.753724
1785398400000,574.7,579.4,574.6,578.8,1123.142915
1785402000000,579.0,580.3,578.3,580.0,653.028211
1785405600000,580.0,588.6,579.9,587.6,2003.582174
1785409200000,587.7,591.4,586.3,589.0,1296.796867
1785412800000,589.2,590.1,585.5,586.9,863.512459
1785416400000,586.9,589.5,585.7,588.2,493.622849
1785420000000,588.0,589.0,586.6,588.1,451.49354
1785423600000,588.2,591.4,587.8,591.2,790.467717
1785427200000,591.4,594.2,591.3,593.8,1060.182875
1785430800000,593.7,596.7,592.6,594.3,979.631037
1785434400000,594.3,596.0,594.0,595.9,484.527897
1785438000000,595.8,596.2,594.1,594.8,268.248601
1785441600000,594.8,595.3,592.7,592.7,442.748916
1785445200000,592.8,593.0,591.3,591.5,329.689247
1785448800000,591.5,593.7,591.0,592.9,376.824045
1785452400000,592.9,594.6,592.2,592.2,362.094852
1785456000000,592.2,593.1,590.5,590.6,517.134108
1785459600000,590.7,594.3,589.2,589.6,392.465321
1785463200000,589.6,590.3,587.6,588.2,318.023719
1785466800000,588.2,590.0,586.0,589.6,822.067412
1785470400000,589.5,590.1,588.6,589.2,187.849654
1785474000000,589.2,590.9,589.2,590.2,274.515891
1785477600000,590.2,593.0,590.1,592.7,289.694048
1785481200000,592.7,592.9,589.6,589.8,627.430515
1785484800000,589.9,593.5,589.8,592.8,616.756502
1785488400000,593.0,593.0,589.9,590.5,606.875648
1785492000000,590.6,592.9,588.3,592.6,529.084556
1785495600000,592.7,594.0,591.5,592.1,310.20194
1785499200000,592.1,592.9,590.0,592.7,760.882459
1785502800000,592.7,595.6,588.0,588.6,1041.476535
1785506400000,588.7,589.0,585.0,586.7,1454.432924
1785510000000,586.6,586.6,584.1,585.5,495.132905
1785513600000,585.6,587.8,585.4,587.4,345.456185
1785517200000,587.5,590.0,586.8,589.1,192.114258
1785520800000,589.1,589.7,587.6,589.2,165.444352
1785524400000,589.0,589.5,588.0,588.1,151.202101
1785528000000,588.3,589.0,586.7,586.9,227.595454
1785531600000,586.9,588.5,586.3,587.2,224.235365
1785535200000,587.1,587.9,586.7,586.8,104.404047
1785538800000,586.8,587.8,586.8,587.0,66.910125
1785542400000,587.1,589.3,587.1,588.7,212.791037
1785546000000,588.8,590.1,588.5,590.0,597.242106
1785549600000,590.1,590.8,589.6,590.8,234.373577
1785553200000,590.9,591.5,589.0,589.6,227.917886
1785556800000,589.5,593.0,588.9,592.1,503.76065
1785560400000,592.0,592.1,590.4,590.9,199.189441
1785564000000,590.9,592.5,590.7,591.3,475.367528
1785567600000,591.4,592.1,590.2,590.2,241.848913
1785571200000,590.3,590.4,585.9,586.0,480.061541
1785574800000,586.0,586.3,584.1,584.3,973.506972
1785578400000,584.3,584.7,580.5,580.9,622.325772
1785582000000,581.0,581.3,579.9,580.4,383.308458
1785585600000,580.4,580.6,578.2,578.3,625.142831
1785589200000,578.4,580.1,577.8,579.3,575.499365
1785592800000,579.4,580.4,578.3,578.8,864.842436
1785596400000,579.1,579.1,576.4,576.5,487.680183
1785600000000,576.5,578.8,576.4,578.7,374.920471
1785603600000,578.7,578.9,576.4,577.3,295.333143
1785607200000,577.3,577.8,573.7,576.9,707.744915
1785610800000,576.9,578.3,575.9,575.9,396.578304
1785614400000,575.9,576.0,574.9,575.9,104.510029
1785618000000,575.9,576.6,575.0,575.8,709.286679
1785621600000,575.9,576.4,575.8,576.1,97.185902
1785625200000,576.1,576.2,575.3,575.3,60.576082
1785628800000,575.3,576.8,574.0,574.5,179.573044
1785632400000,574.6,578.0,574.6,577.4,255.541307
1785636000000,577.4,581.4,577.1,581.4,470.510766
1785639600000,581.5,583.3,581.1,582.2,329.953865
1785643200000,582.3,585.4,582.3,585.0,236.634522
1785646800000,585.0,585.7,583.8,584.8,297.274534
1785650400000,584.8,585.8,583.6,585.2,272.514435
1785654000000,585.2,586.3,584.7,585.6,690.982958
1785657600000,585.6,585.8,583.8,583.9,206.740823
1785661200000,583.9,584.7,582.7,583.9,163.870052
1785664800000,583.9,584.4,583.0,584.0,179.29142
1785668400000,584.0,584.1,581.7,582.2,223.831679
1785672000000,582.3,583.0,581.1,581.7,465.950742
1785675600000,581.7,583.6,581.5,583.0,171.726358
1785679200000,582.9,585.3,582.5,584.3,272.215191
1785682800000,584.3,587.8,584.2,586.5,443.173127
1785686400000,586.5,589.1,586.1,587.9,276.346738
1785690000000,587.8,588.4,587.3,587.8,516.635009
1785693600000,587.9,591.2,587.9,589.5,458.968144
1785697200000,589.4,589.8,588.6,589.6,90.611386
1785700800000,589.5,589.5,588.4,589.5,98.291397
1785704400000,589.6,590.8,589.1,589.8,161.540269
1785708000000,589.7,590.9,587.7,588.4,104.848249
1785711600000,588.4,588.8,587.7,588.5,50.935926
1785715200000,588.5,588.5,584.3,585.0,161.461903
1785718800000,585.1,585.4,583.9,584.5,136.457608
1785722400000,584.4,586.5,584.0,585.8,129.253352
1785726000000,585.8,586.0,583.1,583.3,181.865824
1785729600000,583.3,584.3,582.6,582.6,343.72216
1785733200000,582.7,583.8,582.5,583.1,304.3355
1785736800000,583.2,583.6,582.2,582.6,375.808032
1785740400000,582.6,584.5,582.0,583.9,708.102361
1785744000000,584.0,584.6,581.2,584.4,590.515414
1785747600000,584.5,586.9,584.0,586.7,532.427058
1785751200000,586.8,587.8,586.3,587.3,368.331952
1785754800000,587.3,587.9,585.8,585.9,479.65832
1785758400000,586.0,587.9,585.3,587.0,263.006556
1785762000000,587.0,588.8,584.6,588.6,443.957981
1785765600000,588.5,590.4,586.8,589.9,798.275175
1785769200000,589.9,593.7,589.5,592.6,558.194501
1785772800000,592.7,594.6,592.0,592.4,288.967907
1785776400000,592.5,594.0,591.4,592.4,397.005085
1785780000000,592.4,592.7,591.3,591.6,167.260672
1785783600000,591.7,592.8,591.6,591.6,156.123718
1785787200000,591.7,592.7,591.2,591.3,116.228743
1785790800000,591.3,591.3,590.0,590.2,197.850252
1785794400000,590.2,590.9,589.5,589.9,153.531279
1785798000000,589.9,590.2,589.1,589.5,119.959441
1785801600000,589.5,590.5,589.0,589.2,199.741329
1785805200000,589.2,592.6,589.1,592.4,327.976608
1785808800000,592.6,592.7,590.6,591.1,179.416519
1785812400000,591.2,591.8,590.4,591.1,210.0588
1785816000000,591.1,593.3,590.6,592.2,171.367367
1785819600000,592.3,592.3,589.7,589.9,153.090188
1785823200000,589.9,591.9,589.6,590.9,574.968636
1785826800000,591.0,591.4,589.9,590.8,586.96118
1785830400000,590.9,591.1,589.2,590.1,354.363692
1785834000000,590.2,590.3,588.4,589.4,338.286696
1785837600000,589.4,591.0,588.2,590.2,219.444555
1785841200000,590.3,592.3,589.7,592.1,180.382502
1785844800000,592.1,592.2,590.5,592.1,290.004099
1785848400000,592.1,592.3,589.0,589.5,639.351375
1785852000000,589.5,595.1,589.0,594.3,1170.303701
1785855600000,594.4,595.1,591.7,593.3,1510.596243
1785859200000,593.3,594.8,592.4,593.4,383.860018
1785862800000,593.4,594.2,592.4,592.8,282.024046
1785866400000,592.9,595.3,592.8,594.2,195.930321
1785870000000,594.2,594.4,593.5,593.9,172.73795
1785873600000,593.9,594.8,592.7,593.8,359.461825
1785877200000,593.9,594.4,593.4,594.2,693.347984
1785880800000,594.1,594.5,593.6,594.0,123.777287
1785884400000,594.2,595.1,593.1,593.4,211.909469
1785888000000,593.4,602.8,592.8,596.1,2590.251394
1785891600000,596.2,604.8,596.1,603.7,1992.869011
1785895200000,603.7,605.6,600.5,603.8,484.864218
1785898800000,603.7,603.7,598.2,598.9,835.72861
1785902400000,599.0,600.0,598.2,599.7,389.022721
1785906000000,599.7,603.4,599.3,602.5,2211.525507
1785909600000,602.5,602.6,601.1,601.4,302.913094
1785913200000,601.5,601.6,598.7,600.3,667.747152
1785916800000,600.3,601.1,599.2,599.3,430.633714
1785920400000,599.4,599.8,597.7,598.4,405.359482
1785924000000,598.3,598.4,595.3,597.4,724.912931
1785927600000,597.4,598.3,596.4,596.9,638.712489
1785931200000,596.8,600.0,596.5,599.5,789.939849
1785934800000,599.5,601.0,597.7,600.7,1259.371804
1785938400000,600.7,603.1,598.8,602.8,1145.763299
1785942000000,602.9,603.9,599.8,599.8,715.152496
1785945600000,599.9,602.5,598.8,599.2,283.997712
1785949200000,599.3,601.2,597.1,601.0,311.498221
1785952800000,601.0,601.9,599.9,600.2,261.415333
1785956400000,600.2,600.9,599.7,599.7,112.181427
1785960000000,599.8,599.9,597.4,597.6,202.957991
1785963600000,597.6,597.6,595.5,595.6,137.130483
1785967200000,595.6,595.9,592.2,592.5,287.331612
1785970800000,592.6,594.5,592.0,593.9,437.881392
1785974400000,594.0,597.1,593.8,595.7,531.713456
1785978000000,595.8,595.9,594.1,594.1,155.351493
1785981600000,594.2,594.6,592.1,593.6,341.655033
1785985200000,593.7,594.7,593.1,594.7,278.817801
1785988800000,594.7,596.0,594.1,595.6,205.711028
1785992400000,595.6,598.4,595.4,596.8,180.506527
1785996000000,596.9,596.9,595.0,595.4,309.904604
1785999600000,595.4,596.3,594.9,595.5,245.893869
1786003200000,595.5,596.2,594.6,595.5,312.863709
1786006800000,595.6,595.8,593.3,594.7,367.142127
1786010400000,594.8,594.9,593.2,593.4,252.21275
1786014000000,593.5,594.6,592.4,594.1,257.10296
1786017600000,594.2,594.4,592.9,593.2,412.751867
1786021200000,593.2,593.5,591.2,593.2,393.417285
1786024800000,593.2,594.3,591.7,593.5,269.202147
1786028400000,593.4,594.6,592.5,592.5,215.124727
1786032000000,592.6,593.1,591.4,593.1,236.389392
1786035600000,593.2,593.8,592.5,593.1,172.04255
1786039200000,593.2,593.5,590.5,591.6,248.530205
1786042800000,591.6,591.7,589.9,590.6,184.205266
1786046400000,590.5,591.7,590.4,591.3,137.782919
1786050000000,591.3,592.6,591.3,592.2,97.872908
1786053600000,592.2,592.8,591.6,591.9,146.019606
1786057200000,592.0,592.5,591.1,592.2,112.989654
1786060800000,592.5,593.6,592.2,593.1,194.733263
1786064400000,593.2,594.1,593.0,593.6,188.492609
1786068000000,593.6,594.2,592.2,593.5,274.207057
1786071600000,593.6,594.8,593.1,593.1,324.450606
1786075200000,593.1,593.1,587.0,587.6,495.769153
1786078800000,587.7,588.2,586.2,588.0,275.079105
1786082400000,587.8,588.3,586.6,587.1,242.223465
1786086000000,587.1,588.4,585.2,585.6,406.271458
1786089600000,585.6,589.1,585.4,588.8,625.842557
1786093200000,588.8,590.8,588.7,590.0,560.317976
1786096800000,590.1,590.9,589.8,590.3,266.95447
1786100400000,590.3,591.9,590.3,591.4,200.837599
1786104000000,591.6,593.5,590.7,592.9,678.957173
1786107600000,593.0,593.5,591.1,592.6,319.39272
1786111200000,592.8,593.4,590.4,591.1,348.500283
1786114800000,591.1,592.8,591.0,592.5,234.789179
1786118400000,592.5,594.6,592.5,592.8,265.322742
1786122000000,592.7,593.1,591.2,592.1,121.684358
1786125600000,592.1,592.5,591.1,591.4,108.429864
1786129200000,591.5,593.4,591.4,593.4,64.570563
1786132800000,593.5,593.8,592.3,592.8,73.717307
1786136400000,592.9,593.6,592.3,592.7,141.964367
1786140000000,592.8,592.9,592.2,592.6,63.985366
1786143600000,592.6,593.1,592.3,592.7,63.870733
1786147200000,592.7,592.7,590.8,591.1,160.818215
1786150800000,591.1,591.3,590.8,591.1,186.625091
1786154400000,591.1,592.0,590.9,591.6,157.709501
1786158000000,591.7,593.8,591.6,593.5,286.901372
1786161600000,593.5,593.9,592.7,593.7,151.501441
1786165200000,593.7,594.0,593.0,593.5,579.491907
1786168800000,593.5,595.4,593.4,594.8,476.968086
1786172400000,594.8,595.3,594.1,594.5,431.228574
1786176000000,594.5,594.9,593.7,594.4,227.35087
1786179600000,594.6,595.6,594.2,594.8,209.911542
1786183200000,594.8,596.0,594.7,595.1,200.91178
1786186800000,595.2,596.6,595.0,596.5,170.018431
1786190400000,596.6,596.6,595.5,596.1,228.596122
1786194000000,596.1,599.4,595.8,598.3,323.827182
1786197600000,598.3,612.0,598.3,603.2,6164.233648
1786201200000,603.2,606.4,603.2,605.3,587.971868
1786204800000,605.2,607.4,603.3,605.5,421.080461
1786208400000,605.4,606.0,603.8,604.6,149.228269
1786212000000,604.5,605.0,603.7,604.0,97.65303
1786215600000,603.9,603.9,602.7,603.3,128.109012
1786219200000,603.3,603.3,601.9,602.2,94.06735
1786222800000,602.2,602.9,601.6,601.6,90.999934
1786226400000,601.8,601.8,599.0,600.4,226.893348
1786230000000,600.4,601.7,600.1,600.7,172.386111
1786233600000,600.7,603.8,600.7,603.6,258.287576
1786237200000,603.6,604.3,602.2,602.7,362.637925
1786240800000,602.7,602.8,600.4,600.9,289.930404
1786244400000,601.0,602.2,600.1,600.4,235.878516
1786248000000,600.4,601.9,600.4,601.3,177.958207
1786251600000,601.3,602.2,601.1,602.0,183.292516
1786255200000,602.0,603.7,601.9,603.7,209.759394
1786258800000,603.7,603.9,601.8,603.2,1280.085491
1786262400000,603.2,603.8,601.5,602.1,335.174886
1786266000000,602.1,602.7,601.0,602.6,251.079028
1786269600000,602.7,604.7,602.7,604.2,360.528914
1786273200000,604.3,604.8,603.8,603.9,329.601114
1786276800000,603.9,605.2,603.1,604.4,281.726711
1786280400000,604.3,609.2,604.3,607.3,2152.136588
1786284000000,607.4,611.6,606.9,608.0,1092.697869
1786287600000,608.1,609.3,607.5,608.5,642.239508
1786291200000,608.6,609.1,607.4,608.8,240.906875
1786294800000,608.8,609.4,608.5,608.5,204.599272
1786298400000,608.6,609.1,607.5,608.5,160.399156
1786302000000,608.5,609.0,607.6,607.6,117.703474
1786305600000,607.6,608.3,607.5,608.0,102.005765
1786309200000,608.0,608.8,607.7,608.5,85.708591
1786312800000,608.6,611.1,603.3,605.0,860.457187
1786316400000,605.0,605.8,601.7,602.2,397.690998
1786320000000,602.1,606.7,601.9,603.9,503.080818
1786323600000,603.9,606.7,603.6,604.8,314.377917
1786327200000,604.8,604.9,602.2,603.1,161.855781
1786330800000,603.2,603.6,601.2,602.5,188.357015
1786334400000,602.6,603.2,601.0,601.6,176.204048
1786338000000,601.6,603.7,601.3,603.0,211.082951
1786341600000,603.1,604.2,603.1,604.0,152.522302
1786345200000,603.9,605.0,603.1,604.2,236.660541
1786348800000,604.1,605.2,603.9,604.8,285.228135
1786352400000,604.8,604.8,603.7,604.3,219.456106
1786356000000,604.4,606.7,604.3,606.5,451.533625
1786359600000,606.5,606.6,604.7,605.0,243.454379
1786363200000,605.2,605.6,602.4,602.6,553.302734
1786366800000,602.6,603.1,599.5,600.3,13837.215607
1786370400000,600.3,602.7,600.0,601.5,2083.666505
1786374000000,601.6,601.8,599.8,601.2,853.223703
1786377600000,601.1,602.5,597.4,598.5,1003.066346
1786381200000,598.5,600.7,597.3,600.2,342.56973
1786384800000,600.2,600.7,599.1,600.3,214.608818
1786388400000,600.3,601.1,600.2,600.6,126.635074
1786392000000,600.7,601.5,600.4,600.7,76.074856
1786395600000,600.6,600.7,598.9,598.9,237.000693
1786399200000,599.1,600.0,598.5,599.2,104.382716
1786402800000,599.2,599.8,598.3,599.1,74.223511
1786406400000,599.2,600.3,599.0,599.9,212.780408
1786410000000,599.9,600.8,599.5,600.1,103.231721
1786413600000,600.2,600.8,599.8,600.5,146.020197
1786417200000,600.5,600.9,600.0,600.3,276.38948
1786420800000,600.3,600.7,599.7,599.7,436.948522
1786424400000,599.8,600.6,599.2,599.7,214.487124
1786428000000,599.7,600.6,598.5,598.7,265.579838
1786431600000,598.6,602.4,598.4,602.4,703.121829
1786435200000,602.4,606.3,602.2,605.4,671.819637
1786438800000,605.4,608.0,604.8,607.3,316.876787
1786442400000,607.3,608.7,606.7,608.1,387.990099
1786446000000,608.2,608.6,606.5,608.4,303.773475
1786449600000,608.6,615.0,608.6,612.1,1804.48323
1786453200000,612.2,613.7,610.1,611.6,551.612654
1786456800000,611.5,611.7,606.3,607.6,611.276884
1786460400000,607.6,609.6,605.4,608.3,583.219396
1786464000000,608.4,610.2,607.8,609.3,365.603704
1786467600000,609.5,610.6,609.3,610.3,181.479127
1786471200000,610.3,610.7,607.9,610.1,159.429814
1786474800000,610.0,611.8,609.0,611.7,82.174658
1786478400000,611.7,613.0,611.3,612.7,157.020378
1786482000000,612.8,613.5,611.9,612.6,140.635836
1786485600000,612.7,614.8,612.4,614.6,120.656001
1786489200000,614.6,617.8,613.5,616.7,443.792591
1786492800000,616.7,617.8,614.5,617.7,423.746732
1786496400000,617.8,620.6,615.9,618.6,852.476852
1786500000000,618.7,619.5,615.3,616.1,732.27151
1786503600000,616.1,616.1,612.9,613.3,558.230172
1786507200000,613.2,615.8,612.8,614.7,270.720571
1786510800000,614.7,615.0,612.7,613.2,301.407312
1786514400000,613.3,613.4,609.0,611.5,879.833827
1786518000000,611.6,612.5,611.2,612.3,233.274106
1786521600000,612.4,613.1,610.0,610.4,266.345389
1786525200000,610.5,613.7,610.2,613.7,336.257926
1786528800000,613.7,614.9,613.2,614.0,568.268024
1786532400000,614.0,614.9,613.2,614.9,221.627468
1786536000000,614.9,615.6,609.8,613.0,973.260208
1786539600000,613.0,613.9,612.1,612.4,504.715789
1786543200000,612.4,614.0,608.5,609.3,1145.435137
1786546800000,609.5,611.6,608.8,611.0,309.85422
1786550400000,610.8,611.3,610.2,610.4,262.369558
1786554000000,610.4,611.6,610.3,610.7,210.255703
1786557600000,610.7,611.3,609.8,610.4,197.753497
1786561200000,610.4,610.9,609.0,609.8,264.016515
1786564800000,609.8,612.1,609.7,611.7,233.647785
1786568400000,611.8,612.2,608.7,609.6,432.82316
1786572000000,609.8,610.8,609.2,610.0,237.266337
1786575600000,610.0,610.9,609.5,610.3,492.184756
1786579200000,610.4,611.7,609.9,610.6,372.377052
1786582800000,610.7,611.6,609.8,611.1,196.280414
1786586400000,611.1,611.4,610.0,611.1,253.284646
1786590000000,611.2,612.5,610.5,612.5,309.597897
1786593600000,612.5,613.1,611.7,612.6,195.581079
1786597200000,612.7,615.0,612.6,613.8,397.823738
1786600800000,613.8,613.8,610.7,612.7,468.63487
1786604400000,612.7,614.1,612.7,613.6,324.081584
1786608000000,613.6,614.4,613.1,614.0,333.382768
1786611600000,614.1,614.2,611.4,612.1,255.307959
1786615200000,612.1,612.3,610.3,610.6,481.600052
1786618800000,610.6,611.3,607.9,609.0,660.68712
1786622400000,609.0,610.3,608.5,609.8,386.817062
1786626000000,609.8,611.5,609.3,610.6,401.910602
1786629600000,610.7,611.6,609.7,610.0,462.484431
1786633200000,609.9,610.4,606.6,607.5,570.267331
1786636800000,607.5,609.5,605.0,607.4,767.544568
1786640400000,607.4,608.7,607.3,608.4,126.972444
1786644000000,608.2,609.7,607.6,609.5,219.123139
1786647600000,609.4,610.2,609.1,609.8,225.319191
1786651200000,609.8,611.0,609.4,610.3,164.831077
1786654800000,610.4,611.7,610.3,611.0,133.297191
1786658400000,611.0,611.8,610.8,610.8,82.166979
1786662000000,610.8,611.3,610.3,610.7,89.071583
1786665600000,610.7,611.5,610.4,611.1,132.521028
1786669200000,611.1,611.2,610.2,611.2,163.785975
1786672800000,611.3,612.5,609.8,612.4,227.071268
1786676400000,612.4,613.0,611.2,611.8,100.081078
1786680000000,611.8,612.6,610.6,610.7,113.801233
1786683600000,610.7,611.1,610.1,610.3,119.455196
1786687200000,610.3,610.3,607.8,608.4,470.287266
1786690800000,608.4,609.3,607.5,607.5,234.146551
1786694400000,607.5,608.7,606.5,608.6,175.270238
1786698000000,608.7,609.1,607.4,607.4,186.945268
1786701600000,607.5,608.0,605.4,606.0,386.304745
1786705200000,606.0,606.2,603.4,604.9,552.5936
1786708800000,604.9,606.0,604.4,604.6,206.976445
1786712400000,604.7,605.1,603.4,604.1,411.133956
1786716000000,604.1,605.6,602.8,603.9,342.201009
1786719600000,603.9,607.1,603.7,606.6,302.669159
1786723200000,606.6,607.2,606.2,607.2,302.030802
1786726800000,607.3,607.4,605.7,606.0,143.526991
1786730400000,606.1,607.0,605.6,606.3,118.535694
1786734000000,606.3,606.7,605.1,606.4,76.658887
1786737600000,606.5,607.2,606.4,607.0,60.500695
1786741200000,607.0,607.3,606.5,607.1,113.405294
1786744800000,607.2,607.3,606.5,606.9,79.006196
1786748400000,606.9,608.5,606.6,608.1,109.360985
1786752000000,608.2,608.2,607.1,607.9,139.263743
1786755600000,608.0,608.6,607.6,607.7,139.920865
1786759200000,607.8,608.8,607.7,608.6,289.583525
1786762800000,608.7,610.9,608.6,610.6,372.610044
1786766400000,610.6,612.5,610.3,611.6,357.355985
1786770000000,611.6,612.0,610.4,610.8,213.771161
1786773600000,610.8,612.3,610.8,612.1,233.158253
1786777200000,612.1,612.4,611.0,611.6,182.80679
1786780800000,611.7,612.2,610.5,610.7,206.988679
1786784400000,610.7,612.3,610.0,612.1,319.581584
1786788000000,612.1,612.2,611.1,611.6,365.918569
1786791600000,611.6,612.1,611.3,611.9,210.397881
1786795200000,611.9,612.9,610.5,611.3,421.763598
1786798800000,611.4,611.4,609.4,609.8,230.575127
1786802400000,609.9,610.8,608.8,610.7,311.85638
1786806000000,610.7,612.0,610.6,611.7,398.503669
1786809600000,611.7,612.1,611.2,611.7,508.860421
1786813200000,611.5,611.9,610.8,611.0,244.936614
1786816800000,610.9,611.4,610.1,610.1,158.556237
1786820400000,610.2,611.6,609.9,611.4,268.109265
1786824000000,611.5,611.8,610.5,610.6,217.49859
1786827600000,610.6,611.1,610.3,610.3,175.904193
1786831200000,610.4,610.4,609.3,609.4,93.317008
1786834800000,609.4,609.4,607.5,607.8,190.229609
1786838400000,607.9,608.0,606.9,607.5,255.239626
1786842000000,607.6,607.8,606.5,607.1,242.321006
1786845600000,607.2,607.7,606.3,607.3,250.172718
1786849200000,607.3,607.3,606.3,606.6,257.10114
1786852800000,606.6,606.6,605.7,606.0,398.351167
1786856400000,606.0,606.7,605.6,606.3,381.814179
1786860000000,606.3,606.3,604.3,605.3,262.32061
1786863600000,605.4,605.8,605.1,605.7,303.097186
1786867200000,605.8,607.6,604.8,607.5,548.197736
1786870800000,607.5,608.4,606.8,607.2,415.866533
1786874400000,607.3,607.3,606.4,606.7,258.336004
1786878000000,606.7,607.2,606.4,606.9,235.528327
1786881600000,606.9,607.7,606.7,607.4,213.855269
1786885200000,607.4,608.5,607.3,607.4,618.24507
1786888800000,607.5,608.5,607.2,607.8,413.862361
1786892400000,607.8,608.1,607.0,607.6,351.931388
1786896000000,607.5,608.2,606.9,607.3,379.486954
1786899600000,607.4,607.9,606.2,606.2,973.052936
1786903200000,606.3,606.7,605.3,605.4,285.006724
1786906800000,605.4,606.3,605.4,606.2,183.347809
1786910400000,606.2,606.2,604.9,605.5,491.714583
1786914000000,605.6,605.6,603.1,603.8,435.274271
1786917600000,603.9,604.5,601.3,602.3,502.577729
1786921200000,602.3,604.2,601.6,602.9,299.384426
1786924800000,603.0,603.0,601.0,602.5,391.240719
1786928400000,602.5,605.1,602.4,603.3,456.135776
1786932000000,603.4,605.7,602.0,604.6,860.754673
1786935600000,604.6,605.6,604.0,605.1,372.511662
1786939200000,605.1,606.3,604.4,606.2,621.182072
1786942800000,606.3,607.0,605.3,605.6,327.371341
1786946400000,605.6,607.5,605.4,606.5,412.873156
1786950000000,606.6,606.6,604.9,605.0,453.402222
1786953600000,605.1,605.5,604.1,604.9,831.547286
1786957200000,605.0,605.2,603.5,604.4,290.017071
1786960800000,604.3,605.6,602.8,605.3,552.055399
1786964400000,605.3,605.6,604.6,604.9,288.983634
1786968000000,605.1,605.1,603.9,603.9,350.559817
1786971600000,604.0,607.1,603.8,605.9,423.428389
1786975200000,606.0,607.7,605.0,607.5,496.495305
1786978800000,607.5,608.0,605.9,607.1,488.262193
1786982400000,607.2,608.0,606.9,607.6,393.773285
1786986000000,607.6,607.9,605.6,606.0,705.202995
1786989600000,606.1,607.3,605.8,606.4,289.602752
1786993200000,606.4,606.4,604.9,605.3,145.123131
1786996800000,605.3,605.9,605.0,605.6,145.842968
1787000400000,605.7,606.1,605.0,605.1,92.241177
1787004000000,605.2,605.4,604.6,604.9,93.477951
1787007600000,604.9,606.7,604.5,605.9,159.610874
1787011200000,605.9,606.0,604.9,605.3,258.428482
1787014800000,605.3,605.7,603.5,604.0,154.646465
1787018400000,604.1,604.1,602.1,603.0,330.901118
1787022000000,603.1,603.8,603.0,603.7,291.878105
1787025600000,603.7,604.0,603.0,603.6,204.135852
1787029200000,603.6,604.0,603.1,604.0,232.27029
1787032800000,603.8,605.4,603.3,604.3,300.497108
1787036400000,604.4,604.5,603.2,603.3,256.450659
1787040000000,603.4,603.4,602.1,602.7,434.917504
1787043600000,602.8,602.9,601.1,601.3,414.1332
1787047200000,601.3,601.7,600.9,601.2,601.265207
1787050800000,601.2,602.8,601.0,602.1,276.025326
1787054400000,602.2,602.2,601.1,601.2,263.191988
1787058000000,601.2,601.2,599.7,600.2,510.334391
1787061600000,600.3,604.2,600.2,602.7,456.45719
1787065200000,602.7,604.0,602.7,603.4,318.612752
1787068800000,603.4,604.4,603.0,603.8,291.583113
1787072400000,603.9,604.0,602.6,602.9,161.67333
1787076000000,602.8,604.1,602.7,603.3,115.226618
1787079600000,603.4,603.9,602.9,603.1,119.370278
1787083200000,603.1,603.2,602.7,603.0,92.394146
1787086800000,603.0,603.2,602.3,602.7,92.643589
1787090400000,602.7,603.5,602.5,603.3,157.237176
1787094000000,603.3,604.3,603.1,603.9,132.919805
1787097600000,604.0,604.8,602.8,603.9,587.801048
1787101200000,604.0,604.8,603.4,603.5,335.87149
1787104800000,603.6,603.6,601.5,602.0,239.458926
1787108400000,602.1,602.8,601.7,602.1,294.699207
1787112000000,602.1,602.7,601.7,601.9,210.469772
1787115600000,601.9,602.3,601.3,601.6,198.914859
1787119200000,601.6,602.5,601.3,602.5,168.956239
1787122800000,602.6,602.7,601.9,601.9,186.324256
1787126400000,601.9,603.5,601.7,602.8,224.674144
1787130000000,602.9,603.2,602.5,602.5,203.110515
1787133600000,602.6,602.8,602.1,602.8,152.232469
1787137200000,602.9,603.5,602.3,602.7,287.976161
1787140800000,602.8,605.3,602.8,604.4,264.28389
1787144400000,604.3,605.8,604.0,604.5,553.1546
1787148000000,604.5,609.5,604.1,608.6,1492.433854
1787151600000,608.9,620.4,608.8,616.6,5208.570502
1787155200000,616.6,620.5,616.2,618.9,1287.988632
1787158800000,618.9,619.2,614.6,617.3,1797.668227
1787162400000,617.4,617.9,616.2,617.2,1068.76657
1787166000000,617.2,617.8,614.4,616.7,1463.811696
1787169600000,616.8,624.6,616.5,624.2,1758.000536
1787173200000,624.1,636.6,623.5,634.8,2484.146248
1787176800000,634.8,635.5,627.1,628.1,965.485905
1787180400000,628.3,629.1,626.0,627.8,495.462826
1787184000000,627.7,630.4,627.5,628.9,1315.197111
1787187600000,629.0,629.4,624.2,625.7,553.980764
1787191200000,625.7,626.8,624.3,624.5,461.258637
1787194800000,624.4,629.0,622.3,626.8,6095.042681
1787198400000,626.8,628.0,625.2,627.0,458.626889
1787202000000,627.1,628.0,624.7,625.1,436.673551
1787205600000,625.3,631.5,624.8,630.5,665.110923
1787209200000,630.5,632.9,628.1,630.6,448.649551
1787212800000,630.6,644.9,630.5,640.7,1997.210835
1787216400000,640.6,645.1,640.5,643.0,2611.639839
1787220000000,642.9,646.8,642.0,644.2,1121.084506
1787223600000,644.2,649.2,642.6,646.0,863.260478
1787227200000,646.1,646.3,639.9,643.4,946.2858
1787230800000,643.4,644.9,638.2,641.6,653.273329
1787234400000,641.7,645.3,640.5,642.1,1088.678032
1787238000000,642.3,652.7,642.2,652.7,1353.787615
1787241600000,652.7,654.4,648.0,654.1,1210.956047
1787245200000,654.1,654.7,651.5,653.3,1085.903695
1787248800000,653.4,654.1,647.0,647.4,492.123175
1787252400000,647.4,651.0,647.0,650.5,364.751411
1787256000000,650.6,654.4,650.3,653.9,587.380532
1787259600000,653.9,655.2,652.8,654.2,485.16704
1787263200000,654.1,656.1,652.4,654.0,685.044941
1787266800000,654.0,658.5,653.8,654.8,273.337839
1787270400000,654.8,658.3,653.2,656.9,944.339439
1787274000000,656.8,666.6,656.2,661.6,2319.730259
1787277600000,661.6,663.9,658.7,659.0,1227.377003
1787281200000,659.3,662.4,657.3,660.8,759.47007
1787284800000,661.1,662.4,658.8,660.6,503.645766
1787288400000,660.6,664.8,659.9,664.7,534.104876
1787292000000,664.8,673.1,663.8,666.8,1184.094756
1787295600000,666.8,673.6,666.6,670.0,1625.923613
1787299200000,670.0,686.3,669.5,685.4,2888.059548
1787302800000,685.4,685.8,667.7,678.3,2048.317219
1787306400000,678.3,680.4,675.5,678.3,894.790148
1787310000000,678.2,680.2,671.0,674.3,608.166959
1787313600000,674.4,680.2,672.9,678.8,540.211452
1787317200000,679.0,680.9,673.7,679.7,905.464686
1787320800000,679.7,680.0,675.1,678.8,828.254259
1787324400000,678.7,682.2,677.9,679.1,1351.841915
1787328000000,679.2,680.8,674.1,679.6,828.641062
1787331600000,679.6,681.6,676.6,679.0,456.127703
1787335200000,679.1,682.2,673.7,676.7,776.360432
1787338800000,676.7,677.2,672.6,673.0,346.77004
1787342400000,673.0,676.2,671.7,676.2,390.654119
1787346000000,676.3,685.0,675.7,684.9,797.179755
1787349600000,685.0,692.0,683.9,691.2,1758.327637
1787353200000,691.3,692.2,686.0,686.9,1796.033005
1787356800000,686.9,688.8,681.4,688.5,819.759521
1787360400000,688.6,692.2,686.6,688.1,823.634086
1787364000000,688.3,714.9,688.3,712.5,3592.861245
1787367600000,712.6,722.3,710.2,717.8,3755.373709
1787371200000,717.8,725.5,714.6,724.8,1831.391851
1787374800000,724.4,726.4,683.2,698.5,11404.340773
1787378400000,698.7,701.1,692.4,700.9,1376.747897
1787382000000,701.0,708.2,697.9,705.9,1802.395147
1787385600000,706.2,709.9,695.9,697.9,1517.490493
1787389200000,698.1,704.0,692.8,697.5,1045.719909
1787392800000,697.7,697.8,684.2,690.9,1763.748265
1787396400000,690.9,696.2,689.2,694.4,730.544824
1787400000000,694.3,698.1,692.9,694.7,444.863516
1787403600000,694.7,696.2,692.1,695.3,353.40636
1787407200000,695.4,695.9,690.1,691.9,440.065342
1787410800000,691.9,693.3,688.3,688.4,477.967188
1787414400000,688.6,697.4,688.3,696.5,459.382707
1787418000000,696.6,698.2,694.0,696.1,278.467399
1787421600000,696.1,699.3,696.1,698.3,222.852773
1787425200000,698.4,699.6,696.7,698.5,142.335687
1787428800000,698.6,700.3,697.3,697.9,230.523376
1787432400000,697.8,697.8,691.7,692.8,455.293652
1787436000000,692.6,697.0,691.6,693.5,246.794611
1787439600000,693.8,696.3,691.3,695.2,130.506255
1787443200000,695.2,701.9,693.6,700.8,375.111075
1787446800000,700.8,700.9,697.2,698.3,322.202299
1787450400000,698.2,698.2,692.2,694.0,517.815666
1787454000000,694.1,695.2,688.5,689.5,715.717865
1787457600000,689.4,690.4,680.8,682.1,1115.758171
1787461200000,681.8,685.5,676.8,683.0,1497.52509
1787464800000,683.0,687.0,680.3,685.1,1106.881886
1787468400000,685.2,689.1,683.1,684.1,1051.66286
1787472000000,684.1,690.5,683.6,689.0,710.105192
1787475600000,689.1,690.0,687.4,689.1,345.236497
1787479200000,689.1,692.2,689.1,689.8,330.805476
1787482800000,690.0,695.8,690.0,695.2,326.302113
1787486400000,695.1,695.2,692.2,694.2,384.064832
1787490000000,694.2,700.0,694.0,698.2,648.268838
1787493600000,698.3,699.3,690.0,695.4,579.034
1787497200000,695.6,697.3,693.3,695.0,539.384154
1787500800000,695.0,699.0,695.0,698.8,390.616951
1787504400000,698.8,700.2,696.1,697.7,428.595999
1787508000000,697.6,700.3,696.6,699.7,293.590844
1787511600000,699.8,700.2,697.5,698.8,166.691019
1787515200000,698.9,700.2,697.9,700.2,120.813901
1787518800000,700.3,707.3,700.3,703.4,448.399202
1787522400000,703.5,705.0,700.2,703.2,259.110786
1787526000000,703.2,704.5,699.8,702.5,234.439118
1787529600000,702.5,704.8,698.5,704.8,483.091744
1787533200000,704.9,705.0,694.8,695.3,435.910734
1787536800000,695.3,701.9,693.5,700.1,513.380302
1787540400000,700.2,700.4,695.7,695.7,293.516303
1787544000000,695.9,698.4,694.6,696.7,380.386828
1787547600000,696.7,700.3,695.8,699.2,379.122225
1787551200000,699.2,700.6,696.6,699.9,257.29799
1787554800000,699.9,703.5,698.1,698.6,630.804666
1787558400000,698.7,698.9,692.8,695.8,531.333521
1787562000000,695.8,699.8,695.5,699.7,339.376325
1787565600000,699.7,702.0,698.7,699.4,602.870481
1787569200000,699.5,707.2,697.1,703.9,767.506907
1787572800000,703.8,707.3,700.0,705.6,845.151406
1787576400000,705.7,708.3,696.2,700.2,1001.38259
1787580000000,699.8,709.0,699.6,707.0,724.195384
1787583600000,707.0,716.8,703.8,705.8,964.220166
1787587200000,706.0,712.5,704.0,704.7,774.417708
1787590800000,705.0,706.0,698.5,702.6,789.767166
1787594400000,702.8,705.4,701.5,703.0,368.06994
1787598000000,703.0,704.3,700.6,702.0,216.607261
1787601600000,702.2,704.3,700.9,703.1,208.580167
1787605200000,703.2,705.4,702.8,704.0,212.158994
1787608800000,703.9,703.9,701.1,701.4,321.978566
1787612400000,701.5,704.5,700.0,704.4,288.543531
1787616000000,704.3,711.2,703.6,710.2,926.170102
1787619600000,710.2,712.4,708.3,710.4,620.020812
1787623200000,710.4,719.2,708.2,714.3,3382.781837
1787626800000,714.3,717.9,713.8,715.4,542.794468
1787630400000,715.4,718.0,713.4,714.3,431.896764
1787634000000,714.5,718.6,714.0,716.5,293.126339
1787637600000,716.7,717.6,711.3,713.1,623.363347
1787641200000,713.1,716.1,702.4,706.4,813.192463
1787644800000,706.5,708.8,703.5,704.4,843.290937
1787648400000,704.4,704.4,696.9,699.0,744.647541
1787652000000,699.0,700.6,697.3,699.6,343.271811
1787655600000,699.5,700.2,696.7,696.8,266.260632
1787659200000,696.9,698.2,693.0,697.7,1107.313182
1787662800000,697.7,698.3,690.6,694.4,1941.505303
1787666400000,694.5,699.6,693.2,698.3,803.064677
1787670000000,698.5,700.5,696.3,700.3,674.948835
1787673600000,700.2,700.7,697.6,698.7,1349.768959
1787677200000,698.8,700.7,696.8,700.1,267.252432
1787680800000,700.2,701.4,699.1,699.7,246.403371
1787684400000,699.7,700.2,696.7,698.1,136.207225
1787688000000,698.2,698.6,692.0,692.4,373.375456
1787691600000,692.3,693.6,688.0,692.9,600.071886
1787695200000,693.0,697.5,693.0,697.2,168.179263
1787698800000,697.2,697.6,693.1,694.4,145.025347
1787702400000,694.6,695.0,691.5,693.6,414.557297
1787706000000,693.7,696.6,693.5,694.8,347.879714
1787709600000,694.9,698.2,693.9,697.6,207.062488
1787713200000,697.7,698.0,695.0,696.2,151.361859
1787716800000,696.1,697.5,694.2,694.3,256.967656
1787720400000,694.3,696.8,692.7,696.3,280.280566
1787724000000,696.4,697.9,695.1,697.9,239.93145
1787727600000,697.8,700.2,697.3,698.6,610.041173
1787731200000,698.7,699.4,696.2,697.1,550.692412
1787734800000,697.2,698.8,694.4,695.1,345.783408
1787738400000,695.1,708.3,694.8,707.0,1694.758324
1787742000000,707.0,708.0,701.1,702.2,2422.272025
1787745600000,702.2,704.1,697.8,701.6,690.835569
1787749200000,701.7,702.3,696.9,701.4,753.350283
1787752800000,701.5,702.6,693.3,693.8,981.799795
1787756400000,693.9,697.9,692.1,697.0,576.258293
1787760000000,697.1,698.2,694.7,695.7,375.327021
1787763600000,696.0,702.0,695.5,699.2,543.642918
1787767200000,699.4,699.8,697.3,698.1,202.658961
1787770800000,698.2,700.5,698.0,699.5,113.777654
1787774400000,699.6,700.4,697.6,698.9,157.700649
1787778000000,699.1,703.4,698.8,703.2,235.723779
1787781600000,703.3,707.5,702.8,704.3,283.642968
1787785200000,704.3,708.4,704.0,707.6,358.987662
1787788800000,707.6,707.7,703.2,703.4,260.225002
1787792400000,703.2,705.4,702.0,705.0,257.754223
1787796000000,704.9,705.6,702.6,702.8,210.969413
1787799600000,702.9,704.1,702.2,703.4,234.369916
1787803200000,703.4,704.3,701.0,702.2,618.14183
1787806800000,702.3,705.6,701.5,705.4,312.389918
1787810400000,705.4,706.0,703.3,705.9,408.195044
1787814000000,705.9,707.9,705.0,707.4,777.46903
1787817600000,707.5,712.8,707.3,710.2,876.579614
1787821200000,710.2,715.7,708.9,712.6,1007.50603
1787824800000,712.7,714.1,704.9,706.9,772.043671
1787828400000,707.1,708.5,705.6,706.8,393.702359
1787832000000,706.9,707.7,705.0,705.7,974.548023
1787835600000,705.8,708.9,704.9,708.9,691.986502
1787839200000,708.9,712.1,705.9,710.1,1026.637428
1787842800000,710.2,713.9,709.4,711.4,984.42756
1787846400000,711.4,713.6,710.8,711.9,744.48026
1787850000000,712.0,714.2,709.8,711.0,326.612327
1787853600000,711.0,711.1,706.6,710.7,385.885696
1787857200000,710.8,711.8,709.6,710.0,387.73224
1787860800000,710.1,710.7,708.8,709.9,182.567191
1787864400000,710.0,710.7,709.2,710.5,437.70016
1787868000000,710.6,712.7,710.6,712.5,204.553496
1787871600000,712.5,712.7,711.5,711.7,220.825654
1787875200000,711.9,714.8,710.8,712.9,446.672944
1787878800000,713.0,718.9,713.0,713.8,1700.247475
1787882400000,713.8,714.2,706.2,707.8,644.126422
1787886000000,707.8,711.2,706.8,709.5,226.67422
1787889600000,709.5,711.2,707.2,709.3,331.714611
1787893200000,709.3,713.1,708.2,712.1,182.431934
1787896800000,712.1,714.3,712.0,712.7,387.740035
1787900400000,712.9,712.9,706.2,706.9,277.454233
1787904000000,706.7,709.5,705.1,705.4,566.547687
1787907600000,705.5,706.6,704.2,704.2,465.674081
1787911200000,704.3,707.0,702.8,706.7,394.119912
1787914800000,706.8,708.0,705.7,706.1,197.029143
1787918400000,706.1,706.8,704.2,705.2,267.285958
1787922000000,705.1,706.0,703.2,705.0,411.558123
1787925600000,704.7,707.5,695.7,704.4,1188.064721
1787929200000,704.7,705.9,695.9,696.0,737.625946
