ts,o,h,l,c,v
1746054000000,0.17243,0.173,0.17222,0.17226,6240775.554576
1746057600000,0.17227,0.17359,0.17208,0.17305,6928266.610612
1746061200000,0.17306,0.17453,0.17306,0.17435,11046254.949657
1746064800000,0.17443,0.17544,0.17405,0.17435,19503921.755212
1746068400000,0.17436,0.17517,0.17387,0.17407,14941972.262762
1746072000000,0.17408,0.17443,0.17364,0.17432,4972246.039713
1746075600000,0.17435,0.17555,0.17426,0.17532,14064658.602806
1746079200000,0.17528,0.17545,0.17434,0.17485,8444453.597303
1746082800000,0.17484,0.17554,0.17454,0.17531,7268494.538849
1746086400000,0.17529,0.1765,0.17502,0.17616,16832430.446439
1746090000000,0.17618,0.17757,0.17574,0.17691,15619792.139718
1746093600000,0.17689,0.17945,0.17682,0.17862,41230478.903469
1746097200000,0.1786,0.17957,0.17796,0.17937,39169167.333189
1746100800000,0.17936,0.17988,0.1786,0.17895,23021474.051832
1746104400000,0.17896,0.17935,0.1768,0.17689,37436054.090637
1746108000000,0.17688,0.18178,0.17688,0.1814,43355105.580542
1746111600000,0.1815,0.18256,0.18028,0.18064,47327230.599108
1746115200000,0.18063,0.183,0.18063,0.18183,20171915.555819
1746118800000,0.18184,0.18337,0.18137,0.18195,21762764.259595
1746122400000,0.18194,0.18213,0.1807,0.182,15624566.441662
1746126000000,0.18203,0.18206,0.18046,0.18065,13177995.417176
1746129600000,0.18066,0.18113,0.18002,0.18054,13878911.854791
1746133200000,0.18053,0.18231,0.18052,0.18136,8263694.215011
1746136800000,0.18137,0.18245,0.1812,0.1816,9934543.087664
1746140400000,0.1816,0.18179,0.18032,0.18065,10453494.965438
1746144000000,0.18063,0.18255,0.17979,0.18175,25812957.362244
1746147600000,0.18178,0.18279,0.1808,0.18146,15111319.109932
1746151200000,0.18147,0.18421,0.18083,0.18364,22038461.439526
1746154800000,0.18365,0.1845,0.18244,0.18246,14321029.129726
1746158400000,0.18247,0.18298,0.18069,0.18112,14053262.66989
1746162000000,0.18113,0.18145,0.18002,0.18022,22468349.39745
1746165600000,0.18021,0.18096,0.17976,0.1804,13085940.712943
1746169200000,0.18041,0.1807,0.17916,0.17931,12507845.549702
1746172800000,0.17934,0.18058,0.17925,0.18033,7028305.462803
1746176400000,0.18032,0.18077,0.17985,0.18005,5980977.745424
1746180000000,0.18008,0.18078,0.18,0.18054,7897092.004097
1746183600000,0.18055,0.18169,0.18055,0.1809,11036968.222194
1746187200000,0.18093,0.18228,0.18003,0.18201,23172713.460264
1746190800000,0.18201,0.1822,0.18092,0.18103,12734419.166738
1746194400000,0.18105,0.1829,0.1809,0.18245,20037526.152433
1746198000000,0.18246,0.18261,0.1802,0.18146,15740798.108275
1746201600000,0.1815,0.18414,0.1815,0.1824,25035113.356091
1746205200000,0.18241,0.18253,0.18117,0.18138,9309653.645752
1746208800000,0.1814,0.18197,0.1806,0.1808,12702266.521464
1746212400000,0.1808,0.1808,0.17956,0.18007,7529282.17168
1746216000000,0.18005,0.1814,0.17982,0.18139,7409548.622702
1746219600000,0.18139,0.18242,0.18056,0.1809,9166403.926205
1746223200000,0.18094,0.18147,0.18059,0.18096,7422009.458649
1746226800000,0.18096,0.18156,0.18081,0.1815,4202348.585762
1746230400000,0.1815,0.18218,0.18104,0.18134,11100577.682219
1746234000000,0.18135,0.18151,0.18,0.18026,24533959.287782
1746237600000,0.18026,0.18167,0.18021,0.18113,5787254.713182
1746241200000,0.18114,0.18166,0.1803,0.18032,8434148.762216
1746244800000,0.18034,0.18094,0.18008,0.1806,12405505.76511
1746248400000,0.1806,0.18067,0.18002,0.18006,2513645.440483
1746252000000,0.18006,0.18011,0.17842,0.1788,15586445.506925
1746255600000,0.1788,0.17928,0.17832,0.17895,9719997.690891
1746259200000,0.17895,0.17967,0.17845,0.17916,5815856.675037
1746262800000,0.17916,0.17956,0.17875,0.17942,4927206.516721
1746266400000,0.17943,0.17945,0.17738,0.17753,12839587.227324
1746270000000,0.17754,0.17856,0.17741,0.1781,12791042.674588
1746273600000,0.1781,0.17879,0.17783,0.17846,4407653.150639
1746277200000,0.17848,0.179,0.17835,0.17881,4126756.941928
1746280800000,0.17877,0.17905,0.17801,0.17868,8189372.245476
1746284400000,0.1787,0.17956,0.17835,0.17853,5011986.02314
1746288000000,0.17855,0.17858,0.17639,0.17714,13494640.148037
1746291600000,0.17716,0.17729,0.17532,0.17654,20298054.955283
1746295200000,0.17654,0.17736,0.17593,0.17626,7692549.322671
1746298800000,0.17625,0.1776,0.17595,0.17753,4054570.860388
1746302400000,0.17754,0.17761,0.17658,0.17673,6047040.188252
1746306000000,0.17674,0.17733,0.17613,0.17648,6944633.256384
1746309600000,0.17649,0.17699,0.17617,0.17641,2933157.966055
1746313200000,0.17641,0.17641,0.17527,0.17569,13751247.648844
1746316800000,0.17566,0.17647,0.17475,0.17525,15253710.98257
1746320400000,0.17521,0.17645,0.17476,0.17618,6003772.332358
1746324000000,0.17621,0.17741,0.17573,0.17594,11684624.658208
1746327600000,0.17594,0.1761,0.17515,0.1752,7774335.310131
1746331200000,0.1752,0.17577,0.17442,0.17484,7967794.232167
1746334800000,0.1748,0.17637,0.1747,0.17607,6538927.568937
1746338400000,0.17608,0.17659,0.17531,0.17575,8100817.123951
1746342000000,0.17575,0.17586,0.17453,0.17522,6882781.040357
1746345600000,0.17524,0.17534,0.174,0.17426,10521709.824782
1746349200000,0.17421,0.1745,0.17365,0.17392,8153047.759166
1746352800000,0.17395,0.17452,0.17338,0.17418,8889508.672331
1746356400000,0.17417,0.17508,0.1739,0.17415,7204880.196863
1746360000000,0.17415,0.17476,0.17366,0.17367,8729028.643833
1746363600000,0.17368,0.17409,0.17231,0.17314,16668570.639372
1746367200000,0.17315,0.17424,0.17305,0.17408,8336558.12012
1746370800000,0.17408,0.17437,0.1728,0.17376,12547631.32709
1746374400000,0.17374,0.1741,0.17176,0.17219,21465245.218725
1746378000000,0.17218,0.1727,0.17137,0.17242,10428829.385922
1746381600000,0.17243,0.1729,0.17164,0.17165,4509834.876928
1746385200000,0.17168,0.17256,0.17146,0.17203,4477863.199469
1746388800000,0.17206,0.17309,0.17199,0.1729,3317808.89744
1746392400000,0.17294,0.17299,0.1717,0.17283,7820506.832279
1746396000000,0.1728,0.17284,0.17028,0.1709,14908410.76192
1746399600000,0.17086,0.17118,0.16983,0.17055,19130276.812196
1746403200000,0.17053,0.17177,0.17032,0.17153,9630036.694923
1746406800000,0.17154,0.17168,0.16838,0.16975,20894655.099658
1746410400000,0.16975,0.1716,0.16871,0.171,17530952.764882
1746414000000,0.171,0.17129,0.17033,0.17038,6840416.072838
1746417600000,0.17039,0.1722,0.17027,0.17214,9715140.301798
1746421200000,0.17213,0.17375,0.17197,0.17366,10071355.144515
1746424800000,0.17367,0.17402,0.17303,0.1734,10227323.240798
1746428400000,0.17336,0.1736,0.17286,0.1736,5504226.885057
1746432000000,0.1736,0.17414,0.17336,0.17377,6914586.848734
1746435600000,0.17377,0.17466,0.17358,0.17392,6083151.087706
1746439200000,0.17392,0.17396,0.17053,0.17121,17152864.879494
1746442800000,0.17125,0.17198,0.17021,0.171,12245757.827489
1746446400000,0.171,0.1717,0.17034,0.1708,9061797.117191
1746450000000,0.17079,0.17129,0.16894,0.17066,16587436.097738
1746453600000,0.17067,0.17153,0.16968,0.17016,14162627.175987
1746457200000,0.17015,0.17048,0.16856,0.16898,17102941.755178
1746460800000,0.16899,0.17056,0.16881,0.16981,11842735.342784
1746464400000,0.1698,0.17131,0.16952,0.17114,8214989.528605
1746468000000,0.17114,0.1726,0.17088,0.17204,12443504.745007
1746471600000,0.17204,0.17257,0.17065,0.17085,11209051.330976
1746475200000,0.17087,0.17088,0.16826,0.16955,12588485.431628
1746478800000,0.16958,0.1709,0.16945,0.17054,10841344.71727
1746482400000,0.1705,0.17232,0.1705,0.17166,11540638.314761
1746486000000,0.17165,0.17186,0.17045,0.17062,7260897.666998
1746489600000,0.17062,0.17085,0.16963,0.17021,9100704.15082
1746493200000,0.17026,0.17117,0.16881,0.16885,9652019.022539
1746496800000,0.16887,0.16921,0.167,0.1686,45340450.978115
1746500400000,0.16858,0.17003,0.16805,0.1698,22402326.720416
1746504000000,0.16983,0.17036,0.16928,0.17017,7717202.255834
1746507600000,0.17018,0.17027,0.16878,0.16886,7457699.041861
1746511200000,0.16886,0.16958,0.16883,0.16954,5276383.010164
1746514800000,0.16955,0.17023,0.16891,0.16932,10227856.204659
1746518400000,0.16935,0.16935,0.16631,0.16835,31926239.260741
1746522000000,0.16835,0.16864,0.16658,0.16749,13862940.881556
1746525600000,0.1675,0.1675,0.16523,0.1656,23373091.673047
1746529200000,0.16558,0.16635,0.16448,0.1653,20081426.191992
1746532800000,0.16536,0.16638,0.16507,0.16615,9099203.905352
1746536400000,0.16614,0.16623,0.16424,0.16499,16934385.659185
1746540000000,0.16496,0.16819,0.16496,0.16632,26021704.553638
1746543600000,0.16631,0.16786,0.16559,0.16666,19119264.271531
1746547200000,0.16668,0.16724,0.16569,0.16572,11001379.318989
1746550800000,0.16572,0.16796,0.16561,0.16708,17491640.649327
1746554400000,0.16709,0.16949,0.16696,0.1694,12508882.779931
1746558000000,0.16941,0.16979,0.1687,0.16885,6544684.408793
1746561600000,0.1689,0.16979,0.16777,0.16832,9231725.321539
1746565200000,0.16833,0.1694,0.16718,0.16839,12766370.567508
1746568800000,0.16836,0.17162,0.16829,0.17148,29545863.942992
1746572400000,0.17149,0.17258,0.17072,0.1722,29283332.575355
1746576000000,0.17221,0.17441,0.1718,0.17347,27513568.057001
1746579600000,0.17345,0.17446,0.17289,0.17314,20982274.041691
1746583200000,0.17313,0.17322,0.17098,0.17128,27273443.491595
1746586800000,0.17128,0.17193,0.17021,0.17186,15338628.377168
1746590400000,0.17187,0.17257,0.17181,0.17232,11348533.43528
1746594000000,0.17233,0.17239,0.1715,0.17172,6215760.043152
1746597600000,0.17171,0.17256,0.17164,0.17242,3789493.758752
1746601200000,0.17243,0.17341,0.17242,0.17328,6908417.099299
1746604800000,0.17328,0.17357,0.17288,0.17334,7886893.147091
1746608400000,0.17339,0.174,0.1732,0.17388,10932991.442607
1746612000000,0.17389,0.17397,0.17293,0.17387,9415844.02913
1746615600000,0.17388,0.17395,0.17311,0.17335,4024533.209564
1746619200000,0.17338,0.17355,0.17243,0.1728,13157949.480995
1746622800000,0.1728,0.173,0.17171,0.1724,10189756.433218
1746626400000,0.17243,0.1731,0.17155,0.17188,9831266.118203
1746630000000,0.17188,0.17194,0.17056,0.17083,13537122.46052
1746633600000,0.17083,0.17152,0.16927,0.17121,17058782.289973
1746637200000,0.1712,0.17173,0.17043,0.171,11936050.817628
1746640800000,0.171,0.17264,0.16939,0.17102,36171926.275553
1746644400000,0.17102,0.17131,0.169,0.1699,11708219.799093
1746648000000,0.1699,0.17045,0.16922,0.17038,8261188.778144
1746651600000,0.17039,0.17235,0.17015,0.1717,11554037.40152
1746655200000,0.17173,0.17259,0.17149,0.17212,9398676.160846
1746658800000,0.17213,0.17295,0.17177,0.17205,7626320.227321
1746662400000,0.17202,0.17383,0.17171,0.17364,13274354.644607
1746666000000,0.17361,0.17575,0.1736,0.17406,43774681.338779
1746669600000,0.1741,0.17722,0.1741,0.17696,30099867.906307
1746673200000,0.17697,0.17953,0.1766,0.17945,41428265.070892
1746676800000,0.17948,0.18277,0.17947,0.17973,71649383.739103
1746680400000,0.17974,0.18071,0.17954,0.17991,15168917.543068
1746684000000,0.17991,0.18099,0.17989,0.18096,11674839.551442
1746687600000,0.18096,0.18275,0.18089,0.18149,22937241.551882
1746691200000,0.18149,0.18328,0.1814,0.18231,36472524.754915
1746694800000,0.1823,0.18373,0.18206,0.18364,19974339.260127
1746698400000,0.18363,0.18555,0.18341,0.18508,31007381.900256
1746702000000,0.18506,0.18513,0.18234,0.18306,29610366.904863
1746705600000,0.18308,0.18488,0.18293,0.18376,24910911.522103
1746709200000,0.18376,0.18511,0.18342,0.18435,30506667.271259
1746712800000,0.1844,0.18711,0.18359,0.1858,48635832.95397
1746716400000,0.18579,0.19133,0.18554,0.1894,107025297.423069
1746720000000,0.1894,0.19293,0.18921,0.19079,70407152.64302
1746723600000,0.19078,0.19175,0.18929,0.19019,28610486.300407
1746727200000,0.1902,0.19132,0.18997,0.1905,16846110.25835
1746730800000,0.19049,0.19127,0.18941,0.1909,23153190.922253
1746734400000,0.19095,0.19598,0.18996,0.1953,53405594.459495
1746738000000,0.19525,0.19715,0.1918,0.19299,49968008.715213
1746741600000,0.193,0.1944,0.19175,0.19437,24829511.617444
1746745200000,0.19437,0.19847,0.19384,0.19818,34535160.14126
1746748800000,0.19816,0.19871,0.19463,0.19569,38097159.881964
1746752400000,0.19567,0.19746,0.19452,0.19635,28070140.529923
1746756000000,0.19635,0.19662,0.195,0.1958,26027488.841288
1746759600000,0.19575,0.19754,0.19316,0.19354,34380342.920965
1746763200000,0.19355,0.19459,0.19295,0.19404,23480826.296473
1746766800000,0.19407,0.19563,0.19368,0.19558,14614141.974066
1746770400000,0.19558,0.1973,0.1951,0.19709,25763215.297925
1746774000000,0.19706,0.20895,0.19683,0.20582,184858873.513855
1746777600000,0.20583,0.21453,0.20237,0.20548,192265781.820998
1746781200000,0.20548,0.20735,0.2017,0.20546,75324061.986254
1746784800000,0.2055,0.20986,0.20487,0.20938,53520645.075648
1746788400000,0.2094,0.21164,0.20566,0.20725,67780126.268083
1746792000000,0.20723,0.20809,0.20519,0.20738,25950481.44694
1746795600000,0.2074,0.20997,0.20541,0.20911,30226516.561415
1746799200000,0.2091,0.2091,0.20076,0.20389,63756056.691764
1746802800000,0.2039,0.20509,0.2015,0.20422,38976404.73817
1746806400000,0.20425,0.20437,0.20108,0.20145,33243181.810763
1746810000000,0.20146,0.2062,0.201,0.20587,26221918.228433
1746813600000,0.2058,0.20595,0.20393,0.20437,12913207.963594
1746817200000,0.20439,0.20543,0.20293,0.20507,12135304.017321
1746820800000,0.20512,0.20608,0.20439,0.20596,8512992.617664
1746824400000,0.20597,0.20608,0.20423,0.205,9146778.111953
1746828000000,0.20505,0.20547,0.2041,0.20424,13822238.011931
1746831600000,0.20427,0.20548,0.20377,0.20531,10157704.875568
1746835200000,0.20531,0.20903,0.2034,0.20367,43161665.164965
1746838800000,0.20367,0.20696,0.20354,0.20521,19099566.105247
1746842400000,0.20522,0.20978,0.20485,0.20836,39790377.153285
1746846000000,0.20835,0.21089,0.20713,0.20982,46795940.294829
1746849600000,0.20989,0.21087,0.20828,0.20889,27787053.516395
1746853200000,0.20888,0.21646,0.20836,0.21542,47809885.311113
1746856800000,0.21542,0.22649,0.2153,0.22619,162866234.476631
1746860400000,0.2262,0.22639,0.22149,0.22419,79853222.531811
1746864000000,0.2242,0.22679,0.22241,0.22339,66183586.086913
1746867600000,0.2234,0.23076,0.22136,0.22939,91808579.498422
1746871200000,0.22943,0.23087,0.22569,0.22588,50829776.796927
1746874800000,0.22589,0.22789,0.22245,0.22249,41990819.674385
1746878400000,0.2225,0.22592,0.22246,0.22553,25080157.640336
1746882000000,0.22552,0.22784,0.22488,0.22705,19442546.813677
1746885600000,0.22711,0.2292,0.22475,0.22777,28162015.166329
1746889200000,0.2278,0.22905,0.22574,0.22697,32516927.463307
1746892800000,0.227,0.23246,0.22638,0.23155,51081072.332262
1746896400000,0.23157,0.23962,0.23136,0.2327,125419529.652769
1746900000000,0.23266,0.23516,0.23133,0.23472,37164032.845252
1746903600000,0.23471,0.23615,0.23137,0.23532,22557781.099732
1746907200000,0.23532,0.23761,0.23232,0.23646,17424291.330649
1746910800000,0.23646,0.24099,0.23593,0.24036,34587237.975501
1746914400000,0.24039,0.24616,0.23827,0.24575,67830353.70834
1746918000000,0.24575,0.251,0.24552,0.25062,95825126.283283
1746921600000,0.2506,0.25976,0.24411,0.24975,180094324.86919
1746925200000,0.2498,0.25033,0.2392,0.24074,100798685.363225
1746928800000,0.2407,0.24392,0.23522,0.23826,64634448.158968
1746932400000,0.23828,0.24135,0.2367,0.2396,37360438.243457
1746936000000,0.23963,0.24209,0.23902,0.24164,28210462.582645
1746939600000,0.24163,0.24263,0.2385,0.23874,33154532.650807
1746943200000,0.23874,0.23903,0.2326,0.23435,59730986.528586
1746946800000,0.23433,0.23458,0.22757,0.23029,84492249.356963
1746950400000,0.23026,0.23338,0.22927,0.22974,49472295.830764
1746954000000,0.22971,0.23488,0.22971,0.23376,34382545.885355
1746957600000,0.23376,0.23481,0.23211,0.23385,28839499.523413
1746961200000,0.23385,0.2347,0.2324,0.23417,16000230.371962
1746964800000,0.23418,0.23605,0.2325,0.2344,28367157.724247
1746968400000,0.2344,0.23624,0.22817,0.22832,47967540.69073
1746972000000,0.22834,0.23188,0.22831,0.23134,32485747.556351
1746975600000,0.23135,0.23389,0.22504,0.22694,50896258.946696
1746979200000,0.22695,0.22846,0.22204,0.22609,79474046.39944
1746982800000,0.22608,0.23186,0.22563,0.2311,31447812.740518
1746986400000,0.23113,0.23339,0.22864,0.2316,25305375.454857
1746990000000,0.23164,0.23315,0.23088,0.23105,17828568.29149
1746993600000,0.23107,0.23181,0.22974,0.23067,9695333.376383
1746997200000,0.23066,0.23308,0.22913,0.23307,9979620.937033
1747000800000,0.23309,0.23466,0.22943,0.23141,18743373.057362
1747004400000,0.23141,0.23338,0.23051,0.23183,14318495.537376
1747008000000,0.23185,0.23757,0.23141,0.23672,60073008.627256
1747011600000,0.23669,0.24125,0.23036,0.23485,84497085.601696
1747015200000,0.2349,0.23781,0.23389,0.23656,31626996.32905
1747018800000,0.23656,0.23863,0.2339,0.23833,33017435.787524
1747022400000,0.23833,0.24482,0.23766,0.24316,59875366.13434
1747026000000,0.24318,0.24393,0.2362,0.23808,50910919.335166
1747029600000,0.23807,0.2414,0.23701,0.24085,23973134.529162
1747033200000,0.24085,0.25349,0.24085,0.24403,202448037.43585
1747036800000,0.24409,0.249,0.24047,0.24742,101210351.382175
1747040400000,0.24741,0.25217,0.24615,0.24767,86185967.875959
1747044000000,0.24769,0.2508,0.24699,0.24886,42960140.026885
1747047600000,0.24885,0.24995,0.24202,0.24228,49370814.903162
1747051200000,0.24225,0.246,0.24019,0.2444,57918596.152715
1747054800000,0.2444,0.24648,0.23457,0.24,94864843.262851
1747058400000,0.24005,0.2416,0.23248,0.23438,94096846.121025
1747062000000,0.2344,0.23603,0.23058,0.23237,69456940.92152
1747065600000,0.23236,0.23679,0.23061,0.23552,48374279.067295
1747069200000,0.23555,0.2369,0.22854,0.22984,44602076.920372
1747072800000,0.22989,0.23059,0.2205,0.22448,101818243.960358
1747076400000,0.2245,0.22871,0.22387,0.22732,44186818.746603
1747080000000,0.22731,0.23003,0.22545,0.22862,13138929.46906
1747083600000,0.22863,0.2308,0.22781,0.23038,15285852.837884
1747087200000,0.23038,0.23258,0.22932,0.23123,18736297.826955
1747090800000,0.23124,0.23389,0.23075,0.23101,27462418.059338
1747094400000,0.23105,0.23118,0.22497,0.22545,38936294.058971
1747098000000,0.22539,0.22717,0.22187,0.22429,37033518.70733
1747101600000,0.2243,0.22532,0.21786,0.22104,75608977.021501
1747105200000,0.22104,0.22265,0.21726,0.21847,56153125.580482
1747108800000,0.21847,0.22353,0.21743,0.22327,43550248.131526
1747112400000,0.22328,0.22387,0.221,0.22275,25775006.618434
1747116000000,0.22276,0.2246,0.22275,0.22304,16402152.050711
1747119600000,0.22305,0.22591,0.22278,0.22414,16496168.293517
1747123200000,0.22415,0.22547,0.22303,0.2237,18242836.493774
1747126800000,0.2237,0.22812,0.22362,0.22765,37918152.28917
1747130400000,0.2277,0.22801,0.22572,0.22738,15376409.774472
1747134000000,0.22737,0.23,0.22668,0.22813,26114271.306773
1747137600000,0.22812,0.23157,0.22561,0.22902,68465596.541384
1747141200000,0.22903,0.23084,0.22727,0.22907,35358212.49438
1747144800000,0.2291,0.22972,0.22398,0.22657,41221666.774141
1747148400000,0.22656,0.23364,0.22629,0.23305,37937002.866331
1747152000000,0.23307,0.24086,0.23295,0.23641,95936587.642097
1747155600000,0.2365,0.23898,0.23571,0.23763,37414323.777811
1747159200000,0.23758,0.23995,0.23679,0.23942,28414061.652543
1747162800000,0.23945,0.24313,0.23764,0.23898,42521679.890967
1747166400000,0.239,0.23971,0.23661,0.23944,28486207.023148
1747170000000,0.23943,0.23975,0.23759,0.23952,13975925.023133
1747173600000,0.23949,0.24036,0.23793,0.239,19082951.656926
1747177200000,0.23904,0.24158,0.23757,0.2408,22276971.796799
1747180800000,0.24077,0.24155,0.23752,0.23871,26073053.169979
1747184400000,0.23875,0.24345,0.23741,0.2383,33041849.142748
1747188000000,0.23831,0.2385,0.23399,0.23775,39804815.480925
1747191600000,0.23774,0.23899,0.23581,0.23887,22932526.704555
1747195200000,0.23888,0.24205,0.23694,0.2417,28590952.132738
1747198800000,0.2417,0.24759,0.2413,0.24562,45561082.353776
1747202400000,0.24565,0.24675,0.24174,0.2424,34205603.718803
1747206000000,0.2424,0.2424,0.23679,0.23718,45784150.659111
1747209600000,0.23717,0.23846,0.23311,0.2333,47210902.568406
1747213200000,0.23335,0.23578,0.23187,0.23561,32802916.168928
1747216800000,0.23559,0.23702,0.23482,0.23498,17780540.325572
1747220400000,0.23498,0.23885,0.23498,0.23755,15309679.722798
1747224000000,0.23756,0.23877,0.23541,0.23625,13877434.858949
1747227600000,0.23621,0.23836,0.23225,0.23507,25321368.407187
1747231200000,0.23511,0.23529,0.22978,0.23159,40156473.691715
1747234800000,0.2316,0.23331,0.22966,0.23298,27142883.549715
1747238400000,0.233,0.23363,0.23033,0.23202,26019137.822146
1747242000000,0.23203,0.23256,0.22803,0.23249,24528176.591433
1747245600000,0.2325,0.23461,0.23225,0.23392,18603841.618973
1747249200000,0.2339,0.235,0.23308,0.23428,6009789.575759
1747252800000,0.23433,0.23518,0.23328,0.23333,9686652.443968
1747256400000,0.23333,0.23412,0.23142,0.23389,5264789.759818
1747260000000,0.23381,0.2345,0.23155,0.23228,5370036.706956
1747263600000,0.23234,0.23304,0.23072,0.23279,10185072.202678
1747267200000,0.23284,0.23684,0.23266,0.23586,21551848.655578
1747270800000,0.23586,0.23662,0.22757,0.2288,36663791.405604
1747274400000,0.22879,0.23542,0.2282,0.23424,31129942.946308
1747278000000,0.23424,0.23516,0.23128,0.23205,23626564.291602
1747281600000,0.23203,0.23499,0.23178,0.23374,19099599.248759
1747285200000,0.2337,0.23425,0.22762,0.22837,29361188.362001
1747288800000,0.22838,0.23048,0.22595,0.22785,44461431.286511
1747292400000,0.22781,0.22857,0.22251,0.22371,43866327.652581
1747296000000,0.2237,0.22895,0.22366,0.2287,24351044.842675
1747299600000,0.2287,0.22873,0.22307,0.22537,26935987.234133
1747303200000,0.22538,0.22571,0.22197,0.22407,29660435.964713
1747306800000,0.2241,0.22724,0.22385,0.22675,16893252.239691
1747310400000,0.22666,0.22944,0.22545,0.22728,37072738.998135
1747314000000,0.22734,0.22855,0.22063,0.22233,47335996.245203
1747317600000,0.22233,0.22323,0.21582,0.21847,83713066.621241
1747321200000,0.21846,0.22616,0.21813,0.22526,47128918.885947
1747324800000,0.22525,0.22778,0.22236,0.22776,35737972.296656
1747328400000,0.22778,0.2295,0.22615,0.2267,21139130.291546
1747332000000,0.22667,0.227,0.21984,0.22,23964301.736022
1747335600000,0.22007,0.2228,0.21862,0.22211,28805312.480756
1747339200000,0.22215,0.2242,0.21869,0.2211,44345208.698705
1747342800000,0.22109,0.22137,0.21636,0.22003,17703474.727778
1747346400000,0.22004,0.22249,0.21906,0.21911,10023214.433824
1747350000000,0.21911,0.21941,0.21362,0.21936,60842007.57406
1747353600000,0.21935,0.22259,0.21873,0.2208,21540174.048575
1747357200000,0.22084,0.2234,0.21789,0.22284,27540309.254542
1747360800000,0.22284,0.22647,0.22252,0.22526,36604188.670969
1747364400000,0.22527,0.22725,0.22469,0.22616,25736055.461891
1747368000000,0.2262,0.22719,0.22372,0.22534,19691269.065332
1747371600000,0.2254,0.2276,0.2253,0.22626,17379220.775044
1747375200000,0.22622,0.2276,0.22587,0.22656,19374149.590515
1747378800000,0.22659,0.22768,0.22467,0.22581,14717040.219423
1747382400000,0.22585,0.22653,0.22149,0.22355,23374043.676731
1747386000000,0.2236,0.22914,0.22348,0.22875,39018794.218767
1747389600000,0.22881,0.22996,0.22749,0.22968,22548512.04158
1747393200000,0.22968,0.23011,0.22686,0.22711,21436906.335586
1747396800000,0.22714,0.22787,0.2256,0.22633,14697756.322075
1747400400000,0.22633,0.22952,0.22595,0.22916,21816534.27998
1747404000000,0.22915,0.22915,0.22462,0.22632,30210820.180903
1747407600000,0.22633,0.22989,0.22621,0.22898,22107016.544091
1747411200000,0.22898,0.23094,0.22576,0.2281,28029868.850315
1747414800000,0.22804,0.22887,0.225,0.22583,14477531.304262
1747418400000,0.22581,0.22778,0.22495,0.22545,13406724.998277
1747422000000,0.22543,0.22711,0.22435,0.22699,7541192.609944
1747425600000,0.22697,0.22705,0.22209,0.2243,28852744.278666
1747429200000,0.2243,0.22576,0.22279,0.22379,11828790.996589
1747432800000,0.22377,0.22399,0.21969,0.2214,16473915.044051
1747436400000,0.22141,0.22321,0.22088,0.22115,10131113.930436
1747440000000,0.22111,0.22226,0.21777,0.21869,39944113.057892
1747443600000,0.21866,0.21867,0.21418,0.21585,31589066.91013
1747447200000,0.21585,0.21823,0.21374,0.21718,44694854.121273
1747450800000,0.21719,0.2183,0.21522,0.21827,14381462.688336
1747454400000,0.2183,0.2202,0.21776,0.21921,19551330.279407
1747458000000,0.21918,0.21958,0.21642,0.21664,12673763.19155
1747461600000,0.21662,0.21825,0.21642,0.21785,7412016.540972
1747465200000,0.21787,0.219,0.21592,0.2172,12616629.573471
1747468800000,0.2172,0.21744,0.21542,0.2156,13198641.868139
1747472400000,0.2156,0.21679,0.21435,0.21585,20363935.84975
1747476000000,0.21581,0.21723,0.21527,0.21597,8981452.28443
1747479600000,0.21597,0.21663,0.21428,0.21558,15240216.206731
1747483200000,0.21558,0.21589,0.21469,0.21482,10907298.764668
1747486800000,0.21487,0.21605,0.21176,0.21303,46317028.863393
1747490400000,0.21301,0.21679,0.2128,0.2164,23341879.024314
1747494000000,0.21637,0.21685,0.21496,0.21503,14142453.136563
1747497600000,0.21504,0.2162,0.21061,0.21392,39447143.808438
1747501200000,0.2139,0.21593,0.21345,0.21398,23873800.510708
1747504800000,0.21399,0.21634,0.21372,0.21406,30255325.872337
1747508400000,0.21407,0.21549,0.21335,0.21458,7873370.815205
1747512000000,0.2145,0.21778,0.21375,0.21726,12212441.73762
1747515600000,0.21727,0.2175,0.21551,0.21663,8705093.127671
1747519200000,0.21657,0.21671,0.21203,0.21351,17296651.442063
1747522800000,0.21346,0.21514,0.21284,0.21465,7352923.912247
1747526400000,0.21464,0.21619,0.21401,0.21584,17218316.669733
1747530000000,0.21583,0.217,0.21517,0.21659,10361322.192163
1747533600000,0.21656,0.21697,0.21574,0.21649,9794519.377354
1747537200000,0.21647,0.2171,0.21416,0.21571,18145631.160171
1747540800000,0.21571,0.217,0.21555,0.21666,11067609.105054
1747544400000,0.21667,0.22162,0.21667,0.2212,33589097.35187
1747548000000,0.2212,0.22208,0.21916,0.21951,22579945.557172
1747551600000,0.21949,0.22208,0.21905,0.22188,20710455.173976
1747555200000,0.22188,0.22495,0.22188,0.22409,48360055.681299
1747558800000,0.22411,0.22518,0.22183,0.22249,28238746.916745
1747562400000,0.22249,0.2236,0.22191,0.22259,14729411.983063
1747566000000,0.22257,0.22387,0.2221,0.22224,13166518.213949
1747569600000,0.22224,0.22471,0.22119,0.22457,30351822.182041
1747573200000,0.22456,0.22701,0.22371,0.22675,31982878.753244
1747576800000,0.22675,0.23176,0.22551,0.2303,59052499.026474
1747580400000,0.23034,0.23755,0.2286,0.23663,73756288.946494
1747584000000,0.23663,0.23797,0.23265,0.23591,81706880.891923
1747587600000,0.23595,0.23628,0.23003,0.23029,50256378.434694
1747591200000,0.2303,0.2307,0.22579,0.22784,53593236.369086
1747594800000,0.2278,0.22893,0.22188,0.22236,38223979.924801
1747598400000,0.22234,0.2238,0.2185,0.223,47028509.867511
1747602000000,0.22305,0.22659,0.223,0.2237,21702251.54077
1747605600000,0.22363,0.22921,0.22108,0.2291,31383891.658907
1747609200000,0.2291,0.23456,0.22749,0.23313,31145030.374401
1747612800000,0.23313,0.23586,0.22533,0.22757,63913325.918485
1747616400000,0.2276,0.2284,0.22425,0.22464,25544182.021502
1747620000000,0.22461,0.22553,0.22215,0.22274,27475071.91776
1747623600000,0.22271,0.22283,0.21936,0.21959,42529147.746018
1747627200000,0.2196,0.22168,0.21616,0.2176,53856203.83024
1747630800000,0.21765,0.21922,0.21617,0.21827,35015441.089225
1747634400000,0.21825,0.21992,0.21414,0.21443,48291414.523584
1747638000000,0.21445,0.2189,0.21422,0.21793,37938090.412115
1747641600000,0.21792,0.21807,0.21537,0.2169,26219753.540925
1747645200000,0.2169,0.21816,0.21544,0.21702,24116754.387362
1747648800000,0.217,0.21817,0.21574,0.21732,25560249.671739
1747652400000,0.21735,0.21793,0.21637,0.21721,12652290.067941
1747656000000,0.21721,0.21735,0.21381,0.21524,39425948.918959
1747659600000,0.21524,0.2197,0.21506,0.21846,47347000.0037
1747663200000,0.21846,0.2212,0.21757,0.22038,38357805.882046
1747666800000,0.22034,0.22292,0.22013,0.22124,31273309.324476
1747670400000,0.22124,0.22401,0.2192,0.22391,29739832.333911
1747674000000,0.22386,0.22619,0.22321,0.2241,38304294.745532
1747677600000,0.22408,0.22494,0.22141,0.22265,27449489.234934
1747681200000,0.2227,0.22509,0.22195,0.22433,17055985.859355
1747684800000,0.22431,0.22547,0.2233,0.22478,17802355.419762
1747688400000,0.22481,0.22496,0.22276,0.22429,9846737.832972
1747692000000,0.22428,0.22428,0.22224,0.22329,11957353.469347
1747695600000,0.22329,0.2249,0.22308,0.22442,8986153.935238
1747699200000,0.22449,0.22827,0.22375,0.22397,39873095.332942
1747702800000,0.22395,0.22924,0.2236,0.22787,34563881.87349
1747706400000,0.2279,0.23083,0.22671,0.22723,49969197.417879
1747710000000,0.22725,0.2275,0.22464,0.22574,40311596.423189
1747713600000,0.22576,0.22744,0.2242,0.227,26670802.925212
1747717200000,0.22701,0.22811,0.22599,0.22606,23427163.321945
1747720800000,0.22605,0.22648,0.22321,0.22482,23652767.053277
1747724400000,0.22482,0.22527,0.22184,0.2224,27954348.573513
1747728000000,0.22242,0.22332,0.22015,0.22159,32940184.367718
1747731600000,0.22155,0.223,0.22115,0.22147,24813510.939315
1747735200000,0.22151,0.22258,0.21956,0.22058,22169386.086036
1747738800000,0.2206,0.22141,0.21873,0.22083,14311803.463118
1747742400000,0.2208,0.22083,0.218,0.21953,20985297.777124
1747746000000,0.21953,0.22022,0.21766,0.21874,24028510.50065
1747749600000,0.2187,0.22038,0.21803,0.2187,26403090.005794
1747753200000,0.21866,0.22126,0.2186,0.22063,19891041.589626
1747756800000,0.22062,0.22147,0.21893,0.21919,20007398.808665
1747760400000,0.21921,0.22352,0.21905,0.22262,22896327.576059
1747764000000,0.22265,0.22353,0.21783,0.21844,27667345.568125
1747767600000,0.21842,0.22547,0.21795,0.22415,27335362.034372
1747771200000,0.22417,0.22715,0.22263,0.22625,36072276.957373
1747774800000,0.22628,0.22755,0.22421,0.22619,25726191.299124
1747778400000,0.22618,0.22683,0.22358,0.22587,20363003.328432
1747782000000,0.22588,0.22787,0.22524,0.22625,21789053.759121
1747785600000,0.22626,0.22785,0.22479,0.22601,31659268.236622
1747789200000,0.22595,0.22848,0.22555,0.22602,24083063.72777
1747792800000,0.22603,0.22943,0.22394,0.2287,38659673.148916
1747796400000,0.22869,0.23062,0.2284,0.22904,31800237.481147
1747800000000,0.22904,0.2318,0.22817,0.23019,44389242.55631
1747803600000,0.23019,0.23358,0.23012,0.23194,44046926.237001
1747807200000,0.23195,0.23348,0.23039,0.2318,38208786.053321
1747810800000,0.23185,0.23211,0.22593,0.2266,72247155.550621
1747814400000,0.2266,0.22774,0.22523,0.22529,21584275.449367
1747818000000,0.22532,0.2261,0.22456,0.22526,20179879.611263
1747821600000,0.22526,0.2262,0.22478,0.22565,11240621.180061
1747825200000,0.22567,0.22781,0.22545,0.22656,23029975.205831
1747828800000,0.2265,0.22793,0.22542,0.22675,15866778.627633
1747832400000,0.22675,0.22937,0.22549,0.228,28530074.221728
1747836000000,0.22803,0.23342,0.22671,0.23335,75188562.598635
1747839600000,0.23331,0.23445,0.23021,0.23185,88546742.943236
1747843200000,0.23185,0.23807,0.23043,0.23487,72320846.820598
1747846800000,0.23482,0.23601,0.22263,0.22516,171520182.981963
1747850400000,0.22521,0.22888,0.22422,0.22678,37847173.974445
1747854000000,0.22682,0.231,0.22551,0.23025,19257046.335478
1747857600000,0.2302,0.2306,0.22763,0.22962,11449639.088242
1747861200000,0.22964,0.2305,0.22815,0.22912,12008231.999568
1747864800000,0.22915,0.23364,0.22881,0.23293,29871616.395626
1747868400000,0.23294,0.23775,0.23158,0.234,58480482.539055
1747872000000,0.23405,0.23866,0.23381,0.23835,60611862.644338
1747875600000,0.23835,0.2437,0.23803,0.2402,97680203.705357
1747879200000,0.2402,0.24217,0.23956,0.24052,38522158.518574
1747882800000,0.24053,0.24318,0.23852,0.24121,49596416.442671
1747886400000,0.24123,0.24209,0.23947,0.241,42911836.717695
1747890000000,0.24097,0.24165,0.23779,0.23814,29550783.788875
1747893600000,0.23815,0.23944,0.2366,0.23801,34466782.777225
1747897200000,0.23804,0.2415,0.23736,0.24109,26242905.306515
1747900800000,0.2411,0.24499,0.24068,0.24252,60179004.805773
1747904400000,0.24252,0.24392,0.24021,0.24107,36674198.431987
1747908000000,0.24109,0.24218,0.23979,0.24035,23271238.522592
1747911600000,0.24033,0.24208,0.23905,0.2403,34376351.830625
1747915200000,0.24029,0.24225,0.23914,0.24175,26233808.96859
1747918800000,0.24172,0.24186,0.23959,0.24009,40009332.234414
1747922400000,0.24009,0.24262,0.2398,0.24085,34808598.155433
1747926000000,0.24087,0.24285,0.24047,0.24135,27667342.073374
1747929600000,0.2414,0.2426,0.23859,0.23967,30131961.170604
1747933200000,0.23968,0.24267,0.23924,0.24142,22727142.115393
1747936800000,0.24147,0.24272,0.24043,0.24174,15937022.51446
1747940400000,0.24171,0.24196,0.23825,0.2393,23023622.897465
1747944000000,0.23945,0.24104,0.23917,0.23994,12183622.964873
1747947600000,0.23991,0.23991,0.2377,0.23881,9125532.750272
1747951200000,0.23897,0.24299,0.23883,0.24094,33813285.173745
1747954800000,0.24095,0.24574,0.24095,0.24557,47433455.599228
1747958400000,0.24556,0.2486,0.2435,0.24673,72375521.324511
1747962000000,0.24671,0.24883,0.24435,0.24815,49500374.467357
1747965600000,0.24816,0.25442,0.24755,0.25134,93435006.060762
1747969200000,0.25129,0.25229,0.24936,0.25103,48545876.512258
1747972800000,0.25103,0.25156,0.2451,0.24744,73595384.69146
1747976400000,0.24741,0.24853,0.24554,0.24785,24542937.240848
1747980000000,0.2479,0.24806,0.24209,0.24312,51340877.233398
1747983600000,0.24308,0.24563,0.24305,0.24348,24789515.318834
1747987200000,0.2435,0.24589,0.24318,0.2453,20945977.213686
1747990800000,0.2453,0.24891,0.24473,0.24858,34362590.638059
1747994400000,0.24864,0.24871,0.24476,0.24629,35132057.600542
1747998000000,0.24628,0.24642,0.23346,0.2352,111962288.597021
1748001600000,0.23521,0.23542,0.22719,0.23243,165315392.930766
1748005200000,0.23245,0.23666,0.23022,0.2365,69584571.363475
1748008800000,0.23645,0.23863,0.2352,0.23715,42340113.453574
1748012400000,0.23718,0.23809,0.23427,0.23442,32461739.174139
1748016000000,0.23444,0.23549,0.23184,0.23479,62339234.51858
1748019600000,0.2348,0.23696,0.23423,0.23596,26191544.587531
1748023200000,0.23593,0.23673,0.23198,0.23318,34089386.338617
1748026800000,0.23318,0.23474,0.23247,0.23313,20488846.02304
1748030400000,0.23311,0.23331,0.23043,0.23072,13823586.566681
1748034000000,0.23082,0.23251,0.2297,0.23055,22163267.972639
1748037600000,0.23056,0.23232,0.22817,0.22868,20123127.698842
1748041200000,0.22872,0.2293,0.223,0.22526,63577070.863947
1748044800000,0.2252,0.22816,0.22359,0.22561,63517469.214703
1748048400000,0.2256,0.22805,0.22557,0.22649,22500781.153165
1748052000000,0.22649,0.22884,0.22566,0.22839,13802664.091213
1748055600000,0.22838,0.2301,0.228,0.22943,15613401.943785
1748059200000,0.22948,0.23045,0.22862,0.22999,15608732.02514
1748062800000,0.22998,0.23005,0.22764,0.22856,23725931.367658
1748066400000,0.22855,0.2293,0.22675,0.22775,14854666.998053
1748070000000,0.22776,0.22895,0.22691,0.22735,15587505.678079
1748073600000,0.22739,0.22809,0.22581,0.22797,15436293.847034
1748077200000,0.22797,0.22887,0.22757,0.22781,11623844.362129
1748080800000,0.22785,0.23013,0.22752,0.22978,16257356.250777
1748084400000,0.22976,0.23039,0.229,0.22906,20047654.751691
1748088000000,0.22909,0.22943,0.22771,0.22843,15490429.223111
1748091600000,0.22841,0.2286,0.22693,0.2271,11159587.403243
1748095200000,0.22706,0.22877,0.2269,0.22837,11308101.900097
1748098800000,0.22838,0.22925,0.22701,0.22775,11749414.348397
1748102400000,0.22776,0.22821,0.22593,0.22767,20307192.877995
1748106000000,0.2277,0.2287,0.22732,0.2276,11753026.33225
1748109600000,0.22759,0.229,0.22653,0.22679,8892985.996735
1748113200000,0.22676,0.22748,0.22644,0.22725,5031550.433008
1748116800000,0.22725,0.22815,0.22674,0.22745,5386249.626407
1748120400000,0.22748,0.22757,0.22532,0.2269,7445066.609308
1748124000000,0.22695,0.22695,0.22485,0.22525,9808797.823687
1748127600000,0.22525,0.22609,0.2238,0.22513,15276712.820718
1748131200000,0.22515,0.22652,0.22035,0.22149,48699405.661735
1748134800000,0.22149,0.22262,0.21937,0.22189,32864925.77555
1748138400000,0.22192,0.22272,0.22045,0.22251,11921369.335426
1748142000000,0.22251,0.22438,0.22241,0.22373,15299180.062632
1748145600000,0.22371,0.22423,0.22261,0.22412,7891172.912699
1748149200000,0.2241,0.2241,0.22288,0.22372,5198064.664404
1748152800000,0.22369,0.22384,0.22234,0.223,5811125.662845
1748156400000,0.223,0.22305,0.22056,0.22143,25642097.81979
1748160000000,0.22144,0.22144,0.21782,0.21876,57340108.82326
1748163600000,0.21875,0.2194,0.21714,0.219,31034089.149959
1748167200000,0.21901,0.21959,0.21791,0.21802,20911556.335386
1748170800000,0.21802,0.2196,0.21765,0.21937,9667674.509094
1748174400000,0.2194,0.22081,0.21888,0.22062,19865020.596866
1748178000000,0.2206,0.22112,0.21937,0.22,14701306.855827
1748181600000,0.22002,0.22036,0.21773,0.21865,14573965.685975
1748185200000,0.2187,0.21902,0.21569,0.21853,41386730.214494
1748188800000,0.21854,0.2189,0.21647,0.21851,19082123.644151
1748192400000,0.21851,0.21935,0.21809,0.21906,14825230.282939
1748196000000,0.21905,0.22021,0.21865,0.21933,8376432.607365
1748199600000,0.21935,0.22086,0.21889,0.22009,5713079.370405
1748203200000,0.22005,0.22029,0.21874,0.21979,3612185.994625
1748206800000,0.2198,0.2205,0.21837,0.21902,4863239.379527
1748210400000,0.21902,0.2247,0.21867,0.22449,35320976.189234
1748214000000,0.2245,0.22522,0.2226,0.22492,22138289.484114
1748217600000,0.22492,0.22736,0.22336,0.22728,36184367.715436
1748221200000,0.22726,0.22781,0.22567,0.22729,27893431.847147
1748224800000,0.2273,0.22748,0.22518,0.22565,12417917.288013
1748228400000,0.22565,0.22775,0.22527,0.22722,12689970.18683
1748232000000,0.22722,0.22844,0.22659,0.22767,18333539.79396
1748235600000,0.22768,0.22822,0.22703,0.2278,10682854.795339
1748239200000,0.2278,0.22894,0.2275,0.22871,14385418.860519
1748242800000,0.2287,0.23034,0.22854,0.22984,28449042.711168
1748246400000,0.22982,0.23006,0.22666,0.2271,21921278.910782
1748250000000,0.22713,0.22793,0.22608,0.22648,19093819.17584
1748253600000,0.22649,0.22755,0.22546,0.22592,12830756.260925
1748257200000,0.22593,0.22663,0.22524,0.22614,13408730.018276
1748260800000,0.22618,0.22792,0.22518,0.22733,20691605.558095
1748264400000,0.22733,0.22778,0.22381,0.22469,19758075.212497
1748268000000,0.22469,0.22537,0.22333,0.22449,17134400.884686
1748271600000,0.2245,0.22839,0.22392,0.22694,28644834.57727
1748275200000,0.22702,0.22806,0.2236,0.22438,25481759.926689
1748278800000,0.22435,0.22525,0.2225,0.22332,10234666.44226
1748282400000,0.22332,0.22484,0.22268,0.22366,4783746.366337
1748286000000,0.22368,0.22464,0.22327,0.22415,2795606.498445
1748289600000,0.22411,0.22668,0.22334,0.2266,6186762.152578
1748293200000,0.22651,0.22674,0.22528,0.22641,8466640.135809
1748296800000,0.22641,0.22794,0.22512,0.22528,11372001.773222
1748300400000,0.22529,0.22624,0.22461,0.226,7556639.195222
1748304000000,0.226,0.22712,0.22384,0.22419,13365462.245768
1748307600000,0.22423,0.22434,0.21963,0.22215,49071651.261697
1748311200000,0.22216,0.22452,0.22195,0.2233,17957319.798176
1748314800000,0.22325,0.2257,0.22322,0.22427,13323336.815089
1748318400000,0.22427,0.22505,0.22334,0.2235,13418088.594302
1748322000000,0.22358,0.22492,0.22251,0.22458,13092953.184843
1748325600000,0.2246,0.22697,0.22454,0.22502,23286324.146989
1748329200000,0.22505,0.22839,0.22505,0.22775,16042609.91947
1748332800000,0.22779,0.22914,0.22776,0.22861,36332380.171837
1748336400000,0.22863,0.22896,0.22723,0.22872,16289448.08831
1748340000000,0.22872,0.22882,0.22789,0.22857,7644910.771183
1748343600000,0.22855,0.22893,0.22736,0.22868,17069787.440442
1748347200000,0.22863,0.2293,0.22783,0.2285,15315507.14263
1748350800000,0.22849,0.2323,0.22837,0.22865,71847297.933997
1748354400000,0.22865,0.22959,0.22487,0.22719,43174193.276012
1748358000000,0.2272,0.22923,0.22644,0.2287,17736401.653328
1748361600000,0.22873,0.23,0.22708,0.2284,25649502.838629
1748365200000,0.22843,0.23033,0.22825,0.2292,18923484.747008
1748368800000,0.22922,0.2299,0.22746,0.22758,10585826.49223
1748372400000,0.22755,0.22799,0.22659,0.2272,11171127.740414
1748376000000,0.22723,0.22856,0.22701,0.22778,5902388.199146
1748379600000,0.22777,0.22874,0.226,0.22635,10424059.585974
1748383200000,0.22636,0.22695,0.22441,0.22595,19943307.747388
1748386800000,0.22595,0.22641,0.22508,0.22601,8894219.903905
1748390400000,0.226,0.22781,0.22455,0.22765,14772987.888538
1748394000000,0.22765,0.2279,0.22403,0.22445,19049917.046383
1748397600000,0.22445,0.22447,0.22303,0.22377,32182915.716269
1748401200000,0.22379,0.22504,0.22346,0.22475,13687572.102288
1748404800000,0.22474,0.22541,0.22364,0.22482,10405446.400159
1748408400000,0.22482,0.22485,0.22368,0.22395,7061907.442785
1748412000000,0.22396,0.224,0.22196,0.22216,20139602.405005
1748415600000,0.22217,0.22342,0.22178,0.22264,7978748.428449
1748419200000,0.22266,0.22354,0.222,0.22313,8512559.696928
1748422800000,0.22315,0.22321,0.22123,0.22195,11784180.955799
1748426400000,0.22198,0.22319,0.22088,0.22294,12863711.944887
1748430000000,0.223,0.22376,0.22259,0.22358,8828128.816009
1748433600000,0.2236,0.22483,0.22314,0.22335,18628407.724794
1748437200000,0.22337,0.22371,0.22036,0.22076,25805603.392834
1748440800000,0.22075,0.22126,0.21922,0.21926,54287479.856083
1748444400000,0.21926,0.22005,0.21766,0.21837,27861969.369393
1748448000000,0.2184,0.22054,0.21825,0.22021,36024564.042265
1748451600000,0.22023,0.2212,0.21875,0.21961,20065216.297433
1748455200000,0.21962,0.2203,0.21823,0.21847,8731997.292541
1748458800000,0.2184,0.21953,0.21685,0.21725,16740459.621502
1748462400000,0.21725,0.21927,0.21713,0.21923,7428925.200236
1748466000000,0.21924,0.22017,0.2188,0.22,6814865.339255
1748469600000,0.22,0.22005,0.21831,0.21926,7969696.286374
1748473200000,0.21925,0.22163,0.21924,0.22099,14336100.727688
1748476800000,0.22099,0.225,0.21989,0.22496,37717876.511405
1748480400000,0.22496,0.22505,0.2228,0.22409,29490313.562562
1748484000000,0.22409,0.22786,0.2231,0.22773,43280062.480521
1748487600000,0.2277,0.22795,0.22577,0.2265,39835539.36104
1748491200000,0.2265,0.22701,0.222,0.22404,42807413.200763
1748494800000,0.22415,0.22565,0.22378,0.2248,19102513.869006
1748498400000,0.22473,0.22525,0.22408,0.22475,12170157.862295
1748502000000,0.22479,0.22507,0.22378,0.22438,11791015.584235
1748505600000,0.22439,0.22564,0.22333,0.2254,22893192.134825
1748509200000,0.2254,0.22581,0.22481,0.2255,8327394.213205
1748512800000,0.22555,0.22599,0.22478,0.2259,7903232.125038
1748516400000,0.22594,0.22605,0.22428,0.22487,12042388.374507
1748520000000,0.22489,0.22489,0.22255,0.2232,16966800.492598
1748523600000,0.2232,0.22428,0.22103,0.22162,29627627.196912
1748527200000,0.2216,0.22214,0.21804,0.22151,57183226.386031
1748530800000,0.22152,0.22152,0.21936,0.21968,14225425.920717
1748534400000,0.2197,0.22071,0.21841,0.21879,22969121.942217
1748538000000,0.21876,0.22122,0.21837,0.2201,32812747.669587
1748541600000,0.22017,0.22154,0.21817,0.21829,22093407.654026
1748545200000,0.21833,0.21898,0.21471,0.21642,59731822.697382
1748548800000,0.21641,0.21781,0.21631,0.21763,18476249.293636
1748552400000,0.21767,0.21953,0.21755,0.21939,6276817.02671
1748556000000,0.21939,0.21945,0.21704,0.21704,6900565.48782
1748559600000,0.21704,0.21756,0.21401,0.21492,24470128.612075
1748563200000,0.21488,0.21653,0.20053,0.20379,173851847.537882
1748566800000,0.20383,0.20825,0.20323,0.20709,80860626.801982
1748570400000,0.20709,0.20988,0.2069,0.20869,39910137.075391
1748574000000,0.20868,0.20954,0.2081,0.20859,15197440.077294
1748577600000,0.20861,0.20934,0.20755,0.20899,15016517.135001
1748581200000,0.20899,0.20952,0.20664,0.20767,30192327.125617
1748584800000,0.20767,0.20776,0.20315,0.20472,61988789.503263
1748588400000,0.20478,0.20601,0.20373,0.20429,36508491.618973
1748592000000,0.2043,0.20595,0.20344,0.20425,22971393.21773
1748595600000,0.20424,0.20512,0.20154,0.2048,47221085.778712
1748599200000,0.20481,0.20539,0.20346,0.20524,25118096.90807
1748602800000,0.20525,0.20567,0.20432,0.20504,16551200.870957
1748606400000,0.20505,0.20586,0.20236,0.20456,34457415.599195
1748610000000,0.20455,0.20532,0.20176,0.20208,32859547.654053
1748613600000,0.20209,0.20347,0.20081,0.20225,36014174.659709
1748617200000,0.20225,0.20416,0.20191,0.20207,19406894.101051
1748620800000,0.20209,0.20288,0.1932,0.1964,162528439.487261
1748624400000,0.19638,0.19858,0.1962,0.19697,36593276.391245
1748628000000,0.19701,0.2004,0.19692,0.20027,35697470.712325
1748631600000,0.20026,0.20121,0.19964,0.20039,11669315.287897
1748635200000,0.20036,0.2006,0.19898,0.1994,12777293.938822
1748638800000,0.19942,0.20047,0.19824,0.19872,18785112.97212
1748642400000,0.1988,0.19922,0.19205,0.19216,56928832.994865
1748646000000,0.19221,0.1943,0.19045,0.19358,67285394.847859
1748649600000,0.19362,0.19456,0.18847,0.19155,66628316.50283
1748653200000,0.19155,0.19243,0.1862,0.18985,71598802.671729
1748656800000,0.18981,0.19246,0.18778,0.18789,38176139.892599
1748660400000,0.18792,0.18934,0.18549,0.18931,70748849.339157
1748664000000,0.18931,0.1908,0.18764,0.19055,23826192.323148
1748667600000,0.1905,0.19116,0.18823,0.18832,15159990.296348
1748671200000,0.18835,0.19039,0.18801,0.18974,11734237.153535
1748674800000,0.18973,0.19004,0.18875,0.18927,9118603.584267
1748678400000,0.18927,0.18968,0.18772,0.18874,17259311.597548
1748682000000,0.18877,0.18962,0.18677,0.18756,22914418.926755
1748685600000,0.18758,0.1895,0.18588,0.18722,22718488.618257
1748689200000,0.18722,0.18733,0.18568,0.18659,13785880.528754
1748692800000,0.18653,0.19106,0.18633,0.19101,28836068.434867
1748696400000,0.19101,0.19453,0.19067,0.19112,52187170.083485
1748700000000,0.19113,0.19332,0.19095,0.19309,18008342.96891
1748703600000,0.19308,0.19447,0.19101,0.19186,29017225.578115
1748707200000,0.19177,0.19391,0.191,0.19308,17598080.736679
1748710800000,0.19311,0.19345,0.19142,0.19159,11789919.141649
1748714400000,0.1916,0.19325,0.19142,0.1929,4027773.971788
1748718000000,0.1929,0.19508,0.1929,0.19456,9625276.056989
1748721600000,0.19456,0.19494,0.19371,0.19448,3871453.391691
1748725200000,0.19453,0.19553,0.19406,0.19481,18829357.641056
1748728800000,0.19482,0.19508,0.19309,0.19319,9037394.662577
1748732400000,0.19319,0.19451,0.19208,0.19249,24060349.515366
1748736000000,0.1925,0.19259,0.19092,0.19155,13739819.438051
1748739600000,0.19154,0.19204,0.18848,0.18938,27708254.604218
1748743200000,0.18939,0.19022,0.18777,0.18967,24166716.160165
1748746800000,0.1897,0.19026,0.18818,0.19013,12080847.146532
1748750400000,0.19014,0.19229,0.18972,0.19178,11057986.433085
1748754000000,0.1918,0.19215,0.1906,0.19078,8565908.136902
1748757600000,0.19077,0.19081,0.1894,0.18973,9160760.781281
1748761200000,0.18973,0.19024,0.18918,0.19009,6528891.125166
1748764800000,0.19007,0.19027,0.18865,0.18942,7718700.780431
1748768400000,0.18944,0.19005,0.18639,0.18752,29184962.442093
1748772000000,0.18753,0.18871,0.18695,0.18863,12545635.539976
1748775600000,0.1886,0.18974,0.1881,0.18944,9522374.755614
1748779200000,0.18945,0.18956,0.18732,0.18796,14043782.251715
1748782800000,0.18799,0.18967,0.1878,0.18908,9870451.109532
1748786400000,0.18911,0.19238,0.18911,0.19136,26913286.856435
1748790000000,0.19131,0.19248,0.1907,0.19188,17472695.914967
1748793600000,0.19182,0.19476,0.19179,0.19321,40859470.575845
1748797200000,0.19321,0.19351,0.19268,0.19282,13069380.637837
1748800800000,0.19278,0.19282,0.18899,0.19081,23659172.090116
1748804400000,0.19084,0.19193,0.19051,0.19188,10412011.239571
1748808000000,0.19187,0.19257,0.19087,0.19137,7857708.38061
1748811600000,0.19136,0.19332,0.19108,0.19323,5830719.02653
1748815200000,0.1932,0.19433,0.19302,0.19362,9163248.720042
1748818800000,0.19362,0.19486,0.19336,0.19363,11768566.462146
1748822400000,0.19364,0.19438,0.19253,0.19284,13742951.287459
1748826000000,0.19285,0.19421,0.19207,0.1921,15573542.990486
1748829600000,0.19213,0.19224,0.19062,0.19085,13577707.520113
1748833200000,0.19087,0.19099,0.18918,0.19035,17080536.67884
1748836800000,0.19033,0.1916,0.19001,0.19042,10129156.344133
1748840400000,0.19045,0.1913,0.1896,0.19074,5443356.985574
1748844000000,0.19075,0.19238,0.19013,0.1918,13239434.758124
1748847600000,0.1918,0.19338,0.19169,0.19188,11222825.629309
1748851200000,0.19186,0.19308,0.1908,0.19111,18806707.32894
1748854800000,0.19115,0.19116,0.18937,0.18971,14302421.902396
1748858400000,0.1897,0.19097,0.18925,0.1901,18680123.093741
1748862000000,0.19012,0.19046,0.18842,0.18931,13005665.876369
1748865600000,0.1893,0.19051,0.18863,0.19047,8861680.506616
1748869200000,0.19047,0.19155,0.18904,0.18951,14727262.362635
1748872800000,0.1895,0.19245,0.18864,0.19154,24788070.98881
1748876400000,0.19154,0.19308,0.19008,0.19187,17994168.845725
1748880000000,0.19187,0.19197,0.19029,0.19176,12205508.072249
1748883600000,0.19178,0.19284,0.19081,0.1924,8496475.592219
1748887200000,0.1924,0.19372,0.19102,0.19114,15652020.028419
1748890800000,0.19119,0.1919,0.1889,0.19027,12771676.185702
1748894400000,0.19026,0.19271,0.19024,0.19202,9552829.421705
1748898000000,0.19207,0.19357,0.19201,0.19351,8368447.142502
1748901600000,0.19353,0.1964,0.19351,0.19483,29274211.844621
1748905200000,0.19485,0.19603,0.19462,0.19507,21815873.681875
1748908800000,0.19509,0.19794,0.19456,0.19678,36195791.349052
1748912400000,0.1968,0.20022,0.19637,0.19981,33841622.685589
1748916000000,0.19982,0.20049,0.19634,0.19665,33031007.877301
1748919600000,0.19666,0.19695,0.19467,0.19572,22861768.067825
1748923200000,0.19572,0.19582,0.19429,0.19462,10928513.637788
1748926800000,0.19462,0.19646,0.19462,0.19632,7267083.244176
1748930400000,0.19632,0.19643,0.19524,0.19639,5393143.098059
1748934000000,0.19641,0.19646,0.19512,0.19523,5074608.430178
1748937600000,0.19525,0.19548,0.19329,0.19401,28210847.459621
1748941200000,0.19408,0.19528,0.19369,0.19483,8345733.110335
1748944800000,0.19485,0.19569,0.19456,0.19531,9641683.23819
1748948400000,0.19532,0.19594,0.19465,0.19502,9142956.976899
1748952000000,0.19502,0.19585,0.19456,0.19549,8387888.653832
1748955600000,0.19549,0.19651,0.19438,0.19534,19366295.091595
1748959200000,0.19532,0.19836,0.19401,0.19818,35210165.493692
1748962800000,0.19817,0.19868,0.1967,0.19737,17970929.63532
1748966400000,0.19736,0.19759,0.19554,0.1956,23487671.465007
1748970000000,0.1956,0.19694,0.19536,0.19617,11731186.188707
1748973600000,0.19622,0.19624,0.19519,0.19595,4583379.685027
1748977200000,0.19596,0.1974,0.19585,0.19711,7222096.834536
1748980800000,0.19714,0.19719,0.1926,0.19446,16356871.656198
1748984400000,0.19446,0.195,0.1914,0.19232,13533961.750249
1748988000000,0.19233,0.19465,0.19213,0.19416,9680930.789996
1748991600000,0.19419,0.19425,0.1927,0.19308,7780542.108072
1748995200000,0.1931,0.19394,0.19204,0.19394,8752258.353979
1748998800000,0.19394,0.19592,0.19394,0.19495,14582526.729173
1749002400000,0.19496,0.19615,0.19461,0.19482,8532420.719411
1749006000000,0.19482,0.19702,0.19482,0.196,10255000.062179
1749009600000,0.19601,0.19669,0.19561,0.19572,6972040.756036
1749013200000,0.19571,0.19645,0.19527,0.19568,8406114.949912
1749016800000,0.19569,0.19626,0.1949,0.19582,5520168.464577
1749020400000,0.19583,0.19623,0.19505,0.19543,5481798.379244
1749024000000,0.19543,0.19656,0.19543,0.19576,4497784.954829
1749027600000,0.19577,0.19666,0.19515,0.19627,37581230.682837
1749031200000,0.19627,0.19662,0.19516,0.19542,9430334.054685
1749034800000,0.19545,0.19574,0.19364,0.19375,14828339.909552
1749038400000,0.19379,0.19437,0.19235,0.19262,13987185.739579
1749042000000,0.19262,0.19338,0.19171,0.19189,19757614.147125
1749045600000,0.19188,0.19257,0.18969,0.19251,34129369.016743
1749049200000,0.19251,0.19355,0.19192,0.19289,19616462.606769
1749052800000,0.19285,0.19291,0.19161,0.19237,13329491.361727
1749056400000,0.19241,0.19246,0.18998,0.19085,12362037.270998
1749060000000,0.19082,0.19153,0.19031,0.19053,8902631.518385
1749063600000,0.19053,0.19079,0.18919,0.18927,9325940.19815
1749067200000,0.18927,0.18945,0.18697,0.18833,25134394.06063
1749070800000,0.18833,0.19026,0.18727,0.18958,10197333.082553
1749074400000,0.18962,0.18968,0.18776,0.18839,16537635.299027
1749078000000,0.18839,0.18877,0.18722,0.18812,12124256.315386
1749081600000,0.18809,0.18931,0.18738,0.18908,8688913.018915
1749085200000,0.18907,0.18969,0.188,0.18844,11694030.002209
1749088800000,0.1885,0.19079,0.18848,0.18978,15771881.045351
1749092400000,0.18977,0.1903,0.18936,0.19015,4469299.804342
1749096000000,0.19015,0.19082,0.18985,0.19039,9975924.596816
1749099600000,0.19041,0.19064,0.18836,0.18912,7384452.862784
1749103200000,0.18912,0.18997,0.18778,0.18807,16705439.514151
1749106800000,0.1881,0.18978,0.18787,0.18849,21708476.774191
1749110400000,0.18849,0.18927,0.188,0.18913,8040434.966355
1749114000000,0.18912,0.18983,0.18894,0.18968,3882849.628887
1749117600000,0.18964,0.18988,0.18782,0.18856,11882643.496523
1749121200000,0.18858,0.18944,0.18802,0.1894,5268619.945674
1749124800000,0.18941,0.19233,0.18917,0.19177,25294899.912668
1749128400000,0.19178,0.19247,0.18883,0.1891,24751944.19652
1749132000000,0.18908,0.1905,0.18713,0.18986,36445696.753892
1749135600000,0.18987,0.19032,0.18857,0.18934,12712287.024851
1749139200000,0.18934,0.18944,0.17987,0.18105,125992695.803221
1749142800000,0.18107,0.18224,0.17906,0.17977,50928126.927481
1749146400000,0.17974,0.1804,0.17768,0.17881,35978682.970172
1749150000000,0.17883,0.17917,0.17045,0.17395,165537207.442357
1749153600000,0.17396,0.17446,0.168,0.16902,131186338.947481
1749157200000,0.169,0.17192,0.16861,0.17156,77626111.854326
1749160800000,0.17156,0.17233,0.16977,0.17172,49927483.832893
1749164400000,0.17173,0.17231,0.17098,0.17109,38333482.77578
1749168000000,0.17109,0.17216,0.16943,0.17207,47621596.391343
1749171600000,0.17207,0.17214,0.17107,0.17179,15127194.585006
1749175200000,0.17179,0.17266,0.17047,0.17265,27798065.999336
1749178800000,0.17266,0.17547,0.17211,0.17527,36275459.764648
1749182400000,0.17528,0.176,0.17436,0.17569,24248120.730652
1749186000000,0.1757,0.17632,0.17473,0.17602,30710959.37645
1749189600000,0.17601,0.17645,0.17512,0.17549,29099325.416163
1749193200000,0.17551,0.176,0.17469,0.1748,15673079.34741
1749196800000,0.17482,0.17566,0.17482,0.1751,17835925.998861
1749200400000,0.17511,0.1768,0.17511,0.17577,24219659.30397
1749204000000,0.17577,0.17706,0.17576,0.17636,15622416.509903
1749207600000,0.17636,0.17811,0.1762,0.17762,45649576.090146
1749211200000,0.17762,0.18022,0.17736,0.1776,43604279.108717
1749214800000,0.1776,0.18147,0.17759,0.18014,28837396.731198
1749218400000,0.18015,0.1834,0.17956,0.1828,24971361.761116
1749222000000,0.1828,0.18446,0.18084,0.18184,41895431.281461
1749225600000,0.18181,0.18236,0.18007,0.18032,20776318.904911
1749229200000,0.18033,0.1806,0.17858,0.17997,35558770.274308
1749232800000,0.18,0.18013,0.17877,0.17915,7929598.649845
1749236400000,0.1791,0.18025,0.17845,0.17897,7412191.819954
1749240000000,0.17895,0.18059,0.1785,0.17961,20702753.82126
1749243600000,0.17965,0.18054,0.17902,0.17997,6267153.237194
1749247200000,0.17996,0.1801,0.17878,0.17944,4773973.892736
1749250800000,0.1794,0.17955,0.17863,0.17876,4005137.488803
1749254400000,0.17879,0.18087,0.17771,0.18082,18426805.712374
1749258000000,0.18081,0.1812,0.17929,0.17983,11602015.128805
1749261600000,0.17987,0.18121,0.17949,0.181,7678325.155997
1749265200000,0.18102,0.18263,0.18066,0.18257,25368062.291166
1749268800000,0.18257,0.18258,0.18145,0.18223,6934725.945952
1749272400000,0.18224,0.18346,0.1819,0.18314,10282205.872066
1749276000000,0.1832,0.18496,0.1823,0.18489,19001907.106465
1749279600000,0.18489,0.1864,0.18393,0.18531,26202816.006032
1749283200000,0.1853,0.18582,0.18436,0.18476,11766631.888085
1749286800000,0.18475,0.18544,0.18466,0.18508,6184077.841858
1749290400000,0.18507,0.18649,0.18487,0.18618,10454485.783755
1749294000000,0.18619,0.18731,0.18585,0.18599,13347184.374062
1749297600000,0.186,0.18728,0.18573,0.18652,14307991.042297
1749301200000,0.18653,0.18867,0.18613,0.18756,28010165.77691
1749304800000,0.18756,0.18765,0.18651,0.18691,9673995.316809
1749308400000,0.18692,0.18751,0.18632,0.18666,10727781.156522
1749312000000,0.18664,0.18732,0.18335,0.1834,37517393.047364
1749315600000,0.1834,0.18431,0.1819,0.18223,27937925.023842
1749319200000,0.18224,0.18365,0.18209,0.18257,11997203.929361
1749322800000,0.18256,0.18379,0.1825,0.18329,13231425.376954
1749326400000,0.18328,0.18441,0.18327,0.18416,7767873.615265
1749330000000,0.18416,0.18507,0.18413,0.185,14886662.489819
1749333600000,0.18501,0.18642,0.18501,0.18591,12851102.811651
1749337200000,0.18592,0.18595,0.18445,0.18513,8832993.564834
1749340800000,0.18513,0.18514,0.1832,0.18336,19314908.980994
1749344400000,0.18338,0.18491,0.1832,0.18463,13032295.540199
1749348000000,0.18463,0.18465,0.18359,0.18377,7138316.681628
1749351600000,0.1838,0.18385,0.18323,0.18327,5743503.672696
1749355200000,0.18328,0.18442,0.1832,0.18424,6488127.927657
1749358800000,0.18424,0.18468,0.1836,0.1837,4046038.435684
1749362400000,0.18371,0.18482,0.1836,0.18379,4226360.455665
1749366000000,0.1838,0.18439,0.18283,0.18299,6990494.730266
1749369600000,0.18302,0.18344,0.1827,0.18288,8922131.990714
1749373200000,0.18288,0.183,0.1804,0.18154,39973391.652489
1749376800000,0.18158,0.18241,0.18133,0.18228,14425670.897883
1749380400000,0.18231,0.18426,0.18225,0.1838,24264926.065168
1749384000000,0.1838,0.184,0.18264,0.18338,6989967.393765
1749387600000,0.18337,0.18544,0.18241,0.183,14078760.300986
1749391200000,0.183,0.18415,0.18283,0.18398,8902522.743925
1749394800000,0.18401,0.18504,0.18384,0.18407,11070142.604513
1749398400000,0.18407,0.18585,0.18389,0.18517,12714930.69867
1749402000000,0.18515,0.18597,0.1846,0.1847,19723377.667281
1749405600000,0.18472,0.186,0.18455,0.18588,7813862.006769
1749409200000,0.18586,0.18636,0.18551,0.18613,7823240.217599
1749412800000,0.18612,0.18677,0.18534,0.18554,5621417.061097
1749416400000,0.18557,0.18699,0.18545,0.18635,3793353.58688
1749420000000,0.18635,0.18658,0.18367,0.18391,18633081.440271
1749423600000,0.18385,0.18449,0.18361,0.18419,5067138.928665
1749427200000,0.18419,0.18465,0.183,0.18369,13523132.98851
1749430800000,0.18368,0.18375,0.18203,0.18237,17306139.184552
1749434400000,0.18234,0.18324,0.18188,0.18232,7752148.200887
1749438000000,0.18231,0.18286,0.18121,0.18266,11114028.296822
1749441600000,0.18266,0.18281,0.18126,0.18147,7925214.47737
1749445200000,0.18149,0.18179,0.18056,0.1807,17946846.470656
1749448800000,0.18068,0.18215,0.1802,0.18198,11447049.468238
1749452400000,0.18197,0.18197,0.18075,0.18154,14389158.70456
1749456000000,0.18154,0.18232,0.1808,0.18225,7882327.336986
1749459600000,0.18227,0.18583,0.18182,0.18439,23735685.282803
1749463200000,0.1844,0.18644,0.18376,0.18596,48475247.210697
1749466800000,0.18597,0.18744,0.18506,0.18638,33317805.00088
1749470400000,0.18637,0.18659,0.18493,0.18557,18908831.643008
1749474000000,0.18556,0.18565,0.18248,0.18295,30940178.949938
1749477600000,0.18295,0.18481,0.18252,0.18389,20546304.313482
1749481200000,0.1839,0.18579,0.18376,0.18448,13422455.49501
1749484800000,0.18449,0.187,0.18448,0.18571,23951738.514793
1749488400000,0.18572,0.18757,0.18548,0.18718,23893860.109761
1749492000000,0.18718,0.18793,0.18652,0.18725,12397088.535931
1749495600000,0.18726,0.18773,0.18584,0.18649,8599841.762064
1749499200000,0.18654,0.1874,0.18654,0.18691,3008231.570713
1749502800000,0.18691,0.1961,0.18691,0.19369,78033770.830157
1749506400000,0.1937,0.19568,0.19367,0.19504,30250939.946078
1749510000000,0.19507,0.19517,0.19315,0.19491,25589526.002804
1749513600000,0.19492,0.19626,0.19408,0.19511,28783991.195579
1749517200000,0.1951,0.19578,0.19422,0.19498,13994540.718277
1749520800000,0.19497,0.19504,0.19334,0.19435,20314809.003341
1749524400000,0.19435,0.19464,0.19282,0.19361,10446353.382767
1749528000000,0.19364,0.19395,0.19241,0.1932,7695993.675215
1749531600000,0.19321,0.19353,0.19045,0.19118,20073021.48949
1749535200000,0.19118,0.19179,0.18978,0.19133,15734925.8144
1749538800000,0.19134,0.19159,0.19014,0.191,16962722.132544
1749542400000,0.19107,0.19154,0.18974,0.18997,12322511.813378
1749546000000,0.18997,0.1922,0.18967,0.19212,17196410.845605
1749549600000,0.19213,0.19239,0.19016,0.19105,12770827.28927
1749553200000,0.19107,0.19598,0.19023,0.19485,62375280.959122
1749556800000,0.19484,0.19737,0.19363,0.19689,40797705.183145
1749560400000,0.19688,0.19753,0.192,0.19322,64127914.685549
1749564000000,0.1932,0.1933,0.19,0.19065,28267776.150938
1749567600000,0.19064,0.19224,0.18874,0.19111,35608490.029735
1749571200000,0.19111,0.19181,0.18999,0.19055,19886333.597689
1749574800000,0.19056,0.19195,0.19053,0.19088,8385296.802507
1749578400000,0.19092,0.19419,0.19038,0.1938,20426595.239755
1749582000000,0.1938,0.19663,0.1938,0.19466,35635918.201134
1749585600000,0.19464,0.19538,0.19328,0.1952,9499528.404708
1749589200000,0.1952,0.19564,0.19335,0.19437,13739835.713181
1749592800000,0.1944,0.19695,0.19433,0.19613,21751593.783224
1749596400000,0.19616,0.19853,0.19612,0.19845,32274167.011717
1749600000000,0.19846,0.19906,0.19601,0.19614,35947457.861194
1749603600000,0.19615,0.19635,0.19461,0.19504,27890241.952555
1749607200000,0.19507,0.19673,0.19493,0.19572,15245866.566115
1749610800000,0.19571,0.19897,0.19561,0.19764,23066913.441
1749614400000,0.19765,0.19868,0.19688,0.19831,12651157.676575
1749618000000,0.19831,0.19844,0.1971,0.19744,14368010.649974
1749621600000,0.19745,0.19877,0.19695,0.1984,12955530.386432
1749625200000,0.1984,0.20666,0.19787,0.20246,130061028.482486
1749628800000,0.20247,0.20392,0.20177,0.20199,38811246.675134
1749632400000,0.20199,0.20234,0.19882,0.19927,45725580.33934
1749636000000,0.19929,0.20082,0.19892,0.20077,18017247.474966
1749639600000,0.20077,0.20099,0.19825,0.19915,19771799.535277
1749643200000,0.19916,0.20263,0.19831,0.2012,67201486.005036
1749646800000,0.20122,0.20203,0.199,0.19975,36232929.069224
1749650400000,0.19978,0.20312,0.19967,0.20195,31078939.065998
1749654000000,0.20197,0.2035,0.20092,0.2032,26860485.213532
1749657600000,0.20321,0.20407,0.20204,0.20286,21382210.844395
1749661200000,0.20288,0.20288,0.19838,0.19848,30446514.466663
1749664800000,0.19845,0.1986,0.19572,0.19597,49018169.722466
1749668400000,0.19598,0.19614,0.19417,0.19508,25152140.091092
1749672000000,0.19505,0.19648,0.19371,0.1957,13053884.43688
1749675600000,0.19577,0.19725,0.19241,0.19329,28783796.738225
1749679200000,0.19318,0.19386,0.19126,0.1922,34330698.750976
1749682800000,0.19225,0.1931,0.19209,0.19296,14902081.039317
1749686400000,0.19296,0.19371,0.19129,0.19305,27623717.941102
1749690000000,0.19303,0.1931,0.19068,0.19244,32039427.380599
1749693600000,0.19242,0.19298,0.19132,0.19207,11305762.375053
1749697200000,0.19206,0.19215,0.19015,0.19076,14987089.245078
1749700800000,0.19079,0.19105,0.18943,0.19041,20807539.08267
1749704400000,0.19041,0.19106,0.18932,0.19084,12800979.128927
1749708000000,0.19084,0.19135,0.18974,0.19085,12995609.396563
1749711600000,0.19086,0.19132,0.18904,0.1896,15772926.853403
1749715200000,0.18955,0.19021,0.18869,0.19005,12150920.17431
1749718800000,0.19007,0.19031,0.18933,0.18945,9842254.186155
1749722400000,0.18946,0.18958,0.18764,0.18858,25529972.139203
1749726000000,0.1886,0.18876,0.1864,0.18715,23714377.683643
1749729600000,0.18716,0.18872,0.1867,0.18798,41654553.543846
1749733200000,0.18797,0.18857,0.187,0.18819,24202444.091536
1749736800000,0.1882,0.18994,0.1882,0.18929,27140760.330458
1749740400000,0.18929,0.18988,0.18549,0.18586,35201242.831187
1749744000000,0.18586,0.1885,0.18565,0.18783,36701728.292213
1749747600000,0.18784,0.19011,0.18763,0.18962,13899523.650393
1749751200000,0.18962,0.18972,0.18594,0.18738,33021804.893743
1749754800000,0.18736,0.18785,0.18376,0.18473,30295917.095993
1749758400000,0.18472,0.18569,0.17991,0.18141,67263999.231765
1749762000000,0.18136,0.18277,0.18048,0.18055,32802432.780578
1749765600000,0.18054,0.18179,0.18038,0.18079,26130436.875304
1749769200000,0.18075,0.18244,0.18064,0.18111,23906064.022772
1749772800000,0.18112,0.18149,0.17052,0.17321,210109569.023901
1749776400000,0.1732,0.17323,0.16981,0.17221,112827954.915733
1749780000000,0.1722,0.17266,0.17014,0.17166,37360036.012386
1749783600000,0.17167,0.17518,0.1715,0.1744,52969286.976166
1749787200000,0.17439,0.17449,0.17248,0.17338,38352781.694136
1749790800000,0.17338,0.17348,0.17263,0.17263,15994903.242165
1749794400000,0.17267,0.17422,0.17151,0.17422,23415852.172038
1749798000000,0.17422,0.17457,0.17297,0.1744,31697832.208985
1749801600000,0.17439,0.17647,0.17405,0.17449,56519744.141325
1749805200000,0.17448,0.17478,0.17351,0.1743,21645470.513156
1749808800000,0.17432,0.17507,0.17317,0.17502,18283644.089031
1749812400000,0.17506,0.17586,0.17425,0.17571,18595453.973883
1749816000000,0.17571,0.17619,0.17447,0.17468,37273337.823165
1749819600000,0.1747,0.17654,0.17429,0.17516,31718322.022957
1749823200000,0.17517,0.17616,0.17375,0.17565,61378251.365074
1749826800000,0.17568,0.1788,0.17527,0.17786,55348642.136364
1749830400000,0.17786,0.17999,0.17694,0.17906,82258356.992255
1749834000000,0.17906,0.17906,0.1767,0.17843,24691569.083795
1749837600000,0.17842,0.1788,0.17558,0.1767,28932933.88164
1749841200000,0.17667,0.1777,0.17571,0.17653,18732547.749805
1749844800000,0.17656,0.17864,0.17611,0.17805,12560715.802248
1749848400000,0.17808,0.17916,0.17762,0.17868,22748519.082358
1749852000000,0.17874,0.17969,0.1786,0.17954,7594656.190939
1749855600000,0.17955,0.18042,0.1792,0.18041,16573013.705259
1749859200000,0.18042,0.18046,0.17857,0.17877,26894919.43869
1749862800000,0.17878,0.17878,0.1766,0.17756,122368972.302263
1749866400000,0.17756,0.17807,0.17699,0.17733,14870849.40064
1749870000000,0.17736,0.17822,0.17727,0.17779,14685453.388702
1749873600000,0.17779,0.17835,0.1777,0.17811,74308439.126664
1749877200000,0.17811,0.17826,0.17742,0.17787,8468514.756115
1749880800000,0.17787,0.17806,0.1765,0.17654,21406074.623379
1749884400000,0.17655,0.17692,0.17553,0.17657,15801164.249541
1749888000000,0.17657,0.17702,0.17593,0.17695,10499577.280047
1749891600000,0.177,0.17706,0.17618,0.17625,4650958.008096
1749895200000,0.17627,0.17725,0.176,0.177,10972511.821799
1749898800000,0.177,0.17795,0.17693,0.17788,10437450.785341
1749902400000,0.17787,0.17798,0.1769,0.17789,7064376.019284
1749906000000,0.17789,0.17835,0.17719,0.17788,13854902.684685
1749909600000,0.17788,0.17829,0.1773,0.17756,7921197.870317
1749913200000,0.17756,0.17776,0.17569,0.17671,20614420.847088
1749916800000,0.17671,0.17725,0.17456,0.17527,23885927.287682
1749920400000,0.17525,0.17752,0.17513,0.17722,24550699.670678
1749924000000,0.17721,0.17827,0.17554,0.17673,11305995.437079
1749927600000,0.17673,0.17727,0.17607,0.1761,4447299.518386
1749931200000,0.17612,0.17676,0.1752,0.17676,56780531.703684
1749934800000,0.17677,0.17835,0.1765,0.17818,18993047.707919
1749938400000,0.1782,0.17855,0.17718,0.17768,25507638.915016
1749942000000,0.17765,0.17849,0.1776,0.17824,5976385.651803
1749945600000,0.17826,0.17853,0.17772,0.1785,6635295.273502
1749949200000,0.17851,0.17867,0.17733,0.17746,10097329.195439
1749952800000,0.17746,0.17818,0.17746,0.17749,5192994.783603
1749956400000,0.1775,0.17807,0.17738,0.17766,2965270.046939
1749960000000,0.17766,0.17845,0.17756,0.17834,13614466.919411
1749963600000,0.17833,0.17833,0.1761,0.17779,20250490.898386
1749967200000,0.1778,0.17801,0.17608,0.17623,10898637.771102
1749970800000,0.17622,0.17622,0.17526,0.17565,16668449.196625
1749974400000,0.17565,0.17574,0.17456,0.17503,26054685.680575
1749978000000,0.17503,0.17503,0.17361,0.17374,13049628.600196
1749981600000,0.17375,0.17513,0.17371,0.17472,19062658.618641
1749985200000,0.17474,0.17491,0.17377,0.17427,11043231.193776
1749988800000,0.17427,0.17542,0.1739,0.17528,12279091.293179
1749992400000,0.17528,0.17636,0.17482,0.17629,21027601.889168
1749996000000,0.17633,0.17747,0.17493,0.17695,29481190.088974
1749999600000,0.17696,0.1771,0.17577,0.17596,25127089.705619
1750003200000,0.17599,0.1766,0.17541,0.17625,8579612.414906
1750006800000,0.17628,0.17684,0.17535,0.17645,4026406.724478
1750010400000,0.17645,0.17654,0.174,0.17486,86327818.043611
1750014000000,0.17485,0.17544,0.17249,0.17361,15890119.352014
1750017600000,0.17365,0.17365,0.17139,0.17257,24256971.472616
1750021200000,0.17257,0.17368,0.17189,0.17357,13885900.267745
1750024800000,0.17356,0.17565,0.17329,0.175,20131497.027895
1750028400000,0.17505,0.17593,0.17478,0.17551,7179853.075879
1750032000000,0.17551,0.17581,0.17451,0.17491,13027593.767934
1750035600000,0.17491,0.17602,0.1728,0.176,34152831.498604
1750039200000,0.17599,0.17684,0.17576,0.17606,29155679.835069
1750042800000,0.17608,0.17697,0.17575,0.17594,16655442.821101
1750046400000,0.17594,0.17745,0.17591,0.17702,22843303.65575
1750050000000,0.17702,0.17853,0.17672,0.17744,46483259.799466
1750053600000,0.17745,0.17777,0.17706,0.1773,54152886.105983
1750057200000,0.17735,0.17882,0.17735,0.17828,38972642.489177
1750060800000,0.17829,0.17836,0.17735,0.17777,13109463.682236
1750064400000,0.1778,0.17782,0.1769,0.17713,15840940.627478
1750068000000,0.17715,0.17789,0.17645,0.17677,18871297.380943
1750071600000,0.17677,0.17708,0.17535,0.17675,18539202.548228
1750075200000,0.17675,0.17724,0.17628,0.17686,13930985.244121
1750078800000,0.17687,0.17806,0.17642,0.17795,20617185.20673
1750082400000,0.17794,0.17946,0.17713,0.17806,44853670.493813
1750086000000,0.17808,0.17865,0.17724,0.17755,23988369.608367
1750089600000,0.17759,0.17922,0.17725,0.17866,26790341.205738
1750093200000,0.17865,0.1793,0.17817,0.17871,12548276.268099
1750096800000,0.17874,0.18002,0.17864,0.17994,10151811.623144
1750100400000,0.17994,0.18116,0.17955,0.17995,24245470.806763
1750104000000,0.17995,0.18036,0.17863,0.17979,25998163.273457
1750107600000,0.17979,0.18006,0.17874,0.17944,13738990.643104
1750111200000,0.1795,0.18013,0.17388,0.17555,70285672.867764
1750114800000,0.17554,0.1766,0.17214,0.17274,40981182.005245
1750118400000,0.17274,0.17435,0.16853,0.17425,100664466.73632
1750122000000,0.17428,0.17494,0.17316,0.17426,23465362.490836
1750125600000,0.17427,0.17577,0.1727,0.17541,28574335.768435
1750129200000,0.17541,0.17613,0.17468,0.17527,12759803.328174
1750132800000,0.17527,0.1755,0.17392,0.17431,10091120.446044
1750136400000,0.1743,0.17461,0.17331,0.17379,25499156.254601
1750140000000,0.17378,0.17438,0.17308,0.17362,10465172.778823
1750143600000,0.17366,0.17414,0.17322,0.17384,5937185.847466
1750147200000,0.17384,0.1741,0.1723,0.17249,24497653.142391
1750150800000,0.17249,0.17289,0.17162,0.17236,49064124.615302
1750154400000,0.17236,0.17236,0.17054,0.17175,45791764.317899
1750158000000,0.17174,0.17174,0.17069,0.17138,17041147.320162
1750161600000,0.17137,0.17226,0.1709,0.1712,15506780.579315
1750165200000,0.17119,0.17232,0.17094,0.17137,12761090.636969
1750168800000,0.17142,0.17237,0.17016,0.17041,12647875.811099
1750172400000,0.1704,0.1704,0.1665,0.16794,70340010.195111
1750176000000,0.16794,0.16813,0.16403,0.16412,71986637.198124
1750179600000,0.16413,0.16755,0.16392,0.16655,42811707.624139
1750183200000,0.16654,0.16901,0.16636,0.169,13065389.8505
1750186800000,0.169,0.17148,0.1688,0.17038,22326388.131958
1750190400000,0.17034,0.17085,0.16938,0.16958,12746031.2497
1750194000000,0.16957,0.17069,0.1684,0.16963,16100039.686344
1750197600000,0.16964,0.1701,0.16835,0.16851,8202138.389739
1750201200000,0.16855,0.17025,0.16854,0.16939,6183424.546559
1750204800000,0.16938,0.17056,0.16913,0.17026,8352378.678673
1750208400000,0.1703,0.17181,0.17026,0.17042,17005380.367463
1750212000000,0.17045,0.17063,0.16912,0.16976,62143504.896349
1750215600000,0.16975,0.17096,0.16969,0.17067,7564306.599188
1750219200000,0.17065,0.1722,0.17063,0.17163,12039794.472688
1750222800000,0.17163,0.17194,0.17126,0.17132,8276971.750237
1750226400000,0.17132,0.17146,0.16995,0.17045,9809704.634282
1750230000000,0.17044,0.17126,0.17025,0.1712,7677983.364514
1750233600000,0.17119,0.1717,0.17002,0.17049,8728882.76988
1750237200000,0.1705,0.17091,0.16956,0.16971,10935727.150438
1750240800000,0.16971,0.16978,0.16622,0.16677,29147668.069348
1750244400000,0.1668,0.16907,0.16668,0.1687,16514529.100375
1750248000000,0.1687,0.16878,0.16722,0.16738,14494065.174971
1750251600000,0.16743,0.16746,0.16406,0.16671,48122997.414224
1750255200000,0.1667,0.1695,0.16636,0.16744,52060773.830308
1750258800000,0.16744,0.16876,0.16648,0.16814,14228212.530125
1750262400000,0.16814,0.16832,0.16682,0.16725,10500512.080628
1750266000000,0.16725,0.16816,0.16564,0.16765,11850627.051647
1750269600000,0.16764,0.16895,0.16546,0.16555,33541379.733533
1750273200000,0.16556,0.16833,0.16524,0.167,21498834.140077
1750276800000,0.16701,0.17117,0.16624,0.17058,17990528.196609
1750280400000,0.17057,0.17136,0.16942,0.17097,14767893.608958
1750284000000,0.17096,0.17155,0.17029,0.17043,8729903.836923
1750287600000,0.17043,0.17113,0.16977,0.17065,6664616.868155
1750291200000,0.17066,0.17203,0.16986,0.17083,17802927.165325
1750294800000,0.17085,0.17091,0.16943,0.16972,14009302.205462
1750298400000,0.16973,0.17074,0.16937,0.16991,8104619.462045
1750302000000,0.16992,0.171,0.16992,0.17092,6683016.632785
1750305600000,0.17093,0.17105,0.17015,0.1709,8666704.986969
1750309200000,0.17092,0.17156,0.17064,0.17072,14597666.357887
1750312800000,0.17071,0.17119,0.17005,0.17019,8503416.185514
1750316400000,0.1702,0.17091,0.16991,0.17002,5929269.998731
1750320000000,0.17002,0.17085,0.17,0.17005,6171710.994511
1750323600000,0.17004,0.17085,0.16979,0.17048,12404628.596996
1750327200000,0.17048,0.17063,0.16925,0.16952,9269740.034834
1750330800000,0.16952,0.16952,0.16853,0.16897,11631646.381144
1750334400000,0.169,0.16958,0.16844,0.16953,11844144.156409
1750338000000,0.16953,0.16997,0.16822,0.16838,10556713.987936
1750341600000,0.16837,0.1693,0.16775,0.16814,12868259.966279
1750345200000,0.1682,0.16885,0.16796,0.16829,10005608.900101
1750348800000,0.1683,0.16944,0.16819,0.16836,9229278.736017
1750352400000,0.16839,0.17042,0.16805,0.16994,11716178.686615
1750356000000,0.16994,0.17093,0.16947,0.16999,9122207.534311
1750359600000,0.17002,0.17039,0.16968,0.16981,5767231.294431
1750363200000,0.16981,0.17056,0.1693,0.16972,7879770.314682
1750366800000,0.16975,0.17065,0.16945,0.17021,14155007.01859
1750370400000,0.17024,0.17175,0.17024,0.17106,11061465.538783
1750374000000,0.17107,0.17137,0.17061,0.17091,11408190.046407
1750377600000,0.17092,0.17152,0.1707,0.17095,7177340.317924
1750381200000,0.17094,0.17105,0.1699,0.1703,8749054.264102
1750384800000,0.17032,0.17036,0.16915,0.16947,6041960.61841
1750388400000,0.16946,0.16993,0.16913,0.16929,5913544.803959
1750392000000,0.16931,0.16932,0.16727,0.16747,13535524.501466
1750395600000,0.16753,0.16835,0.16714,0.16825,8430031.744944
1750399200000,0.16825,0.16853,0.16782,0.16796,8904887.670185
1750402800000,0.16796,0.17062,0.16765,0.17054,24741830.048931
1750406400000,0.17055,0.17137,0.16981,0.17037,26369053.202151
1750410000000,0.17036,0.17067,0.16979,0.17011,6494977.290239
1750413600000,0.17011,0.1708,0.16976,0.17063,6917005.918244
1750417200000,0.17062,0.17105,0.17001,0.17075,9559001.774139
1750420800000,0.17076,0.17188,0.17058,0.17128,14691841.875372
1750424400000,0.1713,0.17196,0.1695,0.17018,17120670.059035
1750428000000,0.17014,0.17046,0.16614,0.16629,50768704.342269
1750431600000,0.16628,0.16743,0.16561,0.16602,29490708.744665
1750435200000,0.16604,0.16618,0.16204,0.16299,69745845.225048
1750438800000,0.16297,0.16338,0.1583,0.16167,143861956.787914
1750442400000,0.16167,0.16287,0.1612,0.16268,28613374.733419
1750446000000,0.16268,0.16312,0.16124,0.16281,13696374.500239
1750449600000,0.16281,0.1643,0.16275,0.16371,7916031.376315
1750453200000,0.16375,0.16379,0.16224,0.16237,6276553.609199
1750456800000,0.16241,0.16249,0.16096,0.16174,6786113.072834
1750460400000,0.16174,0.16251,0.1614,0.16234,8497325.135632
1750464000000,0.16239,0.16315,0.16202,0.16246,6241357.969231
1750467600000,0.16246,0.16365,0.16232,0.16361,5834454.186192
1750471200000,0.16362,0.16378,0.16284,0.16299,5009458.406016
1750474800000,0.16293,0.16383,0.16291,0.16338,6343087.940161
1750478400000,0.16338,0.16351,0.16299,0.16325,4933207.926534
1750482000000,0.16325,0.16335,0.16289,0.16318,4616036.454613
1750485600000,0.1632,0.16334,0.16291,0.16312,3704183.428123
1750489200000,0.16316,0.16322,0.16256,0.16281,7674299.414851
1750492800000,0.16282,0.16397,0.1627,0.16385,7723804.324845
1750496400000,0.16386,0.16422,0.16338,0.16392,9118942.608956
1750500000000,0.16393,0.16435,0.16327,0.16358,5173664.558554
1750503600000,0.16359,0.16386,0.16314,0.1633,4185853.547023
1750507200000,0.1633,0.16346,0.16224,0.1623,14388591.594917
1750510800000,0.16231,0.16254,0.16011,0.16051,24426475.806749
1750514400000,0.16052,0.16146,0.16005,0.16037,18929377.175315
1750518000000,0.16037,0.16064,0.15902,0.16023,30338617.670663
1750521600000,0.16022,0.16097,0.15955,0.1603,15036231.410785
1750525200000,0.16024,0.16097,0.15817,0.15902,13298446.418857
1750528800000,0.15904,0.15991,0.15732,0.15768,11289189.590185
1750532400000,0.15765,0.15854,0.15718,0.15739,10985355.391048
1750536000000,0.15738,0.15898,0.15698,0.15868,13899898.752246
1750539600000,0.15867,0.15879,0.1501,0.15262,104628649.929292
1750543200000,0.15262,0.15449,0.15246,0.15385,21453928.124693
1750546800000,0.15386,0.15469,0.15131,0.15449,43712042.277994
1750550400000,0.15449,0.1577,0.15377,0.15696,63254121.375734
1750554000000,0.15695,0.15732,0.15456,0.1547,22055739.827958
1750557600000,0.15472,0.15595,0.15255,0.15414,40585852.166395
1750561200000,0.15416,0.15537,0.15373,0.15464,18743198.768291
1750564800000,0.15466,0.15642,0.15425,0.15612,14468535.892283
1750568400000,0.1561,0.15705,0.15576,0.15656,12929567.86911
1750572000000,0.15659,0.15729,0.15629,0.15698,13200156.544792
1750575600000,0.15699,0.15728,0.15601,0.15626,19219222.431398
1750579200000,0.15632,0.15686,0.15566,0.15652,7189655.247697
1750582800000,0.15654,0.15716,0.15368,0.15381,30238997.568909
1750586400000,0.15384,0.15574,0.15359,0.15501,15931577.062343
1750590000000,0.15504,0.15644,0.15492,0.15559,10228452.00111
1750593600000,0.15559,0.15635,0.15414,0.1554,18458273.631324
1750597200000,0.15537,0.15585,0.1467,0.14903,190069204.899516
1750600800000,0.14903,0.14992,0.14526,0.14867,125289849.112977
1750604400000,0.14867,0.14939,0.14595,0.14623,51369367.296226
1750608000000,0.14623,0.14858,0.1456,0.14845,68256024.63322
1750611600000,0.14841,0.15032,0.148,0.14993,49838284.80185
1750615200000,0.14991,0.15054,0.14841,0.14869,32263250.151332
1750618800000,0.1487,0.14895,0.14712,0.14742,18573489.430102
1750622400000,0.14745,0.14881,0.14266,0.14809,92107251.112257
1750626000000,0.14816,0.14899,0.14587,0.14631,23404945.483397
1750629600000,0.14634,0.15094,0.14624,0.15091,45551537.845842
1750633200000,0.15091,0.15181,0.15031,0.15129,36549053.804977
1750636800000,0.15129,0.15308,0.15093,0.1515,31733482.327336
1750640400000,0.1515,0.15259,0.15061,0.15252,16622499.044026
1750644000000,0.15254,0.1527,0.15185,0.15251,33411557.109673
1750647600000,0.15251,0.15303,0.15201,0.15216,11133434.726699
1750651200000,0.15219,0.15337,0.15189,0.15274,10715465.380624
1750654800000,0.15279,0.15471,0.15263,0.15428,25061549.674132
1750658400000,0.15428,0.15486,0.15368,0.15438,23427371.596751
1750662000000,0.15439,0.155,0.15348,0.15379,19739500.839757
1750665600000,0.1538,0.15453,0.153,0.15342,16092096.536902
1750669200000,0.15341,0.15345,0.15238,0.15275,16253398.355689
1750672800000,0.15276,0.15284,0.15131,0.15194,13985316.784556
1750676400000,0.15194,0.15227,0.15118,0.15219,10575452.361989
1750680000000,0.1522,0.15409,0.15163,0.154,22436679.309697
1750683600000,0.15399,0.15576,0.151,0.15538,73414755.381281
1750687200000,0.15539,0.15658,0.15338,0.15378,59356497.730292
1750690800000,0.1538,0.15521,0.15217,0.15244,26075253.360767
1750694400000,0.15244,0.15266,0.14858,0.15053,62159953.101193
1750698000000,0.15054,0.15558,0.15003,0.15546,59227661.986458
1750701600000,0.15546,0.15769,0.15517,0.15633,39308078.856639
1750705200000,0.15631,0.15786,0.15618,0.1572,19778912.257368
1750708800000,0.1572,0.16025,0.15684,0.15885,31618453.653702
1750712400000,0.15889,0.1594,0.15817,0.15868,18463342.477957
1750716000000,0.15869,0.16505,0.15869,0.16462,98942014.039021
1750719600000,0.16463,0.16523,0.16355,0.16376,41936004.911427
1750723200000,0.16377,0.16444,0.16226,0.16301,26881500.42065
1750726800000,0.16302,0.16398,0.16276,0.16336,13288713.51303
1750730400000,0.16336,0.16343,0.16181,0.16215,19767818.113166
1750734000000,0.16215,0.16322,0.16207,0.16293,15174883.373877
1750737600000,0.16292,0.16351,0.16246,0.16315,22032454.459154
1750741200000,0.16316,0.16684,0.16306,0.16673,34004963.733686
1750744800000,0.16672,0.16764,0.16572,0.16677,33488175.070469
1750748400000,0.16678,0.16688,0.16257,0.16313,56415135.686
1750752000000,0.16313,0.1641,0.16224,0.16352,26092513.682099
1750755600000,0.16352,0.16534,0.16302,0.16358,22114030.293596
1750759200000,0.16358,0.16403,0.16309,0.1638,10918835.073323
1750762800000,0.1638,0.16407,0.1625,0.1636,16702321.817409
1750766400000,0.16361,0.16399,0.16256,0.16295,13917774.13791
1750770000000,0.16297,0.1636,0.16167,0.16277,26941021.525304
1750773600000,0.16275,0.16456,0.16256,0.16374,28950192.847644
1750777200000,0.1638,0.1648,0.1627,0.16356,24827579.964139
1750780800000,0.16359,0.1665,0.16334,0.16638,39053726.753844
1750784400000,0.16636,0.16653,0.16372,0.16476,27376434.855724
1750788000000,0.16477,0.16503,0.16323,0.16391,11743786.258492
1750791600000,0.16392,0.16455,0.16268,0.16368,13955748.969354
1750795200000,0.16365,0.16537,0.1635,0.16523,8535001.743742
1750798800000,0.1652,0.16527,0.16432,0.16523,5772142.074538
1750802400000,0.16515,0.1653,0.16419,0.16516,5424009.437805
1750806000000,0.16515,0.16578,0.16451,0.16573,7784478.140234
1750809600000,0.16574,0.16652,0.16452,0.16616,16177294.194637
1750813200000,0.16615,0.16633,0.16487,0.16595,13817998.071722
1750816800000,0.16596,0.16704,0.16585,0.16634,21268540.001871
1750820400000,0.16629,0.16644,0.16533,0.16535,7307106.017709
1750824000000,0.16534,0.16554,0.16427,0.16476,11476639.969285
1750827600000,0.1648,0.16546,0.1646,0.16509,5645155.8675
1750831200000,0.16507,0.16672,0.16472,0.16665,14363410.622195
1750834800000,0.16658,0.16747,0.16603,0.16632,15743676.73049
1750838400000,0.16632,0.16656,0.16469,0.16558,16566436.657257
1750842000000,0.16559,0.16654,0.16454,0.16511,12715402.587145
1750845600000,0.16511,0.16601,0.1647,0.16523,10067450.740341
1750849200000,0.16526,0.16568,0.1642,0.16559,10726162.338372
1750852800000,0.1656,0.16562,0.1644,0.16509,9201443.667878
1750856400000,0.16505,0.16768,0.16457,0.1667,31202438.468969
1750860000000,0.16671,0.16713,0.16323,0.16485,36003187.392232
1750863600000,0.16486,0.165,0.16255,0.16297,15303449.031404
1750867200000,0.16298,0.16464,0.16294,0.1638,11057440.769334
1750870800000,0.1638,0.16623,0.16345,0.16584,14957962.640982
1750874400000,0.16582,0.16586,0.16461,0.16496,5470519.038135
1750878000000,0.16494,0.16655,0.16492,0.16601,12819529.836602
1750881600000,0.166,0.16645,0.16538,0.16633,4150477.034414
1750885200000,0.16635,0.1669,0.16521,0.1654,7231776.102326
1750888800000,0.16543,0.16545,0.16405,0.16431,27542269.487354
1750892400000,0.1643,0.1647,0.16351,0.16458,10679982.361096
1750896000000,0.16462,0.16549,0.16438,0.16463,7290834.850885
1750899600000,0.16464,0.16666,0.16394,0.16563,18663205.147778
1750903200000,0.16566,0.16672,0.16487,0.16649,28381225.344848
1750906800000,0.16649,0.1681,0.16564,0.16592,27469215.375481
1750910400000,0.16596,0.16605,0.16472,0.16544,9993633.13322
1750914000000,0.16544,0.16544,0.1639,0.16432,28489168.099937
1750917600000,0.16431,0.16533,0.16401,0.1647,7405088.706853
1750921200000,0.16465,0.16568,0.16425,0.16488,15624560.453981
1750924800000,0.16487,0.16549,0.16421,0.16425,6988004.844654
1750928400000,0.16428,0.16449,0.16237,0.16246,22641944.343855
1750932000000,0.16247,0.16298,0.1615,0.16224,18107690.59533
1750935600000,0.16225,0.16225,0.1611,0.1616,13856582.399707
1750939200000,0.1616,0.16188,0.16014,0.16038,19633899.236118
1750942800000,0.16039,0.16073,0.15821,0.15862,41279493.166953
1750946400000,0.15861,0.16089,0.15789,0.15999,25822881.26001
1750950000000,0.16002,0.16067,0.15857,0.16012,18398883.231299
1750953600000,0.16009,0.16023,0.15918,0.15951,10792974.404385
1750957200000,0.15952,0.16043,0.1595,0.1598,8843487.665938
1750960800000,0.15984,0.16084,0.15963,0.16023,10597642.556508
1750964400000,0.16023,0.16134,0.15984,0.16101,5879244.343591
1750968000000,0.16098,0.16374,0.16077,0.16219,13072984.153466
1750971600000,0.16219,0.16226,0.15915,0.16042,18328828.198711
1750975200000,0.1604,0.16102,0.1593,0.15943,4995907.84307
1750978800000,0.15946,0.16026,0.15935,0.16001,5275948.203058
1750982400000,0.16002,0.16068,0.15892,0.15906,9896955.907917
1750986000000,0.15907,0.16143,0.15803,0.16098,18749424.764766
1750989600000,0.16104,0.16264,0.1608,0.16233,10796738.119904
1750993200000,0.16235,0.16269,0.16171,0.16221,9972759.259445
1750996800000,0.16218,0.16221,0.16146,0.16184,6869715.329766
1751000400000,0.16185,0.16263,0.16059,0.16063,9582337.317444
1751004000000,0.16064,0.16163,0.16047,0.16139,7695617.979382
1751007600000,0.16137,0.16239,0.16056,0.16078,7801606.111539
1751011200000,0.16079,0.16212,0.16078,0.16157,10939791.066508
1751014800000,0.16157,0.16189,0.161,0.16164,7228993.333091
1751018400000,0.16166,0.1618,0.16077,0.16077,6369916.532175
1751022000000,0.16077,0.1613,0.16018,0.16054,5940076.534056
1751025600000,0.16054,0.16134,0.15937,0.15963,8804424.506494
1751029200000,0.1596,0.1599,0.15824,0.15951,22083421.395498
1751032800000,0.15951,0.16019,0.15838,0.15877,12518136.504986
1751036400000,0.15878,0.16172,0.15861,0.1611,16467141.742056
1751040000000,0.16111,0.16311,0.16056,0.16147,33139736.461528
1751043600000,0.16146,0.16164,0.159,0.15964,18345382.845372
1751047200000,0.1596,0.15967,0.15703,0.15756,18192553.944944
1751050800000,0.15752,0.15951,0.15738,0.15918,12045468.521292
1751054400000,0.15916,0.16062,0.15893,0.16059,6114417.223909
1751058000000,0.16063,0.16161,0.16012,0.16084,7973996.391796
1751061600000,0.16086,0.16155,0.16086,0.16137,4994171.77135
1751065200000,0.16133,0.16138,0.16055,0.16101,7365808.399788
1751068800000,0.16104,0.16136,0.16066,0.16092,4851922.239366
1751072400000,0.16093,0.16195,0.16039,0.16186,9487888.415783
1751076000000,0.16188,0.16242,0.16163,0.16164,6517693.324709
1751079600000,0.16164,0.16209,0.1615,0.16204,3982998.79656
1751083200000,0.16204,0.16209,0.16158,0.16168,5136742.914019
1751086800000,0.16168,0.16223,0.16168,0.16171,6738990.312176
1751090400000,0.16173,0.1626,0.16173,0.16258,5763736.489318
1751094000000,0.16259,0.16338,0.16236,0.16323,8337389.135927
1751097600000,0.16326,0.16344,0.16258,0.16276,8390604.563359
1751101200000,0.16276,0.16342,0.16242,0.16306,11413065.85367
1751104800000,0.16306,0.16327,0.16242,0.16251,7534177.850427
1751108400000,0.16253,0.16278,0.16208,0.1622,5372009.799738
1751112000000,0.1622,0.16231,0.16179,0.16184,9706964.974483
1751115600000,0.16184,0.16199,0.16129,0.16152,6540465.454831
1751119200000,0.16152,0.16245,0.16152,0.16228,6511978.117024
1751122800000,0.16228,0.16325,0.16192,0.16292,9009496.495056
1751126400000,0.16292,0.16366,0.16245,0.16258,11700281.841866
1751130000000,0.16257,0.165,0.16255,0.16469,14045790.200944
1751133600000,0.1647,0.1648,0.16343,0.16414,9837073.012787
1751137200000,0.16415,0.16446,0.16355,0.16362,6469209.223358
1751140800000,0.1636,0.16368,0.16312,0.16312,3152296.129282
1751144400000,0.16315,0.16442,0.16314,0.1643,4947870.652717
1751148000000,0.16429,0.16463,0.16402,0.16431,6403580.934252
1751151600000,0.16432,0.1644,0.16354,0.16365,2523542.859239
1751155200000,0.16366,0.16431,0.16342,0.16403,5594341.652821
1751158800000,0.16404,0.16408,0.16341,0.16354,2723854.454857
1751162400000,0.16356,0.16357,0.16266,0.16318,7474231.205002
1751166000000,0.16321,0.16329,0.1626,0.16271,5333020.944731
1751169600000,0.16272,0.16305,0.16261,0.16296,2618710.720616
1751173200000,0.16296,0.16366,0.1626,0.16361,3734541.660396
1751176800000,0.16362,0.1641,0.16356,0.16402,4548045.588714
1751180400000,0.16404,0.16405,0.16348,0.16392,2913826.649204
1751184000000,0.16394,0.16462,0.16362,0.16439,9437330.187836
1751187600000,0.16439,0.16516,0.16398,0.16443,12533972.28539
1751191200000,0.16443,0.1651,0.16398,0.16441,7500148.355444
1751194800000,0.16441,0.16461,0.16386,0.1646,9493238.549081
1751198400000,0.16461,0.16477,0.16394,0.16455,8430834.987608
1751202000000,0.16456,0.16509,0.1643,0.16458,8247272.742649
1751205600000,0.16458,0.16512,0.1634,0.1637,10729875.388538
1751209200000,0.1637,0.16391,0.16324,0.16339,4983547.886645
1751212800000,0.16337,0.16442,0.16319,0.16417,6090950.480422
1751216400000,0.16415,0.16435,0.16341,0.16415,2909237.390081
1751220000000,0.16415,0.16487,0.16386,0.16464,4226838.281743
1751223600000,0.16463,0.16475,0.16406,0.16415,4607727.379652
1751227200000,0.16415,0.16428,0.16382,0.16382,2027092.514287
1751230800000,0.16384,0.16472,0.16327,0.1645,3953593.288211
1751234400000,0.16452,0.17,0.16448,0.16929,49189883.710762
1751238000000,0.16932,0.17004,0.16832,0.16945,31522079.080463
1751241600000,0.16945,0.16993,0.16879,0.16975,35790628.279764
1751245200000,0.16977,0.16977,0.16844,0.16875,14776854.751054
1751248800000,0.16876,0.16895,0.16744,0.16755,15345076.077707
1751252400000,0.16755,0.16775,0.16671,0.16748,17328278.232277
1751256000000,0.16749,0.168,0.16663,0.16673,15620181.767425
1751259600000,0.16673,0.16727,0.16661,0.16711,7684144.117376
1751263200000,0.16712,0.16724,0.16431,0.16508,25471657.430989
1751266800000,0.16508,0.16611,0.16469,0.16583,14130052.880663
1751270400000,0.16583,0.16608,0.16503,0.16521,6776219.259471
1751274000000,0.16523,0.16601,0.1647,0.16476,7712951.288926
1751277600000,0.16477,0.16526,0.16454,0.16473,9279667.892329
1751281200000,0.16473,0.16552,0.1646,0.1648,5886091.584052
1751284800000,0.1648,0.16528,0.16373,0.16407,11253527.042016
1751288400000,0.16406,0.16529,0.16371,0.16393,14729308.678998
1751292000000,0.16395,0.16485,0.16284,0.16326,31006878.172081
1751295600000,0.16329,0.16584,0.16219,0.16495,43170830.930442
1751299200000,0.16495,0.16546,0.1642,0.16529,13296372.953449
1751302800000,0.1653,0.1658,0.16492,0.16527,13902561.20157
1751306400000,0.16529,0.16618,0.16427,0.16459,11470477.502965
1751310000000,0.16459,0.16787,0.16457,0.16755,19338240.453662
1751313600000,0.16755,0.16793,0.16671,0.16685,7260453.842481
1751317200000,0.16686,0.16698,0.16511,0.16565,7653963.157077
1751320800000,0.16565,0.16613,0.16502,0.16512,11735011.241929
1751324400000,0.16512,0.16565,0.16477,0.16515,10129383.323609
1751328000000,0.16515,0.16597,0.16437,0.1654,9072638.963706
1751331600000,0.1654,0.16632,0.16503,0.16516,8227427.550427
1751335200000,0.16516,0.16566,0.16409,0.16422,6848922.469257
1751338800000,0.16425,0.16499,0.16403,0.16494,3800020.324793
1751342400000,0.16495,0.16495,0.16316,0.16316,7960667.749209
1751346000000,0.16317,0.16346,0.16212,0.16275,21829888.958205
1751349600000,0.16273,0.16315,0.1623,0.16297,7352947.570537
1751353200000,0.163,0.16308,0.16118,0.16256,13482386.34293
1751356800000,0.16255,0.16255,0.16078,0.16093,15352344.21181
1751360400000,0.16092,0.16144,0.16065,0.16134,12723089.55514
1751364000000,0.16135,0.16176,0.16109,0.16158,7385126.259483
1751367600000,0.16156,0.16177,0.16073,0.16084,6570039.196954
1751371200000,0.16085,0.16116,0.15989,0.16007,11492953.105127
1751374800000,0.16007,0.1604,0.15864,0.15996,20480426.877403
1751378400000,0.15998,0.16075,0.15846,0.15943,28289613.495804
1751382000000,0.15939,0.16004,0.15896,0.15936,11973211.386746
1751385600000,0.15939,0.15992,0.15889,0.15947,13650485.964137
1751389200000,0.15947,0.1597,0.15884,0.15946,6162972.276465
1751392800000,0.15949,0.15952,0.15745,0.15799,12639055.482692
1751396400000,0.15796,0.15876,0.15759,0.15797,7567750.346834
1751400000000,0.15798,0.15871,0.15715,0.15846,6089084.411481
1751403600000,0.15844,0.15895,0.15791,0.15839,5091014.763068
1751407200000,0.15837,0.15837,0.15755,0.15764,5614008.421047
1751410800000,0.15764,0.15781,0.15667,0.15781,14037112.558934
1751414400000,0.15781,0.15847,0.15768,0.15776,13191923.640528
1751418000000,0.15777,0.15881,0.15652,0.15874,11962201.673074
1751421600000,0.15875,0.15902,0.15814,0.1585,6084783.784904
1751425200000,0.15853,0.15957,0.15842,0.15945,11042622.587476
1751428800000,0.15946,0.16049,0.15914,0.16049,8859913.829744
1751432400000,0.16047,0.16088,0.16006,0.16075,12546595.255636
1751436000000,0.16075,0.16151,0.16041,0.16147,8725910.955889
1751439600000,0.16148,0.16173,0.1608,0.16084,8568498.075693
1751443200000,0.16083,0.16192,0.16083,0.16143,11287615.759965
1751446800000,0.16144,0.16163,0.16084,0.16103,12548449.112021
1751450400000,0.16104,0.16176,0.16082,0.16174,6998869.627245
1751454000000,0.16175,0.16225,0.161,0.16115,6931002.822154
1751457600000,0.16116,0.16125,0.16004,0.16049,10066489.982242
1751461200000,0.16049,0.16251,0.16039,0.16192,15995795.083727
1751464800000,0.16191,0.16386,0.16186,0.1635,29424108.599352
1751468400000,0.16351,0.16597,0.16339,0.16579,25200961.838601
1751472000000,0.16579,0.17265,0.16574,0.17184,207926925.923806
1751475600000,0.17187,0.17264,0.16852,0.17009,81194629.707674
1751479200000,0.1701,0.17186,0.1701,0.17143,22549939.804164
1751482800000,0.17144,0.17164,0.17012,0.17098,17106640.742228
1751486400000,0.17097,0.17221,0.17078,0.17112,24313231.262848
1751490000000,0.17112,0.17199,0.17096,0.17151,14958027.328173
1751493600000,0.17152,0.17233,0.17066,0.17072,11389710.638885
1751497200000,0.17071,0.17084,0.16831,0.1687,21773908.249806
1751500800000,0.1687,0.16962,0.16742,0.16864,31261117.665028
1751504400000,0.1686,0.16992,0.16804,0.16978,11741806.252781
1751508000000,0.16983,0.16989,0.16817,0.16886,9513740.800503
1751511600000,0.16888,0.16941,0.16843,0.16862,6294150.007065
1751515200000,0.16863,0.17025,0.16841,0.17018,12128466.497735
1751518800000,0.17018,0.17457,0.17018,0.17401,67504606.979296
1751522400000,0.17398,0.17462,0.17318,0.1743,23463557.093929
1751526000000,0.17427,0.17509,0.17337,0.17451,30927323.890402
1751529600000,0.1745,0.17468,0.17374,0.17374,14869706.919847
1751533200000,0.17374,0.17538,0.17367,0.17476,22824513.721472
1751536800000,0.17479,0.17492,0.17332,0.174,21706772.08399
1751540400000,0.17401,0.1743,0.17278,0.17365,21366810.23388
1751544000000,0.17363,0.17516,0.17069,0.172,65886955.926973
1751547600000,0.17197,0.17514,0.17152,0.17452,44234285.517351
1751551200000,0.17453,0.17503,0.17243,0.17301,31565305.519584
1751554800000,0.17301,0.17324,0.16933,0.16963,39671281.484192
1751558400000,0.16962,0.17118,0.16901,0.17069,33426935.906823
1751562000000,0.1707,0.17133,0.17063,0.17091,11076684.664006
1751565600000,0.17092,0.17185,0.1709,0.17167,6405964.399733
1751569200000,0.17169,0.17222,0.17149,0.1718,8723323.548243
1751572800000,0.17183,0.1727,0.1718,0.17243,4784553.824819
1751576400000,0.17246,0.17282,0.172,0.17229,7152016.757271
1751580000000,0.17229,0.17267,0.17201,0.17261,4695761.273969
1751583600000,0.17261,0.17274,0.17181,0.17199,5126489.558991
1751587200000,0.17199,0.17243,0.17106,0.17149,7065421.221364
1751590800000,0.17152,0.17295,0.1714,0.17236,8290199.491662
1751594400000,0.17237,0.17268,0.17016,0.17064,17842343.650751
1751598000000,0.17067,0.17125,0.17035,0.17081,6166067.763334
1751601600000,0.17084,0.17118,0.16937,0.16941,13033322.660171
1751605200000,0.16942,0.17028,0.16909,0.16976,14299256.180043
1751608800000,0.16977,0.16977,0.16803,0.1686,24965205.76008
1751612400000,0.1686,0.16913,0.16641,0.16658,21401264.385003
1751616000000,0.16659,0.16701,0.16486,0.16683,30271502.89692
1751619600000,0.16684,0.16758,0.16674,0.16733,10713877.379208
1751623200000,0.16733,0.1678,0.16647,0.16663,9116109.038749
1751626800000,0.16662,0.16725,0.16642,0.16669,5878550.696887
1751630400000,0.16668,0.16731,0.16627,0.16678,3651471.369922
1751634000000,0.16677,0.16728,0.16429,0.16436,28032656.856352
1751637600000,0.16435,0.16507,0.16328,0.16431,30035477.017857
1751641200000,0.16431,0.16444,0.16264,0.16321,26083139.114507
1751644800000,0.16318,0.16339,0.16127,0.16234,59994168.929093
1751648400000,0.16235,0.16295,0.16197,0.16287,37611546.107939
1751652000000,0.16288,0.16288,0.16175,0.16199,29100077.471852
1751655600000,0.16201,0.16253,0.16142,0.162,15917684.411005
1751659200000,0.162,0.16286,0.16179,0.16262,11864156.843354
1751662800000,0.16262,0.16289,0.1621,0.16281,9274118.158
1751666400000,0.16281,0.16433,0.16264,0.16411,35478388.368586
1751670000000,0.16412,0.16412,0.16255,0.16291,8324857.369938
1751673600000,0.16291,0.16385,0.16282,0.16337,8185571.893202
1751677200000,0.16337,0.16361,0.16278,0.16326,10456637.994457
1751680800000,0.16326,0.16334,0.16195,0.16314,9392132.940688
1751684400000,0.16314,0.16468,0.16314,0.16439,25562533.814936
1751688000000,0.16439,0.16479,0.16358,0.16361,6837148.651499
1751691600000,0.16362,0.16442,0.1633,0.16436,5094445.25198
1751695200000,0.16436,0.16496,0.16399,0.1649,6406251.620318
1751698800000,0.16491,0.16507,0.16415,0.16443,8064615.251495
1751702400000,0.16444,0.16504,0.1635,0.16396,7398107.249575
1751706000000,0.16397,0.16452,0.16319,0.1644,7617744.471831
1751709600000,0.16443,0.16452,0.16387,0.16387,3108239.783139
1751713200000,0.1639,0.16471,0.16389,0.16408,4700711.680444
1751716800000,0.1641,0.16427,0.1634,0.16426,4999599.971793
1751720400000,0.16425,0.16449,0.16361,0.16376,2899639.766102
1751724000000,0.16376,0.16412,0.16319,0.1637,6249956.986277
1751727600000,0.1637,0.16375,0.16286,0.16302,5884159.241771
1751731200000,0.16303,0.16371,0.16242,0.16327,14055390.460789
1751734800000,0.16327,0.16372,0.16253,0.16341,5076449.347817
1751738400000,0.16342,0.16349,0.16218,0.16251,3748477.212567
1751742000000,0.16255,0.16362,0.16236,0.16341,3485096.369063
1751745600000,0.16342,0.16433,0.16323,0.1642,2451683.587984
1751749200000,0.16424,0.1644,0.16393,0.16429,4454403.628978
1751752800000,0.16424,0.16455,0.16395,0.16439,3336079.608004
1751756400000,0.16439,0.16472,0.16411,0.16421,3719672.746107
1751760000000,0.16422,0.16446,0.16382,0.16444,5722987.540032
1751763600000,0.16441,0.1645,0.16399,0.16423,4740283.407677
1751767200000,0.16422,0.16441,0.16344,0.16347,7019072.748911
1751770800000,0.16348,0.16384,0.16332,0.16378,4747482.475674
1751774400000,0.16379,0.16398,0.16347,0.16362,3189665.867704
1751778000000,0.16362,0.16364,0.16319,0.1633,1831751.795217
1751781600000,0.16332,0.16427,0.16311,0.16386,7599234.882614
1751785200000,0.16387,0.1643,0.16375,0.16379,6434615.731004
1751788800000,0.1638,0.16407,0.16312,0.16382,7937789.096039
1751792400000,0.16381,0.16401,0.16336,0.16338,5351510.230955
1751796000000,0.16338,0.16489,0.16325,0.16453,13318375.703018
1751799600000,0.16454,0.16552,0.16384,0.16547,17990101.408941
1751803200000,0.16548,0.16751,0.16502,0.16692,23213798.545796
1751806800000,0.16692,0.17516,0.16632,0.173,120843354.636516
1751810400000,0.17301,0.17399,0.16888,0.17052,64071253.843293
1751814000000,0.17053,0.17122,0.16941,0.17014,41467695.971548
1751817600000,0.17016,0.17108,0.17016,0.17095,18480779.194842
1751821200000,0.17096,0.171,0.17011,0.17061,7467021.149354
1751824800000,0.17061,0.17066,0.16741,0.16868,26967516.367937
1751828400000,0.16867,0.16945,0.16859,0.16943,6061187.937224
1751832000000,0.16944,0.17087,0.16943,0.17042,9364387.979442
1751835600000,0.17042,0.17376,0.17042,0.17195,38463101.926163
1751839200000,0.17196,0.17345,0.17196,0.17301,25930620.169664
1751842800000,0.17306,0.17316,0.17117,0.17194,28250368.843657
1751846400000,0.17194,0.17217,0.17068,0.17115,15511033.792859
1751850000000,0.17115,0.1718,0.17013,0.17161,12962287.849455
1751853600000,0.17161,0.17437,0.17161,0.17303,35223452.641096
1751857200000,0.17304,0.1772,0.17294,0.17502,65013311.694867
1751860800000,0.17502,0.17592,0.17407,0.17412,20209164.100004
1751864400000,0.17413,0.1745,0.17308,0.17326,15950452.588165
1751868000000,0.17327,0.17434,0.17236,0.17253,25031586.653518
1751871600000,0.17254,0.1734,0.17177,0.17325,27598946.65936
1751875200000,0.17323,0.17336,0.17226,0.1727,13814389.301685
1751878800000,0.17267,0.17267,0.17118,0.17128,11130998.985666
1751882400000,0.17127,0.1717,0.17069,0.17124,27553417.160904
1751886000000,0.17125,0.1715,0.17045,0.17093,11455696.212905
1751889600000,0.17093,0.17097,0.16916,0.16955,26882541.376755
1751893200000,0.16956,0.171,0.1689,0.1708,66359287.445011
1751896800000,0.17076,0.17088,0.1678,0.16853,36053512.341146
1751900400000,0.16854,0.16931,0.168,0.16857,17366821.762373
1751904000000,0.16857,0.16914,0.16706,0.16715,40881136.649248
1751907600000,0.16714,0.16831,0.16621,0.16726,21708031.666853
1751911200000,0.16727,0.16784,0.1664,0.16782,14265376.409052
1751914800000,0.1678,0.16885,0.16743,0.16795,21668502.936762
1751918400000,0.16793,0.16793,0.16621,0.16689,9021782.072121
1751922000000,0.16691,0.16746,0.16566,0.16716,21454537.358548
1751925600000,0.16717,0.16734,0.16635,0.16697,6287199.363914
1751929200000,0.16697,0.16812,0.16682,0.16794,10958334.861039
1751932800000,0.16795,0.16878,0.16732,0.16771,24888703.951798
1751936400000,0.16772,0.16772,0.16647,0.16671,12018456.907646
1751940000000,0.16674,0.16739,0.16591,0.1665,29674381.429042
1751943600000,0.16649,0.16828,0.16645,0.16794,12145345.029838
1751947200000,0.16795,0.16803,0.1673,0.16771,9617169.959856
1751950800000,0.16776,0.16838,0.1674,0.16829,8349129.89011
1751954400000,0.16827,0.16851,0.16764,0.16817,11050178.372086
1751958000000,0.16816,0.16899,0.16742,0.1688,11821355.504764
1751961600000,0.16881,0.16994,0.16826,0.16826,22466891.272852
1751965200000,0.16826,0.16906,0.168,0.16873,9990906.459854
1751968800000,0.16876,0.17023,0.1686,0.16966,16950566.809894
1751972400000,0.16966,0.17193,0.16952,0.17093,29813414.415248
1751976000000,0.17094,0.1719,0.17063,0.17175,13148050.136486
1751979600000,0.17175,0.1718,0.17003,0.17069,23791520.62771
1751983200000,0.17068,0.17076,0.1683,0.16876,28909094.799813
1751986800000,0.16878,0.17008,0.16858,0.16925,11677037.223174
1751990400000,0.16926,0.17043,0.16857,0.1699,16534054.950775
1751994000000,0.1699,0.17199,0.16978,0.17123,27224925.670984
1751997600000,0.17122,0.17161,0.17064,0.17135,10459817.765396
1752001200000,0.17135,0.17135,0.17013,0.1707,10496318.509623
1752004800000,0.17068,0.17082,0.16987,0.1699,7385471.588817
1752008400000,0.16989,0.17102,0.16988,0.17063,11565520.238083
1752012000000,0.17062,0.17128,0.17048,0.17126,19146369.971232
1752015600000,0.17127,0.17127,0.17062,0.17091,7172905.855796
1752019200000,0.17092,0.17097,0.16997,0.17056,7554360.534073
1752022800000,0.17058,0.17149,0.16993,0.17061,9521884.429622
1752026400000,0.17065,0.17193,0.17045,0.17159,24722268.3436
1752030000000,0.17162,0.17244,0.17018,0.17049,27501865.10382
1752033600000,0.17047,0.17124,0.1702,0.17123,9955978.523127
1752037200000,0.17124,0.17362,0.17068,0.17226,53958578.973007
1752040800000,0.17228,0.17274,0.17163,0.17248,19779305.11247
1752044400000,0.17248,0.17254,0.17166,0.17189,11183303.786258
1752048000000,0.17191,0.17208,0.17129,0.17145,10396017.796438
1752051600000,0.17146,0.17189,0.17112,0.17169,12302070.969028
1752055200000,0.1717,0.17255,0.17151,0.17249,10141781.868908
1752058800000,0.1725,0.17382,0.17249,0.17324,30603471.426906
1752062400000,0.17326,0.17478,0.17297,0.17372,45884517.82572
1752066000000,0.17371,0.17465,0.17282,0.173,22445469.446317
1752069600000,0.173,0.17371,0.17123,0.17229,46418792.929569
1752073200000,0.17228,0.17348,0.17207,0.17302,24277437.437226
1752076800000,0.17304,0.1739,0.17288,0.17359,19219603.387764
1752080400000,0.17358,0.1739,0.17225,0.17276,13770244.269042
1752084000000,0.17277,0.17443,0.17241,0.17256,43322782.354117
1752087600000,0.17256,0.17773,0.17248,0.17694,67399992.804405
1752091200000,0.17695,0.18676,0.17522,0.1818,230071914.075481
1752094800000,0.1818,0.18296,0.18066,0.18093,47902318.840252
1752098400000,0.18091,0.18244,0.18091,0.18207,25661810.747569
1752102000000,0.18205,0.18237,0.18053,0.18055,20990596.904472
1752105600000,0.18055,0.18174,0.17873,0.17878,38272168.436082
1752109200000,0.1788,0.18116,0.1788,0.18089,18736101.853748
1752112800000,0.18093,0.18158,0.1805,0.181,21425763.765391
1752116400000,0.18101,0.18138,0.17987,0.18032,19382937.722097
1752120000000,0.18031,0.18112,0.17941,0.18108,12712177.83087
1752123600000,0.1811,0.18135,0.18051,0.18081,10823593.683967
1752127200000,0.1808,0.18157,0.18017,0.18154,15060582.396826
1752130800000,0.18154,0.18246,0.18137,0.18169,35425513.545987
1752134400000,0.18169,0.18273,0.18151,0.18256,15553371.140271
1752138000000,0.18257,0.18269,0.18115,0.1813,15953988.461673
1752141600000,0.18132,0.18146,0.18045,0.18132,16769549.696051
1752145200000,0.18129,0.1813,0.18049,0.18064,9280709.81451
1752148800000,0.18064,0.18064,0.17963,0.18017,13357764.162334
1752152400000,0.18018,0.18106,0.1795,0.17988,23791414.698031
1752156000000,0.17989,0.18062,0.1789,0.18015,26937063.548787
1752159600000,0.18016,0.18082,0.1792,0.1806,16448538.231554
1752163200000,0.1806,0.18438,0.1802,0.18369,77597978.326626
1752166800000,0.1837,0.18662,0.18317,0.18612,59111738.773822
1752170400000,0.18615,0.18744,0.18399,0.18547,37567661.249506
1752174000000,0.18547,0.1867,0.18523,0.18579,18522066.43026
1752177600000,0.18576,0.18739,0.18575,0.18725,20842024.711597
1752181200000,0.18723,0.19323,0.18668,0.19178,128682710.537495
1752184800000,0.19178,0.19415,0.19137,0.19395,61632518.491586
1752188400000,0.19395,0.19647,0.193,0.19505,68318089.733146
1752192000000,0.19509,0.19557,0.19118,0.19266,53069228.256996
1752195600000,0.1927,0.19595,0.19244,0.19577,32842827.068957
1752199200000,0.19577,0.19924,0.19515,0.19893,50599003.069144
1752202800000,0.19893,0.19918,0.19707,0.19836,36661136.298141
1752206400000,0.19831,0.19882,0.19716,0.19846,54008165.269351
1752210000000,0.19847,0.20149,0.19803,0.19832,98784704.230578
1752213600000,0.19833,0.19993,0.19559,0.1966,50098543.002881
1752217200000,0.19661,0.19855,0.19503,0.19648,96061225.915866
1752220800000,0.19649,0.19805,0.19647,0.19763,25121156.370203
1752224400000,0.19764,0.19982,0.1971,0.19884,35739840.30165
1752228000000,0.19884,0.20046,0.1981,0.19937,44100327.121169
1752231600000,0.19939,0.20035,0.19794,0.19898,26743856.889394
1752235200000,0.199,0.20141,0.1979,0.2006,48373586.995382
1752238800000,0.20061,0.2045,0.19871,0.20272,108023155.408162
1752242400000,0.20274,0.20688,0.20117,0.2044,107263299.977806
1752246000000,0.20438,0.2094,0.20027,0.2012,136740558.025536
1752249600000,0.20121,0.20582,0.19938,0.20512,95126618.08514
1752253200000,0.20513,0.21256,0.20499,0.21084,136690783.786375
1752256800000,0.21083,0.21366,0.21073,0.21178,91447118.009989
1752260400000,0.21178,0.2131,0.2092,0.2117,60780058.043898
1752264000000,0.21171,0.21172,0.20593,0.20609,36634275.335896
1752267600000,0.20609,0.20703,0.20168,0.20279,64526970.229104
1752271200000,0.2028,0.2033,0.19624,0.20079,111651139.802522
1752274800000,0.20079,0.20273,0.19983,0.20103,42200479.373762
1752278400000,0.20106,0.20245,0.19771,0.19974,37925456.58711
1752282000000,0.19975,0.20321,0.1997,0.2025,25677189.944723
1752285600000,0.20251,0.20655,0.20213,0.20385,50229872.439184
1752289200000,0.20383,0.20545,0.20306,0.20397,17912887.543374
1752292800000,0.20395,0.20478,0.20118,0.20172,22394457.852448
1752296400000,0.20172,0.20285,0.20033,0.20169,34450204.333826
1752300000000,0.20169,0.20299,0.20064,0.20208,24579239.797548
1752303600000,0.20207,0.20281,0.20046,0.20125,26566012.164905
1752307200000,0.20125,0.20192,0.19917,0.20043,34326622.643103
1752310800000,0.2004,0.20236,0.19975,0.2022,22694050.244755
1752314400000,0.2022,0.20287,0.20108,0.20218,23511141.647179
1752318000000,0.20218,0.20272,0.2003,0.20054,28604600.686043
1752321600000,0.20051,0.20078,0.19359,0.19674,78433794.672194
1752325200000,0.19673,0.1969,0.19405,0.1969,42370690.881154
1752328800000,0.19691,0.19837,0.19542,0.19571,33565023.727406
1752332400000,0.1957,0.19619,0.19187,0.19316,62571307.84613
1752336000000,0.19315,0.19583,0.19181,0.19422,31466761.483295
1752339600000,0.19424,0.19754,0.19424,0.19732,20121162.503877
1752343200000,0.19731,0.19802,0.19668,0.19755,8416458.4149
1752346800000,0.19755,0.19828,0.19694,0.19746,12312140.578621
1752350400000,0.19746,0.19751,0.19418,0.19418,11810314.871681
1752354000000,0.19417,0.19691,0.19409,0.1965,12921680.092271
1752357600000,0.19649,0.19749,0.195,0.19724,9598444.976044
1752361200000,0.19729,0.19788,0.19598,0.1974,9694991.736578
1752364800000,0.19739,0.1989,0.19647,0.19739,19633084.39595
1752368400000,0.1974,0.19903,0.19673,0.19834,36813232.487417
1752372000000,0.19833,0.19942,0.19629,0.19839,14361278.002217
1752375600000,0.19837,0.19894,0.19756,0.19849,7708273.716204
1752379200000,0.1985,0.19921,0.19767,0.19906,15805704.752441
1752382800000,0.19907,0.19917,0.19743,0.19766,9977107.293285
1752386400000,0.19765,0.19985,0.1976,0.19876,16095829.708901
1752390000000,0.19878,0.19994,0.19826,0.19939,13544047.673229
1752393600000,0.19938,0.19939,0.19738,0.19784,12952268.234122
1752397200000,0.19784,0.19837,0.19644,0.19712,13520818.975218
1752400800000,0.19713,0.19799,0.19644,0.19686,8026754.627257
1752404400000,0.19687,0.19909,0.19682,0.19891,13900949.03634
1752408000000,0.19887,0.20151,0.19827,0.20064,24600645.0105
1752411600000,0.20067,0.20157,0.19891,0.20077,27594996.597869
1752415200000,0.20078,0.20409,0.20018,0.20114,82278427.27804
1752418800000,0.20114,0.20309,0.19903,0.20009,67467113.663205
1752422400000,0.2001,0.20143,0.1982,0.19888,34192429.175772
1752426000000,0.19885,0.201,0.19768,0.20074,21824361.010375
1752429600000,0.20075,0.20229,0.20028,0.2019,13955984.008686
1752433200000,0.20189,0.2034,0.20115,0.20124,12012448.247912
1752436800000,0.20123,0.20195,0.19981,0.201,11954169.028256
1752440400000,0.20101,0.20101,0.19657,0.19738,28307716.040981
1752444000000,0.19737,0.19808,0.19574,0.19715,28299082.605728
1752447600000,0.19714,0.19888,0.19657,0.19852,12849959.211177
1752451200000,0.19853,0.20005,0.19761,0.19874,19991154.438198
1752454800000,0.19874,0.19989,0.19786,0.19944,13522698.734988
1752458400000,0.19939,0.20282,0.19908,0.20128,43183384.828696
1752462000000,0.20128,0.20649,0.20081,0.20456,57786324.900835
1752465600000,0.2046,0.20825,0.20389,0.20804,44334510.454892
1752469200000,0.20803,0.21083,0.20328,0.20653,95211616.483099
1752472800000,0.20653,0.20705,0.20411,0.20643,35300500.191747
1752476400000,0.20642,0.20895,0.20626,0.20765,35916244.854465
1752480000000,0.20768,0.20784,0.20461,0.20681,51602871.367184
1752483600000,0.20683,0.20925,0.20576,0.20741,81412043.394952
1752487200000,0.20744,0.20775,0.20518,0.20672,35980916.504943
1752490800000,0.20672,0.20805,0.20503,0.20563,25682695.733874
1752494400000,0.20563,0.20637,0.20418,0.20571,17473484.29567
1752498000000,0.20571,0.20654,0.20328,0.20552,48066363.467512
1752501600000,0.20549,0.20705,0.20108,0.20283,59924171.009884
1752505200000,0.20284,0.20286,0.19772,0.19924,82169751.674531
1752508800000,0.19924,0.20161,0.19789,0.20141,47861260.501087
1752512400000,0.20144,0.20148,0.19859,0.19987,18791976.898989
1752516000000,0.19992,0.19999,0.19743,0.19788,19020560.843894
1752519600000,0.19788,0.19883,0.19715,0.19837,10780767.417853
1752523200000,0.19838,0.19838,0.19463,0.19762,40427771.186666
1752526800000,0.1976,0.1986,0.19707,0.19813,8392000.141728
1752530400000,0.19812,0.19831,0.19705,0.19796,12769009.135191
1752534000000,0.19795,0.19817,0.19645,0.19752,15482875.018287
1752537600000,0.19751,0.19845,0.19463,0.19519,25850226.512932
1752541200000,0.1952,0.1957,0.19233,0.19327,61608875.351063
1752544800000,0.19327,0.19411,0.19114,0.19252,56169311.854978
1752548400000,0.19248,0.19258,0.18849,0.1904,82325618.080043
1752552000000,0.19039,0.192,0.18867,0.19176,37303375.651824
1752555600000,0.19176,0.19255,0.19087,0.19153,20279870.441415
1752559200000,0.19153,0.19252,0.1907,0.19142,18670291.766173
1752562800000,0.19146,0.19223,0.19032,0.1907,14842220.549813
1752566400000,0.19075,0.19232,0.1896,0.19095,20465259.3109
1752570000000,0.19094,0.19235,0.19083,0.19096,13930538.165281
1752573600000,0.19096,0.19237,0.19092,0.19216,16212878.095337
1752577200000,0.19216,0.19278,0.19074,0.19202,20316255.900109
1752580800000,0.19205,0.19448,0.1902,0.19275,40885297.171581
1752584400000,0.19278,0.19565,0.19231,0.19471,54417038.03998
1752588000000,0.19472,0.19572,0.18937,0.18997,54809503.296824
1752591600000,0.19,0.19325,0.18945,0.19269,33633867.9441
1752595200000,0.19271,0.19543,0.19238,0.19458,29128681.575269
1752598800000,0.19457,0.19847,0.1943,0.19828,31465397.60654
1752602400000,0.1983,0.1985,0.19239,0.19419,44389054.110571
1752606000000,0.19417,0.19572,0.19161,0.19192,19766538.076509
1752609600000,0.19188,0.1939,0.19123,0.19331,22804764.168984
1752613200000,0.19331,0.19668,0.19307,0.19598,17500128.717142
1752616800000,0.19599,0.19672,0.19502,0.19664,13202460.109206
1752620400000,0.19664,0.19933,0.19664,0.19918,46548107.749093
1752624000000,0.19918,0.20226,0.19779,0.20126,39431842.954963
1752627600000,0.20128,0.20135,0.1993,0.2002,26407987.494182
1752631200000,0.20019,0.20052,0.19571,0.19732,45404763.834302
1752634800000,0.19734,0.19779,0.19656,0.19699,10840663.071053
1752638400000,0.197,0.19731,0.19553,0.19708,10724763.279095
1752642000000,0.19708,0.19865,0.19708,0.19767,19147421.089912
1752645600000,0.19765,0.19952,0.19684,0.19941,20408999.432864
1752649200000,0.19941,0.19987,0.19824,0.19906,17468668.827352
1752652800000,0.19905,0.20043,0.19834,0.20013,19165889.832649
1752656400000,0.20014,0.20209,0.20002,0.20147,45543815.14525
1752660000000,0.20148,0.20221,0.20058,0.20091,18867270.30531
1752663600000,0.20091,0.20191,0.20025,0.20073,16399217.770354
1752667200000,0.20076,0.20302,0.20051,0.20132,28897020.382422
1752670800000,0.20132,0.2023,0.20009,0.20111,30193006.358249
1752674400000,0.20108,0.20422,0.19929,0.20368,58373903.20699
1752678000000,0.20372,0.20677,0.2003,0.20326,84894103.131583
1752681600000,0.20326,0.2077,0.20233,0.20668,62112872.989106
1752685200000,0.20669,0.20833,0.20555,0.20704,42923832.038913
1752688800000,0.20708,0.21076,0.20707,0.20838,71760828.941882
1752692400000,0.2084,0.20939,0.20667,0.20876,34723746.194651
1752696000000,0.20876,0.2125,0.20849,0.21161,60114167.97108
1752699600000,0.21162,0.22068,0.21078,0.21624,112848980.627682
1752703200000,0.21622,0.21866,0.21345,0.2147,67636637.630354
1752706800000,0.2147,0.21537,0.21125,0.21267,50626551.894725
1752710400000,0.21268,0.21774,0.21181,0.21535,55753714.214789
1752714000000,0.21534,0.21708,0.20889,0.21164,69693075.700515
1752717600000,0.21164,0.21468,0.21122,0.21264,41650080.682467
1752721200000,0.21264,0.21274,0.20662,0.20818,59393177.108968
1752724800000,0.20817,0.21064,0.20738,0.21037,36347734.92722
1752728400000,0.21038,0.21222,0.20891,0.21213,34777759.197121
1752732000000,0.21214,0.214,0.21032,0.21248,57229529.005528
1752735600000,0.21248,0.21273,0.20966,0.21206,26942095.217215
1752739200000,0.21206,0.2135,0.21134,0.21337,21848398.036921
1752742800000,0.21336,0.21729,0.21272,0.21603,52417656.858314
1752746400000,0.21602,0.21698,0.21387,0.21504,37557666.295114
1752750000000,0.21505,0.21665,0.21272,0.21579,30397053.037574
1752753600000,0.21574,0.21862,0.21311,0.21681,57347019.598282
1752757200000,0.2168,0.21709,0.20934,0.21373,85110826.612224
1752760800000,0.21372,0.21483,0.21176,0.21401,36794751.739269
1752764400000,0.21403,0.21471,0.21009,0.21384,50055119.175691
1752768000000,0.21384,0.2151,0.20813,0.2114,69621552.56488
1752771600000,0.21143,0.21336,0.20968,0.21318,30939132.996405
1752775200000,0.2132,0.21579,0.2127,0.21498,30676601.497885
1752778800000,0.21499,0.21545,0.21077,0.21142,24808358.871129
1752782400000,0.21142,0.21231,0.20784,0.21144,49165180.570324
1752786000000,0.21145,0.21746,0.21125,0.21604,59858908.800422
1752789600000,0.21608,0.22233,0.21551,0.21936,71586513.756222
1752793200000,0.21933,0.22167,0.21713,0.21826,58844225.555284
1752796800000,0.21827,0.22575,0.21616,0.22422,89976220.835957
1752800400000,0.22423,0.23325,0.22369,0.23232,166793489.164808
1752804000000,0.23232,0.23242,0.22853,0.23102,66413895.285913
1752807600000,0.23111,0.23788,0.23021,0.23636,90919732.307185
1752811200000,0.23637,0.23766,0.23348,0.23572,44480531.532601
1752814800000,0.23575,0.245,0.23495,0.2445,151959843.854953
1752818400000,0.24449,0.24905,0.24083,0.24561,105569544.925105
1752822000000,0.24561,0.24642,0.23838,0.2389,125305817.55963
1752825600000,0.2389,0.24253,0.23567,0.23778,88598474.790306
1752829200000,0.23779,0.24087,0.236,0.24052,59119613.34256
1752832800000,0.24053,0.24217,0.23705,0.24147,64436582.852779
1752836400000,0.24147,0.24186,0.23718,0.24,51297970.606914
1752840000000,0.24001,0.24852,0.23902,0.24712,91066975.967407
1752843600000,0.24708,0.25235,0.24391,0.24867,142082401.316491
1752847200000,0.24865,0.25421,0.24,0.24331,201450230.12271
1752850800000,0.2433,0.24334,0.23426,0.23717,135116361.570922
1752854400000,0.23718,0.23876,0.23428,0.23714,68924625.793351
1752858000000,0.23716,0.24102,0.23532,0.23911,37275327.466093
1752861600000,0.23911,0.23952,0.23254,0.23436,35875939.97438
1752865200000,0.23434,0.23592,0.23133,0.23408,66439718.140024
1752868800000,0.23409,0.2342,0.22705,0.23175,86742154.045065
1752872400000,0.2317,0.23608,0.23127,0.23377,28025442.586901
1752876000000,0.23375,0.23645,0.23177,0.23359,25981510.752367
1752879600000,0.23359,0.23668,0.23147,0.23577,27148952.18732
1752883200000,0.23579,0.24262,0.23557,0.2384,80205505.813915
1752886800000,0.23841,0.24379,0.23625,0.24246,60570510.683279
1752890400000,0.24247,0.24489,0.23904,0.24369,47792049.093112
1752894000000,0.24368,0.252,0.24256,0.24929,92142118.898089
1752897600000,0.24928,0.257,0.24884,0.25438,143302071.484873
1752901200000,0.25438,0.25605,0.25126,0.25327,69692577.149685
1752904800000,0.25326,0.25494,0.25,0.25108,43143978.280335
1752908400000,0.25107,0.2551,0.25087,0.25372,44377387.067998
1752912000000,0.25372,0.2551,0.2505,0.25299,46655757.198115
1752915600000,0.253,0.25448,0.2508,0.25311,36025240.622508
1752919200000,0.25315,0.25794,0.25075,0.25145,68848435.970601
1752922800000,0.25153,0.25277,0.24416,0.2449,97684090.395998
1752926400000,0.245,0.24759,0.24395,0.24653,51803363.990216
1752930000000,0.24651,0.24712,0.24163,0.24273,32921063.095921
1752933600000,0.24275,0.24346,0.239,0.2395,51921285.390878
1752937200000,0.23949,0.24332,0.23936,0.24237,42164657.042747
1752940800000,0.24239,0.24407,0.24059,0.24289,42081485.348115
1752944400000,0.24289,0.24293,0.23984,0.24171,18117161.020001
1752948000000,0.24171,0.24238,0.24071,0.241,10751819.264455
1752951600000,0.24103,0.24382,0.23959,0.24269,17615174.547931
1752955200000,0.24268,0.24337,0.24061,0.2407,12359091.056179
1752958800000,0.24067,0.24133,0.23732,0.24107,30135973.970234
1752962400000,0.24109,0.24215,0.23967,0.24041,16233954.47544
1752966000000,0.24042,0.24184,0.24006,0.24141,10723238.882632
1752969600000,0.24142,0.24773,0.24,0.24648,52845071.828248
1752973200000,0.24648,0.25712,0.24594,0.25161,129166624.593969
1752976800000,0.2516,0.25396,0.25032,0.251,61111883.609228
1752980400000,0.25102,0.25577,0.25076,0.25516,63789875.545443
1752984000000,0.25515,0.2577,0.25243,0.25436,66190202.193737
1752987600000,0.2544,0.25462,0.25106,0.25246,37757765.156119
1752991200000,0.25247,0.25253,0.24878,0.25091,46915059.860526
1752994800000,0.25092,0.25291,0.2509,0.25141,23182825.119125
1752998400000,0.25142,0.25479,0.25138,0.25456,26951887.358721
1753002000000,0.25455,0.25578,0.25058,0.25062,50355674.086105
1753005600000,0.2506,0.25229,0.25043,0.25118,18628501.631595
1753009200000,0.25122,0.25324,0.25021,0.25158,23376946.947519
1753012800000,0.25158,0.25315,0.25067,0.25311,28617978.174587
1753016400000,0.25311,0.25528,0.2528,0.25501,43341521.201061
1753020000000,0.25504,0.25516,0.25001,0.25343,53916201.316808
1753023600000,0.25345,0.25449,0.2502,0.25409,51008143.063321
1753027200000,0.25415,0.2685,0.25415,0.26496,283783526.941227
1753030800000,0.26492,0.26762,0.2577,0.26273,121326775.04204
1753034400000,0.26275,0.27385,0.26118,0.27253,91105608.130606
1753038000000,0.27255,0.27824,0.27147,0.27369,103678914.926562
1753041600000,0.27384,0.2747,0.26924,0.27075,59011899.476282
1753045200000,0.27089,0.273,0.26655,0.27212,66907453.902713
1753048800000,0.27211,0.27634,0.26251,0.27382,131238181.540079
1753052400000,0.27387,0.27743,0.27045,0.27371,73284736.269586
1753056000000,0.27372,0.27792,0.26625,0.27087,141652050.542401
1753059600000,0.27089,0.27124,0.26423,0.26698,59503872.994682
1753063200000,0.26698,0.27175,0.26682,0.27041,34143382.058447
1753066800000,0.27041,0.27263,0.26982,0.27131,36051187.195484
1753070400000,0.27127,0.2743,0.26903,0.27162,39846694.954933
1753074000000,0.27163,0.27437,0.26969,0.27429,37309536.345194
1753077600000,0.27431,0.27862,0.272,0.27292,99094994.164204
1753081200000,0.2729,0.27489,0.27241,0.27358,37338377.883704
1753084800000,0.27358,0.27943,0.27136,0.27217,92745710.962785
1753088400000,0.27217,0.27293,0.26756,0.26899,68814046.519708
1753092000000,0.26899,0.27212,0.26716,0.2713,68439030.991613
1753095600000,0.27126,0.27446,0.27067,0.27112,37433860.595961
1753099200000,0.27112,0.27426,0.26931,0.27247,47139201.046724
1753102800000,0.27245,0.27571,0.26941,0.27459,75881733.948479
1753106400000,0.27463,0.28239,0.27225,0.27825,135387820.438605
1753110000000,0.27824,0.28608,0.27713,0.28216,135680162.460961
1753113600000,0.28215,0.2866,0.27734,0.28195,205443391.441985
1753117200000,0.2819,0.28761,0.278,0.28005,129579000.223607
1753120800000,0.28009,0.28217,0.27033,0.27108,112200713.184607
1753124400000,0.27107,0.27299,0.26751,0.26879,69369685.495795
1753128000000,0.26877,0.27138,0.2669,0.26696,46679739.865155
1753131600000,0.26695,0.27168,0.2656,0.27119,40000901.666485
1753135200000,0.27115,0.27381,0.27016,0.27164,26809591.67425
1753138800000,0.27164,0.27217,0.26945,0.27146,31603579.475343
1753142400000,0.27147,0.27496,0.27006,0.27158,44832965.916916
1753146000000,0.27157,0.2735,0.263,0.27265,125385252.391148
1753149600000,0.2727,0.27314,0.26428,0.26581,65833806.054397
1753153200000,0.26581,0.26758,0.26289,0.26605,75606514.667051
1753156800000,0.26606,0.26671,0.25741,0.25772,122255299.690811
1753160400000,0.25773,0.26489,0.25773,0.26412,59044997.123942
1753164000000,0.26414,0.26633,0.26314,0.2651,39140452.422607
1753167600000,0.26512,0.26958,0.26499,0.26654,48871081.683528
1753171200000,0.26655,0.26844,0.263,0.26736,51515363.577629
1753174800000,0.26736,0.26794,0.26342,0.26592,44636565.110509
1753178400000,0.26592,0.26814,0.26464,0.26814,37229838.438862
1753182000000,0.26812,0.269,0.26599,0.26713,26704296.382203
1753185600000,0.26712,0.26769,0.2638,0.26477,28934765.213108
1753189200000,0.26475,0.2677,0.26153,0.2626,65352418.412798
1753192800000,0.2626,0.2674,0.25923,0.26732,81917745.045486
1753196400000,0.2673,0.2689,0.26582,0.26649,49862197.370512
1753200000000,0.26648,0.27027,0.26527,0.2675,42770918.533947
1753203600000,0.26745,0.26838,0.26256,0.26516,33925309.079591
1753207200000,0.2651,0.26803,0.26308,0.26621,49663369.098765
1753210800000,0.2662,0.2674,0.258,0.25975,48509455.96468
1753214400000,0.25973,0.26455,0.25922,0.26328,23216654.486929
1753218000000,0.26327,0.26699,0.26206,0.26624,15976357.225348
1753221600000,0.26625,0.26882,0.26625,0.2673,25878928.951716
1753225200000,0.26731,0.27118,0.26709,0.27104,38076844.985062
1753228800000,0.27103,0.27114,0.26676,0.26688,34271226.714193
1753232400000,0.26689,0.26854,0.26448,0.26758,29144942.519849
1753236000000,0.26758,0.26894,0.26507,0.26628,37703840.573556
1753239600000,0.26629,0.26652,0.26347,0.26425,35580584.316793
1753243200000,0.26423,0.267,0.26343,0.2668,15828274.163518
1753246800000,0.26684,0.26687,0.26402,0.26533,20240276.628968
1753250400000,0.26535,0.26559,0.26049,0.26189,47612342.032972
1753254000000,0.26188,0.26291,0.2586,0.26012,38367802.567015
1753257600000,0.26011,0.26149,0.259,0.26141,37091669.357304
1753261200000,0.26142,0.26163,0.256,0.25712,67260674.478148
1753264800000,0.25714,0.25714,0.25338,0.2566,65548511.791926
1753268400000,0.2566,0.25678,0.25453,0.25589,29255140.05357
1753272000000,0.25589,0.25623,0.24771,0.24967,102374418.386337
1753275600000,0.24967,0.25135,0.24069,0.24434,245022652.959419
1753279200000,0.24435,0.2485,0.24353,0.24836,84453979.418784
1753282800000,0.24836,0.25009,0.24519,0.24968,44323257.284657
1753286400000,0.24966,0.24966,0.24213,0.24232,61687571.531976
1753290000000,0.24231,0.24407,0.23709,0.24207,127414999.019427
1753293600000,0.2421,0.2449,0.24077,0.24458,44629291.889432
1753297200000,0.24456,0.24517,0.24162,0.24221,25379007.238721
1753300800000,0.2422,0.2441,0.23348,0.23825,102497189.952295
1753304400000,0.23826,0.23977,0.23061,0.23785,86632559.267088
1753308000000,0.23785,0.24168,0.23528,0.23989,40634857.494683
1753311600000,0.23989,0.24242,0.23961,0.24075,39510632.461615
1753315200000,0.24078,0.24537,0.23844,0.24463,62639345.741668
1753318800000,0.24464,0.24511,0.24154,0.24458,26727000.94107
1753322400000,0.24458,0.24555,0.24316,0.24357,34231442.323591
1753326000000,0.2436,0.24666,0.24247,0.24299,39491421.16991
1753329600000,0.243,0.24433,0.23679,0.238,68135705.145054
1753333200000,0.238,0.23841,0.22894,0.22959,114516701.20688
1753336800000,0.2296,0.23309,0.22168,0.22614,151432474.366583
1753340400000,0.2261,0.23322,0.22321,0.23291,117649291.590515
1753344000000,0.2329,0.23655,0.2312,0.23583,61422946.989726
1753347600000,0.23588,0.23731,0.23381,0.23587,41106376.150393
1753351200000,0.23588,0.23785,0.23125,0.23485,65879491.58266
1753354800000,0.2348,0.23979,0.23437,0.23865,46216153.349497
1753358400000,0.23865,0.23957,0.23507,0.23705,35459785.475496
1753362000000,0.23703,0.23978,0.23415,0.23456,59191264.617801
1753365600000,0.23457,0.24431,0.23262,0.24391,88188961.649186
1753369200000,0.24391,0.245,0.23877,0.24009,73691472.305793
1753372800000,0.2401,0.24032,0.23374,0.23547,54162982.916119
1753376400000,0.2355,0.2412,0.23508,0.23959,35103791.920153
1753380000000,0.23957,0.24118,0.23757,0.24012,28872376.160327
1753383600000,0.24015,0.24156,0.2381,0.2383,19637420.64979
1753387200000,0.23825,0.24092,0.23782,0.2401,9135482.095582
1753390800000,0.24006,0.24025,0.23537,0.23614,20758394.201152
1753394400000,0.23615,0.23676,0.23386,0.23512,20459864.070993
1753398000000,0.23511,0.23512,0.23109,0.23216,46905037.736
1753401600000,0.23217,0.23241,0.22673,0.22749,61413643.319065
1753405200000,0.22745,0.23069,0.22576,0.22962,46875411.906261
1753408800000,0.22962,0.23154,0.2247,0.22552,59786842.178959
1753412400000,0.22553,0.22756,0.2223,0.22546,58246084.271008
1753416000000,0.22546,0.22994,0.22271,0.2295,48000195.764451
1753419600000,0.22951,0.22975,0.22623,0.22645,33232305.034382
1753423200000,0.2265,0.22833,0.22479,0.22719,23155479.169494
1753426800000,0.22721,0.22964,0.2228,0.22585,38969580.80416
1753430400000,0.22586,0.22957,0.22537,0.22657,50745297.803546
1753434000000,0.22657,0.23189,0.22528,0.23177,49887172.342785
1753437600000,0.23176,0.23333,0.23002,0.23175,43892511.021941
1753441200000,0.23178,0.23318,0.23047,0.23106,26883899.345382
1753444800000,0.2311,0.23276,0.2293,0.23131,34907585.339039
1753448400000,0.23132,0.23256,0.22843,0.23085,30878504.384667
1753452000000,0.2309,0.23122,0.223,0.22344,58927808.876935
1753455600000,0.22345,0.22589,0.22085,0.2244,68307720.254916
1753459200000,0.22441,0.22724,0.22216,0.22678,31682430.439739
1753462800000,0.22675,0.22827,0.22567,0.22652,25049166.246953
1753466400000,0.22651,0.2278,0.22612,0.22717,12866575.32142
1753470000000,0.22715,0.22926,0.22664,0.22719,11179537.725151
1753473600000,0.2272,0.23285,0.22703,0.23241,19665520.339418
1753477200000,0.23248,0.23551,0.23246,0.23459,32375413.66303
1753480800000,0.2346,0.23611,0.234,0.23549,22213935.80635
1753484400000,0.23548,0.23696,0.23502,0.23673,16421503.715415
1753488000000,0.23673,0.23679,0.23477,0.23525,20435130.210644
1753491600000,0.23527,0.23613,0.23293,0.23303,31198087.026441
1753495200000,0.233,0.23881,0.233,0.23675,36916184.580697
1753498800000,0.23675,0.23735,0.23578,0.23667,12227202.001436
1753502400000,0.23663,0.23817,0.23652,0.23757,14313640.563338
1753506000000,0.23758,0.2389,0.23672,0.23815,11250152.216975
1753509600000,0.23813,0.23861,0.23678,0.23724,10323260.282128
1753513200000,0.23725,0.23819,0.23668,0.23693,12794344.107056
1753516800000,0.23694,0.23903,0.23681,0.23781,23501034.688112
1753520400000,0.23781,0.23925,0.23737,0.23916,12493401.882185
1753524000000,0.23916,0.24013,0.2384,0.23852,22179302.875596
1753527600000,0.23855,0.23888,0.23573,0.23672,24747030.420456
1753531200000,0.23674,0.23793,0.23543,0.23762,15350691.973148
1753534800000,0.2376,0.23915,0.23687,0.23799,15079559.041701
1753538400000,0.238,0.23926,0.23661,0.23665,20631823.190789
1753542000000,0.23665,0.23992,0.23566,0.23872,25892985.531378
1753545600000,0.23873,0.2396,0.23645,0.23684,26963102.175348
1753549200000,0.23684,0.23752,0.23578,0.23637,14839396.306812
1753552800000,0.2364,0.23851,0.23445,0.23765,24181102.869618
1753556400000,0.23767,0.23989,0.23739,0.23905,8230772.746576
1753560000000,0.23907,0.23915,0.23685,0.23714,5388356.410106
1753563600000,0.23713,0.23811,0.23628,0.23774,5887021.408903
1753567200000,0.23774,0.24029,0.23645,0.23672,15496889.711383
1753570800000,0.23672,0.23695,0.23517,0.23546,7922375.43235
1753574400000,0.23546,0.23685,0.23487,0.23628,13280090.960812
1753578000000,0.23631,0.239,0.23556,0.23769,15110849.066339
1753581600000,0.2377,0.23999,0.23675,0.23974,12711154.686141
1753585200000,0.23974,0.23996,0.23838,0.23921,9612080.792294
1753588800000,0.23921,0.24159,0.23843,0.24153,23386185.211526
1753592400000,0.24151,0.24333,0.24069,0.24167,38116961.487082
1753596000000,0.24172,0.24175,0.23824,0.23864,27640319.483492
1753599600000,0.23865,0.23905,0.23631,0.23701,22104161.178313
1753603200000,0.23701,0.23734,0.23508,0.23612,26023851.657217
1753606800000,0.2361,0.23625,0.23428,0.23555,17147081.691295
1753610400000,0.23556,0.23923,0.2355,0.23837,28864746.529509
1753614000000,0.23838,0.23948,0.2361,0.23654,27197595.198608
1753617600000,0.23654,0.23844,0.23534,0.23825,23157329.315425
1753621200000,0.23825,0.23917,0.23666,0.23727,15671408.007921
1753624800000,0.23726,0.23876,0.23541,0.23623,18149870.70757
1753628400000,0.23622,0.23686,0.23455,0.23677,32247986.481121
1753632000000,0.23679,0.24188,0.23664,0.23797,73004356.26886
1753635600000,0.238,0.23988,0.23664,0.23965,21821684.80891
1753639200000,0.23962,0.24147,0.23926,0.24039,25747436.79677
1753642800000,0.24035,0.24087,0.23881,0.23959,11417482.42897
1753646400000,0.23957,0.24111,0.23871,0.23924,11684687.458987
1753650000000,0.23928,0.24059,0.23756,0.24058,13297182.358509
1753653600000,0.2406,0.24376,0.24044,0.24201,35759533.466684
1753657200000,0.24203,0.24203,0.23945,0.2407,24879524.518147
1753660800000,0.24069,0.24488,0.23975,0.24122,43345976.935415
1753664400000,0.24125,0.2414,0.23787,0.23891,23183142.200737
1753668000000,0.23889,0.24562,0.23816,0.2442,49522450.230299
1753671600000,0.24424,0.24551,0.24242,0.24474,23999902.445949
1753675200000,0.24474,0.24555,0.24288,0.24473,18035917.464268
1753678800000,0.24476,0.24862,0.24409,0.24756,45992040.722174
1753682400000,0.24757,0.24812,0.24529,0.2462,18366718.576056
1753686000000,0.2462,0.24626,0.24144,0.24335,35109964.413914
1753689600000,0.24337,0.24414,0.24076,0.242,30680215.804904
1753693200000,0.24201,0.24281,0.24026,0.24223,19738410.282813
1753696800000,0.24227,0.24266,0.24054,0.2413,17807226.687304
1753700400000,0.24129,0.24184,0.2397,0.24159,16687518.988063
1753704000000,0.24161,0.2429,0.2405,0.24133,17317086.251277
1753707600000,0.24135,0.24143,0.23564,0.23687,63499710.986121
1753711200000,0.23688,0.23803,0.23111,0.23216,79866673.263982
1753714800000,0.23215,0.23452,0.23069,0.23225,33645737.670422
1753718400000,0.23222,0.23393,0.23081,0.23226,35177797.718395
1753722000000,0.23223,0.23312,0.23012,0.23069,26690058.558335
1753725600000,0.23073,0.23112,0.22743,0.22901,48971519.88369
1753729200000,0.22904,0.23074,0.22773,0.22961,22976529.531565
1753732800000,0.22968,0.22994,0.22603,0.22775,19699943.35116
1753736400000,0.22772,0.22962,0.2262,0.22776,12543504.069424
1753740000000,0.22775,0.22844,0.22425,0.22612,29826218.663244
1753743600000,0.22615,0.22713,0.22437,0.22617,22204007.70946
1753747200000,0.22618,0.22852,0.22232,0.22587,58245602.656901
1753750800000,0.22587,0.22741,0.22438,0.22453,28326415.192471
1753754400000,0.22455,0.22537,0.22243,0.22363,27758885.807991
1753758000000,0.22365,0.2276,0.22358,0.22702,31763123.202674
1753761600000,0.227,0.22794,0.22571,0.22589,22443452.049649
1753765200000,0.2259,0.22858,0.22586,0.22858,19100476.913092
1753768800000,0.22858,0.23015,0.22777,0.22932,26378455.728309
1753772400000,0.22934,0.23275,0.22933,0.23176,36009510.844523
1753776000000,0.2318,0.23224,0.22946,0.23016,27709201.642115
1753779600000,0.2302,0.23043,0.2284,0.22902,18464742.209574
1753783200000,0.229,0.22923,0.22529,0.22571,34499848.024917
1753786800000,0.2257,0.22774,0.22554,0.22767,13300953.986673
1753790400000,0.22767,0.23106,0.22725,0.22993,23393371.728829
1753794000000,0.22994,0.23079,0.22653,0.22737,24932675.645325
1753797600000,0.22742,0.22761,0.22118,0.22276,52936058.358757
1753801200000,0.22275,0.22387,0.22061,0.22272,46937938.745847
1753804800000,0.22271,0.22301,0.21738,0.22185,68933731.736483
1753808400000,0.22186,0.22457,0.22145,0.22303,25674112.747619
1753812000000,0.22301,0.22359,0.22161,0.2224,10778938.488863
1753815600000,0.2224,0.22419,0.22069,0.22144,25917014.473961
1753819200000,0.22143,0.22307,0.21936,0.22149,21688825.128239
1753822800000,0.22149,0.22395,0.22012,0.22316,13592649.685481
1753826400000,0.22322,0.22395,0.2215,0.22367,11513069.534459
1753830000000,0.22369,0.22442,0.22292,0.22391,11834880.730349
1753833600000,0.22391,0.22409,0.222,0.22359,38953879.496696
1753837200000,0.22361,0.22565,0.22109,0.2248,31588163.819619
1753840800000,0.22477,0.22653,0.2239,0.22451,15571642.313241
1753844400000,0.2245,0.22529,0.22379,0.22441,20464636.473352
1753848000000,0.22441,0.22514,0.22255,0.22289,12887425.52443
1753851600000,0.22291,0.22431,0.22125,0.22357,22051722.717047
1753855200000,0.22355,0.22419,0.22276,0.22364,15630718.54727
1753858800000,0.2237,0.22433,0.22133,0.22194,21281367.043585
1753862400000,0.22193,0.22363,0.22041,0.22235,42005336.19966
1753866000000,0.22236,0.22276,0.2195,0.22026,22112035.388473
1753869600000,0.22028,0.22226,0.21861,0.21908,23308029.498691
1753873200000,0.21909,0.22028,0.2148,0.21608,55411612.987894
1753876800000,0.21607,0.21825,0.21429,0.21701,44510559.77597
1753880400000,0.217,0.21808,0.21545,0.21767,38702634.350537
1753884000000,0.21767,0.22306,0.21683,0.22242,42169111.00844
1753887600000,0.22246,0.22293,0.21991,0.2215,34446682.785017
1753891200000,0.2215,0.22379,0.21939,0.22124,60917057.963561
1753894800000,0.22128,0.2231,0.22049,0.223,16851972.60747
1753898400000,0.22304,0.22445,0.21648,0.21675,69757399.200881
1753902000000,0.2167,0.21799,0.20871,0.21729,157429349.412913
1753905600000,0.21727,0.21983,0.21694,0.21772,34143947.713739
1753909200000,0.21772,0.21881,0.21543,0.2175,14971575.325168
1753912800000,0.21745,0.21846,0.21625,0.21744,10012353.376902
1753916400000,0.2174,0.22061,0.21736,0.21998,16263303.057133
1753920000000,0.21998,0.22299,0.21901,0.22236,24042504.728576
1753923600000,0.22237,0.22263,0.22104,0.22157,17670472.353905
1753927200000,0.22159,0.22282,0.22106,0.22258,17628203.348348
1753930800000,0.22255,0.22381,0.22223,0.22306,17946169.996422
1753934400000,0.22307,0.22352,0.22207,0.22323,20437197.355038
1753938000000,0.22321,0.22383,0.22281,0.22306,12592426.598102
1753941600000,0.22307,0.22433,0.22247,0.22407,20213755.276477
1753945200000,0.22405,0.22421,0.22313,0.22356,14872071.979954
1753948800000,0.22356,0.22512,0.22326,0.22468,19199096.960458
1753952400000,0.22469,0.22564,0.22411,0.22524,11277834.697328
1753956000000,0.22524,0.22539,0.22335,0.22336,16394100.712428
1753959600000,0.22337,0.22373,0.22144,0.22221,20672826.986339
1753963200000,0.22224,0.22257,0.22025,0.2212,21607067.946881
1753966800000,0.22121,0.22127,0.21745,0.2187,44376359.672683
1753970400000,0.21869,0.21942,0.21489,0.21507,39737308.020037
1753974000000,0.21506,0.21842,0.21469,0.21763,34986823.037684
1753977600000,0.21763,0.22137,0.21702,0.2202,32772244.769238
1753981200000,0.22024,0.22028,0.2155,0.21601,28974158.966976
1753984800000,0.21599,0.21726,0.2136,0.2159,27738560.355475
1753988400000,0.2159,0.21644,0.2128,0.2138,27309303.664891
1753992000000,0.21379,0.21431,0.2121,0.21343,28585873.867589
1753995600000,0.21339,0.21468,0.21098,0.21279,18806980.430979
1753999200000,0.2128,0.2128,0.20981,0.21078,27983909.643687
1754002800000,0.2108,0.21226,0.20814,0.20979,36477256.103215
1754006400000,0.20977,0.21019,0.20328,0.20801,120595429.038494
1754010000000,0.208,0.20879,0.205,0.20741,120141777.854207
1754013600000,0.2074,0.20995,0.20658,0.20955,25227357.776665
1754017200000,0.20952,0.2106,0.20882,0.20915,22085824.984568
1754020800000,0.2091,0.2091,0.20713,0.2074,26382815.294298
1754024400000,0.20743,0.20866,0.20524,0.20622,41699437.31858
1754028000000,0.20612,0.20663,0.20388,0.20608,55664141.126671
1754031600000,0.20609,0.20694,0.20466,0.206,25935465.560545
1754035200000,0.20596,0.20599,0.20088,0.20402,63486541.00815
1754038800000,0.204,0.20624,0.2037,0.20433,34652214.846427
1754042400000,0.20434,0.20633,0.20415,0.2058,14432458.544422
1754046000000,0.20585,0.20761,0.20504,0.20755,13427644.947171
1754049600000,0.2075,0.20964,0.20631,0.2075,42319270.389335
1754053200000,0.20755,0.20875,0.20255,0.20392,47970341.690816
1754056800000,0.20394,0.21025,0.20198,0.20965,69569808.405103
1754060400000,0.20964,0.20995,0.20624,0.20961,31162873.009866
1754064000000,0.2096,0.21251,0.20684,0.20759,45573596.792
1754067600000,0.20758,0.20822,0.20489,0.20607,30718860.158882
1754071200000,0.20606,0.20778,0.20379,0.2063,31883492.488083
1754074800000,0.2062,0.20922,0.20582,0.20845,25199042.197797
1754078400000,0.2084,0.20885,0.2016,0.20568,39361756.809862
1754082000000,0.20565,0.20746,0.20517,0.20553,19717090.863669
1754085600000,0.20555,0.20569,0.19538,0.19816,116985245.856819
1754089200000,0.19816,0.20156,0.19764,0.20097,25765996.967722
1754092800000,0.20097,0.20299,0.20013,0.20264,61081576.158775
1754096400000,0.20266,0.20286,0.20074,0.20245,18926723.394079
1754100000000,0.20247,0.20294,0.20173,0.20195,14111382.015893
1754103600000,0.202,0.20273,0.20158,0.20228,6556871.062184
1754107200000,0.20229,0.20348,0.20169,0.2029,10001546.8595
1754110800000,0.20289,0.20308,0.20194,0.20217,7566192.555441
1754114400000,0.20217,0.20235,0.195,0.19644,80565113.924989
1754118000000,0.19642,0.20061,0.19451,0.20014,38643895.127681
1754121600000,0.20018,0.20103,0.1985,0.1987,17461879.528223
1754125200000,0.1987,0.20003,0.19824,0.19955,19621542.378376
1754128800000,0.19954,0.1998,0.19724,0.19874,12838956.504382
1754132400000,0.19872,0.20066,0.19766,0.19975,14149542.594252
1754136000000,0.19975,0.19992,0.19795,0.1994,13436161.0789
1754139600000,0.19938,0.20013,0.19766,0.19948,15547853.408973
1754143200000,0.1995,0.19963,0.19424,0.19568,63196394.434958
1754146800000,0.19566,0.1978,0.19361,0.19458,45791441.497783
1754150400000,0.19461,0.19735,0.19243,0.19618,56323053.753956
1754154000000,0.19616,0.19734,0.19123,0.19272,39128025.521467
1754157600000,0.19272,0.19356,0.1896,0.19099,58591350.678712
1754161200000,0.191,0.19474,0.19009,0.1924,28923819.764669
1754164800000,0.19242,0.19429,0.19195,0.19384,11940322.302628
1754168400000,0.19386,0.19473,0.19239,0.19328,16910680.218119
1754172000000,0.19329,0.19432,0.19139,0.19333,20522845.408715
1754175600000,0.19337,0.19358,0.18945,0.191,26281892.00706
1754179200000,0.19104,0.19403,0.18866,0.19362,48880742.48251
1754182800000,0.19361,0.19541,0.1929,0.19463,28627175.79542
1754186400000,0.1946,0.1962,0.1946,0.19595,23261722.507034
1754190000000,0.19594,0.1965,0.19532,0.19581,14064796.57557
1754193600000,0.19582,0.19617,0.19499,0.19568,12500278.523344
1754197200000,0.19566,0.19637,0.19537,0.19566,13221386.381221
1754200800000,0.19566,0.19604,0.19513,0.19576,8270912.582177
1754204400000,0.19575,0.19691,0.19573,0.19629,10774133.597961
1754208000000,0.1963,0.197,0.19557,0.19646,8919585.089635
1754211600000,0.19644,0.19698,0.19573,0.19688,11400367.141655
1754215200000,0.1969,0.19793,0.19681,0.19747,27650713.989598
1754218800000,0.19748,0.19952,0.19741,0.1978,37659845.336607
1754222400000,0.1978,0.1991,0.19718,0.19855,12597001.841756
1754226000000,0.19856,0.19929,0.19775,0.19832,12246106.946652
1754229600000,0.19832,0.19888,0.19666,0.19853,33477293.84925
1754233200000,0.19854,0.19913,0.19764,0.19895,17280185.601893
1754236800000,0.19893,0.2,0.19784,0.19982,18111984.580154
1754240400000,0.19981,0.20025,0.19901,0.19953,13934883.759567
1754244000000,0.19956,0.19976,0.19843,0.19938,15714398.944942
1754247600000,0.19939,0.20008,0.19867,0.19894,19451512.063852
1754251200000,0.19897,0.19904,0.19803,0.1988,11589391.390316
1754254800000,0.19882,0.19956,0.19846,0.1994,8718763.645151
1754258400000,0.19941,0.19998,0.1979,0.19918,9131907.410464
1754262000000,0.1992,0.20053,0.19846,0.19873,15020409.072945
1754265600000,0.19876,0.20301,0.1985,0.20289,35762403.417463
1754269200000,0.20289,0.20296,0.20089,0.20117,28211962.627978
1754272800000,0.20116,0.20273,0.19994,0.20268,21426619.97831
1754276400000,0.20268,0.2029,0.20139,0.20169,10886060.107574
1754280000000,0.2017,0.20232,0.20084,0.20098,18824074.198492
1754283600000,0.20098,0.20115,0.19958,0.20065,15731823.877378
1754287200000,0.20065,0.20374,0.19959,0.20261,33107621.463119
1754290800000,0.2026,0.2038,0.20172,0.20306,20545756.534792
1754294400000,0.20308,0.20405,0.20189,0.20214,23947312.383561
1754298000000,0.20216,0.20275,0.20098,0.20124,14731402.641096
1754301600000,0.20125,0.20254,0.20075,0.20137,18044253.773597
1754305200000,0.20133,0.20154,0.20028,0.20105,11938812.150472
1754308800000,0.20105,0.2019,0.20044,0.20175,13706341.614298
1754312400000,0.2018,0.20428,0.20101,0.20411,46593060.387145
1754316000000,0.20411,0.2063,0.20331,0.20377,98982914.381536
1754319600000,0.20379,0.20475,0.20305,0.20388,27262101.911759
1754323200000,0.20387,0.20857,0.20387,0.20765,42796611.572531
1754326800000,0.20776,0.2098,0.20606,0.20644,33000767.033948
1754330400000,0.20641,0.20691,0.20488,0.20533,12436820.811897
1754334000000,0.20535,0.20577,0.20408,0.20471,8993111.798096
1754337600000,0.2047,0.20705,0.20436,0.2066,8788167.867734
1754341200000,0.20659,0.20953,0.20639,0.20885,19687346.423945
1754344800000,0.20886,0.21075,0.20886,0.21075,20380536.969381
1754348400000,0.21076,0.21126,0.20997,0.21039,19051533.571078
1754352000000,0.2104,0.21107,0.20923,0.20972,22032110.253448
1754355600000,0.20972,0.21047,0.20831,0.20853,19223711.772408
1754359200000,0.20854,0.20928,0.20785,0.2092,17323777.169694
1754362800000,0.20919,0.20924,0.20611,0.2064,21758723.574595
1754366400000,0.20642,0.20714,0.20563,0.20592,24638449.542981
1754370000000,0.2059,0.2067,0.20584,0.20656,10860623.702967
1754373600000,0.20656,0.20749,0.20446,0.20508,23707097.068123
1754377200000,0.20507,0.20547,0.20151,0.20191,40809604.93743
1754380800000,0.20189,0.2036,0.20126,0.20329,16253267.181862
1754384400000,0.20334,0.2068,0.20328,0.2067,13024191.289282
1754388000000,0.20668,0.20891,0.20554,0.208,24008403.724735
1754391600000,0.208,0.20845,0.20701,0.20744,11455065.63176
1754395200000,0.20745,0.20769,0.2028,0.20328,32872088.834995
1754398800000,0.20327,0.20496,0.20286,0.20454,20107592.573076
1754402400000,0.20455,0.20455,0.19818,0.19924,81706304.958041
1754406000000,0.19924,0.20034,0.19728,0.19826,42780178.580998
1754409600000,0.19823,0.20013,0.19777,0.19868,24532052.924216
1754413200000,0.1987,0.20013,0.19835,0.19995,9125286.016042
1754416800000,0.19992,0.19992,0.19733,0.19905,13923971.481628
1754420400000,0.19905,0.1997,0.197,0.19786,10571639.565354
1754424000000,0.19784,0.19973,0.19784,0.19808,8647155.107741
1754427600000,0.19808,0.19915,0.19729,0.1976,8059453.554694
1754431200000,0.19757,0.1993,0.196,0.1993,17951298.724023
1754434800000,0.1993,0.20035,0.19905,0.19984,13766445.682839
1754438400000,0.19986,0.19988,0.19734,0.19764,12377892.147826
1754442000000,0.1976,0.19836,0.19667,0.19835,13964585.073048
1754445600000,0.19832,0.19836,0.19686,0.19774,7068862.00598
1754449200000,0.19775,0.19789,0.19602,0.1964,10468213.519875
1754452800000,0.19641,0.19676,0.19559,0.19648,10602948.919245
1754456400000,0.19648,0.20146,0.19605,0.2001,23597020.858511
1754460000000,0.20012,0.20126,0.19884,0.20052,23300481.163431
1754463600000,0.20054,0.2024,0.20002,0.20139,18927963.784243
1754467200000,0.2014,0.20158,0.19875,0.19956,25080129.487081
1754470800000,0.19952,0.20161,0.19893,0.20095,23436906.222171
1754474400000,0.20093,0.20124,0.19964,0.20056,13241475.544508
1754478000000,0.20055,0.20203,0.20022,0.20052,10471872.965178
1754481600000,0.20051,0.20099,0.19857,0.19943,11941693.648601
1754485200000,0.19951,0.20121,0.19915,0.20064,22561048.33091
1754488800000,0.20064,0.20339,0.1996,0.20336,37458138.726428
1754492400000,0.20337,0.2057,0.2021,0.20522,32391603.015571
1754496000000,0.20521,0.20621,0.2032,0.20379,22543179.140537
1754499600000,0.20379,0.20624,0.20321,0.20596,12189087.501549
1754503200000,0.20596,0.20718,0.20554,0.20561,23202186.955723
1754506800000,0.20561,0.20636,0.20495,0.20588,7568599.394841
1754510400000,0.20587,0.2059,0.20476,0.20512,4411582.330931
1754514000000,0.20515,0.20581,0.20441,0.20559,13053712.433655
1754517600000,0.2056,0.20588,0.20511,0.20549,5358594.585128
1754521200000,0.20549,0.20561,0.20484,0.20527,4030462.449898
1754524800000,0.20527,0.2054,0.20391,0.20495,11803401.398994
1754528400000,0.20497,0.2066,0.20419,0.20445,11324552.37456
1754532000000,0.20444,0.20511,0.20345,0.2037,11738148.423882
1754535600000,0.20369,0.20442,0.20333,0.20391,8007635.681875
1754539200000,0.20391,0.2053,0.20383,0.20475,5755055.21973
1754542800000,0.20475,0.20553,0.20405,0.20551,5694069.950428
1754546400000,0.2055,0.20655,0.20533,0.20587,10644134.736275
1754550000000,0.20585,0.2066,0.2054,0.20577,9098298.078846
1754553600000,0.20577,0.20694,0.20569,0.20601,8769969.488843
1754557200000,0.20603,0.20636,0.2053,0.20621,8552915.298818
1754560800000,0.20621,0.21307,0.20609,0.21282,83917807.429777
1754564400000,0.21282,0.2149,0.21236,0.21423,53778770.213459
1754568000000,0.21422,0.21468,0.21271,0.21413,27341293.214965
1754571600000,0.21413,0.21606,0.21378,0.21443,56622822.754868
1754575200000,0.21444,0.21455,0.21228,0.21296,24512148.188563
1754578800000,0.21295,0.21459,0.21234,0.21433,19435443.619275
1754582400000,0.21432,0.21483,0.21015,0.21206,27749303.491144
1754586000000,0.21209,0.21349,0.21158,0.21309,16146621.862962
1754589600000,0.21308,0.21358,0.2121,0.21344,9982895.791364
1754593200000,0.21343,0.21838,0.21304,0.21728,37188430.37719
1754596800000,0.21729,0.21882,0.21638,0.21795,24733820.410881
1754600400000,0.21796,0.21998,0.21744,0.21931,27043041.377882
1754604000000,0.2193,0.22314,0.2193,0.22274,44288603.161929
1754607600000,0.22274,0.2229,0.22138,0.2223,38821967.948564
1754611200000,0.2223,0.22488,0.2198,0.22139,118750859.119596
1754614800000,0.22139,0.22345,0.2195,0.22125,120062064.56733
1754618400000,0.22125,0.22297,0.22075,0.2218,16662387.645763
1754622000000,0.22185,0.22428,0.2215,0.22288,25304745.69428
1754625600000,0.22288,0.22304,0.22093,0.22138,16836634.535336
1754629200000,0.22138,0.22149,0.22009,0.22015,31021034.448504
1754632800000,0.22014,0.22271,0.2197,0.2226,17455834.372163
1754636400000,0.22264,0.22512,0.22146,0.22451,44245935.087119
1754640000000,0.22451,0.22688,0.2221,0.22347,56439701.370849
1754643600000,0.22346,0.22356,0.22151,0.22282,18506086.593823
1754647200000,0.22283,0.22366,0.22173,0.22261,10742607.909341
1754650800000,0.22264,0.22372,0.22262,0.22361,9681959.444151
1754654400000,0.22361,0.22365,0.22139,0.22176,14109522.492648
1754658000000,0.22177,0.22802,0.22177,0.2278,57193289.944688
1754661600000,0.22778,0.22944,0.22226,0.22356,77792946.33803
1754665200000,0.22356,0.22395,0.21965,0.22128,62223512.840895
1754668800000,0.22129,0.2233,0.22079,0.22295,33828699.951457
1754672400000,0.22295,0.22841,0.22264,0.22824,60472493.793398
1754676000000,0.22826,0.2299,0.22641,0.22686,60262075.075584
1754679600000,0.22686,0.22922,0.22634,0.22919,21309908.968488
1754683200000,0.22919,0.22969,0.22717,0.22952,17714372.771627
1754686800000,0.22951,0.23,0.22798,0.22932,15054611.084803
1754690400000,0.2293,0.2325,0.2287,0.23097,44004804.131964
1754694000000,0.23099,0.23239,0.22983,0.2304,30377006.047156
1754697600000,0.2304,0.23211,0.23011,0.23045,20994470.36953
1754701200000,0.23044,0.23381,0.2297,0.23197,29130623.476375
1754704800000,0.23196,0.23262,0.23088,0.23116,20813436.11363
1754708400000,0.23113,0.23196,0.22973,0.23022,23326640.252113
1754712000000,0.23022,0.23195,0.22975,0.23104,19024903.14226
1754715600000,0.23106,0.23622,0.23085,0.23564,83140694.648517
1754719200000,0.23564,0.23675,0.23388,0.2349,38582626.147565
1754722800000,0.2349,0.23639,0.2345,0.23576,24737717.275502
1754726400000,0.23575,0.23773,0.2351,0.23651,29615398.074922
1754730000000,0.23651,0.2384,0.23576,0.23745,32992349.891519
1754733600000,0.23746,0.23876,0.23626,0.23711,40760941.058289
1754737200000,0.23712,0.23841,0.23655,0.23775,20343431.372853
1754740800000,0.23776,0.24455,0.23695,0.24332,101875296.960949
1754744400000,0.2433,0.24396,0.23743,0.23758,65966638.220765
1754748000000,0.23758,0.2402,0.23585,0.24009,61787813.262922
1754751600000,0.24009,0.2415,0.23774,0.2408,48189462.100243
1754755200000,0.24079,0.24494,0.23988,0.24079,74769987.585188
1754758800000,0.24079,0.24651,0.24052,0.24489,59058597.885461
1754762400000,0.24485,0.24675,0.24364,0.24544,43359729.073353
1754766000000,0.24543,0.24651,0.24246,0.24297,35511546.738967
1754769600000,0.24296,0.24511,0.24182,0.24328,34440640.367488
1754773200000,0.24331,0.2441,0.2411,0.2423,23418833.333506
1754776800000,0.24229,0.24369,0.23942,0.24042,33058900.668478
1754780400000,0.24043,0.24128,0.23951,0.23991,31900329.623673
1754784000000,0.23993,0.24344,0.23897,0.24247,39386261.913215
1754787600000,0.24245,0.24324,0.24078,0.24124,27006764.730852
1754791200000,0.24129,0.24233,0.23863,0.23994,46053367.495953
1754794800000,0.23992,0.24349,0.23881,0.2426,40058333.28471
1754798400000,0.24262,0.24346,0.24119,0.24248,17005341.966035
1754802000000,0.24246,0.24283,0.23769,0.23797,42456417.036664
1754805600000,0.23799,0.23826,0.23567,0.23645,75575840.819548
1754809200000,0.23647,0.23724,0.23134,0.2324,103563865.166628
1754812800000,0.23237,0.23451,0.22927,0.23389,80647863.384132
1754816400000,0.23389,0.2345,0.23304,0.23359,17991042.481894
1754820000000,0.23358,0.23395,0.23065,0.23145,22671282.502289
1754823600000,0.23147,0.23266,0.23069,0.23095,21287093.687102
1754827200000,0.23093,0.23243,0.23075,0.23197,13837277.647672
1754830800000,0.23197,0.23303,0.23001,0.23025,40746512.646508
1754834400000,0.23024,0.23425,0.2295,0.23363,50513284.676644
1754838000000,0.23362,0.23486,0.23158,0.23257,35037444.507078
1754841600000,0.23254,0.23469,0.23207,0.23433,20151116.393884
1754845200000,0.23428,0.23476,0.23288,0.23368,17162122.908901
1754848800000,0.23369,0.23466,0.23364,0.2344,8271412.953746
1754852400000,0.23443,0.23555,0.23406,0.23497,20822053.945803
1754856000000,0.23499,0.23518,0.23262,0.23373,24676759.367719
1754859600000,0.23376,0.23381,0.23106,0.23307,15373255.889181
1754863200000,0.23308,0.23393,0.23209,0.2338,11978880.151007
1754866800000,0.23381,0.23443,0.23246,0.23389,14265598.605032
1754870400000,0.23391,0.23488,0.23214,0.23309,19975493.526596
1754874000000,0.23309,0.2367,0.23277,0.23614,32529475.811134
1754877600000,0.23615,0.2418,0.23599,0.24055,64600154.807712
1754881200000,0.24053,0.24068,0.23813,0.23936,37958721.141876
1754884800000,0.23936,0.24141,0.23901,0.23928,23564843.961689
1754888400000,0.23928,0.24061,0.23754,0.23828,15419247.637948
1754892000000,0.23832,0.23903,0.23687,0.23885,14918816.640568
1754895600000,0.23884,0.23888,0.2332,0.23338,33797798.699885
1754899200000,0.23336,0.23673,0.23176,0.23602,31572587.540394
1754902800000,0.236,0.23623,0.23329,0.23423,13060515.167034
1754906400000,0.23424,0.23446,0.23211,0.23256,20522922.072784
1754910000000,0.23256,0.23296,0.22691,0.22832,72704365.698777
1754913600000,0.22829,0.22943,0.22646,0.22776,34917596.503483
1754917200000,0.2278,0.23087,0.22556,0.22936,69975064.871381
1754920800000,0.22937,0.23108,0.2279,0.22855,51197837.878989
1754924400000,0.22853,0.2316,0.22714,0.23154,26761569.210523
1754928000000,0.23155,0.23381,0.2295,0.23036,42393347.221472
1754931600000,0.23035,0.23161,0.2291,0.23026,12494801.820698
1754935200000,0.23027,0.23164,0.22792,0.23116,13068181.340562
1754938800000,0.23116,0.23123,0.22589,0.22752,16892991.024081
1754942400000,0.22745,0.22776,0.22581,0.22725,9359556.071908
1754946000000,0.22724,0.2279,0.22253,0.22432,34042985.174222
1754949600000,0.22425,0.22457,0.22115,0.22303,38902800.263839
1754953200000,0.22303,0.22375,0.22206,0.22207,22620328.213655
1754956800000,0.22208,0.22517,0.22186,0.22464,26248131.470675
1754960400000,0.2246,0.22561,0.22398,0.2252,23570012.266697
1754964000000,0.22521,0.22751,0.22466,0.22568,31625421.541967
1754967600000,0.22569,0.22599,0.22419,0.22453,12449575.133483
1754971200000,0.22454,0.22647,0.22407,0.22597,16446838.451925
1754974800000,0.22596,0.22596,0.22242,0.22356,18095445.616067
1754978400000,0.22354,0.22479,0.22129,0.22347,24397684.868566
1754982000000,0.22348,0.22548,0.22348,0.22516,16977379.441688
1754985600000,0.22524,0.22561,0.22329,0.22375,10821571.892109
1754989200000,0.22376,0.22401,0.2218,0.22212,34611910.431739
1754992800000,0.22209,0.22234,0.22,0.22097,40004654.585185
1754996400000,0.22098,0.22184,0.2188,0.22153,33537459.996496
1755000000000,0.22148,0.2279,0.22067,0.22658,99171738.607195
1755003600000,0.22659,0.22737,0.22268,0.22389,55234029.223736
1755007200000,0.22388,0.22689,0.22329,0.22681,36077558.043295
1755010800000,0.22677,0.22995,0.22649,0.2296,48384621.126264
1755014400000,0.2296,0.23103,0.22794,0.2306,41183152.590205
1755018000000,0.2306,0.23353,0.23024,0.23157,57477705.302866
1755021600000,0.2316,0.23517,0.23127,0.23328,33777704.895117
1755025200000,0.2333,0.23612,0.23329,0.23573,21311217.559952
1755028800000,0.2358,0.23838,0.23502,0.23742,51019768.803975
1755032400000,0.23743,0.23807,0.23539,0.23605,36961400.58891
1755036000000,0.23606,0.23708,0.23482,0.23695,31350726.764129
1755039600000,0.23696,0.2375,0.2352,0.23577,17314024.433284
1755043200000,0.23578,0.2382,0.23522,0.23632,29964760.78218
1755046800000,0.23633,0.23644,0.23227,0.2331,59633264.084804
1755050400000,0.23302,0.23682,0.23134,0.23678,57300657.835174
1755054000000,0.23676,0.24004,0.23495,0.23818,78547983.090562
1755057600000,0.23818,0.24072,0.2378,0.23997,48616058.079156
1755061200000,0.23997,0.2401,0.23525,0.23559,42640791.762141
1755064800000,0.23559,0.23673,0.23451,0.23583,37342094.514024
1755068400000,0.23584,0.24496,0.2358,0.24487,92506383.418409
1755072000000,0.24484,0.25059,0.24452,0.24956,185475972.325593
1755075600000,0.24956,0.24988,0.24609,0.24952,75034367.688094
1755079200000,0.24956,0.24964,0.24661,0.24678,37290500.19752
1755082800000,0.24678,0.24783,0.24557,0.24659,43829713.708807
1755086400000,0.2466,0.24818,0.2452,0.24566,35289703.859949
1755090000000,0.24566,0.24863,0.24215,0.24475,108635329.011057
1755093600000,0.24476,0.24533,0.24038,0.2407,99913980.845506
1755097200000,0.2407,0.24285,0.23915,0.24122,47129148.550304
1755100800000,0.24124,0.24376,0.24025,0.2423,49912803.025904
1755104400000,0.24229,0.24381,0.24179,0.24308,24346854.717715
1755108000000,0.24308,0.24395,0.24035,0.24203,24715740.654743
1755111600000,0.242,0.24427,0.2418,0.24392,13541403.069057
1755115200000,0.24395,0.24412,0.24198,0.24307,10722794.785775
1755118800000,0.24312,0.24461,0.2422,0.24321,21834321.554249
1755122400000,0.24321,0.24626,0.24282,0.24453,30636414.833191
1755126000000,0.24452,0.24627,0.24451,0.24486,22102645.673251
1755129600000,0.24487,0.24776,0.24356,0.24425,53801567.880128
1755133200000,0.24424,0.24914,0.24266,0.24685,58057068.89136
1755136800000,0.24684,0.25491,0.24661,0.25485,62062398.733077
1755140400000,0.25486,0.25572,0.25183,0.25266,160038939.032545
1755144000000,0.25262,0.25463,0.25118,0.25131,78195724.280797
1755147600000,0.25131,0.25229,0.24711,0.24821,67680855.130649
1755151200000,0.2482,0.24861,0.24408,0.2478,76548260.086071
1755154800000,0.24778,0.24814,0.24354,0.24506,49915479.656016
1755158400000,0.24509,0.24516,0.24136,0.2421,70801854.459065
1755162000000,0.24215,0.24284,0.24047,0.24243,66000282.271758
1755165600000,0.24245,0.24251,0.23601,0.23841,103571703.43371
1755169200000,0.2384,0.23872,0.23688,0.23794,38273011.092602
1755172800000,0.23793,0.23928,0.21772,0.22616,396348561.717091
1755176400000,0.22614,0.22859,0.22122,0.22657,183201300.601295
1755180000000,0.22657,0.22966,0.22553,0.22824,82808329.571186
1755183600000,0.22825,0.22842,0.22487,0.22541,51475470.486981
1755187200000,0.22541,0.22551,0.22155,0.22367,81717524.216342
1755190800000,0.22366,0.22437,0.22164,0.22384,32011228.477023
1755194400000,0.22383,0.22468,0.22077,0.2242,32296934.590577
1755198000000,0.22423,0.22512,0.22322,0.2235,20919510.37511
1755201600000,0.2235,0.22375,0.22137,0.22271,19356186.32707
1755205200000,0.22265,0.22285,0.21719,0.21998,62741740.807269
1755208800000,0.21998,0.22257,0.21849,0.22243,22142587.238075
1755212400000,0.22244,0.2243,0.22232,0.22382,24363679.302027
1755216000000,0.22385,0.22523,0.22287,0.2235,35137593.696522
1755219600000,0.22351,0.2264,0.22295,0.22606,32984172.761298
1755223200000,0.22606,0.22747,0.22539,0.22627,23974501.785745
1755226800000,0.2263,0.2301,0.22547,0.22994,35257725.734466
1755230400000,0.22994,0.23269,0.22791,0.22805,64748423.033985
1755234000000,0.22804,0.2315,0.22746,0.23128,27613369.242845
1755237600000,0.23127,0.23298,0.2297,0.23057,55526247.897452
1755241200000,0.23057,0.23115,0.22909,0.23061,23790175.491382
1755244800000,0.2306,0.23216,0.23028,0.23101,28911862.444684
1755248400000,0.23101,0.23169,0.22881,0.23005,27928456.166569
1755252000000,0.23005,0.2328,0.22989,0.23043,22985778.12265
1755255600000,0.23043,0.23134,0.2295,0.22974,18629131.235821
1755259200000,0.22974,0.23229,0.22707,0.2297,52438910.488944
1755262800000,0.22971,0.23044,0.22605,0.22729,58404606.3383
1755266400000,0.22728,0.22925,0.22388,0.22461,78717718.486003
1755270000000,0.22465,0.22589,0.221,0.22236,71348285.970529
1755273600000,0.22235,0.22447,0.22,0.22338,67735573.095175
1755277200000,0.22338,0.2254,0.2209,0.22427,37347587.142157
1755280800000,0.22427,0.22484,0.22111,0.22215,21321055.334276
1755284400000,0.22216,0.22417,0.22127,0.22177,20785511.408828
1755288000000,0.2218,0.22694,0.22074,0.22676,31372766.485853
1755291600000,0.22679,0.2298,0.226,0.22979,56703241.551564
1755295200000,0.22981,0.23087,0.22713,0.23077,33973301.404697
1755298800000,0.23078,0.2319,0.2269,0.22888,35816962.030888
1755302400000,0.22887,0.23632,0.22813,0.23525,65114051.637443
1755306000000,0.23528,0.23558,0.23253,0.23435,51388431.495954
1755309600000,0.23438,0.23438,0.23186,0.23219,24689679.926802
1755313200000,0.23219,0.23498,0.23199,0.23266,36815776.288628
1755316800000,0.23271,0.23384,0.23227,0.23339,15478124.876334
1755320400000,0.23339,0.23345,0.23057,0.23121,19545057.636704
1755324000000,0.23122,0.23138,0.22963,0.23104,29275468.476504
1755327600000,0.23105,0.23365,0.23105,0.23311,26482198.585624
1755331200000,0.23311,0.23368,0.23203,0.23257,21143213.120382
1755334800000,0.23257,0.23496,0.2312,0.2312,46072626.154756
1755338400000,0.23122,0.23253,0.22885,0.22931,43868454.702543
1755342000000,0.22931,0.23108,0.2271,0.22725,26503869.272085
1755345600000,0.22725,0.2283,0.22519,0.22819,34914938.351469
1755349200000,0.22818,0.23033,0.22687,0.22701,30840326.344387
1755352800000,0.22705,0.22943,0.22672,0.22903,36549727.347862
1755356400000,0.22901,0.22975,0.22788,0.22865,25570184.608804
1755360000000,0.22863,0.23115,0.22855,0.22964,34148417.977987
1755363600000,0.22964,0.22973,0.228,0.22893,8794401.90158
1755367200000,0.22895,0.23011,0.22831,0.22923,11543207.410529
1755370800000,0.22924,0.23056,0.22909,0.22933,9483180.612182
1755374400000,0.22934,0.23056,0.22886,0.23055,9296607.561182
1755378000000,0.23054,0.23066,0.22926,0.22975,10864376.347911
1755381600000,0.22984,0.23148,0.22917,0.23101,15547758.075406
1755385200000,0.23099,0.23124,0.2297,0.23117,9180012.539855
1755388800000,0.23115,0.23118,0.22992,0.2305,7525918.463387
1755392400000,0.2305,0.23199,0.2284,0.2312,31644843.431453
1755396000000,0.23119,0.2334,0.23033,0.23315,32631041.930614
1755399600000,0.23315,0.2345,0.23239,0.23357,29414806.197695
1755403200000,0.23359,0.23606,0.23353,0.2355,30871836.564365
1755406800000,0.23553,0.23579,0.23364,0.23371,32799546.685562
1755410400000,0.23371,0.23451,0.23259,0.23279,20700979.737186
1755414000000,0.23281,0.23405,0.23226,0.23285,28606452.58564
1755417600000,0.23282,0.23548,0.23264,0.2354,17701215.973877
1755421200000,0.23535,0.23562,0.23242,0.2337,21742816.910163
1755424800000,0.23375,0.23429,0.2326,0.23395,17004638.296529
1755428400000,0.23394,0.23477,0.23281,0.23458,14027883.946245
1755432000000,0.23458,0.23494,0.23282,0.23305,19160521.722627
1755435600000,0.23304,0.23496,0.23219,0.23443,28337583.385917
1755439200000,0.23445,0.23564,0.23311,0.23457,20533615.474863
1755442800000,0.23456,0.24241,0.23451,0.24162,95439161.802535
1755446400000,0.24162,0.2426,0.23625,0.2367,69252478.133905
1755450000000,0.23669,0.23798,0.23545,0.23586,20032621.162331
1755453600000,0.23586,0.23642,0.23062,0.23313,64526000.608789
1755457200000,0.23313,0.23391,0.23192,0.23229,23131113.099553
1755460800000,0.2323,0.23422,0.23177,0.23305,13184902.200242
1755464400000,0.23307,0.23398,0.23266,0.2334,11727517.408388
1755468000000,0.23335,0.2382,0.23315,0.23735,49523322.584599
1755471600000,0.23736,0.23748,0.23423,0.23457,33870606.889947
1755475200000,0.23458,0.23555,0.23274,0.23349,27865526.846197
1755478800000,0.23347,0.23364,0.2281,0.22865,68118174.160489
1755482400000,0.22866,0.22905,0.22431,0.2245,96946809.657769
1755486000000,0.22447,0.22557,0.22242,0.2244,61896358.866231
1755489600000,0.22439,0.22615,0.22345,0.22585,33385677.275614
1755493200000,0.22586,0.22654,0.22251,0.22481,46976396.477791
1755496800000,0.2248,0.2248,0.22083,0.22251,64337745.047414
1755500400000,0.2225,0.22326,0.22155,0.2218,19796831.716001
1755504000000,0.22179,0.22293,0.22108,0.22126,23673531.322433
1755507600000,0.22124,0.2234,0.21991,0.22252,56514554.933857
1755511200000,0.22254,0.22302,0.22133,0.22162,22327290.767313
1755514800000,0.22164,0.22259,0.2211,0.22176,14349686.703078
1755518400000,0.22175,0.22433,0.2214,0.22433,29819984.797694
1755522000000,0.22432,0.22458,0.22052,0.22065,53004067.390578
1755525600000,0.22065,0.22313,0.22039,0.22303,30867561.197778
1755529200000,0.223,0.22405,0.22134,0.22361,20605794.118607
1755532800000,0.22361,0.2245,0.22076,0.22113,44824723.662855
1755536400000,0.22113,0.22551,0.2211,0.22332,39953302.728826
1755540000000,0.22332,0.22445,0.22208,0.22423,12741232.356989
1755543600000,0.22424,0.22463,0.223,0.22382,14495266.066667
1755547200000,0.22382,0.22436,0.22201,0.22372,12485150.678675
1755550800000,0.22372,0.22541,0.22359,0.22497,17257762.625406
1755554400000,0.22498,0.22693,0.22444,0.22462,36665789.789465
1755558000000,0.22463,0.22513,0.22182,0.22264,38436966.092161
1755561600000,0.22265,0.22484,0.21916,0.22479,67949265.050608
1755565200000,0.22475,0.22569,0.22124,0.22191,30987914.733136
1755568800000,0.2219,0.22243,0.22062,0.22093,17381179.674212
1755572400000,0.22094,0.22102,0.21566,0.21635,87488452.555988
1755576000000,0.21633,0.21778,0.21435,0.21777,61751465.173621
1755579600000,0.21775,0.21834,0.21674,0.21701,19773721.639309
1755583200000,0.217,0.21838,0.21655,0.21805,32324536.079949
1755586800000,0.21809,0.21823,0.21622,0.21774,19336647.622497
1755590400000,0.21777,0.21852,0.21626,0.21779,28167919.049371
1755594000000,0.21782,0.21995,0.21764,0.21875,26162065.905234
1755597600000,0.21875,0.2206,0.21844,0.21992,24896134.224889
1755601200000,0.21992,0.22066,0.21926,0.22028,26303428.135823
1755604800000,0.22028,0.22043,0.21904,0.22022,9184663.472159
1755608400000,0.22021,0.22233,0.21823,0.21978,35308264.179986
1755612000000,0.2198,0.22073,0.21398,0.21505,93953693.051397
1755615600000,0.21504,0.21757,0.21364,0.21441,73093526.939956
1755619200000,0.21444,0.21495,0.212,0.2129,60791450.777096
1755622800000,0.21292,0.21447,0.21155,0.21371,32906832.012341
1755626400000,0.2137,0.21437,0.21112,0.2119,45740923.149469
1755630000000,0.2119,0.21381,0.21034,0.21203,38591303.970542
1755633600000,0.21201,0.21393,0.21112,0.21375,10008084.586963
1755637200000,0.21376,0.21428,0.21322,0.21378,10949332.63528
1755640800000,0.21375,0.21375,0.2119,0.2121,15280401.33874
1755644400000,0.21212,0.21226,0.20868,0.20945,59929628.265912
1755648000000,0.2094,0.21167,0.20938,0.21108,18111386.083132
1755651600000,0.21108,0.21208,0.2081,0.21093,43685011.441663
1755655200000,0.21092,0.21238,0.21027,0.21135,29112921.567801
1755658800000,0.21135,0.21328,0.21083,0.21184,16410143.084035
1755662400000,0.21184,0.21368,0.21174,0.21317,19798853.080719
1755666000000,0.21315,0.2134,0.21195,0.21339,10662398.077598
1755669600000,0.21336,0.21343,0.21157,0.21303,14956309.893867
1755673200000,0.21303,0.21416,0.21251,0.21268,23198049.543013
1755676800000,0.21267,0.21536,0.21231,0.21515,37927035.2823
1755680400000,0.21515,0.21521,0.21363,0.21432,27469336.99491
1755684000000,0.21433,0.21574,0.21389,0.21515,25784431.166477
1755687600000,0.21515,0.2156,0.21132,0.21404,25049369.780128
1755691200000,0.21404,0.21609,0.21331,0.21441,29229677.3668
1755694800000,0.2144,0.21445,0.20923,0.21005,43560609.905594
1755698400000,0.21002,0.21493,0.20769,0.21373,73273042.018507
1755702000000,0.2137,0.218,0.21335,0.21505,59300821.24313
1755705600000,0.21504,0.2185,0.21504,0.21703,42264877.022032
1755709200000,0.21702,0.22029,0.21692,0.21921,41963999.831739
1755712800000,0.21924,0.21946,0.21565,0.2172,29565624.995806
1755716400000,0.21712,0.22174,0.21703,0.22133,29178678.634326
1755720000000,0.22133,0.22199,0.22057,0.22138,11531482.834428
1755723600000,0.22138,0.2227,0.22046,0.22182,29284877.968127
1755727200000,0.22182,0.22287,0.22129,0.2227,19860444.591295
1755730800000,0.2227,0.22277,0.22127,0.22165,23366147.079798
1755734400000,0.22166,0.22191,0.22022,0.2218,19496831.296361
1755738000000,0.22181,0.22375,0.22052,0.22348,35421558.449944
1755741600000,0.22347,0.22409,0.21951,0.22104,30147081.053921
1755745200000,0.22103,0.2245,0.22101,0.222,34539712.345736
1755748800000,0.22199,0.22368,0.22105,0.22269,19838999.397401
1755752400000,0.22269,0.22416,0.22189,0.2241,28808851.173554
1755756000000,0.22409,0.22414,0.22175,0.22209,20156087.853613
1755759600000,0.22205,0.22247,0.21993,0.2214,26250504.051964
1755763200000,0.22145,0.22182,0.21933,0.21935,21911039.391387
1755766800000,0.21935,0.21946,0.21789,0.21814,31060737.332195
1755770400000,0.21814,0.219,0.21771,0.2184,15480086.150242
1755774000000,0.21839,0.21918,0.2166,0.21758,26566593.072634
1755777600000,0.21757,0.21828,0.2156,0.21614,24079216.394347
1755781200000,0.21614,0.2188,0.21586,0.21725,45212270.980436
1755784800000,0.21727,0.22067,0.2161,0.21686,46277593.222362
1755788400000,0.21688,0.21713,0.21449,0.2155,36098264.778122
1755792000000,0.21551,0.21718,0.21503,0.21554,22965201.677563
1755795600000,0.21555,0.21682,0.21447,0.2163,11781643.573493
1755799200000,0.2163,0.21799,0.21567,0.21764,8635580.384014
1755802800000,0.2176,0.21828,0.21465,0.21512,16516962.655599
1755806400000,0.21515,0.21687,0.21386,0.21591,13367328.433182
1755810000000,0.21592,0.2172,0.21452,0.21666,13682434.719506
1755813600000,0.21666,0.21759,0.2162,0.21679,16588287.587237
1755817200000,0.21679,0.2168,0.21392,0.21475,16716747.09681
1755820800000,0.21475,0.21743,0.21467,0.21628,31972021.35441
1755824400000,0.21628,0.21708,0.21456,0.21657,20629133.304139
1755828000000,0.21657,0.21922,0.21617,0.21796,35288489.287602
1755831600000,0.21795,0.21861,0.21518,0.21581,21141219.467326
1755835200000,0.2158,0.21807,0.21577,0.21705,19933645.716789
1755838800000,0.21704,0.21854,0.21677,0.21769,14022717.527739
1755842400000,0.21768,0.21871,0.21522,0.216,18480561.716907
1755846000000,0.21605,0.21834,0.21576,0.21787,20955468.780153
1755849600000,0.21792,0.21906,0.21743,0.21776,16668691.459882
1755853200000,0.21778,0.21805,0.21645,0.21723,16212388.350368
1755856800000,0.21725,0.21727,0.21353,0.21418,24423342.510606
1755860400000,0.21419,0.21427,0.21179,0.21197,29830255.121253
1755864000000,0.21197,0.21215,0.20825,0.21067,82772327.873974
1755867600000,0.21068,0.21384,0.20924,0.21208,73103168.629375
1755871200000,0.21207,0.23087,0.21204,0.22862,478602826.076326
1755874800000,0.2286,0.23368,0.22857,0.23007,124507376.088434
1755878400000,0.23008,0.2373,0.23008,0.23518,148221914.617537
1755882000000,0.23519,0.23937,0.23519,0.23778,143250358.295938
1755885600000,0.23773,0.23869,0.23618,0.23808,33305518.558019
1755889200000,0.23808,0.23981,0.23789,0.23872,28062269.420085
1755892800000,0.23871,0.24027,0.23863,0.23935,25905700.765287
1755896400000,0.23934,0.24348,0.23896,0.24131,69064255.328654
1755900000000,0.24131,0.24191,0.23887,0.2394,51377955.994467
1755903600000,0.23935,0.24171,0.23915,0.24054,41625640.769177
1755907200000,0.24054,0.24087,0.23757,0.23763,49232487.618808
1755910800000,0.23767,0.23815,0.23304,0.2352,82066704.433741
1755914400000,0.23517,0.23568,0.22883,0.23134,127861883.589824
1755918000000,0.23133,0.23227,0.23028,0.2315,35553262.203301
1755921600000,0.23152,0.2353,0.23133,0.23528,71524053.870393
1755925200000,0.23528,0.2382,0.23487,0.23776,56728481.854121
1755928800000,0.23779,0.2388,0.23647,0.23854,26330429.815582
1755932400000,0.23851,0.23938,0.23637,0.23719,31892321.914769
1755936000000,0.23719,0.24,0.23711,0.23845,107599427.321823
1755939600000,0.23841,0.23892,0.23698,0.23818,21340663.792878
1755943200000,0.23819,0.23833,0.23577,0.23612,22386487.018358
1755946800000,0.23614,0.23736,0.23549,0.23613,18515484.620469
1755950400000,0.23614,0.23904,0.23503,0.23683,28212443.292289
1755954000000,0.23683,0.23693,0.23443,0.23525,28562088.801058
1755957600000,0.23526,0.23705,0.23445,0.23564,25312423.431733
1755961200000,0.23565,0.23716,0.23478,0.23646,17753037.219958
1755964800000,0.23645,0.23684,0.23548,0.23639,13875027.326963
1755968400000,0.2364,0.23756,0.23626,0.23654,16378597.349618
1755972000000,0.23654,0.23724,0.23628,0.23687,9066530.569241
1755975600000,0.23688,0.23759,0.23664,0.23737,7674323.843976
1755979200000,0.23736,0.23755,0.23575,0.23642,10383253.764684
1755982800000,0.2364,0.23643,0.234,0.23482,20112709.716968
1755986400000,0.23482,0.23625,0.23481,0.23604,6536413.723985
1755990000000,0.23607,0.2368,0.23568,0.23632,7204175.513191
1755993600000,0.23631,0.23834,0.23625,0.23781,18381244.065811
1755997200000,0.23781,0.23793,0.23586,0.23705,16228092.750924
1756000800000,0.2371,0.23788,0.23572,0.23602,17587422.630153
1756004400000,0.23603,0.23694,0.23493,0.23661,17281524.711721
1756008000000,0.23661,0.23706,0.23557,0.23639,8661154.687972
1756011600000,0.23635,0.23643,0.23475,0.23514,9352547.470968
1756015200000,0.23514,0.2352,0.23194,0.23209,25771724.441288
1756018800000,0.23206,0.23384,0.23199,0.23221,15750323.845728
1756022400000,0.23222,0.23324,0.23134,0.23229,25670117.971392
1756026000000,0.23227,0.23295,0.23137,0.23197,19397946.479979
1756029600000,0.23196,0.23215,0.22927,0.22994,24622646.006992
1756033200000,0.22988,0.23041,0.22822,0.22956,24216998.653864
1756036800000,0.22956,0.23031,0.2292,0.23021,16991129.913043
1756040400000,0.2302,0.2315,0.23,0.23015,20672852.317016
1756044000000,0.23019,0.23222,0.22926,0.23207,19697209.168447
1756047600000,0.23205,0.23405,0.2308,0.23129,63115493.250083
1756051200000,0.23127,0.2326,0.23037,0.23214,29113439.615544
1756054800000,0.23211,0.23677,0.23207,0.23553,33587682.89914
1756058400000,0.23555,0.2426,0.23496,0.24196,72819181.409073
1756062000000,0.2419,0.24493,0.229,0.23418,230777618.238234
1756065600000,0.2342,0.23454,0.22854,0.23265,154463334.072979
1756069200000,0.23267,0.23519,0.2309,0.23327,25165141.121628
1756072800000,0.23327,0.23355,0.22758,0.23139,74702163.687327
1756076400000,0.23144,0.23324,0.23116,0.23181,20272343.553104
1756080000000,0.23183,0.23314,0.22536,0.22754,50622780.767155
1756083600000,0.22752,0.23116,0.22726,0.22975,27553122.183351
1756087200000,0.22978,0.23414,0.22964,0.2334,32229795.326661
1756090800000,0.23337,0.23457,0.23038,0.23087,25934012.682095
1756094400000,0.23088,0.23137,0.22832,0.22901,23494395.307724
1756098000000,0.22902,0.22963,0.22662,0.22674,23740153.47147
1756101600000,0.22673,0.22702,0.22245,0.2228,63227974.979978
1756105200000,0.22282,0.22416,0.21974,0.2207,69231124.693665
1756108800000,0.22072,0.22169,0.21899,0.22098,53855070.260738
1756112400000,0.22097,0.22127,0.2196,0.22116,23036154.367266
1756116000000,0.22115,0.22115,0.21696,0.21845,52950511.17287
1756119600000,0.21849,0.21976,0.21772,0.21971,38085344.497893
1756123200000,0.21971,0.22093,0.21857,0.22092,23740090.458932
1756126800000,0.22092,0.22092,0.21741,0.21898,49536083.764426
1756130400000,0.21898,0.22118,0.21838,0.22031,32680684.511035
1756134000000,0.2203,0.22059,0.21794,0.21851,27918691.287244
1756137600000,0.21853,0.22042,0.2172,0.21815,25941244.849733
1756141200000,0.21816,0.21925,0.2166,0.21855,24776586.658905
1756144800000,0.21855,0.21908,0.21726,0.2177,8876012.998857
1756148400000,0.21775,0.21789,0.21348,0.21383,57531035.743437
1756152000000,0.21381,0.21464,0.20685,0.20714,134193267.693376
1756155600000,0.20714,0.20898,0.20585,0.20754,70289955.566158
1756159200000,0.20753,0.21003,0.2071,0.20914,34019197.276761
1756162800000,0.20913,0.21027,0.20842,0.20968,25914604.078864
1756166400000,0.2097,0.21045,0.20711,0.20827,46908243.814221
1756170000000,0.20829,0.21113,0.2076,0.21113,29488516.476966
1756173600000,0.21111,0.21209,0.20943,0.21013,33329199.985781
1756177200000,0.21012,0.21027,0.20866,0.2098,18293766.175796
1756180800000,0.20985,0.21197,0.20976,0.21176,12556134.914861
1756184400000,0.21173,0.21226,0.21087,0.2109,18073357.273883
1756188000000,0.21092,0.21164,0.20935,0.20983,20330934.653319
1756191600000,0.20983,0.21269,0.20916,0.21127,17592962.771089
1756195200000,0.21128,0.21188,0.2102,0.2106,13692619.576365
1756198800000,0.2106,0.21145,0.21015,0.21073,9869654.915203
1756202400000,0.21074,0.21212,0.21058,0.21139,10078616.198537
1756206000000,0.21139,0.21176,0.20947,0.21055,19457471.255337
1756209600000,0.21059,0.2151,0.20935,0.21339,56317794.212981
1756213200000,0.21336,0.21388,0.20987,0.21202,45782853.378581
1756216800000,0.21204,0.21459,0.21077,0.21424,30039310.468386
1756220400000,0.21423,0.2153,0.212,0.21266,33309453.66863
1756224000000,0.21269,0.21538,0.21247,0.21528,18279575.487679
1756227600000,0.21528,0.21573,0.21368,0.21543,25022783.478484
1756231200000,0.21544,0.21726,0.21537,0.21696,22299025.732115
1756234800000,0.21697,0.21987,0.21575,0.21947,28761513.835254
1756238400000,0.21945,0.21955,0.21746,0.21821,22580000.111889
1756242000000,0.21819,0.21939,0.21734,0.21922,11307037.458536
1756245600000,0.21924,0.21971,0.21827,0.2192,14612687.245438
1756249200000,0.21921,0.22005,0.21819,0.2184,23511122.12029
1756252800000,0.21841,0.21845,0.21635,0.2167,24882107.459409
1756256400000,0.21672,0.21906,0.21603,0.21865,15703330.212143
1756260000000,0.21867,0.21946,0.21785,0.21879,14778719.431583
1756263600000,0.21879,0.22188,0.21799,0.22123,43056215.732113
1756267200000,0.22122,0.22312,0.22081,0.22282,32265298.495733
1756270800000,0.22285,0.2232,0.22106,0.22124,20470855.974639
1756274400000,0.22127,0.22133,0.21944,0.21995,23924580.37915
1756278000000,0.21996,0.22018,0.21814,0.21885,22676955.438988
1756281600000,0.21887,0.21947,0.21739,0.21926,11519269.795886
1756285200000,0.21922,0.22123,0.21896,0.22016,19665529.855318
1756288800000,0.22018,0.2211,0.21952,0.21995,15193422.92029
1756292400000,0.21994,0.22063,0.21985,0.22035,11710557.221382
1756296000000,0.22034,0.22037,0.21832,0.2197,18863099.444295
1756299600000,0.21971,0.22104,0.21782,0.21927,22637859.707626
1756303200000,0.21929,0.22281,0.21851,0.22029,27388733.9997
1756306800000,0.2203,0.22225,0.22007,0.22174,30970338.054979
1756310400000,0.22169,0.22196,0.21942,0.22124,21474614.705243
1756314000000,0.22123,0.22317,0.22029,0.22244,18092813.813869
1756317600000,0.22243,0.2234,0.22089,0.22095,15694378.87614
1756321200000,0.22093,0.22152,0.21856,0.22024,26953916.367773
1756324800000,0.22022,0.2232,0.2182,0.22275,102956935.907843
1756328400000,0.22282,0.22396,0.21979,0.22039,29053726.256321
1756332000000,0.22038,0.22061,0.218,0.21953,18356174.709786
1756335600000,0.21953,0.22094,0.21839,0.21892,16369847.336514
1756339200000,0.21888,0.22045,0.21668,0.2192,32440626.202176
1756342800000,0.21921,0.2217,0.21917,0.22108,24022303.038151
1756346400000,0.22107,0.22156,0.21968,0.22004,13041998.29109
1756350000000,0.22005,0.22166,0.21992,0.22128,15918261.740457
1756353600000,0.22129,0.22462,0.22087,0.22418,64672774.916458
1756357200000,0.22418,0.22556,0.22246,0.22314,30492776.897489
1756360800000,0.22315,0.22413,0.22293,0.22371,16920290.194888
1756364400000,0.22372,0.22432,0.22273,0.22397,32980600.264232
1756368000000,0.22398,0.22666,0.22345,0.22387,135963921.540232
1756371600000,0.22386,0.22395,0.22247,0.22292,18827379.123021
1756375200000,0.22292,0.22401,0.22257,0.22394,9561751.647527
1756378800000,0.224,0.22405,0.22306,0.22392,5425189.87921
1756382400000,0.22391,0.22471,0.22317,0.22431,22339178.784432
1756386000000,0.22435,0.22515,0.22277,0.2233,28969505.388651
1756389600000,0.22335,0.2247,0.22281,0.2243,33791872.423522
1756393200000,0.22431,0.2248,0.22002,0.22121,34074592.789592
1756396800000,0.22121,0.2234,0.21953,0.21954,30987206.758344
1756400400000,0.21953,0.22175,0.21928,0.22144,18580132.664212
1756404000000,0.22143,0.22319,0.22115,0.22271,8601288.50322
1756407600000,0.22271,0.22352,0.2196,0.21963,15070293.324043
1756411200000,0.21965,0.22154,0.21923,0.22115,8381948.043873
1756414800000,0.22115,0.22229,0.22104,0.2221,10232331.406984
1756418400000,0.22211,0.2246,0.2221,0.22429,15554629.700171
1756422000000,0.2243,0.22485,0.22383,0.2244,13119066.036304
1756425600000,0.22438,0.22533,0.22279,0.22309,20749241.696705
1756429200000,0.2231,0.22349,0.21948,0.22047,31353644.67187
1756432800000,0.22047,0.22394,0.22012,0.22297,31367381.146953
1756436400000,0.22297,0.2235,0.22154,0.2226,12485594.404599
1756440000000,0.22261,0.22295,0.22041,0.22085,13694595.797219
1756443600000,0.2209,0.22107,0.22,0.2205,20421332.668075
1756447200000,0.22051,0.2208,0.21762,0.21808,37624971.555156
1756450800000,0.21809,0.2181,0.21428,0.21462,54759882.831916
1756454400000,0.21463,0.2155,0.21246,0.21285,28935126.562769
1756458000000,0.21283,0.21439,0.21167,0.21414,34940562.4274
1756461600000,0.21414,0.21581,0.214,0.21508,19383599.533041
1756465200000,0.21508,0.21586,0.21432,0.21482,17102822.318585
1756468800000,0.21478,0.22107,0.21469,0.21906,72393574.887811
1756472400000,0.21907,0.21923,0.21366,0.21465,50555230.670763
1756476000000,0.21473,0.21603,0.21216,0.21374,52586928.23534
1756479600000,0.2137,0.21547,0.2128,0.2133,27558080.15435
1756483200000,0.21327,0.21433,0.21151,0.21337,28612109.253774
1756486800000,0.21336,0.21344,0.21063,0.2113,34259283.042239
1756490400000,0.21129,0.21186,0.20982,0.21037,27227166.612768
1756494000000,0.21043,0.21295,0.20987,0.21209,18797486.230387
1756497600000,0.21204,0.21301,0.21009,0.21079,17532887.072231
1756501200000,0.21082,0.21321,0.20983,0.21285,15783045.639671
1756504800000,0.21286,0.21298,0.2117,0.21268,7967166.020696
1756508400000,0.21267,0.21462,0.21267,0.21394,18172105.331488
1756512000000,0.21394,0.21458,0.21334,0.21407,8860646.212999
1756515600000,0.21405,0.21495,0.21137,0.21168,19669682.526988
1756519200000,0.21166,0.21595,0.2113,0.21551,24724722.354083
1756522800000,0.21553,0.21885,0.21544,0.2176,36297395.340917
1756526400000,0.2176,0.21828,0.21648,0.21652,13891894.596746
1756530000000,0.21653,0.21759,0.21642,0.21654,12936454.93514
1756533600000,0.21657,0.21718,0.21632,0.21648,11022884.91512
1756537200000,0.21648,0.21726,0.21607,0.21726,8072103.321612
1756540800000,0.21727,0.21767,0.21611,0.21633,6617390.560252
1756544400000,0.21634,0.21639,0.21531,0.21574,12041627.779828
1756548000000,0.21573,0.21635,0.21502,0.21562,8793563.311101
1756551600000,0.21562,0.21599,0.21481,0.2159,4499298.622627
1756555200000,0.21589,0.21608,0.21345,0.21481,14385441.623077
1756558800000,0.21482,0.21541,0.21284,0.21525,20086953.946459
1756562400000,0.21526,0.21557,0.21432,0.21512,7694738.461939
1756566000000,0.21514,0.21673,0.21467,0.21605,13077999.930394
1756569600000,0.21602,0.21602,0.21506,0.21535,6975051.461688
1756573200000,0.21536,0.21607,0.21462,0.21517,3885460.404226
1756576800000,0.21516,0.21553,0.21457,0.21504,3454853.502019
1756580400000,0.21502,0.21543,0.21466,0.21539,1991394.509671
1756584000000,0.21539,0.21545,0.21445,0.21508,1304825.115736
1756587600000,0.21511,0.21552,0.2148,0.2153,2021309.263301
1756591200000,0.21531,0.2155,0.21464,0.2154,4270703.747489
1756594800000,0.21541,0.21616,0.21536,0.21597,6639438.723096
1756598400000,0.21597,0.21847,0.21597,0.21841,18741218.196891
1756602000000,0.21842,0.21948,0.21745,0.21924,23971979.81402
1756605600000,0.21924,0.21958,0.2184,0.21888,8211423.152321
1756609200000,0.2189,0.22135,0.21876,0.22063,23406544.052547
1756612800000,0.22063,0.22071,0.21841,0.21883,18291930.253338
1756616400000,0.21884,0.21893,0.21784,0.21872,24065170.181189
1756620000000,0.21871,0.21885,0.21709,0.21724,12063723.41131
1756623600000,0.21724,0.21846,0.21716,0.21797,5891184.116615
1756627200000,0.21798,0.21931,0.21797,0.21915,9179749.823837
1756630800000,0.21917,0.21917,0.21743,0.21756,9235581.63124
1756634400000,0.21757,0.21779,0.21608,0.21691,14734331.219973
1756638000000,0.21693,0.21841,0.21656,0.21841,14931408.978933
1756641600000,0.21835,0.21861,0.21687,0.21807,9712636.548243
1756645200000,0.21806,0.21867,0.21698,0.2177,10862287.156539
1756648800000,0.21771,0.21798,0.21629,0.2171,15744669.162896
1756652400000,0.21712,0.21856,0.21703,0.21856,11359535.403117
1756656000000,0.21856,0.21863,0.21736,0.21799,6272988.295295
1756659600000,0.21801,0.21807,0.21699,0.21768,9437465.398524
1756663200000,0.21773,0.21862,0.21755,0.21836,3681514.37614
1756666800000,0.21836,0.21855,0.21725,0.21735,4215514.635997
1756670400000,0.21736,0.21804,0.21685,0.2178,4473635.471486
1756674000000,0.21777,0.21822,0.21709,0.21777,3759497.502868
1756677600000,0.21779,0.21793,0.21531,0.21611,15497544.155278
1756681200000,0.21609,0.21609,0.21324,0.21373,26411993.691739
1756684800000,0.21371,0.21386,0.211,0.21284,35117767.846199
1756688400000,0.21285,0.21409,0.2117,0.21277,18289255.307733
1756692000000,0.21279,0.21292,0.20878,0.21,45280458.806129
1756695600000,0.21001,0.2108,0.209,0.21047,33130536.944561
1756699200000,0.21048,0.21076,0.20839,0.20922,31112299.401525
1756702800000,0.20924,0.21095,0.2082,0.2103,38786175.600958
1756706400000,0.2103,0.21151,0.20918,0.2109,23809641.120837
1756710000000,0.21086,0.21799,0.20982,0.21794,60694738.867105
1756713600000,0.21793,0.21936,0.2161,0.21888,68332137.710477
1756717200000,0.21885,0.21985,0.21779,0.218,62282760.182134
1756720800000,0.21802,0.21866,0.21513,0.21654,31073359.045322
1756724400000,0.2165,0.21719,0.21528,0.21591,18090661.22801
1756728000000,0.21591,0.21716,0.2152,0.21614,23293593.931279
1756731600000,0.21616,0.21681,0.2142,0.21458,25860746.243139
1756735200000,0.21459,0.21632,0.2141,0.21537,15843452.414082
1756738800000,0.21536,0.21621,0.21272,0.21341,22014498.331949
1756742400000,0.21338,0.21349,0.21112,0.21156,27243268.0632
1756746000000,0.21156,0.21249,0.2102,0.2107,29572066.207753
1756749600000,0.21069,0.21307,0.21053,0.21275,14424912.40232
1756753200000,0.21275,0.21331,0.21173,0.21237,8461082.957825
1756756800000,0.21238,0.2128,0.20666,0.20913,72031754.427731
1756760400000,0.2091,0.20949,0.20469,0.20654,71562391.006075
1756764000000,0.20654,0.20783,0.20558,0.20757,23931485.430233
1756767600000,0.20755,0.21113,0.20751,0.21076,22286746.974197
1756771200000,0.21075,0.21174,0.20945,0.20993,17365614.720007
1756774800000,0.20991,0.21212,0.20922,0.21059,17191956.914078
1756778400000,0.21059,0.213,0.20984,0.21291,16769879.349773
1756782000000,0.21289,0.21418,0.21227,0.2134,33096487.088719
1756785600000,0.2134,0.21422,0.21264,0.21417,13661309.589629
1756789200000,0.21418,0.21442,0.21337,0.2142,18270998.908559
1756792800000,0.21423,0.21491,0.21392,0.21429,11567543.910231
1756796400000,0.2143,0.21438,0.2117,0.21228,16487716.919214
1756800000000,0.21226,0.21411,0.21217,0.21329,20874352.928325
1756803600000,0.21329,0.21405,0.21283,0.2134,19111739.341213
1756807200000,0.21344,0.21357,0.21262,0.21329,5412438.924237
1756810800000,0.2133,0.21337,0.21114,0.2115,10554378.505655
1756814400000,0.21149,0.2118,0.20654,0.20692,110514225.639171
1756818000000,0.20694,0.21355,0.20681,0.2128,126945134.515046
1756821600000,0.21281,0.21396,0.21084,0.2129,52597005.932406
1756825200000,0.21288,0.21303,0.20893,0.20936,23507513.692367
1756828800000,0.20935,0.2125,0.2093,0.21194,33820976.505144
1756832400000,0.212,0.21322,0.21182,0.21223,19575900.682485
1756836000000,0.21218,0.21253,0.20971,0.21168,15438658.247105
1756839600000,0.21168,0.21258,0.21022,0.21125,12873381.902427
1756843200000,0.21125,0.21415,0.2108,0.21355,20557272.782206
1756846800000,0.21358,0.21564,0.21322,0.21494,24072333.985776
1756850400000,0.21492,0.21506,0.21374,0.2149,11487775.668304
1756854000000,0.2149,0.21544,0.21433,0.21485,5316188.16303
1756857600000,0.21488,0.21547,0.21369,0.21388,11878364.083559
1756861200000,0.21387,0.21496,0.21247,0.21493,13013735.722651
1756864800000,0.2149,0.21686,0.21387,0.2161,28760390.233292
1756868400000,0.21611,0.21645,0.21457,0.2153,13666112.537904
1756872000000,0.21528,0.21559,0.21435,0.2152,15592045.428795
1756875600000,0.21522,0.2153,0.21417,0.21463,7663143.527553
1756879200000,0.21463,0.21625,0.21407,0.21588,18394981.783459
1756882800000,0.21587,0.21634,0.21483,0.21609,25579541.435824
1756886400000,0.21605,0.21722,0.21512,0.21562,24667498.56261
1756890000000,0.21563,0.2165,0.21472,0.21639,12313112.548756
1756893600000,0.21644,0.21723,0.21584,0.21653,19716898.822389
1756897200000,0.21652,0.21698,0.2163,0.21644,11220793.297314
1756900800000,0.21644,0.21683,0.21506,0.21549,15699225.861489
1756904400000,0.21549,0.2189,0.21532,0.217,31977728.032557
1756908000000,0.21704,0.21971,0.21668,0.21878,55252644.036077
1756911600000,0.21879,0.21968,0.2181,0.21887,58139390.540274
1756915200000,0.21887,0.21932,0.2174,0.21789,13067391.199856
1756918800000,0.21788,0.2199,0.21788,0.2193,18328152.330201
1756922400000,0.2193,0.21981,0.21859,0.2191,7494671.832893
1756926000000,0.21908,0.22144,0.21861,0.22121,18425391.129286
1756929600000,0.22122,0.22351,0.22122,0.22159,39601852.964654
1756933200000,0.22163,0.22214,0.22052,0.22103,11749088.024905
1756936800000,0.22101,0.22246,0.22072,0.22122,21462582.571499
1756940400000,0.22123,0.22145,0.22027,0.22029,10112900.534246
1756944000000,0.22029,0.22107,0.21986,0.22003,10542221.972604
1756947600000,0.22005,0.22007,0.21862,0.21927,17253260.71379
1756951200000,0.21924,0.21936,0.2174,0.21771,21928510.979461
1756954800000,0.21771,0.21784,0.216,0.21643,20898384.721396
1756958400000,0.21644,0.21743,0.21621,0.21662,14095494.085227
1756962000000,0.21663,0.21663,0.21452,0.2155,27493959.03489
1756965600000,0.21551,0.21554,0.21414,0.21432,18786637.510638
1756969200000,0.21431,0.21564,0.21422,0.2153,12859694.075529
1756972800000,0.2153,0.21643,0.2149,0.21495,16251446.743291
1756976400000,0.21497,0.21564,0.2148,0.21562,10554159.580383
1756980000000,0.21563,0.21646,0.21541,0.21561,12462746.462544
1756983600000,0.2156,0.21665,0.21526,0.21562,12847393.814908
1756987200000,0.21563,0.21705,0.2155,0.21669,19249427.043126
1756990800000,0.21669,0.21697,0.215,0.21536,15898576.818745
1756994400000,0.21538,0.2155,0.21278,0.21426,29193525.742932
1756998000000,0.21427,0.2144,0.21162,0.21233,31194878.221186
1757001600000,0.21233,0.2129,0.21166,0.21218,16102686.29171
1757005200000,0.21219,0.21355,0.21193,0.21197,14760267.655448
1757008800000,0.21199,0.21314,0.21091,0.21135,15809267.815596
1757012400000,0.21136,0.21215,0.2105,0.21078,11414249.2202
1757016000000,0.21075,0.21249,0.21058,0.21216,11120165.779754
1757019600000,0.21218,0.21303,0.21193,0.21279,10318294.533507
1757023200000,0.21279,0.21441,0.21266,0.2143,14928185.729401
1757026800000,0.2143,0.21473,0.21227,0.21242,14342885.779753
1757030400000,0.21239,0.21371,0.21181,0.21215,14874946.655684
1757034000000,0.21216,0.21453,0.21188,0.21418,17027244.116655
1757037600000,0.21417,0.21504,0.2139,0.21455,11026795.548536
1757041200000,0.21458,0.21459,0.21291,0.21429,13528577.929612
1757044800000,0.2143,0.21438,0.21353,0.2142,13211664.952963
1757048400000,0.21419,0.2146,0.21389,0.21428,8993741.291305
1757052000000,0.21429,0.21492,0.21371,0.21491,9076251.164705
1757055600000,0.21492,0.21839,0.21485,0.21818,45595547.769413
1757059200000,0.21809,0.21815,0.21643,0.21682,27237396.598252
1757062800000,0.21689,0.21702,0.21529,0.21651,21180369.955557
1757066400000,0.21652,0.21731,0.21628,0.21628,14953967.407222
1757070000000,0.21629,0.21703,0.21603,0.21676,9645873.939425
1757073600000,0.21676,0.22039,0.21633,0.22029,86213143.815533
1757077200000,0.2203,0.22096,0.21921,0.22012,51033225.530258
1757080800000,0.2201,0.22013,0.21254,0.21308,108173350.299803
1757084400000,0.21305,0.21549,0.21243,0.21423,29988135.481966
1757088000000,0.21424,0.2153,0.21373,0.21493,14405463.886735
1757091600000,0.21492,0.21521,0.21364,0.21466,13406741.318905
1757095200000,0.21467,0.21649,0.21392,0.21608,13287299.914843
1757098800000,0.21607,0.21735,0.21578,0.21734,13262791.610744
1757102400000,0.21733,0.22008,0.21712,0.22008,27715187.861101
1757106000000,0.22009,0.22019,0.21701,0.2179,44678012.184281
1757109600000,0.2179,0.21878,0.21716,0.21842,10499865.353817
1757113200000,0.21843,0.21891,0.21771,0.21784,16385596.038304
1757116800000,0.21786,0.21887,0.21772,0.21807,15280743.96374
1757120400000,0.21807,0.21825,0.21746,0.21772,7698157.543285
1757124000000,0.21773,0.21805,0.21682,0.21799,11261178.8212
1757127600000,0.21798,0.21821,0.21729,0.21771,6889856.0177
1757131200000,0.21771,0.21786,0.21579,0.21621,12970488.399009
1757134800000,0.21621,0.21624,0.2152,0.21551,15128505.516081
1757138400000,0.21551,0.21603,0.21534,0.21592,6827189.051396
1757142000000,0.21593,0.2161,0.21576,0.21589,6694292.710623
1757145600000,0.2159,0.21601,0.21525,0.21532,10361649.780163
1757149200000,0.21533,0.21533,0.2142,0.21431,23269096.868847
1757152800000,0.21431,0.21482,0.21396,0.21476,12244899.724348
1757156400000,0.21476,0.21476,0.21405,0.2143,4489491.341681
1757160000000,0.2143,0.21447,0.21333,0.21409,17028913.206613
1757163600000,0.2141,0.21462,0.21377,0.21428,9881908.733154
1757167200000,0.21428,0.21526,0.21413,0.21469,15944038.235843
1757170800000,0.2147,0.21586,0.2137,0.21391,24266565.419348
1757174400000,0.21391,0.21547,0.21351,0.21469,18461984.087501
1757178000000,0.21468,0.21489,0.21354,0.21376,6888503.525671
1757181600000,0.21377,0.21439,0.21357,0.2142,4384782.646856
1757185200000,0.21421,0.2143,0.21227,0.21283,14016716.415811
1757188800000,0.21285,0.21451,0.21274,0.21451,14431935.600981
1757192400000,0.21452,0.21516,0.21426,0.21516,7121895.45857
1757196000000,0.21517,0.2163,0.21497,0.21558,16059582.087169
1757199600000,0.21558,0.21806,0.21523,0.21591,41598566.328696
1757203200000,0.21593,0.21685,0.21569,0.21657,10290313.684333
1757206800000,0.21656,0.21721,0.21631,0.21688,10335145.641198
1757210400000,0.21688,0.2174,0.21645,0.21732,8606044.549235
1757214000000,0.21733,0.2174,0.21623,0.2165,8405926.961719
1757217600000,0.2165,0.21735,0.2161,0.21719,18446962.537831
1757221200000,0.21719,0.21763,0.21673,0.21748,8923850.940322
1757224800000,0.21748,0.21757,0.21656,0.21675,4819125.805291
1757228400000,0.21675,0.2177,0.2166,0.21731,6447891.928039
1757232000000,0.2173,0.21832,0.21728,0.21746,18787271.222956
1757235600000,0.21746,0.218,0.21693,0.21743,9663875.140597
1757239200000,0.21743,0.21811,0.2173,0.21805,11145099.934512
1757242800000,0.21802,0.21954,0.21788,0.21921,42455917.806819
1757246400000,0.21922,0.21923,0.21829,0.21854,16111142.92388
1757250000000,0.21855,0.21941,0.21836,0.21913,28369373.071437
1757253600000,0.21911,0.22518,0.21879,0.22272,184507292.42326
1757257200000,0.22275,0.22503,0.22258,0.22367,45302861.282037
1757260800000,0.22368,0.22463,0.22218,0.22275,22375461.473348
1757264400000,0.22275,0.2232,0.22137,0.22137,14255885.697399
1757268000000,0.22138,0.222,0.22024,0.22119,14167278.288166
1757271600000,0.2212,0.22273,0.2212,0.22229,7112689.278404
1757275200000,0.22229,0.224,0.22215,0.22391,8973783.373482
1757278800000,0.22392,0.22436,0.22377,0.22381,16485494.513058
1757282400000,0.2238,0.22821,0.22375,0.22783,50490959.907398
1757286000000,0.22785,0.2293,0.22733,0.22877,34649702.968118
1757289600000,0.22877,0.22894,0.2265,0.22718,46751249.491418
1757293200000,0.22718,0.2288,0.22677,0.22792,35311017.291285
1757296800000,0.22792,0.23246,0.22728,0.23223,52384164.691861
1757300400000,0.23224,0.23498,0.23149,0.2317,75617109.161606
1757304000000,0.23166,0.2323,0.23044,0.23134,33274619.58938
1757307600000,0.2314,0.23278,0.23092,0.23245,22155638.336475
1757311200000,0.23247,0.23278,0.23129,0.23164,17052239.085821
1757314800000,0.23163,0.23299,0.23088,0.23261,20135496.200575
1757318400000,0.23261,0.23435,0.23246,0.23295,31667190.749286
1757322000000,0.23295,0.23465,0.2326,0.23376,31438229.062295
1757325600000,0.23377,0.23472,0.23282,0.23406,24580913.001389
1757329200000,0.23405,0.23413,0.23242,0.23337,26059797.108063
1757332800000,0.23337,0.23584,0.23294,0.2351,29641082.539608
1757336400000,0.2351,0.23986,0.23499,0.23614,123359223.317355
1757340000000,0.23615,0.23946,0.23605,0.23832,42557489.387914
1757343600000,0.23835,0.23888,0.23691,0.23833,31898567.083216
1757347200000,0.23833,0.23975,0.23652,0.23732,45667415.810922
1757350800000,0.23732,0.23965,0.23646,0.23766,21950880.744829
1757354400000,0.23767,0.23933,0.23764,0.23894,10909042.763325
1757358000000,0.23893,0.23913,0.2369,0.2376,11056036.303964
1757361600000,0.23763,0.23948,0.23722,0.23938,18405270.469457
1757365200000,0.23939,0.24345,0.23883,0.24178,52766744.921051
1757368800000,0.24178,0.24415,0.24175,0.24297,26055570.892634
1757372400000,0.24299,0.24408,0.24155,0.24169,31371132.798139
1757376000000,0.2417,0.24395,0.23726,0.23863,65088224.858404
1757379600000,0.23861,0.2394,0.23626,0.23727,41751449.400246
1757383200000,0.2373,0.23753,0.23355,0.23455,67830232.846897
1757386800000,0.23454,0.23685,0.23424,0.23648,43250342.306756
1757390400000,0.23649,0.23755,0.23522,0.23665,38272727.977813
1757394000000,0.23665,0.23755,0.23556,0.23744,18980996.977357
1757397600000,0.23746,0.24215,0.23711,0.24107,58775204.329825
1757401200000,0.24111,0.24204,0.23945,0.24024,38948747.366765
1757404800000,0.24024,0.24155,0.23982,0.24154,21650953.680957
1757408400000,0.24155,0.24161,0.23989,0.24078,13510010.780747
1757412000000,0.2408,0.24264,0.24044,0.24087,43443671.843643
1757415600000,0.24088,0.24219,0.24057,0.24155,15810434.014838
1757419200000,0.24156,0.24956,0.24096,0.24575,132106896.692284
1757422800000,0.24575,0.24856,0.24446,0.24693,57379739.041862
1757426400000,0.24695,0.24787,0.23756,0.24046,140184509.595885
1757430000000,0.24045,0.24088,0.23662,0.23824,68396114.40893
1757433600000,0.23824,0.24003,0.2374,0.23996,37706708.759518
1757437200000,0.23996,0.24197,0.23796,0.23998,36528365.154459
1757440800000,0.23996,0.2411,0.23895,0.24052,15068461.935047
1757444400000,0.24053,0.24343,0.24033,0.24125,17344971.436132
1757448000000,0.24124,0.24191,0.24012,0.24165,12244830.721901
1757451600000,0.24163,0.24275,0.2402,0.24029,12174767.362235
1757455200000,0.24029,0.24146,0.23944,0.2414,8511205.090818
1757458800000,0.24143,0.2421,0.24014,0.24062,11522114.578941
1757462400000,0.24064,0.24093,0.23679,0.23726,41876364.643636
1757466000000,0.23726,0.23967,0.23615,0.23875,22413539.830163
1757469600000,0.23877,0.24207,0.23872,0.24082,33115908.976441
1757473200000,0.24081,0.24148,0.23982,0.24108,11752040.398211
1757476800000,0.24109,0.24109,0.23952,0.2404,15728128.66119
1757480400000,0.24039,0.24057,0.23844,0.23956,16756430.151092
1757484000000,0.23956,0.24086,0.23844,0.23997,16662304.489558
1757487600000,0.23999,0.24243,0.23978,0.24133,24894510.831877
1757491200000,0.24137,0.24248,0.24039,0.24066,18145916.394403
1757494800000,0.24068,0.24188,0.23941,0.24172,18497819.314665
1757498400000,0.2417,0.2418,0.23989,0.24026,14687210.664628
1757502000000,0.24027,0.24113,0.23959,0.24018,12288136.457536
1757505600000,0.24018,0.24529,0.23996,0.24249,75979552.529588
1757509200000,0.24249,0.2457,0.24183,0.2445,73374766.468037
1757512800000,0.24451,0.24525,0.24291,0.24349,42840878.901315
1757516400000,0.24349,0.24534,0.24349,0.24365,35288844.233911
1757520000000,0.24366,0.24848,0.24235,0.24796,53128673.275113
1757523600000,0.24794,0.24866,0.24417,0.2454,37494717.279616
1757527200000,0.24537,0.24594,0.24293,0.24452,18836857.832897
1757530800000,0.24454,0.24467,0.23834,0.23986,41977099.631885
1757534400000,0.23988,0.24193,0.23972,0.24161,16005271.724296
1757538000000,0.24163,0.24444,0.24132,0.24379,29626557.072201
1757541600000,0.24374,0.24496,0.24355,0.24463,10572630.8099
1757545200000,0.24461,0.24572,0.2442,0.24532,15316133.929468
1757548800000,0.24533,0.24629,0.24376,0.2458,23499586.323502
1757552400000,0.24578,0.24731,0.24531,0.2457,24522804.927307
1757556000000,0.2457,0.24692,0.24543,0.24632,12864895.667345
1757559600000,0.24632,0.25347,0.24629,0.2523,108748955.35417
1757563200000,0.25227,0.25323,0.25132,0.25253,39685843.204041
1757566800000,0.25253,0.25284,0.24927,0.25006,42594711.648975
1757570400000,0.25004,0.25157,0.24951,0.25052,23057948.791981
1757574000000,0.25054,0.25055,0.24824,0.24969,28872838.702092
1757577600000,0.2497,0.25011,0.24877,0.24989,14820369.767008
1757581200000,0.24986,0.2501,0.24883,0.24973,15744238.460989
1757584800000,0.24972,0.25148,0.24943,0.251,16136421.351131
1757588400000,0.25099,0.25183,0.25011,0.25091,27214167.787043
1757592000000,0.25091,0.25473,0.24202,0.24798,215376751.065598
1757595600000,0.24798,0.25099,0.24523,0.25099,98750796.436174
1757599200000,0.25098,0.251,0.2475,0.24958,38507435.425333
1757602800000,0.24958,0.24963,0.24618,0.24694,29109537.720685
1757606400000,0.24694,0.24999,0.24692,0.24972,39356247.382282
1757610000000,0.24972,0.2508,0.24913,0.24998,38077309.026759
1757613600000,0.24996,0.2517,0.24954,0.25126,23169658.04329
1757617200000,0.25126,0.25286,0.25071,0.25217,29183347.43106
1757620800000,0.25222,0.25227,0.25011,0.25039,14855082.793064
1757624400000,0.25035,0.25306,0.25015,0.2528,26686713.744364
1757628000000,0.25274,0.25668,0.25247,0.25534,56812698.022761
1757631600000,0.25533,0.25696,0.25529,0.25607,31340385.729274
1757635200000,0.25604,0.26469,0.25482,0.26176,111370498.645465
1757638800000,0.26179,0.26358,0.25881,0.25901,56498592.436578
1757642400000,0.25902,0.26191,0.25896,0.26162,41233839.814017
1757646000000,0.26161,0.26179,0.25955,0.26095,47897213.920232
1757649600000,0.26095,0.26218,0.25991,0.26133,30774215.502923
1757653200000,0.26133,0.26389,0.26088,0.26329,41750175.168897
1757656800000,0.26331,0.26333,0.2605,0.26096,28453685.110394
1757660400000,0.26096,0.26192,0.25902,0.26014,30504550.082918
1757664000000,0.26016,0.26085,0.25848,0.2598,24020961.875429
1757667600000,0.25981,0.26097,0.259,0.26014,45401906.026003
1757671200000,0.26014,0.26099,0.25912,0.26019,23442901.946893
1757674800000,0.2602,0.26173,0.25968,0.25989,21039502.800266
1757678400000,0.2599,0.263,0.25784,0.26259,51154425.040594
1757682000000,0.2626,0.26283,0.26089,0.26176,34598333.218941
1757685600000,0.26175,0.26578,0.26122,0.26397,85330586.22749
1757689200000,0.26396,0.2672,0.26294,0.26638,45516717.945066
1757692800000,0.26635,0.27299,0.26497,0.27089,125377252.342892
1757696400000,0.2709,0.27315,0.2694,0.27003,55914516.242007
1757700000000,0.27003,0.27205,0.26952,0.27137,23468649.523092
1757703600000,0.27138,0.27233,0.27007,0.27159,26863031.059207
1757707200000,0.27155,0.27399,0.2708,0.27205,29138040.697206
1757710800000,0.27207,0.27234,0.26991,0.27183,29691541.10241
1757714400000,0.27184,0.27858,0.27184,0.27777,69968317.809306
1757718000000,0.27783,0.27788,0.27488,0.27553,34713873.933424
1757721600000,0.27554,0.27825,0.27268,0.2773,84120719.143998
1757725200000,0.27727,0.28274,0.27697,0.27719,114841721.64281
1757728800000,0.27718,0.27892,0.27536,0.27809,39298636.477179
1757732400000,0.27806,0.28066,0.27789,0.28025,27456146.858624
1757736000000,0.28025,0.2858,0.27983,0.28431,67024309.585614
1757739600000,0.2843,0.28454,0.28094,0.28245,51716131.563583
1757743200000,0.28245,0.28543,0.2824,0.28379,48475078.415935
1757746800000,0.28381,0.28446,0.2822,0.28312,27885061.534306
1757750400000,0.28312,0.28634,0.28242,0.28632,45282925.074439
1757754000000,0.28632,0.29946,0.28561,0.29859,225532179.042253
1757757600000,0.29858,0.29858,0.29146,0.29379,136688398.938954
1757761200000,0.29379,0.29667,0.29161,0.2962,69828444.954488
1757764800000,0.2962,0.29633,0.29229,0.29564,58701096.510003
1757768400000,0.29566,0.3068,0.29163,0.29699,305275325.269679
1757772000000,0.297,0.30017,0.29248,0.29692,124441559.176584
1757775600000,0.29691,0.30486,0.29439,0.29698,154221206.067814
1757779200000,0.29697,0.30093,0.29265,0.29327,150122437.679104
1757782800000,0.29326,0.29379,0.281,0.2871,206555131.728017
1757786400000,0.28709,0.28798,0.284,0.28707,51151043.138172
1757790000000,0.28707,0.28728,0.28476,0.28614,26353780.782157
1757793600000,0.28615,0.28947,0.28585,0.28858,36873173.025327
1757797200000,0.28854,0.29235,0.28842,0.28925,34257975.035616
1757800800000,0.28925,0.28965,0.28709,0.28838,22975787.660702
1757804400000,0.28838,0.29118,0.28816,0.28936,26632291.978136
1757808000000,0.28939,0.29073,0.28496,0.28608,51003528.697015
1757811600000,0.28606,0.28986,0.2814,0.2894,127166441.739836
1757815200000,0.28942,0.29513,0.28892,0.29251,87703972.972654
1757818800000,0.29251,0.29273,0.28526,0.28634,79119029.16958
1757822400000,0.28636,0.28781,0.28355,0.28668,44705618.407716
1757826000000,0.28669,0.28947,0.28597,0.28936,24538883.487058
1757829600000,0.28936,0.29118,0.28813,0.29078,29702223.690132
1757833200000,0.2908,0.29249,0.28895,0.29167,57138033.288882
1757836800000,0.2917,0.2923,0.28983,0.291,29949901.42704
1757840400000,0.291,0.29331,0.29027,0.29109,44547326.559065
1757844000000,0.2911,0.29165,0.28865,0.28987,28959409.623876
1757847600000,0.28986,0.2901,0.28476,0.28553,59159024.68359
1757851200000,0.28552,0.28727,0.2825,0.285,61299348.909778
1757854800000,0.28505,0.28569,0.28022,0.28225,77949448.59591
1757858400000,0.28225,0.28469,0.2741,0.27676,179676584.776031
1757862000000,0.27676,0.27742,0.27265,0.27381,109559756.891595
1757865600000,0.27384,0.27713,0.27275,0.27618,70191906.650449
1757869200000,0.27616,0.28341,0.27491,0.28165,90346954.282638
1757872800000,0.28164,0.2821,0.27728,0.27802,40133669.14643
1757876400000,0.27801,0.27981,0.27679,0.27789,26026033.036948
1757880000000,0.27786,0.27965,0.2774,0.2791,20450766.724422
1757883600000,0.2791,0.2829,0.27701,0.28138,44967739.246191
1757887200000,0.28144,0.28264,0.27882,0.28117,23533697.636325
1757890800000,0.2811,0.28127,0.27732,0.27794,34930860.451198
1757894400000,0.27793,0.28079,0.27758,0.2781,38149301.010576
1757898000000,0.2781,0.2805,0.27413,0.2789,48804922.103995
1757901600000,0.2789,0.28144,0.27757,0.27794,33823836.481831
1757905200000,0.27798,0.28062,0.27772,0.28014,21585646.526212
1757908800000,0.28011,0.28207,0.279,0.28014,61417878.685575
1757912400000,0.28015,0.28187,0.2793,0.28161,29791476.799976
1757916000000,0.28161,0.28182,0.27375,0.27502,67530663.551354
1757919600000,0.27501,0.27666,0.26716,0.26827,138692013.410762
1757923200000,0.26826,0.26832,0.25841,0.25972,254773628.615664
1757926800000,0.25973,0.2638,0.25893,0.26341,87333800.168807
1757930400000,0.2634,0.26467,0.26136,0.26422,43023998.69286
1757934000000,0.26423,0.26582,0.26347,0.26527,41148132.955856
1757937600000,0.26529,0.26552,0.2618,0.26238,46900827.720262
1757941200000,0.26238,0.26514,0.26155,0.26351,60226361.718723
1757944800000,0.26352,0.26478,0.26105,0.26256,44599068.199753
1757948400000,0.26256,0.2646,0.26179,0.26415,46357205.581026
1757952000000,0.26415,0.26683,0.262,0.26329,54213973.596077
1757955600000,0.26328,0.26636,0.26291,0.26621,30671730.033881
1757959200000,0.2662,0.26621,0.26394,0.26453,25602995.105749
1757962800000,0.26452,0.2665,0.26288,0.26412,33296729.120346
1757966400000,0.26409,0.26749,0.2634,0.26745,57901436.439606
1757970000000,0.26746,0.2694,0.26572,0.26849,32483604.556379
1757973600000,0.2685,0.26899,0.266,0.26726,25473894.897723
1757977200000,0.26723,0.269,0.2666,0.26832,17055402.557519
1757980800000,0.26832,0.26832,0.2656,0.26696,25672916.20584
1757984400000,0.26697,0.27014,0.26674,0.26777,34580473.781076
1757988000000,0.26778,0.26938,0.2659,0.26615,28049110.268912
1757991600000,0.26615,0.26853,0.26611,0.2672,21494386.763727
1757995200000,0.2672,0.2675,0.26231,0.26524,61762242.823561
1757998800000,0.26522,0.2685,0.26451,0.26808,43323485.61647
1758002400000,0.26809,0.26954,0.26392,0.2663,50810772.612935
1758006000000,0.26631,0.26816,0.26612,0.26768,19175839.593972
1758009600000,0.26768,0.2696,0.26627,0.26729,50564197.212279
1758013200000,0.2673,0.2675,0.26519,0.26581,30343342.602531
1758016800000,0.26582,0.26591,0.26332,0.2636,66727592.04378
1758020400000,0.26359,0.26565,0.26345,0.26455,23994850.178134
1758024000000,0.26455,0.2665,0.26395,0.26615,35957312.726086
1758027600000,0.26617,0.267,0.25823,0.26205,113514102.1147
1758031200000,0.26208,0.26232,0.25693,0.26185,84319875.153986
1758034800000,0.26187,0.26655,0.26013,0.26627,74511019.083765
1758038400000,0.26631,0.26786,0.26439,0.26532,46853909.932152
1758042000000,0.26531,0.26989,0.26516,0.26667,59051895.756358
1758045600000,0.26667,0.26866,0.26625,0.26785,30299723.493968
1758049200000,0.26784,0.2692,0.26706,0.26844,14125125.699798
1758052800000,0.26845,0.26882,0.26736,0.26814,14945288.715168
1758056400000,0.26814,0.26958,0.26767,0.26939,27139583.606945
1758060000000,0.2694,0.27201,0.26877,0.27077,42502398.857823
1758063600000,0.27077,0.27108,0.26917,0.26999,24838665.427602
1758067200000,0.26998,0.27135,0.26819,0.26982,24629713.787305
1758070800000,0.26985,0.27049,0.26781,0.26873,21036071.967181
1758074400000,0.26874,0.2701,0.26752,0.26846,19070541.13431
1758078000000,0.26844,0.2695,0.2662,0.26667,29262202.641595
1758081600000,0.26668,0.26776,0.26387,0.265,28322337.294374
1758085200000,0.26496,0.26731,0.26419,0.2671,32148815.539156
1758088800000,0.26712,0.26938,0.26654,0.26914,29679688.49243
1758092400000,0.26913,0.27008,0.26826,0.26843,28118876.923857
1758096000000,0.26844,0.26865,0.26586,0.26711,27911382.332648
1758099600000,0.2671,0.26845,0.26622,0.26664,17871023.205488
1758103200000,0.26664,0.26744,0.26446,0.26504,29862069.904328
1758106800000,0.26504,0.26615,0.26474,0.26541,17122577.566402
1758110400000,0.26542,0.26759,0.26458,0.26677,26937968.672625
1758114000000,0.2668,0.26793,0.26482,0.26666,32350323.919465
1758117600000,0.26666,0.26725,0.26237,0.26453,41073364.330088
1758121200000,0.26454,0.2665,0.26438,0.26539,23320191.101894
1758124800000,0.26538,0.26714,0.26306,0.26694,20928238.073001
1758128400000,0.26693,0.2722,0.261,0.26143,81790576.656898
1758132000000,0.26135,0.27042,0.26002,0.26357,199406701.120837
1758135600000,0.26357,0.27449,0.2634,0.27277,92325471.879709
1758139200000,0.2727,0.27489,0.26886,0.26947,53887382.890588
1758142800000,0.26946,0.27469,0.26692,0.27461,56671166.887969
1758146400000,0.27462,0.28343,0.27456,0.28145,119899030.34692
1758150000000,0.28144,0.28385,0.27971,0.28256,82624710.06871
1758153600000,0.28257,0.28592,0.28112,0.28166,90522120.938791
1758157200000,0.28164,0.28329,0.28071,0.28155,44996927.809188
1758160800000,0.28159,0.28173,0.27823,0.28136,74655524.715145
1758164400000,0.28137,0.28346,0.28093,0.28298,47664073.178899
1758168000000,0.28302,0.28349,0.2812,0.28224,30095126.115216
1758171600000,0.28222,0.28229,0.27921,0.27978,25169069.151466
1758175200000,0.27979,0.28024,0.27632,0.27865,52224474.603133
1758178800000,0.27867,0.28042,0.27825,0.27985,27995758.237446
1758182400000,0.27985,0.28207,0.27907,0.28177,27237252.808855
1758186000000,0.28177,0.28197,0.28009,0.28124,17608730.052447
1758189600000,0.28125,0.2815,0.27824,0.27878,30808566.893095
1758193200000,0.27879,0.28072,0.27864,0.27956,35636933.555844
1758196800000,0.27955,0.28235,0.27869,0.28112,37473094.920904
1758200400000,0.2811,0.28448,0.27957,0.28113,88471912.758535
1758204000000,0.28111,0.2829,0.28014,0.28162,50988332.818949
1758207600000,0.28162,0.28776,0.28095,0.28663,81735779.200874
1758211200000,0.28662,0.2888,0.28444,0.28476,70639704.224872
1758214800000,0.28474,0.28605,0.2827,0.28377,39925103.309586
1758218400000,0.28377,0.28614,0.28266,0.2848,21102531.899848
1758222000000,0.28479,0.28486,0.28084,0.28194,30810396.95242
1758225600000,0.28198,0.28261,0.28094,0.28101,9019068.522241
1758229200000,0.28101,0.28191,0.27985,0.28091,15437243.805887
1758232800000,0.28088,0.2812,0.27743,0.27777,42371143.591287
1758236400000,0.27778,0.27897,0.27558,0.2786,45391315.93889
1758240000000,0.2786,0.28278,0.2784,0.28274,44502398.156656
1758243600000,0.28273,0.28489,0.27967,0.28099,53466084.539027
1758247200000,0.28098,0.28154,0.27866,0.27901,26112728.276948
1758250800000,0.27901,0.28029,0.27643,0.27692,50530999.230546
1758254400000,0.27691,0.27739,0.27346,0.27723,67209961.950431
1758258000000,0.27723,0.27744,0.27451,0.27627,22333971.378912
1758261600000,0.27626,0.27636,0.27381,0.27413,25870362.354223
1758265200000,0.2741,0.276,0.27332,0.27518,39516584.85294
1758268800000,0.27513,0.27693,0.275,0.2753,20524403.230929
1758272400000,0.27533,0.27624,0.27246,0.27358,29506664.081444
1758276000000,0.27357,0.27403,0.27235,0.27369,22875345.26041
1758279600000,0.27366,0.27378,0.2702,0.27126,59553831.113493
1758283200000,0.27122,0.27233,0.26979,0.27081,30317150.532285
1758286800000,0.2708,0.27236,0.26984,0.2718,49530289.991415
1758290400000,0.27178,0.27268,0.26829,0.26889,58100528.048403
1758294000000,0.26892,0.26923,0.26424,0.26664,104502192.264319
1758297600000,0.26669,0.26839,0.26627,0.2681,25849866.918288
1758301200000,0.26814,0.26821,0.2648,0.26512,37509628.703236
1758304800000,0.26511,0.26618,0.26273,0.26542,23872110.565368
1758308400000,0.26543,0.26642,0.2648,0.26482,9187652.140491
1758312000000,0.26484,0.26688,0.26475,0.26586,19161808.969093
1758315600000,0.26582,0.2672,0.26495,0.26716,15232909.274153
1758319200000,0.26713,0.26744,0.26655,0.26686,9823747.379335
1758322800000,0.26685,0.26694,0.2632,0.26528,23341701.473271
1758326400000,0.26528,0.26744,0.26478,0.26736,21047797.754838
1758330000000,0.26734,0.26735,0.26497,0.2652,15336334.714907
1758333600000,0.26521,0.26544,0.263,0.26526,35669636.740608
1758337200000,0.26525,0.26539,0.26402,0.26501,7560216.845403
1758340800000,0.26503,0.26599,0.26411,0.26561,12084430.045761
1758344400000,0.26562,0.26695,0.26506,0.26693,16566549.657922
1758348000000,0.26693,0.26693,0.26576,0.26614,21789737.837785
1758351600000,0.26613,0.26664,0.26495,0.2666,25533612.805884
1758355200000,0.2666,0.2666,0.26408,0.26422,17422097.041852
1758358800000,0.26422,0.26497,0.2633,0.26399,16232799.111048
1758362400000,0.264,0.26495,0.26364,0.26374,13346503.717788
1758366000000,0.26377,0.26533,0.2636,0.26516,14645785.33065
1758369600000,0.26516,0.26543,0.26419,0.26484,8149260.868946
1758373200000,0.26486,0.26675,0.26448,0.26564,17336218.647885
1758376800000,0.26565,0.2667,0.26428,0.26658,23568782.431443
1758380400000,0.26658,0.26947,0.26656,0.26883,45936898.041814
1758384000000,0.26882,0.26916,0.26673,0.26842,26944900.098842
1758387600000,0.26841,0.26867,0.26651,0.26774,23669509.288828
1758391200000,0.26773,0.26773,0.26579,0.26612,11751865.379654
1758394800000,0.26614,0.26698,0.26546,0.2662,7641621.052596
1758398400000,0.26619,0.26721,0.26597,0.26709,4247219.127807
1758402000000,0.2671,0.26865,0.26707,0.26798,10155373.391811
1758405600000,0.26796,0.2689,0.26731,0.26824,4632601.202211
1758409200000,0.26824,0.26828,0.26676,0.2676,4872062.715778
1758412800000,0.2676,0.26899,0.26689,0.2686,9190877.752808
1758416400000,0.26862,0.26918,0.26718,0.26759,14295190.095611
1758420000000,0.26759,0.26887,0.26731,0.26843,12288360.900166
1758423600000,0.26842,0.26967,0.2679,0.26954,8062730.536743
1758427200000,0.26955,0.26967,0.26813,0.26856,7685438.275254
1758430800000,0.26857,0.26897,0.26773,0.26879,10132825.35692
1758434400000,0.26879,0.2696,0.2685,0.26877,15467571.780415
1758438000000,0.26877,0.26892,0.26799,0.26825,9119532.983684
1758441600000,0.26827,0.2685,0.26619,0.26662,18229663.989265
1758445200000,0.26663,0.26689,0.26354,0.26629,33227042.736792
1758448800000,0.26629,0.2673,0.26542,0.26557,13190090.84037
1758452400000,0.26556,0.26672,0.26523,0.26577,8162897.31653
1758456000000,0.26578,0.26783,0.26564,0.26668,16649118.196383
1758459600000,0.26665,0.26762,0.26647,0.26741,15004752.653344
1758463200000,0.2674,0.26795,0.26635,0.26657,9989651.940528
1758466800000,0.26656,0.26731,0.26544,0.26562,9120882.475118
1758470400000,0.26564,0.26608,0.26171,0.26318,40945244.84442
1758474000000,0.26318,0.26391,0.26063,0.26388,29469981.771165
1758477600000,0.26388,0.26447,0.26288,0.26427,11596250.488561
1758481200000,0.26428,0.26439,0.26227,0.26349,9319262.070748
1758484800000,0.26347,0.2638,0.26163,0.26208,6804512.356828
1758488400000,0.26207,0.26288,0.26144,0.2622,6990373.176846
1758492000000,0.2622,0.26311,0.26032,0.26293,12325849.396097
1758495600000,0.26293,0.26298,0.26046,0.26076,13206177.074489
1758499200000,0.26073,0.26233,0.24775,0.24995,241276355.082354
1758502800000,0.24995,0.25154,0.249,0.24983,90395475.23612
1758506400000,0.24982,0.25094,0.24517,0.247,107134610.408447
1758510000000,0.247,0.24895,0.24649,0.24882,36294177.426526
1758513600000,0.24882,0.24976,0.24817,0.24902,30193212.898934
1758517200000,0.24901,0.24944,0.24345,0.24386,46226916.321757
1758520800000,0.24387,0.24437,0.22888,0.24027,378017013.206089
1758524400000,0.24027,0.24043,0.2375,0.23773,58874040.902486
1758528000000,0.23773,0.2407,0.23633,0.23954,56926030.046873
1758531600000,0.23955,0.23981,0.23663,0.23759,57507705.879491
1758535200000,0.23759,0.23996,0.2368,0.23976,26760027.764572
1758538800000,0.23975,0.23997,0.23856,0.2392,18197870.351518
1758542400000,0.2392,0.24088,0.2383,0.24027,25290945.578185
1758546000000,0.24027,0.24278,0.23932,0.24184,49755745.933806
1758549600000,0.24181,0.24324,0.24005,0.24048,49228484.890418
1758553200000,0.24044,0.24106,0.23827,0.23951,40864174.626779
1758556800000,0.23951,0.2415,0.2387,0.23942,34397220.254486
1758560400000,0.23942,0.23986,0.2378,0.23929,46672153.4174
1758564000000,0.2392,0.23959,0.2376,0.23765,29902127.039995
1758567600000,0.23765,0.23827,0.23551,0.23631,39312058.582357
1758571200000,0.23629,0.23888,0.23592,0.23848,12264257.341504
1758574800000,0.23848,0.24148,0.23756,0.24142,19825769.980515
1758578400000,0.24142,0.24142,0.23968,0.2399,11108383.071472
1758582000000,0.23991,0.24171,0.23972,0.24124,10859722.899084
1758585600000,0.24125,0.24306,0.2405,0.24071,28812459.66726
1758589200000,0.2407,0.2408,0.23789,0.23799,29895842.348262
1758592800000,0.23799,0.23934,0.23611,0.23638,29933099.580869
1758596400000,0.23639,0.2422,0.23402,0.24036,65773825.922356
1758600000000,0.24035,0.24116,0.23818,0.24012,30318338.664723
1758603600000,0.24014,0.24139,0.2385,0.23993,25618826.265236
1758607200000,0.23993,0.24358,0.23949,0.24262,35020519.42739
1758610800000,0.24262,0.24276,0.24131,0.24151,29280540.338373
1758614400000,0.24153,0.24229,0.24082,0.24194,21156950.63069
1758618000000,0.24195,0.24299,0.23977,0.24057,22345362.911882
1758621600000,0.24055,0.24116,0.24015,0.24095,15149396.002597
1758625200000,0.24097,0.24103,0.23923,0.24081,14078433.060282
1758628800000,0.24081,0.24205,0.24009,0.24081,25728349.211248
1758632400000,0.24082,0.24142,0.23865,0.23965,28102314.293758
1758636000000,0.23967,0.24175,0.2381,0.23875,29243192.072217
1758639600000,0.23875,0.24159,0.23801,0.24065,22730648.730091
1758643200000,0.24069,0.24394,0.23869,0.24267,45253123.82493
1758646800000,0.24266,0.24305,0.23771,0.23848,38251256.159099
1758650400000,0.23849,0.23955,0.23666,0.23758,26293636.154137
1758654000000,0.23755,0.23994,0.23703,0.23793,24810156.335501
1758657600000,0.23794,0.23936,0.23636,0.23932,18884811.797868
1758661200000,0.23933,0.2415,0.23829,0.24039,18760141.036298
1758664800000,0.2404,0.24075,0.23895,0.23934,12066907.137363
1758668400000,0.23932,0.23982,0.23663,0.23708,19829976.245198
1758672000000,0.23707,0.23992,0.23677,0.23842,36623490.482767
1758675600000,0.23845,0.24065,0.23765,0.24027,16174149.810516
1758679200000,0.24027,0.24039,0.23715,0.23861,43332092.96929
1758682800000,0.23861,0.23908,0.23359,0.23451,75945575.954155
1758686400000,0.23447,0.23756,0.23088,0.23621,104354907.336687
1758690000000,0.23621,0.23976,0.23603,0.23895,23267891.16882
1758693600000,0.23896,0.23947,0.23774,0.23878,24558213.38432
1758697200000,0.2388,0.23957,0.238,0.23952,18326966.796515
1758700800000,0.23953,0.24189,0.2389,0.24085,32890446.882481
1758704400000,0.24086,0.24198,0.24028,0.24178,15832772.701738
1758708000000,0.24179,0.24265,0.24123,0.24203,23960955.793991
1758711600000,0.242,0.24364,0.24173,0.24307,37436838.862453
1758715200000,0.24307,0.24366,0.24242,0.24284,18606902.741708
1758718800000,0.24286,0.24567,0.24266,0.24343,56642589.981599
1758722400000,0.24343,0.25057,0.24331,0.24875,91353743.866822
1758726000000,0.24876,0.24926,0.24515,0.24555,42153772.801421
1758729600000,0.24556,0.24644,0.24442,0.24475,24708326.771903
1758733200000,0.24478,0.24647,0.24462,0.24542,24888368.625228
1758736800000,0.24543,0.24555,0.24375,0.24453,11504694.37172
1758740400000,0.24453,0.24494,0.24225,0.24351,40309066.874075
1758744000000,0.24352,0.244,0.2418,0.24328,15355990.488253
1758747600000,0.24328,0.24396,0.2407,0.24119,15002816.765378
1758751200000,0.24119,0.24238,0.24075,0.24096,15483348.125153
1758754800000,0.24097,0.24179,0.24037,0.24108,10149706.666128
1758758400000,0.2411,0.24198,0.23867,0.23952,33521087.864283
1758762000000,0.2395,0.24027,0.23681,0.23753,49313392.277688
1758765600000,0.23756,0.24043,0.23624,0.23907,55121154.644806
1758769200000,0.23908,0.23911,0.23382,0.23617,65991592.01724
1758772800000,0.23616,0.23664,0.23181,0.2334,71287454.387463
1758776400000,0.2334,0.23582,0.23231,0.23491,26533953.454175
1758780000000,0.2349,0.23501,0.23304,0.23339,18840307.425307
1758783600000,0.23341,0.23473,0.23303,0.23333,20663773.808333
1758787200000,0.2333,0.23489,0.2325,0.23329,28051166.453161
1758790800000,0.2333,0.23477,0.23203,0.23221,27874136.238748
1758794400000,0.23221,0.23394,0.2315,0.23168,15366647.108375
1758798000000,0.2317,0.2325,0.23026,0.23131,47196898.054392
1758801600000,0.2313,0.23223,0.22523,0.22963,133053938.455234
1758805200000,0.22962,0.23251,0.22793,0.23118,71705594.314986
1758808800000,0.23124,0.23479,0.23106,0.23187,47559969.37844
1758812400000,0.23186,0.23214,0.22979,0.23107,23857718.532588
1758816000000,0.23107,0.2318,0.22659,0.22725,47708959.509515
1758819600000,0.22723,0.22735,0.22042,0.22141,114214591.932454
1758823200000,0.22139,0.22773,0.22072,0.22762,71064375.973778
1758826800000,0.22761,0.22922,0.22589,0.22642,28372396.301281
1758830400000,0.22647,0.22684,0.22382,0.2244,23806918.509069
1758834000000,0.2244,0.22629,0.22299,0.22496,25082090.265193
1758837600000,0.22499,0.22651,0.22306,0.22395,29196727.497595
1758841200000,0.22396,0.22533,0.22081,0.22295,49415134.26357
1758844800000,0.22294,0.22659,0.22268,0.22604,42475722.33949
1758848400000,0.22604,0.22774,0.22518,0.22638,39173083.19606
1758852000000,0.22638,0.22771,0.22525,0.22604,16757980.944337
1758855600000,0.22605,0.22736,0.22516,0.22722,15431465.010939
1758859200000,0.22722,0.22774,0.2257,0.22637,16334596.759934
1758862800000,0.22639,0.22792,0.22543,0.22597,17754943.11265
1758866400000,0.226,0.228,0.22472,0.22657,28661843.448046
1758870000000,0.22658,0.22764,0.22482,0.22703,23926578.966543
1758873600000,0.22703,0.22798,0.22629,0.22647,22762116.729229
1758877200000,0.22647,0.22706,0.22436,0.22545,24175098.091781
1758880800000,0.22545,0.22558,0.2223,0.22295,37065606.734843
1758884400000,0.22292,0.22548,0.2214,0.22453,41051570.277678
1758888000000,0.22456,0.22812,0.22174,0.22649,72169338.411669
1758891600000,0.2265,0.22804,0.22429,0.22748,50864169.619768
1758895200000,0.22748,0.22787,0.22434,0.22532,30316671.178588
1758898800000,0.22534,0.22794,0.22511,0.22727,30679329.941084
1758902400000,0.22727,0.23,0.22713,0.2295,36560826.13484
1758906000000,0.22949,0.23199,0.22861,0.23162,37065343.80564
1758909600000,0.23161,0.23335,0.2313,0.23246,23317383.368418
1758913200000,0.23245,0.23269,0.22984,0.23091,24413931.937777
1758916800000,0.23095,0.23165,0.23025,0.23054,8464550.022851
1758920400000,0.23053,0.23162,0.22985,0.23109,12723001.997841
1758924000000,0.23113,0.23237,0.23082,0.23148,11794873.513144
1758927600000,0.23148,0.23265,0.23093,0.23244,13403968.877592
1758931200000,0.23245,0.23321,0.23179,0.23297,14216863.865087
1758934800000,0.23296,0.2332,0.23126,0.23226,12678028.941032
1758938400000,0.23226,0.23308,0.23182,0.23247,15012837.019664
1758942000000,0.23247,0.2343,0.23236,0.2336,30948406.008556
1758945600000,0.23361,0.234,0.23291,0.23334,18192630.999824
1758949200000,0.23335,0.23335,0.23194,0.23279,23982223.479777
1758952800000,0.23276,0.23283,0.23108,0.2317,17745147.430765
1758956400000,0.23171,0.23208,0.23057,0.23111,12765412.885378
1758960000000,0.23112,0.23112,0.22934,0.22957,23707648.3976
1758963600000,0.22957,0.23008,0.2285,0.22987,29786976.926168
1758967200000,0.22989,0.23082,0.22923,0.23022,18995881.305262
1758970800000,0.23024,0.23056,0.22988,0.23006,5222269.674457
1758974400000,0.23007,0.23092,0.22935,0.23072,9974152.987982
1758978000000,0.23072,0.23083,0.23011,0.23045,9176326.539528
1758981600000,0.23046,0.23075,0.22922,0.22925,8941856.714539
1758985200000,0.22928,0.23034,0.22794,0.23021,14082044.697163
1758988800000,0.23025,0.23056,0.22922,0.2294,9506556.836757
1758992400000,0.22942,0.22944,0.22776,0.22898,12873779.826601
1758996000000,0.22898,0.22941,0.22843,0.2294,4367668.47532
1758999600000,0.22939,0.23007,0.22903,0.22981,4818811.440464
1759003200000,0.22981,0.23012,0.2294,0.22965,2758775.79339
1759006800000,0.22969,0.23063,0.22952,0.23052,8113215.775472
1759010400000,0.23053,0.23257,0.23052,0.23142,13875570.102972
1759014000000,0.23148,0.23206,0.23055,0.2308,9411520.680268
1759017600000,0.23082,0.23102,0.22932,0.22946,15016678.457805
1759021200000,0.22949,0.22962,0.22745,0.22767,22939472.136633
1759024800000,0.22767,0.22908,0.22757,0.2286,10362542.216824
1759028400000,0.22861,0.2291,0.22811,0.22856,5732953.948602
1759032000000,0.22856,0.22889,0.22817,0.22875,4885089.348812
1759035600000,0.22878,0.22927,0.22812,0.22827,9109959.316815
1759039200000,0.22828,0.2288,0.2272,0.22848,8802941.227818
1759042800000,0.2285,0.22938,0.22794,0.22922,15552870.251921
1759046400000,0.22922,0.22932,0.22668,0.22707,19985129.971456
1759050000000,0.22708,0.22746,0.2258,0.22652,17772987.133688
1759053600000,0.22651,0.22679,0.22562,0.2266,8459202.375173
1759057200000,0.22662,0.22665,0.22556,0.22645,10587604.599386
1759060800000,0.22647,0.22656,0.22501,0.22592,12736201.157134
1759064400000,0.22592,0.22868,0.22575,0.22836,19315055.096235
1759068000000,0.22837,0.2294,0.22773,0.22912,27938103.562981
1759071600000,0.22914,0.22993,0.22893,0.22981,17710600.436562
1759075200000,0.22983,0.2315,0.22933,0.23032,25799524.292315
1759078800000,0.23031,0.2319,0.23022,0.23123,12959397.940037
1759082400000,0.23121,0.23186,0.2308,0.23186,11948901.106021
1759086000000,0.23187,0.23204,0.231,0.2319,10259483.775411
1759089600000,0.23191,0.23389,0.23166,0.23299,11924554.426764
1759093200000,0.23301,0.23395,0.2326,0.23337,8140116.598709
1759096800000,0.23338,0.23708,0.23338,0.23619,52641301.644941
1759100400000,0.2362,0.23771,0.23592,0.23738,19031327.394896
1759104000000,0.23738,0.23751,0.23529,0.23572,18811894.058793
1759107600000,0.23571,0.23623,0.23426,0.23447,17377333.23897
1759111200000,0.23449,0.23675,0.23393,0.23588,20509078.142658
1759114800000,0.23589,0.23595,0.23488,0.23583,12550774.78993
1759118400000,0.23584,0.23591,0.23427,0.23469,17024666.269692
1759122000000,0.2347,0.2348,0.23303,0.23396,13417864.928432
1759125600000,0.23398,0.23403,0.23194,0.23201,18267059.449895
1759129200000,0.23202,0.23281,0.23099,0.23258,16777477.901462
1759132800000,0.23257,0.23374,0.23188,0.23273,19541788.706125
1759136400000,0.23271,0.23297,0.23119,0.23168,10191621.102315
1759140000000,0.2317,0.232,0.23026,0.23032,18500230.100571
1759143600000,0.23031,0.2311,0.22917,0.23093,24211554.520861
1759147200000,0.23094,0.23235,0.22902,0.22955,36137505.223421
1759150800000,0.22953,0.23476,0.2286,0.234,56637888.173708
1759154400000,0.23401,0.23771,0.23374,0.2368,63317277.505854
1759158000000,0.2368,0.23715,0.23333,0.23378,35238330.908363
1759161600000,0.2338,0.23515,0.23184,0.23203,27030658.843833
1759165200000,0.23203,0.23356,0.23061,0.23329,33276211.350602
1759168800000,0.2333,0.23338,0.2321,0.23338,21474977.376456
1759172400000,0.23338,0.23504,0.23276,0.23469,14947393.53555
1759176000000,0.2347,0.23896,0.23455,0.23852,27390915.774907
1759179600000,0.23854,0.23885,0.23692,0.23707,14704056.113289
1759183200000,0.23707,0.23731,0.23567,0.23633,9866341.117814
1759186800000,0.23637,0.23659,0.23467,0.23477,24321461.892766
1759190400000,0.23477,0.23592,0.23289,0.23328,29829565.110149
1759194000000,0.23327,0.23532,0.23197,0.23329,23191818.194723
1759197600000,0.23329,0.23385,0.23266,0.23274,10955986.368391
1759201200000,0.23274,0.23371,0.23185,0.23271,8732743.228397
1759204800000,0.23273,0.2342,0.2326,0.23265,8129606.349495
1759208400000,0.23267,0.2333,0.23129,0.23243,16354686.595804
1759212000000,0.23241,0.23377,0.23157,0.23305,10419669.605488
1759215600000,0.23303,0.23351,0.23123,0.23205,14403801.505262
1759219200000,0.23205,0.23245,0.23079,0.23085,14690472.06684
1759222800000,0.23087,0.2313,0.22939,0.22982,20428745.092525
1759226400000,0.22981,0.23011,0.22902,0.22962,14943730.844148
1759230000000,0.22965,0.23044,0.22878,0.23031,14207173.759112
1759233600000,0.2303,0.23038,0.2288,0.22896,15067039.36154
1759237200000,0.22896,0.23126,0.22853,0.22971,23040711.923315
1759240800000,0.22974,0.23011,0.22759,0.22964,30421905.057889
1759244400000,0.22962,0.22964,0.22628,0.22799,29001626.290405
1759248000000,0.228,0.22887,0.22739,0.22849,15441444.040071
1759251600000,0.22849,0.22988,0.22839,0.22921,17056345.700535
1759255200000,0.22925,0.23126,0.22858,0.23097,12640664.254177
1759258800000,0.23098,0.23293,0.23019,0.23265,16738933.6251
1759262400000,0.23265,0.23399,0.23183,0.23372,14780962.631721
1759266000000,0.23374,0.23409,0.2323,0.23237,18687852.945998
1759269600000,0.2324,0.23358,0.23128,0.23164,16311874.930905
1759273200000,0.23165,0.23304,0.23088,0.23292,15761567.730046
1759276800000,0.23294,0.23357,0.23124,0.23232,11452853.823995
1759280400000,0.23233,0.23393,0.23188,0.23384,13281677.548247
1759284000000,0.23384,0.23432,0.2326,0.23274,10639530.490606
1759287600000,0.23274,0.23302,0.2307,0.23075,10848609.058853
1759291200000,0.23076,0.23358,0.2303,0.23254,12587943.318105
1759294800000,0.23256,0.23408,0.23253,0.23325,10141830.674644
1759298400000,0.23326,0.2337,0.23212,0.23226,9244060.163637
1759302000000,0.23226,0.234,0.23215,0.23343,16319040.253172
1759305600000,0.23342,0.24223,0.2333,0.24223,89645662.811867
1759309200000,0.24224,0.24477,0.24085,0.24391,79327717.591129
1759312800000,0.24392,0.2445,0.24131,0.24143,32331534.851683
1759316400000,0.24143,0.24303,0.24138,0.24282,11445829.09043
1759320000000,0.24284,0.24358,0.24198,0.24226,30941339.182993
1759323600000,0.24226,0.24501,0.24226,0.24345,38774848.868506
1759327200000,0.2434,0.24627,0.24302,0.24407,41378210.682582
1759330800000,0.24406,0.24529,0.24283,0.24529,19863189.619041
1759334400000,0.2453,0.24641,0.2443,0.24465,46635702.797861
1759338000000,0.24465,0.24545,0.24313,0.2433,21041630.926695
1759341600000,0.2433,0.24697,0.2433,0.2463,40204317.281278
1759345200000,0.24632,0.24748,0.246,0.2467,22087551.097559
1759348800000,0.24671,0.24715,0.24609,0.24646,12761886.668692
1759352400000,0.24648,0.24668,0.24479,0.24539,16974412.98499
1759356000000,0.2454,0.24693,0.2454,0.24581,11954672.831387
1759359600000,0.24583,0.24918,0.24564,0.24906,36114432.699907
1759363200000,0.24905,0.25108,0.24699,0.24705,63781942.106133
1759366800000,0.24704,0.2531,0.24662,0.25277,42108259.567535
1759370400000,0.25275,0.25589,0.2511,0.255,65298352.928008
1759374000000,0.25499,0.25568,0.25384,0.25385,31588442.584908
1759377600000,0.25387,0.25466,0.25225,0.25329,44342839.094589
1759381200000,0.25331,0.25468,0.25297,0.25378,19739096.796109
1759384800000,0.25377,0.25718,0.25321,0.25699,48331606.58936
1759388400000,0.25699,0.258,0.25524,0.25588,34581425.225934
1759392000000,0.25589,0.25776,0.25542,0.25765,21252276.800445
1759395600000,0.25766,0.25897,0.25696,0.25823,19114565.404175
1759399200000,0.25823,0.25969,0.25674,0.25789,29942519.716321
1759402800000,0.25787,0.25865,0.25555,0.25604,20547312.171135
1759406400000,0.25606,0.25688,0.2548,0.25678,38128626.685652
1759410000000,0.25679,0.2572,0.25246,0.25516,52497458.101332
1759413600000,0.25518,0.25547,0.25042,0.25159,70918177.478085
1759417200000,0.25159,0.25514,0.25077,0.25495,41342635.829216
1759420800000,0.25496,0.25789,0.2542,0.25586,50299320.365054
1759424400000,0.25588,0.25707,0.2548,0.25621,18945195.559238
1759428000000,0.25622,0.2595,0.25621,0.25882,19544963.788086
1759431600000,0.25882,0.2608,0.25841,0.25912,18482514.1094
1759435200000,0.25913,0.26078,0.2584,0.26073,12024913.863396
1759438800000,0.26074,0.26412,0.2598,0.26182,34152531.82926
1759442400000,0.26182,0.26229,0.25957,0.26033,32425301.901817
1759446000000,0.26033,0.26233,0.26033,0.26202,25025035.599719
1759449600000,0.26202,0.26226,0.25914,0.26022,25403065.238937
1759453200000,0.26024,0.26176,0.25657,0.25678,59893921.495235
1759456800000,0.25677,0.25922,0.25664,0.25911,23674084.933979
1759460400000,0.25909,0.26158,0.25885,0.25934,34691036.627754
1759464000000,0.25929,0.2615,0.25902,0.2603,19598139.334259
1759467600000,0.2603,0.26044,0.25684,0.25739,21687705.223846
1759471200000,0.2574,0.25755,0.25443,0.2558,36515641.837166
1759474800000,0.25582,0.25612,0.25417,0.2554,27728430.353458
1759478400000,0.2554,0.25648,0.25361,0.25636,26699088.613503
1759482000000,0.25635,0.25727,0.25529,0.2568,26908395.58914
1759485600000,0.25681,0.25737,0.25645,0.25671,9804011.288413
1759489200000,0.2567,0.25674,0.25506,0.25573,14458478.344155
1759492800000,0.25574,0.25644,0.2549,0.25549,16576971.655446
1759496400000,0.25547,0.25794,0.25387,0.25592,34880231.198656
1759500000000,0.25593,0.25819,0.25276,0.25705,79772145.916851
1759503600000,0.25701,0.26111,0.25607,0.26067,53283406.408083
1759507200000,0.2607,0.26539,0.25962,0.26,122392399.682843
1759510800000,0.25998,0.2606,0.25506,0.25636,115042887.393831
1759514400000,0.25639,0.26007,0.25513,0.25978,30726955.35006
1759518000000,0.2598,0.26124,0.25894,0.25926,26989082.357594
1759521600000,0.25929,0.26054,0.25804,0.26003,14891745.868594
1759525200000,0.26005,0.26044,0.25796,0.2588,8026766.738092
1759528800000,0.25881,0.25984,0.25876,0.25912,17379545.733373
1759532400000,0.25913,0.25948,0.25804,0.25819,13867289.553301
1759536000000,0.2582,0.25979,0.25701,0.25743,21463208.474903
1759539600000,0.25744,0.25766,0.25464,0.25533,40617086.46083
1759543200000,0.25533,0.25589,0.25332,0.254,46141155.055719
1759546800000,0.254,0.25413,0.25162,0.25323,55410247.34425
1759550400000,0.25324,0.2539,0.25234,0.25309,19103376.382534
1759554000000,0.25309,0.25434,0.25282,0.25395,18341802.400253
1759557600000,0.25395,0.25559,0.25387,0.25559,21556266.719149
1759561200000,0.25559,0.2557,0.25354,0.25401,13437720.552795
1759564800000,0.25401,0.25428,0.25218,0.25242,12301904.881584
1759568400000,0.25241,0.25347,0.25057,0.25088,31135539.398791
1759572000000,0.25088,0.25197,0.24911,0.24949,25833492.874544
1759575600000,0.24949,0.2502,0.24853,0.24953,26735737.18139
1759579200000,0.24954,0.25025,0.24874,0.24919,25172184.120131
1759582800000,0.24922,0.25184,0.249,0.25123,31849908.619528
1759586400000,0.25122,0.2527,0.24917,0.24925,18151672.708053
1759590000000,0.24921,0.25008,0.24728,0.24773,40176702.791852
1759593600000,0.24774,0.2489,0.24669,0.24847,29199981.066593
1759597200000,0.24849,0.2496,0.24813,0.24905,11314741.491232
1759600800000,0.24906,0.24934,0.24823,0.24849,10981537.267963
1759604400000,0.24847,0.24953,0.24847,0.24946,6070746.418378
1759608000000,0.24946,0.25053,0.24937,0.2494,8208648.519785
1759611600000,0.24937,0.25049,0.24933,0.25011,6082721.08389
1759615200000,0.25008,0.25101,0.24952,0.25031,9560066.46911
1759618800000,0.25031,0.2513,0.25015,0.25084,18448323.249174
1759622400000,0.25088,0.25162,0.24957,0.2497,14263220.829928
1759626000000,0.24973,0.25189,0.24961,0.25183,13843502.748761
1759629600000,0.25184,0.257,0.25134,0.2567,68834719.003796
1759633200000,0.25672,0.25956,0.2553,0.25829,87013040.078098
1759636800000,0.25828,0.26399,0.25692,0.26251,94619951.656507
1759640400000,0.26253,0.26363,0.26072,0.26155,56335525.872005
1759644000000,0.26157,0.26188,0.26031,0.26065,30145182.087991
1759647600000,0.26064,0.2642,0.26063,0.26396,56359580.422221
1759651200000,0.26397,0.26467,0.26273,0.2638,34944886.998944
1759654800000,0.26381,0.26515,0.2605,0.26102,94234037.009602
1759658400000,0.26101,0.26119,0.25742,0.25904,79979558.051357
1759662000000,0.25904,0.25967,0.2575,0.25877,27951791.772934
1759665600000,0.25871,0.25871,0.25612,0.25658,29473901.609392
1759669200000,0.25658,0.25755,0.25532,0.257,32610059.31347
1759672800000,0.25701,0.25808,0.25442,0.25547,42265535.033863
1759676400000,0.2554,0.25693,0.25525,0.2563,23421577.409411
1759680000000,0.25633,0.25721,0.25384,0.25711,26411413.789671
1759683600000,0.25715,0.25774,0.25424,0.25485,36098969.913304
1759687200000,0.25483,0.25565,0.25363,0.25505,11894184.337854
1759690800000,0.25509,0.25514,0.25075,0.25142,33432992.647475
1759694400000,0.25148,0.25305,0.25077,0.25222,13733362.00338
1759698000000,0.2522,0.25302,0.25143,0.25278,11275912.829174
1759701600000,0.2528,0.25353,0.25139,0.25314,9566751.126942
1759705200000,0.2531,0.25391,0.2527,0.25286,12558723.082289
1759708800000,0.25285,0.25534,0.25104,0.25182,39741292.19593
1759712400000,0.25183,0.25511,0.25053,0.25405,30632719.467243
1759716000000,0.25403,0.25511,0.25145,0.25415,23932450.894404
1759719600000,0.25412,0.25475,0.25351,0.2539,12630335.929274
1759723200000,0.25392,0.25425,0.25245,0.25271,13359205.726613
1759726800000,0.25268,0.25387,0.25213,0.25369,16473151.784439
1759730400000,0.25372,0.25845,0.25363,0.25734,38413163.176084
1759734000000,0.25735,0.25807,0.25407,0.25508,25920441.030116
1759737600000,0.2551,0.25796,0.2551,0.25748,18821485.658279
1759741200000,0.25748,0.25912,0.25736,0.25835,22594816.417823
1759744800000,0.25833,0.25931,0.2573,0.2591,24267160.976876
1759748400000,0.25908,0.26195,0.25805,0.25992,49103308.642134
1759752000000,0.25993,0.26146,0.25979,0.26035,30842306.746416
1759755600000,0.26035,0.26256,0.25922,0.26215,55623245.502346
1759759200000,0.26216,0.26515,0.26093,0.26214,118229025.278299
1759762800000,0.26212,0.26833,0.26211,0.26684,115136532.214989
1759766400000,0.2668,0.26808,0.26323,0.26528,103263557.459926
1759770000000,0.26529,0.27028,0.26471,0.2674,74658590.084942
1759773600000,0.26739,0.27042,0.2669,0.26935,41861470.708522
1759777200000,0.26938,0.26961,0.26711,0.26839,31561087.674266
1759780800000,0.2684,0.26936,0.26719,0.26779,17092024.895152
1759784400000,0.26779,0.26902,0.2655,0.26902,26912375.250745
1759788000000,0.269,0.26975,0.26786,0.26885,20185723.215595
1759791600000,0.26884,0.2695,0.26588,0.26597,23839657.840317
1759795200000,0.26598,0.26709,0.26413,0.26578,39701033.803355
1759798800000,0.26578,0.26749,0.26414,0.26514,21496242.528125
1759802400000,0.26513,0.26799,0.26483,0.26717,31523039.979934
1759806000000,0.26717,0.26818,0.26581,0.26663,16063743.752836
1759809600000,0.26662,0.26831,0.26455,0.26723,21562462.263945
1759813200000,0.26724,0.26743,0.26544,0.26588,15377790.982739
1759816800000,0.26581,0.26615,0.26043,0.2605,60196277.252678
1759820400000,0.26054,0.26151,0.25938,0.26033,41871010.569877
1759824000000,0.26033,0.26034,0.25746,0.25959,56330155.321302
1759827600000,0.2596,0.26083,0.2593,0.26045,32028728.224576
1759831200000,0.26045,0.2617,0.25972,0.2615,20968467.232749
1759834800000,0.26152,0.26221,0.26062,0.26172,21596450.174239
1759838400000,0.26172,0.26476,0.26091,0.26433,48021957.85441
1759842000000,0.26435,0.26549,0.25861,0.26105,127465540.857212
1759845600000,0.26107,0.26137,0.25454,0.25475,110297998.021248
1759849200000,0.2548,0.25566,0.2502,0.25151,151378761.864503
1759852800000,0.25151,0.25384,0.24834,0.25248,120838516.514552
1759856400000,0.25247,0.25306,0.25039,0.25039,32260712.783555
1759860000000,0.2504,0.25124,0.24777,0.24846,51405477.084967
1759863600000,0.24845,0.2505,0.24816,0.2493,43077907.523944
1759867200000,0.24932,0.25219,0.24911,0.25137,18080069.147608
1759870800000,0.25137,0.25197,0.24891,0.24972,14898790.317965
1759874400000,0.24972,0.2506,0.24878,0.24984,15401884.499378
1759878000000,0.24985,0.2499,0.24622,0.24681,44750782.055455
1759881600000,0.24685,0.24967,0.24666,0.24874,41648262.006175
1759885200000,0.24875,0.25025,0.2483,0.24978,19693578.879842
1759888800000,0.24978,0.25064,0.24886,0.24887,28958524.652055
1759892400000,0.24888,0.24888,0.24349,0.24472,78654403.321649
1759896000000,0.24473,0.24705,0.24287,0.24692,39949674.005805
1759899600000,0.24694,0.24698,0.24416,0.24539,21094773.719239
1759903200000,0.2454,0.24632,0.24406,0.24617,24602547.21955
1759906800000,0.24617,0.24708,0.24535,0.24663,15333566.23102
1759910400000,0.24669,0.24945,0.24656,0.24836,38401572.816161
1759914000000,0.24833,0.2491,0.24741,0.24845,14322651.384019
1759917600000,0.24849,0.25039,0.2481,0.25011,30690106.89248
1759921200000,0.25011,0.25063,0.24873,0.24932,17337663.217896
1759924800000,0.24931,0.25265,0.24885,0.25232,40131582.690025
1759928400000,0.25233,0.25357,0.24907,0.25289,49347728.166014
1759932000000,0.25288,0.25678,0.25148,0.25222,85050914.596096
1759935600000,0.2522,0.25539,0.25196,0.25323,44173175.478206
1759939200000,0.25325,0.25673,0.25265,0.25665,39317344.206315
1759942800000,0.25664,0.26109,0.25664,0.26033,79900737.148485
1759946400000,0.26031,0.26085,0.25787,0.25856,41444841.68866
1759950000000,0.25857,0.25957,0.25721,0.25927,18976093.190205
1759953600000,0.2593,0.25994,0.25656,0.25683,19418044.583215
1759957200000,0.25683,0.25837,0.25676,0.2577,9593079.996051
1759960800000,0.25768,0.25863,0.25662,0.25663,14871753.468938
1759964400000,0.25664,0.25671,0.25487,0.25568,23773542.270515
1759968000000,0.25564,0.25593,0.25325,0.25386,22674799.527543
1759971600000,0.25385,0.25399,0.251,0.25268,38246054.439543
1759975200000,0.25266,0.2528,0.24655,0.24728,59222522.439658
1759978800000,0.24728,0.24942,0.24728,0.24914,26891243.788539
1759982400000,0.24915,0.25067,0.24846,0.25067,21937960.052882
1759986000000,0.25067,0.25096,0.24907,0.24979,18307197.015362
1759989600000,0.2498,0.24984,0.24755,0.24776,19292340.278226
1759993200000,0.24776,0.24863,0.24631,0.24733,28820890.223694
1759996800000,0.24734,0.24764,0.24303,0.24324,82334632.106808
1760000400000,0.24326,0.24533,0.24317,0.24488,33050037.193512
1760004000000,0.2449,0.24621,0.24404,0.24582,45283991.015714
1760007600000,0.24581,0.24808,0.24579,0.24758,35823317.854349
1760011200000,0.24759,0.2507,0.24735,0.24959,45120579.624478
1760014800000,0.24958,0.25,0.24505,0.2454,51456317.429035
1760018400000,0.24542,0.24745,0.24226,0.24484,80058785.292626
1760022000000,0.2449,0.24626,0.24312,0.24476,31958766.461718
1760025600000,0.24479,0.24538,0.24101,0.2419,43858217.350244
1760029200000,0.24187,0.24666,0.24149,0.24624,29729700.393821
1760032800000,0.24624,0.24676,0.24491,0.24503,20733371.336601
1760036400000,0.24502,0.24715,0.24491,0.24655,19157685.698681
1760040000000,0.24652,0.24754,0.24583,0.24754,10585050.228183
1760043600000,0.24752,0.24894,0.24693,0.24881,18667168.754532
1760047200000,0.24885,0.25037,0.24843,0.2494,21313731.777315
1760050800000,0.24939,0.24944,0.2479,0.24849,14753839.039042
1760054400000,0.24851,0.24991,0.24785,0.24896,15767388.544233
1760058000000,0.24896,0.25011,0.24817,0.24869,14676431.923448
1760061600000,0.24869,0.25004,0.24726,0.24857,21728366.329971
1760065200000,0.24859,0.25338,0.24721,0.25125,54799071.412708
1760068800000,0.25126,0.2529,0.25035,0.25114,25504320.70135
1760072400000,0.25115,0.25243,0.24847,0.25198,43295998.472326
1760076000000,0.252,0.25281,0.24897,0.24963,28537895.398986
1760079600000,0.24962,0.24974,0.24682,0.24731,25371142.999031
1760083200000,0.24731,0.24938,0.24665,0.24916,17115663.82182
1760086800000,0.24917,0.25071,0.2479,0.24867,18835138.445336
1760090400000,0.24864,0.25118,0.2484,0.25061,22059491.551075
1760094000000,0.25062,0.25111,0.24966,0.25075,17849367.457589
1760097600000,0.25077,0.25145,0.24954,0.25082,12625420.475446
1760101200000,0.25082,0.25405,0.25058,0.25183,54351240.386448
1760104800000,0.25183,0.25304,0.2465,0.24706,67918672.642349
1760108400000,0.24705,0.24737,0.236,0.2379,260628303.446238
1760112000000,0.23784,0.23972,0.2363,0.23656,83423160.124806
1760115600000,0.23656,0.23717,0.23407,0.23495,55280559.065899
1760119200000,0.23495,0.23598,0.23357,0.23407,29457336.568808
1760122800000,0.23405,0.2347,0.2302,0.23186,99645741.992788
1760126400000,0.23188,0.23465,0.21442,0.21901,291202603.821949
1760130000000,0.21901,0.22125,0.08904,0.18127,1860617397.247641
1760133600000,0.18141,0.19263,0.16265,0.1917,1119901394.117396
1760137200000,0.1917,0.19841,0.18582,0.19303,572097720.772704
1760140800000,0.19305,0.19786,0.18785,0.19456,466229362.13782
1760144400000,0.19456,0.19487,0.18601,0.18892,260467045.290829
1760148000000,0.18892,0.20033,0.18869,0.19873,187698232.499431
1760151600000,0.19875,0.19989,0.19006,0.1931,237588195.854063
1760155200000,0.1931,0.19707,0.19271,0.19659,146951817.284072
1760158800000,0.19659,0.19669,0.19,0.19143,147010207.87042
1760162400000,0.19144,0.19676,0.191,0.19212,127033434.328196
1760166000000,0.19213,0.1936,0.19,0.1913,135292197.612971
1760169600000,0.1913,0.19602,0.19047,0.19535,119900103.063831
1760173200000,0.19536,0.19774,0.19377,0.19406,81932053.886408
1760176800000,0.19405,0.19659,0.19275,0.1939,82611171.83173
1760180400000,0.19391,0.19452,0.19123,0.19394,64257900.28696
1760184000000,0.19389,0.19445,0.18963,0.1911,69682170.686493
1760187600000,0.19114,0.19206,0.18572,0.19101,120564143.410278
1760191200000,0.19102,0.19161,0.18896,0.19068,59776536.302231
1760194800000,0.19068,0.19314,0.19061,0.19205,67343414.761574
1760198400000,0.19203,0.19415,0.19138,0.19259,72462943.645258
1760202000000,0.19259,0.19367,0.19202,0.19359,41090997.60439
1760205600000,0.19359,0.19359,0.19207,0.19213,14304539.876964
1760209200000,0.19213,0.19214,0.18282,0.18442,143213379.482231
1760212800000,0.1844,0.18502,0.18035,0.18172,120969135.453143
1760216400000,0.18172,0.18486,0.17811,0.18432,146468026.985263
1760220000000,0.18432,0.1862,0.18373,0.18505,54176479.259865
1760223600000,0.18503,0.18577,0.18429,0.18525,34777965.584648
1760227200000,0.1853,0.18603,0.18192,0.18242,49272262.69085
1760230800000,0.18241,0.18499,0.18151,0.18185,54997596.877024
1760234400000,0.18184,0.18465,0.18077,0.18216,69761012.648304
1760238000000,0.18215,0.18681,0.18173,0.18524,68926251.960462
1760241600000,0.18527,0.1889,0.18481,0.18799,55739166.290169
1760245200000,0.188,0.18943,0.18712,0.18862,26545038.13607
1760248800000,0.18863,0.19116,0.18826,0.1908,36880209.489262
1760252400000,0.19081,0.191,0.18888,0.18981,43154183.182734
1760256000000,0.18982,0.19078,0.18867,0.18874,41574333.643135
1760259600000,0.18873,0.18982,0.18693,0.18955,57734294.95933
1760263200000,0.18957,0.19055,0.18853,0.18883,35374664.879674
1760266800000,0.18884,0.19001,0.18843,0.18873,22908683.557613
1760270400000,0.18876,0.19069,0.18857,0.18986,31847085.591264
1760274000000,0.18988,0.19064,0.18623,0.18689,74717229.467808
1760277600000,0.1869,0.19993,0.18678,0.19617,274762083.69922
1760281200000,0.19617,0.20685,0.19559,0.20512,378127401.391428
1760284800000,0.20513,0.20959,0.20318,0.20669,296836234.156225
1760288400000,0.20672,0.20831,0.20529,0.20681,83935303.580642
1760292000000,0.2068,0.20917,0.20608,0.20756,41325727.245986
1760295600000,0.20758,0.21056,0.20751,0.21022,43435876.775635
1760299200000,0.21022,0.21416,0.20929,0.21083,88004535.637021
1760302800000,0.21082,0.21149,0.20457,0.20684,93315788.153579
1760306400000,0.20689,0.20873,0.20618,0.20754,54582983.570683
1760310000000,0.20754,0.2081,0.20577,0.20715,47474854.522707
1760313600000,0.20716,0.20885,0.20493,0.20654,78800694.175854
1760317200000,0.20654,0.20949,0.2055,0.20934,57120851.419627
1760320800000,0.20935,0.21,0.20642,0.20885,42791162.413767
1760324400000,0.20885,0.20977,0.20669,0.20723,29954253.660671
1760328000000,0.20724,0.20988,0.2066,0.20948,37564218.685992
1760331600000,0.20945,0.20978,0.20727,0.20779,27100023.390187
1760335200000,0.2078,0.21137,0.20627,0.21035,53809236.012577
1760338800000,0.21037,0.21284,0.20903,0.20998,100167045.22347
1760342400000,0.20997,0.21287,0.20937,0.21232,48504888.157367
1760346000000,0.21231,0.21263,0.21,0.2115,35575453.524
1760349600000,0.2115,0.21157,0.20876,0.20995,38669256.646798
1760353200000,0.20993,0.21016,0.20188,0.20576,144187486.821095
1760356800000,0.20575,0.20785,0.20412,0.20575,65720901.527165
1760360400000,0.2057,0.21318,0.20541,0.21127,197929782.562275
1760364000000,0.21127,0.21195,0.20533,0.20613,137801285.758648
1760367600000,0.20616,0.21115,0.20589,0.21013,71766362.338218
1760371200000,0.21015,0.21173,0.20831,0.21079,77088714.07395
1760374800000,0.2108,0.21457,0.21025,0.21413,66597492.205935
1760378400000,0.21412,0.21611,0.21239,0.21423,81410725.561283
1760382000000,0.21419,0.2171,0.21347,0.21599,42640849.654444
1760385600000,0.216,0.21824,0.21593,0.21811,31860524.740307
1760389200000,0.2181,0.2183,0.21531,0.21546,50907271.797862
1760392800000,0.21547,0.21605,0.21451,0.21536,21168732.370384
1760396400000,0.21536,0.21547,0.21356,0.21383,37560794.038789
1760400000000,0.21383,0.21566,0.21319,0.2143,45026335.557974
1760403600000,0.21428,0.21442,0.21126,0.21176,51258229.732048
1760407200000,0.21175,0.21191,0.2086,0.20888,72492863.849333
1760410800000,0.20889,0.2091,0.20661,0.20783,83107990.108059
1760414400000,0.20784,0.20837,0.20406,0.20499,100647184.432939
1760418000000,0.20498,0.20682,0.20186,0.20341,95916021.556708
1760421600000,0.20342,0.20449,0.19471,0.19879,220632764.209533
1760425200000,0.19881,0.19998,0.19671,0.19788,147140008.382771
1760428800000,0.19785,0.20155,0.1966,0.19974,96849046.946048
1760432400000,0.19975,0.2012,0.19877,0.19964,69375389.689909
1760436000000,0.19963,0.19964,0.19436,0.19748,103686331.913407
1760439600000,0.19752,0.20043,0.19732,0.19907,66472766.771403
1760443200000,0.19908,0.19918,0.19569,0.19614,69627699.869527
1760446800000,0.19614,0.19924,0.1932,0.1981,138364200.586758
1760450400000,0.19809,0.2018,0.19752,0.19896,100192752.559721
1760454000000,0.19895,0.2039,0.19783,0.20355,95158258.389089
1760457600000,0.20355,0.20713,0.20204,0.20298,149932455.832394
1760461200000,0.20299,0.20497,0.19987,0.20334,94630216.735956
1760464800000,0.20336,0.20528,0.20299,0.2038,36434878.761605
1760468400000,0.2038,0.20566,0.20031,0.20309,96329380.791379
1760472000000,0.20308,0.20436,0.20196,0.20397,39348123.483935
1760475600000,0.20397,0.20425,0.20213,0.2035,36986697.27107
1760479200000,0.2035,0.20513,0.20305,0.20378,26696850.40573
1760482800000,0.20378,0.20519,0.20371,0.2044,22781769.460673
1760486400000,0.20437,0.20488,0.20262,0.20455,38660179.614856
1760490000000,0.20454,0.20475,0.20243,0.2041,31993075.234994
1760493600000,0.20412,0.20686,0.20387,0.20489,42407675.245528
1760497200000,0.20489,0.20518,0.20145,0.20253,46274048.414523
1760500800000,0.20252,0.20439,0.20165,0.20407,27329840.297863
1760504400000,0.20409,0.20491,0.20281,0.20404,25270207.987632
1760508000000,0.20405,0.20485,0.20174,0.20452,46210068.330803
1760511600000,0.20453,0.20508,0.20344,0.20474,29802076.620924
1760515200000,0.20471,0.20857,0.20447,0.20603,72128760.229289
1760518800000,0.206,0.206,0.20321,0.20391,40207936.093072
1760522400000,0.2039,0.20441,0.20234,0.20282,33394670.153152
1760526000000,0.20281,0.2036,0.2007,0.20219,51674115.891118
1760529600000,0.20217,0.20282,0.20046,0.20181,40495611.2514
1760533200000,0.2018,0.20239,0.19697,0.20077,141421022.019606
1760536800000,0.2008,0.20326,0.19855,0.20002,79764806.556598
1760540400000,0.20004,0.201,0.19754,0.19871,81180231.644785
1760544000000,0.19874,0.2002,0.19825,0.19896,45677972.31665
1760547600000,0.19897,0.19949,0.19624,0.19927,70600356.769259
1760551200000,0.19924,0.19962,0.19795,0.1994,15099060.684752
1760554800000,0.19935,0.19944,0.1965,0.1972,20359284.466154
1760558400000,0.1972,0.19886,0.19421,0.1966,43620156.060903
1760562000000,0.19664,0.19778,0.19447,0.19508,32883816.243324
1760565600000,0.19511,0.19685,0.1946,0.19518,25299491.292342
1760569200000,0.19518,0.19668,0.19485,0.19624,19561686.646153
1760572800000,0.19625,0.19687,0.19538,0.19586,18200346.194095
1760576400000,0.19586,0.19847,0.19574,0.1981,20874945.945192
1760580000000,0.1981,0.19911,0.19661,0.19798,43417987.675421
1760583600000,0.19799,0.19823,0.19626,0.19644,18976467.630895
1760587200000,0.19645,0.19776,0.19554,0.19587,13287712.52388
1760590800000,0.19588,0.19759,0.19503,0.19598,28009661.758712
1760594400000,0.196,0.19975,0.19591,0.19888,46118079.032681
1760598000000,0.19891,0.19912,0.19669,0.19737,26564543.247402
1760601600000,0.19741,0.19774,0.19555,0.19633,21641193.051219
1760605200000,0.19633,0.19909,0.18989,0.19813,165037176.497649
1760608800000,0.19811,0.20061,0.19776,0.1994,42314524.844922
1760612400000,0.19937,0.20039,0.19793,0.20035,27506447.121993
1760616000000,0.20036,0.20146,0.19946,0.20002,39543351.519904
1760619600000,0.20002,0.20033,0.19723,0.19797,40033243.041995
1760623200000,0.19798,0.19824,0.19359,0.19514,99296262.753346
1760626800000,0.19513,0.19611,0.18736,0.18945,152577973.06484
1760630400000,0.18944,0.19482,0.18739,0.19479,148575976.326105
1760634000000,0.19478,0.1948,0.1907,0.19125,58489452.851851
1760637600000,0.19128,0.19142,0.18861,0.19054,52037932.284945
1760641200000,0.19054,0.19089,0.18571,0.1878,64679776.924945
1760644800000,0.18779,0.18861,0.18473,0.18557,46213935.108281
1760648400000,0.18558,0.18829,0.18549,0.18819,23614372.812563
1760652000000,0.18817,0.18851,0.18638,0.18644,20076519.64477
1760655600000,0.18641,0.18893,0.18613,0.18852,23647221.241097
1760659200000,0.18851,0.19011,0.18791,0.1897,24500999.997184
1760662800000,0.18971,0.1912,0.18897,0.18968,25218419.812169
1760666400000,0.18968,0.19029,0.1882,0.18974,19113407.582182
1760670000000,0.18976,0.19053,0.18937,0.19036,11354647.511346
1760673600000,0.19037,0.19049,0.18913,0.18933,8210023.734797
1760677200000,0.18934,0.18988,0.18796,0.18824,23851600.797754
1760680800000,0.18825,0.189,0.1818,0.18255,108067594.806192
1760684400000,0.18253,0.18306,0.17837,0.17863,159196640.734916
1760688000000,0.17864,0.17992,0.17585,0.17717,138222716.929023
1760691600000,0.17717,0.18197,0.17646,0.17859,80826655.104788
1760695200000,0.17857,0.17956,0.17557,0.179,73659603.094827
1760698800000,0.17902,0.18404,0.17884,0.18272,101882496.908199
1760702400000,0.18272,0.1843,0.18222,0.1823,45035792.923321
1760706000000,0.18231,0.18464,0.18075,0.18329,87799246.878587
1760709600000,0.18329,0.18392,0.17964,0.18146,76315658.663918
1760713200000,0.18147,0.18495,0.1812,0.18488,46199979.282642
1760716800000,0.18486,0.18727,0.18334,0.18382,74870217.557949
1760720400000,0.18384,0.18517,0.18344,0.18462,25778567.688636
1760724000000,0.18464,0.18614,0.18432,0.1849,26429378.461481
1760727600000,0.18494,0.18555,0.18338,0.18443,15862557.791412
1760731200000,0.18445,0.18652,0.18397,0.18602,17576270.923855
1760734800000,0.18603,0.1876,0.18597,0.18732,17548499.664561
1760738400000,0.18734,0.18777,0.18555,0.18614,17796658.504434
1760742000000,0.18616,0.18617,0.18455,0.18473,14806623.697051
1760745600000,0.18471,0.18633,0.18423,0.18595,16603293.887671
1760749200000,0.18599,0.18795,0.18599,0.18764,24135447.149528
1760752800000,0.18766,0.18855,0.18566,0.18602,27844675.292912
1760756400000,0.18601,0.18746,0.18599,0.18696,18583128.145134
1760760000000,0.18695,0.18695,0.18506,0.18529,23956407.235578
1760763600000,0.1853,0.18665,0.18505,0.18658,12619832.820047
1760767200000,0.1866,0.18759,0.18617,0.18726,16218522.044343
1760770800000,0.18728,0.18987,0.18718,0.18789,64889505.865127
1760774400000,0.18789,0.18844,0.18702,0.18709,21843544.8056
1760778000000,0.18709,0.18795,0.18659,0.18761,22559014.295691
1760781600000,0.1876,0.18802,0.1867,0.18745,19306978.617207
1760785200000,0.18745,0.18802,0.18687,0.18798,14372336.732246
1760788800000,0.18799,0.18879,0.18724,0.1878,13534296.098186
1760792400000,0.1878,0.18785,0.18629,0.18695,17338998.365066
1760796000000,0.18696,0.1879,0.18583,0.18755,15626895.222895
1760799600000,0.18757,0.1879,0.18656,0.18765,10088745.292739
1760803200000,0.18766,0.18792,0.18595,0.18708,15255182.282126
1760806800000,0.1871,0.19035,0.18678,0.19,34107478.73153
1760810400000,0.19,0.19062,0.18902,0.1892,15013007.555977
1760814000000,0.18921,0.18958,0.18856,0.18939,7871361.275834
1760817600000,0.1894,0.19026,0.18882,0.18882,17796179.510535
1760821200000,0.18882,0.1896,0.18824,0.18933,10755822.516878
1760824800000,0.18934,0.18984,0.18897,0.18931,5240082.897914
1760828400000,0.18929,0.18968,0.18892,0.1896,5720041.144429
1760832000000,0.18961,0.18987,0.18775,0.18859,15090383.387029
1760835600000,0.1886,0.18904,0.1878,0.18904,9155488.970744
1760839200000,0.18903,0.18906,0.18795,0.18857,11246674.41098
1760842800000,0.18857,0.19077,0.18833,0.19063,22787798.85582
1760846400000,0.19064,0.1908,0.18946,0.19006,14102605.203883
1760850000000,0.19008,0.1912,0.18956,0.19008,19706999.644353
1760853600000,0.19008,0.19032,0.18863,0.18906,12384668.231452
1760857200000,0.18908,0.18959,0.18823,0.1888,9252777.944544
1760860800000,0.18883,0.19099,0.18655,0.18704,79268584.837164
1760864400000,0.18701,0.1919,0.18603,0.18988,89049102.249031
1760868000000,0.18988,0.19677,0.18893,0.19429,110471596.418371
1760871600000,0.19428,0.19586,0.19274,0.19329,40173340.127271
1760875200000,0.1933,0.194,0.19256,0.19395,22853285.878411
1760878800000,0.19397,0.198,0.19358,0.19722,49232888.957207
1760882400000,0.19724,0.1981,0.19603,0.19781,43602428.246205
1760886000000,0.19781,0.19807,0.19586,0.19652,38429088.91236
1760889600000,0.19652,0.19764,0.19545,0.19693,21342385.700874
1760893200000,0.19694,0.19863,0.19653,0.19679,46946319.200518
1760896800000,0.1968,0.19765,0.19662,0.19719,17082168.7064
1760900400000,0.19719,0.1972,0.19605,0.19681,10773745.707736
1760904000000,0.1968,0.19757,0.19664,0.19735,9393021.04477
1760907600000,0.19735,0.19746,0.19571,0.19648,10080359.699862
1760911200000,0.19649,0.19762,0.19627,0.19691,12871564.498526
1760914800000,0.19692,0.19692,0.19471,0.19537,21962490.875961
1760918400000,0.19535,0.19535,0.19166,0.1942,46321210.693087
1760922000000,0.19422,0.19498,0.19357,0.19404,18076662.737407
1760925600000,0.19403,0.19568,0.1928,0.19492,27749089.242931
1760929200000,0.19494,0.19999,0.19423,0.19919,49583441.444556
1760932800000,0.1992,0.20103,0.1992,0.20093,50547374.987015
1760936400000,0.20095,0.2018,0.20007,0.20132,32298364.071063
1760940000000,0.20133,0.20256,0.20078,0.20192,41933019.828525
1760943600000,0.20192,0.20216,0.20066,0.2012,29832917.340586
1760947200000,0.2012,0.20188,0.19978,0.20052,44550857.433673
1760950800000,0.20051,0.20112,0.19987,0.20104,18082836.580421
1760954400000,0.20103,0.20247,0.19978,0.20045,46739396.690088
1760958000000,0.20044,0.20055,0.19956,0.2003,12920521.917576
1760961600000,0.20031,0.20099,0.19987,0.20069,12150810.062146
1760965200000,0.2007,0.20185,0.19991,0.20154,17273404.928088
1760968800000,0.20155,0.20174,0.19956,0.20132,22156346.345975
1760972400000,0.20134,0.20197,0.19928,0.19934,31091144.572127
1760976000000,0.19933,0.2,0.19579,0.19838,70996995.604719
1760979600000,0.19836,0.19926,0.1967,0.19815,21098513.280157
1760983200000,0.19815,0.19884,0.19741,0.19871,13119898.310227
1760986800000,0.19871,0.20039,0.19777,0.1996,16431184.533137
1760990400000,0.19962,0.20017,0.19899,0.19993,7142195.087432
1760994000000,0.19994,0.20073,0.19841,0.19883,8880146.488566
1760997600000,0.1988,0.20053,0.19847,0.20032,8885119.871045
1761001200000,0.20035,0.20039,0.19946,0.19999,15869735.196818
1761004800000,0.19998,0.20073,0.19917,0.20008,13946082.198979
1761008400000,0.20006,0.20015,0.19726,0.19824,25506515.850785
1761012000000,0.19824,0.19834,0.19622,0.19634,35505061.298991
1761015600000,0.19636,0.19742,0.1959,0.19659,17491180.863991
1761019200000,0.19657,0.19661,0.19282,0.19319,79762285.455351
1761022800000,0.1932,0.1941,0.19291,0.19362,27238123.26246
1761026400000,0.19363,0.19457,0.19313,0.19388,21737591.908664
1761030000000,0.19389,0.19454,0.19336,0.19428,12868336.692903
1761033600000,0.19429,0.19429,0.19206,0.19322,24024157.149448
1761037200000,0.19323,0.1939,0.19277,0.1936,16755544.440127
1761040800000,0.1936,0.19539,0.19316,0.19439,26601452.386032
1761044400000,0.19439,0.19479,0.19328,0.19454,17871953.356412
1761048000000,0.19454,0.19656,0.19419,0.1947,37470264.364182
1761051600000,0.19472,0.19606,0.19377,0.19492,33621216.608987
1761055200000,0.19492,0.20354,0.1949,0.20301,104014078.257561
1761058800000,0.20305,0.20565,0.20175,0.20441,139988306.428263
1761062400000,0.20441,0.205,0.20034,0.20091,93049734.382164
1761066000000,0.20092,0.20251,0.1991,0.20146,64049251.40555
1761069600000,0.20147,0.20198,0.2006,0.20182,15653925.764491
1761073200000,0.20182,0.20238,0.20114,0.20148,8716314.776074
1761076800000,0.20153,0.2018,0.19878,0.19947,26004779.625096
1761080400000,0.19947,0.20044,0.19542,0.19899,50228045.602437
1761084000000,0.19897,0.19945,0.19494,0.19588,52699835.968478
1761087600000,0.19588,0.19662,0.19364,0.19428,37080112.588467
1761091200000,0.19429,0.19544,0.19252,0.19356,40745367.204471
1761094800000,0.19356,0.19521,0.19332,0.19464,33179181.045634
1761098400000,0.19468,0.1952,0.19425,0.19433,18783812.33531
1761102000000,0.19434,0.19434,0.19266,0.1938,34543523.915359
1761105600000,0.19381,0.19528,0.19366,0.19484,22912354.864459
1761109200000,0.19486,0.19486,0.1893,0.19184,106490140.749254
1761112800000,0.19185,0.19213,0.19124,0.19131,24477238.76983
1761116400000,0.19131,0.19215,0.19038,0.19198,24549622.376548
1761120000000,0.19197,0.19199,0.19083,0.19152,14392952.165002
1761123600000,0.19152,0.19172,0.19005,0.19069,21481824.031347
1761127200000,0.1907,0.19129,0.18978,0.19005,23940178.425418
1761130800000,0.19005,0.19186,0.18629,0.19101,101965836.678834
1761134400000,0.19103,0.19235,0.19045,0.19132,23505254.750792
1761138000000,0.19133,0.1928,0.19001,0.1924,37577186.913883
1761141600000,0.1924,0.19246,0.18815,0.1924,99832588.855871
1761145200000,0.19244,0.19337,0.18967,0.19209,49871042.258721
1761148800000,0.19212,0.19314,0.19042,0.19164,62265738.367299
1761152400000,0.19165,0.19243,0.19004,0.19043,21379842.952017
1761156000000,0.1904,0.19131,0.18941,0.19077,21015917.332582
1761159600000,0.19078,0.19228,0.18859,0.19046,40672188.820009
1761163200000,0.19048,0.19102,0.18892,0.18958,21584282.540894
1761166800000,0.18956,0.18966,0.18446,0.18761,97888330.354063
1761170400000,0.1876,0.18878,0.18668,0.1874,18877964.189503
1761174000000,0.18739,0.19056,0.1873,0.18992,20896431.879501
1761177600000,0.18993,0.19093,0.18956,0.19056,15646339.726885
1761181200000,0.19053,0.19159,0.19039,0.19085,20139249.78
1761184800000,0.19086,0.19107,0.19041,0.191,10221377.277193
1761188400000,0.19101,0.19177,0.19082,0.19104,10047931.974757
1761192000000,0.19105,0.19249,0.19081,0.19158,19846682.507293
1761195600000,0.19159,0.19223,0.19134,0.19216,13006352.063562
1761199200000,0.19217,0.19496,0.19197,0.19477,46123982.804024
1761202800000,0.19478,0.19495,0.19312,0.19402,33674765.488791
1761206400000,0.19403,0.19517,0.194,0.19425,23942775.708908
1761210000000,0.19426,0.19495,0.19402,0.19487,18657835.289757
1761213600000,0.19488,0.196,0.19473,0.1948,31333746.31447
1761217200000,0.1948,0.19489,0.19315,0.19333,30220901.906536
1761220800000,0.19332,0.1939,0.19147,0.19388,41536999.593853
1761224400000,0.19387,0.19518,0.19271,0.19425,31158117.370623
1761228000000,0.19425,0.1949,0.19263,0.19442,31699110.547077
1761231600000,0.19442,0.1962,0.19408,0.19552,36213501.868618
1761235200000,0.19552,0.19707,0.19475,0.19686,54571216.525501
1761238800000,0.19688,0.19744,0.19501,0.19706,34931477.899627
1761242400000,0.19705,0.19717,0.19539,0.19577,17188286.094571
1761246000000,0.19579,0.19605,0.19484,0.19587,16818615.034123
1761249600000,0.19586,0.1959,0.19238,0.19354,30143389.024366
1761253200000,0.19355,0.19422,0.19316,0.19393,16009864.386853
1761256800000,0.19393,0.19497,0.19384,0.19462,13091604.254393
1761260400000,0.19463,0.19494,0.19431,0.19494,13033099.211457
1761264000000,0.19494,0.19596,0.19436,0.19536,16291651.771023
1761267600000,0.19536,0.19564,0.19451,0.19548,18272983.4237
1761271200000,0.1955,0.19586,0.19478,0.19546,14203947.235473
1761274800000,0.19547,0.19556,0.19481,0.19533,11088996.11279
1761278400000,0.19533,0.19827,0.19502,0.19766,44313372.165826
1761282000000,0.19766,0.19837,0.19724,0.19787,32048655.838288
1761285600000,0.19787,0.19854,0.19756,0.19841,18049639.216554
1761289200000,0.19841,0.1985,0.19609,0.19676,25779623.357669
1761292800000,0.19676,0.19797,0.19614,0.19723,18753748.002864
1761296400000,0.19722,0.19767,0.19691,0.19732,13535098.717731
1761300000000,0.19732,0.1975,0.1966,0.19673,10864401.569835
1761303600000,0.19674,0.1975,0.19542,0.19735,17908974.945979
1761307200000,0.19735,0.20106,0.19707,0.19812,79102718.579891
1761310800000,0.1981,0.19841,0.19566,0.19735,38096216.534483
1761314400000,0.19735,0.19737,0.194,0.19489,42729653.976859
1761318000000,0.1949,0.19625,0.1943,0.19497,55507043.796052
1761321600000,0.19497,0.1956,0.19413,0.19492,16339418.1211
1761325200000,0.1949,0.19597,0.19476,0.19517,9585814.810138
1761328800000,0.19517,0.1961,0.195,0.19607,5148050.896157
1761332400000,0.19606,0.19705,0.19602,0.19672,10860781.697499
1761336000000,0.19674,0.19782,0.19662,0.1976,11361811.860439
1761339600000,0.19764,0.19818,0.19702,0.19814,9782823.880581
1761343200000,0.19813,0.1985,0.1977,0.19801,3889565.8384
1761346800000,0.19801,0.19801,0.19728,0.19776,4240447.982971
1761350400000,0.19772,0.1988,0.19736,0.19816,15289717.966024
1761354000000,0.19819,0.19985,0.19796,0.1995,17636135.286291
1761357600000,0.19951,0.19958,0.19842,0.19893,10107544.027967
1761361200000,0.19891,0.19906,0.19778,0.1978,7080978.492746
1761364800000,0.19779,0.19915,0.19779,0.19866,10728461.54908
1761368400000,0.19866,0.19904,0.19805,0.19904,10005278.76636
1761372000000,0.19904,0.19941,0.19845,0.19855,13836076.888833
1761375600000,0.19856,0.19887,0.1977,0.19798,14966377.038063
1761379200000,0.19798,0.19884,0.19792,0.19877,5703518.577655
1761382800000,0.19877,0.19884,0.19758,0.19772,11383869.244589
1761386400000,0.19772,0.19782,0.19682,0.19701,15364918.081367
1761390000000,0.197,0.19772,0.19683,0.19751,3972073.23703
1761393600000,0.19752,0.19849,0.19742,0.19816,7614940.584731
1761397200000,0.19816,0.19828,0.1969,0.19745,12911075.985774
1761400800000,0.19743,0.19748,0.19673,0.19696,11856008.614984
1761404400000,0.19698,0.19698,0.196,0.19626,14845121.076824
1761408000000,0.19629,0.19675,0.1961,0.19661,8300007.447716
1761411600000,0.19664,0.19729,0.1966,0.19692,6865365.428693
1761415200000,0.19691,0.19813,0.19665,0.19793,8984319.967808
1761418800000,0.19792,0.19793,0.19728,0.19738,4774983.290204
1761422400000,0.1974,0.19763,0.1965,0.19662,4448214.315343
1761426000000,0.19663,0.1972,0.19655,0.19698,6418644.007775
1761429600000,0.19697,0.19749,0.19626,0.19726,5355975.307052
1761433200000,0.19726,0.1973,0.19639,0.19653,5781473.650067
1761436800000,0.19652,0.19708,0.1957,0.19633,13856311.982279
1761440400000,0.19634,0.19653,0.19502,0.19544,16029363.135827
1761444000000,0.19544,0.19559,0.19466,0.19498,11382743.885093
1761447600000,0.19498,0.19533,0.1947,0.19503,8089839.601815
1761451200000,0.19504,0.19578,0.19489,0.19562,6167637.040573
1761454800000,0.19563,0.19614,0.19515,0.19591,10951039.858537
1761458400000,0.19591,0.19633,0.19561,0.19614,5992898.616916
1761462000000,0.19615,0.1967,0.19593,0.19669,8120848.2196
1761465600000,0.19669,0.1973,0.19643,0.19706,14409146.882437
1761469200000,0.19709,0.20093,0.19677,0.19953,46879942.323426
1761472800000,0.19954,0.20013,0.19835,0.19909,14079313.02098
1761476400000,0.19908,0.20243,0.19829,0.20184,46012548.353072
1761480000000,0.20182,0.20283,0.20142,0.20251,46324107.008308
1761483600000,0.20252,0.20387,0.20157,0.20291,30285653.626945
1761487200000,0.20293,0.20325,0.20224,0.20258,23128354.653706
1761490800000,0.20257,0.20379,0.2023,0.20307,19476407.370499
1761494400000,0.20308,0.20319,0.20169,0.20221,25010305.018426
1761498000000,0.2022,0.20308,0.2018,0.20233,7805304.900251
1761501600000,0.20233,0.20295,0.20231,0.20254,11045839.729192
1761505200000,0.20254,0.20258,0.20152,0.20186,9631246.918576
1761508800000,0.20185,0.20185,0.20061,0.20105,11405633.10682
1761512400000,0.20106,0.20239,0.20032,0.20217,9369901.170774
1761516000000,0.20218,0.20748,0.20218,0.20554,82916226.423208
1761519600000,0.20555,0.20686,0.20534,0.2058,28774072.761898
1761523200000,0.2058,0.20818,0.20528,0.20757,42693541.043751
1761526800000,0.20757,0.20928,0.20698,0.20904,36563362.617469
1761530400000,0.20905,0.20955,0.2075,0.20771,30136841.219827
1761534000000,0.20771,0.20836,0.20633,0.20688,39110778.149369
1761537600000,0.20689,0.20767,0.20637,0.20765,24073921.779108
1761541200000,0.20767,0.20894,0.20709,0.20743,39619325.728519
1761544800000,0.20743,0.20827,0.20662,0.20803,39225538.375703
1761548400000,0.20803,0.20867,0.20517,0.20633,47218165.396497
1761552000000,0.20633,0.20651,0.2036,0.20409,64039711.204776
1761555600000,0.20409,0.20413,0.20232,0.20296,34820254.662219
1761559200000,0.20297,0.20346,0.20244,0.20296,12855260.332867
1761562800000,0.20297,0.20387,0.20159,0.20337,22815880.330323
1761566400000,0.20337,0.20346,0.20182,0.20212,14584803.15231
1761570000000,0.2021,0.20382,0.20007,0.20325,42654780.243228
1761573600000,0.20326,0.20353,0.20117,0.20196,23471800.011833
1761577200000,0.20196,0.20359,0.20191,0.20301,25735486.854889
1761580800000,0.20304,0.20537,0.20304,0.20496,34442861.349876
1761584400000,0.20495,0.20541,0.20396,0.20529,20310985.192069
1761588000000,0.20528,0.2057,0.20431,0.20502,9493899.503344
1761591600000,0.20502,0.20515,0.20286,0.20315,18678313.418175
1761595200000,0.20315,0.20316,0.2014,0.20142,17188424.162455
1761598800000,0.2014,0.20276,0.2008,0.20172,12531071.119217
1761602400000,0.20173,0.20248,0.20081,0.20102,8474852.826223
1761606000000,0.20103,0.20108,0.19861,0.20037,28853046.612077
1761609600000,0.20037,0.20123,0.19966,0.20052,14533144.522404
1761613200000,0.20053,0.20158,0.20044,0.20104,12307704.582733
1761616800000,0.20105,0.20132,0.19819,0.19952,30032207.587191
1761620400000,0.1995,0.20023,0.19858,0.19972,28111006.992647
1761624000000,0.19971,0.20021,0.1991,0.19988,18483333.690867
1761627600000,0.19989,0.20017,0.19814,0.19839,30340068.494278
1761631200000,0.1984,0.20136,0.19838,0.20122,22653118.356758
1761634800000,0.20125,0.20206,0.20011,0.20033,14740234.805044
1761638400000,0.20033,0.20119,0.19995,0.20041,11624661.965717
1761642000000,0.2004,0.2011,0.19967,0.20042,11615461.35257
1761645600000,0.20042,0.2005,0.1995,0.20036,8877806.527589
1761649200000,0.20036,0.20072,0.19963,0.1998,7263969.190269
1761652800000,0.19977,0.20123,0.19932,0.20104,11015270.935627
1761656400000,0.20104,0.20255,0.20104,0.20195,32767520.731828
1761660000000,0.20195,0.2031,0.19604,0.19946,73904889.333367
1761663600000,0.19948,0.20058,0.1986,0.19976,28198577.664893
1761667200000,0.19975,0.20202,0.19926,0.2014,27560587.847889
1761670800000,0.20141,0.2025,0.20138,0.20224,12834138.047605
1761674400000,0.20225,0.20246,0.20018,0.20068,15448050.789334
1761678000000,0.20071,0.20125,0.19618,0.19679,36592448.509317
1761681600000,0.19677,0.19688,0.19185,0.19293,91067724.583538
1761685200000,0.19293,0.19362,0.19,0.19279,55010835.180882
1761688800000,0.19278,0.19432,0.19204,0.19411,22586594.467714
1761692400000,0.19411,0.19416,0.19306,0.19365,16806339.405821
1761696000000,0.19365,0.19421,0.19313,0.1934,19807369.415814
1761699600000,0.19336,0.19477,0.19306,0.19385,19219778.515789
1761703200000,0.19383,0.19409,0.19355,0.19388,9304963.694973
1761706800000,0.19387,0.19387,0.19266,0.19304,13716574.953876
1761710400000,0.19302,0.19409,0.19291,0.19383,9060276.204063
1761714000000,0.19384,0.19483,0.19367,0.19401,15283618.20901
1761717600000,0.19401,0.19443,0.1936,0.1942,13182721.148021
1761721200000,0.19418,0.19455,0.1938,0.19436,18808603.916744
1761724800000,0.19436,0.19443,0.193,0.19331,19908719.481515
1761728400000,0.1933,0.19368,0.19261,0.19331,13163843.579392
1761732000000,0.19332,0.19492,0.19321,0.19397,14125963.468737
1761735600000,0.19399,0.19566,0.19368,0.19543,11916206.854612
1761739200000,0.1954,0.19649,0.19507,0.19612,15133966.852985
1761742800000,0.19615,0.19728,0.19306,0.19396,64711929.990632
1761746400000,0.19395,0.19409,0.19249,0.19326,32209121.691402
1761750000000,0.19328,0.19367,0.19032,0.19115,56349818.255163
1761753600000,0.19116,0.19263,0.19018,0.19218,37500702.947244
1761757200000,0.19217,0.19607,0.19202,0.19605,26744567.983694
1761760800000,0.19606,0.197,0.18675,0.19286,266268546.182423
1761764400000,0.19288,0.19522,0.19228,0.19401,43461117.108506
1761768000000,0.19403,0.19661,0.19331,0.19605,53965732.155263
1761771600000,0.19605,0.19682,0.19504,0.19605,25982936.909113
1761775200000,0.19604,0.19636,0.19457,0.19481,17940099.140975
1761778800000,0.19481,0.19491,0.19141,0.19234,36489152.314481
1761782400000,0.19235,0.19311,0.1912,0.19306,21037092.435624
1761786000000,0.19308,0.19374,0.1919,0.19317,13300971.10963
1761789600000,0.19318,0.19461,0.19272,0.19447,14756744.640219
1761793200000,0.19448,0.1945,0.193,0.19372,13822045.968335
1761796800000,0.1937,0.19374,0.18574,0.18758,132537575.507163
1761800400000,0.18758,0.19152,0.18713,0.19109,41032281.944769
1761804000000,0.19106,0.19222,0.19025,0.1913,21334898.469247
1761807600000,0.19131,0.19345,0.19088,0.19265,17631830.880038
1761811200000,0.19265,0.19267,0.19097,0.19111,24643503.715083
1761814800000,0.1911,0.19135,0.18927,0.18937,18517400.761266
1761818400000,0.18937,0.19002,0.18842,0.18873,17772726.2138
1761822000000,0.18874,0.18912,0.18785,0.18798,23157606.658979
1761825600000,0.18798,0.18836,0.18267,0.1842,112460766.144186
1761829200000,0.18418,0.18505,0.1815,0.18243,94930291.527654
1761832800000,0.1824,0.18363,0.18139,0.1824,58303764.596854
1761836400000,0.18239,0.18267,0.17985,0.1807,55674606.341887
1761840000000,0.1807,0.1821,0.17969,0.18188,44392378.094631
1761843600000,0.18189,0.1819,0.17819,0.18059,64335690.801396
1761847200000,0.18059,0.1808,0.17832,0.17873,31414495.224018
1761850800000,0.17872,0.17917,0.17641,0.17695,60013697.052916
1761854400000,0.17694,0.17987,0.17639,0.17951,46870576.253464
1761858000000,0.17952,0.18037,0.17869,0.17989,22162642.37298
1761861600000,0.1799,0.1806,0.17952,0.1806,11930643.257143
1761865200000,0.18061,0.18285,0.17983,0.18267,46931795.48476
1761868800000,0.18268,0.18492,0.18227,0.18448,25797321.17259
1761872400000,0.18449,0.18585,0.18415,0.1855,28980563.479625
1761876000000,0.1855,0.18554,0.18332,0.18413,26145628.558242
1761879600000,0.18413,0.18479,0.18354,0.18452,21263968.572611
1761883200000,0.18453,0.18607,0.1843,0.18586,38587047.140616
1761886800000,0.18581,0.18582,0.18475,0.18506,11517854.383849
1761890400000,0.18506,0.18522,0.18416,0.18452,10658058.710535
1761894000000,0.18454,0.18535,0.18388,0.1845,19881497.661475
1761897600000,0.1845,0.1857,0.1837,0.18548,13975432.691845
1761901200000,0.18548,0.18596,0.18501,0.18517,11495425.694663
1761904800000,0.1852,0.1859,0.18507,0.18557,5949900.65328
1761908400000,0.18557,0.18739,0.18502,0.18676,24797861.731502
1761912000000,0.18674,0.18727,0.18481,0.18492,30392834.691542
1761915600000,0.18493,0.18657,0.18455,0.1864,19585929.711023
1761919200000,0.18644,0.18695,0.18516,0.18669,30168140.895609
1761922800000,0.18667,0.18734,0.18561,0.18599,25110553.340592
1761926400000,0.18598,0.18617,0.18313,0.18352,30942470.660918
1761930000000,0.18352,0.1852,0.18273,0.18447,31996491.157012
1761933600000,0.18448,0.1862,0.18391,0.18536,26308240.029301
1761937200000,0.18535,0.18818,0.18453,0.18751,30674553.556858
1761940800000,0.1875,0.18764,0.18578,0.18597,9667373.135146
1761944400000,0.18599,0.18657,0.18536,0.18633,9238710.27603
1761948000000,0.18636,0.18684,0.186,0.1863,3528650.43345
1761951600000,0.18628,0.18685,0.18609,0.18644,7386493.511247
1761955200000,0.18644,0.18656,0.18538,0.18625,12539603.329424
1761958800000,0.18624,0.18675,0.18569,0.18571,5422794.925036
1761962400000,0.18571,0.18645,0.18508,0.1864,9054987.325018
1761966000000,0.18641,0.18717,0.18639,0.18696,12971666.396598
1761969600000,0.18698,0.18719,0.18623,0.18694,9256647.590166
1761973200000,0.18694,0.18704,0.18602,0.18606,7762573.309915
1761976800000,0.18605,0.18634,0.18558,0.18611,7392947.559538
1761980400000,0.18614,0.18723,0.18592,0.18707,9398219.954114
1761984000000,0.18709,0.18783,0.18671,0.18778,7748020.801595
1761987600000,0.18778,0.18799,0.18675,0.18696,13494941.186909
1761991200000,0.18698,0.18746,0.18673,0.18714,5834955.736051
1761994800000,0.18715,0.18754,0.18674,0.18704,6303890.739177
1761998400000,0.18705,0.18742,0.18682,0.187,6089123.005531
1762002000000,0.18701,0.18746,0.18594,0.1866,12539900.446452
1762005600000,0.18659,0.18689,0.18547,0.18602,17412011.169231
1762009200000,0.18603,0.18772,0.1859,0.18735,11940707.246202
1762012800000,0.18736,0.18788,0.1869,0.18737,7470402.618997
1762016400000,0.18737,0.18752,0.18664,0.18678,6728236.07677
1762020000000,0.18677,0.18729,0.18664,0.18716,4058765.417029
1762023600000,0.18715,0.18746,0.18683,0.18738,5544854.913582
1762027200000,0.1874,0.1884,0.18727,0.18777,4534812.292361
1762030800000,0.18777,0.18803,0.18619,0.18626,19052894.591921
1762034400000,0.18628,0.187,0.18625,0.187,5465996.808706
1762038000000,0.187,0.18756,0.18677,0.18737,3301589.875915
1762041600000,0.18738,0.18738,0.18664,0.18694,4060629.258702
1762045200000,0.18694,0.18705,0.18604,0.18611,11676751.948607
1762048800000,0.1861,0.18695,0.18588,0.18648,5498835.027558
1762052400000,0.18649,0.18657,0.18601,0.18622,3557832.119971
1762056000000,0.18622,0.18823,0.18604,0.18803,11479924.580854
1762059600000,0.18804,0.18809,0.18701,0.1877,10587802.495551
1762063200000,0.18769,0.18798,0.18713,0.18778,4142108.884012
1762066800000,0.18779,0.18888,0.18731,0.18822,9100482.565294
1762070400000,0.18822,0.18839,0.18711,0.18736,13055683.238402
1762074000000,0.18735,0.18789,0.1862,0.18634,15979292.440171
1762077600000,0.18636,0.18663,0.18485,0.18552,23326266.138545
1762081200000,0.18554,0.18713,0.1854,0.187,8988711.830203
1762084800000,0.187,0.18707,0.18619,0.18642,5937320.020768
1762088400000,0.18643,0.18648,0.1845,0.18518,9308789.547316
1762092000000,0.18517,0.1856,0.18282,0.18376,28088921.810976
1762095600000,0.18377,0.1846,0.18311,0.18346,14352495.299433
1762099200000,0.18347,0.18389,0.18175,0.18388,18905781.018697
1762102800000,0.18388,0.18408,0.18325,0.18406,5675573.926983
1762106400000,0.18406,0.18428,0.18348,0.18393,2051630.050272
1762110000000,0.18391,0.18409,0.18246,0.18327,6824875.97405
1762113600000,0.18328,0.18342,0.1828,0.1833,3897324.270437
1762117200000,0.18329,0.18436,0.18328,0.18383,3511834.159325
1762120800000,0.18381,0.1842,0.18294,0.18412,5777276.108527
1762124400000,0.18413,0.18678,0.18413,0.18638,19337648.802428
1762128000000,0.18638,0.18664,0.18353,0.18373,19289965.831806
1762131600000,0.18371,0.18441,0.1825,0.18297,14191702.338954
1762135200000,0.18297,0.18319,0.18002,0.18095,57062135.435836
1762138800000,0.18096,0.18129,0.17459,0.17513,136336973.447924
1762142400000,0.17515,0.176,0.17331,0.176,67924557.264501
1762146000000,0.17599,0.17678,0.17375,0.17395,40440711.90703
1762149600000,0.17396,0.17447,0.17103,0.17318,70300141.626221
1762153200000,0.17318,0.17455,0.17236,0.17355,42141189.223277
1762156800000,0.17355,0.17414,0.17237,0.17378,38690790.53796
1762160400000,0.17378,0.17531,0.17254,0.17271,32260549.635283
1762164000000,0.17271,0.17364,0.17139,0.17204,33614950.324006
1762167600000,0.17207,0.17492,0.17202,0.17421,36124005.259101
1762171200000,0.17422,0.17563,0.174,0.17426,30025392.860577
1762174800000,0.17427,0.17515,0.17355,0.17439,28840892.241222
1762178400000,0.17439,0.17578,0.17373,0.17519,35426213.823268
1762182000000,0.17519,0.17547,0.15908,0.16701,446112772.287715
1762185600000,0.16703,0.16953,0.16554,0.16882,90104839.79556
1762189200000,0.16884,0.17167,0.16851,0.17135,55133655.701918
1762192800000,0.17136,0.17178,0.16887,0.16926,22077341.505254
1762196400000,0.16926,0.16966,0.16789,0.16809,19966785.487529
1762200000000,0.1681,0.16846,0.16522,0.16606,26250550.176842
1762203600000,0.16604,0.16791,0.16442,0.16773,39951694.179632
1762207200000,0.16773,0.16786,0.16458,0.1658,31531245.382862
1762210800000,0.16581,0.16744,0.16436,0.16739,28949969.111451
1762214400000,0.1674,0.16953,0.16562,0.1687,39344463.446831
1762218000000,0.16872,0.17034,0.16797,0.17005,38472123.690591
1762221600000,0.17004,0.17047,0.16902,0.16938,26170827.026499
1762225200000,0.16939,0.17094,0.16848,0.1704,33866210.345522
1762228800000,0.17042,0.17112,0.16949,0.16953,29238449.888559
1762232400000,0.16953,0.16983,0.16071,0.16111,156825419.625917
1762236000000,0.1611,0.16737,0.16089,0.16445,102649184.988171
1762239600000,0.16444,0.1647,0.16066,0.16201,74510835.522931
1762243200000,0.162,0.16588,0.16093,0.1645,73745641.247549
1762246800000,0.16449,0.1656,0.16365,0.16532,44499341.981242
1762250400000,0.16531,0.16603,0.16462,0.16534,29745304.164416
1762254000000,0.16535,0.16701,0.16511,0.16613,30644668.210335
1762257600000,0.16613,0.16633,0.16367,0.16409,45430153.860717
1762261200000,0.16408,0.16466,0.16188,0.16283,107668253.530908
1762264800000,0.16284,0.16783,0.16084,0.16691,81056382.454053
1762268400000,0.16695,0.16853,0.16329,0.16396,79535289.84303
1762272000000,0.16396,0.16518,0.15981,0.16014,93257028.443144
1762275600000,0.16014,0.16123,0.15608,0.15923,150486131.168365
1762279200000,0.15922,0.16033,0.15416,0.15982,137499220.855646
1762282800000,0.15981,0.16148,0.15765,0.15796,50163668.055422
1762286400000,0.15796,0.16062,0.15153,0.15888,195915577.046342
1762290000000,0.1589,0.15971,0.15158,0.15908,163832648.157034
1762293600000,0.15909,0.16435,0.15833,0.16343,90559429.061383
1762297200000,0.16345,0.16431,0.16212,0.16227,38354991.469819
1762300800000,0.16224,0.16341,0.16015,0.16083,33469831.142693
1762304400000,0.16085,0.16103,0.15455,0.15973,96877361.914815
1762308000000,0.15974,0.16466,0.15973,0.16428,73745394.294556
1762311600000,0.16431,0.16496,0.16311,0.16444,38559303.039603
1762315200000,0.16441,0.16537,0.16368,0.16475,26894802.203563
1762318800000,0.16475,0.16617,0.16459,0.16496,20129737.216287
1762322400000,0.16496,0.16546,0.16424,0.16539,18353164.121582
1762326000000,0.1654,0.16549,0.16401,0.16494,11747641.998235
1762329600000,0.16494,0.16494,0.16189,0.16284,42446714.705692
1762333200000,0.16283,0.16419,0.16252,0.16392,21851897.108328
1762336800000,0.16388,0.16393,0.16115,0.16146,21783960.346765
1762340400000,0.16148,0.16411,0.1614,0.16391,24341182.724462
1762344000000,0.1639,0.1652,0.16301,0.16429,30413156.81579
1762347600000,0.16429,0.16617,0.16353,0.16557,27225834.048837
1762351200000,0.16556,0.16716,0.16342,0.16579,58650433.741934
1762354800000,0.1658,0.16737,0.16523,0.16733,47611073.288333
1762358400000,0.16735,0.16793,0.1657,0.16744,42862191.889712
1762362000000,0.16746,0.16825,0.16677,0.16736,22946674.515172
1762365600000,0.16735,0.16885,0.16664,0.1681,22468769.299742
1762369200000,0.1681,0.16837,0.1671,0.16729,10755584.618282
1762372800000,0.16728,0.16823,0.16683,0.16747,18586620.892235
1762376400000,0.16747,0.16747,0.16606,0.167,12206284.598278
1762380000000,0.16701,0.16809,0.16631,0.16803,11248198.926773
1762383600000,0.16804,0.1683,0.16715,0.16724,13989730.430457
1762387200000,0.1672,0.1672,0.16601,0.16693,20771668.692701
1762390800000,0.16692,0.16692,0.16436,0.16627,29726182.959438
1762394400000,0.16624,0.16779,0.16494,0.16696,15279375.882536
1762398000000,0.16696,0.1676,0.16669,0.16704,13034643.211165
1762401600000,0.16707,0.16741,0.16631,0.1668,11714321.932753
1762405200000,0.16678,0.16685,0.16336,0.16381,33644429.170534
1762408800000,0.16381,0.16452,0.16329,0.16338,23570561.577705
1762412400000,0.16339,0.16449,0.16277,0.16326,20127749.890689
1762416000000,0.16325,0.16415,0.16288,0.16354,15694874.485051
1762419600000,0.16354,0.16397,0.16258,0.16288,13656107.313717
1762423200000,0.16288,0.16412,0.16214,0.16335,23192409.85952
1762426800000,0.16336,0.16338,0.16232,0.16304,11468656.123358
1762430400000,0.16303,0.16325,0.161,0.1613,24415088.721485
1762434000000,0.16132,0.16383,0.16127,0.16311,29618517.930713
1762437600000,0.1631,0.16349,0.16028,0.16072,44898086.494472
1762441200000,0.16069,0.16236,0.15855,0.15919,68174007.315201
1762444800000,0.15917,0.16006,0.15687,0.15866,44606919.389903
1762448400000,0.15865,0.16069,0.15832,0.16039,42204742.88014
1762452000000,0.16038,0.16214,0.1587,0.16106,22998521.446873
1762455600000,0.16105,0.16141,0.15972,0.16074,19370393.716745
1762459200000,0.16077,0.16155,0.15955,0.16048,13712239.264006
1762462800000,0.16047,0.1629,0.16011,0.1624,15629808.026544
1762466400000,0.16239,0.16275,0.1608,0.16196,12149633.114517
1762470000000,0.16194,0.16194,0.16026,0.16165,14411527.78742
1762473600000,0.16164,0.16333,0.16133,0.16306,27405792.431367
1762477200000,0.16308,0.16347,0.16095,0.16323,25639609.41094
1762480800000,0.16322,0.16424,0.1621,0.16414,31259372.056546
1762484400000,0.16416,0.16507,0.16404,0.16437,20009188.453152
1762488000000,0.16437,0.16473,0.16362,0.1646,23558685.226926
1762491600000,0.16461,0.16647,0.16451,0.16623,20056550.989233
1762495200000,0.16623,0.1664,0.16553,0.16555,11895369.771933
1762498800000,0.16552,0.16725,0.16534,0.167,23171284.433485
1762502400000,0.16701,0.16733,0.16601,0.16631,22142108.210802
1762506000000,0.16631,0.16648,0.16386,0.16508,32434344.504523
1762509600000,0.16505,0.16589,0.16374,0.16461,15459615.949879
1762513200000,0.16461,0.16477,0.16213,0.16376,40454188.964698
1762516800000,0.16376,0.16428,0.16034,0.16124,39198606.445159
1762520400000,0.1612,0.16288,0.1607,0.16204,38523884.195465
1762524000000,0.16203,0.16599,0.15964,0.16542,65177799.07685
1762527600000,0.16543,0.17027,0.16407,0.16899,108400047.879462
1762531200000,0.16901,0.17558,0.16836,0.17432,117025994.381146
1762534800000,0.17431,0.17979,0.17336,0.17965,139958409.566463
1762538400000,0.17967,0.18169,0.17881,0.1793,79149973.039526
1762542000000,0.17927,0.18112,0.17807,0.1806,38150945.348001
1762545600000,0.18058,0.18078,0.17901,0.18022,20562156.609092
1762549200000,0.18023,0.1816,0.17991,0.1805,14722650.602777
1762552800000,0.1805,0.18072,0.17956,0.18056,16440183.527271
1762556400000,0.18055,0.18061,0.17835,0.17877,25326025.74705
1762560000000,0.17878,0.18045,0.17734,0.17756,35067587.541912
1762563600000,0.17757,0.182,0.17733,0.18097,36638754.715669
1762567200000,0.18098,0.18298,0.1805,0.18138,37481175.715697
1762570800000,0.18139,0.18333,0.17973,0.17979,42395735.798869
1762574400000,0.17978,0.18228,0.17978,0.18151,21979330.870029
1762578000000,0.18148,0.18191,0.1786,0.17867,32188127.955315
1762581600000,0.17871,0.18025,0.17763,0.17958,35742392.42737
1762585200000,0.17959,0.1805,0.17805,0.18019,17218449.060964
1762588800000,0.18019,0.1822,0.17921,0.18137,22659753.765854
1762592400000,0.18138,0.18188,0.17973,0.18022,16496816.225338
1762596000000,0.18024,0.18083,0.17994,0.18047,14430421.288226
1762599600000,0.18044,0.18114,0.17854,0.17913,29430685.185069
1762603200000,0.17913,0.17961,0.17832,0.1795,10512508.834541
1762606800000,0.1795,0.17958,0.1756,0.17596,41177350.167551
1762610400000,0.17597,0.17649,0.17427,0.17582,46690009.360827
1762614000000,0.17583,0.17616,0.17322,0.17397,30158899.900259
1762617600000,0.17397,0.17504,0.17292,0.17449,23150028.433631
1762621200000,0.1745,0.17517,0.17374,0.17477,13810109.321088
1762624800000,0.17478,0.17598,0.17415,0.17565,8380210.07095
1762628400000,0.1757,0.17571,0.17356,0.17504,6480797.475676
1762632000000,0.17508,0.17628,0.17456,0.17561,7519312.207201
1762635600000,0.17563,0.17592,0.17509,0.17573,4239485.352087
1762639200000,0.17574,0.17628,0.17522,0.17603,12643517.623742
1762642800000,0.17603,0.17662,0.17541,0.17607,14633534.847077
1762646400000,0.17608,0.1761,0.17438,0.17478,14903550.150331
1762650000000,0.17477,0.17584,0.1742,0.17545,9832139.343695
1762653600000,0.17544,0.17544,0.17183,0.17214,19755560.118133
1762657200000,0.1722,0.17305,0.17124,0.17202,23097028.112184
1762660800000,0.17202,0.17377,0.17188,0.17313,12257877.712625
1762664400000,0.17314,0.17411,0.17269,0.17392,8873778.429709
1762668000000,0.17392,0.17534,0.17351,0.17431,6540141.277754
1762671600000,0.17432,0.17543,0.17414,0.1752,8757258.651322
1762675200000,0.1752,0.17521,0.17361,0.17413,12283089.604511
1762678800000,0.17415,0.17507,0.17333,0.17341,13653533.30408
1762682400000,0.17342,0.17435,0.17245,0.1743,15042348.82812
1762686000000,0.17432,0.17552,0.17432,0.17513,21428299.546564
1762689600000,0.17513,0.17601,0.17478,0.17543,13247625.92955
1762693200000,0.17544,0.17671,0.17522,0.17612,16261396.78813
1762696800000,0.17609,0.17964,0.17501,0.17695,50301306.868107
1762700400000,0.17693,0.17933,0.17691,0.1781,29897585.436976
1762704000000,0.17808,0.17918,0.17669,0.17869,20028444.58963
1762707600000,0.1787,0.17879,0.17691,0.17749,16366065.026985
1762711200000,0.17751,0.17901,0.17654,0.1788,12573737.313391
1762714800000,0.17881,0.18014,0.17834,0.18013,15366393.675659
1762718400000,0.18014,0.18039,0.17891,0.17942,14632978.950247
1762722000000,0.17944,0.18026,0.17922,0.17992,10546570.094342
1762725600000,0.17994,0.18001,0.17852,0.17965,13070101.606356
1762729200000,0.17966,0.18162,0.17852,0.17931,23498350.356505
1762732800000,0.17931,0.18371,0.17804,0.18241,50034059.589845
1762736400000,0.18239,0.18324,0.18078,0.18082,32347409.08631
1762740000000,0.18082,0.18162,0.17995,0.18118,29728325.244453
1762743600000,0.18119,0.18226,0.18108,0.18168,18752717.818457
1762747200000,0.18167,0.18201,0.18038,0.18138,17989727.198252
1762750800000,0.18143,0.182,0.18015,0.18097,20678175.084445
1762754400000,0.18101,0.18163,0.18014,0.1809,13849487.926766
1762758000000,0.1809,0.18178,0.18037,0.18134,13982817.716836
1762761600000,0.18135,0.18148,0.17964,0.18096,20664828.77974
1762765200000,0.18095,0.18574,0.18072,0.18432,54254787.749535
1762768800000,0.18433,0.18503,0.18219,0.18261,27105261.350487
1762772400000,0.18262,0.1841,0.18258,0.18305,18274590.147331
1762776000000,0.18304,0.18317,0.18139,0.182,23595787.028009
1762779600000,0.18206,0.18404,0.18188,0.18299,21838801.04106
1762783200000,0.18299,0.18299,0.1782,0.17943,68382165.449543
1762786800000,0.17945,0.18056,0.17777,0.17924,56418510.959082
1762790400000,0.17923,0.18033,0.17725,0.17819,26933153.757434
1762794000000,0.17819,0.18051,0.17802,0.17993,17537836.105132
1762797600000,0.17997,0.18026,0.1785,0.1785,11034240.405065
1762801200000,0.1785,0.18112,0.17838,0.17992,13121774.754381
1762804800000,0.17992,0.18115,0.17975,0.18029,8185330.499651
1762808400000,0.18029,0.18034,0.17824,0.17938,11962421.602865
1762812000000,0.17938,0.18416,0.17886,0.18334,21932803.02553
1762815600000,0.18333,0.18345,0.1816,0.18176,14951890.236361
1762819200000,0.18178,0.18247,0.17938,0.18106,25012264.231447
1762822800000,0.18105,0.18639,0.18058,0.1808,70851507.567268
1762826400000,0.18087,0.18445,0.17976,0.18297,47969722.66989
1762830000000,0.18296,0.18395,0.18273,0.18284,20827428.552031
1762833600000,0.18281,0.18338,0.17968,0.18002,37011154.670976
1762837200000,0.18003,0.18008,0.17816,0.17829,30708081.106033
1762840800000,0.17826,0.17858,0.17687,0.17811,41354234.362044
1762844400000,0.17811,0.17841,0.17628,0.17643,19536032.01152
1762848000000,0.17643,0.17762,0.1762,0.17729,15752054.055058
1762851600000,0.1773,0.17862,0.17719,0.17747,22096169.60671
1762855200000,0.17747,0.17789,0.17686,0.1776,13974927.247627
1762858800000,0.1776,0.1788,0.17706,0.17767,9224598.258484
1762862400000,0.17768,0.17857,0.17673,0.17792,14923611.467103
1762866000000,0.17793,0.17856,0.17685,0.17715,27526732.527281
1762869600000,0.17718,0.17887,0.17592,0.17871,52675003.007911
1762873200000,0.1787,0.1787,0.17528,0.17618,40048977.621778
1762876800000,0.17616,0.17718,0.17546,0.17602,28377774.091365
1762880400000,0.17602,0.17698,0.17425,0.17575,18936641.464776
1762884000000,0.17575,0.17633,0.17463,0.17489,9547386.642641
1762887600000,0.17492,0.17522,0.17342,0.17434,16320629.189163
1762891200000,0.17435,0.1746,0.17257,0.17304,22866229.174347
1762894800000,0.17306,0.17379,0.17171,0.17236,22587063.156264
1762898400000,0.17234,0.17375,0.1717,0.17323,16054138.111143
1762902000000,0.17325,0.1734,0.17158,0.17208,11450776.058351
1762905600000,0.17209,0.17296,0.17137,0.17158,17084210.931783
1762909200000,0.17164,0.17311,0.17142,0.17275,12745999.921425
1762912800000,0.17274,0.17304,0.171,0.17187,15765287.488116
1762916400000,0.1719,0.1722,0.17151,0.17162,10850818.393643
1762920000000,0.17162,0.17218,0.1711,0.17157,9610200.558081
1762923600000,0.17158,0.17236,0.17126,0.17201,9711105.502395
1762927200000,0.17202,0.17295,0.17195,0.17222,12583900.983113
1762930800000,0.17221,0.17246,0.17121,0.17145,9278825.232119
1762934400000,0.17146,0.17458,0.17144,0.17408,15007463.042591
1762938000000,0.17406,0.17555,0.17399,0.17514,17456533.226898
1762941600000,0.17514,0.17657,0.17509,0.17644,14324444.457644
1762945200000,0.1764,0.17711,0.1759,0.1762,12164315.96927
1762948800000,0.17619,0.17706,0.17574,0.17644,9686375.346551
1762952400000,0.17643,0.17807,0.17566,0.178,20143628.46025
1762956000000,0.178,0.17852,0.17342,0.17535,38960893.924921
1762959600000,0.17532,0.17675,0.17082,0.17136,52235154.177983
1762963200000,0.17136,0.17181,0.16787,0.16926,70592088.382245
1762966800000,0.16926,0.17077,0.16809,0.16951,24968823.740414
1762970400000,0.16951,0.17,0.16835,0.16859,22135523.313046
1762974000000,0.16858,0.16931,0.1672,0.16904,20667048.392826
1762977600000,0.16902,0.17097,0.16851,0.17045,8577974.273386
1762981200000,0.17047,0.1714,0.17031,0.17067,7138831.944451
1762984800000,0.17068,0.1712,0.1695,0.17105,9369285.540656
1762988400000,0.17104,0.17105,0.16956,0.17019,9645717.277011
1762992000000,0.17017,0.17177,0.17005,0.17055,12986801.291596
1762995600000,0.17053,0.1722,0.17048,0.17106,19066459.959039
1762999200000,0.17108,0.17194,0.17055,0.17125,8495904.640317
1763002800000,0.17127,0.17561,0.16921,0.17404,65014415.605902
1763006400000,0.17404,0.17525,0.17326,0.17474,25641800.22674
1763010000000,0.17471,0.17658,0.17343,0.17601,36427815.924955
1763013600000,0.17604,0.17682,0.17549,0.1762,16822171.239511
1763017200000,0.1762,0.17705,0.1753,0.17576,22556618.310451
1763020800000,0.17574,0.17643,0.17541,0.17552,9096866.954182
1763024400000,0.17552,0.17576,0.17421,0.17481,22742887.445099
1763028000000,0.17484,0.17684,0.17484,0.17597,8929831.216658
1763031600000,0.17597,0.17632,0.17522,0.17587,7275000.901229
1763035200000,0.17587,0.17618,0.17522,0.17556,10837454.752297
1763038800000,0.17556,0.1759,0.17365,0.17448,21646334.27159
1763042400000,0.17448,0.17768,0.17286,0.17633,46970121.396537
1763046000000,0.1763,0.17685,0.172,0.17276,51354161.970952
1763049600000,0.17272,0.17321,0.1695,0.16972,36602677.281941
1763053200000,0.16974,0.16996,0.16533,0.1657,57333252.974638
1763056800000,0.1657,0.16599,0.16196,0.16271,95785297.027496
1763060400000,0.16271,0.16364,0.16018,0.16128,54717798.897803
1763064000000,0.16128,0.16264,0.16,0.16119,38447419.832026
1763067600000,0.1612,0.1619,0.16014,0.16142,25081796.103604
1763071200000,0.16141,0.16388,0.16104,0.16384,24921680.382405
1763074800000,0.16383,0.16534,0.1629,0.16384,28716179.459633
1763078400000,0.16383,0.16501,0.16255,0.1631,29533670.568809
1763082000000,0.1631,0.16435,0.16256,0.16323,19498666.520543
1763085600000,0.16324,0.16572,0.16317,0.16498,21619662.25566
1763089200000,0.16498,0.16517,0.16358,0.16411,18709684.485269
1763092800000,0.16411,0.16417,0.15905,0.16258,87837255.198023
1763096400000,0.1626,0.16461,0.16236,0.16429,49593880.541428
1763100000000,0.16429,0.16565,0.16123,0.16552,53239724.831802
1763103600000,0.16548,0.16626,0.16419,0.1651,40644811.52914
1763107200000,0.16511,0.16528,0.1632,0.164,19253186.644573
1763110800000,0.16397,0.16456,0.16191,0.1621,25721490.986785
1763114400000,0.16211,0.16417,0.16205,0.16328,15293354.643555
1763118000000,0.16326,0.16347,0.16074,0.16208,40712405.499283
1763121600000,0.1621,0.1621,0.15771,0.16099,66780226.073883
1763125200000,0.16104,0.16202,0.15823,0.15975,44684335.034535
1763128800000,0.15975,0.16402,0.15801,0.16266,84546197.991596
1763132400000,0.16266,0.16468,0.16112,0.16287,35304707.99359
1763136000000,0.16289,0.16477,0.16219,0.16402,31843023.184956
1763139600000,0.16403,0.16455,0.16092,0.16167,15634655.148468
1763143200000,0.16167,0.16333,0.16116,0.16155,13488639.227604
1763146800000,0.16154,0.16382,0.16117,0.1633,15479546.280783
1763150400000,0.16331,0.16339,0.15777,0.15892,24540421.683143
1763154000000,0.15895,0.16076,0.1581,0.16019,11023323.41143
1763157600000,0.16018,0.16115,0.15875,0.1593,15619281.656426
1763161200000,0.15934,0.15936,0.15463,0.15767,45933305.90761
1763164800000,0.15766,0.16024,0.15721,0.16016,25046249.127619
1763168400000,0.16013,0.16171,0.1594,0.16139,17886389.140924
1763172000000,0.16138,0.16244,0.16097,0.16244,17565448.460546
1763175600000,0.16241,0.16309,0.16188,0.16291,22746974.325859
1763179200000,0.16292,0.16339,0.16218,0.16248,15122239.524799
1763182800000,0.16249,0.16339,0.16225,0.16326,10176842.482699
1763186400000,0.16328,0.16422,0.16299,0.1633,12522036.029411
1763190000000,0.1633,0.16365,0.16271,0.16302,8327987.078467
1763193600000,0.16305,0.16312,0.16077,0.1611,20171978.511773
1763197200000,0.16109,0.16262,0.16081,0.1615,8466985.513437
1763200800000,0.16149,0.16217,0.16097,0.16197,5541075.591631
1763204400000,0.16197,0.16227,0.16135,0.16183,5036167.339546
1763208000000,0.16184,0.16324,0.16159,0.16307,17081849.965322
1763211600000,0.16306,0.16387,0.16277,0.16349,12521265.348129
1763215200000,0.1635,0.16383,0.16322,0.16373,9604102.830409
1763218800000,0.16374,0.16409,0.16292,0.16311,11305345.671762
1763222400000,0.1631,0.16337,0.1618,0.16323,24181614.346186
1763226000000,0.16325,0.1648,0.16315,0.1644,11261643.788224
1763229600000,0.16443,0.16446,0.1636,0.16388,6165791.748525
1763233200000,0.16391,0.16408,0.16337,0.16376,3865126.770783
1763236800000,0.16376,0.164,0.16244,0.16264,13856249.781103
1763240400000,0.16264,0.16383,0.16193,0.16229,8831543.297096
1763244000000,0.1623,0.16369,0.16216,0.16363,6442063.011527
1763247600000,0.16363,0.16394,0.16313,0.16316,3158541.565752
1763251200000,0.16316,0.16332,0.16157,0.16211,10395476.280947
1763254800000,0.16209,0.16219,0.15997,0.16173,25114711.40784
1763258400000,0.16172,0.16382,0.16109,0.16373,24352958.847016
1763262000000,0.16375,0.16444,0.16321,0.16387,10329926.293179
1763265600000,0.16387,0.16413,0.16274,0.16321,8882646.361474
1763269200000,0.16321,0.16429,0.16317,0.16339,9032318.774582
1763272800000,0.16339,0.16393,0.16305,0.16314,3080416.365491
1763276400000,0.16315,0.16409,0.16293,0.16408,4158519.310911
1763280000000,0.16406,0.16443,0.16337,0.16391,5770264.855022
1763283600000,0.16392,0.16562,0.16354,0.16547,19536566.757465
1763287200000,0.16545,0.16555,0.16464,0.16466,10637034.336206
1763290800000,0.16467,0.16494,0.16103,0.16144,42718121.113729
1763294400000,0.16143,0.16232,0.16043,0.16116,22267213.208043
1763298000000,0.16116,0.16182,0.16012,0.16076,23272289.67449
1763301600000,0.16077,0.16218,0.16065,0.16164,13557968.850658
1763305200000,0.16164,0.16168,0.15831,0.1586,49978259.217925
1763308800000,0.15862,0.15962,0.15567,0.15631,49560064.62847
1763312400000,0.1563,0.15707,0.15364,0.1555,64061795.858629
1763316000000,0.15548,0.15797,0.15425,0.15487,37332406.178246
1763319600000,0.15488,0.15728,0.15479,0.15589,17635593.618651
1763323200000,0.1559,0.15773,0.15567,0.15646,8649002.628432
1763326800000,0.15647,0.15656,0.15507,0.15633,30012700.821422
1763330400000,0.15634,0.15861,0.15509,0.15803,36193101.757723
1763334000000,0.15804,0.15968,0.155,0.1586,40520251.508074
1763337600000,0.15858,0.16069,0.157,0.15998,33794792.239233
1763341200000,0.15999,0.16021,0.15896,0.15906,22178858.83489
1763344800000,0.15907,0.1604,0.15835,0.16005,33552192.707366
1763348400000,0.16008,0.16163,0.16001,0.16146,25922441.326249
1763352000000,0.1615,0.16215,0.161,0.16109,16186273.596039
1763355600000,0.16108,0.16154,0.16081,0.16124,27727227.544918
1763359200000,0.16126,0.16176,0.1607,0.16165,14878680.033059
1763362800000,0.16165,0.16241,0.16144,0.16187,25300893.018282
1763366400000,0.16188,0.16222,0.16134,0.16157,17506476.293774
1763370000000,0.16157,0.16279,0.16115,0.16226,11853624.69734
1763373600000,0.16225,0.16287,0.16211,0.16238,7787983.31822
1763377200000,0.16239,0.163,0.16191,0.16215,12802026.938828
1763380800000,0.16215,0.16263,0.16156,0.1618,16414928.542036
1763384400000,0.1618,0.16216,0.15757,0.15888,54116824.34038
1763388000000,0.15886,0.16515,0.15787,0.1623,118465669.696067
1763391600000,0.16232,0.16364,0.15791,0.15843,62565723.868069
1763395200000,0.15842,0.16078,0.15565,0.16061,65503056.326126
1763398800000,0.16061,0.16084,0.1557,0.15612,44390337.472445
1763402400000,0.15612,0.15696,0.15374,0.15445,60232567.28494
1763406000000,0.15445,0.1549,0.15183,0.15231,67180173.469335
1763409600000,0.15228,0.15342,0.15094,0.15254,48162832.497883
1763413200000,0.15255,0.15333,0.15068,0.15211,30622376.446354
1763416800000,0.15213,0.15299,0.15153,0.15257,25812495.857001
1763420400000,0.15259,0.15286,0.15147,0.15215,15056567.855473
1763424000000,0.15216,0.15272,0.14943,0.15245,50318196.482842
1763427600000,0.15243,0.15337,0.15196,0.15254,24133719.966761
1763431200000,0.15252,0.15458,0.15045,0.15194,52781928.400545
1763434800000,0.15193,0.1548,0.15025,0.15455,74478805.298534
1763438400000,0.15455,0.15548,0.1522,0.15516,52031872.846402
1763442000000,0.15519,0.15622,0.15398,0.15466,25800239.284371
1763445600000,0.15468,0.15511,0.15342,0.15364,21886924.533541
1763449200000,0.15363,0.15565,0.15299,0.15507,28011593.828158
1763452800000,0.15509,0.15743,0.15504,0.15729,32294270.622421
1763456400000,0.15728,0.15755,0.15628,0.1574,18895680.003105
1763460000000,0.1574,0.15783,0.15663,0.15724,14033093.344151
1763463600000,0.15721,0.15754,0.15652,0.15693,24852798.705801
1763467200000,0.15696,0.15785,0.15627,0.15744,20284168.247462
1763470800000,0.15742,0.15751,0.15587,0.15646,22499254.252409
1763474400000,0.15645,0.15874,0.15617,0.15665,63729941.719299
1763478000000,0.15661,0.16054,0.15601,0.15922,66354350.075362
1763481600000,0.15923,0.16139,0.1587,0.16094,60424754.616091
1763485200000,0.16093,0.161,0.15965,0.16049,23667927.984591
1763488800000,0.16047,0.16169,0.16047,0.16121,12361494.790168
1763492400000,0.16122,0.16291,0.16092,0.16223,19538801.739643
1763496000000,0.16223,0.1626,0.16133,0.16135,11634993.24934
1763499600000,0.16137,0.16183,0.16053,0.16083,11248039.361969
1763503200000,0.16085,0.16273,0.16084,0.1622,12094550.090828
1763506800000,0.1622,0.16229,0.16133,0.1617,7557018.505692
1763510400000,0.16172,0.16173,0.15975,0.1609,30203243.752461
1763514000000,0.16092,0.16178,0.16001,0.16125,15028955.355136
1763517600000,0.16126,0.16249,0.16085,0.16122,15717546.628915
1763521200000,0.16122,0.16138,0.15924,0.15956,25699674.012007
1763524800000,0.15954,0.16018,0.15858,0.15869,25662294.015202
1763528400000,0.1587,0.15899,0.15543,0.1565,50214990.916985
1763532000000,0.15651,0.1574,0.15584,0.15708,25599127.84106
1763535600000,0.15706,0.1591,0.15691,0.15895,18529689.59555
1763539200000,0.15894,0.15946,0.15788,0.15807,19472223.911343
1763542800000,0.15805,0.15837,0.15709,0.15817,18339776.869901
1763546400000,0.1582,0.15891,0.15794,0.15849,7088164.0775
1763550000000,0.15849,0.15903,0.15814,0.15816,11807560.329628
1763553600000,0.15817,0.15922,0.15782,0.15901,11703029.442299
1763557200000,0.15904,0.15906,0.15722,0.15734,15025257.418582
1763560800000,0.15738,0.1578,0.15588,0.15756,34146342.925
1763564400000,0.15759,0.15974,0.15421,0.15451,58734554.781466
1763568000000,0.1545,0.15538,0.15171,0.15227,40794595.3287
1763571600000,0.15227,0.15291,0.14855,0.14942,76619283.291117
1763575200000,0.14943,0.15002,0.14716,0.14801,47226934.346899
1763578800000,0.14803,0.14925,0.14727,0.14884,24020362.73454
1763582400000,0.14884,0.15092,0.14804,0.15041,29008485.142943
1763586000000,0.15044,0.1545,0.1501,0.15416,49181428.401521
1763589600000,0.15415,0.1542,0.15262,0.15316,15694364.982651
1763593200000,0.15316,0.15517,0.15309,0.1546,22742715.952984
1763596800000,0.1546,0.15537,0.15374,0.15447,19018046.383046
1763600400000,0.15447,0.15641,0.1541,0.15631,30485895.775655
1763604000000,0.1563,0.15833,0.15613,0.15817,27241809.131776
1763607600000,0.15817,0.1583,0.15729,0.15765,22707452.032772
1763611200000,0.15766,0.15858,0.15678,0.15848,22723393.854603
1763614800000,0.15846,0.15884,0.15747,0.15782,16352435.375786
1763618400000,0.15782,0.15803,0.15633,0.15706,26449334.72811
1763622000000,0.15705,0.1583,0.15685,0.15822,14104014.762306
1763625600000,0.15823,0.15838,0.15745,0.15777,7810733.008195
1763629200000,0.15777,0.15781,0.15669,0.1573,19827725.915591
1763632800000,0.1573,0.15789,0.15645,0.15781,12561310.752022
1763636400000,0.15781,0.15829,0.15724,0.158,9841346.058273
1763640000000,0.15801,0.1593,0.15745,0.15878,28073906.970578
1763643600000,0.15878,0.15976,0.15749,0.1578,44583015.387999
1763647200000,0.15782,0.15956,0.15624,0.15901,65407785.612104
1763650800000,0.15907,0.15914,0.15712,0.15739,32571850.799109
1763654400000,0.15737,0.1576,0.15,0.15072,127713239.946404
1763658000000,0.15067,0.15138,0.14754,0.14846,106381740.911016
1763661600000,0.14847,0.14975,0.1467,0.14735,65231524.355201
1763665200000,0.14735,0.1499,0.14622,0.14966,50178467.833524
1763668800000,0.14966,0.15017,0.14821,0.14934,27285828.049618
1763672400000,0.14935,0.1523,0.14927,0.15102,23219093.700813
1763676000000,0.15101,0.15317,0.15081,0.15273,17669529.461279
1763679600000,0.15273,0.15288,0.14866,0.14892,39191373.04236
1763683200000,0.14892,0.15062,0.14872,0.15012,28077139.480969
1763686800000,0.15014,0.15111,0.14924,0.14979,12448936.878224
1763690400000,0.1498,0.14993,0.14504,0.14548,58212362.465918
1763694000000,0.14545,0.14828,0.14536,0.14693,43901829.920406
1763697600000,0.14693,0.1478,0.145,0.14763,38090408.581203
1763701200000,0.14765,0.14825,0.14614,0.14661,26237308.116702
1763704800000,0.14662,0.14691,0.14524,0.14611,24012656.610116
1763708400000,0.14612,0.14667,0.13391,0.14037,382932085.915186
1763712000000,0.1404,0.14236,0.13971,0.14107,81994842.685532
1763715600000,0.14111,0.14199,0.13803,0.13806,58112000.012772
1763719200000,0.13804,0.13917,0.13702,0.13784,49770409.262569
1763722800000,0.13784,0.13925,0.13645,0.13682,50741814.831129
1763726400000,0.13684,0.13981,0.13324,0.13893,143197344.17312
1763730000000,0.13894,0.14094,0.13834,0.14012,62460231.861249
1763733600000,0.14011,0.1421,0.1388,0.14135,78031725.858932
1763737200000,0.14136,0.14169,0.1375,0.13799,71994924.048768
1763740800000,0.13798,0.14148,0.13578,0.14145,88746084.871713
1763744400000,0.14147,0.14352,0.14119,0.14164,57298481.021438
1763748000000,0.14164,0.1424,0.13841,0.14109,49271406.958646
1763751600000,0.14106,0.14171,0.13941,0.13997,12938226.574279
1763755200000,0.13995,0.14012,0.13756,0.13897,24290707.435185
1763758800000,0.13896,0.14166,0.13809,0.14097,20396831.349956
1763762400000,0.14096,0.14154,0.13653,0.13659,22316143.330833
1763766000000,0.1366,0.14089,0.13574,0.14029,18405279.505892
1763769600000,0.14029,0.14121,0.13953,0.14013,21940937.508457
1763773200000,0.14014,0.14149,0.13992,0.14135,14075458.569728
1763776800000,0.14136,0.14143,0.13848,0.13937,26496930.902737
1763780400000,0.13938,0.14012,0.13882,0.13931,17303224.008544
1763784000000,0.13931,0.13939,0.13565,0.13761,35273830.365089
1763787600000,0.13764,0.13817,0.13581,0.13704,19848183.768102
1763791200000,0.13706,0.13944,0.13608,0.13906,15562965.398565
1763794800000,0.13907,0.14017,0.13869,0.13965,13413253.612973
1763798400000,0.13964,0.1397,0.1355,0.13641,30852547.689191
1763802000000,0.13644,0.1401,0.13584,0.13809,34201893.592765
1763805600000,0.13806,0.13874,0.13603,0.13678,39722030.798368
1763809200000,0.1368,0.13908,0.13633,0.1382,19878675.177323
1763812800000,0.13821,0.13829,0.13639,0.13706,17327250.999828
1763816400000,0.13706,0.13752,0.13563,0.13643,16858673.137001
1763820000000,0.13642,0.13944,0.13632,0.1391,39490900.384514
1763823600000,0.13909,0.13953,0.13729,0.13818,26059055.018763
1763827200000,0.13817,0.13976,0.13811,0.13951,16623457.667801
1763830800000,0.13953,0.13958,0.13871,0.13903,10440752.050795
1763834400000,0.13903,0.13993,0.13864,0.13969,8584696.818494
1763838000000,0.13969,0.14017,0.13912,0.13947,5888689.685372
1763841600000,0.13947,0.14017,0.13872,0.13918,4414176.000215
1763845200000,0.13916,0.14014,0.13901,0.14011,5499872.622508
1763848800000,0.14012,0.14243,0.13937,0.14148,18299795.445645
1763852400000,0.14144,0.14166,0.13993,0.14027,20057952.207731
1763856000000,0.14028,0.14103,0.13967,0.14023,12148315.21131
1763859600000,0.14023,0.1423,0.1402,0.1417,19323039.979661
1763863200000,0.14172,0.14339,0.14122,0.14264,35344765.035759
1763866800000,0.14264,0.14292,0.14191,0.14288,11792406.461921
1763870400000,0.14288,0.1447,0.14275,0.14374,32587823.990596
1763874000000,0.14375,0.14384,0.14294,0.14366,17657097.750154
1763877600000,0.14367,0.14404,0.1427,0.14283,21890563.73242
1763881200000,0.14283,0.14327,0.14192,0.14288,18478540.854394
1763884800000,0.14287,0.14354,0.14285,0.14338,9139194.799277
1763888400000,0.14339,0.14406,0.14328,0.14352,8358712.231157
1763892000000,0.14351,0.14393,0.14291,0.14386,8242232.843344
1763895600000,0.14386,0.14431,0.14326,0.14382,7792878.232916
1763899200000,0.14381,0.14531,0.14364,0.14522,27919287.251247
1763902800000,0.14518,0.14555,0.14436,0.14547,13537680.48634
1763906400000,0.14547,0.14642,0.14453,0.14489,20180578.061975
1763910000000,0.14491,0.14774,0.14464,0.14723,31606122.322003
1763913600000,0.14722,0.14766,0.1454,0.14553,32046050.433818
1763917200000,0.14552,0.14567,0.1446,0.14494,25034957.44932
1763920800000,0.14494,0.14653,0.14494,0.14612,13088765.224862
1763924400000,0.14614,0.14739,0.14592,0.14657,15127696.977881
1763928000000,0.14657,0.14714,0.14623,0.14649,6474416.418861
1763931600000,0.14651,0.14736,0.14576,0.14704,15448704.781626
1763935200000,0.14705,0.14751,0.14637,0.14739,10368036.063504
1763938800000,0.14743,0.14759,0.14448,0.14503,39854752.762215
1763942400000,0.14501,0.14589,0.14357,0.14503,35523499.546968
1763946000000,0.14502,0.14594,0.14399,0.14591,17778049.370553
1763949600000,0.14593,0.14927,0.14582,0.14718,49765532.695907
1763953200000,0.14719,0.14846,0.14661,0.14733,27940933.739934
1763956800000,0.14734,0.14776,0.14454,0.14537,28465811.538585
1763960400000,0.14537,0.14889,0.14515,0.14793,41537075.565021
1763964000000,0.14796,0.14808,0.14602,0.14691,25824196.292651
1763967600000,0.14687,0.14708,0.14596,0.14624,10419601.610572
1763971200000,0.14624,0.147,0.14578,0.14674,13923418.440846
1763974800000,0.14674,0.14686,0.144,0.14465,39677461.881675
1763978400000,0.14466,0.14591,0.14454,0.14562,12477298.379146
1763982000000,0.1456,0.14587,0.14478,0.14552,8779060.404484
1763985600000,0.1455,0.14554,0.1445,0.14496,12890883.581304
1763989200000,0.14497,0.14698,0.14477,0.14577,20445075.654352
1763992800000,0.14575,0.14712,0.1428,0.14537,53960954.404666
1763996400000,0.14538,0.14762,0.14469,0.1468,40335088.243208
1764000000000,0.14679,0.14854,0.14671,0.14757,31461207.539728
1764003600000,0.14755,0.15239,0.14755,0.15209,62259257.948108
1764007200000,0.15213,0.15302,0.15171,0.15253,35317087.66975
1764010800000,0.15252,0.15332,0.15208,0.15248,32546384.775071
1764014400000,0.15248,0.15398,0.15223,0.1532,19700700.953814
1764018000000,0.15319,0.1532,0.15173,0.15221,12989021.005684
1764021600000,0.15217,0.15316,0.15206,0.15273,11515573.31906
1764025200000,0.15273,0.15289,0.15171,0.1518,17231448.611912
1764028800000,0.1518,0.15213,0.15077,0.15183,20428059.752549
1764032400000,0.15184,0.15228,0.15118,0.15122,17842892.492101
1764036000000,0.15124,0.15171,0.15023,0.15164,19805920.811189
1764039600000,0.15165,0.15188,0.15071,0.15115,9362420.763498
1764043200000,0.15116,0.152,0.15091,0.15183,12212366.361417
1764046800000,0.15183,0.15183,0.1509,0.15143,9912389.945294
1764050400000,0.15143,0.15147,0.1506,0.1509,10343155.801809
1764054000000,0.15091,0.151,0.14916,0.14928,21397969.128789
1764057600000,0.14928,0.14975,0.14821,0.14833,15098296.435332
1764061200000,0.14835,0.14868,0.14751,0.14865,20891969.421063
1764064800000,0.14864,0.14912,0.14793,0.14903,13358142.510206
1764068400000,0.14903,0.14913,0.14841,0.14866,7840515.193298
1764072000000,0.14867,0.15012,0.14832,0.14949,20494916.221753
1764075600000,0.14948,0.14978,0.14761,0.14806,40746919.752117
1764079200000,0.14809,0.14899,0.14585,0.14745,44600333.548743
1764082800000,0.14743,0.14871,0.14608,0.148,23972613.28613
1764086400000,0.148,0.15061,0.14793,0.14976,31270657.868546
1764090000000,0.14974,0.15198,0.14914,0.15106,26124099.35186
1764093600000,0.15107,0.15222,0.15081,0.15105,12695831.219986
1764097200000,0.15107,0.15133,0.14842,0.15107,26047179.655486
1764100800000,0.15107,0.15359,0.15082,0.1529,24263136.642143
1764104400000,0.15291,0.15341,0.15235,0.15272,17268105.616725
1764108000000,0.15271,0.15378,0.15117,0.15335,17755465.995644
1764111600000,0.15337,0.15508,0.15291,0.15299,32272218.664705
1764115200000,0.15301,0.15357,0.15258,0.15274,15269995.080949
1764118800000,0.15274,0.15401,0.15187,0.15302,42976552.554755
1764122400000,0.15302,0.15318,0.15165,0.15175,17663990.957441
1764126000000,0.15175,0.15214,0.15032,0.15058,32141777.002704
1764129600000,0.15059,0.15087,0.15005,0.15039,17910362.71414
1764133200000,0.15038,0.15174,0.15033,0.15168,14741432.301783
1764136800000,0.15169,0.15236,0.15103,0.15212,16148815.856357
1764140400000,0.15212,0.15247,0.15183,0.15238,6934984.63039
1764144000000,0.1524,0.15242,0.15104,0.15111,11348257.595125
1764147600000,0.15111,0.15143,0.14993,0.15011,22592080.561443
1764151200000,0.15011,0.15068,0.14967,0.15047,25174538.515515
1764154800000,0.15048,0.15048,0.1497,0.14991,8382296.548565
1764158400000,0.14991,0.15022,0.14867,0.1495,24390752.858929
1764162000000,0.14949,0.15105,0.14923,0.15077,28791421.214946
1764165600000,0.15078,0.15191,0.14973,0.15015,31074814.835848
1764169200000,0.15013,0.15147,0.1498,0.15069,24854769.295666
1764172800000,0.1507,0.15276,0.15068,0.1521,23701620.130852
1764176400000,0.1521,0.15605,0.15202,0.15567,64961348.827931
1764180000000,0.1557,0.15677,0.15537,0.15666,37096898.344188
1764183600000,0.15665,0.15673,0.15558,0.15588,10239149.525962
1764187200000,0.15589,0.15631,0.15506,0.15535,12295773.99101
1764190800000,0.15535,0.15614,0.15469,0.15566,7002386.024141
1764194400000,0.15568,0.15622,0.15514,0.15527,7579352.276628
1764198000000,0.15527,0.15574,0.15426,0.15475,14243253.071139
1764201600000,0.15474,0.15499,0.15397,0.15443,26204174.369326
1764205200000,0.15444,0.15538,0.15409,0.15512,18882400.425547
1764208800000,0.15512,0.15562,0.15453,0.15468,24955680.786116
1764212400000,0.15467,0.15511,0.15374,0.15391,15145404.226609
1764216000000,0.15392,0.15496,0.15392,0.1547,14165260.499508
1764219600000,0.15471,0.15482,0.15375,0.15396,14752054.008566
1764223200000,0.15396,0.15462,0.1538,0.15426,7422745.109717
1764226800000,0.15426,0.15459,0.1539,0.15427,6801938.522522
1764230400000,0.15427,0.15427,0.15301,0.15374,20911020.984895
1764234000000,0.15375,0.15462,0.15351,0.15381,12844321.40773
1764237600000,0.1538,0.1538,0.15268,0.15324,15487481.538342
1764241200000,0.15325,0.15334,0.15242,0.1529,8935484.871963
1764244800000,0.15291,0.15305,0.15221,0.15237,13488585.26203
1764248400000,0.15237,0.15315,0.15231,0.15264,15551841.249418
1764252000000,0.15266,0.1531,0.15228,0.15289,7052548.145492
1764255600000,0.1529,0.15408,0.15255,0.15401,11229693.200088
1764259200000,0.154,0.15405,0.15294,0.15332,20882527.179883
1764262800000,0.15331,0.15338,0.15266,0.15322,12702860.05624
1764266400000,0.15323,0.15443,0.153,0.15415,8808945.834622
1764270000000,0.15414,0.15421,0.15374,0.15397,5305478.784865
1764273600000,0.15398,0.1546,0.15394,0.15432,5464265.659913
1764277200000,0.15431,0.1548,0.15375,0.15375,3899488.770253
1764280800000,0.15374,0.15397,0.15226,0.1525,9429189.229187
1764284400000,0.1525,0.15321,0.15227,0.15266,6809425.667336
1764288000000,0.15266,0.15293,0.15186,0.15206,9513856.970743
1764291600000,0.15206,0.15207,0.15008,0.15026,21880552.26921
1764295200000,0.15026,0.15109,0.14966,0.15102,22234730.847388
1764298800000,0.15103,0.15118,0.15049,0.151,16216558.536184
1764302400000,0.15102,0.1512,0.15035,0.15048,12439873.769608
1764306000000,0.15048,0.15123,0.15025,0.15105,9911010.691976
1764309600000,0.15106,0.15106,0.14963,0.14997,18634215.095243
1764313200000,0.14999,0.15062,0.1498,0.14985,14657889.671987
1764316800000,0.14987,0.1532,0.14986,0.15318,25762563.783742
1764320400000,0.15319,0.15352,0.15195,0.15223,14648566.39237
1764324000000,0.15225,0.15248,0.15189,0.15225,11278183.050027
1764327600000,0.15226,0.15226,0.14975,0.15044,29797505.344548
1764331200000,0.15043,0.15109,0.15021,0.151,9572319.48737
1764334800000,0.151,0.15303,0.15025,0.15255,19660873.025249
1764338400000,0.15255,0.15392,0.1518,0.15254,38995285.162456
1764342000000,0.15256,0.15551,0.15239,0.15373,35592993.166309
1764345600000,0.15375,0.15378,0.15038,0.15048,29258019.941934
1764349200000,0.15051,0.15099,0.1487,0.14949,33082269.950819
1764352800000,0.14948,0.14997,0.14824,0.1498,15447561.815196
1764356400000,0.14978,0.15124,0.14966,0.15103,9730839.451872
1764360000000,0.15103,0.15134,0.15007,0.15093,8427324.877184
1764363600000,0.15094,0.15113,0.14977,0.1498,9031459.930127
1764367200000,0.14982,0.15117,0.14953,0.15091,8744004.417951
1764370800000,0.15098,0.15125,0.15015,0.15019,4997644.098665
1764374400000,0.15018,0.15052,0.15,0.15029,4036689.738836
1764378000000,0.15028,0.15095,0.1501,0.15021,5018693.631257
1764381600000,0.15021,0.15028,0.14945,0.15003,9521622.879307
1764385200000,0.15005,0.15037,0.14964,0.14989,7879828.641296
1764388800000,0.1499,0.1507,0.14955,0.15063,6397936.900778
1764392400000,0.15062,0.15062,0.1496,0.14964,6213713.40241
1764396000000,0.14964,0.15009,0.14855,0.14928,16380602.142148
1764399600000,0.14928,0.14938,0.14872,0.14905,6377645.145651
1764403200000,0.14907,0.14954,0.14891,0.14929,10133305.216659
1764406800000,0.14931,0.14956,0.14894,0.14938,8634923.786804
1764410400000,0.14941,0.14941,0.14841,0.14904,8843194.531294
1764414000000,0.14905,0.14958,0.14886,0.14948,7254854.039484
1764417600000,0.14949,0.15003,0.14914,0.14926,4542895.818603
1764421200000,0.14925,0.14935,0.14878,0.14894,5584700.954586
1764424800000,0.14894,0.14894,0.14836,0.14838,10948679.57964
1764428400000,0.14839,0.14971,0.14839,0.14948,11325120.345796
1764432000000,0.14949,0.14952,0.14863,0.14894,10324799.027339
1764435600000,0.14894,0.14908,0.14742,0.14777,20481897.255961
1764439200000,0.14776,0.14829,0.14725,0.14816,15533484.015819
1764442800000,0.14817,0.14852,0.14801,0.14821,4439999.446476
1764446400000,0.14821,0.14893,0.148,0.14883,17622740.100093
1764450000000,0.14886,0.14898,0.14823,0.1489,3973522.292101
1764453600000,0.14887,0.14887,0.14778,0.14807,9114887.821429
1764457200000,0.14807,0.14888,0.14785,0.14837,8329082.996345
1764460800000,0.14838,0.1489,0.14837,0.14868,3485936.442285
1764464400000,0.1487,0.14923,0.14855,0.14898,12168815.021995
1764468000000,0.14899,0.14944,0.14857,0.14862,4983864.543168
1764471600000,0.14862,0.14955,0.14798,0.14936,7337700.813909
1764475200000,0.14937,0.1495,0.14892,0.1492,5592608.356354
1764478800000,0.1492,0.1492,0.14841,0.14878,7634103.471768
1764482400000,0.14879,0.14945,0.14857,0.14892,7288809.394305
1764486000000,0.14892,0.1494,0.14885,0.14926,2772500.501043
1764489600000,0.14926,0.14988,0.14872,0.14926,10757762.064232
1764493200000,0.14926,0.14979,0.14912,0.14965,27733041.095417
1764496800000,0.14965,0.14987,0.14895,0.14904,9154137.166744
1764500400000,0.14904,0.14933,0.14864,0.14885,5566729.745916
1764504000000,0.14886,0.15017,0.14857,0.14955,14488768.123614
1764507600000,0.14955,0.15058,0.14948,0.15049,13262722.71062
1764511200000,0.15049,0.15056,0.1493,0.1496,11586281.984266
1764514800000,0.14958,0.14978,0.14895,0.14939,13389839.760556
1764518400000,0.1494,0.15055,0.1493,0.15032,13447319.456116
1764522000000,0.15033,0.15033,0.14954,0.15005,9560332.192455
1764525600000,0.15005,0.15007,0.14926,0.15001,7274559.055875
1764529200000,0.15002,0.15025,0.14958,0.14975,4928290.638772
1764532800000,0.14975,0.15042,0.14925,0.14965,2995912.595239
1764536400000,0.14963,0.14966,0.14839,0.14884,5860360.197059
1764540000000,0.14886,0.1499,0.14879,0.14944,10886092.418322
1764543600000,0.14945,0.1495,0.14579,0.14603,31290863.83691
1764547200000,0.14601,0.14638,0.13878,0.13888,134113908.027619
1764550800000,0.13893,0.14066,0.1387,0.13922,40272100.356308
1764554400000,0.13923,0.13982,0.13821,0.13853,35412367.811061
1764558000000,0.13852,0.13872,0.13694,0.13718,34735440.068937
1764561600000,0.13718,0.13774,0.13668,0.13685,29214450.726721
1764565200000,0.13685,0.13736,0.1367,0.13715,25731911.151496
1764568800000,0.13715,0.13749,0.1367,0.13701,24107259.719581
1764572400000,0.13702,0.13779,0.13655,0.13774,20004980.459141
1764576000000,0.13774,0.13823,0.13749,0.13813,17750360.565324
1764579600000,0.13813,0.13847,0.13701,0.13709,21529006.65765
1764583200000,0.13711,0.13758,0.1371,0.13727,9367914.086684
1764586800000,0.13728,0.13732,0.13662,0.13704,20581685.295497
1764590400000,0.13705,0.13707,0.13426,0.13612,41746056.959102
1764594000000,0.13612,0.13684,0.13478,0.13528,31378856.540823
1764597600000,0.13527,0.13634,0.13473,0.13502,43434087.122151
1764601200000,0.13507,0.13523,0.13175,0.13386,80132240.531946
1764604800000,0.13387,0.13396,0.1322,0.13235,28010580.334167
1764608400000,0.13235,0.13344,0.13214,0.13294,12102385.481699
1764612000000,0.13294,0.1339,0.13272,0.1335,19571154.879911
1764615600000,0.13349,0.13362,0.13263,0.13323,8825453.723374
1764619200000,0.13327,0.13491,0.13325,0.13379,18569866.684816
1764622800000,0.13379,0.13547,0.13375,0.13507,17770752.510936
1764626400000,0.13507,0.13646,0.13507,0.1358,14494683.345799
1764630000000,0.13581,0.13663,0.13544,0.13546,9755944.31928
1764633600000,0.13546,0.13593,0.13492,0.13562,14624140.115486
1764637200000,0.13561,0.13734,0.13546,0.13578,12513677.172557
1764640800000,0.1358,0.13651,0.13544,0.13575,9210048.052834
1764644400000,0.13573,0.13662,0.13503,0.13633,9289577.799949
1764648000000,0.13634,0.13675,0.13595,0.13598,4483237.299608
1764651600000,0.13599,0.13628,0.13565,0.13588,4290924.095097
1764655200000,0.13586,0.13625,0.13559,0.13618,5122163.165335
1764658800000,0.13617,0.1362,0.13541,0.13564,6850949.703013
1764662400000,0.13563,0.13566,0.13444,0.1347,17651383.45768
1764666000000,0.13472,0.13598,0.13468,0.13558,6213504.556538
1764669600000,0.13558,0.13724,0.13551,0.13669,12991373.235266
1764673200000,0.13669,0.13727,0.13617,0.13696,17195262.82344
1764676800000,0.13697,0.13752,0.13681,0.13723,16896724.717512
1764680400000,0.13723,0.1383,0.13679,0.13809,20575069.807172
1764684000000,0.13808,0.14175,0.13788,0.14174,67246485.991379
1764687600000,0.14172,0.14781,0.14172,0.1463,145604420.321678
1764691200000,0.14631,0.14693,0.14485,0.14573,58425883.133471
1764694800000,0.14574,0.14729,0.14533,0.14624,27298052.943789
1764698400000,0.14624,0.1471,0.14593,0.14624,27167758.128164
1764702000000,0.14625,0.1466,0.14574,0.14601,12400826.197956
1764705600000,0.14604,0.14615,0.14475,0.14547,17762638.014107
1764709200000,0.14545,0.14614,0.14533,0.146,9742537.674206
1764712800000,0.14598,0.14686,0.14597,0.14681,12208065.644963
1764716400000,0.14681,0.14732,0.14574,0.14578,20392490.123255
1764720000000,0.14578,0.1464,0.14522,0.14624,14761816.225498
1764723600000,0.14626,0.14677,0.14581,0.14628,18929166.286947
1764727200000,0.14628,0.14778,0.1462,0.1473,32123777.473813
1764730800000,0.14731,0.14796,0.14706,0.14738,23189250.166458
1764734400000,0.14738,0.14946,0.14724,0.1493,26812394.307198
1764738000000,0.1493,0.15094,0.14929,0.15045,32306966.495242
1764741600000,0.15045,0.15206,0.1498,0.15053,37588547.516461
1764745200000,0.15053,0.1509,0.15023,0.15048,9739314.886438
1764748800000,0.15049,0.1509,0.14988,0.15067,19859523.824621
1764752400000,0.15065,0.15075,0.14969,0.15009,15964046.728843
1764756000000,0.15011,0.15061,0.1494,0.14947,15692963.784521
1764759600000,0.14948,0.15025,0.14914,0.15003,15169311.211863
1764763200000,0.15003,0.15018,0.14946,0.14982,13702023.597324
1764766800000,0.14982,0.15028,0.14916,0.14934,11567283.45929
1764770400000,0.14938,0.15096,0.14651,0.14842,73477768.188888
1764774000000,0.14842,0.14972,0.14789,0.14918,17196133.502461
1764777600000,0.1492,0.15057,0.14842,0.1499,16272576.990523
1764781200000,0.14991,0.15167,0.1499,0.15137,18934490.024495
1764784800000,0.15137,0.15192,0.15021,0.15053,13264858.290199
1764788400000,0.15054,0.15105,0.15032,0.15064,7008434.792366
1764792000000,0.15064,0.15148,0.15014,0.15075,10707477.159429
1764795600000,0.15075,0.15241,0.15063,0.15222,22846475.32259
1764799200000,0.15222,0.15299,0.15148,0.15238,27895304.395196
1764802800000,0.15241,0.1534,0.15145,0.15167,21855378.886813
1764806400000,0.15168,0.15192,0.15071,0.15154,15991508.208884
1764810000000,0.15153,0.15322,0.15113,0.15119,23262514.391409
1764813600000,0.15119,0.1527,0.15101,0.15207,18502638.819294
1764817200000,0.15208,0.15229,0.15094,0.15109,16464154.599152
1764820800000,0.1511,0.15163,0.15068,0.15101,8089756.950971
1764824400000,0.15101,0.15108,0.14978,0.15018,16968881.782856
1764828000000,0.1502,0.15075,0.1498,0.15038,10451891.151098
1764831600000,0.15039,0.15041,0.14922,0.14988,13908636.343954
1764835200000,0.14988,0.15026,0.14929,0.14949,10399202.165177
1764838800000,0.1495,0.15042,0.14949,0.15005,9238499.71123
1764842400000,0.15002,0.15019,0.14949,0.14965,9825662.542604
1764846000000,0.14967,0.14979,0.14907,0.14937,9283399.775985
1764849600000,0.14937,0.14976,0.14885,0.14943,7413092.452408
1764853200000,0.14944,0.15003,0.14892,0.1491,14479537.028562
1764856800000,0.14911,0.14963,0.14775,0.14803,19645754.463183
1764860400000,0.14803,0.15104,0.148,0.15021,28347934.132904
1764864000000,0.15021,0.15042,0.14894,0.14928,22846399.471402
1764867600000,0.14926,0.14961,0.14815,0.14912,10645728.63499
1764871200000,0.14915,0.14953,0.14824,0.14863,5473567.371449
1764874800000,0.14863,0.14868,0.1456,0.14802,31765629.200334
1764878400000,0.14801,0.14854,0.14752,0.14822,6470886.41182
1764882000000,0.14821,0.14854,0.14713,0.14724,8856300.477449
1764885600000,0.14725,0.14821,0.14725,0.14795,5502690.027122
1764889200000,0.14795,0.14806,0.14729,0.14741,5341654.866772
1764892800000,0.1474,0.14837,0.14735,0.14789,6050383.577856
1764896400000,0.14789,0.14834,0.14766,0.14788,6228126.406442
1764900000000,0.14789,0.14833,0.14752,0.14784,7740933.422881
1764903600000,0.14785,0.14822,0.14718,0.14746,7853575.85423
1764907200000,0.14745,0.14786,0.14643,0.14688,18122716.727369
1764910800000,0.14692,0.14703,0.14618,0.1464,7900935.270309
1764914400000,0.14642,0.14704,0.14642,0.14691,6528321.446878
1764918000000,0.14691,0.14788,0.1468,0.14746,6662293.481989
1764921600000,0.14746,0.14746,0.14604,0.14631,7874466.790173
1764925200000,0.14631,0.14631,0.14406,0.14433,29350063.635764
1764928800000,0.14432,0.14527,0.14422,0.14484,11971892.2188
1764932400000,0.14487,0.145,0.14365,0.14432,14063136.5772
1764936000000,0.14433,0.14453,0.14387,0.14451,8222931.039256
1764939600000,0.14451,0.14493,0.14296,0.14314,18480066.643947
1764943200000,0.14316,0.1434,0.14186,0.14239,30182847.701705
1764946800000,0.1424,0.14469,0.14212,0.14252,37127196.078337
1764950400000,0.14252,0.1426,0.13747,0.1388,62809592.574677
1764954000000,0.13879,0.13935,0.1379,0.1386,23322387.209934
1764957600000,0.13857,0.13939,0.13745,0.13776,17692249.042386
1764961200000,0.13777,0.13942,0.13724,0.13903,23028825.236302
1764964800000,0.13904,0.13909,0.13802,0.13828,8789584.586041
1764968400000,0.13827,0.13904,0.13826,0.13875,5483821.523697
1764972000000,0.13876,0.13944,0.13816,0.13918,6986203.494966
1764975600000,0.13919,0.13968,0.13849,0.13957,8468217.720891
1764979200000,0.13958,0.13999,0.13897,0.13991,7446212.995364
1764982800000,0.13991,0.14043,0.13968,0.13993,11683697.888751
1764986400000,0.13993,0.13995,0.13915,0.13952,5763409.27222
1764990000000,0.13952,0.1403,0.1395,0.13997,6300648.545456
1764993600000,0.13998,0.14008,0.13925,0.13962,5120190.564796
1764997200000,0.13962,0.1399,0.13911,0.13932,9010621.127993
1765000800000,0.13933,0.13957,0.13902,0.1391,4078682.195311
1765004400000,0.13911,0.13969,0.13882,0.13928,11705478.533032
1765008000000,0.1393,0.13944,0.13836,0.13848,7477151.789846
1765011600000,0.13848,0.13946,0.13847,0.13922,11628157.792667
1765015200000,0.13921,0.13951,0.139,0.13912,2253228.784242
1765018800000,0.13912,0.13987,0.13903,0.1397,4653688.067974
1765022400000,0.1397,0.13993,0.13926,0.13949,10227259.728425
1765026000000,0.13949,0.14019,0.1394,0.13978,6982809.996594
1765029600000,0.13978,0.14076,0.13958,0.14006,14795652.559296
1765033200000,0.14005,0.14015,0.13904,0.13961,9957877.932428
1765036800000,0.13961,0.14039,0.13954,0.13977,14889997.438794
1765040400000,0.13977,0.1403,0.1396,0.13991,8416078.987912
1765044000000,0.13991,0.14057,0.13973,0.13994,7770897.853873
1765047600000,0.13992,0.14011,0.13904,0.13935,13263649.758446
1765051200000,0.13936,0.13979,0.13925,0.13974,3617724.779055
1765054800000,0.13972,0.14049,0.13957,0.13993,8065159.286663
1765058400000,0.13992,0.14023,0.13953,0.13961,6705948.096335
1765062000000,0.13961,0.13979,0.13909,0.13977,6506364.215875
1765065600000,0.13978,0.14038,0.13972,0.14018,9256372.826463
1765069200000,0.14018,0.14034,0.13959,0.13959,5045939.362738
1765072800000,0.1396,0.14043,0.13958,0.14025,3287622.887865
1765076400000,0.14025,0.14044,0.14002,0.14035,4302128.128085
1765080000000,0.14035,0.14041,0.13982,0.14004,6908048.130359
1765083600000,0.14004,0.14028,0.13995,0.14014,3381692.831139
1765087200000,0.14015,0.14091,0.14011,0.14078,8619436.043507
1765090800000,0.14078,0.14085,0.13934,0.13951,11114734.921814
1765094400000,0.1395,0.13984,0.13905,0.13926,7107659.848429
1765098000000,0.13927,0.1395,0.13845,0.13875,10515949.246112
1765101600000,0.13875,0.13929,0.13862,0.13883,9463527.38042
1765105200000,0.13882,0.13909,0.13871,0.13891,4987149.313449
1765108800000,0.13891,0.13993,0.1388,0.13972,9366070.795532
1765112400000,0.13973,0.13975,0.13783,0.13829,13742935.469077
1765116000000,0.13829,0.13831,0.13472,0.13517,68187271.257381
1765119600000,0.13517,0.13954,0.13506,0.13934,51355207.344995
1765123200000,0.13933,0.13933,0.1382,0.13925,13782882.603348
1765126800000,0.13922,0.14211,0.13868,0.14148,55587977.802806
1765130400000,0.14147,0.1429,0.14146,0.14218,14447064.736541
1765134000000,0.1422,0.14234,0.14127,0.14208,12525854.497966
1765137600000,0.14208,0.14229,0.14181,0.14216,5779789.0347
1765141200000,0.14215,0.14215,0.13843,0.13919,16726676.681251
1765144800000,0.13917,0.13917,0.13582,0.13771,37740559.764522
1765148400000,0.1377,0.13879,0.13743,0.13872,8081651.187843
1765152000000,0.13871,0.13925,0.13801,0.13818,8363621.667677
1765155600000,0.1382,0.14155,0.13816,0.14,23654494.930196
1765159200000,0.14001,0.14066,0.13963,0.14053,9328237.814687
1765162800000,0.14055,0.14073,0.14008,0.14031,13655662.068832
1765166400000,0.14031,0.14141,0.14026,0.14096,8385678.16854
1765170000000,0.14095,0.1416,0.14069,0.14142,6727438.239167
1765173600000,0.14142,0.1422,0.14128,0.14178,13612148.801861
1765177200000,0.14178,0.14264,0.14151,0.14218,13355989.455124
1765180800000,0.14219,0.14279,0.14193,0.14267,13280641.131519
1765184400000,0.14266,0.14481,0.1426,0.14386,45889955.840525
1765188000000,0.14387,0.14412,0.14354,0.14384,10186279.236604
1765191600000,0.14384,0.144,0.14298,0.14322,16366307.023187
1765195200000,0.14323,0.14365,0.14267,0.14348,16971278.459601
1765198800000,0.14348,0.14421,0.14322,0.14375,15443023.30519
1765202400000,0.14374,0.14504,0.14276,0.14337,40621787.749214
1765206000000,0.14337,0.14404,0.14189,0.14248,31443342.812461
1765209600000,0.14247,0.14398,0.14162,0.143,18135012.450925
1765213200000,0.14302,0.14358,0.14173,0.14302,13994674.162434
1765216800000,0.14303,0.14345,0.1412,0.14167,16314723.968578
1765220400000,0.14168,0.14322,0.14164,0.14266,6769642.752224
1765224000000,0.14268,0.14381,0.14257,0.14359,7516511.691402
1765227600000,0.14361,0.14405,0.14298,0.14382,4332868.157853
1765231200000,0.14383,0.14395,0.1428,0.14323,3270647.89646
1765234800000,0.14322,0.1434,0.14191,0.14259,10875284.131879
1765238400000,0.1426,0.14272,0.14151,0.14171,5322731.442571
1765242000000,0.14171,0.14201,0.14043,0.14068,11810190.191735
1765245600000,0.1407,0.14135,0.14058,0.1406,16321349.257825
1765249200000,0.14061,0.14175,0.14027,0.1416,17373226.267127
1765252800000,0.14163,0.14164,0.14037,0.14046,7158266.439165
1765256400000,0.14047,0.14084,0.13986,0.14014,19622667.84367
1765260000000,0.14015,0.14044,0.13942,0.14013,8135795.075424
1765263600000,0.14015,0.14092,0.13984,0.14079,8928728.499522
1765267200000,0.14081,0.14102,0.14041,0.14082,9266305.053096
1765270800000,0.14082,0.14082,0.13998,0.14012,12435393.784502
1765274400000,0.14012,0.14052,0.13959,0.14024,10726663.306328
1765278000000,0.14025,0.14091,0.13996,0.14088,6901864.925557
1765281600000,0.14088,0.14178,0.14066,0.14157,10075069.854415
1765285200000,0.14157,0.14243,0.14135,0.14177,14819841.504302
1765288800000,0.14178,0.14233,0.14051,0.14102,17902055.524668
1765292400000,0.14103,0.14682,0.14092,0.14629,92215453.084888
1765296000000,0.14628,0.1524,0.14628,0.15142,98465589.107132
1765299600000,0.15142,0.15316,0.15066,0.15094,66594935.160334
1765303200000,0.15096,0.152,0.15062,0.15129,26724925.931141
1765306800000,0.1513,0.15157,0.15049,0.15091,17070651.217567
1765310400000,0.1509,0.15157,0.14879,0.14917,17624108.681616
1765314000000,0.14917,0.14989,0.14685,0.14798,11677611.499999
1765317600000,0.14798,0.14927,0.14788,0.1487,8814189.508308
1765321200000,0.1487,0.14899,0.14794,0.14794,8593467.658012
1765324800000,0.14795,0.14828,0.14669,0.14671,14341574.400413
1765328400000,0.14671,0.14717,0.1462,0.14664,12816495.19905
1765332000000,0.14665,0.14728,0.146,0.14724,12189529.822172
1765335600000,0.14725,0.14772,0.14685,0.14742,9666044.736599
1765339200000,0.1474,0.14783,0.14691,0.14727,6977565.466304
1765342800000,0.14728,0.14768,0.14666,0.14691,7531223.956824
1765346400000,0.14689,0.14698,0.14652,0.14683,4999359.445574
1765350000000,0.14683,0.14683,0.14608,0.1467,8672315.355078
1765353600000,0.1467,0.14708,0.14637,0.14641,6881594.177015
1765357200000,0.14641,0.14762,0.14573,0.1474,17174360.837218
1765360800000,0.14739,0.14815,0.14563,0.14564,19222449.616654
1765364400000,0.14562,0.14623,0.14517,0.14587,16102286.779826
1765368000000,0.14588,0.14592,0.14504,0.14577,8778797.041431
1765371600000,0.14577,0.14664,0.14557,0.146,11194898.381102
1765375200000,0.14599,0.146,0.14485,0.1455,11046358.747514
1765378800000,0.14549,0.14607,0.14455,0.14518,11918201.262054
1765382400000,0.14518,0.14622,0.14495,0.14586,14712936.448656
1765386000000,0.14587,0.14681,0.14536,0.14615,14817684.873747
1765389600000,0.14614,0.14855,0.14574,0.14693,23792718.893995
1765393200000,0.14696,0.14933,0.14545,0.14752,82402173.472724
1765396800000,0.14754,0.15036,0.14556,0.1462,59623112.089471
1765400400000,0.1462,0.1468,0.14439,0.14456,23148370.959369
1765404000000,0.14458,0.14525,0.14236,0.14435,38728004.879546
1765407600000,0.14436,0.14479,0.14324,0.14336,16810226.653451
1765411200000,0.14333,0.1436,0.14051,0.14121,43830887.944032
1765414800000,0.14121,0.14125,0.13945,0.1397,69412315.804875
1765418400000,0.13971,0.13975,0.13812,0.13854,42690372.339199
1765422000000,0.13855,0.13856,0.1372,0.13809,44724028.055791
1765425600000,0.13809,0.13911,0.13743,0.13888,24498682.682584
1765429200000,0.13888,0.13906,0.13831,0.13891,15487455.917228
1765432800000,0.13892,0.13895,0.13792,0.13856,13052111.518339
1765436400000,0.13857,0.13858,0.13803,0.13813,8001336.171641
1765440000000,0.13813,0.13814,0.13717,0.13804,12448553.832326
1765443600000,0.13802,0.13827,0.13763,0.13777,8621336.565201
1765447200000,0.13778,0.13818,0.13753,0.13809,5805917.951385
1765450800000,0.13809,0.13844,0.13781,0.13803,7801564.545774
1765454400000,0.13803,0.13807,0.13754,0.13786,11715690.355645
1765458000000,0.13788,0.13819,0.13764,0.13806,15956440.812763
1765461600000,0.13807,0.13818,0.13656,0.13721,30816813.570195
1765465200000,0.13721,0.13835,0.13676,0.1371,24805942.16509
1765468800000,0.13713,0.13765,0.13625,0.13696,17353524.692266
1765472400000,0.13697,0.13769,0.13682,0.1371,11666203.36882
1765476000000,0.13706,0.13928,0.13691,0.13807,19969130.520521
1765479600000,0.13809,0.13964,0.1379,0.13839,18323201.104308
1765483200000,0.13841,0.14025,0.13834,0.14008,14656808.20862
1765486800000,0.14007,0.1428,0.14002,0.14178,27158196.714916
1765490400000,0.14178,0.14227,0.13994,0.14048,17353429.384172
1765494000000,0.14048,0.14096,0.13994,0.14032,14749895.23456
1765497600000,0.14035,0.1408,0.1387,0.13883,18636712.183487
1765501200000,0.13883,0.14069,0.13883,0.14034,11526558.642673
1765504800000,0.14034,0.14131,0.1401,0.14119,10883930.339546
1765508400000,0.14119,0.14132,0.14036,0.14058,10911518.347894
1765512000000,0.14056,0.1407,0.14015,0.14028,6688692.604643
1765515600000,0.1403,0.14103,0.13978,0.14085,8230716.131109
1765519200000,0.14087,0.14153,0.14061,0.14084,9430497.499556
1765522800000,0.14085,0.14097,0.14037,0.14062,4251189.994629
1765526400000,0.14062,0.14073,0.13995,0.14045,8997032.641694
1765530000000,0.14043,0.14105,0.13998,0.14094,5866630.402311
1765533600000,0.14093,0.1414,0.14089,0.14109,5686381.562125
1765537200000,0.1411,0.14118,0.14068,0.1411,4390440.657709
1765540800000,0.14109,0.1414,0.14076,0.14139,12207848.353733
1765544400000,0.14139,0.14139,0.14087,0.14099,9603000.788132
1765548000000,0.141,0.14119,0.14,0.14066,17342077.648586
1765551600000,0.14065,0.14065,0.135,0.13562,73929848.707204
1765555200000,0.13561,0.13645,0.13432,0.13531,61175363.354987
1765558800000,0.13531,0.13674,0.13522,0.13573,22120637.565765
1765562400000,0.1357,0.13728,0.13551,0.13658,13855898.288381
1765566000000,0.13658,0.13662,0.13577,0.13611,7967184.923543
1765569600000,0.13611,0.13627,0.13544,0.13611,10993096.821646
1765573200000,0.13612,0.13685,0.13602,0.13645,6699574.054291
1765576800000,0.13646,0.13702,0.13632,0.13693,6619510.911165
1765580400000,0.13694,0.13733,0.13683,0.1369,6115957.176327
1765584000000,0.13691,0.13763,0.1369,0.13726,3957259.969881
1765587600000,0.13726,0.13752,0.13707,0.13729,4302733.090602
1765591200000,0.1373,0.13763,0.13727,0.13731,11340454.585978
1765594800000,0.13732,0.1377,0.13686,0.13751,35340973.178355
1765598400000,0.13752,0.13766,0.13732,0.13752,4595801.629253
1765602000000,0.13752,0.13789,0.13716,0.13733,12016546.158941
1765605600000,0.13734,0.13754,0.13713,0.13739,7902945.859004
1765609200000,0.1374,0.13788,0.1374,0.13775,5330654.895833
1765612800000,0.13776,0.13873,0.13775,0.13841,10241622.953059
1765616400000,0.13842,0.13864,0.13821,0.13839,3210007.084549
1765620000000,0.1384,0.13955,0.13836,0.13951,8914899.999517
1765623600000,0.13951,0.13951,0.13867,0.1388,10108342.633897
1765627200000,0.13881,0.14,0.1388,0.13943,11397884.378005
1765630800000,0.13944,0.13952,0.1389,0.13922,10654163.183313
1765634400000,0.13922,0.13951,0.13853,0.13919,17077858.662696
1765638000000,0.1392,0.13997,0.13913,0.13947,10994759.217506
1765641600000,0.13948,0.1399,0.13908,0.13943,11573205.990294
1765645200000,0.13944,0.13946,0.13888,0.13903,7098909.335024
1765648800000,0.13904,0.13937,0.13867,0.13877,10587675.788256
1765652400000,0.13874,0.13924,0.13867,0.13896,3406340.241722
1765656000000,0.13897,0.13905,0.13862,0.13876,1242890.891257
1765659600000,0.13875,0.13904,0.13788,0.13893,4614481.208564
1765663200000,0.13893,0.13941,0.13849,0.13923,4083187.211838
1765666800000,0.13921,0.13921,0.13877,0.13905,2336832.240426
1765670400000,0.13906,0.13918,0.13866,0.13887,5646209.350676
1765674000000,0.13887,0.13907,0.13859,0.13878,3362123.090865
1765677600000,0.13878,0.13924,0.13871,0.13903,2667155.463579
1765681200000,0.13904,0.13925,0.13866,0.13885,12161927.259789
1765684800000,0.13885,0.13889,0.13825,0.13845,6009415.865598
1765688400000,0.13845,0.13845,0.13767,0.13805,10890304.401332
1765692000000,0.13806,0.13825,0.13755,0.13803,8740381.49259
1765695600000,0.13804,0.13845,0.13798,0.13826,3148063.131706
1765699200000,0.13826,0.13844,0.13782,0.13787,5319319.642194
1765702800000,0.13787,0.13787,0.13746,0.13762,5288768.188486
1765706400000,0.13762,0.13768,0.13685,0.13748,11583833.249057
1765710000000,0.13748,0.13759,0.1357,0.13681,18460559.150875
1765713600000,0.1368,0.13722,0.13629,0.13694,11122637.63813
1765717200000,0.13694,0.13695,0.13637,0.13688,9260013.079783
1765720800000,0.13689,0.13712,0.13515,0.13559,13181083.617045
1765724400000,0.13559,0.13572,0.13495,0.13547,21959729.076505
1765728000000,0.13548,0.13618,0.13516,0.13559,14310835.464752
1765731600000,0.13559,0.1358,0.13335,0.13387,38602918.440863
1765735200000,0.13386,0.13489,0.1337,0.13487,7642106.336537
1765738800000,0.13487,0.13495,0.13396,0.13432,7199607.687373
1765742400000,0.13432,0.13481,0.13352,0.13389,15709571.429714
1765746000000,0.13389,0.13442,0.13346,0.13384,9657212.009217
1765749600000,0.13386,0.13442,0.13346,0.1343,12176881.085626
1765753200000,0.13429,0.13484,0.13261,0.13409,34860026.867961
1765756800000,0.13408,0.1353,0.13404,0.13503,16049723.361656
1765760400000,0.13503,0.13682,0.13487,0.13638,19438974.984886
1765764000000,0.1364,0.13847,0.1364,0.13662,25987512.864491
1765767600000,0.13663,0.13724,0.13612,0.13619,6069507.257257
1765771200000,0.13618,0.13687,0.13598,0.13662,9564176.900305
1765774800000,0.13663,0.13693,0.13656,0.13678,2583297.125059
1765778400000,0.13678,0.13726,0.13638,0.13688,3906272.49293
1765782000000,0.13689,0.1371,0.13602,0.13634,4492334.13571
1765785600000,0.13635,0.13681,0.13616,0.13633,4457294.54874
1765789200000,0.13633,0.13738,0.13631,0.13712,15471352.744821
1765792800000,0.13711,0.13781,0.13692,0.13708,10731552.330157
1765796400000,0.13709,0.1372,0.13648,0.13681,6061872.859755
1765800000000,0.13682,0.13709,0.13645,0.13692,7550743.203248
1765803600000,0.13692,0.13709,0.13592,0.1364,13796503.346969
1765807200000,0.1364,0.13749,0.1327,0.13364,46407417.942177
1765810800000,0.13363,0.13377,0.1298,0.13077,123789630.124876
1765814400000,0.13078,0.13123,0.12872,0.12966,55996961.136642
1765818000000,0.12965,0.1299,0.12782,0.12794,38356310.936026
1765821600000,0.12793,0.1285,0.12665,0.12842,34449435.934003
1765825200000,0.12843,0.12944,0.1281,0.12889,22486234.580451
1765828800000,0.12889,0.1289,0.12751,0.12798,15049427.081297
1765832400000,0.128,0.12905,0.12768,0.12886,6587846.997754
1765836000000,0.12888,0.12892,0.12827,0.12891,9169652.893136
1765839600000,0.12891,0.12981,0.12885,0.12976,11673251.104265
1765843200000,0.12977,0.13015,0.12876,0.12887,9823054.454499
1765846800000,0.12889,0.12975,0.12876,0.12927,10537397.705766
1765850400000,0.12928,0.12993,0.12883,0.12935,6347730.373558
1765854000000,0.12937,0.12956,0.12835,0.12925,11771820.442477
1765857600000,0.12924,0.12943,0.12724,0.12897,25696129.964931
1765861200000,0.12898,0.12944,0.12872,0.12904,6026111.133893
1765864800000,0.12906,0.13019,0.12903,0.12993,10520498.177719
1765868400000,0.12993,0.13,0.12831,0.12843,15255007.013107
1765872000000,0.12843,0.12916,0.12837,0.12867,7428577.331658
1765875600000,0.12867,0.1292,0.12866,0.12894,5005353.570589
1765879200000,0.12894,0.13148,0.12875,0.13086,15849369.510833
1765882800000,0.13088,0.13203,0.13056,0.13165,21311028.53618
1765886400000,0.13166,0.1319,0.13102,0.13139,12560757.622142
1765890000000,0.13138,0.13266,0.12974,0.12984,40884679.19163
1765893600000,0.12984,0.13261,0.12889,0.13134,39785754.742429
1765897200000,0.13137,0.13305,0.13072,0.13269,24018365.898226
1765900800000,0.13267,0.13283,0.13125,0.13164,13620436.558606
1765904400000,0.13166,0.13223,0.13102,0.13112,6677855.726735
1765908000000,0.13113,0.13299,0.1309,0.13234,12235722.531348
1765911600000,0.13232,0.13255,0.13137,0.13206,5279556.322336
1765915200000,0.13205,0.13247,0.1318,0.13191,3324303.299053
1765918800000,0.13192,0.13237,0.13179,0.13214,2544480.272996
1765922400000,0.13213,0.13226,0.13177,0.13197,2585956.294676
1765926000000,0.13199,0.13203,0.13145,0.13178,4003824.394573
1765929600000,0.13178,0.13178,0.13109,0.13145,3774743.223393
1765933200000,0.13145,0.13243,0.13145,0.13174,4768855.368004
1765936800000,0.13174,0.13211,0.13104,0.13186,4499791.314252
1765940400000,0.13187,0.13207,0.13115,0.13124,3217566.050664
1765944000000,0.13124,0.13127,0.13064,0.13098,5873043.018967
1765947600000,0.13099,0.13112,0.13,0.13097,12424176.483843
1765951200000,0.13098,0.13133,0.1308,0.13089,5843421.688984
1765954800000,0.13089,0.13138,0.13044,0.1309,5340395.361696
1765958400000,0.13091,0.13091,0.1302,0.1303,6714702.867135
1765962000000,0.1303,0.1303,0.1295,0.12973,7895418.262325
1765965600000,0.12973,0.13022,0.12936,0.12983,3214140.527427
1765969200000,0.12981,0.13053,0.12975,0.13033,2737120.9234
1765972800000,0.13033,0.13034,0.12969,0.13016,7543790.664376
1765976400000,0.13017,0.13139,0.12956,0.13111,12509777.371968
1765980000000,0.13111,0.13464,0.12942,0.13449,54824773.728154
1765983600000,0.13448,0.13635,0.12969,0.12998,104647518.59257
1765987200000,0.12996,0.13078,0.12583,0.12747,84787933.479984
1765990800000,0.12744,0.12813,0.12624,0.1267,24824163.323594
1765994400000,0.12673,0.12752,0.12535,0.12567,26099960.636539
1765998000000,0.12568,0.12649,0.1248,0.12648,27006880.672064
1766001600000,0.12648,0.12783,0.12605,0.1268,11698858.18139
1766005200000,0.12681,0.12704,0.12575,0.1258,6865121.344355
1766008800000,0.12582,0.1269,0.12538,0.12671,8898650.557324
1766012400000,0.12673,0.12674,0.12575,0.12637,9668691.894075
1766016000000,0.12636,0.12658,0.12607,0.12642,4394752.080444
1766019600000,0.12643,0.12643,0.1252,0.12557,18970517.666741
1766023200000,0.12559,0.12679,0.12527,0.12628,10279967.708395
1766026800000,0.12632,0.12632,0.12524,0.12543,6650714.495999
1766030400000,0.12544,0.1259,0.12536,0.12551,6214349.123864
1766034000000,0.1255,0.1255,0.12389,0.12423,25384263.077687
1766037600000,0.12423,0.12507,0.12403,0.12467,23781782.905716
1766041200000,0.12466,0.12511,0.12448,0.12485,14507532.431807
1766044800000,0.12485,0.12567,0.12467,0.12524,18110962.511649
1766048400000,0.12523,0.12595,0.12485,0.1259,17193600.942682
1766052000000,0.1259,0.12645,0.12565,0.12636,13641467.567412
1766055600000,0.12637,0.12638,0.12571,0.12609,5318668.826688
1766059200000,0.1261,0.12684,0.12576,0.12632,11213795.222653
1766062800000,0.12632,0.12971,0.12632,0.12928,71845066.231777
1766066400000,0.12928,0.13046,0.12766,0.12862,53184733.856735
1766070000000,0.12862,0.1307,0.1279,0.1295,43999770.961356
1766073600000,0.12951,0.12975,0.12843,0.12866,24530234.278841
1766077200000,0.12866,0.1287,0.12138,0.12364,112536922.986425
1766080800000,0.12365,0.12506,0.12277,0.12317,30880627.321797
1766084400000,0.12316,0.12339,0.12,0.12029,52612473.80781
1766088000000,0.12028,0.12179,0.12013,0.1208,24322596.079563
1766091600000,0.1208,0.12324,0.12078,0.1232,25670091.309293
1766095200000,0.12322,0.12374,0.1228,0.12302,9305193.283898
1766098800000,0.12303,0.12306,0.12193,0.12208,9665154.714579
1766102400000,0.12209,0.12244,0.12155,0.12231,18475567.673842
1766106000000,0.12231,0.12231,0.12059,0.1212,10842399.53514
1766109600000,0.12119,0.12196,0.12062,0.12159,14404344.833281
1766113200000,0.12159,0.12631,0.12153,0.1255,58157880.862949
1766116800000,0.12551,0.1265,0.12543,0.12611,22916878.484771
1766120400000,0.12612,0.12616,0.12541,0.12567,15138317.636785
1766124000000,0.12568,0.12672,0.12542,0.1265,10614142.323583
1766127600000,0.12649,0.12894,0.12648,0.12795,31923257.858117
1766131200000,0.12794,0.12864,0.12767,0.1282,21225043.391021
1766134800000,0.12818,0.12832,0.12754,0.12797,13599129.458202
1766138400000,0.12799,0.12834,0.12786,0.12818,8066007.442059
1766142000000,0.12819,0.12859,0.12801,0.1282,6418796.794536
1766145600000,0.1282,0.12894,0.12789,0.12858,7863829.37045
1766149200000,0.12859,0.12909,0.12818,0.12852,21508612.434672
1766152800000,0.12856,0.13046,0.12793,0.12948,44012314.462432
1766156400000,0.12948,0.13209,0.12916,0.1296,51603244.439733
1766160000000,0.1296,0.1325,0.12956,0.13102,43863902.052141
1766163600000,0.13103,0.13226,0.12965,0.12968,32904219.667823
1766167200000,0.1297,0.13149,0.12968,0.13126,16819915.824666
1766170800000,0.13126,0.13357,0.13123,0.13287,28236915.79579
1766174400000,0.13288,0.13339,0.1326,0.13304,12732549.019701
1766178000000,0.133,0.13303,0.13178,0.13193,10721852.267751
1766181600000,0.13194,0.13291,0.13194,0.13252,8362713.104874
1766185200000,0.13253,0.13258,0.13217,0.13223,8093716.919578
1766188800000,0.13223,0.13229,0.13092,0.13111,13794462.50274
1766192400000,0.13111,0.13125,0.13087,0.13104,5824003.346981
1766196000000,0.13105,0.13136,0.1307,0.13111,9507855.028303
1766199600000,0.13111,0.13182,0.1309,0.13148,6229621.599748
1766203200000,0.13148,0.13156,0.1307,0.13086,7246228.753618
1766206800000,0.13087,0.1315,0.13078,0.13109,10467415.635624
1766210400000,0.13109,0.13141,0.13105,0.13122,4636582.917136
1766214000000,0.13122,0.13167,0.13094,0.13156,5863016.127682
1766217600000,0.13157,0.1326,0.13152,0.13192,10088517.226744
1766221200000,0.13192,0.13249,0.13191,0.13225,5250808.858514
1766224800000,0.13225,0.13235,0.13159,0.13172,4748064.109553
1766228400000,0.13172,0.13214,0.13158,0.13197,4779519.438419
1766232000000,0.13197,0.13213,0.13176,0.13181,3155937.292203
1766235600000,0.13182,0.13215,0.13132,0.13205,24183357.510106
1766239200000,0.13205,0.13237,0.13121,0.13227,6134772.392973
1766242800000,0.13229,0.13235,0.13168,0.1321,4512657.189366
1766246400000,0.13212,0.13237,0.1317,0.1319,9661041.009831
1766250000000,0.13191,0.13217,0.13161,0.1317,9318944.691459
1766253600000,0.13171,0.13234,0.13161,0.13215,17969706.87706
1766257200000,0.13215,0.13234,0.13193,0.13218,2318960.567315
1766260800000,0.13219,0.13231,0.13202,0.13227,3380691.450837
1766264400000,0.13227,0.13245,0.13211,0.13212,2833681.586587
1766268000000,0.13214,0.13236,0.13152,0.1322,7311055.744717
1766271600000,0.13219,0.13237,0.13193,0.13193,3417667.13751
1766275200000,0.13195,0.1322,0.13176,0.13194,3818828.167664
1766278800000,0.13195,0.13195,0.13113,0.13114,8322977.178485
1766282400000,0.13115,0.13141,0.13047,0.13088,12083377.467764
1766286000000,0.13089,0.13159,0.13077,0.13112,7486054.661173
1766289600000,0.13113,0.13131,0.13096,0.13114,3130458.776523
1766293200000,0.13113,0.13179,0.13112,0.13151,6063982.565938
1766296800000,0.13151,0.1317,0.13139,0.13151,2069348.071777
1766300400000,0.13151,0.13155,0.13122,0.13137,2003426.889569
1766304000000,0.13139,0.13305,0.13123,0.13282,13790667.083676
1766307600000,0.13282,0.13343,0.13234,0.13274,14905965.536782
1766311200000,0.13277,0.13295,0.13171,0.13194,16296258.521165
1766314800000,0.13194,0.13199,0.13135,0.13175,7118093.143516
1766318400000,0.13175,0.13233,0.13123,0.13175,10652517.583236
1766322000000,0.13174,0.13177,0.12867,0.12895,46185809.318409
1766325600000,0.12894,0.13008,0.12879,0.1297,14338078.215066
1766329200000,0.1297,0.12989,0.12899,0.12952,13880834.984154
1766332800000,0.12952,0.13029,0.12911,0.13011,16396805.605823
1766336400000,0.13011,0.13048,0.12976,0.12998,8126846.060494
1766340000000,0.12998,0.13004,0.12913,0.12969,7883791.354175
1766343600000,0.12973,0.13055,0.12948,0.13036,7496036.220183
1766347200000,0.13039,0.13039,0.12978,0.12993,2281343.572831
1766350800000,0.12994,0.13014,0.12935,0.12955,4491387.271932
1766354400000,0.12957,0.13066,0.12945,0.13056,6561132.710692
1766358000000,0.13057,0.13143,0.13057,0.13112,10149778.397187
1766361600000,0.13114,0.1342,0.13114,0.13166,39181480.688026
1766365200000,0.13167,0.133,0.1314,0.13143,10976715.20177
1766368800000,0.13143,0.13146,0.12954,0.13096,23054642.354171
1766372400000,0.13097,0.13284,0.1306,0.13205,17922237.796004
1766376000000,0.13206,0.13275,0.13204,0.13246,20924622.477945
1766379600000,0.13249,0.13264,0.13186,0.13192,7044423.000947
1766383200000,0.13192,0.13203,0.13151,0.13165,5392962.061705
1766386800000,0.13164,0.1324,0.13153,0.13211,4483339.439714
1766390400000,0.13211,0.13329,0.1317,0.13226,20421564.983506
1766394000000,0.13229,0.13262,0.13183,0.13231,9351905.664156
1766397600000,0.13232,0.13258,0.13198,0.13223,8122144.192577
1766401200000,0.13224,0.13323,0.13191,0.13289,27029143.139641
1766404800000,0.13289,0.13419,0.1326,0.13328,18074601.304703
1766408400000,0.13329,0.13347,0.13255,0.13293,13782758.768358
1766412000000,0.13295,0.13446,0.13275,0.13409,34566307.607217
1766415600000,0.13409,0.1354,0.13268,0.13438,39633007.3623
1766419200000,0.13439,0.13522,0.13369,0.13373,23049201.376478
1766422800000,0.13373,0.13409,0.1331,0.13393,13296648.022822
1766426400000,0.13393,0.13521,0.13374,0.13432,10327145.057933
1766430000000,0.13431,0.13439,0.13168,0.13196,22342869.19207
1766433600000,0.13196,0.13243,0.13076,0.13123,22500481.735333
1766437200000,0.13123,0.13219,0.13121,0.13146,6625681.344239
1766440800000,0.13146,0.13271,0.13115,0.13252,8582620.557177
1766444400000,0.13252,0.13264,0.13201,0.13259,8340430.542923
1766448000000,0.13259,0.13343,0.13232,0.13328,13555899.227389
1766451600000,0.13328,0.13354,0.13245,0.13293,10550842.402312
1766455200000,0.13294,0.1337,0.13201,0.13228,10434933.808345
1766458800000,0.13229,0.13277,0.13133,0.13254,12072792.780123
1766462400000,0.13254,0.13308,0.13183,0.13193,15942010.050969
1766466000000,0.13191,0.132,0.1305,0.13119,15472115.889699
1766469600000,0.13118,0.13142,0.13011,0.13077,14987706.54693
1766473200000,0.1308,0.13096,0.13,0.13048,16197067.862513
1766476800000,0.13049,0.13094,0.13,0.1301,6594353.214766
1766480400000,0.13011,0.1305,0.13,0.13028,13468529.192836
1766484000000,0.1303,0.13094,0.13022,0.13086,6711408.292415
1766487600000,0.13087,0.13141,0.13071,0.13112,5626344.428794
1766491200000,0.13114,0.13114,0.13011,0.1303,7627823.805677
1766494800000,0.1303,0.13053,0.12913,0.12959,16182651.159671
1766498400000,0.12961,0.13053,0.12792,0.12893,51148007.430457
1766502000000,0.12892,0.12977,0.12852,0.12948,30149810.888093
1766505600000,0.12949,0.13093,0.12907,0.13052,25543925.814797
1766509200000,0.13051,0.13069,0.12824,0.12836,26507848.021222
1766512800000,0.12837,0.1301,0.12829,0.12982,9081390.744276
1766516400000,0.12983,0.12997,0.12875,0.12898,6256526.247179
1766520000000,0.12899,0.13048,0.12864,0.12951,6275813.14668
1766523600000,0.12953,0.12963,0.12922,0.12954,1968268.676663
1766527200000,0.12954,0.12997,0.12904,0.12945,3860949.983001
1766530800000,0.12945,0.12967,0.12902,0.1293,3749830.411763
1766534400000,0.12931,0.13003,0.12913,0.13003,4667042.031944
1766538000000,0.13003,0.13037,0.12947,0.12978,7162138.137931
1766541600000,0.12978,0.12981,0.12784,0.12828,12866108.641346
1766545200000,0.12827,0.12866,0.12752,0.12848,11436378.931693
1766548800000,0.12849,0.12893,0.12763,0.12763,6886195.140929
1766552400000,0.12764,0.12799,0.12699,0.12733,15760141.59052
1766556000000,0.12734,0.12734,0.1267,0.12726,7671800.053929
1766559600000,0.12726,0.1277,0.12709,0.1271,8969295.090174
1766563200000,0.12712,0.12737,0.1265,0.12722,16062733.278857
1766566800000,0.12724,0.12768,0.12724,0.12756,5434464.766813
1766570400000,0.12756,0.12795,0.12732,0.12758,8026489.629202
1766574000000,0.12758,0.1284,0.12758,0.12799,5322766.558818
1766577600000,0.128,0.12853,0.1277,0.1284,4874140.06387
1766581200000,0.12841,0.12843,0.12771,0.12807,5294160.611153
1766584800000,0.12809,0.12861,0.12679,0.12737,22145588.191904
1766588400000,0.12738,0.12846,0.12697,0.12839,12934114.841748
1766592000000,0.12837,0.12945,0.12808,0.12872,15371512.645532
1766595600000,0.12872,0.12908,0.12793,0.12796,6570717.112699
1766599200000,0.12797,0.12822,0.12764,0.128,4362349.342245
1766602800000,0.12799,0.12821,0.1277,0.12817,3453437.705827
1766606400000,0.12818,0.12871,0.12811,0.12823,3804508.809019
1766610000000,0.12824,0.12877,0.12824,0.12859,3065800.776405
1766613600000,0.12858,0.12938,0.12853,0.12921,3974807.092955
1766617200000,0.12923,0.12927,0.12851,0.12855,3842837.079163
1766620800000,0.12854,0.12865,0.12792,0.12798,3231460.811339
1766624400000,0.128,0.1287,0.12798,0.12865,5365503.465409
1766628000000,0.12865,0.12904,0.12839,0.12876,4989858.535998
1766631600000,0.12877,0.1291,0.12851,0.12879,4289638.95492
1766635200000,0.12878,0.12885,0.12857,0.12875,4603804.512296
1766638800000,0.12873,0.12873,0.12829,0.1284,5689326.770904
1766642400000,0.12841,0.12858,0.12812,0.12835,2737311.799518
1766646000000,0.12836,0.12837,0.12774,0.12795,4276045.017036
1766649600000,0.12796,0.12858,0.12684,0.12743,17608671.927256
1766653200000,0.12743,0.12753,0.12715,0.12747,4197858.596398
1766656800000,0.12748,0.12748,0.12566,0.12608,19741382.911036
1766660400000,0.12607,0.12654,0.12602,0.12625,5398609.070919
1766664000000,0.12624,0.1267,0.12613,0.1267,4797236.049197
1766667600000,0.1267,0.1267,0.12591,0.12641,14089932.823488
1766671200000,0.1264,0.12655,0.12594,0.12637,8572898.538643
1766674800000,0.12638,0.12824,0.12623,0.12761,17905555.795466
1766678400000,0.12764,0.128,0.12672,0.12707,10653351.020739
1766682000000,0.12707,0.12724,0.1268,0.12706,22243450.897289
1766685600000,0.12706,0.12764,0.12706,0.12741,5478310.384022
1766689200000,0.12743,0.1275,0.12693,0.12715,2481272.317924
1766692800000,0.12715,0.12729,0.12669,0.12706,2943865.935952
1766696400000,0.12706,0.12729,0.12692,0.12692,1530656.615199
1766700000000,0.12691,0.12695,0.12308,0.12401,36787555.441988
1766703600000,0.12402,0.1247,0.123,0.12365,21041578.525031
1766707200000,0.12365,0.124,0.12315,0.12375,24962162.238978
1766710800000,0.12374,0.12418,0.12362,0.12402,12102225.15185
1766714400000,0.12402,0.12751,0.12386,0.12631,38995888.435731
1766718000000,0.12632,0.12652,0.12549,0.12603,11154274.633022
1766721600000,0.12605,0.12607,0.12538,0.12572,14167319.453398
1766725200000,0.12573,0.12576,0.1253,0.12565,4369202.028553
1766728800000,0.12567,0.12621,0.12563,0.126,7917158.492561
1766732400000,0.126,0.1267,0.12525,0.1254,12716119.498115
1766736000000,0.12539,0.12602,0.12537,0.12584,5704935.505445
1766739600000,0.12584,0.1261,0.12554,0.1259,7524352.327649
1766743200000,0.1259,0.12593,0.12557,0.12574,3934917.844431
1766746800000,0.12574,0.12574,0.12527,0.12538,5582641.910033
1766750400000,0.12539,0.1259,0.12537,0.12578,4223319.571546
1766754000000,0.12579,0.12641,0.12565,0.12622,6303706.902072
1766757600000,0.12622,0.12627,0.1224,0.12271,49585504.742857
1766761200000,0.12272,0.12273,0.12131,0.12216,59135044.221893
1766764800000,0.12219,0.12229,0.12066,0.12078,27495760.631492
1766768400000,0.12077,0.122,0.1207,0.12163,14688169.679391
1766772000000,0.12165,0.12224,0.12158,0.12184,9540123.77131
1766775600000,0.12186,0.12247,0.12174,0.12211,6545811.753729
1766779200000,0.12211,0.12262,0.12183,0.12219,17826505.509593
1766782800000,0.12219,0.12223,0.12173,0.12178,12297058.890472
1766786400000,0.12178,0.12219,0.12165,0.12216,9084678.603718
1766790000000,0.12216,0.12219,0.12174,0.12213,6517318.961004
1766793600000,0.12214,0.12249,0.12196,0.12225,5373341.446498
1766797200000,0.12225,0.1227,0.12214,0.12268,4488089.168241
1766800800000,0.12269,0.12281,0.12234,0.12268,6680188.824075
1766804400000,0.12268,0.12344,0.1225,0.12333,11677722.798734
1766808000000,0.12334,0.12341,0.12277,0.12283,6877209.786943
1766811600000,0.12284,0.12294,0.1227,0.12285,2089264.740539
1766815200000,0.12286,0.12293,0.12257,0.1227,4498796.357813
1766818800000,0.12269,0.12322,0.12268,0.12272,6341373.586686
1766822400000,0.12271,0.12285,0.12247,0.12253,6809518.208904
1766826000000,0.12254,0.12286,0.12251,0.12272,4448162.205928
1766829600000,0.12271,0.12285,0.12205,0.12249,8408710.109538
1766833200000,0.12249,0.1231,0.12223,0.12302,10423041.472728
1766836800000,0.12304,0.12339,0.12277,0.12287,13260522.474802
1766840400000,0.12288,0.12296,0.12262,0.1227,6753386.272829
1766844000000,0.1227,0.12297,0.12242,0.1228,4116744.727365
1766847600000,0.12281,0.12321,0.12273,0.12303,3978077.554416
1766851200000,0.12304,0.12329,0.12265,0.12274,7256835.136048
1766854800000,0.12275,0.12303,0.12264,0.12299,2983490.782984
1766858400000,0.123,0.12307,0.12284,0.12291,3660958.095998
1766862000000,0.12292,0.123,0.12276,0.12293,4250196.969727
1766865600000,0.12294,0.12336,0.1229,0.12301,5897431.538257
1766869200000,0.12301,0.12369,0.12301,0.1236,6771950.474582
1766872800000,0.1236,0.12454,0.12317,0.12327,13950316.748681
1766876400000,0.12327,0.12492,0.12327,0.12436,17120612.09029
1766880000000,0.12437,0.12465,0.124,0.1241,6661869.56664
1766883600000,0.12411,0.12422,0.12369,0.12383,4573163.251468
1766887200000,0.12383,0.12431,0.12377,0.12406,5450820.944058
1766890800000,0.12407,0.1242,0.12396,0.12413,4077141.787086
1766894400000,0.12413,0.12424,0.12399,0.12402,2095631.509374
1766898000000,0.12403,0.12408,0.12376,0.1239,3041478.047772
1766901600000,0.12391,0.12431,0.12368,0.1242,11186935.523207
1766905200000,0.1242,0.12439,0.12408,0.12416,3877153.590623
1766908800000,0.12417,0.12438,0.12388,0.12404,4953608.377965
1766912400000,0.12404,0.12404,0.1235,0.12371,12299845.916636
1766916000000,0.12372,0.12423,0.12369,0.12386,11770272.648226
1766919600000,0.12386,0.12415,0.12376,0.12399,3296511.710317
1766923200000,0.12399,0.12424,0.12385,0.12394,4143152.694574
1766926800000,0.12396,0.12423,0.12394,0.12418,4168832.21391
1766930400000,0.12418,0.12479,0.12416,0.12448,13499711.105811
1766934000000,0.12447,0.1249,0.12417,0.12425,8157874.381845
1766937600000,0.12426,0.12466,0.124,0.12416,4685787.021982
1766941200000,0.12416,0.12458,0.12414,0.12422,3505340.964599
1766944800000,0.12423,0.12428,0.12312,0.12336,11436683.829611
1766948400000,0.12338,0.12385,0.1232,0.12345,5841679.186429
1766952000000,0.12344,0.1236,0.12315,0.12322,2420071.884902
1766955600000,0.12321,0.12345,0.12275,0.12345,4535576.130944
1766959200000,0.12346,0.12407,0.12294,0.12398,5370308.192391
1766962800000,0.12397,0.12411,0.12325,0.12394,8653856.376307
1766966400000,0.12394,0.12569,0.12378,0.12515,23558223.492375
1766970000000,0.12514,0.12606,0.12438,0.12577,22597277.524764
1766973600000,0.12577,0.1271,0.12577,0.12638,33675146.803679
1766977200000,0.12639,0.12782,0.12632,0.1275,42760014.731029
1766980800000,0.1275,0.12806,0.12729,0.12738,36969746.356149
1766984400000,0.12738,0.12766,0.12682,0.12689,13168367.111101
1766988000000,0.12689,0.12722,0.12657,0.12697,11418552.837404
1766991600000,0.12698,0.12724,0.12621,0.12714,21315357.54518
1766995200000,0.12716,0.12722,0.12651,0.12667,9808061.534987
1766998800000,0.12667,0.12679,0.12434,0.12496,35814368.640482
1767002400000,0.12496,0.1258,0.12481,0.12529,9496073.913937
1767006000000,0.12529,0.1255,0.12489,0.12492,6847819.31421
1767009600000,0.12491,0.12503,0.1225,0.12394,42587829.265752
1767013200000,0.12395,0.12404,0.12315,0.12355,11140692.336208
1767016800000,0.12356,0.12489,0.12323,0.12369,33346946.701381
1767020400000,0.1237,0.12476,0.12355,0.12411,13303455.386823
1767024000000,0.12409,0.12414,0.12326,0.12365,15558030.909056
1767027600000,0.12366,0.1241,0.12324,0.124,9496744.315971
1767031200000,0.12404,0.12416,0.12271,0.12302,7240096.175136
1767034800000,0.12303,0.12349,0.1228,0.12284,9321055.876631
1767038400000,0.12286,0.12303,0.12228,0.1225,7349386.470394
1767042000000,0.12248,0.12301,0.12241,0.12291,7221386.676714
1767045600000,0.1229,0.12335,0.1224,0.12291,11716575.882005
1767049200000,0.12292,0.12318,0.12274,0.12289,7407132.172597
1767052800000,0.12289,0.12312,0.12256,0.12287,4532679.882126
1767056400000,0.12288,0.12308,0.12256,0.12291,6683383.79502
1767060000000,0.12292,0.12294,0.12243,0.12273,4041280.741093
1767063600000,0.12274,0.12371,0.12249,0.12349,11392535.830768
1767067200000,0.12349,0.12367,0.12324,0.12347,6195497.060175
1767070800000,0.12347,0.1235,0.1229,0.12299,4750510.232124
1767074400000,0.12298,0.12367,0.12294,0.1233,10933463.818974
1767078000000,0.12331,0.12389,0.12324,0.12373,11001113.702909
1767081600000,0.12373,0.12486,0.12372,0.12452,24758588.780241
1767085200000,0.12452,0.1249,0.12431,0.12461,10854248.044016
1767088800000,0.12461,0.12516,0.12452,0.12452,17799360.377587
1767092400000,0.12453,0.12496,0.12441,0.12457,7997388.789854
1767096000000,0.12457,0.12491,0.12359,0.12378,24892722.232945
1767099600000,0.12379,0.12435,0.12358,0.1242,13127907.680692
1767103200000,0.1242,0.1254,0.12316,0.12488,35766435.928
1767106800000,0.12486,0.12507,0.12382,0.12455,12089537.848738
1767110400000,0.12455,0.12503,0.12389,0.12416,9220667.531205
1767114000000,0.12418,0.12444,0.12339,0.12373,18392111.608234
1767117600000,0.12374,0.12384,0.12308,0.1234,6476389.283604
1767121200000,0.1234,0.12348,0.12262,0.12331,11084474.548976
1767124800000,0.12331,0.12334,0.1226,0.12264,8919901.759206
1767128400000,0.12267,0.12294,0.1226,0.12286,9536053.48011
1767132000000,0.12287,0.12334,0.12281,0.12326,6546812.599592
1767135600000,0.12326,0.12348,0.12307,0.1234,6185723.277159
1767139200000,0.12336,0.12336,0.12292,0.12302,4180449.007531
1767142800000,0.12303,0.12375,0.12293,0.12331,5967698.600536
1767146400000,0.1233,0.12361,0.12307,0.12355,4385496.748554
1767150000000,0.12356,0.12362,0.12302,0.12313,3988674.171931
1767153600000,0.12314,0.12326,0.12298,0.123,5392228.559673
1767157200000,0.123,0.12332,0.12299,0.12318,3697178.558026
1767160800000,0.12318,0.12321,0.12306,0.12308,2518536.735701
1767164400000,0.12309,0.12341,0.1229,0.12341,17941794.49319
1767168000000,0.12341,0.12371,0.123,0.12306,10353231.567616
1767171600000,0.12306,0.12325,0.123,0.12314,8778950.82466
1767175200000,0.12314,0.12327,0.12283,0.12305,12652871.456618
1767178800000,0.12305,0.12363,0.12298,0.12341,24364516.874178
1767182400000,0.1234,0.12345,0.12287,0.12298,17381889.569234
1767186000000,0.12298,0.12329,0.1229,0.1232,8165864.801684
1767189600000,0.12321,0.12379,0.12276,0.12298,12549750.13807
1767193200000,0.12298,0.12299,0.12057,0.12115,105622641.747465
1767196800000,0.12116,0.12154,0.11585,0.11899,154608552.099282
1767200400000,0.119,0.11902,0.11792,0.11801,28514687.207863
1767204000000,0.11802,0.11831,0.11714,0.11721,23920736.846795
1767207600000,0.11722,0.11759,0.11715,0.11728,14828024.438518
1767211200000,0.11727,0.1174,0.11612,0.11719,23696866.410467
1767214800000,0.1172,0.11767,0.11712,0.11751,8581404.001968
1767218400000,0.11752,0.11785,0.11711,0.11771,9046801.995207
1767222000000,0.11769,0.11769,0.11734,0.11747,7500249.116859
1767225600000,0.11751,0.118,0.11746,0.11794,12221354.359586
1767229200000,0.11794,0.11869,0.11794,0.11854,20302792.449771
1767232800000,0.11856,0.11882,0.11835,0.1186,5381749.049739
1767236400000,0.1186,0.11872,0.11821,0.11832,5378882.878965
1767240000000,0.11833,0.11845,0.11796,0.11801,8588463.640425
1767243600000,0.11802,0.11874,0.11801,0.11855,6842722.45563
1767247200000,0.11857,0.11867,0.11834,0.11847,3466504.924721
1767250800000,0.11847,0.11866,0.11838,0.11846,4513259.041085
1767254400000,0.11845,0.12042,0.11838,0.12039,26385706.445014
1767258000000,0.12039,0.12128,0.12019,0.12037,52844717.098157
1767261600000,0.12039,0.12074,0.12022,0.12054,7019803.222582
1767265200000,0.12055,0.1209,0.12036,0.12065,5518976.066963
1767268800000,0.12066,0.12077,0.12048,0.12063,5253974.071024
1767272400000,0.12064,0.12106,0.12058,0.12081,7298534.149795
1767276000000,0.12081,0.12105,0.12026,0.12075,22004056.405211
1767279600000,0.12077,0.12745,0.12065,0.12467,157748938.577388
1767283200000,0.12468,0.12553,0.12362,0.12438,75379960.813912
1767286800000,0.12439,0.12547,0.12428,0.12491,29867261.893886
1767290400000,0.12491,0.12533,0.12452,0.12477,22894502.681246
1767294000000,0.12477,0.12588,0.12473,0.12583,10635651.808992
1767297600000,0.12583,0.12644,0.1255,0.1261,17380914.228378
1767301200000,0.12608,0.12631,0.12567,0.12628,6282803.093506
1767304800000,0.12626,0.127,0.12626,0.12665,9134303.570447
1767308400000,0.12665,0.12721,0.12639,0.12682,17330861.285516
1767312000000,0.12682,0.12695,0.12588,0.12646,20421597.481039
1767315600000,0.12647,0.12696,0.12624,0.12662,11549371.710865
1767319200000,0.12662,0.127,0.12621,0.12685,16368090.732028
1767322800000,0.12686,0.12947,0.12658,0.12864,57576834.737045
1767326400000,0.12865,0.12908,0.12783,0.1283,20493323.96666
1767330000000,0.1283,0.12839,0.12751,0.12814,30225648.620124
1767333600000,0.12814,0.12887,0.12814,0.12858,12372165.92574
1767337200000,0.12859,0.12874,0.1277,0.12788,14314045.932555
1767340800000,0.12793,0.12892,0.12791,0.12885,28932549.431121
1767344400000,0.12884,0.13482,0.12866,0.13276,114927925.443595
1767348000000,0.13276,0.13354,0.13201,0.13302,45588711.119928
1767351600000,0.13302,0.13306,0.12852,0.12948,91337233.933326
1767355200000,0.12947,0.13192,0.1293,0.1314,31726275.767965
1767358800000,0.13138,0.13252,0.13115,0.13171,32909476.658836
1767362400000,0.1317,0.13535,0.12956,0.134,141423805.170201
1767366000000,0.13402,0.13621,0.13307,0.13525,75356126.927761
1767369600000,0.13526,0.13854,0.13482,0.13839,93746147.843337
1767373200000,0.13838,0.13981,0.13808,0.1393,55292696.081707
1767376800000,0.13931,0.13995,0.13722,0.13833,56890687.311798
1767380400000,0.13833,0.13953,0.13826,0.13947,29363393.769249
1767384000000,0.13948,0.14048,0.13886,0.13953,30279382.753145
1767387600000,0.13954,0.14228,0.13942,0.14134,40502101.24464
1767391200000,0.14134,0.14491,0.14122,0.1443,124505114.83311
1767394800000,0.14428,0.14434,0.14143,0.14185,39210236.001914
1767398400000,0.14185,0.14325,0.14185,0.14194,19149414.933427
1767402000000,0.14192,0.1429,0.14166,0.14212,21862838.962344
1767405600000,0.14215,0.1437,0.14122,0.1435,22590165.112352
1767409200000,0.14352,0.14449,0.14301,0.14404,21334012.032644
1767412800000,0.14406,0.14427,0.14264,0.14284,19987043.074702
1767416400000,0.14286,0.14341,0.14212,0.14293,30502844.47111
1767420000000,0.14294,0.14386,0.14133,0.14199,22048248.205372
1767423600000,0.14198,0.14217,0.13915,0.13999,51961997.245149
1767427200000,0.13998,0.14151,0.13937,0.14087,25835596.898751
1767430800000,0.14087,0.14319,0.14034,0.14259,31861189.561451
1767434400000,0.14259,0.14329,0.14244,0.14266,13843352.026351
1767438000000,0.14266,0.14282,0.14216,0.1425,11928457.091611
1767441600000,0.14251,0.14305,0.14223,0.14264,12777768.127254
1767445200000,0.14264,0.14315,0.14247,0.14293,9068425.948397
1767448800000,0.14293,0.14345,0.14223,0.14249,13638536.296133
1767452400000,0.1425,0.14276,0.14218,0.14222,14884951.216097
1767456000000,0.14222,0.14237,0.14091,0.14118,32739219.603669
1767459600000,0.14119,0.14187,0.14062,0.14157,9990940.031562
1767463200000,0.14156,0.14242,0.14135,0.14182,5128284.804344
1767466800000,0.1418,0.1418,0.14143,0.14166,2016801.930747
1767470400000,0.14167,0.14261,0.14127,0.1423,7084910.274678
1767474000000,0.14231,0.14292,0.14206,0.14241,8160088.754734
1767477600000,0.14242,0.14317,0.14216,0.14274,6185249.622791
1767481200000,0.14274,0.14372,0.14272,0.14312,8183425.539173
1767484800000,0.14313,0.14719,0.14277,0.14635,89237340.225808
1767488400000,0.14634,0.14661,0.14511,0.14655,35237378.435441
1767492000000,0.14656,0.14747,0.14605,0.14716,29155635.785534
1767495600000,0.14716,0.15195,0.14677,0.15103,105951561.880664
1767499200000,0.15103,0.15333,0.15064,0.15206,67075995.349621
1767502800000,0.15208,0.15294,0.15134,0.15275,29671649.349455
1767506400000,0.15276,0.15404,0.14978,0.15039,79943801.247616
1767510000000,0.15041,0.152,0.15024,0.15145,31591229.822605
1767513600000,0.15146,0.15243,0.15069,0.15215,28903656.366346
1767517200000,0.15216,0.1528,0.15136,0.15221,35170140.317517
1767520800000,0.15222,0.15284,0.15194,0.15233,20545328.310037
1767524400000,0.15234,0.15234,0.15117,0.15195,19914413.890891
1767528000000,0.15194,0.15418,0.15158,0.15292,46392119.028971
1767531600000,0.15292,0.1533,0.15178,0.15217,21191478.384365
1767535200000,0.15216,0.15258,0.15044,0.15141,24759134.912925
1767538800000,0.1514,0.15177,0.15044,0.15142,30495872.420347
1767542400000,0.15142,0.15216,0.15055,0.15198,29185237.714241
1767546000000,0.15199,0.15292,0.15178,0.15218,13663853.920821
1767549600000,0.15218,0.15226,0.15081,0.15171,14424540.681427
1767553200000,0.15172,0.15176,0.14777,0.14985,57185746.210696
1767556800000,0.14986,0.15066,0.14964,0.14992,8752915.74794
1767560400000,0.1499,0.15065,0.14889,0.14937,16943817.076052
1767564000000,0.14936,0.14991,0.14856,0.14899,12451843.993836
1767567600000,0.14902,0.1502,0.14872,0.1495,21698491.492363
1767571200000,0.14952,0.15131,0.14886,0.15047,30547449.37671
1767574800000,0.1505,0.15248,0.15004,0.15175,45973883.183084
1767578400000,0.15177,0.15222,0.15054,0.15193,32631201.428377
1767582000000,0.15193,0.15226,0.15139,0.15158,23964800.586092
1767585600000,0.15158,0.15174,0.14871,0.15063,56928965.147008
1767589200000,0.15063,0.15107,0.15026,0.15028,23803611.721215
1767592800000,0.15025,0.15109,0.14931,0.15057,16906969.911198
1767596400000,0.15055,0.15079,0.14993,0.14999,6024788.805905
1767600000000,0.14999,0.15076,0.14922,0.14922,17516049.55326
1767603600000,0.14925,0.14935,0.14631,0.14691,53539000.699104
1767607200000,0.14693,0.14825,0.14587,0.14729,57504940.874339
1767610800000,0.14726,0.14794,0.14677,0.14777,10845327.431192
1767614400000,0.1478,0.14784,0.1469,0.14739,11740748.986395
1767618000000,0.14741,0.14801,0.14653,0.147,18517392.300156
1767621600000,0.14702,0.14886,0.14633,0.14821,38585038.473567
1767625200000,0.1482,0.14944,0.14654,0.14883,59573472.813237
1767628800000,0.14884,0.15138,0.1484,0.15047,45644585.435077
1767632400000,0.15047,0.15386,0.14879,0.15299,65351845.695882
1767636000000,0.153,0.15305,0.15089,0.15216,28974666.391307
1767639600000,0.1522,0.15295,0.15131,0.15175,17601509.930354
1767643200000,0.15177,0.15433,0.15083,0.15145,36291831.031944
1767646800000,0.15147,0.15328,0.1512,0.15185,26582920.76718
1767650400000,0.15184,0.1532,0.15137,0.15265,14272549.992728
1767654000000,0.15268,0.15289,0.15164,0.1517,10604983.885295
1767657600000,0.1517,0.15215,0.14921,0.152,39536788.06158
1767661200000,0.15198,0.1545,0.15125,0.15148,45443921.33843
1767664800000,0.1515,0.15288,0.15135,0.15157,23229928.99825
1767668400000,0.15157,0.15313,0.15102,0.15282,33610451.594169
1767672000000,0.15282,0.15293,0.15183,0.15188,12307020.895974
1767675600000,0.15188,0.15208,0.15103,0.15147,15326730.535774
1767679200000,0.15148,0.15245,0.1505,0.15115,25038314.676084
1767682800000,0.15114,0.1512,0.14912,0.14958,29002314.516833
1767686400000,0.14958,0.1504,0.14952,0.1497,13377776.52921
1767690000000,0.14968,0.15089,0.14954,0.15058,14371112.648355
1767693600000,0.15059,0.15088,0.1501,0.15064,9383353.643633
1767697200000,0.15065,0.1509,0.15025,0.15046,10738362.718927
1767700800000,0.15047,0.15208,0.15012,0.15183,13763879.18249
1767704400000,0.15184,0.15206,0.15129,0.15159,11093537.975906
1767708000000,0.15159,0.15662,0.15159,0.15263,117204846.203881
1767711600000,0.15264,0.15352,0.14913,0.14998,73402119.562169
1767715200000,0.14997,0.15033,0.1442,0.14556,127790816.558176
1767718800000,0.14555,0.14665,0.14352,0.14421,53983223.459016
1767722400000,0.14418,0.14617,0.14371,0.14561,20460497.260313
1767726000000,0.14561,0.14603,0.14531,0.1459,6496477.981008
1767729600000,0.1459,0.14747,0.14586,0.14722,11633928.419988
1767733200000,0.14723,0.15085,0.14674,0.14971,25755300.063576
1767736800000,0.14971,0.15078,0.14963,0.14995,13495145.234494
1767740400000,0.14996,0.15101,0.14983,0.15059,10396084.620137
1767744000000,0.15057,0.15057,0.14808,0.1482,12954009.610914
1767747600000,0.14819,0.14874,0.14719,0.14758,14609856.345297
1767751200000,0.1476,0.14865,0.14693,0.14855,22322839.776536
1767754800000,0.14855,0.14935,0.14823,0.14842,13266255.205112
1767758400000,0.14841,0.14876,0.14772,0.14825,6661348.36574
1767762000000,0.14825,0.14855,0.14737,0.14767,11624017.84224
1767765600000,0.14767,0.14865,0.14765,0.1482,9495773.794801
1767769200000,0.14819,0.1492,0.14816,0.14907,5387149.2388
1767772800000,0.14909,0.15404,0.14902,0.15345,86964776.946647
1767776400000,0.15346,0.15347,0.14833,0.14854,50830452.177619
1767780000000,0.14852,0.149,0.14756,0.14844,17358610.26782
1767783600000,0.14842,0.14959,0.14834,0.14892,14592035.753874
1767787200000,0.14892,0.14901,0.14796,0.14808,9431390.078924
1767790800000,0.14809,0.14884,0.14743,0.14779,11051837.857052
1767794400000,0.1478,0.14807,0.14505,0.14779,56001470.671707
1767798000000,0.1478,0.14786,0.14487,0.14614,40063616.840632
1767801600000,0.14613,0.14792,0.14603,0.14761,27435460.338289
1767805200000,0.14765,0.1485,0.14681,0.14706,20108425.970306
1767808800000,0.14707,0.14742,0.14603,0.14656,16235001.827405
1767812400000,0.14655,0.14722,0.14546,0.14662,12830819.941091
1767816000000,0.14662,0.14693,0.14556,0.14628,13151928.855356
1767819600000,0.14627,0.14704,0.14627,0.14647,4304558.800194
1767823200000,0.14646,0.14733,0.14553,0.14614,10064098.894008
1767826800000,0.14615,0.14733,0.14546,0.1464,15217850.230264
1767830400000,0.14645,0.14755,0.14581,0.14719,10631015.302845
1767834000000,0.14719,0.14778,0.14656,0.14742,8848332.773163
1767837600000,0.14743,0.14766,0.14564,0.146,14912417.83906
1767841200000,0.146,0.14658,0.1446,0.14525,15669991.646269
1767844800000,0.14526,0.14738,0.1449,0.14693,22288985.779793
1767848400000,0.14695,0.14735,0.14534,0.1456,14284431.202011
1767852000000,0.14562,0.14578,0.14241,0.14252,58183252.822044
1767855600000,0.14254,0.14413,0.14119,0.14399,38652101.672658
1767859200000,0.144,0.14481,0.14325,0.1435,22289083.420658
1767862800000,0.14355,0.14398,0.14225,0.14236,12956654.547338
1767866400000,0.14236,0.14336,0.14134,0.14305,35146725.08694
1767870000000,0.14304,0.14319,0.138,0.14101,96035828.438659
1767873600000,0.14102,0.14102,0.13914,0.13955,28379586.221848
1767877200000,0.13956,0.1403,0.13929,0.13975,13654966.279605
1767880800000,0.13973,0.14021,0.13833,0.13969,40434222.460282
1767884400000,0.13968,0.14211,0.13902,0.1419,36461636.981324
1767888000000,0.14189,0.14245,0.1406,0.14237,18357079.36118
1767891600000,0.14238,0.14323,0.14168,0.1431,16873420.900775
1767895200000,0.1431,0.14318,0.14182,0.14216,15379411.561502
1767898800000,0.14214,0.14294,0.14168,0.14189,6184516.272823
1767902400000,0.14189,0.1423,0.14093,0.14206,6028783.220759
1767906000000,0.14208,0.14305,0.14201,0.1429,4362686.283649
1767909600000,0.14292,0.14343,0.1418,0.14252,9841590.415761
1767913200000,0.14253,0.14289,0.14196,0.14196,6009370.192244
1767916800000,0.14197,0.14264,0.14197,0.14252,6457899.133937
1767920400000,0.14253,0.14365,0.14115,0.14192,19510754.612881
1767924000000,0.14191,0.14337,0.14188,0.14201,13936575.58975
1767927600000,0.14201,0.1431,0.14184,0.14307,7762500.880136
1767931200000,0.14304,0.14319,0.14219,0.14239,6322031.966579
1767934800000,0.14242,0.14304,0.14227,0.14295,6011685.49603
1767938400000,0.14294,0.14319,0.14256,0.14314,8449877.019815
1767942000000,0.14314,0.14316,0.14194,0.14194,10982409.195154
1767945600000,0.14198,0.14219,0.13881,0.1397,45407050.886037
1767949200000,0.1397,0.14101,0.13968,0.1407,12958288.836606
1767952800000,0.14071,0.14122,0.1404,0.14087,8930530.651339
1767956400000,0.14086,0.14105,0.14019,0.14034,7036236.124116
1767960000000,0.14034,0.14054,0.13974,0.13994,7080542.031551
1767963600000,0.13994,0.14164,0.13993,0.1405,19659911.155987
1767967200000,0.14051,0.14054,0.1386,0.13891,30080569.138219
1767970800000,0.13892,0.14457,0.13826,0.14211,77131258.514861
1767974400000,0.14212,0.14424,0.14204,0.14367,27038492.42266
1767978000000,0.14368,0.14376,0.14118,0.1425,19095433.760815
1767981600000,0.14249,0.14259,0.13908,0.1405,15927356.261485
1767985200000,0.14049,0.14049,0.13899,0.13957,13463638.147851
1767988800000,0.13954,0.14041,0.13937,0.1399,6984584.506458
1767992400000,0.1399,0.14097,0.13959,0.1409,7893179.174039
1767996000000,0.14088,0.14116,0.14022,0.14104,7087868.801353
1767999600000,0.14105,0.14115,0.14052,0.14074,2300593.574889
1768003200000,0.14073,0.14073,0.14011,0.14029,5144525.037692
1768006800000,0.14029,0.1405,0.14006,0.14036,3369360.349937
1768010400000,0.14037,0.14073,0.13977,0.14029,6191802.287107
1768014000000,0.14029,0.14054,0.13975,0.14034,8381354.165392
1768017600000,0.14032,0.14046,0.13967,0.14021,4206074.456893
1768021200000,0.14023,0.14054,0.14006,0.14013,2836155.154686
1768024800000,0.14014,0.14022,0.13942,0.13992,4753010.993882
1768028400000,0.13992,0.14061,0.13988,0.14041,6348149.910615
1768032000000,0.14042,0.14048,0.13955,0.13986,11203529.788895
1768035600000,0.13986,0.14038,0.13975,0.1402,3313683.888568
1768039200000,0.14022,0.14054,0.14008,0.14047,5607843.849469
1768042800000,0.14049,0.14051,0.1398,0.14002,6660597.967837
1768046400000,0.14003,0.14031,0.1399,0.14019,4977934.387778
1768050000000,0.14019,0.14046,0.13988,0.14014,4824852.014778
1768053600000,0.14015,0.14016,0.13963,0.13993,4661369.517239
1768057200000,0.13993,0.14021,0.13985,0.13999,2529942.994987
1768060800000,0.14,0.14023,0.13972,0.14005,2895538.945358
1768064400000,0.14005,0.14031,0.13971,0.13976,3467483.140486
1768068000000,0.13975,0.14013,0.13952,0.13995,3251833.500369
1768071600000,0.13995,0.14036,0.13985,0.14031,2114030.058672
1768075200000,0.14032,0.14047,0.14,0.14005,2826293.906238
1768078800000,0.14005,0.14007,0.13976,0.13989,4447051.29996
1768082400000,0.13989,0.14,0.13909,0.13917,6286206.273293
1768086000000,0.13918,0.13987,0.13908,0.13964,2979494.149196
1768089600000,0.13967,0.13967,0.13879,0.139,7963960.614704
1768093200000,0.13901,0.1392,0.13857,0.13913,6631107.336096
1768096800000,0.13914,0.13946,0.13893,0.13912,4995471.121894
1768100400000,0.13912,0.13925,0.13893,0.13912,2540156.940098
1768104000000,0.13913,0.13923,0.13878,0.1392,4668542.679132
1768107600000,0.13919,0.13986,0.139,0.13956,11990135.798642
1768111200000,0.13957,0.13975,0.13908,0.13969,3026411.443197
1768114800000,0.13971,0.14008,0.13951,0.14005,6557757.523013
1768118400000,0.14005,0.14032,0.13979,0.14021,4376147.826066
1768122000000,0.14021,0.14038,0.1398,0.13999,7181244.847206
1768125600000,0.14001,0.1402,0.13978,0.13992,3410636.888405
1768129200000,0.13992,0.13992,0.13949,0.13972,5382390.479441
1768132800000,0.13973,0.14122,0.13966,0.14092,8588587.822617
1768136400000,0.14095,0.14102,0.14032,0.14047,7579464.783637
1768140000000,0.14049,0.1412,0.14041,0.14098,6387352.01262
1768143600000,0.14099,0.14111,0.13666,0.13817,48448720.137232
1768147200000,0.13818,0.13997,0.13807,0.13886,29280814.122409
1768150800000,0.13887,0.1391,0.13781,0.13882,9278080.119029
1768154400000,0.13881,0.13883,0.138,0.13855,3588122.902866
1768158000000,0.13855,0.13858,0.13728,0.13757,6659846.322039
1768161600000,0.13758,0.1376,0.13589,0.13689,18640784.609207
1768165200000,0.13689,0.13782,0.13587,0.13765,13679078.564528
1768168800000,0.13764,0.13765,0.13639,0.13702,7848928.335557
1768172400000,0.13702,0.13832,0.13607,0.13803,13541739.571457
1768176000000,0.13802,0.13877,0.13663,0.13876,19223542.750818
1768179600000,0.13874,0.13957,0.13845,0.13921,29070387.12973
1768183200000,0.13923,0.14214,0.13911,0.14155,33332084.93002
1768186800000,0.14157,0.14239,0.14032,0.14044,28106826.351115
1768190400000,0.14045,0.14106,0.14017,0.14083,11376216.838732
1768194000000,0.14083,0.14136,0.14019,0.14101,13882927.189851
1768197600000,0.14102,0.14102,0.1395,0.13961,15017455.109216
1768201200000,0.13961,0.1403,0.13783,0.13796,27944157.919076
1768204800000,0.13796,0.13875,0.13556,0.13681,49120395.010783
1768208400000,0.13684,0.1372,0.13648,0.13671,11208041.597302
1768212000000,0.13674,0.1372,0.13617,0.13638,8619103.43065
1768215600000,0.13639,0.13699,0.13626,0.1367,6046758.642146
1768219200000,0.1367,0.1368,0.13622,0.13636,7299830.166303
1768222800000,0.13636,0.13655,0.13564,0.13612,12644432.564672
1768226400000,0.13612,0.13744,0.13495,0.13682,32745603.287709
1768230000000,0.1368,0.13863,0.1363,0.13848,23518264.865591
1768233600000,0.13844,0.14015,0.13822,0.13934,33188898.972157
1768237200000,0.13934,0.13966,0.13686,0.138,26051440.760139
1768240800000,0.138,0.13904,0.13764,0.13811,16035024.766997
1768244400000,0.13813,0.13847,0.13765,0.13831,6362096.232212
1768248000000,0.13832,0.13893,0.1372,0.13725,6665695.324417
1768251600000,0.13725,0.13728,0.13554,0.1362,17554157.801828
1768255200000,0.13617,0.13718,0.13609,0.13698,7639276.521861
1768258800000,0.13697,0.13706,0.13625,0.13662,5754761.817571
1768262400000,0.13662,0.13713,0.13639,0.13698,9468522.370022
1768266000000,0.137,0.13744,0.13629,0.13668,7231681.279355
1768269600000,0.1367,0.13744,0.13667,0.13686,13090570.336099
1768273200000,0.13686,0.13741,0.13657,0.13713,7826007.286424
1768276800000,0.13713,0.1379,0.13713,0.13787,12475578.651983
1768280400000,0.13787,0.13962,0.13784,0.13895,27549250.575834
1768284000000,0.13896,0.13957,0.13864,0.13905,19712472.168918
1768287600000,0.13906,0.13909,0.13842,0.13864,8395630.707515
1768291200000,0.13865,0.14,0.1386,0.1397,10809076.180879
1768294800000,0.13969,0.14038,0.13919,0.13963,21542020.391171
1768298400000,0.13962,0.14019,0.13926,0.13938,6807504.434197
1768302000000,0.13938,0.1394,0.1389,0.13906,10402321.125679
1768305600000,0.13907,0.13981,0.13879,0.1395,10661848.980299
1768309200000,0.1395,0.14099,0.1392,0.13965,45219577.198347
1768312800000,0.13962,0.14188,0.13895,0.14042,38353532.863731
1768316400000,0.14041,0.14237,0.13939,0.14212,46351714.256953
1768320000000,0.14212,0.14358,0.14211,0.14284,73198794.437167
1768323600000,0.14285,0.14309,0.14194,0.14242,21244118.469248
1768327200000,0.14241,0.1438,0.14222,0.14327,13866196.357629
1768330800000,0.14329,0.14479,0.14307,0.14437,15625772.162118
1768334400000,0.1444,0.14504,0.14353,0.14421,20321388.713674
1768338000000,0.14419,0.14483,0.1441,0.14455,16380329.047504
1768341600000,0.14455,0.15048,0.14455,0.14967,146095090.511077
1768345200000,0.14969,0.15097,0.14744,0.14829,47495771.814871
1768348800000,0.14829,0.14932,0.14793,0.14828,29326518.99334
1768352400000,0.14828,0.14871,0.1472,0.14766,25524066.861738
1768356000000,0.14766,0.1489,0.14721,0.14833,20870541.336181
1768359600000,0.14834,0.14976,0.14777,0.14961,31872931.580856
1768363200000,0.1496,0.14983,0.14846,0.14856,41204067.213128
1768366800000,0.14856,0.14856,0.14743,0.14773,20091069.844385
1768370400000,0.14773,0.1483,0.14687,0.14817,21741392.30397
1768374000000,0.14818,0.14878,0.14803,0.14848,15970192.009265
1768377600000,0.14849,0.14876,0.14783,0.14786,8152602.667543
1768381200000,0.14786,0.14864,0.14785,0.1482,10658101.049146
1768384800000,0.1482,0.1483,0.14702,0.14737,12436360.933964
1768388400000,0.14736,0.1474,0.14582,0.146,16676511.663926
1768392000000,0.14601,0.14697,0.14584,0.14665,16242781.753278
1768395600000,0.14665,0.14698,0.14563,0.14578,14887880.507409
1768399200000,0.14578,0.14946,0.14569,0.14839,54746225.629497
1768402800000,0.1484,0.14982,0.14747,0.14898,51775005.444807
1768406400000,0.149,0.1513,0.14894,0.14976,49871505.273672
1768410000000,0.14975,0.15042,0.14763,0.148,24396778.264161
1768413600000,0.148,0.14887,0.14629,0.14766,23510158.226681
1768417200000,0.14764,0.14954,0.14726,0.1479,22367141.603507
1768420800000,0.1479,0.14918,0.14682,0.14731,14108417.840843
1768424400000,0.14729,0.14787,0.14672,0.1475,7255413.450294
1768428000000,0.14749,0.14766,0.14632,0.1466,10082763.245221
1768431600000,0.14661,0.14803,0.1466,0.14717,8299010.168746
1768435200000,0.14721,0.14724,0.14541,0.14586,38380269.740237
1768438800000,0.14587,0.14655,0.14413,0.14466,43676798.402274
1768442400000,0.14466,0.14508,0.1436,0.14404,28585949.941377
1768446000000,0.14405,0.14436,0.14246,0.14273,52731840.702502
1768449600000,0.14272,0.14366,0.14262,0.14348,26629485.77059
1768453200000,0.14348,0.1439,0.1433,0.1436,22257465.003095
1768456800000,0.1436,0.14389,0.14284,0.14316,23120345.567028
1768460400000,0.14316,0.14458,0.14305,0.14418,29326437.327665
1768464000000,0.1442,0.14425,0.14355,0.1442,8826472.042434
1768467600000,0.14419,0.1451,0.14345,0.14451,16952695.407643
1768471200000,0.14453,0.14458,0.14374,0.14406,8320317.692364
1768474800000,0.14406,0.14432,0.14332,0.1437,8497208.549583
1768478400000,0.1437,0.14439,0.14353,0.14435,8421460.666957
1768482000000,0.14436,0.14497,0.14402,0.14455,18678242.247815
1768485600000,0.14456,0.145,0.14186,0.14283,42244506.840292
1768489200000,0.14282,0.14325,0.1401,0.14214,48231915.761253
1768492800000,0.14213,0.1425,0.14075,0.14175,46668588.9479
1768496400000,0.14172,0.14242,0.14066,0.1409,27789661.898447
1768500000000,0.14091,0.14136,0.1397,0.14013,22937521.739151
1768503600000,0.14014,0.14038,0.13919,0.14002,15231283.951415
1768507200000,0.14002,0.1405,0.13883,0.13919,15474942.712725
1768510800000,0.13922,0.14003,0.13913,0.1397,4766870.655301
1768514400000,0.1397,0.14044,0.13959,0.14011,10922561.363162
1768518000000,0.1401,0.14034,0.13977,0.14005,5538385.686619
1768521600000,0.14006,0.14047,0.1399,0.14003,10495861.299868
1768525200000,0.14004,0.14044,0.13948,0.1402,8424401.7882
1768528800000,0.1402,0.14024,0.13915,0.14023,17108454.452174
1768532400000,0.14023,0.14035,0.13938,0.13944,5572426.52649
1768536000000,0.13944,0.13975,0.1384,0.13901,13810366.903545
1768539600000,0.139,0.14025,0.13896,0.14007,22183170.496245
1768543200000,0.14008,0.14036,0.13985,0.14025,12131894.225969
1768546800000,0.14025,0.14032,0.13967,0.14001,4861523.254276
1768550400000,0.14003,0.14037,0.13991,0.14001,6584936.347831
1768554000000,0.14001,0.14012,0.1394,0.13943,7953052.37963
1768557600000,0.13944,0.13952,0.13891,0.13911,7008988.535792
1768561200000,0.13912,0.13927,0.13731,0.13804,89022530.252105
1768564800000,0.13805,0.13812,0.13731,0.13801,19794974.334437
1768568400000,0.13801,0.13836,0.13742,0.13793,22639332.445505
1768572000000,0.13794,0.13843,0.13753,0.1378,21599860.168665
1768575600000,0.1378,0.13831,0.13513,0.13604,53722507.312587
1768579200000,0.13604,0.13689,0.13565,0.13653,25136340.198452
1768582800000,0.13654,0.13727,0.13588,0.13722,14716474.065375
1768586400000,0.13722,0.13743,0.1369,0.1372,9724485.015551
1768590000000,0.13719,0.13744,0.13645,0.13727,7191073.618951
1768593600000,0.13728,0.13801,0.13632,0.13798,12257518.895871
1768597200000,0.13799,0.13816,0.13747,0.13773,13335935.777427
1768600800000,0.13773,0.13819,0.13736,0.13817,7533553.928449
1768604400000,0.13816,0.1385,0.13791,0.13815,12053563.425077
1768608000000,0.13816,0.1384,0.13788,0.13821,4530752.363486
1768611600000,0.1382,0.1386,0.13806,0.1382,4205138.447399
1768615200000,0.1382,0.13823,0.13733,0.13769,8139133.150965
1768618800000,0.13771,0.13782,0.13727,0.13741,4829238.090943
1768622400000,0.13741,0.13788,0.13719,0.13778,4267152.80855
1768626000000,0.13778,0.1379,0.13747,0.13761,5316765.436244
1768629600000,0.13761,0.13763,0.13715,0.13726,4970978.648976
1768633200000,0.13726,0.13747,0.13684,0.13731,6038259.244452
1768636800000,0.13731,0.13762,0.13724,0.13751,3413409.001884
1768640400000,0.13752,0.13771,0.13719,0.13728,6569584.200772
1768644000000,0.13728,0.13778,0.13711,0.13759,3708740.286505
1768647600000,0.13758,0.13796,0.13725,0.13771,7939730.508781
1768651200000,0.13771,0.13795,0.13755,0.13761,3008988.96222
1768654800000,0.13761,0.13789,0.13741,0.13783,4547131.913252
1768658400000,0.13784,0.13859,0.13757,0.13849,7259077.497664
1768662000000,0.13848,0.14007,0.13826,0.13954,26771792.157434
1768665600000,0.13954,0.13992,0.1382,0.13874,20274128.572543
1768669200000,0.13874,0.13916,0.13855,0.13884,7004395.87512
1768672800000,0.13885,0.13896,0.13857,0.13876,6879225.269746
1768676400000,0.13876,0.13889,0.13849,0.13873,1255080.711829
1768680000000,0.13874,0.13903,0.13859,0.13872,1684881.772549
1768683600000,0.13872,0.13872,0.13832,0.13864,5190303.255351
1768687200000,0.13864,0.13864,0.13727,0.13778,13252121.400797
1768690800000,0.13778,0.13805,0.1377,0.13791,3952452.545875
1768694400000,0.13791,0.13835,0.13744,0.13759,6963975.166701
1768698000000,0.13762,0.13771,0.13687,0.13715,14734695.981515
1768701600000,0.13715,0.13746,0.13683,0.13697,8136002.380731
1768705200000,0.13697,0.13767,0.13694,0.13744,6200307.755984
1768708800000,0.13744,0.13753,0.1371,0.13751,6377928.222981
1768712400000,0.13752,0.13752,0.13701,0.13733,5395690.89211
1768716000000,0.13734,0.1374,0.137,0.13732,2869108.893397
1768719600000,0.13732,0.13734,0.13673,0.13715,7187722.689382
1768723200000,0.13716,0.13759,0.13689,0.13743,3809515.686078
1768726800000,0.13743,0.13761,0.13721,0.13754,3507683.134434
1768730400000,0.13755,0.13769,0.13709,0.1372,3385859.378888
1768734000000,0.1372,0.1374,0.1371,0.13722,1149774.429265
1768737600000,0.13721,0.13747,0.137,0.13707,2432472.978135
1768741200000,0.13707,0.13733,0.1366,0.13711,10609856.402306
1768744800000,0.1371,0.13809,0.13665,0.13679,31591260.168673
1768748400000,0.13678,0.13696,0.13636,0.13659,14805743.107402
1768752000000,0.1366,0.13714,0.13641,0.13673,9597908.081692
1768755600000,0.13673,0.13703,0.13637,0.1369,5384162.570066
1768759200000,0.1369,0.13787,0.13661,0.13767,7975359.607197
1768762800000,0.13768,0.13789,0.13695,0.13717,4547611.61076
1768766400000,0.13718,0.13773,0.13691,0.13743,5085351.272412
1768770000000,0.13743,0.13755,0.13707,0.13725,1772988.837403
1768773600000,0.13728,0.13798,0.13724,0.13774,3890101.503675
1768777200000,0.13772,0.13772,0.13124,0.13166,130495429.803283
1768780800000,0.13165,0.13165,0.11947,0.12664,439949267.456956
1768784400000,0.12664,0.12751,0.12615,0.12666,50398394.455573
1768788000000,0.12666,0.1275,0.12631,0.1272,33182916.238782
1768791600000,0.1272,0.12751,0.12692,0.12737,25202127.107933
1768795200000,0.12739,0.12761,0.12691,0.12721,20946448.46549
1768798800000,0.12721,0.12775,0.127,0.12718,16232174.601315
1768802400000,0.1272,0.12723,0.12646,0.12686,24228227.253237
1768806000000,0.12686,0.12729,0.12686,0.12719,13156147.010369
1768809600000,0.1272,0.1284,0.12709,0.12823,18672737.031116
1768813200000,0.12825,0.12832,0.12758,0.12791,9003140.578877
1768816800000,0.12791,0.12793,0.12751,0.12779,6454463.108729
1768820400000,0.12779,0.12804,0.12763,0.12785,10593117.33857
1768824000000,0.12785,0.12826,0.12733,0.1278,11846902.277396
1768827600000,0.12782,0.12836,0.12758,0.12801,7782775.773199
1768831200000,0.12801,0.129,0.12781,0.12824,19461413.917993
1768834800000,0.12825,0.12865,0.12777,0.12783,10664294.808331
1768838400000,0.12783,0.12952,0.12773,0.12918,16547662.018828
1768842000000,0.12918,0.12933,0.12875,0.12909,6874504.552237
1768845600000,0.12911,0.12966,0.129,0.1291,7943603.935785
1768849200000,0.1291,0.13022,0.1291,0.12987,11687723.69977
1768852800000,0.12989,0.13056,0.12971,0.13027,8678837.112764
1768856400000,0.13028,0.13065,0.1294,0.12957,16107267.944678
1768860000000,0.12956,0.1297,0.12857,0.1286,13073896.390615
1768863600000,0.12859,0.12965,0.12854,0.12916,10605257.295606
1768867200000,0.12916,0.12934,0.12864,0.12871,5337534.544421
1768870800000,0.12871,0.12925,0.12809,0.12862,10894705.493599
1768874400000,0.12862,0.12893,0.12809,0.12846,8976706.872969
1768878000000,0.12846,0.12861,0.12775,0.12798,14223500.387042
1768881600000,0.12798,0.12823,0.12756,0.12771,7691512.979363
1768885200000,0.12772,0.12827,0.12716,0.12803,26604077.116302
1768888800000,0.12804,0.12804,0.12646,0.12686,29213576.951311
1768892400000,0.12687,0.12747,0.12674,0.12678,8538235.415899
1768896000000,0.1268,0.12706,0.1252,0.12613,37710543.385873
1768899600000,0.12613,0.1262,0.12543,0.12574,9740466.202586
1768903200000,0.12574,0.12615,0.12546,0.12555,13069864.264838
1768906800000,0.12556,0.12595,0.12514,0.12528,11011762.791244
1768910400000,0.12529,0.12607,0.1252,0.12587,10397429.14511
1768914000000,0.12587,0.12589,0.12462,0.12474,21425936.851297
1768917600000,0.12473,0.12676,0.12471,0.12563,32373435.664446
1768921200000,0.12564,0.12606,0.12422,0.12521,36180114.03158
1768924800000,0.12518,0.12569,0.12329,0.12388,54526649.88984
1768928400000,0.12387,0.12483,0.12328,0.12385,45392435.306722
1768932000000,0.12386,0.1243,0.12343,0.1237,11518136.949615
1768935600000,0.12371,0.12428,0.12334,0.12395,9573449.505829
1768939200000,0.12394,0.12447,0.12347,0.12422,8725921.735648
1768942800000,0.12423,0.12433,0.12357,0.12393,4394358.974596
1768946400000,0.12393,0.12442,0.12175,0.12371,32433677.063606
1768950000000,0.12368,0.12377,0.12308,0.12336,14570193.779418
1768953600000,0.12336,0.12523,0.12319,0.12516,15565914.841057
1768957200000,0.12516,0.12589,0.12511,0.12579,25415349.494427
1768960800000,0.1258,0.12651,0.12577,0.12586,14499971.414882
1768964400000,0.12588,0.12611,0.12546,0.12553,10967320.588363
1768968000000,0.12553,0.12576,0.12532,0.12535,8700990.999754
1768971600000,0.12536,0.1264,0.12532,0.12589,12014145.924316
1768975200000,0.12589,0.12591,0.12497,0.12532,13569370.638603
1768978800000,0.12532,0.1257,0.12482,0.12499,7904747.449096
1768982400000,0.12499,0.12504,0.12383,0.12435,12888077.963418
1768986000000,0.12435,0.12475,0.12406,0.1245,5758849.720977
1768989600000,0.1245,0.12496,0.12424,0.12424,5111124.902478
1768993200000,0.12424,0.12449,0.12288,0.1231,16846119.995604
1768996800000,0.1231,0.12325,0.12158,0.12279,43011909.405234
1769000400000,0.12279,0.12336,0.12237,0.12264,13670594.281122
1769004000000,0.12262,0.12626,0.12255,0.12583,56182496.65709
1769007600000,0.12582,0.12663,0.12503,0.12637,29725291.296694
1769011200000,0.12638,0.12645,0.12039,0.12075,79537856.774516
1769014800000,0.12075,0.12223,0.12028,0.12201,58517126.260327
1769018400000,0.12201,0.12388,0.12168,0.12353,18959465.791897
1769022000000,0.12355,0.12835,0.12316,0.1281,56825395.78497
1769025600000,0.12812,0.1283,0.12647,0.1278,23544246.927411
1769029200000,0.12782,0.1287,0.12747,0.12806,17424195.50817
1769032800000,0.12807,0.12881,0.12711,0.12727,15513173.428797
1769036400000,0.12728,0.12794,0.12622,0.12652,26772127.331292
1769040000000,0.12652,0.12746,0.12652,0.12712,12270685.808621
1769043600000,0.12713,0.12782,0.12693,0.12775,13572981.010084
1769047200000,0.12776,0.12793,0.12694,0.12708,13350854.942354
1769050800000,0.12709,0.12757,0.12643,0.12691,13317892.84877
1769054400000,0.1269,0.1274,0.12687,0.12726,12278795.147788
1769058000000,0.12726,0.12734,0.12683,0.12708,7171273.094551
1769061600000,0.12708,0.12719,0.12641,0.12677,9194456.226509
1769065200000,0.12678,0.12684,0.126,0.1261,13068392.280738
1769068800000,0.12611,0.1265,0.12571,0.12648,7314924.334257
1769072400000,0.12649,0.12716,0.12631,0.12696,5901629.93092
1769076000000,0.12696,0.127,0.12644,0.12662,6859139.287235
1769079600000,0.1266,0.1266,0.12573,0.12587,9708089.193868
1769083200000,0.12587,0.12606,0.12562,0.12565,7721650.650804
1769086800000,0.12564,0.12648,0.125,0.12543,15871590.293998
1769090400000,0.12541,0.12568,0.12397,0.12431,20582939.649373
1769094000000,0.1243,0.12493,0.12321,0.12431,23810559.931615
1769097600000,0.12429,0.12558,0.12411,0.12509,19864270.269722
1769101200000,0.12509,0.12544,0.12449,0.1253,9974136.541148
1769104800000,0.12528,0.12528,0.12421,0.12429,8794010.52719
1769108400000,0.12429,0.12516,0.12392,0.12476,5348541.529378
1769112000000,0.12476,0.12489,0.12367,0.12404,10139320.404934
1769115600000,0.12405,0.12459,0.12385,0.12402,3326215.610808
1769119200000,0.12403,0.12442,0.12386,0.12429,6699356.003974
1769122800000,0.12428,0.12451,0.12376,0.12439,3307523.273886
1769126400000,0.12439,0.1246,0.12405,0.1244,6149897.332337
1769130000000,0.1244,0.12542,0.1244,0.12531,36246438.649254
1769133600000,0.12532,0.1254,0.12475,0.12478,10218225.135443
1769137200000,0.12478,0.12574,0.12473,0.12552,8756362.103996
1769140800000,0.12551,0.126,0.12538,0.1258,8084211.022788
1769144400000,0.12579,0.1258,0.12515,0.12536,4023727.489259
1769148000000,0.12539,0.12593,0.1249,0.12503,17364509.905214
1769151600000,0.12503,0.12536,0.12497,0.12508,4001602.013903
1769155200000,0.12509,0.12532,0.12418,0.12447,7360413.489637
1769158800000,0.12446,0.12506,0.12437,0.12482,8107898.668062
1769162400000,0.12482,0.1253,0.12471,0.12498,3603349.609848
1769166000000,0.12499,0.12543,0.12494,0.12518,3769961.882947
1769169600000,0.12517,0.12533,0.12494,0.12515,3093404.051434
1769173200000,0.12515,0.12519,0.12446,0.12452,3684151.042294
1769176800000,0.12454,0.12458,0.12205,0.12304,36663068.846732
1769180400000,0.12304,0.12491,0.1225,0.12471,19813458.007248
1769184000000,0.12472,0.12638,0.12433,0.12575,20979577.948155
1769187600000,0.12576,0.12786,0.12508,0.12634,23540419.42968
1769191200000,0.12635,0.12709,0.12602,0.12645,11485308.39759
1769194800000,0.12646,0.12646,0.12434,0.12474,17931660.743256
1769198400000,0.12475,0.12505,0.12323,0.12381,9233648.999775
1769202000000,0.12379,0.12458,0.12369,0.12417,5210072.544586
1769205600000,0.12416,0.12517,0.12414,0.12511,4237798.945449
1769209200000,0.1251,0.1251,0.12438,0.12477,5142476.544355
1769212800000,0.12478,0.12489,0.12437,0.12437,2332129.063104
1769216400000,0.12437,0.12453,0.12411,0.12433,1493571.903328
1769220000000,0.12434,0.12452,0.12424,0.12434,3432852.419438
1769223600000,0.12435,0.12485,0.12424,0.12443,5293365.490716
1769227200000,0.12443,0.12484,0.12439,0.12455,4802142.383289
1769230800000,0.12457,0.12459,0.12433,0.1245,3405341.374099
1769234400000,0.12451,0.12459,0.12433,0.12445,2079009.553188
1769238000000,0.12446,0.12447,0.124,0.12418,5259355.246823
1769241600000,0.12421,0.12471,0.1241,0.12468,4648104.544789
1769245200000,0.12468,0.1247,0.12446,0.12452,1341593.285036
1769248800000,0.12453,0.12481,0.12437,0.12477,2178763.65017
1769252400000,0.12477,0.12492,0.1246,0.12463,3803295.488121
1769256000000,0.12464,0.12476,0.12442,0.12458,2373285.481634
1769259600000,0.12458,0.12459,0.12405,0.12405,2559318.062868
1769263200000,0.12405,0.12429,0.12393,0.12411,6776676.30652
1769266800000,0.12411,0.12429,0.12353,0.12371,3494218.962319
1769270400000,0.12371,0.12406,0.12291,0.12391,34917497.786082
1769274000000,0.12391,0.12416,0.12371,0.12415,7460470.687531
1769277600000,0.12417,0.12421,0.124,0.12406,1108934.938203
1769281200000,0.12407,0.12424,0.12389,0.12415,1345666.409082
1769284800000,0.12415,0.12452,0.12412,0.12421,1585075.126474
1769288400000,0.12421,0.12433,0.12401,0.12431,3306191.363772
1769292000000,0.12432,0.12473,0.1243,0.1246,2673524.01509
1769295600000,0.12461,0.12469,0.12418,0.12422,2198224.146694
1769299200000,0.12422,0.12435,0.12386,0.12421,10902856.808507
1769302800000,0.12421,0.12427,0.12361,0.12373,6748757.655326
1769306400000,0.12371,0.12397,0.12367,0.12388,2548209.241327
1769310000000,0.12388,0.12393,0.12301,0.12331,5896819.035114
1769313600000,0.12332,0.1236,0.12319,0.12336,3376622.774627
1769317200000,0.12333,0.12351,0.12323,0.12346,2179860.167494
1769320800000,0.12347,0.12347,0.12294,0.12318,4662978.903811
1769324400000,0.12318,0.12318,0.12262,0.123,3779792.458199
1769328000000,0.12301,0.12309,0.12236,0.1227,10409094.896756
1769331600000,0.12269,0.12342,0.12256,0.1232,5351411.079318
1769335200000,0.12321,0.12369,0.12302,0.12347,5733624.231341
1769338800000,0.12347,0.12357,0.12316,0.12336,5803024.352957
1769342400000,0.12335,0.12335,0.12286,0.12327,3112117.998526
1769346000000,0.12328,0.1234,0.12292,0.12326,2726881.959599
1769349600000,0.12327,0.12335,0.12175,0.12218,13355757.152684
1769353200000,0.12217,0.12272,0.12201,0.12229,8048740.278748
1769356800000,0.1223,0.1223,0.11974,0.12092,68573831.942929
1769360400000,0.12093,0.12126,0.12037,0.1208,13489590.239375
1769364000000,0.12079,0.12096,0.11932,0.1202,33272865.195462
1769367600000,0.12021,0.12042,0.1176,0.11879,55393046.763322
1769371200000,0.11878,0.11941,0.11785,0.1184,25197790.553755
1769374800000,0.11841,0.11968,0.11837,0.11962,16115132.231842
1769378400000,0.11964,0.11964,0.11858,0.11911,14134555.103046
1769382000000,0.11915,0.11962,0.11851,0.11945,15699784.347205
1769385600000,0.11946,0.1208,0.11924,0.1207,16858474.583725
1769389200000,0.12073,0.12282,0.1207,0.12254,46172844.419405
1769392800000,0.12255,0.12262,0.12164,0.12184,14300925.647803
1769396400000,0.12185,0.12224,0.12103,0.12131,14391784.181952
1769400000000,0.12132,0.12298,0.12132,0.12207,14989177.911451
1769403600000,0.12208,0.12213,0.12151,0.12163,11472087.192305
1769407200000,0.12163,0.12183,0.12129,0.1217,9963882.560747
1769410800000,0.12168,0.12205,0.12147,0.12174,14870311.973649
1769414400000,0.12175,0.12261,0.12137,0.12178,14636687.083149
1769418000000,0.12179,0.12185,0.12067,0.12077,12732741.309615
1769421600000,0.12076,0.1214,0.12074,0.12123,6255662.686089
1769425200000,0.12123,0.12157,0.12064,0.12104,19171650.561181
1769428800000,0.12107,0.12156,0.12107,0.12136,8812820.499084
1769432400000,0.12136,0.12194,0.12125,0.12173,7217494.637451
1769436000000,0.12173,0.12331,0.12114,0.12279,66625183.881761
1769439600000,0.12278,0.12382,0.12173,0.12227,30139641.352438
1769443200000,0.12228,0.12331,0.12218,0.12268,20405132.978845
1769446800000,0.1227,0.12307,0.1215,0.12233,21577056.230227
1769450400000,0.12233,0.12351,0.12218,0.12295,16803332.204463
1769454000000,0.12296,0.12328,0.12222,0.1224,6320151.765337
1769457600000,0.12241,0.12247,0.12157,0.12175,7620964.158511
1769461200000,0.12175,0.12312,0.12156,0.12253,10840359.349558
1769464800000,0.12252,0.12299,0.12243,0.12253,8494022.921234
1769468400000,0.12253,0.12285,0.12221,0.12238,4957944.41711
1769472000000,0.12238,0.12249,0.12204,0.12227,4510715.967737
1769475600000,0.12227,0.1229,0.12195,0.12258,8331832.214713
1769479200000,0.12259,0.12326,0.12259,0.12322,6054697.808558
1769482800000,0.12321,0.12334,0.12274,0.12286,4135209.643295
1769486400000,0.12287,0.1235,0.12254,0.12284,5355392.461073
1769490000000,0.12285,0.12291,0.12246,0.12264,11305396.054049
1769493600000,0.12264,0.12269,0.12201,0.12218,9609603.052032
1769497200000,0.12219,0.12248,0.12208,0.12219,6062211.919017
1769500800000,0.12219,0.12253,0.12208,0.12224,12388728.623463
1769504400000,0.12224,0.12231,0.12184,0.12202,7489643.04718
1769508000000,0.12202,0.12214,0.12175,0.1219,4915169.452569
1769511600000,0.12191,0.1227,0.12168,0.12238,8474480.801561
1769515200000,0.12239,0.12284,0.12201,0.1221,7602928.735143
1769518800000,0.1221,0.12227,0.12133,0.12162,5699811.418279
1769522400000,0.12163,0.1228,0.12158,0.1219,17221651.116825
1769526000000,0.1219,0.123,0.12176,0.12295,14341595.590769
1769529600000,0.12297,0.12565,0.12295,0.12499,59029077.585179
1769533200000,0.12498,0.125,0.12181,0.12221,34706767.907316
1769536800000,0.12222,0.1247,0.12201,0.12427,14579665.003329
1769540400000,0.12428,0.12461,0.12381,0.12435,15444089.20863
1769544000000,0.12435,0.12604,0.12433,0.12588,28514726.539657
1769547600000,0.12587,0.12615,0.12512,0.12529,8103017.283829
1769551200000,0.12531,0.12666,0.12531,0.12616,17204028.700567
1769554800000,0.12618,0.12658,0.12595,0.1262,8086917.448549
1769558400000,0.12621,0.12641,0.12546,0.12587,10060358.141231
1769562000000,0.12588,0.12593,0.12501,0.12522,11201788.303747
1769565600000,0.12522,0.12522,0.12462,0.12496,13267705.120817
1769569200000,0.12497,0.12507,0.12424,0.12455,13208980.749038
1769572800000,0.12456,0.12464,0.1239,0.12443,19439975.76119
1769576400000,0.12444,0.12539,0.12433,0.12525,12782829.034589
1769580000000,0.12526,0.12603,0.12497,0.12595,17128508.797872
1769583600000,0.12594,0.12603,0.12533,0.12553,8162183.418288
1769587200000,0.12554,0.126,0.12545,0.12563,9120352.589617
1769590800000,0.12563,0.12735,0.12548,0.12715,31403872.919914
1769594400000,0.12715,0.1277,0.12632,0.12651,33062772.394205
1769598000000,0.12652,0.12726,0.12611,0.12717,14881833.849582
1769601600000,0.12715,0.12718,0.12601,0.12638,17698908.058983
1769605200000,0.12639,0.12672,0.12596,0.12607,11646270.333878
1769608800000,0.12608,0.12608,0.12492,0.12527,24657242.657855
1769612400000,0.12527,0.12558,0.12387,0.12464,20516268.0372
1769616000000,0.12464,0.12519,0.12417,0.12449,11113732.657423
1769619600000,0.1245,0.12583,0.1237,0.12525,11072135.381017
1769623200000,0.12526,0.12528,0.12427,0.12476,13540331.17579
1769626800000,0.12475,0.12565,0.12447,0.12527,14732596.242919
1769630400000,0.12527,0.1263,0.12486,0.12496,16180823.30142
1769634000000,0.12495,0.12573,0.12429,0.12551,8413337.352753
1769637600000,0.12552,0.12568,0.12475,0.12548,4470731.728181
1769641200000,0.12548,0.12567,0.12477,0.125,6361453.786322
1769644800000,0.12501,0.12526,0.12407,0.12456,12147808.38051
1769648400000,0.12459,0.12476,0.12319,0.1234,14796757.990574
1769652000000,0.1234,0.12381,0.12187,0.12229,39908810.951389
1769655600000,0.1223,0.12303,0.12193,0.12227,16795259.338648
1769659200000,0.12224,0.12228,0.12137,0.12197,18384645.747383
1769662800000,0.12197,0.12246,0.12176,0.12188,18714968.919501
1769666400000,0.12188,0.12212,0.12171,0.12208,8138921.025806
1769670000000,0.12209,0.12229,0.12191,0.12201,3580214.382164
1769673600000,0.12202,0.12239,0.12159,0.12179,15679634.226195
1769677200000,0.12179,0.12199,0.12155,0.12155,10546634.225688
1769680800000,0.12156,0.12168,0.12064,0.12112,24267373.406248
1769684400000,0.12112,0.12142,0.12083,0.12117,13383144.691032
1769688000000,0.12117,0.12118,0.12038,0.1208,9042465.626181
1769691600000,0.1208,0.12112,0.12078,0.12102,5843759.899065
1769695200000,0.12105,0.12113,0.11867,0.11875,43461479.723177
1769698800000,0.11877,0.11878,0.11532,0.11624,207499022.597857
1769702400000,0.11622,0.11716,0.11531,0.11712,59433930.159657
1769706000000,0.11711,0.11879,0.11661,0.11668,49879303.090866
1769709600000,0.11667,0.11691,0.11441,0.1147,93312712.050304
1769713200000,0.11469,0.11606,0.11456,0.11558,45376627.813216
1769716800000,0.11557,0.11645,0.11535,0.11622,14772691.327747
1769720400000,0.11623,0.11706,0.11623,0.11683,16440808.838709
1769724000000,0.11684,0.1172,0.11669,0.11706,13413298.173288
1769727600000,0.11707,0.11742,0.11657,0.11729,11952186.149509
1769731200000,0.1173,0.11771,0.11696,0.11707,13033093.300724
1769734800000,0.11707,0.11731,0.11208,0.11543,178197187.798588
1769738400000,0.11544,0.11547,0.11308,0.11439,43205440.199159
1769742000000,0.11439,0.11503,0.11402,0.11425,23299520.105221
1769745600000,0.11426,0.11556,0.11426,0.11489,18721970.35698
1769749200000,0.11491,0.11525,0.11464,0.11483,8976208.084411
1769752800000,0.11483,0.11487,0.11223,0.11298,32967353.681276
1769756400000,0.11299,0.11495,0.11298,0.11455,18588628.48435
1769760000000,0.11456,0.11481,0.11355,0.11407,10552571.890312
1769763600000,0.11408,0.11432,0.11305,0.11353,14663377.046788
1769767200000,0.11351,0.11399,0.11317,0.11395,8932925.206186
1769770800000,0.11396,0.11592,0.11386,0.11556,12610016.902312
1769774400000,0.11555,0.1158,0.1147,0.11501,23862198.653454
1769778000000,0.11497,0.11525,0.1138,0.1146,23624287.152682
1769781600000,0.1146,0.11646,0.1146,0.11575,30725158.82508
1769785200000,0.11576,0.11661,0.11417,0.11607,35770975.272453
1769788800000,0.11607,0.11715,0.11545,0.11626,27518978.203465
1769792400000,0.11625,0.11721,0.11556,0.11632,19375682.633487
1769796000000,0.11632,0.11826,0.11355,0.11771,50862345.711785
1769799600000,0.11772,0.11872,0.11751,0.11775,22722603.688426
1769803200000,0.11775,0.11777,0.11548,0.11582,32188325.97499
1769806800000,0.11583,0.11695,0.11577,0.11646,18873064.030228
1769810400000,0.11647,0.11672,0.11558,0.11618,9274501.000701
1769814000000,0.11617,0.11625,0.11536,0.11583,10970575.054922
1769817600000,0.11584,0.11592,0.11524,0.11544,5177132.398126
1769821200000,0.11546,0.11593,0.11531,0.11565,7271227.753744
1769824800000,0.11567,0.11567,0.11484,0.11536,6816976.383926
1769828400000,0.11537,0.11555,0.11505,0.11519,3046826.821177
1769832000000,0.11519,0.11549,0.11469,0.11482,5864168.791741
1769835600000,0.11484,0.11484,0.1144,0.11471,13439287.748989
1769839200000,0.11473,0.11476,0.11332,0.11392,20622824.217932
1769842800000,0.11393,0.11406,0.11213,0.11282,22478645.345322
1769846400000,0.11284,0.11308,0.11027,0.11164,80684388.054643
1769850000000,0.11165,0.11264,0.11145,0.11207,23455261.625598
1769853600000,0.11209,0.11255,0.1116,0.112,12856617.143509
1769857200000,0.11201,0.11214,0.11146,0.11187,9044080.457713
1769860800000,0.11188,0.11188,0.11112,0.11135,15345153.05377
1769864400000,0.11135,0.11143,0.11024,0.11087,25234439.807219
1769868000000,0.11088,0.11125,0.105,0.10699,253579771.476699
1769871600000,0.10698,0.1082,0.10661,0.1068,58983874.347503
1769875200000,0.10681,0.1081,0.10471,0.10531,109834359.393568
1769878800000,0.1053,0.10556,0.09876,0.10211,326156741.703465
1769882400000,0.10212,0.10264,0.095,0.10153,297502399.608114
1769886000000,0.10155,0.10294,0.10131,0.10185,85388065.843105
1769889600000,0.10186,0.10276,0.10057,0.1018,36656340.746137
1769893200000,0.10175,0.103,0.10097,0.10272,41848005.16
1769896800000,0.10275,0.10289,0.10177,0.10246,20273275.379515
1769900400000,0.10243,0.10478,0.10241,0.10424,39122418.809304
1769904000000,0.10424,0.10526,0.10407,0.1049,32237019.085378
1769907600000,0.10491,0.10501,0.10362,0.10488,26220704.347389
1769911200000,0.10491,0.1056,0.10471,0.10514,13360784.37099
1769914800000,0.10514,0.10534,0.10462,0.10495,8766951.849442
1769918400000,0.10496,0.10558,0.1049,0.10512,21042266.241439
1769922000000,0.10512,0.10543,0.10457,0.10473,14757785.94828
1769925600000,0.10473,0.10563,0.10466,0.10499,14327888.963461
1769929200000,0.10499,0.10643,0.10446,0.10582,27702744.097577
1769932800000,0.10581,0.10655,0.10531,0.10598,16939588.334472
1769936400000,0.10598,0.10658,0.10544,0.1064,13816606.640242
1769940000000,0.10641,0.10644,0.10452,0.10466,24167546.441581
1769943600000,0.10466,0.10613,0.10466,0.10589,14285226.689609
1769947200000,0.10589,0.10629,0.10522,0.10579,14205288.394425
1769950800000,0.10578,0.10684,0.1053,0.10567,16374988.140768
1769954400000,0.10566,0.10636,0.10393,0.1053,82646153.38331
1769958000000,0.10533,0.10542,0.10257,0.10408,72031232.128073
1769961600000,0.1041,0.10521,0.10309,0.10399,44585120.576073
1769965200000,0.10399,0.10424,0.10301,0.10419,19177942.735387
1769968800000,0.10421,0.10634,0.1042,0.10551,38456580.088783
1769972400000,0.1055,0.10578,0.1036,0.10419,18543239.494823
1769976000000,0.10418,0.10582,0.10313,0.10462,23416078.04263
1769979600000,0.10462,0.1047,0.10323,0.10377,25812122.438183
1769983200000,0.1038,0.10578,0.10364,0.1047,26414248.985758
1769986800000,0.10469,0.10577,0.10101,0.10426,78852496.580868
1769990400000,0.10428,0.10613,0.10326,0.10514,33257704.038916
1769994000000,0.10515,0.1063,0.10336,0.10511,43557632.798093
1769997600000,0.10511,0.10553,0.10362,0.10386,25292539.313032
1770001200000,0.10388,0.10403,0.09984,0.1034,130531474.345162
1770004800000,0.10341,0.10518,0.10187,0.10345,49303618.98187
1770008400000,0.10345,0.10349,0.09995,0.10087,58363425.463498
1770012000000,0.10086,0.1044,0.09955,0.10304,109922356.41479
1770015600000,0.10307,0.10419,0.10269,0.10309,44026351.522869
1770019200000,0.10311,0.10446,0.1031,0.1039,25948305.319369
1770022800000,0.1039,0.1052,0.10315,0.10456,46674443.926792
1770026400000,0.10457,0.10544,0.10442,0.10488,34222771.812798
1770030000000,0.10488,0.10549,0.10477,0.1049,24377763.973121
1770033600000,0.10492,0.1065,0.10492,0.10611,24428446.209164
1770037200000,0.1061,0.10688,0.10581,0.1066,23481784.471746
1770040800000,0.10659,0.10849,0.10565,0.10749,76181916.17554
1770044400000,0.10747,0.11056,0.10723,0.10953,85796334.43952
1770048000000,0.10954,0.11003,0.10842,0.10859,32466627.974445
1770051600000,0.10861,0.10922,0.10803,0.10853,19377580.723274
1770055200000,0.10853,0.10893,0.10781,0.10832,21887820.24091
1770058800000,0.10832,0.10857,0.10737,0.10738,14699791.887093
1770062400000,0.10737,0.10789,0.10701,0.10747,19070943.543986
1770066000000,0.10748,0.10841,0.10744,0.10821,10321830.362909
1770069600000,0.10821,0.1087,0.10821,0.10861,7519316.923642
1770073200000,0.10862,0.10866,0.10778,0.10792,7994852.620789
1770076800000,0.10792,0.10827,0.10741,0.10821,13432824.757422
1770080400000,0.10821,0.10821,0.10734,0.10786,6975164.173316
1770084000000,0.10786,0.10788,0.10595,0.10603,22321831.905599
1770087600000,0.10604,0.10766,0.10561,0.10743,32100203.295856
1770091200000,0.10744,0.10827,0.10693,0.10785,19774567.567074
1770094800000,0.10787,0.1079,0.10665,0.10671,10047786.710895
1770098400000,0.10671,0.10703,0.10609,0.10695,13187222.179755
1770102000000,0.10695,0.10904,0.10659,0.10827,27419161.573772
1770105600000,0.10828,0.10902,0.1078,0.10794,23185554.613594
1770109200000,0.10795,0.1083,0.10643,0.1071,31618878.319493
1770112800000,0.1071,0.10763,0.10661,0.10685,9521456.150084
1770116400000,0.10687,0.10713,0.10656,0.10666,8940007.330399
1770120000000,0.10667,0.10832,0.10628,0.10785,18664057.754298
1770123600000,0.10784,0.10848,0.10744,0.10835,8416385.675589
1770127200000,0.10835,0.10857,0.1057,0.10584,55935550.68581
1770130800000,0.10582,0.11055,0.10548,0.11018,90393865.706357
1770134400000,0.11018,0.11021,0.10603,0.10647,66543800.328076
1770138000000,0.10647,0.10672,0.10412,0.10423,48128198.884697
1770141600000,0.10426,0.10513,0.10231,0.10251,68703570.509092
1770145200000,0.1025,0.10697,0.10229,0.10642,60446953.510291
1770148800000,0.10641,0.11051,0.10524,0.10924,78570726.622168
1770152400000,0.10928,0.10973,0.10743,0.1077,28718290.963659
1770156000000,0.10771,0.10776,0.10588,0.10631,16767185.716153
1770159600000,0.1063,0.1064,0.10543,0.10602,17216747.682124
1770163200000,0.10602,0.10696,0.10553,0.10651,11133504.798314
1770166800000,0.10652,0.10815,0.10652,0.10783,16875303.532092
1770170400000,0.10783,0.10787,0.1067,0.10717,12593727.844604
1770174000000,0.10717,0.10946,0.10705,0.10891,23667226.097399
1770177600000,0.10891,0.10915,0.10831,0.10839,10686327.946631
1770181200000,0.1084,0.10862,0.10734,0.10772,15198353.51629
1770184800000,0.10771,0.10883,0.10758,0.10849,14414908.930188
1770188400000,0.10849,0.10891,0.10793,0.10848,11499829.254286
1770192000000,0.10848,0.10874,0.10781,0.10854,7864231.247268
1770195600000,0.10853,0.10855,0.10751,0.10785,15032363.022918
1770199200000,0.10785,0.10816,0.10757,0.10775,11150346.638858
1770202800000,0.10777,0.10779,0.10636,0.10731,26393932.504842
1770206400000,0.10732,0.10779,0.10717,0.10739,9834818.71956
1770210000000,0.10738,0.10754,0.10572,0.10577,23955559.059019
1770213600000,0.10576,0.10659,0.10393,0.10418,53098321.395545
1770217200000,0.10417,0.10531,0.10275,0.10345,67928767.575796
1770220800000,0.10344,0.10429,0.102,0.10322,64933346.606868
1770224400000,0.10322,0.10387,0.10144,0.10291,44947283.508367
1770228000000,0.10292,0.10484,0.10153,0.10364,60255331.69034
1770231600000,0.10365,0.10558,0.10343,0.10538,34237661.738594
1770235200000,0.10537,0.10549,0.1044,0.10452,12957006.541934
1770238800000,0.10453,0.10484,0.10233,0.1031,30760210.241447
1770242400000,0.1031,0.1048,0.10122,0.10287,49380170.83847
1770246000000,0.10282,0.1047,0.10253,0.10384,32100833.246916
1770249600000,0.10384,0.10409,0.10315,0.10361,7370940.336152
1770253200000,0.10359,0.10478,0.10261,0.10362,32188596.788337
1770256800000,0.10362,0.10438,0.10228,0.10251,70016176.93769
1770260400000,0.1025,0.10367,0.10222,0.10265,30075176.516541
1770264000000,0.10261,0.10321,0.10162,0.10225,44045398.89713
1770267600000,0.10226,0.10362,0.10083,0.10235,89528101.480528
1770271200000,0.10235,0.10253,0.10067,0.10116,48564157.607497
1770274800000,0.10115,0.10284,0.10096,0.10117,48422876.122578
1770278400000,0.10117,0.10279,0.1011,0.10182,24172592.839522
1770282000000,0.10183,0.10296,0.10153,0.10169,26196210.322996
1770285600000,0.10172,0.10174,0.09914,0.09952,48123370.564355
1770289200000,0.09952,0.09983,0.09737,0.09877,75914631.654822
1770292800000,0.09877,0.09919,0.09767,0.09852,73583143.921033
1770296400000,0.09851,0.09936,0.09794,0.09831,50850353.816742
1770300000000,0.0983,0.10052,0.09825,0.0985,70367695.718787
1770303600000,0.09849,0.0988,0.09262,0.09421,385998720.947051
1770307200000,0.09419,0.09546,0.09301,0.09422,146433746.762358
1770310800000,0.09426,0.09463,0.09096,0.09195,144192469.5168
1770314400000,0.09195,0.0928,0.09047,0.09252,91056881.671699
1770318000000,0.09251,0.09284,0.09075,0.09118,52851341.3646
1770321600000,0.09119,0.09185,0.08727,0.08908,261237384.874287
1770325200000,0.08908,0.09128,0.08752,0.08841,152906726.575604
1770328800000,0.08839,0.0907,0.08674,0.08963,116901517.356614
1770332400000,0.08964,0.09131,0.08808,0.08849,84127880.891064
1770336000000,0.08848,0.08885,0.08,0.08761,746881776.767604
1770339600000,0.08763,0.09104,0.08725,0.09079,122737814.362433
1770343200000,0.0908,0.09139,0.08879,0.08939,110242679.230254
1770346800000,0.08939,0.09026,0.08915,0.08987,64042849.380383
1770350400000,0.08988,0.09148,0.08951,0.09088,40456324.325467
1770354000000,0.09087,0.09352,0.09075,0.09312,69434419.689816
1770357600000,0.09312,0.09346,0.09125,0.09145,77944736.733644
1770361200000,0.09145,0.09165,0.09043,0.09071,60790187.033286
1770364800000,0.09071,0.09133,0.09016,0.09084,59612776.523074
1770368400000,0.09083,0.09298,0.09058,0.09262,54846442.811634
1770372000000,0.09264,0.09385,0.09215,0.09367,38892120.319686
1770375600000,0.09367,0.0943,0.09318,0.09373,39054338.336915
1770379200000,0.09368,0.09368,0.09304,0.09346,21439185.735897
1770382800000,0.09348,0.09547,0.09328,0.09484,66255221.342584
1770386400000,0.09484,0.09685,0.09377,0.09644,115039710.393743
1770390000000,0.09645,0.09693,0.09543,0.09643,73690492.511903
1770393600000,0.09643,0.10011,0.09605,0.09917,127130084.085568
1770397200000,0.09917,0.10211,0.09856,0.10021,108713061.722037
1770400800000,0.10021,0.10039,0.09824,0.09917,82948962.648372
1770404400000,0.09918,0.09965,0.09828,0.09877,44577803.908255
1770408000000,0.09877,0.0997,0.0981,0.09868,35406931.020307
1770411600000,0.09868,0.09924,0.0981,0.09877,21255271.28392
1770415200000,0.09878,0.0998,0.0987,0.09946,33323505.871802
1770418800000,0.09945,0.09977,0.09837,0.09847,30418452.68068
1770422400000,0.09847,0.0985,0.09742,0.09784,43664572.879456
1770426000000,0.09783,0.09872,0.09724,0.0985,27200733.580486
1770429600000,0.0985,0.09869,0.09769,0.09805,20590433.53145
1770433200000,0.09805,0.099,0.09797,0.09865,30616584.320545
1770436800000,0.09864,0.09925,0.09784,0.09812,49316958.85133
1770440400000,0.09812,0.09889,0.09806,0.09844,24679894.529509
1770444000000,0.09843,0.09885,0.09637,0.09652,47399670.613642
1770447600000,0.09653,0.0971,0.09473,0.09584,93737296.167642
1770451200000,0.09585,0.0963,0.09546,0.09588,23221135.410492
1770454800000,0.09589,0.09629,0.09512,0.0955,19255952.09144
1770458400000,0.09549,0.09568,0.09482,0.09559,18944253.294193
1770462000000,0.09559,0.09564,0.09521,0.09547,12949311.420294
1770465600000,0.09547,0.09772,0.09534,0.0969,55528305.128381
1770469200000,0.09692,0.09716,0.09584,0.09616,19231591.626531
1770472800000,0.09617,0.09652,0.0954,0.09568,18974877.34446
1770476400000,0.0957,0.09712,0.09552,0.09682,24606580.466148
1770480000000,0.09683,0.09881,0.09639,0.09776,454686985.830409
1770483600000,0.09776,0.09848,0.09699,0.09805,14943364.640189
1770487200000,0.09804,0.09947,0.09798,0.0988,23665123.161406
1770490800000,0.09881,0.09914,0.09828,0.0984,14476426.68136
1770494400000,0.0984,0.09892,0.09822,0.09871,9593334.842979
1770498000000,0.09873,0.09893,0.09823,0.09831,14797758.777676
1770501600000,0.09833,0.09883,0.09823,0.09835,11286755.887043
1770505200000,0.09836,0.09844,0.09767,0.09823,14270767.5987
1770508800000,0.09824,0.09839,0.0976,0.09788,8619782.783536
1770512400000,0.09788,0.0985,0.09787,0.09804,10143408.690684
1770516000000,0.09805,0.09849,0.09736,0.09767,16499961.472365
1770519600000,0.09766,0.09782,0.09689,0.09698,19754007.214253
1770523200000,0.09699,0.09724,0.09664,0.09723,17724834.146223
1770526800000,0.09721,0.09761,0.09686,0.09701,10941329.900759
1770530400000,0.09702,0.09719,0.09672,0.09685,11145264.356169
1770534000000,0.09686,0.09699,0.09633,0.09687,18556081.297494
1770537600000,0.09687,0.09881,0.09673,0.09862,28967976.774031
1770541200000,0.09863,0.09868,0.09735,0.09744,18708826.87609
1770544800000,0.09744,0.09793,0.09623,0.09668,22417385.162725
1770548400000,0.09667,0.09857,0.09656,0.09846,31701015.998633
1770552000000,0.09846,0.09849,0.09757,0.09839,17814458.732235
1770555600000,0.09838,0.09861,0.09776,0.09832,24268446.712919
1770559200000,0.09833,0.09851,0.09776,0.09826,15211281.064997
1770562800000,0.09825,0.09844,0.09687,0.09733,32757334.092354
1770566400000,0.09733,0.09783,0.0951,0.09555,54508966.142808
1770570000000,0.09554,0.09671,0.09551,0.09643,21077837.920394
1770573600000,0.09644,0.09796,0.09636,0.09737,22713742.444879
1770577200000,0.09737,0.0979,0.09714,0.09772,16131531.75179
1770580800000,0.09773,0.09774,0.09655,0.0967,15904446.324494
1770584400000,0.0967,0.09692,0.09591,0.09634,18743160.986177
1770588000000,0.09634,0.09713,0.09634,0.09701,14825038.400611
1770591600000,0.09701,0.09902,0.09595,0.09664,49121680.167893
1770595200000,0.09663,0.09704,0.09582,0.09649,26410447.880881
1770598800000,0.09648,0.09718,0.09558,0.09617,39552692.375803
1770602400000,0.09617,0.09748,0.09593,0.09666,30076172.16899
1770606000000,0.09666,0.09734,0.09642,0.09716,35074116.381477
1770609600000,0.09714,0.09715,0.09634,0.09654,22466070.846001
1770613200000,0.09652,0.09661,0.09595,0.09642,23988520.512961
1770616800000,0.0964,0.0964,0.0949,0.09544,36550699.215541
1770620400000,0.09544,0.09583,0.0951,0.09533,24704060.514259
1770624000000,0.09534,0.09539,0.09374,0.09432,37947679.594844
1770627600000,0.09432,0.09474,0.09378,0.09395,18441250.386482
1770631200000,0.09396,0.09422,0.09223,0.09287,63806187.409622
1770634800000,0.09286,0.09372,0.09286,0.09318,53849797.508112
1770638400000,0.09321,0.09446,0.09314,0.09416,15849248.890364
1770642000000,0.09417,0.09457,0.09374,0.09374,9201726.124397
1770645600000,0.09375,0.09517,0.09343,0.09494,26029672.196704
1770649200000,0.09494,0.0956,0.09407,0.0952,25141017.756916
1770652800000,0.09519,0.09641,0.09432,0.09555,20699870.272974
1770656400000,0.09554,0.0966,0.09473,0.09632,36932459.787408
1770660000000,0.09631,0.09679,0.09553,0.09609,18124937.020142
1770663600000,0.09609,0.09661,0.09583,0.09637,9496763.314929
1770667200000,0.09636,0.0968,0.0958,0.09647,13632327.035423
1770670800000,0.09646,0.09668,0.09529,0.09639,15559492.882669
1770674400000,0.0964,0.09667,0.09617,0.09646,8150126.044974
1770678000000,0.09645,0.09699,0.09599,0.09613,6075885.952418
1770681600000,0.09612,0.0964,0.09589,0.09598,6635444.569049
1770685200000,0.09599,0.09657,0.09593,0.09642,9669233.499574
1770688800000,0.09643,0.09646,0.09581,0.09606,6504962.357656
1770692400000,0.09607,0.09622,0.09424,0.09487,26594300.548473
1770696000000,0.09487,0.09566,0.09481,0.09542,8743529.138136
1770699600000,0.09544,0.09558,0.0945,0.09483,9748890.106104
1770703200000,0.09482,0.0949,0.09297,0.09336,35479140.190157
1770706800000,0.09336,0.09401,0.09328,0.09367,9754228.381073
1770710400000,0.09368,0.09405,0.09332,0.09384,9195693.21883
1770714000000,0.09383,0.09424,0.09332,0.09361,10070382.159311
1770717600000,0.09362,0.0937,0.09326,0.09328,7117642.008313
1770721200000,0.09328,0.09349,0.09275,0.09292,11496602.638407
1770724800000,0.09293,0.09321,0.09287,0.09306,6519732.728224
1770728400000,0.09305,0.09367,0.09272,0.09341,14398984.775238
1770732000000,0.0934,0.09376,0.09177,0.09251,48755287.066619
1770735600000,0.09252,0.09347,0.09218,0.093,21173963.375345
1770739200000,0.09303,0.09367,0.09249,0.09344,13930403.992133
1770742800000,0.09344,0.09417,0.09301,0.09401,9869549.536344
1770746400000,0.09402,0.09409,0.09217,0.09263,14597448.214896
1770750000000,0.09261,0.09338,0.09227,0.09307,8257674.938008
1770753600000,0.09306,0.09317,0.09257,0.09289,4719119.839436
1770757200000,0.09288,0.09311,0.0923,0.09266,7584802.514821
1770760800000,0.09267,0.09311,0.09257,0.09264,5121033.305771
1770764400000,0.09263,0.09295,0.09258,0.09277,4836493.623039
1770768000000,0.09277,0.09311,0.09266,0.09297,5261323.166376
1770771600000,0.09297,0.09313,0.09274,0.09298,3585786.721539
1770775200000,0.09299,0.0936,0.09299,0.09304,7841747.490184
1770778800000,0.09305,0.09345,0.09211,0.09301,14400295.25884
1770782400000,0.093,0.09323,0.09158,0.0919,28450981.905669
1770786000000,0.09191,0.09233,0.09152,0.09164,11024202.150666
1770789600000,0.09164,0.09165,0.09021,0.09042,34886649.42554
1770793200000,0.09043,0.091,0.09031,0.09057,10740772.483704
1770796800000,0.09057,0.09067,0.09013,0.09053,11747702.258446
1770800400000,0.09053,0.09054,0.08983,0.09011,16876250.68712
1770804000000,0.09009,0.09028,0.08939,0.08969,15579748.299143
1770807600000,0.08968,0.09033,0.08965,0.09024,13349487.855897
1770811200000,0.09023,0.0904,0.08987,0.09005,21406808.405337
1770814800000,0.09006,0.09069,0.08927,0.09014,48533695.803655
1770818400000,0.09015,0.09256,0.08889,0.08906,106017498.760764
1770822000000,0.08907,0.08952,0.08788,0.08901,64478795.380752
1770825600000,0.08901,0.09056,0.08881,0.08891,49615175.702858
1770829200000,0.08892,0.09092,0.08871,0.09012,32046936.624419
1770832800000,0.09015,0.0913,0.08973,0.09108,21844466.03608
1770836400000,0.09109,0.09141,0.09063,0.09106,11499236.690035
1770840000000,0.09103,0.0913,0.09031,0.09112,8730490.315467
1770843600000,0.09115,0.09225,0.09095,0.09198,22515179.909011
1770847200000,0.092,0.09201,0.09089,0.091,14965543.231666
1770850800000,0.09102,0.09131,0.09049,0.09111,17235551.499629
1770854400000,0.09112,0.0919,0.09112,0.09157,12267093.14798
1770858000000,0.09157,0.09203,0.09154,0.09155,10695603.006797
1770861600000,0.09154,0.09196,0.09136,0.09161,13112970.657869
1770865200000,0.09162,0.0923,0.09153,0.09217,13760768.219143
1770868800000,0.09217,0.09223,0.09168,0.09186,13973402.732346
1770872400000,0.09186,0.09215,0.09147,0.09201,18023375.724586
1770876000000,0.09201,0.09299,0.09198,0.09261,20339227.161828
1770879600000,0.09267,0.09304,0.09247,0.09295,10541633.882546
1770883200000,0.09296,0.09319,0.09242,0.0926,16862853.279579
1770886800000,0.09261,0.09368,0.09252,0.09345,16214062.047371
1770890400000,0.09346,0.09407,0.09318,0.09406,13429396.850771
1770894000000,0.09407,0.09426,0.09364,0.09389,12684770.906931
1770897600000,0.09388,0.09397,0.09333,0.09358,12271997.434949
1770901200000,0.09359,0.09435,0.09305,0.09426,31931847.811875
1770904800000,0.09426,0.09455,0.09371,0.09397,14053602.781666
1770908400000,0.09398,0.09455,0.09316,0.09325,28804300.236518
1770912000000,0.09324,0.09374,0.09102,0.0914,57083778.276475
1770915600000,0.0914,0.0922,0.09127,0.09143,16438148.086476
1770919200000,0.09144,0.09206,0.09085,0.09136,13513772.446576
1770922800000,0.09136,0.09233,0.09078,0.09169,17255918.96066
1770926400000,0.09169,0.09185,0.09071,0.09096,8572211.302965
1770930000000,0.09098,0.09172,0.09098,0.09159,6301738.280741
1770933600000,0.0916,0.09281,0.09138,0.09264,11857334.729281
1770937200000,0.09265,0.09346,0.09247,0.09299,18055636.262545
1770940800000,0.09299,0.09334,0.09215,0.09231,12776281.128496
1770944400000,0.09232,0.09287,0.09229,0.09249,5291445.851238
1770948000000,0.0925,0.09302,0.09232,0.09287,5584165.699799
1770951600000,0.09289,0.09336,0.09264,0.09292,9359923.007987
1770955200000,0.09295,0.09295,0.0924,0.09254,6568797.584841
1770958800000,0.09255,0.09271,0.09203,0.09205,4471798.418227
1770962400000,0.09205,0.09254,0.09179,0.09248,6779977.608278
1770966000000,0.0925,0.0935,0.09248,0.09304,12853363.208432
1770969600000,0.09304,0.09399,0.093,0.09387,8620716.998125
1770973200000,0.09388,0.0939,0.09335,0.09364,7874771.523002
1770976800000,0.09366,0.0941,0.09349,0.09389,8667914.212728
1770980400000,0.09392,0.09411,0.09364,0.09398,5980117.596872
1770984000000,0.09398,0.09399,0.09334,0.09344,5483099.329751
1770987600000,0.09345,0.09435,0.09321,0.09362,18582347.082387
1770991200000,0.09361,0.09447,0.09293,0.09396,35253036.554025
1770994800000,0.09397,0.09666,0.09383,0.09536,56373466.771883
1770998400000,0.09536,0.09692,0.09502,0.09641,45876357.471925
1771002000000,0.09642,0.09692,0.09594,0.0963,17495279.510081
1771005600000,0.0963,0.09674,0.09581,0.09655,10753960.670092
1771009200000,0.09656,0.09698,0.09632,0.09636,7005739.211664
1771012800000,0.09637,0.09694,0.09602,0.09686,17077457.741692
1771016400000,0.09684,0.09765,0.09683,0.09708,18515774.348838
1771020000000,0.09707,0.0974,0.09675,0.09709,7409513.778405
1771023600000,0.09708,0.0971,0.09644,0.09667,11802028.89698
1771027200000,0.09667,0.097,0.09643,0.09684,8288801.9028
1771030800000,0.09682,0.09709,0.09655,0.09668,9258311.369241
1771034400000,0.09668,0.09675,0.09631,0.09661,7075136.911348
1771038000000,0.09662,0.09703,0.09644,0.09686,5901027.234584
1771041600000,0.09685,0.09692,0.09658,0.0967,3645172.425926
1771045200000,0.0967,0.09706,0.09664,0.09674,3991920.192209
1771048800000,0.09674,0.09682,0.09642,0.09656,6593268.768324
1771052400000,0.09658,0.09672,0.09646,0.09656,4987046.109299
1771056000000,0.09656,0.09777,0.09653,0.09768,20721716.423759
1771059600000,0.09769,0.09835,0.09742,0.09822,18366754.01783
1771063200000,0.09824,0.09836,0.09766,0.09815,10868282.161797
1771066800000,0.09816,0.10095,0.09805,0.10063,47059923.944995
1771070400000,0.10063,0.10085,0.09954,0.09964,31146891.889272
1771074000000,0.09962,0.10025,0.0991,0.10009,22233852.39898
1771077600000,0.1001,0.10348,0.09993,0.10327,55425682.497041
1771081200000,0.10326,0.10426,0.1025,0.104,55386209.472553
1771084800000,0.104,0.10548,0.10247,0.10489,67383539.864033
1771088400000,0.10491,0.106,0.10484,0.10557,31943372.765164
1771092000000,0.10557,0.10742,0.10548,0.10723,49827264.755014
1771095600000,0.10726,0.10929,0.10681,0.10859,49025937.167589
1771099200000,0.10859,0.10942,0.10794,0.10928,35752747.093276
1771102800000,0.10928,0.11209,0.10923,0.11085,90098380.159705
1771106400000,0.11084,0.11362,0.11072,0.1124,61214325.89831
1771110000000,0.11239,0.11264,0.1098,0.11103,109279987.407889
1771113600000,0.11102,0.11205,0.11049,0.11183,52236979.238588
1771117200000,0.11182,0.11369,0.11132,0.11336,73130379.119029
1771120800000,0.11335,0.11459,0.11191,0.11344,66419114.327236
1771124400000,0.11343,0.11549,0.11268,0.11477,82803721.826373
1771128000000,0.11478,0.11758,0.114,0.11597,112072144.852368
1771131600000,0.11596,0.1169,0.11549,0.11594,51308963.904402
1771135200000,0.11593,0.11612,0.11418,0.11507,77730635.570229
1771138800000,0.11507,0.11665,0.11476,0.11608,33225566.260392
1771142400000,0.1161,0.11646,0.11305,0.11397,69866494.393556
1771146000000,0.11397,0.11534,0.1139,0.11451,31124193.624034
1771149600000,0.11452,0.11458,0.11222,0.11363,70614998.134991
1771153200000,0.11364,0.11398,0.11251,0.11273,37019031.596063
1771156800000,0.11273,0.11295,0.10863,0.10863,103878978.437632
1771160400000,0.10865,0.11008,0.10717,0.10758,79392757.624633
1771164000000,0.10757,0.10878,0.10692,0.10819,77057099.143758
1771167600000,0.10818,0.1092,0.10766,0.10778,31571489.914891
1771171200000,0.10776,0.10776,0.10638,0.10729,49036837.116981
1771174800000,0.1073,0.1075,0.10318,0.10503,75850413.386194
1771178400000,0.10503,0.10553,0.10375,0.1041,29612205.800082
1771182000000,0.10408,0.10425,0.1025,0.10273,35181835.695315
1771185600000,0.10274,0.10343,0.10217,0.10296,28258722.659308
1771189200000,0.10297,0.10341,0.1021,0.10249,33918136.275681
1771192800000,0.10249,0.10347,0.10239,0.10335,17975849.820314
1771196400000,0.10336,0.10336,0.10153,0.10268,21809911.702422
1771200000000,0.10267,0.10316,0.10202,0.10246,25700581.330054
1771203600000,0.10247,0.10297,0.10179,0.10239,28589076.752312
1771207200000,0.10239,0.10306,0.1018,0.10193,20698707.552698
1771210800000,0.10195,0.10234,0.1016,0.10218,10753109.041102
1771214400000,0.10218,0.10344,0.10214,0.10342,14375118.879239
1771218000000,0.10342,0.10358,0.10121,0.10186,33472973.835702
1771221600000,0.10187,0.10261,0.10158,0.10237,11930037.278257
1771225200000,0.10238,0.10246,0.10172,0.10203,12999377.53919
1771228800000,0.10204,0.10255,0.102,0.10236,8667878.358358
1771232400000,0.10236,0.10339,0.10227,0.10312,19613814.119234
1771236000000,0.10311,0.10311,0.10246,0.10275,8952612.443024
1771239600000,0.10276,0.10294,0.10071,0.10163,47506643.707521
1771243200000,0.10164,0.10296,0.10141,0.10271,44711326.523775
1771246800000,0.10271,0.10346,0.0997,0.10015,95878378.478259
1771250400000,0.10014,0.10116,0.09931,0.10055,48639295.378155
1771254000000,0.10057,0.10116,0.09851,0.09957,80609966.59738
1771257600000,0.09958,0.10128,0.09948,0.10112,26800372.678663
1771261200000,0.10111,0.10119,0.10019,0.10087,20010303.870314
1771264800000,0.10087,0.10124,0.1003,0.1005,16150935.804098
1771268400000,0.1005,0.10087,0.10016,0.10032,10227353.485306
1771272000000,0.10032,0.10117,0.0999,0.10098,19297284.98822
1771275600000,0.10097,0.10141,0.10054,0.10121,20411112.294446
1771279200000,0.1012,0.10124,0.10014,0.10062,17721142.625046
1771282800000,0.10061,0.10118,0.1004,0.10106,5957785.252891
1771286400000,0.10104,0.10107,0.10049,0.1006,4928504.20883
1771290000000,0.10063,0.10101,0.10014,0.10024,15581352.039194
1771293600000,0.10023,0.10136,0.09954,0.10116,25762636.884306
1771297200000,0.10117,0.10119,0.10049,0.10053,10132857.215805
1771300800000,0.10053,0.1008,0.09993,0.10023,10216205.466514
1771304400000,0.10023,0.10031,0.09909,0.09972,26468973.133769
1771308000000,0.09973,0.10031,0.09971,0.10009,6909684.522342
1771311600000,0.10008,0.10008,0.0996,0.09977,8634790.863264
1771315200000,0.09981,0.10008,0.0991,0.09916,12607298.948198
1771318800000,0.09916,0.09938,0.09874,0.09934,14976688.756384
1771322400000,0.09933,0.0995,0.09847,0.09879,16274576.194154
1771326000000,0.09881,0.09907,0.09846,0.09888,8335922.216722
1771329600000,0.09889,0.09996,0.09879,0.09963,12867403.681191
1771333200000,0.09966,0.1009,0.09941,0.10056,18245054.515795
1771336800000,0.10056,0.10105,0.0984,0.09905,49811961.892649
1771340400000,0.09907,0.10065,0.09902,0.10049,21913801.297073
1771344000000,0.1005,0.1036,0.1004,0.102,62434906.234664
1771347600000,0.10201,0.10216,0.09971,0.10028,30773557.881063
1771351200000,0.10029,0.1024,0.10021,0.10182,17529655.56758
1771354800000,0.10182,0.10215,0.10088,0.10109,11342684.193582
1771358400000,0.1011,0.10126,0.1003,0.10056,8129835.037965
1771362000000,0.10056,0.10144,0.10056,0.10108,5498266.140776
1771365600000,0.1011,0.10117,0.1005,0.10064,2298179.852701
1771369200000,0.10062,0.10086,0.10041,0.10065,3687592.49749
1771372800000,0.10067,0.10136,0.10047,0.10053,11323909.191597
1771376400000,0.10054,0.10084,0.09995,0.10018,9267187.600749
1771380000000,0.10018,0.10119,0.10014,0.10079,9484305.055049
1771383600000,0.1008,0.10148,0.10058,0.10124,7342244.803446
1771387200000,0.10124,0.10127,0.10053,0.10094,12202024.031404
1771390800000,0.101,0.1012,0.10066,0.10102,6389176.588327
1771394400000,0.10104,0.10144,0.101,0.10106,5859988.215708
1771398000000,0.10107,0.10176,0.1008,0.10143,8853711.337533
1771401600000,0.10144,0.10204,0.10109,0.10177,13100662.619682
1771405200000,0.10178,0.1018,0.10121,0.10123,5495536.564271
1771408800000,0.10125,0.10153,0.10023,0.10048,12889932.734403
1771412400000,0.10048,0.10066,0.09912,0.1001,22448400.804932
1771416000000,0.1001,0.10046,0.09967,0.10029,13095899.809129
1771419600000,0.10033,0.10043,0.09949,0.09988,11107161.405604
1771423200000,0.09987,0.10059,0.09943,0.10041,19490663.414029
1771426800000,0.10041,0.10235,0.10034,0.10109,31780407.377896
1771430400000,0.10109,0.10118,0.0997,0.10015,18525945.063456
1771434000000,0.10015,0.10084,0.09954,0.09964,8510262.168271
1771437600000,0.09966,0.09993,0.09854,0.09889,22775646.807953
1771441200000,0.09887,0.09949,0.09747,0.09855,25798893.820291
1771444800000,0.09857,0.09915,0.0984,0.09848,11972044.767815
1771448400000,0.09848,0.09901,0.09817,0.09843,10300828.937935
1771452000000,0.09847,0.09875,0.09793,0.09843,6750640.375688
1771455600000,0.09844,0.09862,0.09807,0.09857,4414999.891557
1771459200000,0.09857,0.09868,0.09813,0.09819,5797362.023654
1771462800000,0.09821,0.09901,0.09814,0.09885,9895813.246434
1771466400000,0.09885,0.09892,0.09789,0.09848,14513547.359063
1771470000000,0.09847,0.09874,0.09811,0.09865,4454536.319145
1771473600000,0.09865,0.09927,0.09863,0.09875,7506404.725531
1771477200000,0.09876,0.09891,0.0968,0.09751,44919594.019764
1771480800000,0.0975,0.09876,0.09745,0.09848,9243661.057722
1771484400000,0.0985,0.09878,0.09817,0.09835,12881638.604142
1771488000000,0.09833,0.09837,0.09716,0.09748,14192116.512846
1771491600000,0.09748,0.09806,0.09715,0.09749,13600070.495025
1771495200000,0.0975,0.09799,0.09721,0.09775,6932413.975812
1771498800000,0.09777,0.09806,0.09746,0.09771,9621630.28507
1771502400000,0.0977,0.09786,0.09745,0.09752,6461975.549792
1771506000000,0.09753,0.09762,0.09645,0.09699,22594043.782092
1771509600000,0.09699,0.09834,0.0966,0.09794,32501529.232844
1771513200000,0.09795,0.09829,0.09655,0.09687,20231708.866787
1771516800000,0.09685,0.09727,0.09557,0.0968,30961444.747541
1771520400000,0.09683,0.0982,0.09653,0.09683,14570452.005969
1771524000000,0.09681,0.09828,0.09675,0.09821,16007786.606931
1771527600000,0.09823,0.09847,0.09724,0.09807,9016896.985593
1771531200000,0.09809,0.09824,0.09735,0.09786,7033076.976056
1771534800000,0.09785,0.09817,0.09769,0.09774,1743140.348925
1771538400000,0.09776,0.09835,0.09757,0.09808,5112858.472731
1771542000000,0.09809,0.09839,0.09784,0.09835,2995844.00522
1771545600000,0.09836,0.09916,0.09817,0.09871,8249081.116698
1771549200000,0.09871,0.09918,0.09868,0.09882,5527314.207889
1771552800000,0.09886,0.09948,0.09879,0.09913,9148219.515625
1771556400000,0.09912,0.09935,0.09855,0.09872,7154839.745215
1771560000000,0.09875,0.09887,0.09821,0.09867,9740234.940832
1771563600000,0.09868,0.0998,0.09841,0.09902,22119682.828245
1771567200000,0.09902,0.09916,0.09861,0.09892,9930886.903056
1771570800000,0.09893,0.09893,0.09842,0.09859,5871867.716989
1771574400000,0.09858,0.099,0.09825,0.09857,13406144.235694
1771578000000,0.09855,0.09939,0.09847,0.0992,21212830.12544
1771581600000,0.09919,0.09945,0.09899,0.09917,10648251.784125
1771585200000,0.09917,0.09922,0.09827,0.09848,12816810.958187
1771588800000,0.09848,0.09888,0.09818,0.09839,16351986.348102
1771592400000,0.0984,0.0984,0.09567,0.09629,48713978.448715
1771596000000,0.09627,0.09849,0.09622,0.09786,31066307.195786
1771599600000,0.09788,0.10057,0.09788,0.10029,80640535.156087
1771603200000,0.10029,0.10242,0.10004,0.10116,75545557.158253
1771606800000,0.1012,0.1015,0.09869,0.10134,46431755.243021
1771610400000,0.10133,0.10198,0.10059,0.10148,27680707.485993
1771614000000,0.1015,0.10175,0.10004,0.10024,9695366.126443
1771617600000,0.10025,0.10118,0.10019,0.10071,7368400.736518
1771621200000,0.10071,0.10089,0.10026,0.1003,3163264.407679
1771624800000,0.10029,0.10054,0.09969,0.10036,7696130.002664
1771628400000,0.10037,0.1006,0.09998,0.10013,4274037.489208
1771632000000,0.10012,0.1003,0.09915,0.09937,16274421.683766
1771635600000,0.09938,0.10032,0.09938,0.10011,12381367.648735
1771639200000,0.10012,0.1003,0.09974,0.10011,4757423.566002
1771642800000,0.10015,0.10015,0.09954,0.09993,7505614.504803
1771646400000,0.09996,0.10008,0.09977,0.09986,3591365.908576
1771650000000,0.09988,0.10019,0.09987,0.09998,4350476.600174
1771653600000,0.09998,0.10008,0.09968,0.09992,6510575.18585
1771657200000,0.09993,0.10022,0.09981,0.10009,6272418.73703
1771660800000,0.1001,0.10044,0.09993,0.10039,9211085.153037
1771664400000,0.1004,0.10098,0.10012,0.10035,10351414.86166
1771668000000,0.10035,0.10053,0.10001,0.10015,4931466.278749
1771671600000,0.10016,0.10036,0.09983,0.10007,13402748.682918
1771675200000,0.10007,0.10024,0.09969,0.10017,11922552.570201
1771678800000,0.10018,0.10051,0.10002,0.10051,6856831.924872
1771682400000,0.1005,0.10081,0.10006,0.10049,21015428.969443
1771686000000,0.10049,0.10056,0.09996,0.10003,11999489.561308
1771689600000,0.10004,0.10007,0.09939,0.09965,12874078.717489
1771693200000,0.09964,0.09972,0.099,0.09942,17845322.327358
1771696800000,0.09945,0.09998,0.09943,0.09984,4211485.313451
1771700400000,0.09984,0.09988,0.09939,0.09947,3141026.844769
1771704000000,0.09948,0.09958,0.09878,0.09888,8513673.062318
1771707600000,0.09889,0.09938,0.09872,0.09938,3932287.637697
1771711200000,0.09938,0.09957,0.09903,0.09918,5886497.479884
1771714800000,0.09919,0.09926,0.09838,0.09844,11377872.736167
1771718400000,0.09842,0.09855,0.09763,0.09789,17156888.30507
1771722000000,0.09791,0.09827,0.09773,0.09816,9833469.378689
1771725600000,0.09815,0.09821,0.09713,0.09729,10719189.847776
1771729200000,0.09729,0.09757,0.09677,0.09744,9481149.19119
1771732800000,0.09744,0.09753,0.0972,0.09739,2523727.155843
1771736400000,0.0974,0.0974,0.09694,0.09706,9494151.990731
1771740000000,0.09706,0.09743,0.09693,0.09727,9173370.818287
1771743600000,0.09729,0.09748,0.09719,0.09732,3144678.936417
1771747200000,0.09732,0.09735,0.09709,0.09717,3215672.303836
1771750800000,0.09717,0.09741,0.09709,0.09731,5384862.843038
1771754400000,0.09731,0.0975,0.0972,0.09744,3057205.001696
1771758000000,0.09743,0.09768,0.09727,0.09739,8554270.861295
1771761600000,0.09738,0.0974,0.09634,0.09661,17001572.92588
1771765200000,0.09661,0.0969,0.09576,0.09612,31552297.516271
1771768800000,0.09614,0.09617,0.09513,0.09583,18492403.33918
1771772400000,0.09584,0.09611,0.09522,0.09577,14036186.949619
1771776000000,0.09579,0.09589,0.09541,0.09586,10625237.251249
1771779600000,0.09587,0.09587,0.09471,0.09494,33118710.987487
1771783200000,0.09494,0.09532,0.09468,0.09523,4871538.267675
1771786800000,0.09525,0.09529,0.09494,0.09507,6042916.036763
1771790400000,0.09508,0.09508,0.09455,0.09479,4478815.481073
1771794000000,0.09481,0.09549,0.09481,0.09541,6581167.313677
1771797600000,0.09542,0.09599,0.09521,0.09571,6329613.518149
1771801200000,0.09571,0.09583,0.09514,0.09558,5804689.534833
1771804800000,0.09559,0.09578,0.09441,0.09448,7874843.713158
1771808400000,0.09449,0.09453,0.09145,0.09211,131232058.056082
1771812000000,0.09211,0.09299,0.092,0.09264,30559595.657528
1771815600000,0.09265,0.09325,0.09265,0.09275,17652483.555703
1771819200000,0.09276,0.09291,0.09229,0.09248,10401434.093723
1771822800000,0.09249,0.09298,0.09231,0.09279,8854883.856485
1771826400000,0.09278,0.09466,0.09271,0.0946,20503862.727636
1771830000000,0.09461,0.09526,0.09451,0.0949,18615792.071982
1771833600000,0.09487,0.09509,0.09439,0.09478,10139793.821835
1771837200000,0.0948,0.09671,0.09467,0.09654,28857631.83744
1771840800000,0.09657,0.09701,0.09611,0.0963,22038983.786306
1771844400000,0.09632,0.09711,0.09632,0.09672,15947996.262207
1771848000000,0.09671,0.0976,0.09639,0.09716,25817757.180075
1771851600000,0.09717,0.09757,0.09673,0.09682,18403219.987189
1771855200000,0.09682,0.09705,0.09551,0.09616,40657038.425338
1771858800000,0.09618,0.09647,0.09491,0.09496,25877346.433004
1771862400000,0.09493,0.09541,0.09405,0.09453,28389921.128208
1771866000000,0.09454,0.09491,0.09281,0.09388,28236139.69237
1771869600000,0.09388,0.09444,0.09327,0.09343,26652866.942843
1771873200000,0.09344,0.09354,0.09253,0.09286,15484867.997202
1771876800000,0.09286,0.09341,0.09259,0.09326,8734972.605632
1771880400000,0.09324,0.09353,0.09294,0.09333,12952000.629346
1771884000000,0.09333,0.09357,0.09307,0.09308,9805481.198371
1771887600000,0.09307,0.09342,0.09244,0.09267,11859273.973384
1771891200000,0.09269,0.09339,0.09269,0.09323,7412097.966248
1771894800000,0.09323,0.09364,0.09098,0.09275,36032790.650436
1771898400000,0.09276,0.09326,0.09219,0.09263,8885253.831318
1771902000000,0.09262,0.09262,0.09179,0.0921,13039377.961093
1771905600000,0.09214,0.09217,0.09107,0.09145,25951639.089223
1771909200000,0.09145,0.09169,0.09061,0.09127,19609943.784225
1771912800000,0.09127,0.09143,0.09084,0.09101,8829913.574571
1771916400000,0.09102,0.09144,0.09084,0.09125,9376384.564583
1771920000000,0.09126,0.0917,0.09096,0.09157,15927750.960933
1771923600000,0.09157,0.09166,0.09075,0.09124,16638452.785577
1771927200000,0.09125,0.09162,0.09107,0.09145,5901235.937636
1771930800000,0.09146,0.09156,0.09089,0.0913,10951671.338852
1771934400000,0.09131,0.09149,0.09104,0.09115,8681830.027362
1771938000000,0.09118,0.09126,0.09015,0.09085,27683627.400377
1771941600000,0.09083,0.09208,0.08991,0.09136,45429860.060162
1771945200000,0.09137,0.09259,0.09116,0.09177,35363977.210208
1771948800000,0.09178,0.09272,0.09139,0.09208,22440208.21232
1771952400000,0.09209,0.09234,0.09144,0.09168,13817577.266038
1771956000000,0.09167,0.09225,0.09153,0.09208,11226936.587589
1771959600000,0.09208,0.09234,0.09171,0.09203,7866283.060198
1771963200000,0.09203,0.09239,0.09189,0.09221,4884507.531459
1771966800000,0.09221,0.09221,0.09157,0.09182,4588834.283786
1771970400000,0.09182,0.0923,0.09175,0.09202,3987875.414328
1771974000000,0.09203,0.09203,0.09133,0.09139,6757549.558057
1771977600000,0.09139,0.09147,0.09089,0.09119,9997108.232614
1771981200000,0.09118,0.09496,0.09114,0.09389,83095058.097913
1771984800000,0.09388,0.0947,0.09355,0.09358,46448771.26005
1771988400000,0.09358,0.09373,0.09265,0.09277,22461071.685454
1771992000000,0.09278,0.09296,0.09179,0.09264,24663657.738318
1771995600000,0.09265,0.09268,0.09139,0.09201,15177720.936291
1771999200000,0.09202,0.09252,0.09201,0.09232,9427209.376656
1772002800000,0.09232,0.09293,0.0923,0.09285,10650969.535366
1772006400000,0.09285,0.09356,0.09252,0.09349,24989079.877427
1772010000000,0.09348,0.09388,0.09322,0.09349,16364250.181472
1772013600000,0.09349,0.09392,0.0934,0.09367,14601437.479393
1772017200000,0.09368,0.09426,0.09341,0.0941,10043710.834237
1772020800000,0.09407,0.09613,0.09403,0.09575,35891268.497158
1772024400000,0.09576,0.09748,0.09566,0.09699,55549643.977341
1772028000000,0.097,0.10098,0.097,0.10084,93773085.896581
1772031600000,0.10083,0.10266,0.10027,0.10156,127421982.988027
1772035200000,0.10157,0.10288,0.1008,0.10268,81344264.749506
1772038800000,0.10269,0.10349,0.10248,0.10284,56655646.947832
1772042400000,0.10283,0.10398,0.10226,0.1036,27418329.745072
1772046000000,0.1036,0.10434,0.10324,0.10407,36021676.640523
1772049600000,0.10407,0.10461,0.10336,0.10404,32266329.764684
1772053200000,0.10406,0.10625,0.10387,0.10532,68895394.358032
1772056800000,0.10533,0.10588,0.10221,0.10294,47063562.250163
1772060400000,0.10293,0.10344,0.09947,0.10093,68886894.502738
1772064000000,0.10093,0.1016,0.09981,0.10046,30939399.609655
1772067600000,0.10047,0.1013,0.10033,0.10059,16982517.427607
1772071200000,0.10062,0.10159,0.09986,0.10138,28498198.472972
1772074800000,0.1014,0.10148,0.1007,0.10081,11042644.09945
1772078400000,0.10082,0.10169,0.10065,0.10117,22232471.182819
1772082000000,0.10118,0.10118,0.09967,0.10023,28115312.586702
1772085600000,0.10023,0.10054,0.09987,0.10002,7114386.68436
1772089200000,0.10002,0.10022,0.0993,0.09958,14200793.399222
1772092800000,0.09959,0.10034,0.09954,0.0996,13363835.636953
1772096400000,0.09957,0.10056,0.0995,0.10023,12848404.906166
1772100000000,0.10023,0.10023,0.09873,0.09895,21640361.162202
1772103600000,0.09894,0.09903,0.09826,0.0985,12703651.781245
1772107200000,0.09851,0.09947,0.09847,0.09939,12427043.491969
1772110800000,0.09939,0.09947,0.09885,0.09899,10044852.057266
1772114400000,0.099,0.09948,0.09805,0.09887,38735208.521949
1772118000000,0.09887,0.09907,0.09743,0.09858,89854492.575607
1772121600000,0.09858,0.09877,0.09561,0.09575,135135517.235772
1772125200000,0.09575,0.09679,0.09563,0.09582,19608267.236824
1772128800000,0.09581,0.09665,0.09539,0.09608,21771807.577781
1772132400000,0.0961,0.09757,0.09607,0.09735,37200490.191708
1772136000000,0.09735,0.09764,0.09666,0.09677,12458839.787177
1772139600000,0.09676,0.0969,0.09646,0.09672,5739208.059094
1772143200000,0.09672,0.09715,0.0965,0.09692,9309646.079594
1772146800000,0.09691,0.09718,0.0966,0.09698,6081288.398953
1772150400000,0.09699,0.09704,0.09623,0.09667,7740882.695376
1772154000000,0.09668,0.09717,0.09642,0.09713,16776447.179275
1772157600000,0.09714,0.09767,0.09708,0.09719,11507103.569542
1772161200000,0.0972,0.09766,0.09663,0.09754,14265453.803317
1772164800000,0.09756,0.09912,0.09749,0.09841,48435878.541904
1772168400000,0.09845,0.09903,0.09841,0.09855,9873301.812229
1772172000000,0.09854,0.09904,0.09802,0.09887,9152865.209106
1772175600000,0.09887,0.09898,0.09775,0.09843,10085654.624404
1772179200000,0.09843,0.09864,0.09801,0.09827,10664983.7301
1772182800000,0.09828,0.09857,0.09701,0.0974,15152056.332907
1772186400000,0.09738,0.09749,0.09593,0.09604,30984962.178067
1772190000000,0.09605,0.09648,0.0947,0.09502,40567334.663167
1772193600000,0.09501,0.09538,0.09476,0.09519,19625222.238168
1772197200000,0.09519,0.09556,0.09381,0.09478,61589303.993106
1772200800000,0.09476,0.0949,0.09377,0.09395,24067421.032957
1772204400000,0.09393,0.09444,0.0936,0.09404,16972289.196615
1772208000000,0.09404,0.09429,0.09335,0.09366,29515063.84135
1772211600000,0.09366,0.09392,0.093,0.09373,17949422.219134
1772215200000,0.09374,0.09389,0.09327,0.09342,8941472.075569
1772218800000,0.09341,0.09344,0.09273,0.09302,10475129.073625
1772222400000,0.09303,0.09341,0.09297,0.09325,5760677.842851
1772226000000,0.09327,0.09348,0.0929,0.0931,6608487.99692
1772229600000,0.09311,0.09324,0.09193,0.09314,29395442.465245
1772233200000,0.09313,0.09344,0.09292,0.09339,10417174.584199
1772236800000,0.09338,0.09374,0.0933,0.0935,8277846.347237
1772240400000,0.09351,0.09371,0.09322,0.09333,8214985.16815
1772244000000,0.09332,0.09378,0.09326,0.09372,7904523.257003
1772247600000,0.09372,0.09372,0.09311,0.09324,6629880.035848
1772251200000,0.09325,0.09341,0.09274,0.0931,8740181.626301
1772254800000,0.09311,0.09318,0.09239,0.0926,21024759.311764
1772258400000,0.09259,0.09267,0.08825,0.08872,218808706.790001
1772262000000,0.08868,0.09047,0.08804,0.08936,92827425.666311
1772265600000,0.08934,0.08948,0.08844,0.08862,32583898.689563
1772269200000,0.0886,0.0892,0.08782,0.08842,43931192.492117
1772272800000,0.08841,0.08923,0.08774,0.08855,42385563.31951
1772276400000,0.08856,0.08923,0.08852,0.08874,35625149.183351
1772280000000,0.08875,0.08931,0.08857,0.08886,23969490.005847
1772283600000,0.08888,0.09209,0.08884,0.09148,101143349.901491
1772287200000,0.09149,0.09193,0.09003,0.09027,60107721.653473
1772290800000,0.09027,0.09106,0.08977,0.09078,28777731.291756
1772294400000,0.09081,0.09116,0.0904,0.09088,14928610.616339
1772298000000,0.0909,0.09128,0.09014,0.09112,20525563.663541
1772301600000,0.09111,0.09283,0.09078,0.09213,31884482.855403
1772305200000,0.09213,0.09344,0.0915,0.09285,45729267.808123
1772308800000,0.09285,0.09462,0.09262,0.0943,42849859.323578
1772312400000,0.09432,0.09442,0.0934,0.09385,31829011.41607
1772316000000,0.09385,0.095,0.09385,0.09394,41265285.806619
1772319600000,0.09392,0.0942,0.09378,0.09404,10283136.851267
1772323200000,0.09405,0.09425,0.09355,0.09392,13811961.318609
1772326800000,0.09392,0.09615,0.09308,0.09546,53637564.029135
1772330400000,0.09547,0.09787,0.09547,0.09703,89704055.032096
1772334000000,0.09703,0.09727,0.09586,0.09608,47120229.60406
1772337600000,0.09608,0.09655,0.09568,0.09623,26041140.970041
1772341200000,0.09624,0.0966,0.09585,0.09595,9120087.607648
1772344800000,0.09594,0.096,0.09443,0.09477,36881780.001202
1772348400000,0.09479,0.09502,0.09434,0.09484,13992540.872165
1772352000000,0.09487,0.09491,0.09327,0.09362,31838421.203094
1772355600000,0.09363,0.09444,0.09328,0.09347,15530879.908951
1772359200000,0.09348,0.09403,0.09318,0.09368,11324591.45601
1772362800000,0.09369,0.09381,0.0934,0.09353,17235802.674544
1772366400000,0.09353,0.09378,0.09289,0.09296,12183918.927522
1772370000000,0.09297,0.09499,0.09249,0.09434,44183110.112873
1772373600000,0.09433,0.09552,0.09368,0.09406,30102627.265668
1772377200000,0.09406,0.09463,0.0938,0.09385,12914772.722414
1772380800000,0.09388,0.09452,0.092,0.09289,46990108.443797
1772384400000,0.09288,0.09294,0.09173,0.0923,29412202.931395
1772388000000,0.09232,0.09359,0.09232,0.09278,24292614.728298
1772391600000,0.09278,0.0928,0.0914,0.0918,22765036.663738
1772395200000,0.09179,0.09191,0.09055,0.0909,36010512.79841
1772398800000,0.0909,0.0921,0.09085,0.09198,15865709.357239
1772402400000,0.09199,0.0935,0.0918,0.09188,39130409.811641
1772406000000,0.09188,0.09296,0.09168,0.0919,10097384.129285
1772409600000,0.0919,0.09343,0.09185,0.09304,14616698.250744
1772413200000,0.09305,0.09449,0.09294,0.09331,22723009.53952
1772416800000,0.09331,0.09366,0.09253,0.0927,38273696.789435
1772420400000,0.09271,0.09355,0.09238,0.09327,15017637.677536
1772424000000,0.09329,0.09354,0.09294,0.09319,10096340.093444
1772427600000,0.0932,0.09353,0.09274,0.09301,10672488.417814
1772431200000,0.09303,0.09303,0.09162,0.09203,21424542.391023
1772434800000,0.09202,0.09209,0.09116,0.09177,15752561.482059
1772438400000,0.09176,0.09242,0.0913,0.09231,17261260.264249
1772442000000,0.09233,0.09295,0.09206,0.09207,14089677.532852
1772445600000,0.09206,0.0923,0.09161,0.09189,19779365.015029
1772449200000,0.09189,0.09222,0.09144,0.09183,16158102.691222
1772452800000,0.09185,0.09205,0.09125,0.09141,11977003.396444
1772456400000,0.09143,0.09171,0.09088,0.09095,25485133.98532
1772460000000,0.09096,0.09388,0.0908,0.09358,57666392.40212
1772463600000,0.09357,0.09664,0.09334,0.09567,128838485.892161
1772467200000,0.09568,0.0977,0.09543,0.09623,102674074.213708
1772470800000,0.09623,0.09648,0.09434,0.09544,58726835.716536
1772474400000,0.09542,0.09606,0.09459,0.09549,21083265.738695
1772478000000,0.0955,0.09585,0.09488,0.09551,22901379.541926
1772481600000,0.09552,0.09598,0.09461,0.09462,14174891.309145
1772485200000,0.09463,0.09468,0.09393,0.09412,14865940.367843
1772488800000,0.09414,0.09503,0.09404,0.0948,23764840.760899
1772492400000,0.09482,0.09485,0.09331,0.09357,19960732.897214
1772496000000,0.09356,0.09376,0.09276,0.09352,22980786.631818
1772499600000,0.09351,0.09385,0.09283,0.0929,11139454.335666
1772503200000,0.09291,0.09295,0.09215,0.09261,25329536.516158
1772506800000,0.09262,0.09278,0.0921,0.09258,28852336.496627
1772510400000,0.09259,0.09265,0.09161,0.09176,24638918.573083
1772514000000,0.09175,0.09242,0.09125,0.0917,23823573.80846
1772517600000,0.09169,0.0918,0.09131,0.09169,17991359.062343
1772521200000,0.09169,0.09208,0.09114,0.09137,47545637.38063
1772524800000,0.09136,0.09159,0.08972,0.08997,73282438.145878
1772528400000,0.08998,0.09061,0.0895,0.08968,53281147.901532
1772532000000,0.08967,0.09011,0.08923,0.08988,38740788.189018
1772535600000,0.08988,0.09017,0.08964,0.09008,35938537.224598
1772539200000,0.09009,0.09111,0.08985,0.09043,27148693.831433
1772542800000,0.09045,0.09047,0.08964,0.08989,18443377.716745
1772546400000,0.08989,0.091,0.08864,0.08935,77066028.167486
1772550000000,0.08934,0.09068,0.08875,0.09022,44900930.96161
1772553600000,0.09022,0.09242,0.0898,0.09089,88957845.407733
1772557200000,0.09091,0.09101,0.08947,0.09013,23875261.287965
1772560800000,0.09015,0.09063,0.08932,0.08979,19210806.686446
1772564400000,0.08981,0.08995,0.0891,0.08941,31585814.533304
1772568000000,0.08942,0.08948,0.08886,0.08912,18825713.687181
1772571600000,0.08912,0.08946,0.08848,0.0894,18552585.219826
1772575200000,0.0894,0.09063,0.0894,0.09019,18422018.147005
1772578800000,0.09019,0.09087,0.0899,0.08998,14468383.939574
1772582400000,0.08999,0.09018,0.08928,0.08984,16435876.775651
1772586000000,0.08985,0.09065,0.08954,0.08989,20107447.795821
1772589600000,0.08988,0.09018,0.0895,0.08995,17585093.599399
1772593200000,0.08996,0.09015,0.08861,0.0894,31105188.977203
1772596800000,0.08939,0.08984,0.08896,0.0893,19117638.575188
1772600400000,0.08931,0.08967,0.08873,0.08927,13890534.637316
1772604000000,0.08927,0.08978,0.08876,0.08922,20401607.431118
1772607600000,0.08923,0.09056,0.08888,0.09013,28433046.457542
1772611200000,0.09015,0.09258,0.08972,0.09229,85437201.254076
1772614800000,0.09231,0.09344,0.09197,0.09255,131285402.955658
1772618400000,0.09256,0.09329,0.0925,0.09303,54730158.812335
1772622000000,0.09304,0.09312,0.09181,0.09228,29666701.367339
1772625600000,0.09229,0.09266,0.09149,0.09244,32234640.894509
1772629200000,0.09243,0.09416,0.09235,0.09408,41255132.572769
1772632800000,0.09406,0.09611,0.09382,0.09521,134980366.469357
1772636400000,0.09522,0.09919,0.0952,0.09903,181551891.36425
1772640000000,0.09904,0.1,0.09746,0.09961,163082970.379946
1772643600000,0.09962,0.10336,0.09951,0.1018,181120060.003525
1772647200000,0.10181,0.10245,0.10116,0.10215,72743504.913404
1772650800000,0.10216,0.1043,0.10189,0.10274,91524740.832633
1772654400000,0.10275,0.10352,0.10197,0.10221,44818016.271874
1772658000000,0.10222,0.10272,0.10167,0.10219,29732562.602286
1772661600000,0.10219,0.10305,0.09882,0.09919,63016082.785194
1772665200000,0.09919,0.09988,0.09873,0.09891,61540039.463913
1772668800000,0.09891,0.09922,0.09772,0.09814,41724050.520363
1772672400000,0.09815,0.09883,0.09653,0.0969,39010206.84235
1772676000000,0.09688,0.09731,0.09617,0.09643,23800845.895891
1772679600000,0.09643,0.09646,0.09592,0.09618,21190533.642043
1772683200000,0.09619,0.09739,0.09611,0.09677,34426464.675491
1772686800000,0.09676,0.09708,0.09599,0.09606,14125352.523457
1772690400000,0.09608,0.09664,0.09549,0.09653,30595971.728628
1772694000000,0.09654,0.09667,0.0952,0.09569,32489282.490236
1772697600000,0.0957,0.09591,0.09533,0.09575,20372283.452301
1772701200000,0.09576,0.09659,0.0957,0.09626,29401014.299107
1772704800000,0.09628,0.09803,0.09605,0.09771,54408558.848951
1772708400000,0.09772,0.09789,0.09574,0.09596,51790745.782652
1772712000000,0.09593,0.09648,0.09549,0.09626,69702453.590125
1772715600000,0.09627,0.0963,0.09461,0.09514,56969968.247523
1772719200000,0.09516,0.09576,0.09425,0.09545,41607277.21021
1772722800000,0.09545,0.09564,0.09388,0.09429,50632579.62399
1772726400000,0.09428,0.0943,0.09273,0.09388,50157665.865044
1772730000000,0.09391,0.09429,0.09283,0.09308,24170057.558557
1772733600000,0.09308,0.09394,0.09293,0.09374,17753810.715338
1772737200000,0.09374,0.09455,0.09372,0.09392,8467174.298343
1772740800000,0.09394,0.0948,0.09389,0.09436,9023369.612756
1772744400000,0.09435,0.09469,0.09371,0.09393,12029127.545502
1772748000000,0.09394,0.0941,0.09354,0.09382,7477074.220743
1772751600000,0.09383,0.09392,0.09347,0.09358,7988718.670247
1772755200000,0.09357,0.09387,0.09346,0.0937,9049334.915424
1772758800000,0.09371,0.09431,0.09316,0.09405,15609398.330644
1772762400000,0.09406,0.09408,0.09352,0.09365,12368634.05358
1772766000000,0.09364,0.09407,0.09359,0.0939,9645357.638371
1772769600000,0.09392,0.09392,0.09301,0.09346,11753483.497224
1772773200000,0.09347,0.09375,0.09318,0.09361,10621649.016287
1772776800000,0.09361,0.09376,0.09334,0.09339,7817365.959533
1772780400000,0.09339,0.09436,0.09334,0.09399,27757169.783075
1772784000000,0.094,0.09401,0.09292,0.09327,22282380.56165
1772787600000,0.09327,0.09333,0.09243,0.09322,27500873.326321
1772791200000,0.09323,0.09391,0.09315,0.09351,20283804.273174
1772794800000,0.09351,0.09367,0.09296,0.0931,8673347.884385
1772798400000,0.0931,0.09349,0.09269,0.09305,17677014.367668
1772802000000,0.09307,0.09355,0.09145,0.09158,96535115.079338
1772805600000,0.09158,0.09168,0.09001,0.09034,107190373.541636
1772809200000,0.09034,0.09099,0.09,0.09027,50452438.066313
1772812800000,0.09027,0.09141,0.09021,0.09081,55169058.485898
1772816400000,0.0908,0.0911,0.09002,0.09029,23631652.430703
1772820000000,0.09029,0.09081,0.09024,0.09066,15834785.445511
1772823600000,0.09066,0.09115,0.09062,0.09085,7192091.874336
1772827200000,0.09086,0.09114,0.09057,0.09105,8173703.705637
1772830800000,0.09106,0.09116,0.09077,0.09113,6816621.257807
1772834400000,0.09113,0.09162,0.09099,0.09129,14168012.082225
1772838000000,0.09129,0.0914,0.09113,0.09129,9652579.725954
1772841600000,0.09129,0.09155,0.09121,0.0914,5494085.063457
1772845200000,0.09141,0.09173,0.09128,0.09154,4170951.345541
1772848800000,0.09155,0.09164,0.09114,0.09161,6640922.990335
1772852400000,0.09162,0.09211,0.09104,0.09107,20741108.79701
1772856000000,0.09109,0.09127,0.0907,0.09085,8104122.854067
1772859600000,0.09085,0.09096,0.09047,0.09071,7652303.60513
1772863200000,0.0907,0.09088,0.09048,0.09059,6826769.911541
1772866800000,0.09059,0.09075,0.09039,0.09058,9279373.33777
1772870400000,0.09058,0.09087,0.09042,0.09043,14218540.366902
1772874000000,0.09044,0.09063,0.09005,0.09037,17657606.389298
1772877600000,0.09038,0.09055,0.09033,0.09039,5318769.159267
1772881200000,0.09039,0.09083,0.09013,0.09062,11672980.155073
1772884800000,0.09062,0.09067,0.09024,0.09038,11541544.670633
1772888400000,0.09038,0.0906,0.09017,0.0903,4252257.983047
1772892000000,0.09028,0.09042,0.0894,0.09009,42477195.748613
1772895600000,0.09009,0.09018,0.08961,0.09003,9797712.886523
1772899200000,0.09003,0.09023,0.08994,0.09016,11571749.601238
1772902800000,0.09017,0.09063,0.09016,0.09047,5522304.652027
1772906400000,0.09047,0.09048,0.0896,0.09015,16630936.675471
1772910000000,0.09016,0.09016,0.08924,0.0896,11419145.03674
1772913600000,0.08959,0.09015,0.08959,0.09008,7024161.181568
1772917200000,0.09008,0.09019,0.08982,0.09,2078135.179468
1772920800000,0.09001,0.09005,0.08944,0.08977,6121966.173453
1772924400000,0.08978,0.09002,0.08971,0.08994,4782109.430567
1772928000000,0.08995,0.09019,0.08975,0.08993,9528485.358706
1772931600000,0.08993,0.09011,0.08976,0.09003,9232340.201786
1772935200000,0.09003,0.09008,0.08879,0.08928,30136949.738226
1772938800000,0.08928,0.08949,0.08901,0.08933,11789412.1016
1772942400000,0.08936,0.08961,0.08876,0.08899,13995627.351712
1772946000000,0.08899,0.08972,0.08898,0.08943,7212187.893779
1772949600000,0.08943,0.08948,0.08905,0.08912,6955032.712187
1772953200000,0.08912,0.0896,0.08905,0.08933,9706787.867827
1772956800000,0.08934,0.08947,0.08896,0.0894,9857902.460935
1772960400000,0.08942,0.09014,0.08926,0.08995,13201922.0976
1772964000000,0.08995,0.09133,0.08994,0.09054,21602556.175945
1772967600000,0.09054,0.09054,0.08913,0.08936,17467957.622985
1772971200000,0.08936,0.08949,0.08807,0.08897,52811430.755242
1772974800000,0.08897,0.08912,0.08789,0.08871,47089871.031838
1772978400000,0.08871,0.08926,0.08864,0.08913,16337456.118365
1772982000000,0.08912,0.08918,0.08854,0.08873,12089325.519265
1772985600000,0.08873,0.08886,0.08828,0.08853,12427065.197457
1772989200000,0.08855,0.0891,0.08853,0.08864,6687514.031463
1772992800000,0.08865,0.0887,0.0882,0.08852,7372744.257976
1772996400000,0.08853,0.08971,0.08841,0.08934,11922558.773398
1773000000000,0.08935,0.0901,0.08919,0.0897,10621819.355976
1773003600000,0.08973,0.08987,0.08909,0.08956,8476141.162585
1773007200000,0.08956,0.08966,0.08655,0.08943,96153474.90511
1773010800000,0.08945,0.08984,0.08889,0.08914,18549903.493067
1773014400000,0.08915,0.0905,0.08907,0.08981,39800309.04773
1773018000000,0.08982,0.09012,0.08931,0.08937,25826061.910021
1773021600000,0.08938,0.09003,0.089,0.08976,16838993.78086
1773025200000,0.08976,0.09169,0.08966,0.09038,60996421.831998
1773028800000,0.09039,0.09089,0.09021,0.09035,12785079.602539
1773032400000,0.09036,0.0918,0.09012,0.09148,48529762.994592
1773036000000,0.09148,0.09169,0.09025,0.0904,28889159.458447
1773039600000,0.09042,0.09046,0.08931,0.08998,35529549.291734
1773043200000,0.09,0.09066,0.0899,0.09049,25477321.239716
1773046800000,0.0905,0.09139,0.09003,0.0904,44973120.106104
1773050400000,0.0904,0.09076,0.08995,0.0901,16766983.13359
1773054000000,0.09011,0.09057,0.08973,0.09037,9506243.294147
1773057600000,0.09038,0.09113,0.09037,0.09085,15954129.837593
1773061200000,0.09088,0.09243,0.09081,0.0919,56226813.061794
1773064800000,0.0919,0.09228,0.091,0.0916,57917836.178776
1773068400000,0.09159,0.09186,0.09063,0.09113,22524862.628996
1773072000000,0.09113,0.09164,0.09076,0.0912,21939329.521304
1773075600000,0.09122,0.09174,0.09092,0.09139,22908902.44709
1773079200000,0.09138,0.09171,0.0908,0.09089,14821861.777715
1773082800000,0.09089,0.09284,0.09066,0.09127,37178484.54867
1773086400000,0.09128,0.09148,0.09082,0.09126,12073511.869415
1773090000000,0.09125,0.09182,0.0911,0.0915,7280505.74549
1773093600000,0.09148,0.09159,0.09048,0.09069,25468971.802641
1773097200000,0.09069,0.09095,0.09018,0.09051,19633457.781587
1773100800000,0.09048,0.09144,0.09033,0.09107,16228135.236129
1773104400000,0.09105,0.09128,0.09051,0.09102,9306062.698619
1773108000000,0.09101,0.09237,0.0907,0.09198,45503921.032855
1773111600000,0.09198,0.09219,0.09103,0.09121,21755218.426458
1773115200000,0.09122,0.09207,0.09115,0.09186,15816824.938331
1773118800000,0.09188,0.09231,0.09169,0.0918,11481963.825829
1773122400000,0.09181,0.09187,0.09138,0.09163,7259798.206039
1773126000000,0.09163,0.09247,0.0914,0.09233,27250395.558037
1773129600000,0.09234,0.09419,0.09224,0.09355,55947621.945326
1773133200000,0.09356,0.09556,0.09355,0.09521,57823986.367725
1773136800000,0.0952,0.09593,0.09445,0.09548,44089460.403827
1773140400000,0.09548,0.09575,0.09424,0.09452,38662582.425749
1773144000000,0.09453,0.09507,0.09428,0.09498,24771719.661526
1773147600000,0.095,0.09706,0.09455,0.09609,99724931.117901
1773151200000,0.0961,0.09963,0.09489,0.09932,151434152.909408
1773154800000,0.09932,0.09974,0.09763,0.09911,125978830.514339
1773158400000,0.09911,0.10044,0.09864,0.09982,92747694.026351
1773162000000,0.09981,0.10001,0.09789,0.09823,64954020.336099
1773165600000,0.09824,0.09828,0.09505,0.09544,82152030.144163
1773169200000,0.09545,0.0955,0.0943,0.09477,31282145.927217
1773172800000,0.09475,0.09507,0.09447,0.09497,16155113.504621
1773176400000,0.09498,0.09533,0.09385,0.09442,22596481.535908
1773180000000,0.09441,0.09484,0.09403,0.09433,15554994.290901
1773183600000,0.09434,0.09477,0.09433,0.09453,11915916.903892
1773187200000,0.09453,0.09489,0.09407,0.09443,26424098.82015
1773190800000,0.09444,0.09446,0.09328,0.09362,21377425.216543
1773194400000,0.09363,0.09369,0.09245,0.093,32125840.758085
1773198000000,0.09299,0.0932,0.0924,0.09262,27036595.01094
1773201600000,0.09262,0.09324,0.09223,0.09313,34814628.157536
1773205200000,0.09314,0.0932,0.09146,0.09168,48379047.670567
1773208800000,0.09169,0.09226,0.0915,0.09205,27161113.084345
1773212400000,0.09206,0.09237,0.09147,0.09195,37313183.989417
1773216000000,0.09196,0.09239,0.09172,0.0921,24791510.728336
1773219600000,0.0921,0.09215,0.09153,0.09169,23566494.921703
1773223200000,0.0917,0.09227,0.09162,0.09224,15195372.464568
1773226800000,0.09225,0.09241,0.09182,0.09198,19314810.633994
1773230400000,0.09198,0.09351,0.09174,0.0925,37083493.174237
1773234000000,0.09249,0.09484,0.09244,0.09314,122881556.184823
1773237600000,0.09313,0.09425,0.09267,0.09349,41501723.333335
1773241200000,0.0935,0.09356,0.09118,0.09237,67006087.601194
1773244800000,0.09238,0.09315,0.09223,0.09301,40848100.932638
1773248400000,0.09302,0.09418,0.09278,0.09368,45224816.340048
1773252000000,0.09368,0.0946,0.09368,0.09437,20427705.175317
1773255600000,0.09438,0.09458,0.0937,0.09383,20412091.137776
1773259200000,0.09382,0.09385,0.09331,0.09365,6545072.757654
1773262800000,0.09366,0.09388,0.0935,0.09372,7092226.075123
1773266400000,0.09373,0.09423,0.09335,0.09347,20298301.891256
1773270000000,0.09345,0.09378,0.09277,0.09288,14369225.35642
1773273600000,0.09288,0.09305,0.09244,0.09273,13944170.733964
1773277200000,0.09274,0.09274,0.09214,0.09236,12942030.421838
1773280800000,0.09235,0.09253,0.09179,0.09189,17465060.608822
1773284400000,0.09189,0.09256,0.09185,0.09216,13903017.337042
1773288000000,0.09216,0.09238,0.09196,0.092,13832888.220731
1773291600000,0.09199,0.09223,0.09189,0.09205,20820013.837233
1773295200000,0.09206,0.09217,0.0918,0.09205,6335575.397834
1773298800000,0.09205,0.093,0.09187,0.09289,22239193.967241
1773302400000,0.0929,0.09329,0.09252,0.09291,25016263.284519
1773306000000,0.0929,0.09362,0.09241,0.09309,25366725.705818
1773309600000,0.09309,0.09449,0.09294,0.09432,33219479.462888
1773313200000,0.09431,0.09521,0.09409,0.0947,31204060.707956
1773316800000,0.09471,0.09585,0.09456,0.09513,56044233.585718
1773320400000,0.09514,0.0956,0.09392,0.09488,55218859.537304
1773324000000,0.09489,0.0958,0.09327,0.09369,66598187.900744
1773327600000,0.09367,0.09475,0.09314,0.09411,36534654.114767
1773331200000,0.0941,0.09487,0.09335,0.09473,35686296.39742
1773334800000,0.09474,0.0949,0.09413,0.09437,15908881.696224
1773338400000,0.09439,0.09452,0.09378,0.09383,10890414.479877
1773342000000,0.09384,0.09473,0.09371,0.09444,13416641.988457
1773345600000,0.09444,0.09461,0.09406,0.09413,5159102.986478
1773349200000,0.09414,0.09477,0.09412,0.09469,4515604.722941
1773352800000,0.09468,0.09485,0.09428,0.09442,7592100.549548
1773356400000,0.09442,0.09535,0.0944,0.09475,21985770.291241
1773360000000,0.09474,0.09806,0.09455,0.09683,106097808.29759
1773363600000,0.09682,0.0972,0.09627,0.09707,36147069.970109
1773367200000,0.09709,0.0972,0.09571,0.09597,57518262.02462
1773370800000,0.09599,0.09699,0.09595,0.09679,21481844.022644
1773374400000,0.09679,0.09682,0.09617,0.09624,12746432.624772
1773378000000,0.09625,0.0969,0.09581,0.09651,24859436.570197
1773381600000,0.09652,0.09675,0.09608,0.09663,18906611.126415
1773385200000,0.09663,0.09674,0.09627,0.09651,16571776.296067
1773388800000,0.0965,0.0977,0.09609,0.09733,40571796.709018
1773392400000,0.09733,0.09911,0.09719,0.09861,69012545.697775
1773396000000,0.09862,0.0995,0.09849,0.09899,72858714.870448
1773399600000,0.099,0.10038,0.09895,0.10003,97583097.456166
1773403200000,0.10002,0.10196,0.09938,0.10067,141649737.330921
1773406800000,0.10068,0.10117,0.09955,0.10035,116554675.772097
1773410400000,0.10036,0.10072,0.09731,0.0978,146740925.647506
1773414000000,0.09779,0.09892,0.09758,0.09797,82424486.451535
1773417600000,0.09796,0.09849,0.09739,0.09775,68027972.137916
1773421200000,0.09774,0.09776,0.09568,0.09608,67482969.383295
1773424800000,0.0961,0.09638,0.09568,0.09586,25297332.302309
1773428400000,0.09586,0.0962,0.09544,0.09604,21310759.796703
1773432000000,0.09605,0.09654,0.09592,0.09652,13395041.692193
1773435600000,0.09653,0.0968,0.09592,0.09623,12213896.338725
1773439200000,0.09622,0.09631,0.09546,0.09597,13689801.411546
1773442800000,0.09598,0.09608,0.09577,0.09598,12508542.10979
1773446400000,0.09597,0.09603,0.09514,0.09541,23015343.745424
1773450000000,0.09541,0.09582,0.0953,0.09571,15596905.496621
1773453600000,0.09571,0.09588,0.09543,0.09581,10733017.872596
1773457200000,0.09582,0.09626,0.09561,0.09605,20432667.538389
1773460800000,0.09606,0.09644,0.09564,0.09575,16964593.600906
1773464400000,0.09576,0.09578,0.09535,0.09569,13057594.00941
1773468000000,0.09569,0.09569,0.09426,0.09474,25622053.862521
1773471600000,0.09474,0.09492,0.09454,0.09461,8074932.331412
1773475200000,0.09462,0.09483,0.0944,0.09445,11872612.59821
1773478800000,0.09445,0.09468,0.09415,0.09425,20629743.4629
1773482400000,0.09424,0.09444,0.094,0.09442,13303445.341872
1773486000000,0.09441,0.09553,0.0944,0.09525,22747410.302241
1773489600000,0.09526,0.09534,0.09476,0.09496,11268708.92241
1773493200000,0.09496,0.09548,0.09489,0.09526,12012167.436867
1773496800000,0.09528,0.09567,0.09445,0.09457,18639214.656217
1773500400000,0.09457,0.09503,0.09454,0.09494,11326146.647694
1773504000000,0.09493,0.09547,0.09471,0.09532,10710409.420265
1773507600000,0.09532,0.09532,0.09467,0.09467,5942096.892406
1773511200000,0.09468,0.0948,0.09438,0.09471,13797713.479768
1773514800000,0.09471,0.0948,0.09456,0.09479,3716973.819964
1773518400000,0.0948,0.09503,0.09461,0.09483,5718396.041185
1773522000000,0.09482,0.09512,0.09467,0.09506,4320054.798087
1773525600000,0.09507,0.09525,0.09492,0.09514,4377747.805005
1773529200000,0.09515,0.09618,0.09515,0.09604,22480392.748345
1773532800000,0.09607,0.09618,0.09541,0.09559,12321837.331869
1773536400000,0.09558,0.09597,0.09547,0.09559,7782002.940579
1773540000000,0.09557,0.09743,0.09557,0.0969,33351002.871333
1773543600000,0.09691,0.09727,0.09595,0.09599,19092370.26092
1773547200000,0.09602,0.09628,0.0957,0.09598,11081376.513886
1773550800000,0.09599,0.09649,0.09571,0.09611,16517832.638686
1773554400000,0.09611,0.09621,0.09555,0.09573,13428918.535347
1773558000000,0.09574,0.09595,0.09552,0.09563,8036849.907751
1773561600000,0.09564,0.09653,0.09563,0.09648,21706001.491287
1773565200000,0.09646,0.09663,0.09613,0.09615,13619999.62868
1773568800000,0.09616,0.09636,0.09596,0.09625,9650426.132735
1773572400000,0.09626,0.09656,0.09605,0.0964,6382236.423886
1773576000000,0.0964,0.0965,0.09604,0.09637,9055620.9402
1773579600000,0.09638,0.09664,0.09473,0.09532,53689360.329268
1773583200000,0.09533,0.09561,0.09509,0.09558,13605748.666602
1773586800000,0.09559,0.09559,0.09491,0.095,10726036.685301
1773590400000,0.095,0.09512,0.09445,0.0947,16428830.52625
1773594000000,0.0947,0.09581,0.09466,0.0955,11969837.725747
1773597600000,0.09551,0.09559,0.09469,0.0948,12766417.140703
1773601200000,0.09481,0.09535,0.09472,0.09519,5476531.920314
1773604800000,0.0952,0.0959,0.09498,0.09538,7974000.563891
1773608400000,0.09538,0.09605,0.09505,0.09586,9044700.641486
1773612000000,0.09586,0.09764,0.09528,0.09731,48940181.181373
1773615600000,0.09736,0.09808,0.09666,0.0974,67275539.92181
1773619200000,0.09739,0.09818,0.09725,0.09796,44653525.024744
1773622800000,0.09797,0.09817,0.0973,0.09762,26049303.080679
1773626400000,0.09763,0.09847,0.09705,0.09813,41016175.08457
1773630000000,0.09814,0.1014,0.09781,0.09998,175423960.694548
1773633600000,0.09998,0.10113,0.09981,0.10069,56484711.866425
1773637200000,0.10069,0.10179,0.10049,0.10157,55892229.615723
1773640800000,0.10157,0.10255,0.1012,0.10166,67511630.325896
1773644400000,0.10166,0.10265,0.10162,0.10199,52174871.635368
1773648000000,0.102,0.10294,0.1002,0.10036,80910200.711849
1773651600000,0.10036,0.10138,0.09988,0.10109,42941240.823465
1773655200000,0.10109,0.10131,0.10011,0.10068,33307541.069845
1773658800000,0.10067,0.1007,0.09939,0.09996,32726037.382994
1773662400000,0.09997,0.10051,0.09974,0.10009,29083108.657086
1773666000000,0.1001,0.10169,0.09996,0.10054,64751594.038446
1773669600000,0.10054,0.10355,0.09995,0.10312,102284657.501201
1773673200000,0.10312,0.10333,0.09995,0.10005,68930279.4554
1773676800000,0.10007,0.10138,0.0999,0.10115,45880245.591801
1773680400000,0.10116,0.10171,0.10091,0.10143,29405997.372645
1773684000000,0.10143,0.10242,0.10126,0.10176,27334786.743188
1773687600000,0.10177,0.10297,0.10147,0.10198,25409015.104939
1773691200000,0.10199,0.10208,0.10148,0.10154,9912281.78588
1773694800000,0.10154,0.10267,0.10122,0.102,29488535.425863
1773698400000,0.10201,0.10343,0.102,0.10326,52957405.016026
1773702000000,0.10326,0.10373,0.10225,0.10303,41402436.766403
1773705600000,0.10303,0.10404,0.10256,0.10321,57112910.582936
1773709200000,0.10322,0.1039,0.10259,0.10325,46779044.20451
1773712800000,0.10323,0.10449,0.10222,0.10352,61624479.518168
1773716400000,0.10352,0.10359,0.10067,0.10127,93948368.180231
1773720000000,0.10127,0.10167,0.09988,0.10053,64137871.697699
1773723600000,0.10054,0.10073,0.09945,0.09999,40701755.045733
1773727200000,0.1,0.10065,0.09961,0.10008,26377452.603437
1773730800000,0.10009,0.10113,0.10002,0.10055,24541508.850964
1773734400000,0.10055,0.10143,0.10046,0.10087,21593938.57594
1773738000000,0.10087,0.10129,0.10036,0.10073,23245225.368389
1773741600000,0.10076,0.10078,0.09998,0.10019,21412463.745242
1773745200000,0.1002,0.10053,0.09997,0.10016,18510084.932158
1773748800000,0.10015,0.10025,0.09871,0.09882,47575112.913494
1773752400000,0.09881,0.09972,0.09847,0.09894,62876009.93578
1773756000000,0.09897,0.09983,0.09833,0.09972,82377227.461807
1773759600000,0.09973,0.10053,0.09881,0.09968,54520171.334526
1773763200000,0.09967,0.10037,0.09942,0.09989,25467573.584585
1773766800000,0.09991,0.10067,0.09961,0.10063,17370834.27225
1773770400000,0.10064,0.10112,0.10035,0.10098,17693495.407559
1773774000000,0.10099,0.1011,0.10018,0.10025,9112675.86193
1773777600000,0.10026,0.10065,0.09995,0.10056,14230933.975085
1773781200000,0.10056,0.10129,0.10039,0.10119,10716670.240384
1773784800000,0.10119,0.10173,0.10035,0.10087,20126810.012175
1773788400000,0.10088,0.10115,0.10003,0.10014,18586228.925802
1773792000000,0.10015,0.10041,0.09967,0.1001,21335723.706109
1773795600000,0.10012,0.10087,0.1001,0.10032,12515984.935888
1773799200000,0.10032,0.10138,0.10029,0.10088,15149991.425123
1773802800000,0.10089,0.10185,0.10067,0.10117,34612312.807026
1773806400000,0.10117,0.10125,0.09973,0.10022,33299482.841559
1773810000000,0.10022,0.10115,0.10008,0.10026,25966221.150757
1773813600000,0.10026,0.10095,0.10015,0.10016,16908303.59513
1773817200000,0.10017,0.10018,0.09922,0.09959,50815080.08137
1773820800000,0.0996,0.10009,0.09952,0.09981,19006402.73215
1773824400000,0.09981,0.10011,0.09968,0.09991,17435441.893693
1773828000000,0.0999,0.10004,0.09884,0.09919,23022876.631307
1773831600000,0.09918,0.09942,0.09662,0.09711,114820882.02252
1773835200000,0.0971,0.09711,0.09569,0.09595,72340757.218731
1773838800000,0.09597,0.09631,0.09542,0.0958,59303164.816044
1773842400000,0.09581,0.09585,0.09431,0.09452,70203762.720135
1773846000000,0.09451,0.09482,0.09398,0.0944,41487312.030973
1773849600000,0.09438,0.09438,0.09351,0.09385,53139288.175152
1773853200000,0.09386,0.09482,0.0933,0.09439,55729238.947619
1773856800000,0.0944,0.09556,0.09422,0.09452,49685007.916619
1773860400000,0.0945,0.09538,0.09449,0.09464,17849072.422119
1773864000000,0.09466,0.09526,0.09393,0.09516,17860976.125151
1773867600000,0.09517,0.09561,0.09501,0.09536,12460688.541451
1773871200000,0.09536,0.09536,0.0949,0.095,8856449.211187
1773874800000,0.09499,0.09528,0.09479,0.09526,9942693.43097
1773878400000,0.09527,0.09549,0.095,0.09507,15712008.586616
1773882000000,0.09508,0.09526,0.09487,0.09489,7830431.299111
1773885600000,0.09489,0.09497,0.09445,0.09456,9905998.19297
1773889200000,0.09457,0.09607,0.09456,0.09545,24388215.430233
1773892800000,0.09546,0.09551,0.09473,0.09479,13958118.892007
1773896400000,0.0948,0.09497,0.09427,0.09454,13811082.012405
1773900000000,0.09453,0.0949,0.09421,0.0946,11840969.187799
1773903600000,0.09459,0.09485,0.09319,0.09441,48640345.65631
1773907200000,0.09439,0.09465,0.09413,0.0942,16228558.26798
1773910800000,0.09424,0.09539,0.09421,0.09508,17431697.216408
1773914400000,0.09509,0.09516,0.09414,0.0942,12569937.951108
1773918000000,0.09421,0.09428,0.09371,0.09401,19456757.991006
1773921600000,0.09402,0.09402,0.09251,0.09253,37550932.170311
1773925200000,0.09255,0.09367,0.09215,0.09337,62603237.773626
1773928800000,0.09338,0.09378,0.09255,0.09308,20283135.195543
1773932400000,0.09308,0.09349,0.09232,0.09288,22595762.07404
1773936000000,0.09289,0.0929,0.09208,0.09238,30567817.407624
1773939600000,0.09239,0.09301,0.09176,0.09292,26085706.457281
1773943200000,0.09291,0.09308,0.0925,0.09278,8083246.161462
1773946800000,0.09278,0.09395,0.09276,0.09336,22628285.375343
1773950400000,0.09336,0.09381,0.09328,0.09359,6444130.179661
1773954000000,0.09359,0.09381,0.0935,0.09365,6859974.646375
1773957600000,0.09364,0.0937,0.09301,0.09331,10566077.015285
1773961200000,0.09331,0.09371,0.09321,0.09355,9273218.538056
1773964800000,0.09354,0.09399,0.09351,0.09393,10927921.052838
1773968400000,0.09395,0.09467,0.09395,0.09427,20075327.137285
1773972000000,0.09427,0.09435,0.09356,0.09402,21134013.033884
1773975600000,0.09402,0.09454,0.09383,0.0941,18451802.176546
1773979200000,0.0941,0.09467,0.09379,0.09461,30586936.28796
1773982800000,0.09461,0.0954,0.09452,0.09475,32995404.355382
1773986400000,0.09475,0.09486,0.09432,0.0944,16141951.347764
1773990000000,0.09439,0.0944,0.09365,0.09408,18646038.091114
1773993600000,0.09409,0.0951,0.09408,0.0945,13742230.649524
1773997200000,0.09452,0.09452,0.0937,0.09392,19135533.112452
1774000800000,0.09392,0.09447,0.09352,0.0944,14397393.314819
1774004400000,0.09439,0.09477,0.09387,0.09411,18030047.775184
1774008000000,0.09409,0.09444,0.09369,0.09385,17471636.444174
1774011600000,0.09386,0.09424,0.09328,0.09343,20871964.058302
1774015200000,0.09343,0.09427,0.09309,0.09373,28474411.143323
1774018800000,0.09373,0.09434,0.09353,0.09422,11272088.369873
1774022400000,0.09421,0.09445,0.09359,0.09395,13773645.97504
1774026000000,0.09395,0.09414,0.09346,0.09403,9726280.003724
1774029600000,0.09404,0.09424,0.09323,0.09357,14644324.532903
1774033200000,0.09359,0.09378,0.0929,0.09373,13999885.329704
1774036800000,0.09373,0.0938,0.09322,0.09374,4559691.814191
1774040400000,0.09375,0.09448,0.09346,0.09422,12126168.40761
1774044000000,0.09423,0.09497,0.09423,0.09436,11780254.010723
1774047600000,0.09437,0.09437,0.09391,0.09418,4763163.771499
1774051200000,0.09418,0.0944,0.09405,0.09434,4027714.903161
1774054800000,0.09434,0.09458,0.09393,0.094,5010786.819107
1774058400000,0.09401,0.09483,0.09398,0.09473,13033885.481206
1774062000000,0.09473,0.09499,0.09461,0.09471,5891260.882463
1774065600000,0.09472,0.09488,0.09454,0.09459,4653070.069799
1774069200000,0.0946,0.09493,0.0946,0.09471,6308800.750017
1774072800000,0.09472,0.09493,0.0945,0.09461,15838246.459066
1774076400000,0.09461,0.09471,0.09429,0.09436,11270626.952938
1774080000000,0.09438,0.09444,0.09422,0.09437,7063559.815978
1774083600000,0.09437,0.0945,0.09424,0.09432,5956342.813806
1774087200000,0.09431,0.09434,0.09391,0.09399,7611292.792194
1774090800000,0.09399,0.09407,0.09382,0.09401,8681688.850589
1774094400000,0.09401,0.09415,0.09391,0.09397,6154181.98759
1774098000000,0.09398,0.094,0.09354,0.09369,12589359.95329
1774101600000,0.0937,0.09426,0.09362,0.09371,11951003.980984
1774105200000,0.0937,0.09465,0.09365,0.09465,14035101.291593
1774108800000,0.09466,0.09468,0.09424,0.09432,11626071.636375
1774112400000,0.09432,0.09437,0.09393,0.09406,7981885.482963
1774116000000,0.09406,0.09426,0.09394,0.09408,2283502.934886
1774119600000,0.09406,0.09414,0.09389,0.09408,3277861.641944
1774123200000,0.09408,0.09441,0.094,0.09433,3470535.071302
1774126800000,0.09434,0.09437,0.09406,0.09415,6315221.939543
1774130400000,0.09416,0.09421,0.09393,0.09401,2199315.385243
1774134000000,0.09401,0.09401,0.09056,0.09135,99976353.571627
1774137600000,0.09133,0.09202,0.09,0.09148,83796827.574283
1774141200000,0.09148,0.09188,0.09108,0.0915,37991009.195908
1774144800000,0.0915,0.0924,0.0915,0.09206,15276616.421967
1774148400000,0.09207,0.09288,0.09177,0.09235,24250792.16403
1774152000000,0.09235,0.09284,0.09219,0.09268,24662167.304346
1774155600000,0.09267,0.09269,0.09216,0.09218,21293082.902121
1774159200000,0.09219,0.09219,0.09176,0.0919,13590998.679065
1774162800000,0.0919,0.09205,0.09133,0.09135,15390769.632653
1774166400000,0.09136,0.09142,0.09076,0.0912,35496172.103685
1774170000000,0.09119,0.09164,0.09104,0.09125,10721622.685286
1774173600000,0.09123,0.09123,0.09094,0.09102,7068591.903955
1774177200000,0.09102,0.09128,0.0909,0.09111,9379310.918591
1774180800000,0.09112,0.09198,0.09111,0.09151,14013442.147072
1774184400000,0.09153,0.09195,0.09115,0.09138,10690544.294581
1774188000000,0.09137,0.09182,0.09114,0.09141,12001583.581662
1774191600000,0.09142,0.09169,0.0913,0.09163,9082201.140607
1774195200000,0.09163,0.09177,0.0914,0.09162,7224176.784152
1774198800000,0.09162,0.09163,0.0914,0.09147,8809080.405326
1774202400000,0.09146,0.09146,0.09026,0.09079,24126899.19517
1774206000000,0.09079,0.09079,0.09011,0.09051,13531093.896282
1774209600000,0.09051,0.09079,0.09012,0.09023,13052477.606525
1774213200000,0.09024,0.09032,0.08917,0.08994,52731135.040514
1774216800000,0.08995,0.09065,0.08933,0.09055,27774497.561075
1774220400000,0.09055,0.0908,0.09007,0.09017,14541393.4701
1774224000000,0.09017,0.09061,0.0898,0.09034,21594707.455119
1774227600000,0.09035,0.09095,0.09018,0.09052,10753174.454497
1774231200000,0.09052,0.09131,0.09036,0.09101,22481216.865783
1774234800000,0.09101,0.09147,0.09062,0.09064,12126797.910001
1774238400000,0.09064,0.09115,0.09062,0.09103,6655491.106665
1774242000000,0.09104,0.09123,0.09063,0.09097,11967756.968245
1774245600000,0.09095,0.09095,0.09008,0.0904,19439355.496579
1774249200000,0.0904,0.09072,0.08977,0.09044,24419566.786887
1774252800000,0.09045,0.09082,0.08985,0.08988,12535028.642998
1774256400000,0.0899,0.09003,0.08926,0.09003,24824403.768914
1774260000000,0.09003,0.09041,0.08978,0.08999,15450817.444134
1774263600000,0.08999,0.09539,0.08999,0.09253,333359367.706953
1774267200000,0.09256,0.09345,0.09187,0.09332,59948029.813311
1774270800000,0.09332,0.09448,0.09292,0.09425,40650669.76612
1774274400000,0.09426,0.095,0.09397,0.09492,41741918.480182
1774278000000,0.09493,0.09578,0.0937,0.09381,78087528.884228
1774281600000,0.09381,0.0943,0.09302,0.09396,45207470.332339
1774285200000,0.09399,0.09509,0.09378,0.09499,27819358.299472
1774288800000,0.09499,0.09563,0.09469,0.09546,26941750.938619
1774292400000,0.09546,0.09579,0.0948,0.09489,22799200.162853
1774296000000,0.09489,0.09548,0.09479,0.09502,8671970.449644
1774299600000,0.09502,0.09529,0.09484,0.09498,12011902.65627
1774303200000,0.095,0.09508,0.09413,0.09431,10516197.698855
1774306800000,0.0943,0.09439,0.09354,0.09416,21997507.058087
1774310400000,0.09417,0.0944,0.09315,0.09366,21635362.876863
1774314000000,0.09367,0.09368,0.09271,0.0932,22462284.767775
1774317600000,0.09321,0.09389,0.09307,0.09316,12256837.657052
1774321200000,0.09314,0.09389,0.0931,0.0938,7339116.55845
1774324800000,0.0938,0.09395,0.09333,0.09363,12740518.621382
1774328400000,0.09363,0.09384,0.0932,0.09359,8756991.979628
1774332000000,0.0936,0.09386,0.09333,0.09377,7838239.153297
1774335600000,0.09377,0.09544,0.09365,0.09525,30694892.639794
1774339200000,0.09525,0.0956,0.09495,0.0951,43710167.9762
1774342800000,0.0951,0.09528,0.09467,0.09506,24101008.916577
1774346400000,0.09506,0.09506,0.09389,0.09421,34518713.798852
1774350000000,0.09421,0.09449,0.09361,0.09427,35173596.463632
1774353600000,0.09427,0.09459,0.09405,0.09437,8744945.63731
1774357200000,0.09436,0.09469,0.09349,0.09363,38909230.35214
1774360800000,0.09366,0.09428,0.09268,0.09348,40511542.36775
1774364400000,0.09349,0.09395,0.0933,0.09338,17987162.086259
1774368000000,0.09336,0.09376,0.09311,0.0933,8810954.583356
1774371600000,0.0933,0.09338,0.09245,0.09262,20198870.291065
1774375200000,0.09264,0.09328,0.09254,0.09295,7372803.567602
1774378800000,0.09296,0.0934,0.09296,0.09312,5986172.959762
1774382400000,0.09312,0.09492,0.09306,0.09459,18710444.525782
1774386000000,0.0946,0.09481,0.0941,0.09457,9206506.097862
1774389600000,0.09459,0.09491,0.09441,0.0947,9636811.12521
1774393200000,0.09473,0.09542,0.09467,0.09509,15986233.373989
1774396800000,0.0951,0.09549,0.09461,0.09501,23271512.591994
1774400400000,0.095,0.09537,0.09481,0.09512,9714762.118785
1774404000000,0.09515,0.09523,0.09471,0.09472,9921380.345244
1774407600000,0.09475,0.09532,0.0944,0.09521,11878856.400878
1774411200000,0.0952,0.0957,0.09499,0.09554,7815538.057466
1774414800000,0.09555,0.0969,0.09554,0.09623,44965762.678049
1774418400000,0.09623,0.09769,0.0962,0.09695,45028580.827879
1774422000000,0.09696,0.09759,0.09652,0.09679,30375564.351542
1774425600000,0.0968,0.09747,0.0968,0.09698,20890005.822469
1774429200000,0.09699,0.09699,0.09644,0.09686,14082071.082637
1774432800000,0.09685,0.09714,0.09681,0.097,6003329.025151
1774436400000,0.09701,0.09746,0.09678,0.09697,16695027.164788
1774440000000,0.09699,0.09794,0.0965,0.09774,29575446.23499
1774443600000,0.09775,0.09787,0.09719,0.09739,21137065.084847
1774447200000,0.0974,0.09781,0.09684,0.09692,29827200.458539
1774450800000,0.09693,0.09697,0.09558,0.09597,52694738.064764
1774454400000,0.09599,0.09707,0.09582,0.09659,23029928.990061
1774458000000,0.09659,0.0968,0.0961,0.09621,13803590.242645
1774461600000,0.0962,0.09661,0.096,0.09617,9327734.402611
1774465200000,0.09619,0.09652,0.09602,0.09644,6236000.284761
1774468800000,0.09646,0.09648,0.09576,0.09621,12225784.598412
1774472400000,0.09623,0.09652,0.09606,0.09616,4029202.654802
1774476000000,0.09616,0.0968,0.09595,0.09641,13389831.434453
1774479600000,0.09641,0.09644,0.09589,0.09619,7719273.112139
1774483200000,0.09618,0.09628,0.09578,0.09591,6229260.561572
1774486800000,0.09591,0.09606,0.09552,0.09571,5524863.210909
1774490400000,0.0957,0.09573,0.09455,0.09486,38060161.394606
1774494000000,0.09485,0.09488,0.09415,0.0946,17428260.257245
1774497600000,0.0946,0.09463,0.09421,0.0943,10816077.844265
1774501200000,0.0943,0.09431,0.09268,0.09277,44336759.141481
1774504800000,0.09276,0.09294,0.09224,0.09267,49823447.917843
1774508400000,0.09266,0.0929,0.09233,0.09276,20260659.790608
1774512000000,0.09276,0.09278,0.09213,0.09232,25018443.602839
1774515600000,0.09232,0.09239,0.09114,0.09166,60112465.352648
1774519200000,0.09166,0.09182,0.09141,0.0918,20724561.054259
1774522800000,0.0918,0.09181,0.0913,0.09134,25339220.720558
1774526400000,0.09135,0.09164,0.09115,0.09162,25333502.483731
1774530000000,0.09162,0.09221,0.09132,0.09176,39353942.343167
1774533600000,0.09176,0.09194,0.09131,0.09162,18419146.685786
1774537200000,0.09161,0.09161,0.09055,0.09098,41925376.445896
1774540800000,0.09098,0.0914,0.09086,0.09106,20594165.809432
1774544400000,0.09107,0.09157,0.09079,0.09095,14913471.898337
1774548000000,0.09095,0.09115,0.0906,0.09104,11198125.448199
1774551600000,0.09106,0.09129,0.0909,0.0911,6093866.678062
1774555200000,0.09111,0.09266,0.09097,0.09176,39796114.83415
1774558800000,0.09177,0.09276,0.09169,0.09232,10919728.692342
1774562400000,0.09232,0.09249,0.0919,0.09216,5520145.770535
1774566000000,0.09217,0.09229,0.09184,0.09204,9017357.757525
1774569600000,0.09204,0.09223,0.09177,0.09204,7420462.562151
1774573200000,0.09204,0.09251,0.09197,0.09246,13018484.494149
1774576800000,0.0925,0.0927,0.09223,0.09236,9777027.841478
1774580400000,0.09237,0.09243,0.09192,0.09196,4963722.820969
1774584000000,0.09195,0.09213,0.0914,0.09195,15884762.60275
1774587600000,0.09195,0.09235,0.09182,0.09193,5484858.600236
1774591200000,0.09194,0.09217,0.09183,0.09194,7364639.319368
1774594800000,0.09194,0.09231,0.09185,0.09223,5281360.634996
1774598400000,0.09222,0.09241,0.09113,0.09185,26823786.510466
1774602000000,0.09185,0.09185,0.091,0.09105,19694230.975182
1774605600000,0.09107,0.09113,0.08931,0.08963,80870323.00387
1774609200000,0.08964,0.09029,0.08929,0.09011,27464968.167597
1774612800000,0.09013,0.09039,0.08982,0.09015,15052845.707915
1774616400000,0.09018,0.0904,0.08958,0.08987,23143939.265038
1774620000000,0.08987,0.09017,0.08927,0.08997,33210185.972853
1774623600000,0.08997,0.09094,0.08968,0.09036,29656471.482017
1774627200000,0.09036,0.0905,0.08988,0.09009,13540173.522818
1774630800000,0.0901,0.09051,0.08976,0.08979,9389928.232488
1774634400000,0.08979,0.0901,0.08948,0.09002,15768574.963986
1774638000000,0.09001,0.09037,0.08979,0.09008,7681953.968286
1774641600000,0.09008,0.09026,0.08965,0.09007,4725902.120274
1774645200000,0.09008,0.09038,0.0899,0.08997,9699261.806752
1774648800000,0.08997,0.09009,0.08978,0.09002,5525796.667205
1774652400000,0.09002,0.09023,0.08971,0.09011,6010276.560964
1774656000000,0.09012,0.09032,0.09008,0.09029,6352279.704213
1774659600000,0.09029,0.09048,0.0899,0.0904,15240852.805409
1774663200000,0.09042,0.09068,0.0901,0.09024,10785056.10879
1774666800000,0.09024,0.09026,0.08984,0.0899,6495598.253188
1774670400000,0.08991,0.0901,0.0897,0.09004,4936134.104058
1774674000000,0.09005,0.09034,0.08981,0.09034,5937906.489983
1774677600000,0.09034,0.09073,0.09024,0.09035,12885267.230271
1774681200000,0.09035,0.09129,0.09032,0.0912,10932508.748134
1774684800000,0.09122,0.09142,0.09092,0.091,8234976.055974
1774688400000,0.091,0.09113,0.09083,0.09101,4414191.729436
1774692000000,0.09102,0.09219,0.09099,0.09113,23085553.797531
1774695600000,0.09113,0.0915,0.09103,0.09135,7355916.257131
1774699200000,0.09137,0.09173,0.09115,0.09136,6986665.405498
1774702800000,0.09136,0.0929,0.0912,0.0927,39653532.918286
1774706400000,0.09269,0.09408,0.09255,0.0936,57826617.661949
1774710000000,0.09363,0.09535,0.09351,0.09404,79707749.725659
1774713600000,0.09404,0.0943,0.09283,0.09286,48424779.204368
1774717200000,0.09286,0.09325,0.09232,0.09255,18877766.34506
1774720800000,0.09255,0.0928,0.09237,0.09259,16947804.632686
1774724400000,0.0926,0.09272,0.09199,0.09228,17898769.776401
1774728000000,0.09228,0.09246,0.09202,0.09227,7781963.654773
1774731600000,0.09227,0.09233,0.0916,0.09181,11702237.512964
1774735200000,0.0918,0.09187,0.09143,0.09169,8055747.972678
1774738800000,0.09169,0.09169,0.0904,0.09099,29065767.55464
1774742400000,0.09099,0.09104,0.09056,0.09093,13321884.860722
1774746000000,0.09092,0.09128,0.09076,0.09111,14620024.316416
1774749600000,0.09112,0.09141,0.09095,0.09122,8446479.666957
1774753200000,0.09123,0.09167,0.09107,0.09144,13828533.976617
1774756800000,0.09145,0.09145,0.09103,0.09108,5719481.500417
1774760400000,0.09108,0.09114,0.09071,0.09107,9934574.951909
1774764000000,0.09105,0.09149,0.09095,0.09139,6218477.333236
1774767600000,0.09137,0.09137,0.09101,0.0912,4429404.081466
1774771200000,0.0912,0.09137,0.09107,0.09115,4253572.641819
1774774800000,0.09115,0.09115,0.09081,0.09095,8760135.901812
1774778400000,0.09093,0.09093,0.09041,0.09065,14114655.37798
1774782000000,0.09065,0.09128,0.09063,0.09096,9683188.489044
1774785600000,0.09097,0.09097,0.09064,0.09094,6022359.614307
1774789200000,0.09094,0.09094,0.09021,0.09034,18990442.747641
1774792800000,0.09036,0.0908,0.09014,0.09044,18542542.462952
1774796400000,0.09044,0.09077,0.09004,0.09018,36185692.61079
1774800000000,0.09019,0.0905,0.09012,0.09019,15408209.793515
1774803600000,0.09021,0.09044,0.08992,0.09041,19871612.914933
1774807200000,0.09042,0.09085,0.09021,0.0906,6448495.972484
1774810800000,0.09061,0.09072,0.09044,0.09065,8098725.744802
1774814400000,0.09065,0.09149,0.09064,0.09104,5481887.091262
1774818000000,0.09105,0.09155,0.09105,0.09134,7153924.124056
1774821600000,0.09135,0.09135,0.08789,0.08991,96003401.110981
1774825200000,0.08996,0.09077,0.08985,0.09044,39102184.919633
1774828800000,0.09046,0.09221,0.09027,0.09128,36633524.240929
1774832400000,0.09129,0.09192,0.09128,0.09157,13476064.118115
1774836000000,0.09158,0.09289,0.09152,0.09251,35596085.933322
1774839600000,0.09251,0.09263,0.09206,0.09247,23557390.62802
1774843200000,0.09249,0.09311,0.09249,0.09295,28297337.211668
1774846800000,0.09293,0.09366,0.09293,0.09303,32752464.561638
1774850400000,0.09303,0.09344,0.09258,0.09258,37162214.501187
1774854000000,0.09259,0.09361,0.09253,0.09335,22852090.23341
1774857600000,0.09334,0.09391,0.0931,0.09319,19049685.6892
1774861200000,0.09319,0.09322,0.09259,0.09277,21766315.197629
1774864800000,0.09277,0.09295,0.09206,0.09274,41257686.104953
1774868400000,0.09275,0.09359,0.09269,0.09289,25684868.857205
1774872000000,0.0929,0.09316,0.09271,0.0929,20479031.615854
1774875600000,0.0929,0.09334,0.0927,0.09286,19272419.996378
1774879200000,0.09286,0.0933,0.09228,0.093,39567318.181347
1774882800000,0.093,0.09322,0.09246,0.09288,19266269.980529
1774886400000,0.09288,0.09303,0.09248,0.09271,14683116.678969
1774890000000,0.09272,0.09286,0.09152,0.09163,29572468.205875
1774893600000,0.09163,0.09177,0.09082,0.09102,21958539.155972
1774897200000,0.09102,0.09108,0.09047,0.09094,33583744.03833
1774900800000,0.09093,0.09113,0.09085,0.09086,12896888.200112
1774904400000,0.09086,0.09154,0.09066,0.09128,15205015.405124
1774908000000,0.09129,0.09147,0.0909,0.09108,5925556.056262
1774911600000,0.09106,0.09106,0.09036,0.09084,17851836.169209
1774915200000,0.09085,0.09138,0.09054,0.09113,23669801.358613
1774918800000,0.09114,0.09279,0.09101,0.09225,44575821.38626
1774922400000,0.09225,0.09237,0.09187,0.09217,16770325.684403
1774926000000,0.09216,0.09216,0.0915,0.09168,14001839.409787
1774929600000,0.09169,0.09196,0.0914,0.09141,21687834.025845
1774933200000,0.09141,0.09152,0.09117,0.09141,14220573.30427
1774936800000,0.09142,0.09178,0.09102,0.09171,13204885.627163
1774940400000,0.09174,0.09179,0.09104,0.09126,10732333.35757
1774944000000,0.09129,0.0915,0.09067,0.09078,11238183.139634
1774947600000,0.0908,0.09098,0.08935,0.0897,69691411.743596
1774951200000,0.08972,0.09031,0.08964,0.09005,23794583.434727
1774954800000,0.09007,0.09062,0.08995,0.09036,22237470.093537
1774958400000,0.09036,0.09073,0.09027,0.09034,11130198.951873
1774962000000,0.09033,0.09159,0.09032,0.09121,18336567.011141
1774965600000,0.09121,0.09191,0.09014,0.09046,32905887.038941
1774969200000,0.09045,0.09141,0.0904,0.09042,15862249.978555
1774972800000,0.09043,0.09215,0.09031,0.09151,44326666.506799
1774976400000,0.09152,0.09264,0.0913,0.09154,41539686.234329
1774980000000,0.09154,0.09233,0.09154,0.0923,11082456.166536
1774983600000,0.09231,0.09251,0.09187,0.09213,16625503.117142
1774987200000,0.09212,0.09269,0.09212,0.09268,17700008.967704
1774990800000,0.09269,0.09283,0.09214,0.09242,14476397.458287
1774994400000,0.09241,0.09246,0.09136,0.09178,20608794.657158
1774998000000,0.09179,0.0924,0.09172,0.09232,10792267.797975
1775001600000,0.09232,0.09277,0.09202,0.09257,12294260.755775
1775005200000,0.09258,0.09265,0.09173,0.09185,15029341.759829
1775008800000,0.09184,0.09214,0.09164,0.09179,11378510.836235
1775012400000,0.09179,0.09261,0.09179,0.09248,21499007.752454
1775016000000,0.09248,0.09262,0.09226,0.09239,8401450.914679
1775019600000,0.09241,0.09331,0.09217,0.09319,34353504.511498
1775023200000,0.0932,0.09441,0.09319,0.09427,60898349.791004
1775026800000,0.09428,0.09451,0.09321,0.09324,51610809.930913
1775030400000,0.09325,0.09341,0.09231,0.09247,27152901.60445
1775034000000,0.09247,0.09261,0.09188,0.09241,22909724.618747
1775037600000,0.09242,0.09268,0.09201,0.09248,14005857.644839
1775041200000,0.09248,0.0928,0.09227,0.09252,8020585.399175
1775044800000,0.09252,0.09325,0.0923,0.09256,25464414.280781
1775048400000,0.09259,0.09295,0.09212,0.09243,25243569.923098
1775052000000,0.09243,0.09305,0.09233,0.09284,19220781.290435
1775055600000,0.09285,0.09322,0.09255,0.09306,16027123.75337
1775059200000,0.09307,0.09367,0.09257,0.09342,20250341.174158
1775062800000,0.09341,0.09428,0.09276,0.09282,32279616.306522
1775066400000,0.09282,0.09288,0.09238,0.09251,14044031.875648
1775070000000,0.09252,0.09297,0.0925,0.09283,11913356.459662
1775073600000,0.09285,0.09289,0.09223,0.09261,11430902.228944
1775077200000,0.09262,0.09332,0.09258,0.09312,7037723.837828
1775080800000,0.09311,0.0932,0.09239,0.09242,12508158.815122
1775084400000,0.09243,0.09264,0.09207,0.09221,9369676.57018
1775088000000,0.09219,0.09271,0.09202,0.09252,15571797.774243
1775091600000,0.09251,0.09255,0.09008,0.09059,128900348.283596
1775095200000,0.09058,0.0906,0.0898,0.09015,75306177.615156
1775098800000,0.09016,0.09048,0.08953,0.09013,47880752.49576
1775102400000,0.09013,0.09013,0.08965,0.08976,17388069.753257
1775106000000,0.08976,0.0902,0.08924,0.09011,33283467.78321
1775109600000,0.09012,0.09037,0.08992,0.09009,17903234.415748
1775113200000,0.09009,0.09039,0.0899,0.09027,24450965.591466
1775116800000,0.09027,0.09031,0.09003,0.09009,8213065.319305
1775120400000,0.0901,0.09054,0.08982,0.09025,20081608.985016
1775124000000,0.09024,0.09024,0.08976,0.08991,17912158.084756
1775127600000,0.08992,0.09009,0.08953,0.08999,11755694.778838
1775131200000,0.08999,0.09002,0.08934,0.08941,23460473.634768
1775134800000,0.0894,0.08984,0.08899,0.08978,54855069.492579
1775138400000,0.08979,0.09118,0.08958,0.09061,55229286.485566
1775142000000,0.09061,0.09074,0.09006,0.09034,18136199.384552
1775145600000,0.09034,0.09085,0.09004,0.09015,13559989.903584
1775149200000,0.09014,0.0908,0.08971,0.08978,21449041.3533
1775152800000,0.08978,0.09035,0.08966,0.09018,8713231.334892
1775156400000,0.09018,0.09031,0.08996,0.09029,4478813.542312
1775160000000,0.0903,0.09071,0.09012,0.09062,5947520.519115
1775163600000,0.09062,0.09067,0.09026,0.09049,5869954.573878
1775167200000,0.0905,0.09061,0.09021,0.09044,5192806.104608
1775170800000,0.09044,0.09047,0.09021,0.09041,4849625.045646
1775174400000,0.09042,0.09054,0.0902,0.09028,5920169.946536
1775178000000,0.09028,0.09076,0.09012,0.09029,26586197.895925
1775181600000,0.0903,0.09068,0.08992,0.09039,14809676.835437
1775185200000,0.09037,0.09066,0.09015,0.09059,10115085.81236
1775188800000,0.09059,0.09071,0.09031,0.09065,10616676.295412
1775192400000,0.09066,0.09153,0.09039,0.09113,31309309.375114
1775196000000,0.09113,0.09137,0.09078,0.09117,15591023.041038
1775199600000,0.09117,0.09145,0.09093,0.09117,16498348.055973
1775203200000,0.09118,0.09158,0.09117,0.09143,21848730.223277
1775206800000,0.09143,0.09149,0.091,0.09143,22951478.02264
1775210400000,0.09144,0.09167,0.09113,0.09147,10456257.329446
1775214000000,0.09146,0.09154,0.09134,0.09146,7421132.134101
1775217600000,0.09146,0.0922,0.09114,0.09125,32049449.405265
1775221200000,0.09125,0.09143,0.09082,0.09142,26349338.192405
1775224800000,0.0914,0.09176,0.0912,0.09147,15951977.156701
1775228400000,0.09147,0.09201,0.0914,0.09151,35566030.47259
1775232000000,0.09152,0.09203,0.09151,0.09199,19668286.507599
1775235600000,0.092,0.09258,0.0919,0.09208,32105544.49145
1775239200000,0.09206,0.09244,0.09178,0.09179,11797907.040111
1775242800000,0.09179,0.09185,0.09122,0.09177,21327882.55623
1775246400000,0.09178,0.09205,0.09172,0.09194,5532019.179751
1775250000000,0.09195,0.09239,0.09194,0.09212,10732604.375554
1775253600000,0.09213,0.09218,0.09153,0.09163,4805364.054437
1775257200000,0.09162,0.09162,0.09126,0.09154,7544660.742963
1775260800000,0.09155,0.09155,0.0913,0.09139,5213688.809582
1775264400000,0.09138,0.09138,0.09111,0.09123,8430811.793539
1775268000000,0.09122,0.09128,0.09093,0.09107,6906562.739409
1775271600000,0.09109,0.09132,0.09109,0.09124,6130340.730344
1775275200000,0.09124,0.0915,0.09115,0.09132,3392510.313404
1775278800000,0.09132,0.09132,0.0911,0.09115,2104842.602304
1775282400000,0.09114,0.09149,0.09101,0.09143,4986528.463348
1775286000000,0.09144,0.09146,0.09116,0.09134,4793980.651676
1775289600000,0.09136,0.09137,0.09102,0.0911,4592026.061831
1775293200000,0.0911,0.09114,0.09092,0.09095,4632902.310073
1775296800000,0.09095,0.09109,0.09075,0.09107,7015895.307506
1775300400000,0.09107,0.09128,0.09099,0.09116,14128094.935775
1775304000000,0.09116,0.09119,0.09088,0.09098,6736371.244922
1775307600000,0.09098,0.09116,0.09087,0.09103,7027789.801681
1775311200000,0.09103,0.09116,0.09076,0.09112,9173539.195374
1775314800000,0.09113,0.092,0.0911,0.09178,67395800.601168
1775318400000,0.09179,0.09215,0.09156,0.09184,20902047.384538
1775322000000,0.09186,0.09249,0.09168,0.09224,22682066.544676
1775325600000,0.09223,0.09248,0.09218,0.09224,8038996.363062
1775329200000,0.09226,0.09313,0.09216,0.09228,31343079.85669
1775332800000,0.09229,0.0924,0.092,0.09203,6296554.798946
1775336400000,0.09204,0.09242,0.09197,0.09212,15802505.990165
1775340000000,0.09212,0.09221,0.09201,0.09206,5216135.81156
1775343600000,0.09206,0.09206,0.09182,0.09204,5159289.523355
1775347200000,0.09204,0.09214,0.09171,0.09177,4111977.662609
1775350800000,0.09178,0.09181,0.09144,0.09154,12873341.700706
1775354400000,0.09154,0.09154,0.09131,0.09153,7855305.336861
1775358000000,0.09154,0.09155,0.09132,0.09139,6144909.791325
1775361600000,0.09139,0.09139,0.09103,0.09111,8746024.516221
1775365200000,0.09111,0.09116,0.09055,0.09071,14016653.470081
1775368800000,0.09073,0.09075,0.08991,0.09032,42128187.957025
1775372400000,0.09032,0.09041,0.09001,0.0901,15905631.892529
1775376000000,0.0901,0.09036,0.09001,0.09028,17011071.482391
1775379600000,0.09028,0.09046,0.09018,0.09037,14067458.162261
1775383200000,0.09037,0.09064,0.09025,0.09028,7996265.965539
1775386800000,0.09027,0.09041,0.09021,0.09035,5699459.11742
1775390400000,0.09035,0.09035,0.08973,0.09002,25717622.881318
1775394000000,0.09002,0.0903,0.08971,0.09029,12163857.202827
1775397600000,0.09031,0.09057,0.09017,0.09028,8162300.374772
1775401200000,0.09028,0.09147,0.09002,0.09067,32287665.081491
1775404800000,0.09068,0.09083,0.09029,0.09039,10548583.763635
1775408400000,0.09041,0.09068,0.09022,0.0906,10669874.398204
1775412000000,0.09059,0.09067,0.09029,0.09063,7988848.526736
1775415600000,0.09062,0.09087,0.0903,0.09055,7176406.961479
1775419200000,0.09054,0.09089,0.09047,0.09069,9640035.385769
1775422800000,0.0907,0.09074,0.09035,0.09058,10189570.953183
1775426400000,0.09057,0.09155,0.09026,0.09143,19542766.79524
1775430000000,0.09143,0.09245,0.09129,0.09238,42897219.95939
1775433600000,0.09238,0.09355,0.09238,0.09277,73090842.826363
1775437200000,0.09278,0.09298,0.09148,0.09226,41816535.812966
1775440800000,0.0923,0.09364,0.09225,0.09285,58117720.393918
1775444400000,0.09285,0.09312,0.09216,0.09232,35777393.082552
1775448000000,0.09232,0.0929,0.09226,0.09258,42205569.618637
1775451600000,0.09258,0.09277,0.09229,0.09243,10939003.875211
1775455200000,0.09243,0.0927,0.09193,0.09216,17111474.971304
1775458800000,0.09218,0.09224,0.09175,0.0921,12101131.516396
1775462400000,0.09211,0.0926,0.09195,0.09215,15433141.104056
1775466000000,0.09216,0.09347,0.09216,0.09293,60279665.528128
1775469600000,0.09293,0.09341,0.09292,0.09308,22307116.127894
1775473200000,0.09306,0.09313,0.09282,0.09304,11907792.690128
1775476800000,0.09304,0.09312,0.09232,0.09244,26579301.453442
1775480400000,0.09246,0.09276,0.09224,0.09235,30573737.745329
1775484000000,0.09236,0.09294,0.0921,0.0928,23007523.078687
1775487600000,0.09279,0.09299,0.09251,0.0928,14873081.424787
1775491200000,0.09283,0.09289,0.09222,0.09233,19438689.355467
1775494800000,0.09234,0.09234,0.0916,0.09196,19392764.557407
1775498400000,0.09197,0.09222,0.09184,0.09218,3257584.306582
1775502000000,0.09218,0.09218,0.09166,0.09194,3987559.696927
1775505600000,0.09194,0.09198,0.09174,0.09186,3367476.706085
1775509200000,0.09185,0.09185,0.09139,0.09146,10402758.992849
1775512800000,0.09144,0.09144,0.09041,0.09041,52487831.454298
1775516400000,0.09041,0.09066,0.08992,0.09061,63466943.12279
1775520000000,0.09058,0.09093,0.09047,0.09071,17800603.881551
1775523600000,0.09072,0.09098,0.09038,0.09044,12352236.335926
1775527200000,0.09043,0.09074,0.09025,0.09055,6862318.326683
1775530800000,0.09055,0.09063,0.09044,0.09054,4807531.228617
1775534400000,0.09054,0.0908,0.09031,0.09075,13116300.384006
1775538000000,0.09075,0.09075,0.09041,0.09056,8956239.960194
1775541600000,0.09056,0.09076,0.09026,0.09069,19388136.631528
1775545200000,0.09072,0.0908,0.09059,0.09063,9633199.070853
1775548800000,0.09063,0.09104,0.09061,0.091,5957172.723083
1775552400000,0.091,0.09147,0.09096,0.09128,13629389.987362
1775556000000,0.09129,0.09139,0.09036,0.09056,34964104.605901
1775559600000,0.09057,0.09082,0.09033,0.09053,8813812.177644
1775563200000,0.09054,0.09089,0.09012,0.09067,17813738.449943
1775566800000,0.09067,0.09084,0.09039,0.09047,9484424.05882
1775570400000,0.09048,0.09064,0.09007,0.09021,18340326.19222
1775574000000,0.09022,0.0907,0.09009,0.09041,13821227.549822
1775577600000,0.09041,0.09083,0.09038,0.09062,8966630.616168
1775581200000,0.09064,0.09208,0.09058,0.09173,25208120.593801
1775584800000,0.09174,0.09188,0.09094,0.09117,21890428.168173
1775588400000,0.09116,0.09233,0.09104,0.09227,20302808.586865
1775592000000,0.09228,0.09273,0.09206,0.0921,28730671.304128
1775595600000,0.0921,0.093,0.09201,0.09285,54319825.1077
1775599200000,0.09287,0.09506,0.09282,0.09499,144184435.835573
1775602800000,0.095,0.09605,0.09475,0.09493,135317279.231299
1775606400000,0.09491,0.09524,0.09373,0.09422,77554333.544459
1775610000000,0.09423,0.09463,0.09404,0.09444,22274028.930567
1775613600000,0.09445,0.09499,0.09429,0.09464,24667078.518586
1775617200000,0.09464,0.09483,0.09445,0.09458,10518207.551595
1775620800000,0.09458,0.09506,0.09453,0.09453,20444410.638698
1775624400000,0.09454,0.09496,0.09447,0.09494,14118298.409774
1775628000000,0.09495,0.09497,0.09454,0.0946,30953283.270772
1775631600000,0.09461,0.09484,0.09436,0.09458,13245838.40648
1775635200000,0.09459,0.09489,0.09434,0.09488,19165595.984104
1775638800000,0.09488,0.09494,0.09447,0.09477,26252509.097121
1775642400000,0.09478,0.09559,0.09438,0.09438,43306592.273672
1775646000000,0.09437,0.09465,0.09372,0.09423,35657484.050818
1775649600000,0.09424,0.0945,0.09383,0.09445,22693606.904562
1775653200000,0.09447,0.0951,0.09439,0.09452,36080641.898781
1775656800000,0.0945,0.09459,0.09264,0.09292,43716915.901197
1775660400000,0.09292,0.0935,0.09272,0.09341,18020408.950342
1775664000000,0.09342,0.0936,0.09324,0.09352,17422394.676287
1775667600000,0.09351,0.09413,0.09327,0.09403,13241868.193878
1775671200000,0.09404,0.09408,0.09306,0.09312,16432748.529855
1775674800000,0.09311,0.09319,0.09276,0.0931,10924391.743339
1775678400000,0.0931,0.09327,0.09288,0.09313,5488188.890443
1775682000000,0.09314,0.09377,0.093,0.09359,11843714.78961
1775685600000,0.09359,0.09364,0.09275,0.09281,13339542.395328
1775689200000,0.09281,0.09281,0.09212,0.09242,20373367.47642
1775692800000,0.09241,0.09245,0.0917,0.09207,18402690.671459
1775696400000,0.09205,0.09216,0.09113,0.09162,56743375.820417
1775700000000,0.09162,0.09192,0.09149,0.09166,22405271.561753
1775703600000,0.09168,0.09179,0.09149,0.09155,7295816.868465
1775707200000,0.09154,0.09154,0.09122,0.09124,15193890.235734
1775710800000,0.09124,0.09191,0.09093,0.09145,60440503.198919
1775714400000,0.09145,0.09162,0.09124,0.09152,12114384.293126
1775718000000,0.09153,0.09165,0.09137,0.09141,5677661.488555
1775721600000,0.09141,0.09161,0.09122,0.09149,24166301.10478
1775725200000,0.0915,0.09207,0.0913,0.09196,22567424.717175
1775728800000,0.09197,0.092,0.0917,0.09175,17185991.417403
1775732400000,0.09173,0.09185,0.09155,0.0917,8418934.919217
1775736000000,0.0917,0.0918,0.09144,0.09158,22658774.27762
1775739600000,0.09159,0.09169,0.09106,0.09129,14223745.445558
1775743200000,0.0913,0.09159,0.09098,0.09145,15507582.362711
1775746800000,0.09145,0.09326,0.0913,0.09287,51823722.337184
1775750400000,0.09289,0.0934,0.09209,0.09247,33991801.20776
1775754000000,0.09248,0.09351,0.09247,0.09342,27242721.489603
1775757600000,0.09343,0.09357,0.0929,0.09328,12271812.552068
1775761200000,0.09328,0.09387,0.09307,0.09381,20041537.270216
1775764800000,0.09381,0.09433,0.09377,0.09396,8566654.694992
1775768400000,0.09398,0.09434,0.09368,0.09384,16488567.845971
1775772000000,0.09385,0.095,0.09324,0.0934,28668124.429128
1775775600000,0.09339,0.09347,0.09234,0.0926,16170227.29418
1775779200000,0.09261,0.09268,0.09207,0.09246,14717623.358359
1775782800000,0.09246,0.09283,0.09194,0.09235,14931153.254801
1775786400000,0.09236,0.09283,0.0922,0.09252,20515440.102289
1775790000000,0.09253,0.09275,0.09212,0.09221,10124260.986693
1775793600000,0.09221,0.09294,0.0922,0.09275,9674832.473643
1775797200000,0.09279,0.09319,0.09259,0.09276,10608152.596663
1775800800000,0.09276,0.09306,0.09242,0.09266,7786140.677407
1775804400000,0.09266,0.09284,0.09213,0.0923,14697894.894845
1775808000000,0.0923,0.09253,0.09199,0.09213,21762505.207262
1775811600000,0.09212,0.09254,0.09211,0.09237,6459768.660867
1775815200000,0.09237,0.09238,0.09208,0.09223,8203762.48132
1775818800000,0.09223,0.0927,0.09217,0.0925,15537817.90377
1775822400000,0.0925,0.09313,0.09238,0.09288,32428797.646631
1775826000000,0.09287,0.09313,0.09233,0.09292,16371947.367244
1775829600000,0.09291,0.0942,0.09282,0.09399,63255647.676279
1775833200000,0.09398,0.09458,0.09309,0.09333,50263745.576348
1775836800000,0.09334,0.09406,0.09334,0.09392,14176194.391691
1775840400000,0.09392,0.09395,0.09344,0.09367,3901431.430961
1775844000000,0.09368,0.09422,0.09358,0.09415,5808380.21451
1775847600000,0.09415,0.09526,0.09412,0.09502,52512555.82914
1775851200000,0.09502,0.0952,0.09419,0.09458,17339358.058824
1775854800000,0.09458,0.09464,0.09402,0.09431,11984968.027476
1775858400000,0.09432,0.09436,0.09368,0.09389,8534978.340924
1775862000000,0.0939,0.09392,0.09356,0.09368,8420654.604704
1775865600000,0.09369,0.0938,0.09341,0.09359,8863411.987025
1775869200000,0.09358,0.09375,0.09326,0.09361,16986273.689889
1775872800000,0.09362,0.09401,0.09349,0.09366,14751546.856164
1775876400000,0.09368,0.0941,0.09363,0.09366,10694052.728351
1775880000000,0.09367,0.09385,0.09341,0.09358,8412879.803874
1775883600000,0.09359,0.0936,0.09283,0.09295,21572320.102158
1775887200000,0.09295,0.09295,0.09263,0.09279,17288860.184396
1775890800000,0.09279,0.093,0.09274,0.09289,8058492.335495
1775894400000,0.0929,0.09302,0.09278,0.09286,8779085.589891
1775898000000,0.09285,0.09307,0.09262,0.09298,21533208.868804
1775901600000,0.09298,0.09299,0.09272,0.09289,3586046.505097
1775905200000,0.09288,0.09299,0.09278,0.09295,5268382.088253
1775908800000,0.09295,0.09309,0.0928,0.09298,6115124.003984
1775912400000,0.09298,0.09298,0.09228,0.0926,17072004.95441
1775916000000,0.09262,0.09278,0.09249,0.09266,12232708.151893
1775919600000,0.09266,0.09307,0.09264,0.09277,10118853.901368
1775923200000,0.09278,0.09375,0.09273,0.09339,13690553.741748
1775926800000,0.09338,0.09341,0.09304,0.09305,9091929.521601
1775930400000,0.09306,0.09416,0.09275,0.09395,30663079.437179
1775934000000,0.09395,0.09477,0.09394,0.09469,26014003.011563
1775937600000,0.09469,0.0949,0.09357,0.09387,22838065.593219
1775941200000,0.09387,0.09422,0.09361,0.0939,11784075.936085
1775944800000,0.09391,0.09431,0.09343,0.09368,10255382.953899
1775948400000,0.09368,0.09368,0.09281,0.09308,11595054.280771
1775952000000,0.09309,0.09313,0.09265,0.09305,10933269.412996
1775955600000,0.09306,0.09324,0.09064,0.09111,110303500.403397
1775959200000,0.0911,0.09169,0.09084,0.09156,41622077.428153
1775962800000,0.09154,0.09167,0.09117,0.09118,14242300.570407
1775966400000,0.09118,0.09128,0.09102,0.09119,12950523.126388
1775970000000,0.09119,0.09148,0.09107,0.09144,11029487.806665
1775973600000,0.09144,0.09162,0.09133,0.09141,17867322.059729
1775977200000,0.09139,0.0915,0.0913,0.0914,6133643.99621
1775980800000,0.09139,0.09144,0.09125,0.09131,6116355.944661
1775984400000,0.09131,0.09131,0.09117,0.09123,5489757.725541
1775988000000,0.09123,0.09126,0.09094,0.0911,11018560.935783
1775991600000,0.0911,0.09138,0.09104,0.09133,4080835.103124
1775995200000,0.09133,0.09145,0.09096,0.09105,10095856.761609
1775998800000,0.09105,0.09122,0.09071,0.09074,24796965.097343
1776002400000,0.09075,0.09094,0.09041,0.09052,25463991.045356
1776006000000,0.09053,0.09074,0.09029,0.09067,15814768.782295
1776009600000,0.09066,0.09085,0.09058,0.09073,13538421.808512
1776013200000,0.09074,0.09121,0.09066,0.09112,8433386.139429
1776016800000,0.09113,0.09133,0.09103,0.09112,15933429.86496
1776020400000,0.09112,0.09131,0.0909,0.09093,6764227.676025
1776024000000,0.09093,0.0917,0.09087,0.09153,7374118.693037
1776027600000,0.09154,0.09174,0.09121,0.09137,7751634.258875
1776031200000,0.09136,0.09136,0.09057,0.09104,18815595.923857
1776034800000,0.09102,0.09102,0.09052,0.09085,10695797.323931
1776038400000,0.09085,0.0915,0.09078,0.09134,7480510.581233
1776042000000,0.09134,0.0915,0.09106,0.09144,15133248.706222
1776045600000,0.09143,0.09154,0.09104,0.09112,5007751.610518
1776049200000,0.09113,0.09133,0.09106,0.0912,3741786.458354
1776052800000,0.0912,0.09127,0.09092,0.09096,3502967.790859
1776056400000,0.09096,0.0913,0.09083,0.09126,6374119.350929
1776060000000,0.09127,0.09153,0.09126,0.09146,7478595.337471
1776063600000,0.09147,0.09151,0.09085,0.09089,11276347.602495
1776067200000,0.0909,0.09103,0.09072,0.09093,9255580.983965
1776070800000,0.09093,0.0913,0.09092,0.09101,7281947.266077
1776074400000,0.09101,0.09105,0.09083,0.09091,9994679.243822
1776078000000,0.09091,0.09104,0.09084,0.09094,4321894.926555
1776081600000,0.09094,0.092,0.09086,0.09164,35708349.946608
1776085200000,0.09164,0.09186,0.09081,0.09181,61959375.343272
1776088800000,0.09184,0.09263,0.09149,0.09251,52894293.110225
1776092400000,0.0925,0.09256,0.09155,0.09173,24149510.217195
1776096000000,0.09172,0.09214,0.09137,0.09198,14980345.136254
1776099600000,0.09197,0.0923,0.0914,0.09156,26358128.28689
1776103200000,0.09157,0.09179,0.09138,0.09179,5794561.772561
1776106800000,0.0918,0.09328,0.09173,0.09309,45151987.994264
1776110400000,0.09309,0.09322,0.09244,0.09253,40702769.367298
1776114000000,0.09253,0.09294,0.09246,0.09273,18093243.101727
1776117600000,0.09273,0.09434,0.09272,0.09405,95176906.728689
1776121200000,0.09404,0.09432,0.0937,0.09412,49330827.205971
1776124800000,0.09411,0.09427,0.0934,0.09352,63368410.057147
1776128400000,0.09353,0.09366,0.09306,0.09356,29753777.508037
1776132000000,0.09355,0.09396,0.0934,0.0935,30042556.615522
1776135600000,0.0935,0.09379,0.09339,0.09354,8716458.770493
1776139200000,0.09355,0.09373,0.09324,0.09336,15835839.284533
1776142800000,0.09336,0.09336,0.09271,0.09279,26681978.293762
1776146400000,0.0928,0.09336,0.09279,0.09323,13031031.859956
1776150000000,0.09323,0.09367,0.09321,0.0936,18497061.788565
1776153600000,0.09361,0.09465,0.09341,0.09438,47374469.946573
1776157200000,0.09438,0.09481,0.09423,0.09449,52530614.051741
1776160800000,0.09449,0.0946,0.09379,0.09441,34454580.476396
1776164400000,0.0944,0.09575,0.09383,0.0943,86226981.683282
1776168000000,0.09431,0.09439,0.09369,0.09413,21777853.037139
1776171600000,0.09412,0.09722,0.09405,0.09704,92733037.848068
1776175200000,0.09705,0.098,0.09577,0.09606,138968151.878903
1776178800000,0.09605,0.09639,0.09524,0.09541,64710519.901574
1776182400000,0.0954,0.09602,0.09476,0.09515,43235862.279591
1776186000000,0.09512,0.09531,0.09421,0.09465,25620335.703843
1776189600000,0.09466,0.09493,0.0929,0.09312,50051102.899178
1776193200000,0.09311,0.09335,0.09236,0.09286,25915712.516125
1776196800000,0.09287,0.09298,0.09242,0.09267,21431946.53322
1776200400000,0.09268,0.09333,0.09268,0.09326,17372686.323306
1776204000000,0.09326,0.09338,0.09261,0.09292,20502590.725131
1776207600000,0.09292,0.0932,0.09275,0.09297,14375095.431395
1776211200000,0.09298,0.09356,0.09296,0.0933,20498408.996803
1776214800000,0.09331,0.09363,0.09319,0.09346,16257589.679834
1776218400000,0.09347,0.09362,0.09299,0.09318,9231473.487983
1776222000000,0.09319,0.09339,0.0931,0.09316,10671443.562991
1776225600000,0.09317,0.09371,0.09312,0.09365,11394603.362598
1776229200000,0.09365,0.09391,0.09312,0.09348,13549884.868583
1776232800000,0.09348,0.09351,0.09271,0.09273,21869194.872079
1776236400000,0.09274,0.09329,0.09265,0.09282,18884399.913564
1776240000000,0.09282,0.09322,0.09277,0.09312,11388530.960514
1776243600000,0.09312,0.09322,0.09286,0.09294,17321911.506646
1776247200000,0.09295,0.0933,0.09265,0.09296,14802713.049079
1776250800000,0.09297,0.09378,0.09294,0.09356,14321624.726765
1776254400000,0.09355,0.0938,0.09337,0.09351,13592506.681112
1776258000000,0.09352,0.09364,0.0931,0.09342,14925854.665818
1776261600000,0.09342,0.09416,0.09319,0.09394,27075487.284871
1776265200000,0.09396,0.09402,0.09315,0.0936,18362832.601678
1776268800000,0.09359,0.09453,0.09352,0.09445,39495989.594652
1776272400000,0.09446,0.0951,0.09439,0.09478,20634160.071581
1776276000000,0.09478,0.09532,0.09472,0.0952,11392280.647848
1776279600000,0.0952,0.09679,0.09512,0.09606,47123504.561652
1776283200000,0.09606,0.09616,0.09497,0.09515,22525198.732201
1776286800000,0.09515,0.09533,0.09455,0.09524,15920586.148455
1776290400000,0.09523,0.09594,0.09506,0.09509,14541136.751287
1776294000000,0.0951,0.09513,0.09439,0.09487,18245311.884183
1776297600000,0.09489,0.09499,0.09451,0.09492,8095400.801143
1776301200000,0.09493,0.095,0.09452,0.09486,12131193.505427
1776304800000,0.09486,0.09657,0.09482,0.09594,42361954.912434
1776308400000,0.09593,0.09742,0.09587,0.09702,41610217.710399
1776312000000,0.097,0.09795,0.09664,0.09689,76183698.700081
1776315600000,0.0969,0.09708,0.0961,0.09659,27950968.728472
1776319200000,0.0966,0.09679,0.09612,0.09666,21738152.0143
1776322800000,0.09666,0.09693,0.09621,0.09648,15874579.922683
1776326400000,0.09648,0.09651,0.09593,0.09596,15452544.058074
1776330000000,0.09596,0.0966,0.09583,0.096,22948142.290025
1776333600000,0.09601,0.09602,0.09533,0.09578,40365843.180586
1776337200000,0.09579,0.09645,0.09563,0.09634,31270423.882355
1776340800000,0.09634,0.09728,0.09631,0.09672,32477415.924555
1776344400000,0.09672,0.09773,0.09456,0.09581,82580345.276294
1776348000000,0.09581,0.09609,0.09445,0.09543,78542648.398378
1776351600000,0.09543,0.09734,0.0953,0.09729,64166657.98227
1776355200000,0.09731,0.09853,0.0964,0.09682,98167681.046051
1776358800000,0.09683,0.09784,0.09647,0.09776,36170879.649302
1776362400000,0.09777,0.09987,0.09746,0.09918,75696601.096686
1776366000000,0.09918,0.09975,0.09905,0.09943,39044705.196152
1776369600000,0.09943,0.0998,0.09802,0.09853,51543545.199115
1776373200000,0.09855,0.09925,0.09827,0.0986,27853738.866662
1776376800000,0.0986,0.09916,0.0986,0.0989,20161173.956272
1776380400000,0.0989,0.09978,0.09871,0.09921,23839880.318996
1776384000000,0.09921,0.09937,0.0984,0.0989,33294345.658995
1776387600000,0.0989,0.09961,0.09792,0.09831,34957705.486997
1776391200000,0.09831,0.09849,0.09733,0.0979,57826743.238109
1776394800000,0.09789,0.09811,0.09755,0.09774,13259332.47109
1776398400000,0.09775,0.09789,0.0974,0.0975,17525716.470219
1776402000000,0.0975,0.09753,0.09672,0.09679,27634010.20567
1776405600000,0.09678,0.09775,0.09671,0.09762,12373793.315483
1776409200000,0.09763,0.09853,0.09763,0.09808,31369492.87059
1776412800000,0.09808,0.0988,0.09778,0.09855,51371209.52861
1776416400000,0.09856,0.09952,0.09814,0.09893,65080779.837027
1776420000000,0.09894,0.099,0.09771,0.09801,29960406.401116
1776423600000,0.098,0.09902,0.09799,0.09875,27880627.114526
1776427200000,0.09877,0.10021,0.09845,0.10011,72192456.021623
1776430800000,0.10013,0.1015,0.0999,0.10102,143162587.022436
1776434400000,0.10101,0.10156,0.10054,0.10102,91634359.983799
1776438000000,0.10103,0.10143,0.09983,0.10055,79794624.703428
1776441600000,0.10056,0.10217,0.10052,0.10195,70794018.716228
1776445200000,0.10198,0.10208,0.10011,0.10105,72203342.014961
1776448800000,0.10106,0.10119,0.09985,0.10016,30647990.020287
1776452400000,0.10017,0.10058,0.09979,0.09997,17735561.408976
1776456000000,0.09997,0.10023,0.09943,0.10019,21578110.633162
1776459600000,0.10018,0.10064,0.0998,0.10013,15022912.963068
1776463200000,0.10013,0.10061,0.09999,0.10023,13611533.086447
1776466800000,0.10024,0.10024,0.09878,0.09941,33912302.195024
1776470400000,0.09941,0.09975,0.09909,0.09928,16229516.069491
1776474000000,0.0993,0.09975,0.09891,0.09914,12741272.241179
1776477600000,0.09916,0.09957,0.09879,0.09909,10913092.822272
1776481200000,0.0991,0.09913,0.09813,0.09853,58306222.274602
1776484800000,0.09854,0.09871,0.09808,0.09836,13966002.060125
1776488400000,0.09836,0.09893,0.09834,0.09886,11258347.841331
1776492000000,0.09886,0.09899,0.09854,0.09878,7331387.705566
1776495600000,0.09878,0.09907,0.09872,0.09888,5237221.912092
1776499200000,0.09889,0.09889,0.09653,0.09709,97907970.680682
1776502800000,0.09708,0.09731,0.09661,0.09706,44122177.867282
1776506400000,0.09708,0.09708,0.09638,0.09651,34273242.980356
1776510000000,0.09652,0.09654,0.09555,0.09601,46284610.261166
1776513600000,0.09601,0.09627,0.09571,0.09611,14247274.018068
1776517200000,0.09612,0.09619,0.09547,0.0958,23836247.347596
1776520800000,0.0958,0.09624,0.09556,0.09618,17471061.388697
1776524400000,0.09619,0.09649,0.09585,0.09601,28028164.99416
1776528000000,0.09601,0.09631,0.09551,0.09565,36088951.619415
1776531600000,0.09564,0.09572,0.09528,0.09545,11169793.705092
1776535200000,0.09545,0.09554,0.09415,0.09451,52758065.446914
1776538800000,0.09453,0.09509,0.0945,0.09481,14662429.562952
1776542400000,0.09481,0.09517,0.09462,0.09503,9648366.266433
1776546000000,0.09504,0.09537,0.09483,0.09524,10940587.611951
1776549600000,0.09526,0.09529,0.09489,0.09516,8804554.664749
1776553200000,0.09516,0.09528,0.09475,0.0948,9077388.904658
1776556800000,0.09481,0.09503,0.09464,0.09487,11223952.610986
1776560400000,0.09488,0.0951,0.09469,0.09503,9802125.635166
1776564000000,0.09502,0.09505,0.09439,0.09478,24542692.585277
1776567600000,0.09478,0.09509,0.09449,0.09477,7257816.892763
1776571200000,0.09478,0.09485,0.09416,0.09464,14402532.16332
1776574800000,0.09464,0.09526,0.09452,0.09485,13443917.454326
1776578400000,0.09485,0.09504,0.09452,0.09489,10168216.945702
1776582000000,0.09488,0.0949,0.09348,0.09415,50767985.872772
1776585600000,0.09414,0.09428,0.09394,0.09412,10593888.936508
1776589200000,0.09412,0.09416,0.09356,0.09374,14017548.938336
1776592800000,0.09375,0.09394,0.09348,0.09392,8333493.010904
1776596400000,0.09392,0.09503,0.09387,0.09456,40721795.994086
1776600000000,0.09456,0.09529,0.09451,0.09455,19555806.426886
1776603600000,0.09455,0.0965,0.09452,0.09536,89343359.816376
1776607200000,0.09537,0.09621,0.09486,0.09538,53377595.085881
1776610800000,0.09537,0.0956,0.0943,0.09558,47864277.989662
1776614400000,0.09561,0.09577,0.09427,0.09458,32777052.766021
1776618000000,0.09458,0.09468,0.09379,0.09407,26587229.315703
1776621600000,0.09409,0.0944,0.09389,0.09415,6803363.825207
1776625200000,0.09416,0.09458,0.09412,0.09451,7230377.26655
1776628800000,0.0945,0.0945,0.0937,0.09406,18787118.344972
1776632400000,0.09407,0.0944,0.09381,0.09385,10270752.985781
1776636000000,0.09383,0.09383,0.09262,0.09311,50856407.242601
1776639600000,0.09311,0.09312,0.09255,0.09305,21639873.522226
1776643200000,0.09306,0.09406,0.09292,0.09394,20177418.101232
1776646800000,0.09393,0.0943,0.0937,0.09407,15403828.537393
1776650400000,0.09407,0.09415,0.09368,0.09406,8256798.800659
1776654000000,0.09406,0.09432,0.09374,0.09422,18328677.828958
1776657600000,0.09423,0.09463,0.094,0.09459,12305078.802945
1776661200000,0.09458,0.09471,0.09359,0.09394,33009576.688555
1776664800000,0.09394,0.09448,0.09382,0.09421,35509116.686145
1776668400000,0.09422,0.09545,0.09414,0.09456,49690016.249255
1776672000000,0.09457,0.09467,0.09416,0.09426,17766675.429619
1776675600000,0.09425,0.09469,0.09406,0.09453,17708154.358052
1776679200000,0.09452,0.09502,0.0945,0.0945,8852842.815933
1776682800000,0.09451,0.09477,0.09419,0.09451,15576209.53895
1776686400000,0.09449,0.09506,0.09439,0.09486,25374288.86799
1776690000000,0.09487,0.09502,0.09449,0.09489,19581965.394903
1776693600000,0.0949,0.09537,0.09421,0.0944,22627032.897537
1776697200000,0.0944,0.0954,0.0941,0.09497,32516835.486912
1776700800000,0.09498,0.09498,0.09438,0.09456,13418323.984445
1776704400000,0.09457,0.09524,0.09453,0.09508,9918241.124768
1776708000000,0.0951,0.09578,0.0951,0.09565,24210613.048826
1776711600000,0.09565,0.09573,0.09526,0.09552,6636792.152202
1776715200000,0.09552,0.09591,0.09531,0.09584,12029016.412434
1776718800000,0.09584,0.09612,0.09526,0.09573,13614704.857954
1776722400000,0.09573,0.09594,0.09557,0.09558,8884034.972813
1776726000000,0.09558,0.09558,0.095,0.09521,8001901.380979
1776729600000,0.09522,0.09562,0.09513,0.09551,7208778.191478
1776733200000,0.0955,0.09586,0.09537,0.09541,6785810.630609
1776736800000,0.09542,0.09547,0.0951,0.0951,5240515.079251
1776740400000,0.09509,0.09514,0.09454,0.09487,22204003.802406
1776744000000,0.09487,0.09542,0.09487,0.0952,13321814.740359
1776747600000,0.0952,0.09554,0.09506,0.09545,14037220.575522
1776751200000,0.09546,0.09581,0.09514,0.09537,8161830.64479
1776754800000,0.09538,0.09565,0.09503,0.09528,13534407.782362
1776758400000,0.09527,0.09587,0.09519,0.09537,9950565.953096
1776762000000,0.09538,0.09575,0.09524,0.09568,7516538.108369
1776765600000,0.09569,0.09593,0.09552,0.0958,6491138.433608
1776769200000,0.09579,0.09582,0.09535,0.09544,11026788.958891
1776772800000,0.09545,0.09552,0.09468,0.09501,12074839.291135
1776776400000,0.09501,0.09533,0.09485,0.09521,7942617.17797
1776780000000,0.09522,0.09571,0.09485,0.09496,13090597.998391
1776783600000,0.09497,0.09527,0.09446,0.09479,12643131.556038
1776787200000,0.09479,0.09518,0.09459,0.09463,8632192.145382
1776790800000,0.09465,0.09486,0.09366,0.09443,17080370.628812
1776794400000,0.09443,0.09453,0.09406,0.09449,6190940.328131
1776798000000,0.0945,0.09487,0.09358,0.09384,17284627.898304
1776801600000,0.09386,0.09494,0.0938,0.09463,12084861.763355
1776805200000,0.09463,0.09474,0.09445,0.09466,3105633.281482
1776808800000,0.09466,0.09472,0.09417,0.09447,4011174.965625
1776812400000,0.09445,0.09525,0.0944,0.09518,7335340.162255
1776816000000,0.09519,0.0954,0.09506,0.09517,5220878.783368
1776819600000,0.09517,0.09526,0.09488,0.09499,3539149.884844
1776823200000,0.09499,0.0966,0.09488,0.09654,42819552.404047
1776826800000,0.09655,0.09694,0.09614,0.09627,42058587.302253
1776830400000,0.09629,0.09654,0.09601,0.09627,15238557.705934
1776834000000,0.09628,0.09767,0.09618,0.09713,51237706.866739
1776837600000,0.09715,0.09766,0.09694,0.09765,21884905.623063
1776841200000,0.09765,0.09831,0.09695,0.09753,51653292.249693
1776844800000,0.09754,0.0982,0.09748,0.09787,33150366.587199
1776848400000,0.09787,0.09816,0.09752,0.09755,13330238.21561
1776852000000,0.09756,0.09843,0.09727,0.09821,25539793.846634
1776855600000,0.09821,0.09858,0.09771,0.09802,17782051.105118
1776859200000,0.09802,0.09822,0.09738,0.09761,25465669.121446
1776862800000,0.09761,0.09825,0.09738,0.09801,19765526.321677
1776866400000,0.09801,0.09839,0.09768,0.09802,42501872.881768
1776870000000,0.09802,0.09826,0.09751,0.09788,25866343.203275
1776873600000,0.09789,0.0982,0.09682,0.09698,32456126.232886
1776877200000,0.09697,0.09749,0.09695,0.09725,9397998.04717
1776880800000,0.09725,0.09756,0.09708,0.09709,6745004.56194
1776884400000,0.09711,0.09712,0.09631,0.0967,10234300.365961
1776888000000,0.09669,0.09673,0.09625,0.09633,13088640.614559
1776891600000,0.09633,0.09689,0.09632,0.09675,6330312.313932
1776895200000,0.09674,0.09682,0.09628,0.09644,8997116.142601
1776898800000,0.09644,0.09647,0.09557,0.09561,20563229.319234
1776902400000,0.09562,0.0965,0.09562,0.09625,54465776.231097
1776906000000,0.09626,0.09658,0.09575,0.09633,27661437.407595
1776909600000,0.09635,0.09635,0.09567,0.09589,18617653.75375
1776913200000,0.09589,0.096,0.09525,0.0956,15032321.551496
1776916800000,0.09559,0.09604,0.09554,0.09591,9182226.732164
1776920400000,0.09591,0.09618,0.09568,0.096,10584015.24157
1776924000000,0.09601,0.09645,0.09599,0.09606,9608004.831334
1776927600000,0.09607,0.09613,0.09555,0.09593,18164256.146683
1776931200000,0.09593,0.09627,0.09577,0.09598,11906972.169472
1776934800000,0.09597,0.09598,0.09538,0.09565,10608703.771872
1776938400000,0.09565,0.09576,0.09531,0.09571,15535652.719676
1776942000000,0.09573,0.09628,0.09573,0.09615,7684226.336755
1776945600000,0.09616,0.09694,0.09616,0.0965,17758618.069242
1776949200000,0.09651,0.09664,0.09585,0.09621,20202190.568053
1776952800000,0.0962,0.0971,0.09602,0.09705,25849300.697173
1776956400000,0.09706,0.098,0.09698,0.09736,34760955.74207
1776960000000,0.09736,0.09743,0.09681,0.09689,15290580.375836
1776963600000,0.09689,0.09702,0.09515,0.09611,48559989.876233
1776967200000,0.09612,0.09639,0.0959,0.09592,13403074.123998
1776970800000,0.09591,0.09639,0.09583,0.09622,4551026.341854
1776974400000,0.09621,0.09689,0.09617,0.09666,5975948.294515
1776978000000,0.09666,0.09749,0.09662,0.09711,8652707.615624
1776981600000,0.0971,0.09767,0.0971,0.09724,11254850.782691
1776985200000,0.09722,0.09734,0.09699,0.0971,5885294.876703
1776988800000,0.09711,0.09772,0.09702,0.09763,12614540.110873
1776992400000,0.09763,0.098,0.09705,0.09791,15047510.503045
1776996000000,0.09791,0.09801,0.09762,0.09772,10195170.373185
1776999600000,0.09771,0.09779,0.09686,0.09721,15648448.902253
1777003200000,0.09722,0.09738,0.09696,0.09729,5704630.792889
1777006800000,0.0973,0.09746,0.09696,0.09721,16625170.983004
1777010400000,0.09722,0.09769,0.09697,0.09743,19628781.21643
1777014000000,0.09741,0.09813,0.09741,0.0978,30704816.183323
1777017600000,0.0978,0.09802,0.09745,0.09784,23604011.286757
1777021200000,0.09785,0.09788,0.09682,0.09717,22035468.566166
1777024800000,0.09717,0.09807,0.09705,0.09782,31497045.377185
1777028400000,0.09782,0.0985,0.09781,0.09818,39669179.834636
1777032000000,0.09818,0.09851,0.09763,0.09794,33892656.560836
1777035600000,0.09795,0.09849,0.09766,0.09788,44259464.935554
1777039200000,0.09788,0.09797,0.0973,0.0977,21881290.025329
1777042800000,0.09771,0.0983,0.09724,0.09808,14766394.432685
1777046400000,0.09809,0.09833,0.09768,0.09797,17850586.437236
1777050000000,0.09798,0.09819,0.09764,0.09815,10827722.472088
1777053600000,0.09816,0.09828,0.09767,0.09826,5979203.38795
1777057200000,0.09827,0.09846,0.09812,0.09838,8221968.522847
1777060800000,0.09839,0.0989,0.09809,0.09885,21551991.166963
1777064400000,0.09885,0.09951,0.09858,0.09866,22580931.024694
1777068000000,0.09866,0.0987,0.09787,0.09801,17540925.583014
1777071600000,0.09802,0.09847,0.098,0.09843,5616366.534856
1777075200000,0.09842,0.09843,0.09803,0.09837,8559843.427771
1777078800000,0.09838,0.09908,0.09835,0.09845,26767442.390057
1777082400000,0.09845,0.09871,0.09819,0.0985,14728983.630985
1777086000000,0.09851,0.0989,0.0983,0.09882,5600237.501453
1777089600000,0.09883,0.09892,0.09854,0.09858,3645588.934465
1777093200000,0.09859,0.09859,0.09835,0.09842,6594775.708675
1777096800000,0.09843,0.09862,0.0981,0.09835,23424198.795006
1777100400000,0.09834,0.09908,0.09821,0.09841,21300398.618932
1777104000000,0.0984,0.09865,0.09821,0.09858,14344828.346856
1777107600000,0.09859,0.09866,0.09835,0.09856,3547142.036276
1777111200000,0.09855,0.09864,0.09845,0.09853,3993929.245755
1777114800000,0.09854,0.09854,0.09786,0.09796,10157703.950925
1777118400000,0.09797,0.09809,0.09772,0.09795,9266028.213039
1777122000000,0.09797,0.09838,0.0979,0.09828,7423421.922902
1777125600000,0.09828,0.09854,0.09807,0.09827,5289338.469841
1777129200000,0.09827,0.09878,0.09806,0.09817,9504802.424799
1777132800000,0.09816,0.09832,0.09756,0.09785,10947394.455904
1777136400000,0.09786,0.09803,0.09761,0.09778,17443815.458146
1777140000000,0.09777,0.09792,0.09738,0.0977,12618943.828095
1777143600000,0.0977,0.0978,0.09749,0.09769,2970189.915745
1777147200000,0.09769,0.09794,0.09759,0.09793,2578480.963885
1777150800000,0.09794,0.09805,0.09782,0.09797,3054482.781311
1777154400000,0.09798,0.09823,0.09787,0.09802,4861033.129398
1777158000000,0.09802,0.0982,0.09788,0.098,6390931.09563
1777161600000,0.098,0.09802,0.09771,0.09786,6931209.782902
1777165200000,0.09786,0.09808,0.09778,0.09784,2664684.746928
1777168800000,0.09784,0.09814,0.09757,0.09793,18979902.54823
1777172400000,0.09793,0.09844,0.09765,0.09777,21330311.610941
1777176000000,0.09777,0.09826,0.09748,0.09806,17874830.433722
1777179600000,0.09806,0.09871,0.09805,0.09831,14728172.946002
1777183200000,0.09832,0.09858,0.09831,0.09845,5786871.247234
1777186800000,0.09847,0.09861,0.09837,0.09855,8329658.630729
1777190400000,0.09856,0.09861,0.09831,0.09835,6053559.091931
1777194000000,0.09835,0.09855,0.09829,0.09846,5328481.425289
1777197600000,0.09846,0.09871,0.0983,0.09865,11557460.206573
1777201200000,0.09865,0.09915,0.0986,0.09902,17385363.892147
1777204800000,0.09903,0.09919,0.09848,0.09867,32435981.570575
1777208400000,0.09867,0.09872,0.09811,0.09857,21950122.836256
1777212000000,0.09858,0.09897,0.09843,0.09882,9294873.279384
1777215600000,0.09881,0.09911,0.09873,0.09902,7330802.904821
1777219200000,0.09903,0.09906,0.09863,0.09867,6070217.706172
1777222800000,0.09867,0.09892,0.09849,0.09887,4432067.255583
1777226400000,0.09884,0.09969,0.0987,0.0991,18644129.085632
1777230000000,0.09911,0.09965,0.09911,0.0992,11043473.571071
1777233600000,0.0992,0.09991,0.09907,0.09907,15381575.483913
1777237200000,0.09907,0.09943,0.09869,0.09937,24599803.306366
1777240800000,0.09937,0.09975,0.09898,0.09915,10905073.809677
1777244400000,0.09914,0.09957,0.0988,0.09922,7779538.975767
1777248000000,0.09923,0.09996,0.09888,0.09993,14811610.276982
1777251600000,0.09994,0.10041,0.0994,0.10028,39112148.994065
1777255200000,0.10029,0.1007,0.09989,0.10041,17185237.613549
1777258800000,0.10041,0.10083,0.1002,0.10022,10197591.718568
1777262400000,0.10022,0.10054,0.09983,0.10001,19801673.702712
1777266000000,0.10002,0.10004,0.09795,0.09839,68569182.951723
1777269600000,0.09839,0.09842,0.09761,0.09798,26964837.530485
1777273200000,0.098,0.09812,0.09766,0.09784,37353555.134749
1777276800000,0.09783,0.09828,0.09771,0.09828,9753411.877072
1777280400000,0.09829,0.09844,0.09795,0.09827,28423668.772196
1777284000000,0.09828,0.09843,0.09806,0.0981,13147644.200663
1777287600000,0.09811,0.09851,0.09778,0.09851,21429952.518721
1777291200000,0.09851,0.09851,0.09809,0.09814,4991287.59518
1777294800000,0.09815,0.0985,0.0979,0.09818,6395726.719977
1777298400000,0.09817,0.09924,0.09811,0.09877,26178147.924025
1777302000000,0.09882,0.09882,0.0968,0.0972,69406723.85573
1777305600000,0.0972,0.09787,0.09707,0.09748,15556201.631842
1777309200000,0.09749,0.098,0.09749,0.09776,11042916.914688
1777312800000,0.09776,0.09814,0.09769,0.09785,8612368.838282
1777316400000,0.09782,0.09812,0.09741,0.09786,7216476.647645
1777320000000,0.09786,0.09816,0.09786,0.09807,2589633.241085
1777323600000,0.09807,0.09825,0.09792,0.09797,4199567.646347
1777327200000,0.09798,0.09875,0.09794,0.09875,10219299.924937
1777330800000,0.09874,0.0991,0.09862,0.09894,11074358.064421
1777334400000,0.09893,0.09921,0.09857,0.09897,11063754.55708
1777338000000,0.09896,0.09944,0.09891,0.09921,14636545.982829
1777341600000,0.09922,0.09954,0.09878,0.09916,19117290.373726
1777345200000,0.09916,0.09944,0.09897,0.09932,11989921.246099
1777348800000,0.09933,0.10099,0.0993,0.09961,59564030.303352
1777352400000,0.09962,0.1005,0.0996,0.10027,57934200.374587
1777356000000,0.10027,0.10043,0.09907,0.0995,70478659.15337
1777359600000,0.09951,0.09973,0.09895,0.09963,11105366.384636
1777363200000,0.09964,0.09997,0.09927,0.09975,15498598.429286
1777366800000,0.09974,0.0999,0.099,0.09923,8425011.687722
1777370400000,0.09924,0.09939,0.09911,0.09922,4212990.316816
1777374000000,0.09923,0.09928,0.09851,0.09863,18223935.45913
1777377600000,0.09863,0.09902,0.09831,0.09902,17297805.480263
1777381200000,0.09901,0.09917,0.09841,0.09869,31132001.208164
1777384800000,0.09869,0.0989,0.09808,0.09889,20010921.41269
1777388400000,0.0989,0.09954,0.09874,0.09954,16980101.310651
1777392000000,0.09953,0.09978,0.09917,0.0997,16242684.920404
1777395600000,0.09971,0.09971,0.09919,0.09932,7023615.528192
1777399200000,0.09934,0.09965,0.0992,0.09954,6502967.881374
1777402800000,0.09954,0.09985,0.09929,0.09971,5477921.473994
1777406400000,0.09972,0.09986,0.09961,0.09973,3299460.393501
1777410000000,0.09972,0.09994,0.09914,0.09947,26728503.832475
1777413600000,0.09948,0.10019,0.09941,0.09949,30025395.345035
1777417200000,0.09949,0.09949,0.09884,0.09934,17747120.269379
1777420800000,0.09935,0.10006,0.09924,0.09988,33758962.365709
1777424400000,0.09989,0.10025,0.09944,0.10011,16916949.181984
1777428000000,0.10013,0.10032,0.09976,0.09995,8410846.639742
1777431600000,0.09996,0.10143,0.09992,0.10134,56849650.366102
1777435200000,0.10135,0.1025,0.10111,0.10178,50980405.39962
1777438800000,0.10179,0.1024,0.1016,0.10228,40733838.557711
1777442400000,0.10229,0.10244,0.1018,0.10213,28397939.874532
1777446000000,0.10214,0.10568,0.10207,0.10493,152979193.221217
1777449600000,0.10497,0.10596,0.10462,0.10541,101930983.643343
1777453200000,0.10541,0.1122,0.10519,0.10946,269034093.780492
1777456800000,0.10946,0.11062,0.10925,0.11008,118721202.878776
1777460400000,0.11008,0.11062,0.10944,0.10966,69696085.128364
1777464000000,0.10966,0.1097,0.10649,0.10718,136085748.851965
1777467600000,0.10717,0.10765,0.1052,0.10636,66958856.089909
1777471200000,0.10636,0.10656,0.1045,0.10516,60901668.670877
1777474800000,0.10516,0.10539,0.10294,0.10337,97828707.478355
1777478400000,0.10335,0.10389,0.1018,0.10228,68247251.316103
1777482000000,0.10228,0.10432,0.10212,0.10397,72872198.495784
1777485600000,0.10396,0.10406,0.10094,0.10218,81102347.621186
1777489200000,0.10219,0.10223,0.10105,0.10145,17597778.950311
1777492800000,0.10145,0.10258,0.10143,0.10212,17022943.243252
1777496400000,0.10214,0.10367,0.10197,0.10325,19488071.919808
1777500000000,0.10325,0.10381,0.10298,0.10353,21360553.051513
1777503600000,0.10353,0.10424,0.10344,0.10409,21330806.722659
1777507200000,0.1041,0.10833,0.10396,0.10798,88270095.112422
1777510800000,0.10797,0.1084,0.10634,0.10691,58663935.338647
1777514400000,0.10692,0.10731,0.10457,0.10538,59550134.205003
1777518000000,0.10538,0.10745,0.10504,0.10677,34257187.191405
1777521600000,0.10676,0.10682,0.10479,0.105,32986856.850902
1777525200000,0.10501,0.10592,0.10434,0.10544,41244277.607027
1777528800000,0.10543,0.10638,0.10529,0.10627,24069567.816053
1777532400000,0.10626,0.10708,0.10597,0.10701,22547979.878199
1777536000000,0.10701,0.10727,0.10641,0.10692,26947030.40651
1777539600000,0.10693,0.10812,0.10675,0.10746,37124030.053427
1777543200000,0.10747,0.10782,0.10622,0.10668,30991271.208446
1777546800000,0.1067,0.10688,0.10566,0.10637,23211974.093196
1777550400000,0.10638,0.10681,0.10616,0.10635,11910728.713658
1777554000000,0.10635,0.1075,0.106,0.10675,22289483.374228
1777557600000,0.10676,0.10733,0.1059,0.10645,29871925.476946
1777561200000,0.10645,0.10753,0.10603,0.10708,19095783.538874
1777564800000,0.10708,0.10716,0.10612,0.10628,15957514.553411
1777568400000,0.1063,0.10649,0.10544,0.10574,18428981.517982
1777572000000,0.10574,0.1062,0.10542,0.10559,14412080.362606
1777575600000,0.10559,0.10632,0.10545,0.10618,9792212.601073
1777579200000,0.10616,0.10675,0.10585,0.10656,11000693.205651
1777582800000,0.10656,0.10685,0.10631,0.10631,6198964.874404
1777586400000,0.10631,0.10667,0.10602,0.10629,7929578.047143
1777590000000,0.10632,0.10664,0.10612,0.10651,4577251.268256
1777593600000,0.1065,0.10791,0.10641,0.10757,31403734.825895
1777597200000,0.1076,0.10926,0.10752,0.10903,53229273.777278
1777600800000,0.10904,0.10938,0.10829,0.10842,29657697.451775
1777604400000,0.1084,0.10983,0.10805,0.10909,37485086.202321
1777608000000,0.10909,0.10941,0.10825,0.10884,24884086.488347
1777611600000,0.10885,0.10945,0.10885,0.1091,14514157.945408
1777615200000,0.10911,0.10921,0.10834,0.1084,21400700.805508
1777618800000,0.10841,0.10852,0.10793,0.10824,18998902.913522
1777622400000,0.10825,0.10892,0.10801,0.1085,26863454.356872
1777626000000,0.10851,0.10867,0.10744,0.10774,30953795.646129
1777629600000,0.10775,0.10841,0.10722,0.10833,23920993.760073
1777633200000,0.10835,0.10919,0.10828,0.10884,43655249.630416
1777636800000,0.10884,0.10932,0.10862,0.10894,26168885.440835
1777640400000,0.10894,0.11054,0.10894,0.10972,99564685.730087
1777644000000,0.10972,0.10989,0.109,0.10962,35462251.378789
1777647600000,0.10962,0.10992,0.10886,0.10943,45319266.829668
1777651200000,0.10942,0.10969,0.10832,0.10894,37006020.949964
1777654800000,0.10893,0.10912,0.10851,0.10897,15139526.290382
1777658400000,0.10898,0.10903,0.10857,0.10896,5912277.155557
1777662000000,0.10897,0.10924,0.10876,0.10907,7116745.680687
1777665600000,0.10908,0.10921,0.10826,0.1085,8870622.962899
1777669200000,0.10849,0.10965,0.10843,0.10939,13020235.195685
1777672800000,0.10941,0.10957,0.10838,0.10848,18982323.236923
1777676400000,0.10847,0.10855,0.10774,0.10854,21558580.896813
1777680000000,0.10854,0.10935,0.1085,0.10872,22823844.547488
1777683600000,0.10873,0.10896,0.10849,0.10865,5861702.264814
1777687200000,0.10864,0.10873,0.1082,0.10848,6582109.504511
1777690800000,0.1085,0.10862,0.10809,0.10818,8915714.956065
1777694400000,0.10818,0.10838,0.10784,0.10808,12075254.230145
1777698000000,0.10808,0.10815,0.10741,0.10753,13704586.187966
1777701600000,0.10754,0.10811,0.10752,0.10809,4762136.279893
1777705200000,0.10807,0.10816,0.10789,0.10791,5784138.718269
1777708800000,0.10792,0.108,0.10766,0.10768,3822265.879898
1777712400000,0.10769,0.108,0.10755,0.10778,10090373.052899
1777716000000,0.10778,0.10806,0.10775,0.10778,3955326.080921
1777719600000,0.10776,0.10787,0.10743,0.10776,8436153.933386
1777723200000,0.10774,0.1079,0.10717,0.10762,17510506.605237
1777726800000,0.10762,0.1088,0.10762,0.1086,13782974.612606
1777730400000,0.1086,0.10914,0.10836,0.10871,22445876.124696
1777734000000,0.10872,0.1092,0.10868,0.10901,13998099.037301
1777737600000,0.10902,0.10935,0.10863,0.10899,10779211.25914
1777741200000,0.10898,0.1091,0.10862,0.10876,3902582.933766
1777744800000,0.10875,0.10875,0.10827,0.10838,5269918.071369
1777748400000,0.10839,0.10855,0.10828,0.10842,3062902.315286
1777752000000,0.10843,0.10886,0.10835,0.10881,4021960.936627
1777755600000,0.10882,0.10909,0.108,0.10876,18299240.576929
1777759200000,0.10877,0.10921,0.10845,0.10879,15472883.314661
1777762800000,0.10878,0.10883,0.10825,0.10854,12090295.009459
1777766400000,0.10852,0.10859,0.10792,0.10823,10669814.624223
1777770000000,0.10825,0.10825,0.10751,0.10768,17574001.647486
1777773600000,0.10767,0.10781,0.10714,0.10752,24253019.548676
1777777200000,0.10753,0.10796,0.10739,0.10785,11477283.770666
1777780800000,0.10784,0.10823,0.10774,0.10791,9655258.652084
1777784400000,0.10791,0.10814,0.10779,0.10795,6483732.43633
1777788000000,0.10796,0.10798,0.10747,0.10784,8771545.423225
1777791600000,0.10784,0.10823,0.10784,0.10791,6444840.837784
1777795200000,0.10792,0.10818,0.10791,0.108,3041758.662029
1777798800000,0.108,0.10834,0.1079,0.10817,3362878.382614
1777802400000,0.10818,0.10824,0.1076,0.10766,8603540.916856
1777806000000,0.10767,0.10883,0.1075,0.1087,22237842.967066
1777809600000,0.1087,0.10936,0.10868,0.10878,17267408.23378
1777813200000,0.10879,0.10903,0.10851,0.10863,8548158.100857
1777816800000,0.10862,0.10888,0.10848,0.10864,5251266.641444
1777820400000,0.10864,0.10896,0.10829,0.10848,6395922.326206
1777824000000,0.10849,0.10862,0.10808,0.1083,7832354.886002
1777827600000,0.1083,0.10876,0.10802,0.10848,4198150.93389
1777831200000,0.10849,0.10862,0.10832,0.10843,2426449.098782
1777834800000,0.10843,0.10878,0.10834,0.10864,2914726.971081
1777838400000,0.10862,0.10926,0.10856,0.10879,7738147.416958
1777842000000,0.1088,0.10913,0.10775,0.10814,10074843.596207
1777845600000,0.10816,0.10965,0.10816,0.10929,15763710.571098
1777849200000,0.10928,0.10945,0.10821,0.10828,17369310.438711
1777852800000,0.1083,0.10906,0.10768,0.10898,20640753.020083
1777856400000,0.10899,0.11338,0.10898,0.11253,130488629.64932
1777860000000,0.11254,0.11347,0.1115,0.11304,71881801.809794
1777863600000,0.11305,0.11376,0.11216,0.11297,43154842.66913
1777867200000,0.11298,0.11355,0.11281,0.11306,24181238.872682
1777870800000,0.11307,0.11319,0.11238,0.11251,14640114.856866
1777874400000,0.1125,0.11262,0.11097,0.11204,38250886.132556
1777878000000,0.11206,0.11272,0.1119,0.11233,16201663.146423
1777881600000,0.11231,0.11244,0.11187,0.11194,8185202.291552
1777885200000,0.11194,0.11239,0.1115,0.11188,9168238.66892
1777888800000,0.1119,0.11194,0.1087,0.11029,107527813.554669
1777892400000,0.11029,0.11073,0.11004,0.11053,19822315.64125
1777896000000,0.11051,0.11095,0.11027,0.11039,12323493.474362
1777899600000,0.11038,0.1113,0.10985,0.11072,32170266.958835
1777903200000,0.11072,0.11267,0.1102,0.11203,39034497.775384
1777906800000,0.11204,0.11213,0.10962,0.11025,57900530.222756
1777910400000,0.11024,0.11092,0.10986,0.11054,23573732.516577
1777914000000,0.11056,0.11163,0.11047,0.11118,17122873.258714
1777917600000,0.1112,0.11137,0.11072,0.11107,6316881.353555
1777921200000,0.11108,0.11111,0.11023,0.1104,7861752.307466
1777924800000,0.11042,0.11045,0.11002,0.11026,5621733.191958
1777928400000,0.11026,0.11096,0.11016,0.11058,6790948.102238
1777932000000,0.11057,0.11092,0.11014,0.11033,9238807.528137
1777935600000,0.11034,0.11035,0.11001,0.11009,4987966.086877
1777939200000,0.11013,0.11096,0.10999,0.11079,15932812.752604
1777942800000,0.11079,0.1113,0.11053,0.11098,14621204.578954
1777946400000,0.11098,0.11169,0.11096,0.11131,10860253.633922
1777950000000,0.11132,0.1118,0.11123,0.1114,11682277.276336
1777953600000,0.11139,0.11179,0.11127,0.11141,10968742.512037
1777957200000,0.11141,0.11196,0.11129,0.11164,16134080.726616
1777960800000,0.11164,0.11177,0.11124,0.1117,7543430.987117
1777964400000,0.11172,0.11188,0.11132,0.11145,9336944.713889
1777968000000,0.11145,0.11167,0.11129,0.1116,15030445.97086
1777971600000,0.11161,0.11164,0.11074,0.1111,13235297.871051
1777975200000,0.1111,0.11182,0.111,0.11179,9873794.574307
1777978800000,0.11178,0.11214,0.11136,0.11195,19700908.910124
1777982400000,0.11195,0.11218,0.11178,0.11204,11072737.541232
1777986000000,0.11204,0.11285,0.11192,0.1124,33802421.06036
1777989600000,0.11241,0.11281,0.11154,0.11233,32429593.274197
1777993200000,0.11232,0.11293,0.11223,0.11239,13339065.668971
1777996800000,0.1124,0.11263,0.11164,0.11255,31997974.48402
1778000400000,0.11255,0.11448,0.11246,0.11368,43477546.781364
1778004000000,0.11368,0.11413,0.11328,0.1134,12055723.086473
1778007600000,0.11339,0.11406,0.1133,0.11356,16417058.096685
1778011200000,0.11356,0.11425,0.11311,0.11403,11005815.741799
1778014800000,0.11402,0.11572,0.11354,0.1154,31865821.122654
1778018400000,0.11541,0.1165,0.11484,0.11533,46370553.142794
1778022000000,0.11532,0.11592,0.11438,0.11485,24509049.76188
1778025600000,0.11485,0.11506,0.11381,0.11435,23179308.183399
1778029200000,0.11435,0.11543,0.11417,0.115,25980167.926785
1778032800000,0.11502,0.11566,0.1145,0.11563,27298921.392552
1778036400000,0.11563,0.1161,0.11495,0.11592,24675912.203577
1778040000000,0.11594,0.11598,0.11496,0.11502,16593180.83873
1778043600000,0.11501,0.11615,0.11479,0.11586,23929797.536969
1778047200000,0.11587,0.11602,0.11514,0.11536,20877167.825465
1778050800000,0.11535,0.11637,0.11474,0.11572,48682992.18117
1778054400000,0.11572,0.11687,0.1156,0.11682,22472123.740973
1778058000000,0.11681,0.11688,0.11581,0.11637,48056801.342902
1778061600000,0.11638,0.11676,0.11596,0.11645,19937064.113355
1778065200000,0.11645,0.11707,0.11625,0.11658,22133694.319972
1778068800000,0.11658,0.11676,0.11595,0.1161,16690029.059994
1778072400000,0.1161,0.1161,0.11144,0.1128,147068950.886395
1778076000000,0.1128,0.11378,0.11187,0.11287,50296017.151
1778079600000,0.11288,0.11359,0.11279,0.11309,17341464.733819
1778083200000,0.11309,0.11364,0.11258,0.11322,27366516.382213
1778086800000,0.11322,0.11359,0.11295,0.11315,10357768.459541
1778090400000,0.11315,0.11337,0.11274,0.11275,12089588.775447
1778094000000,0.11274,0.11303,0.11253,0.11297,6066318.360591
1778097600000,0.11297,0.11326,0.11234,0.11276,6800315.205205
1778101200000,0.11277,0.11315,0.11262,0.11303,10312519.417101
1778104800000,0.11304,0.11305,0.1122,0.11242,9173854.167508
1778108400000,0.11242,0.11252,0.11198,0.11249,14459647.697466
1778112000000,0.11248,0.11253,0.11134,0.11146,25779141.983274
1778115600000,0.11147,0.11156,0.11036,0.11114,38770882.169711
1778119200000,0.11114,0.11124,0.1102,0.11063,20536262.929508
1778122800000,0.11061,0.11085,0.1102,0.1103,8315569.745062
1778126400000,0.11031,0.11077,0.11008,0.11066,13576402.056157
1778130000000,0.11067,0.1114,0.11043,0.11077,31647448.321729
1778133600000,0.11077,0.1115,0.11043,0.11148,14601023.883351
1778137200000,0.11148,0.11181,0.11125,0.11167,16287765.218583
1778140800000,0.11171,0.11183,0.11133,0.11148,12883975.945986
1778144400000,0.11149,0.11187,0.11127,0.11139,25115037.112588
1778148000000,0.11139,0.11183,0.11075,0.11104,10677230.777024
1778151600000,0.11105,0.11142,0.11082,0.11112,6320865.578397
1778155200000,0.11112,0.1116,0.11108,0.11155,7919306.497834
1778158800000,0.11154,0.11154,0.108,0.10936,66289278.569112
1778162400000,0.10944,0.10974,0.1084,0.10901,47184377.816416
1778166000000,0.10902,0.10954,0.10675,0.10802,72797929.268654
1778169600000,0.10802,0.1083,0.10745,0.10767,24429432.907542
1778173200000,0.1077,0.10806,0.10712,0.108,13726109.817314
1778176800000,0.10801,0.10859,0.10783,0.10808,11893877.648448
1778180400000,0.10808,0.10836,0.10777,0.10796,8898514.03816
1778184000000,0.10798,0.10849,0.10781,0.10781,5154046.211249
1778187600000,0.10781,0.10815,0.10739,0.10775,12255972.366303
1778191200000,0.10775,0.1079,0.10741,0.10774,8354655.321203
1778194800000,0.10773,0.10801,0.10755,0.10787,11753684.245689
1778198400000,0.10787,0.10808,0.10682,0.10698,29769721.85701
1778202000000,0.10699,0.1071,0.10617,0.10669,20733649.302223
1778205600000,0.1067,0.10671,0.10581,0.10635,20281249.363275
1778209200000,0.10636,0.10666,0.10587,0.10641,10780756.099968
1778212800000,0.10641,0.10665,0.10625,0.1065,5785138.01966
1778216400000,0.1065,0.10656,0.10593,0.10596,11579968.51083
1778220000000,0.10595,0.10644,0.10562,0.1063,15245928.445104
1778223600000,0.1063,0.10653,0.1059,0.10633,20858200.850028
1778227200000,0.10633,0.1072,0.1062,0.10702,16761778.45145
1778230800000,0.10703,0.10776,0.10678,0.10716,22682116.67946
1778234400000,0.10717,0.10767,0.10679,0.10741,12924055.573607
1778238000000,0.10743,0.10767,0.10725,0.10741,12450834.268039
1778241600000,0.10741,0.10767,0.10656,0.10671,20366400.085314
1778245200000,0.10672,0.10694,0.10631,0.10677,7617362.141493
1778248800000,0.10678,0.10797,0.10672,0.10779,23890238.117009
1778252400000,0.10779,0.10821,0.10693,0.10809,13114234.093661
1778256000000,0.10809,0.10816,0.10728,0.10743,15126367.883432
1778259600000,0.10741,0.10846,0.10738,0.10806,13877804.655287
1778263200000,0.10807,0.10904,0.10807,0.10851,14569779.160139
1778266800000,0.10852,0.10909,0.10829,0.10897,10062002.504152
1778270400000,0.10898,0.10947,0.10849,0.10872,9430565.653277
1778274000000,0.1087,0.10936,0.10849,0.10934,10481030.227825
1778277600000,0.10933,0.10968,0.1092,0.10958,7899434.002406
1778281200000,0.10959,0.1096,0.10915,0.10953,7891418.306692
1778284800000,0.10953,0.10986,0.10938,0.10951,9688427.854373
1778288400000,0.10951,0.1109,0.10947,0.1105,20908096.765955
1778292000000,0.1105,0.11118,0.11045,0.11051,22289623.86929
1778295600000,0.11052,0.11096,0.11015,0.11036,10788291.764296
1778299200000,0.11037,0.11137,0.11037,0.11065,31060390.533699
1778302800000,0.11065,0.11079,0.10998,0.11067,15342852.911693
1778306400000,0.11068,0.11133,0.11034,0.11066,25545146.839504
1778310000000,0.11068,0.11069,0.10987,0.11021,20389209.070738
1778313600000,0.11021,0.11066,0.11019,0.11036,3061061.523691
1778317200000,0.11036,0.11037,0.10961,0.10994,9485145.774177
1778320800000,0.10995,0.10995,0.10937,0.10969,13162008.452302
1778324400000,0.10968,0.10988,0.10952,0.10958,9933670.316691
1778328000000,0.10958,0.10974,0.10908,0.10943,10755281.247959
1778331600000,0.10943,0.10945,0.10872,0.10922,20290677.575437
1778335200000,0.10922,0.10923,0.10832,0.10847,11666132.434078
1778338800000,0.10848,0.1088,0.1081,0.10863,11067650.696829
1778342400000,0.10864,0.10921,0.10847,0.10891,9689233.803226
1778346000000,0.10892,0.10965,0.10892,0.10946,5133936.429784
1778349600000,0.10945,0.10999,0.10945,0.10963,3528550.167412
1778353200000,0.10964,0.10979,0.10952,0.10971,1779867.27478
1778356800000,0.10972,0.10973,0.10929,0.10938,8115754.110789
1778360400000,0.10937,0.10954,0.10907,0.10932,3884237.996738
1778364000000,0.10933,0.10941,0.109,0.10905,3997575.100594
1778367600000,0.10907,0.10924,0.10858,0.10875,5093611.551989
1778371200000,0.10873,0.10895,0.1083,0.10841,6593352.164805
1778374800000,0.10845,0.10845,0.10781,0.10811,9187309.735976
1778378400000,0.10811,0.109,0.10793,0.1086,13653315.95407
1778382000000,0.10861,0.10887,0.10845,0.1085,6508309.478728
1778385600000,0.1085,0.10873,0.10836,0.10853,4724000.043073
1778389200000,0.1085,0.10868,0.10836,0.10843,12054655.381856
1778392800000,0.10842,0.10851,0.1082,0.10844,4216954.964793
1778396400000,0.10845,0.10876,0.10832,0.10855,5650760.954386
1778400000000,0.10855,0.10896,0.1085,0.10874,11456806.878742
1778403600000,0.10875,0.10918,0.10851,0.10857,15502337.447157
1778407200000,0.10857,0.10876,0.10784,0.10871,24140402.232435
1778410800000,0.10872,0.10884,0.10795,0.1082,11468630.401144
1778414400000,0.10821,0.10833,0.10793,0.10814,19534032.403808
1778418000000,0.10813,0.10847,0.10802,0.10831,17128766.94468
1778421600000,0.10829,0.10849,0.10789,0.1083,9148248.657138
1778425200000,0.10832,0.10912,0.10827,0.10911,10938349.22747
1778428800000,0.10912,0.10974,0.10888,0.10966,19526819.498758
1778432400000,0.10966,0.11113,0.10947,0.1109,33762455.902611
1778436000000,0.1109,0.11166,0.11066,0.11104,38603913.00219
1778439600000,0.11103,0.11153,0.11032,0.1111,14639982.968555
1778443200000,0.1111,0.11157,0.10642,0.10795,66673185.535206
1778446800000,0.10794,0.10894,0.10769,0.10832,23537704.023704
1778450400000,0.1083,0.11214,0.10811,0.11188,79308606.561087
1778454000000,0.11189,0.11285,0.11138,0.11246,73234151.776189
1778457600000,0.11246,0.11272,0.10983,0.11048,59540958.519596
1778461200000,0.11049,0.11177,0.11001,0.11066,29024444.109041
1778464800000,0.11065,0.11092,0.10945,0.10982,19853139.496241
1778468400000,0.10983,0.10985,0.10834,0.10912,28904351.461392
1778472000000,0.10912,0.11002,0.10882,0.10952,18327681.815298
1778475600000,0.10953,0.11008,0.10939,0.10984,9812885.35541
1778479200000,0.10984,0.11013,0.10925,0.10957,9643363.372892
1778482800000,0.10957,0.10957,0.10861,0.10925,15814808.259671
1778486400000,0.10929,0.10974,0.10875,0.10946,16614664.536815
1778490000000,0.10946,0.11001,0.10946,0.10973,9470732.737469
1778493600000,0.10971,0.11039,0.10965,0.10999,10907311.215665
1778497200000,0.10999,0.1104,0.10957,0.11032,6374165.424975
1778500800000,0.11033,0.1105,0.10942,0.10955,9584566.678137
1778504400000,0.10957,0.11006,0.10905,0.10994,15998525.744754
1778508000000,0.10994,0.11072,0.10891,0.10972,26791422.463431
1778511600000,0.10971,0.11099,0.10938,0.1109,27423743.487672
1778515200000,0.11092,0.1116,0.11066,0.11117,23923345.301393
1778518800000,0.11118,0.11181,0.11074,0.11137,17442640.612868
1778522400000,0.11138,0.11149,0.11055,0.11058,11672161.28047
1778526000000,0.11058,0.11181,0.11039,0.1116,17926832.680151
1778529600000,0.11162,0.11179,0.11124,0.11145,8900796.516742
1778533200000,0.11145,0.11164,0.111,0.11113,9058281.688794
1778536800000,0.11113,0.11161,0.11101,0.11145,7929025.410935
1778540400000,0.11145,0.11145,0.11096,0.1113,7669455.877029
1778544000000,0.1113,0.11161,0.11107,0.11132,12737778.987024
1778547600000,0.11132,0.11151,0.1097,0.11083,21789470.865137
1778551200000,0.11082,0.11148,0.1105,0.11078,15149895.627582
1778554800000,0.11076,0.11092,0.10998,0.11009,6818734.354449
1778558400000,0.1101,0.11043,0.10979,0.10987,16198315.342394
1778562000000,0.10988,0.11055,0.10984,0.11038,19759112.482057
1778565600000,0.1104,0.11128,0.11028,0.11054,22698401.139764
1778569200000,0.11054,0.11057,0.10976,0.10988,17931720.202907
1778572800000,0.10989,0.1103,0.10921,0.1098,24014308.470561
1778576400000,0.1098,0.1099,0.10923,0.10977,21729206.827738
1778580000000,0.10978,0.10978,0.10891,0.10914,18716326.389047
1778583600000,0.10918,0.10949,0.10853,0.10943,18149654.151862
1778587200000,0.10943,0.10963,0.10877,0.10921,15582145.759309
1778590800000,0.10921,0.10938,0.10819,0.10843,23244339.41285
1778594400000,0.10848,0.10923,0.10791,0.10882,21169374.031672
1778598000000,0.10883,0.10911,0.10819,0.10867,15422165.999396
1778601600000,0.10868,0.10907,0.10752,0.10792,23907126.258785
1778605200000,0.10792,0.10928,0.10791,0.10906,21058222.76283
1778608800000,0.10907,0.10952,0.10891,0.10928,4930103.949676
1778612400000,0.1093,0.11027,0.10921,0.10985,11312829.672909
1778616000000,0.10985,0.11029,0.10981,0.11018,7124430.911049
1778619600000,0.11017,0.11069,0.10989,0.11,17394279.268152
1778623200000,0.11001,0.11041,0.11,0.11027,4985377.852574
1778626800000,0.11028,0.11045,0.10986,0.11015,6917788.876347
1778630400000,0.11013,0.11074,0.10992,0.11066,6853054.113332
1778634000000,0.11067,0.11176,0.11063,0.11113,31297712.121193
1778637600000,0.11113,0.11149,0.11082,0.11109,9533221.406352
1778641200000,0.11109,0.11171,0.11106,0.11169,10481527.380971
1778644800000,0.1117,0.11276,0.11129,0.11219,40825136.228176
1778648400000,0.1122,0.1127,0.11161,0.11205,26339444.547299
1778652000000,0.11205,0.11245,0.11176,0.11183,15450269.501326
1778655600000,0.11181,0.1124,0.11141,0.1123,22726403.95969
1778659200000,0.11232,0.11246,0.11195,0.11232,14813351.489609
1778662800000,0.11233,0.11464,0.11231,0.11424,77832384.09876
1778666400000,0.11425,0.1145,0.11349,0.11379,37539141.813389
1778670000000,0.11378,0.11407,0.11241,0.11269,26604396.95781
1778673600000,0.11269,0.11312,0.11092,0.11181,43016967.783518
1778677200000,0.11187,0.11238,0.11048,0.11055,30580346.480468
1778680800000,0.11052,0.11187,0.10994,0.11183,28690109.960896
1778684400000,0.11186,0.11222,0.10963,0.10993,32854469.288679
1778688000000,0.10994,0.11213,0.10989,0.11198,26106893.887813
1778691600000,0.11199,0.11338,0.11196,0.11314,28772429.937729
1778695200000,0.11315,0.11473,0.11315,0.11339,31036862.016173
1778698800000,0.11339,0.11353,0.11239,0.11297,18119856.327995
1778702400000,0.11298,0.11351,0.11277,0.11341,7988572.954947
1778706000000,0.11343,0.1135,0.11238,0.11289,14806971.654914
1778709600000,0.1129,0.11369,0.11238,0.11357,7576415.834295
1778713200000,0.1136,0.114,0.11264,0.11265,14962111.89471
1778716800000,0.11266,0.11541,0.11235,0.11437,58113340.74731
1778720400000,0.11436,0.11494,0.11382,0.11451,33716277.331472
1778724000000,0.11453,0.1149,0.11325,0.11346,18574433.595154
1778727600000,0.11346,0.11382,0.11215,0.1124,27480412.562071
1778731200000,0.11242,0.11312,0.112,0.11301,11827315.990198
1778734800000,0.11304,0.11523,0.11295,0.11509,31607778.539336
1778738400000,0.1151,0.1154,0.11377,0.11458,27921958.352665
1778742000000,0.11456,0.1152,0.11383,0.11392,39072464.872635
1778745600000,0.1139,0.11403,0.11311,0.11337,16324182.405356
1778749200000,0.11337,0.11361,0.11277,0.1133,14926354.480813
1778752800000,0.11331,0.11378,0.113,0.11368,12796355.475447
1778756400000,0.11367,0.1138,0.1131,0.11316,8602361.319614
1778760000000,0.11316,0.11573,0.11306,0.11526,35195522.754238
1778763600000,0.11527,0.11668,0.11414,0.11434,75683761.129347
1778767200000,0.11433,0.11543,0.11406,0.11499,39358340.497267
1778770800000,0.115,0.11528,0.11361,0.11396,56682677.043731
1778774400000,0.11397,0.11617,0.11339,0.11607,72827870.456641
1778778000000,0.11608,0.11642,0.11507,0.1159,22275708.623998
1778781600000,0.1159,0.11863,0.11568,0.11735,70848403.589666
1778785200000,0.11734,0.11783,0.11577,0.11615,20109947.460312
1778788800000,0.11617,0.11629,0.11494,0.11602,15310497.438839
1778792400000,0.11603,0.1168,0.11558,0.11674,9211605.573319
1778796000000,0.11675,0.11686,0.11631,0.11641,7800660.056773
1778799600000,0.11642,0.11642,0.1151,0.11544,11163152.241274
1778803200000,0.11545,0.11703,0.11543,0.11672,18435672.751122
1778806800000,0.11671,0.11746,0.116,0.11606,27215337.842761
1778810400000,0.11607,0.11673,0.11522,0.11646,25308660.482399
1778814000000,0.11645,0.11673,0.11561,0.11614,14547466.55006
1778817600000,0.11615,0.11615,0.11426,0.11436,21490503.985064
1778821200000,0.11435,0.11469,0.11272,0.1135,47200484.262827
1778824800000,0.11348,0.11479,0.11338,0.11461,26258703.383124
1778828400000,0.11462,0.11523,0.11417,0.11488,39753547.32498
1778832000000,0.11489,0.11546,0.11387,0.11531,25011028.495224
1778835600000,0.11532,0.11567,0.1142,0.11438,23169036.446949
1778839200000,0.11439,0.11548,0.11421,0.1153,9438994.572806
1778842800000,0.1153,0.11533,0.11439,0.11445,7517676.202775
1778846400000,0.11443,0.11448,0.11372,0.11422,21211800.113309
1778850000000,0.11422,0.11422,0.11096,0.11142,68566441.528019
1778853600000,0.11142,0.11266,0.11106,0.11187,45903553.266091
1778857200000,0.11188,0.11208,0.11078,0.11161,27590169.034697
1778860800000,0.1116,0.11305,0.11151,0.11267,24036760.469933
1778864400000,0.11267,0.11308,0.11214,0.11262,17688304.364394
1778868000000,0.11264,0.11347,0.11263,0.11312,11107497.066192
1778871600000,0.11312,0.11338,0.11265,0.11299,8831042.92918
1778875200000,0.11299,0.11335,0.11258,0.11318,5762820.110873
1778878800000,0.11318,0.11346,0.11275,0.11293,4844748.759725
1778882400000,0.11294,0.11378,0.1128,0.11364,6518420.749717
1778886000000,0.11364,0.11382,0.11323,0.11335,4659101.887736
1778889600000,0.11334,0.11348,0.11279,0.11293,8142280.775511
1778893200000,0.11293,0.11296,0.11222,0.11268,12226586.800063
1778896800000,0.11268,0.1129,0.11235,0.11252,4481493.6906
1778900400000,0.11254,0.11283,0.11239,0.11263,2853855.83155
1778904000000,0.11262,0.11266,0.111,0.11173,19338465.067035
1778907600000,0.11174,0.11211,0.11134,0.11165,24363678.219658
1778911200000,0.11166,0.11177,0.1103,0.11062,15947787.991659
1778914800000,0.11062,0.11063,0.10912,0.11015,27650638.573731
1778918400000,0.11013,0.11047,0.11,0.11006,7280969.837747
1778922000000,0.11006,0.11027,0.10877,0.10927,22319905.18122
1778925600000,0.10927,0.10942,0.10822,0.10877,28996424.206451
1778929200000,0.10878,0.10949,0.10878,0.10898,9040761.220973
1778932800000,0.10898,0.10915,0.10851,0.1087,8347038.017915
1778936400000,0.1087,0.10872,0.10782,0.10862,44532037.86252
1778940000000,0.10864,0.10977,0.10836,0.109,15705001.748923
1778943600000,0.10901,0.10996,0.10861,0.10971,22796156.665475
1778947200000,0.10971,0.11017,0.10947,0.10981,14361448.785889
1778950800000,0.10981,0.11006,0.10955,0.10958,4684723.74712
1778954400000,0.10958,0.10972,0.10931,0.10944,6585885.644033
1778958000000,0.10944,0.10977,0.10938,0.10963,2732180.20747
1778961600000,0.10964,0.10987,0.10942,0.10961,1849789.138971
1778965200000,0.1096,0.11032,0.1095,0.10982,14607151.382335
1778968800000,0.10982,0.10985,0.10946,0.10947,2481759.388572
1778972400000,0.10947,0.10955,0.10925,0.10939,3958465.125327
1778976000000,0.1094,0.10977,0.10892,0.10917,5542053.806847
1778979600000,0.10917,0.10922,0.10812,0.10812,13349637.200537
1778983200000,0.10812,0.10882,0.10811,0.10866,7961624.136419
1778986800000,0.10866,0.10953,0.10865,0.10923,6834951.37061
1778990400000,0.10921,0.10989,0.10914,0.10971,9762965.836691
1778994000000,0.10972,0.11041,0.10968,0.10998,7341204.46541
1778997600000,0.11,0.1102,0.1095,0.10967,5356397.575787
1779001200000,0.10968,0.11031,0.10953,0.11019,6576624.881753
1779004800000,0.11019,0.11039,0.1098,0.11026,7076682.244293
1779008400000,0.11027,0.11115,0.11014,0.11108,16799747.124737
1779012000000,0.11109,0.11195,0.11106,0.11172,19264334.152984
1779015600000,0.11172,0.11175,0.11121,0.1115,8003915.625513
1779019200000,0.11151,0.11281,0.1115,0.11207,22117032.443216
1779022800000,0.11207,0.11207,0.11079,0.11165,17292828.803512
1779026400000,0.11165,0.11171,0.11052,0.1108,17393322.307259
1779030000000,0.1108,0.11111,0.11027,0.11046,13070907.87345
1779033600000,0.11046,0.11069,0.10989,0.11006,11114419.40589
1779037200000,0.11007,0.11023,0.10959,0.10997,10962628.176565
1779040800000,0.10997,0.11043,0.10965,0.11037,5853745.029674
1779044400000,0.11038,0.111,0.11038,0.11073,4460991.831712
1779048000000,0.11074,0.11091,0.11046,0.11057,2709572.266046
1779051600000,0.11056,0.11133,0.11039,0.11124,5589243.876205
1779055200000,0.11123,0.11132,0.10933,0.10952,10253544.13071
1779058800000,0.10953,0.10959,0.1055,0.10901,85936183.61759
1779062400000,0.10901,0.10912,0.10656,0.10695,65982555.334205
1779066000000,0.10696,0.10709,0.10589,0.10672,32767623.854715
1779069600000,0.10674,0.10719,0.10641,0.10666,18751121.555008
1779073200000,0.10666,0.10719,0.10622,0.10657,12807563.669916
1779076800000,0.1066,0.10697,0.10601,0.10688,9951088.98391
1779080400000,0.10689,0.10705,0.10594,0.10617,14708699.258836
1779084000000,0.10614,0.10626,0.10369,0.10471,88392571.959785
1779087600000,0.10473,0.105,0.1037,0.10433,36233460.499053
1779091200000,0.10433,0.10471,0.10403,0.1044,14522260.954898
1779094800000,0.10441,0.10448,0.10398,0.10407,11112171.101376
1779098400000,0.10407,0.10449,0.10378,0.10405,14934553.202533
1779102000000,0.10406,0.10585,0.10383,0.10508,27644746.741992
1779105600000,0.10509,0.10643,0.10509,0.10636,39986671.755467
1779109200000,0.10638,0.10646,0.10427,0.10508,38215248.834931
1779112800000,0.1051,0.1051,0.10387,0.10424,34404967.659126
1779116400000,0.10425,0.10443,0.103,0.10392,44837313.282606
1779120000000,0.10393,0.10439,0.10327,0.10364,24150764.774148
1779123600000,0.10365,0.1043,0.1035,0.10403,11260501.460865
1779127200000,0.10402,0.10408,0.10251,0.10267,26117679.965714
1779130800000,0.10267,0.10496,0.10261,0.10478,21783609.940664
1779134400000,0.10479,0.10526,0.10405,0.10419,8218990.631477
1779138000000,0.1042,0.10513,0.10392,0.10505,8568121.157478
1779141600000,0.10507,0.10556,0.10467,0.10499,9128083.706284
1779145200000,0.10499,0.10521,0.10462,0.10478,7282530.864636
1779148800000,0.1048,0.10552,0.10465,0.10521,12379973.086515
1779152400000,0.1052,0.1052,0.10421,0.10428,9958307.555175
1779156000000,0.10427,0.10477,0.10385,0.10414,10324301.625335
1779159600000,0.10414,0.10465,0.10401,0.10436,6449438.136836
1779163200000,0.10435,0.10535,0.1042,0.1053,11700697.397488
1779166800000,0.10532,0.10538,0.1042,0.10454,20724493.77754
1779170400000,0.10455,0.10471,0.10412,0.10447,11156481.740155
1779174000000,0.10447,0.1052,0.10421,0.10519,22410213.023178
1779177600000,0.10519,0.10523,0.10448,0.10448,20997750.691397
1779181200000,0.10449,0.10471,0.10375,0.1042,13542288.788932
1779184800000,0.10419,0.10446,0.10363,0.10422,9923559.874052
1779188400000,0.10423,0.10438,0.10369,0.10373,6223910.061691
1779192000000,0.10374,0.10431,0.10352,0.10413,11473645.133133
1779195600000,0.10416,0.10462,0.10351,0.10433,13678542.357631
1779199200000,0.10434,0.10453,0.10288,0.10342,19515902.426112
1779202800000,0.10342,0.10391,0.10327,0.10361,5609308.445377
1779206400000,0.10362,0.10422,0.1034,0.10411,5432050.25727
1779210000000,0.10412,0.10423,0.1035,0.10371,4434064.093816
1779213600000,0.10372,0.10381,0.10335,0.10347,5196985.569046
1779217200000,0.10347,0.10389,0.10314,0.10328,3903237.5383
1779220800000,0.10329,0.10373,0.10329,0.10365,3064228.715745
1779224400000,0.10365,0.10381,0.10348,0.10351,3626920.142654
1779228000000,0.1035,0.1035,0.10259,0.10278,12207713.841192
1779231600000,0.10278,0.10332,0.10267,0.10299,6140388.529859
1779235200000,0.10299,0.1031,0.10189,0.10276,22281880.859872
1779238800000,0.10276,0.10302,0.10226,0.10277,10317287.303983
1779242400000,0.10278,0.10306,0.10246,0.10257,4436063.552091
1779246000000,0.10258,0.1031,0.10239,0.10289,6153092.005233
1779249600000,0.10287,0.103,0.1022,0.10247,20661571.889132
1779253200000,0.10248,0.10376,0.10248,0.10358,24280153.960944
1779256800000,0.10356,0.10415,0.1035,0.10406,12561314.931021
1779260400000,0.10406,0.10409,0.10348,0.10362,8488773.27898
1779264000000,0.10363,0.10409,0.10348,0.10381,9826974.344625
1779267600000,0.10381,0.10395,0.10352,0.10366,5935692.086511
1779271200000,0.10366,0.10412,0.10366,0.10389,6526893.444361
1779274800000,0.1039,0.104,0.10348,0.1037,8708021.297678
1779278400000,0.10369,0.10449,0.10351,0.10414,10715489.306806
1779282000000,0.10414,0.1043,0.10301,0.10366,23655167.864707
1779285600000,0.10367,0.10457,0.10324,0.10435,22507988.760583
1779289200000,0.10435,0.10497,0.10389,0.10421,24454853.825485
1779292800000,0.10421,0.10459,0.10366,0.1044,17040987.396425
1779296400000,0.1044,0.10487,0.10416,0.10449,10267454.292272
1779300000000,0.10449,0.10463,0.10402,0.10409,7741246.887094
1779303600000,0.1041,0.1045,0.10404,0.10425,3679980.139084
1779307200000,0.10425,0.10442,0.10375,0.10416,5193534.186452
1779310800000,0.10416,0.10426,0.10378,0.10378,4681265.954021
1779314400000,0.10377,0.10377,0.10301,0.10358,8344944.845681
1779318000000,0.10359,0.10375,0.10328,0.10372,11659848.791265
1779321600000,0.10372,0.10464,0.10366,0.10456,11587078.246713
1779325200000,0.10456,0.10496,0.1044,0.10465,14105239.342193
1779328800000,0.10467,0.1053,0.10459,0.10509,14334134.391226
1779332400000,0.1051,0.10587,0.10494,0.10565,14648349.372743
1779336000000,0.10564,0.10612,0.10509,0.10559,26066386.044685
1779339600000,0.1056,0.10593,0.10535,0.10591,11442741.667225
1779343200000,0.10592,0.10612,0.10482,0.10508,28362850.855407
1779346800000,0.10509,0.10577,0.10489,0.10564,5731106.77999
1779350400000,0.10563,0.10641,0.10559,0.10583,23337096.900195
1779354000000,0.10584,0.10587,0.1051,0.10524,13958639.43223
1779357600000,0.10525,0.10536,0.10385,0.10407,24958823.017822
1779361200000,0.10408,0.10464,0.1039,0.10431,12093903.354668
1779364800000,0.10432,0.10486,0.10409,0.1046,8765587.957835
1779368400000,0.10459,0.10487,0.10387,0.10477,13668206.241802
1779372000000,0.10477,0.10491,0.10388,0.10423,17294478.686797
1779375600000,0.10424,0.105,0.10397,0.10471,20722213.081882
1779379200000,0.10472,0.10491,0.10425,0.10453,8448541.162621
1779382800000,0.10453,0.10652,0.10439,0.10618,42478299.10403
1779386400000,0.10617,0.10632,0.10497,0.10547,18086372.437674
1779390000000,0.10548,0.10596,0.1054,0.10577,7864209.068055
1779393600000,0.10577,0.10609,0.10561,0.10566,3309877.424725
1779397200000,0.10567,0.10578,0.10543,0.1055,3636798.141221
1779400800000,0.10551,0.10561,0.10522,0.10543,5384678.38417
1779404400000,0.10544,0.10574,0.10518,0.10569,5109044.590211
1779408000000,0.1057,0.10572,0.10514,0.10514,5638652.949617
1779411600000,0.10514,0.10603,0.10504,0.10599,6131042.571374
1779415200000,0.10599,0.10629,0.10576,0.106,10509524.535128
1779418800000,0.106,0.10624,0.10575,0.1059,5899897.661007
1779422400000,0.10592,0.10619,0.10567,0.10575,4017120.819595
1779426000000,0.10575,0.10614,0.10553,0.10562,5049757.754977
1779429600000,0.10563,0.10573,0.10521,0.10529,8609451.875106
1779433200000,0.1053,0.10583,0.10493,0.10561,7953698.289374
1779436800000,0.10562,0.10601,0.10545,0.10581,9985234.851108
1779440400000,0.1058,0.10605,0.10553,0.10576,6276180.53578
1779444000000,0.10576,0.10589,0.10554,0.10581,3453122.554519
1779447600000,0.10582,0.10646,0.1056,0.10644,13883451.473742
1779451200000,0.10645,0.10678,0.10617,0.10659,16374868.75669
1779454800000,0.10659,0.10672,0.10603,0.10651,10588300.687948
1779458400000,0.10651,0.10651,0.10527,0.10546,14445733.980821
1779462000000,0.10547,0.10639,0.10522,0.10609,8260488.210143
1779465600000,0.10609,0.10637,0.1057,0.10603,6618409.309984
1779469200000,0.10606,0.10627,0.10545,0.10548,5481702.05098
1779472800000,0.10548,0.10554,0.10326,0.10428,35641159.071939
1779476400000,0.10428,0.1045,0.10272,0.10347,33183492.494976
1779480000000,0.10348,0.10413,0.10346,0.104,10675077.827024
1779483600000,0.104,0.10439,0.10392,0.10432,5033127.313345
1779487200000,0.10432,0.10438,0.10322,0.10349,8320822.319328
1779490800000,0.1035,0.10382,0.10157,0.10236,34347827.190175
1779494400000,0.10238,0.10241,0.10071,0.10135,50421039.572384
1779498000000,0.10135,0.10187,0.10134,0.1018,20533463.952553
1779501600000,0.1018,0.10187,0.10151,0.10177,5322803.337038
1779505200000,0.10177,0.10195,0.10165,0.1017,6298461.352543
1779508800000,0.10171,0.10178,0.10136,0.10152,5891718.575244
1779512400000,0.10153,0.1017,0.10116,0.10124,19948902.204232
1779516000000,0.10126,0.10134,0.1004,0.10088,23570222.072883
1779519600000,0.10089,0.10102,0.09703,0.09891,117635716.362145
1779523200000,0.09891,0.0998,0.09881,0.0997,42755213.760654
1779526800000,0.09971,0.09988,0.09937,0.09939,14475519.140617
1779530400000,0.09941,0.09972,0.09938,0.09953,6331724.099843
1779534000000,0.09953,0.09971,0.09926,0.09927,4658371.513874
1779537600000,0.09926,0.09929,0.09893,0.09917,12978746.553611
1779541200000,0.09918,0.10068,0.09917,0.10057,20866922.859618
1779544800000,0.10058,0.10118,0.10021,0.10104,28054297.369551
1779548400000,0.10105,0.10214,0.10086,0.10109,38888835.086416
1779552000000,0.10109,0.10144,0.10081,0.10117,16823958.287871
1779555600000,0.10117,0.10139,0.101,0.10133,5584854.865712
1779559200000,0.10134,0.10281,0.10129,0.10233,18598596.407092
1779562800000,0.10235,0.1027,0.10214,0.10256,5844644.372963
1779566400000,0.10259,0.10485,0.10228,0.10483,40574298.882132
1779570000000,0.10482,0.10507,0.10321,0.10361,23554584.037137
1779573600000,0.10363,0.10396,0.1025,0.10298,12350490.863609
1779577200000,0.10297,0.10331,0.10287,0.10309,7072543.119457
1779580800000,0.1031,0.10336,0.10276,0.10316,9306819.862541
1779584400000,0.10316,0.10338,0.10309,0.10329,6738810.833416
1779588000000,0.10329,0.10338,0.10282,0.10316,4973638.868326
1779591600000,0.10315,0.10332,0.10277,0.103,6065184.407826
1779595200000,0.10301,0.1033,0.10293,0.10313,3936051.689484
1779598800000,0.10313,0.10313,0.10227,0.1029,8110335.970733
1779602400000,0.1029,0.10321,0.10272,0.10315,3286157.496943
1779606000000,0.10315,0.10324,0.10283,0.10288,4968922.428789
1779609600000,0.10289,0.10296,0.10266,0.10287,6387138.321609
1779613200000,0.10286,0.1033,0.10274,0.10329,14275850.387816
1779616800000,0.1033,0.10392,0.10283,0.10306,19695668.472742
1779620400000,0.10307,0.10365,0.10289,0.10332,27502388.616065
1779624000000,0.10332,0.10334,0.10279,0.10297,10570963.878019
1779627600000,0.10297,0.10331,0.10261,0.10291,8175613.872652
1779631200000,0.10291,0.10297,0.1012,0.10215,34876938.709554
1779634800000,0.10215,0.10225,0.10188,0.10196,6172097.820749
1779638400000,0.10197,0.10245,0.10191,0.10228,6647437.591709
1779642000000,0.10229,0.10251,0.1021,0.10237,3228717.041144
1779645600000,0.10237,0.10246,0.1019,0.10198,7428021.276459
1779649200000,0.102,0.10218,0.10183,0.10209,2128575.753572
1779652800000,0.10212,0.10218,0.10169,0.10178,3054576.272429
1779656400000,0.10179,0.10204,0.10055,0.10067,20660814.717677
1779660000000,0.10067,0.10213,0.10067,0.10171,10463871.100839
1779663600000,0.10172,0.10253,0.10172,0.10229,4329857.727064
1779667200000,0.10229,0.10285,0.10229,0.10256,10909909.114264
1779670800000,0.10258,0.10268,0.10173,0.1018,4090548.557415
1779674400000,0.1018,0.10264,0.1018,0.10219,5550259.862822
1779678000000,0.10219,0.10232,0.10169,0.10201,6418295.71484
1779681600000,0.10202,0.10275,0.1018,0.10257,8187579.046851
1779685200000,0.10258,0.10309,0.10251,0.10296,9502780.306576
1779688800000,0.10296,0.10319,0.10244,0.10296,6053148.705697
1779692400000,0.10298,0.10333,0.10248,0.10282,5489195.579912
1779696000000,0.10283,0.10285,0.1026,0.10276,2841371.638789
1779699600000,0.10276,0.10292,0.10236,0.1027,21150876.502246
1779703200000,0.1027,0.10303,0.10265,0.10294,5530040.77289
1779706800000,0.10294,0.10309,0.10268,0.10289,6679491.197908
1779710400000,0.1029,0.10314,0.10268,0.10284,4755829.994067
1779714000000,0.10284,0.10295,0.10271,0.10295,2213857.929905
1779717600000,0.10294,0.1033,0.10291,0.10323,9853402.233771
1779721200000,0.10324,0.10363,0.10285,0.10301,11982649.710906
1779724800000,0.10302,0.1038,0.10285,0.10349,11540413.068753
1779728400000,0.10349,0.10363,0.10318,0.10327,5876345.789941
1779732000000,0.10328,0.10354,0.10305,0.10309,1581663.795599
1779735600000,0.1031,0.10313,0.10269,0.10279,4804480.747117
1779739200000,0.10278,0.10293,0.10237,0.10239,3706641.99981
1779742800000,0.10239,0.10269,0.10221,0.10235,4278977.028212
1779746400000,0.10235,0.10247,0.10171,0.10175,8389767.663662
1779750000000,0.10175,0.10229,0.10164,0.10215,7415729.644355
1779753600000,0.10217,0.10222,0.10072,0.1013,18777529.428794
1779757200000,0.1013,0.10137,0.10045,0.10066,24404087.105876
1779760800000,0.10067,0.10097,0.10051,0.10092,8430268.837862
1779764400000,0.10093,0.10113,0.10053,0.10111,4825218.404284
1779768000000,0.10112,0.10149,0.10099,0.10137,6690334.89272
1779771600000,0.10137,0.10213,0.10125,0.10179,7346625.42236
1779775200000,0.10179,0.10179,0.10133,0.10158,5518574.36025
1779778800000,0.1016,0.10165,0.10091,0.10116,8633326.685078
1779782400000,0.10116,0.10141,0.101,0.10126,4202790.367906
1779786000000,0.10127,0.10147,0.10107,0.10115,4563454.735249
1779789600000,0.10116,0.10258,0.10103,0.10235,17596694.390047
1779793200000,0.10235,0.1026,0.10215,0.10242,9905936.426185
1779796800000,0.10242,0.10279,0.1022,0.10273,16444727.249851
1779800400000,0.10273,0.10299,0.10185,0.10278,17479426.422094
1779804000000,0.10279,0.10386,0.10239,0.10291,31023306.797683
1779807600000,0.1029,0.10305,0.1014,0.10205,24202353.283185
1779811200000,0.10205,0.10214,0.10115,0.10149,18823482.606331
1779814800000,0.1015,0.10173,0.10027,0.10105,27274052.326521
1779818400000,0.10107,0.10148,0.10071,0.10085,7621161.078675
1779822000000,0.10086,0.10133,0.10048,0.10112,5202854.727039
1779825600000,0.10114,0.10141,0.10103,0.10123,4038957.571304
1779829200000,0.10124,0.10127,0.10062,0.10079,3969543.623913
1779832800000,0.1008,0.10123,0.10067,0.10096,3841521.492452
1779836400000,0.10096,0.1013,0.10096,0.10104,2410174.873581
1779840000000,0.10106,0.10193,0.10105,0.10184,4287198.773795
1779843600000,0.10186,0.10192,0.10139,0.10157,5537397.795969
1779847200000,0.10157,0.10161,0.10111,0.10158,4264224.685081
1779850800000,0.10159,0.10178,0.10105,0.10123,3818032.3699
1779854400000,0.10124,0.10166,0.1003,0.10158,15955836.787622
1779858000000,0.10159,0.10177,0.10135,0.10171,5026977.934202
1779861600000,0.10172,0.10229,0.10145,0.10221,7027353.609049
1779865200000,0.10222,0.10233,0.10191,0.10217,5449430.090557
1779868800000,0.10217,0.10257,0.10201,0.10215,8909038.940655
1779872400000,0.10216,0.10224,0.10164,0.10197,10277442.145064
1779876000000,0.10196,0.10222,0.10162,0.10173,7480143.51012
1779879600000,0.10174,0.102,0.10168,0.10171,7222636.094927
1779883200000,0.10173,0.10242,0.1012,0.10206,11686219.919114
1779886800000,0.10206,0.10218,0.10074,0.10139,17967128.644776
1779890400000,0.1014,0.10194,0.10087,0.10159,12371013.800413
1779894000000,0.10159,0.10337,0.10154,0.10258,34309089.708004
1779897600000,0.10259,0.1029,0.10159,0.10204,14823054.530026
1779901200000,0.10204,0.10205,0.10103,0.10127,21108044.138058
1779904800000,0.10127,0.10187,0.101,0.10182,9385633.176179
1779908400000,0.10183,0.10229,0.10177,0.10219,5867596.000636
1779912000000,0.1022,0.10242,0.1019,0.10215,8088645.423464
1779915600000,0.10215,0.10215,0.0993,0.10042,35592735.608677
1779919200000,0.10043,0.10101,0.10016,0.10045,14429472.034062
1779922800000,0.10043,0.10075,0.10001,0.1005,8157557.857445
1779926400000,0.10048,0.10086,0.10035,0.10055,6294523.533196
1779930000000,0.10056,0.10064,0.09988,0.10052,17196728.304309
1779933600000,0.10054,0.10065,0.10013,0.10023,5394492.349002
1779937200000,0.10024,0.10024,0.098,0.09823,61225123.45006
1779940800000,0.09824,0.09836,0.09711,0.09825,41442136.500551
1779944400000,0.09826,0.09832,0.0972,0.09755,15450689.01249
1779948000000,0.09755,0.0982,0.09744,0.09802,8653137.689247
1779951600000,0.09802,0.09883,0.09782,0.09874,12822824.082042
1779955200000,0.09874,0.09877,0.09806,0.09828,8783793.108779
1779958800000,0.0983,0.09877,0.0983,0.0987,2783528.959407
1779962400000,0.09871,0.09885,0.09812,0.09812,8335948.76843
1779966000000,0.09811,0.09823,0.0978,0.09808,7414841.870545
1779969600000,0.09808,0.09815,0.09745,0.0981,11407332.194347
1779973200000,0.09811,0.09839,0.0973,0.09773,34931232.481306
1779976800000,0.09774,0.09872,0.09651,0.0983,37823582.045294
1779980400000,0.0983,0.0987,0.0976,0.09846,11511721.144667
1779984000000,0.09846,0.09947,0.09796,0.09945,17215949.698972
1779987600000,0.09946,0.10041,0.0992,0.09996,13086231.191601
1779991200000,0.09995,0.10051,0.09991,0.1002,7812516.433949
1779994800000,0.10022,0.10024,0.0995,0.09951,11789966.15464
1779998400000,0.09952,0.10006,0.09913,0.09976,7125992.988438
1780002000000,0.09976,0.1005,0.0997,0.10001,8740407.460833
1780005600000,0.10001,0.10023,0.0993,0.09948,6560836.904127
1780009200000,0.09949,0.09985,0.09942,0.09956,4694068.628015
1780012800000,0.09957,0.1001,0.09957,0.0999,7971177.074192
1780016400000,0.09991,0.10009,0.09939,0.09958,5286739.572296
1780020000000,0.09955,0.09971,0.09888,0.09899,13629757.332985
1780023600000,0.09902,0.09959,0.09901,0.09909,6161777.329053
1780027200000,0.0991,0.09927,0.09866,0.09925,8862299.756427
1780030800000,0.09926,0.09964,0.09919,0.09959,7418582.240706
1780034400000,0.09959,0.09987,0.09933,0.09962,8004571.058798
1780038000000,0.09962,0.09976,0.09908,0.09963,5851741.790695
1780041600000,0.09963,0.0999,0.09945,0.09949,5477350.517323
1780045200000,0.0995,0.09988,0.09944,0.09975,4402417.853193
1780048800000,0.09975,0.09977,0.09942,0.09973,4248234.985147
1780052400000,0.09973,0.09974,0.09872,0.09913,10731579.566799
1780056000000,0.09913,0.09917,0.09844,0.09866,9163350.887305
1780059600000,0.09865,0.09878,0.09803,0.09843,11859640.914954
1780063200000,0.09844,0.09915,0.09744,0.09892,45435262.063359
1780066800000,0.09892,0.10118,0.0988,0.10039,46724846.397129
1780070400000,0.10043,0.10093,0.09989,0.10058,19386484.691776
1780074000000,0.10058,0.10088,0.10021,0.10038,8179088.514377
1780077600000,0.10039,0.10058,0.09937,0.09968,9172615.298694
1780081200000,0.09968,0.10019,0.0992,0.1001,5634334.783354
1780084800000,0.10009,0.10033,0.09992,0.1001,2883667.689387
1780088400000,0.10012,0.10051,0.09957,0.09959,5977294.696988
1780092000000,0.0996,0.09995,0.09942,0.09981,4271675.318236
1780095600000,0.09982,0.10001,0.09948,0.0997,4928904.60024
1780099200000,0.0997,0.1002,0.09949,0.10013,4913121.096786
1780102800000,0.10013,0.10097,0.10002,0.10094,10558781.639288
1780106400000,0.10096,0.1016,0.10096,0.10159,17116311.277259
1780110000000,0.1016,0.1018,0.10104,0.10111,17131222.073751
1780113600000,0.10112,0.10136,0.1002,0.10081,21783162.650003
1780117200000,0.10081,0.10147,0.10071,0.10146,9832278.773539
1780120800000,0.10147,0.10173,0.10125,0.10139,5887311.598687
1780124400000,0.10137,0.10144,0.10104,0.10129,2153602.40148
1780128000000,0.1013,0.10132,0.10083,0.10083,4298582.257969
1780131600000,0.10084,0.10105,0.10071,0.10095,4498486.157859
1780135200000,0.10095,0.10103,0.10076,0.10082,4869924.989986
1780138800000,0.10082,0.10097,0.10057,0.10087,4717636.14372
1780142400000,0.10087,0.10097,0.10071,0.10096,4383575.952106
1780146000000,0.10096,0.10114,0.10074,0.10099,6896531.47883
1780149600000,0.10099,0.10149,0.10099,0.1012,7638002.523585
1780153200000,0.10121,0.10154,0.10109,0.10134,8650347.904738
1780156800000,0.10135,0.10167,0.1013,0.10154,5845148.220209
1780160400000,0.10154,0.10161,0.10119,0.10159,3476596.653775
1780164000000,0.10157,0.10169,0.10128,0.10151,2762015.217929
1780167600000,0.10151,0.10152,0.10123,0.1014,2770748.606522
1780171200000,0.10141,0.10155,0.1012,0.10129,15968634.437586
1780174800000,0.1013,0.10153,0.10124,0.1013,3567816.389168
1780178400000,0.10131,0.10131,0.10048,0.10071,6005476.5082
1780182000000,0.10071,0.10083,0.1004,0.10062,6806505.158108
1780185600000,0.10063,0.10094,0.10049,0.1009,6720339.045544
1780189200000,0.10089,0.10122,0.10083,0.10086,6062646.436726
1780192800000,0.10087,0.10143,0.10082,0.10117,6336380.683131
1780196400000,0.10118,0.10141,0.10112,0.10133,3640391.198
1780200000000,0.10133,0.10137,0.10111,0.10128,3374776.123174
1780203600000,0.10127,0.1013,0.10084,0.10096,4318180.718637
1780207200000,0.10095,0.10097,0.10072,0.10093,5471550.1195
1780210800000,0.10093,0.10093,0.10021,0.1006,6516519.780621
1780214400000,0.10061,0.10078,0.10046,0.10064,8547831.036828
1780218000000,0.10064,0.10085,0.10045,0.10058,5397699.352258
1780221600000,0.10058,0.10065,0.10025,0.10064,5912377.479473
1780225200000,0.10065,0.10103,0.10065,0.10079,4215852.51107
1780228800000,0.10079,0.10097,0.10063,0.10088,3729233.477905
1780232400000,0.10089,0.10121,0.10083,0.10087,4847435.574097
1780236000000,0.10088,0.1009,0.0996,0.10003,23082031.509974
1780239600000,0.10004,0.10039,0.09988,0.09988,4969726.72038
1780243200000,0.09989,0.1,0.09905,0.09936,15505193.791671
1780246800000,0.09936,0.09956,0.0991,0.09946,8301914.922923
1780250400000,0.09947,0.09958,0.09927,0.09951,2029040.907996
1780254000000,0.09951,0.09964,0.09914,0.09955,2447764.601945
1780257600000,0.09955,0.09993,0.09953,0.09988,2561811.55769
1780261200000,0.09988,0.10043,0.09967,0.10032,6526223.897837
1780264800000,0.10033,0.10067,0.10005,0.10046,5075346.926403
1780268400000,0.10047,0.10102,0.09991,0.10041,8415969.545757
1780272000000,0.10044,0.10115,0.1003,0.10094,14121529.435749
1780275600000,0.10095,0.10099,0.09986,0.09986,21713542.442588
1780279200000,0.09987,0.1012,0.09971,0.10105,15383449.787592
1780282800000,0.10102,0.10155,0.10101,0.10109,18593096.436924
1780286400000,0.10109,0.10129,0.10012,0.1007,16148461.537186
1780290000000,0.1007,0.10075,0.1,0.10032,12880870.646271
1780293600000,0.10033,0.10036,0.09974,0.10017,18491214.096962
1780297200000,0.10017,0.10024,0.09913,0.09921,19077377.084423
1780300800000,0.09921,0.09987,0.0991,0.09982,14695642.655757
1780304400000,0.09982,0.10031,0.09982,0.10004,8216869.093788
1780308000000,0.10009,0.10032,0.09975,0.10019,6481921.934907
1780311600000,0.1002,0.1003,0.09969,0.09992,6794321.352721
1780315200000,0.09993,0.10014,0.09924,0.09995,12214000.204874
1780318800000,0.09996,0.10008,0.09844,0.09914,35174284.61394
1780322400000,0.09917,0.09944,0.09853,0.09871,31338634.281783
1780326000000,0.09872,0.09895,0.09801,0.09833,20650169.147634
1780329600000,0.09833,0.09959,0.0978,0.09956,16999131.649164
1780333200000,0.09956,0.10043,0.09947,0.10013,18827283.820848
1780336800000,0.10012,0.10039,0.09973,0.09994,7038200.533306
1780340400000,0.09994,0.10063,0.09977,0.10061,12755775.776202
1780344000000,0.10061,0.10082,0.10033,0.10063,5966066.85976
1780347600000,0.10063,0.10063,0.09978,0.09991,5278811.551031
1780351200000,0.09989,0.10092,0.09954,0.10084,12773661.63838
1780354800000,0.10084,0.1011,0.10048,0.10109,17610894.234027
1780358400000,0.1011,0.10124,0.1006,0.10088,8519695.00848
1780362000000,0.1009,0.10101,0.09998,0.10012,17541000.975677
1780365600000,0.10012,0.10083,0.09944,0.10083,18932038.541574
1780369200000,0.10083,0.101,0.10057,0.10093,7511966.882722
1780372800000,0.10093,0.10102,0.10024,0.10025,7717134.328945
1780376400000,0.10026,0.10033,0.09948,0.09954,15816412.679291
1780380000000,0.09956,0.09973,0.0989,0.09926,16891200.278761
1780383600000,0.09929,0.09956,0.09866,0.09924,11029451.993038
1780387200000,0.09924,0.09948,0.09904,0.09923,7685831.554372
1780390800000,0.09924,0.09927,0.0985,0.09878,14981567.271869
1780394400000,0.09879,0.09937,0.09863,0.09932,7971085.790347
1780398000000,0.09931,0.09931,0.09871,0.09877,10383295.90171
1780401600000,0.09877,0.09895,0.09843,0.09873,15453107.073541
1780405200000,0.09873,0.099,0.09837,0.09848,9821037.211387
1780408800000,0.0985,0.09853,0.09535,0.09635,72096853.07387
1780412400000,0.09635,0.09646,0.09351,0.09489,78308175.006924
1780416000000,0.09488,0.09637,0.09461,0.0953,30555073.718588
1780419600000,0.0953,0.0961,0.09526,0.09563,13706737.310739
1780423200000,0.09563,0.0959,0.09404,0.09449,26758778.847943
1780426800000,0.0945,0.09468,0.0925,0.09408,54842237.783017
1780430400000,0.09408,0.09451,0.09335,0.09421,13627940.147158
1780434000000,0.09421,0.09494,0.09393,0.09425,21078366.682983
1780437600000,0.09427,0.0943,0.09182,0.09224,55583759.644344
1780441200000,0.09225,0.0929,0.0912,0.09275,56308430.455796
1780444800000,0.09275,0.09356,0.09256,0.09322,24856892.463473
1780448400000,0.09322,0.09336,0.09236,0.09316,13745407.352339
1780452000000,0.09316,0.09318,0.0925,0.09275,10333423.692608
1780455600000,0.09274,0.09287,0.09085,0.09157,43942195.14925
1780459200000,0.0916,0.09289,0.09159,0.09287,30189718.439155
1780462800000,0.09288,0.09422,0.09288,0.094,26335994.755037
1780466400000,0.09401,0.09453,0.0938,0.09392,14901023.829392
1780470000000,0.09394,0.09453,0.09373,0.09417,8097263.701951
1780473600000,0.09417,0.09418,0.09373,0.09399,10186118.502348
1780477200000,0.09398,0.09425,0.09347,0.09383,9993243.252756
1780480800000,0.09383,0.09449,0.09375,0.0943,7195772.367544
1780484400000,0.0943,0.09451,0.09374,0.09398,10612036.41363
1780488000000,0.09398,0.09433,0.09371,0.0941,6606102.284597
1780491600000,0.09411,0.09439,0.0938,0.0942,10628533.874173
1780495200000,0.09421,0.09425,0.09316,0.09371,13598991.733839
1780498800000,0.09373,0.09386,0.09275,0.0928,23391958.569511
1780502400000,0.09281,0.09305,0.09161,0.09242,44246763.465939
1780506000000,0.09242,0.09306,0.09163,0.0926,26278741.489363
1780509600000,0.09262,0.09302,0.09204,0.0929,8595297.966037
1780513200000,0.09291,0.09299,0.09159,0.09181,18725617.950359
1780516800000,0.09179,0.09238,0.0906,0.09116,27537752.730869
1780520400000,0.09115,0.09311,0.09091,0.09296,19784338.208553
1780524000000,0.09297,0.09326,0.0918,0.0921,15809552.010601
1780527600000,0.09212,0.09213,0.09112,0.09138,21596597.105407
1780531200000,0.09138,0.09186,0.08984,0.0907,55040100.446032
1780534800000,0.09072,0.09111,0.08825,0.08851,76258830.276062
1780538400000,0.08856,0.08995,0.08575,0.08937,137975026.058994
1780542000000,0.08943,0.09154,0.08938,0.09134,30590155.093388
1780545600000,0.09134,0.09158,0.09066,0.09075,21193480.80917
1780549200000,0.09076,0.09076,0.08952,0.09006,29690069.639194
1780552800000,0.09006,0.09096,0.08968,0.08981,16431356.753943
1780556400000,0.08982,0.0899,0.08876,0.08877,21439617.66778
1780560000000,0.08877,0.08921,0.08797,0.0888,33655832.845303
1780563600000,0.0888,0.08882,0.08697,0.08803,31473112.527382
1780567200000,0.08804,0.08805,0.08668,0.08708,36555837.145052
1780570800000,0.08707,0.0881,0.08684,0.08794,28893445.044406
1780574400000,0.08795,0.08968,0.08766,0.08953,33718244.357952
1780578000000,0.08951,0.08961,0.08803,0.08941,22145875.947296
1780581600000,0.08942,0.0897,0.08896,0.08934,18178047.002207
1780585200000,0.08933,0.09018,0.08914,0.08953,15175964.125754
1780588800000,0.08953,0.08958,0.08876,0.08922,16171635.680945
1780592400000,0.08921,0.08962,0.08845,0.08936,29776802.852563
1780596000000,0.08937,0.09003,0.08858,0.08953,15620230.950452
1780599600000,0.08951,0.08984,0.08882,0.08907,11764061.760393
1780603200000,0.08907,0.08912,0.08839,0.08876,8178742.496635
1780606800000,0.08876,0.08904,0.08704,0.0873,25299947.892534
1780610400000,0.08729,0.08822,0.087,0.08815,20527504.291225
1780614000000,0.0881,0.08864,0.08753,0.08856,12693097.840603
1780617600000,0.08855,0.08878,0.08775,0.08783,8099306.91166
1780621200000,0.08783,0.08832,0.08702,0.08796,16677017.555231
1780624800000,0.08795,0.088,0.08613,0.08621,35099975.783115
1780628400000,0.08624,0.08694,0.0859,0.08593,22318573.71581
1780632000000,0.08595,0.08718,0.0857,0.08684,29512142.406414
1780635600000,0.08689,0.08707,0.08488,0.08509,47590687.586133
1780639200000,0.0851,0.08529,0.08204,0.08377,116534565.412292
1780642800000,0.08377,0.08508,0.08231,0.085,49684311.862441
1780646400000,0.08501,0.08501,0.08332,0.08359,23857638.650147
1780650000000,0.0836,0.08501,0.08358,0.08498,26254886.806389
1780653600000,0.08498,0.08537,0.08444,0.08473,13837817.566168
1780657200000,0.08474,0.08497,0.08402,0.08403,20101861.116883
1780660800000,0.08403,0.08426,0.08288,0.08362,36883198.639749
1780664400000,0.08362,0.0849,0.08196,0.08203,71167864.254463
1780668000000,0.08203,0.08358,0.0813,0.08276,83270975.081457
1780671600000,0.08276,0.08287,0.08097,0.08154,73102700.012757
1780675200000,0.08154,0.08344,0.08025,0.08322,119573714.01813
1780678800000,0.08322,0.08346,0.08218,0.08259,27465463.2234
1780682400000,0.08263,0.08298,0.07965,0.08002,65343432.681856
1780686000000,0.08002,0.08183,0.07895,0.08104,63927749.604757
1780689600000,0.08104,0.08284,0.08009,0.08251,35432037.625111
1780693200000,0.0825,0.08362,0.08243,0.08313,24603418.267255
1780696800000,0.08314,0.08316,0.08205,0.08282,19055218.37779
1780700400000,0.08283,0.08316,0.08051,0.08149,26474395.611647
1780704000000,0.0815,0.08305,0.08146,0.08278,19751156.99162
1780707600000,0.08279,0.08299,0.08184,0.08191,20436890.096539
1780711200000,0.0819,0.08198,0.0811,0.08147,28396112.349574
1780714800000,0.08147,0.08147,0.0805,0.08106,25796123.872671
1780718400000,0.08106,0.08148,0.07784,0.07862,70698091.3178
1780722000000,0.07865,0.08081,0.07762,0.08054,67216525.118165
1780725600000,0.08055,0.0815,0.08026,0.08035,23272059.670781
1780729200000,0.08037,0.08179,0.08023,0.08148,21115471.564892
1780732800000,0.08152,0.08249,0.08116,0.08225,32696957.732559
1780736400000,0.08225,0.08256,0.08112,0.08137,16593750.266796
1780740000000,0.08137,0.08137,0.07986,0.08058,40193101.510965
1780743600000,0.08058,0.0816,0.08051,0.08127,17970547.629025
1780747200000,0.08128,0.08239,0.08095,0.08204,30636199.697374
1780750800000,0.08206,0.08241,0.0815,0.08185,15143195.525699
1780754400000,0.08187,0.08258,0.08177,0.08197,22402745.565557
1780758000000,0.08199,0.08214,0.08089,0.08167,22897059.175733
1780761600000,0.08168,0.08206,0.08069,0.08124,19318762.427931
1780765200000,0.08123,0.08138,0.08046,0.08064,13403553.776756
1780768800000,0.08065,0.08133,0.08055,0.08097,6766858.403615
1780772400000,0.08098,0.0814,0.08069,0.08071,7046669.419026
1780776000000,0.08071,0.08097,0.08048,0.08088,15828222.612649
1780779600000,0.08088,0.0817,0.08086,0.08121,12983045.897949
1780783200000,0.0812,0.08164,0.08102,0.08134,7761502.662754
1780786800000,0.08134,0.08193,0.08127,0.08193,7472190.516325
1780790400000,0.08193,0.08214,0.08163,0.08176,8761981.025959
1780794000000,0.08176,0.08385,0.08169,0.08349,29515138.190519
1780797600000,0.08351,0.08368,0.08279,0.08346,16774667.000333
1780801200000,0.08345,0.08372,0.08323,0.08352,12076003.587794
1780804800000,0.08352,0.08397,0.08297,0.08388,17867267.102833
1780808400000,0.08387,0.08424,0.08363,0.08392,20067867.952038
1780812000000,0.08391,0.08486,0.08361,0.08459,24570378.014022
1780815600000,0.08458,0.08501,0.08441,0.08495,14688066.403496
1780819200000,0.08496,0.08563,0.08451,0.08556,26924207.442431
1780822800000,0.08556,0.08599,0.08473,0.08478,31280245.692149
1780826400000,0.08478,0.08487,0.08415,0.08437,22951932.726567
1780830000000,0.08437,0.08481,0.08414,0.08457,20156331.750731
1780833600000,0.08458,0.08461,0.08313,0.08375,60265169.817734
1780837200000,0.08376,0.08402,0.08357,0.08382,22198055.050661
1780840800000,0.08383,0.08498,0.08382,0.08456,25948238.778973
1780844400000,0.08456,0.08494,0.08427,0.08464,18970693.24252
1780848000000,0.08465,0.08497,0.0845,0.08481,9436850.487455
1780851600000,0.08481,0.08531,0.08464,0.08482,13445771.683222
1780855200000,0.08483,0.08498,0.08433,0.08435,8182011.995548
1780858800000,0.08437,0.08439,0.083,0.08337,17122334.904202
1780862400000,0.08334,0.08432,0.08315,0.08417,8216496.480996
1780866000000,0.08416,0.08423,0.08358,0.08403,5272016.807527
1780869600000,0.08404,0.08759,0.08385,0.08553,69224052.499259
1780873200000,0.08553,0.08646,0.08547,0.08627,14719164.753624
1780876800000,0.08627,0.08681,0.08579,0.08638,17567027.029402
1780880400000,0.08642,0.08653,0.08482,0.0857,21857505.61058
1780884000000,0.08571,0.08594,0.08539,0.08588,10946713.816594
1780887600000,0.08589,0.08631,0.08557,0.08592,9168991.572548
1780891200000,0.08594,0.08599,0.08487,0.08494,10190772.126061
1780894800000,0.08495,0.08513,0.08436,0.0848,16437827.577938
1780898400000,0.08481,0.0854,0.08478,0.08529,8162847.385068
1780902000000,0.08528,0.08577,0.08497,0.08566,17812711.055233
1780905600000,0.08565,0.08565,0.08492,0.08515,12683853.589478
1780909200000,0.08516,0.08594,0.08513,0.08591,14582431.135281
1780912800000,0.08591,0.086,0.08529,0.08568,14794660.562555
1780916400000,0.08568,0.08683,0.08548,0.08641,16736482.562805
1780920000000,0.08642,0.087,0.08581,0.08684,21864147.211111
1780923600000,0.08686,0.08694,0.08606,0.08635,20857909.290257
1780927200000,0.08635,0.08681,0.08616,0.08668,10944941.417034
1780930800000,0.08672,0.08745,0.08669,0.08693,24474152.647176
1780934400000,0.087,0.08752,0.08639,0.08645,14657289.430623
1780938000000,0.08646,0.08683,0.08615,0.08681,10273829.557423
1780941600000,0.08683,0.08727,0.08662,0.08684,11497150.116376
1780945200000,0.08685,0.08712,0.08667,0.0868,8990565.953525
1780948800000,0.08683,0.08685,0.08633,0.08677,4525683.497267
1780952400000,0.08678,0.08748,0.08677,0.08707,10115511.782918
1780956000000,0.08706,0.08712,0.08665,0.08702,7052521.001463
1780959600000,0.08703,0.08722,0.08613,0.08633,10149836.12923
1780963200000,0.08633,0.08647,0.08462,0.08485,39099255.964335
1780966800000,0.08482,0.0854,0.08476,0.08515,12802828.244495
1780970400000,0.08513,0.08534,0.08458,0.08534,13124708.413896
1780974000000,0.08535,0.08552,0.08495,0.08531,10992949.862391
1780977600000,0.0853,0.08646,0.08506,0.08617,22321010.316685
1780981200000,0.08617,0.08674,0.08594,0.08647,13797860.216663
1780984800000,0.08648,0.08673,0.08627,0.08632,8552931.176128
1780988400000,0.08634,0.08665,0.08597,0.0864,9437358.465325
1780992000000,0.08641,0.08644,0.08575,0.08586,17176571.622096
1780995600000,0.08586,0.08604,0.08527,0.08542,11506373.873979
1780999200000,0.08544,0.08562,0.08524,0.08553,20614679.640303
1781002800000,0.0855,0.08561,0.0852,0.08553,13567560.151963
1781006400000,0.08552,0.08596,0.0855,0.08587,21221773.30264
1781010000000,0.08587,0.08615,0.08525,0.08571,20714822.2229
1781013600000,0.08572,0.08592,0.08433,0.08503,36980713.786992
1781017200000,0.08504,0.0853,0.08408,0.08412,25506630.667238
1781020800000,0.08411,0.08447,0.08317,0.08435,45574093.22137
1781024400000,0.08438,0.08548,0.08433,0.08478,17871989.253924
1781028000000,0.08479,0.08525,0.08461,0.08489,7919717.956054
1781031600000,0.08489,0.08538,0.08472,0.08523,8791864.004609
1781035200000,0.08524,0.08563,0.08514,0.08556,15452889.080196
1781038800000,0.08557,0.08571,0.08466,0.08485,9117921.119861
1781042400000,0.08486,0.08514,0.0845,0.08455,5670649.942527
1781046000000,0.08454,0.08494,0.08445,0.08479,5093185.442979
1781049600000,0.08481,0.08517,0.08421,0.08508,8657188.993276
1781053200000,0.08507,0.08514,0.08449,0.0847,11593835.302448
1781056800000,0.0847,0.08483,0.08364,0.08385,14034488.394636
1781060400000,0.08382,0.08427,0.08381,0.08396,7743333.017795
1781064000000,0.08397,0.08413,0.08349,0.08362,6226378.454076
1781067600000,0.08362,0.08375,0.08326,0.08358,6755411.328144
1781071200000,0.08359,0.08385,0.08329,0.08365,4713275.79915
1781074800000,0.08364,0.08436,0.08361,0.08421,8836557.626997
1781078400000,0.08425,0.08425,0.08322,0.0834,14193726.798315
1781082000000,0.08342,0.08367,0.08288,0.08354,17580035.243762
1781085600000,0.08355,0.0839,0.08327,0.08371,5368736.571898
1781089200000,0.08372,0.08376,0.08284,0.08331,18428833.102974
1781092800000,0.08331,0.0846,0.08304,0.0839,26434967.029859
1781096400000,0.08391,0.08521,0.08376,0.0846,21832927.523363
1781100000000,0.08462,0.08474,0.08399,0.08453,15311455.96112
1781103600000,0.08455,0.08548,0.08403,0.08513,19783286.94348
1781107200000,0.08514,0.08521,0.0837,0.08418,19115208.083101
1781110800000,0.08418,0.0845,0.08339,0.08391,18598310.047006
1781114400000,0.08391,0.08405,0.08331,0.0839,10603556.627185
1781118000000,0.08392,0.08394,0.08303,0.08316,7340107.400956
1781121600000,0.08315,0.0833,0.08268,0.08287,12488494.434776
1781125200000,0.08287,0.08287,0.08185,0.08216,17641229.563801
1781128800000,0.08218,0.08269,0.08186,0.08236,14311253.821335
1781132400000,0.08236,0.08313,0.08216,0.08293,15826400.883709
1781136000000,0.08296,0.08366,0.08296,0.08342,7654028.922031
1781139600000,0.08343,0.08447,0.08342,0.08425,14252597.14215
1781143200000,0.08427,0.08433,0.08362,0.08414,6011139.556802
1781146800000,0.08414,0.08529,0.08391,0.08503,18126990.07873
1781150400000,0.08504,0.0854,0.08479,0.08516,12032704.411318
1781154000000,0.08517,0.08517,0.08479,0.0848,6708365.185264
1781157600000,0.0848,0.08515,0.0846,0.08477,8679256.225255
1781161200000,0.08476,0.08505,0.08468,0.08487,4817184.092725
1781164800000,0.08487,0.08549,0.08487,0.08527,7828893.752051
1781168400000,0.08527,0.08527,0.08479,0.0851,14629494.799961
1781172000000,0.0851,0.08523,0.08497,0.08517,10744227.808779
1781175600000,0.08517,0.08558,0.08495,0.08531,11514777.621768
1781179200000,0.08534,0.08535,0.08425,0.08478,26670324.544607
1781182800000,0.08478,0.08524,0.08451,0.08501,13000500.481935
1781186400000,0.08502,0.08546,0.08466,0.08502,15347195.703956
1781190000000,0.08502,0.08522,0.0846,0.08494,14806559.914311
1781193600000,0.08495,0.08514,0.08462,0.08473,8630832.098704
1781197200000,0.08474,0.08686,0.08441,0.08674,36726657.024165
1781200800000,0.08676,0.087,0.08626,0.08651,17929747.256995
1781204400000,0.08651,0.08709,0.08621,0.08652,24202752.700258
1781208000000,0.08652,0.08663,0.08602,0.08633,8808760.077947
1781211600000,0.08632,0.08674,0.08632,0.08645,6380238.280003
1781215200000,0.08646,0.08671,0.08627,0.0864,9997898.037751
1781218800000,0.0864,0.08653,0.08601,0.08608,8907235.48935
1781222400000,0.08609,0.08621,0.08587,0.0859,9408072.293654
1781226000000,0.0859,0.08615,0.08557,0.0859,15718139.199871
1781229600000,0.08591,0.08659,0.08591,0.08639,10657565.089126
1781233200000,0.08639,0.08659,0.08617,0.08659,8056115.339077
1781236800000,0.08659,0.08711,0.08645,0.08701,22069210.423683
1781240400000,0.08701,0.08745,0.0867,0.08678,30196086.747828
1781244000000,0.08677,0.08708,0.0851,0.0854,42397585.749719
1781247600000,0.08542,0.08605,0.08542,0.08595,14542297.275818
1781251200000,0.08596,0.08672,0.08594,0.08668,14645736.043732
1781254800000,0.08666,0.08728,0.08653,0.08702,18065040.085542
1781258400000,0.08701,0.08708,0.08635,0.08661,11815757.378829
1781262000000,0.08661,0.08697,0.08649,0.08695,8097595.063581
1781265600000,0.08696,0.08729,0.08679,0.08702,16059108.908657
1781269200000,0.08702,0.08738,0.08668,0.08701,24155215.961776
1781272800000,0.08701,0.09249,0.08696,0.0906,166532648.85478
1781276400000,0.09062,0.09084,0.08719,0.08746,79044707.832082
1781280000000,0.08745,0.08879,0.08723,0.08879,34548521.014781
1781283600000,0.0888,0.08905,0.08778,0.08788,13391713.522505
1781287200000,0.08789,0.08811,0.08746,0.08758,8034270.35171
1781290800000,0.0876,0.08814,0.08734,0.08748,7766389.182735
1781294400000,0.08743,0.08783,0.08734,0.08748,6493155.232181
1781298000000,0.08749,0.08773,0.0865,0.0867,12808920.959433
1781301600000,0.08671,0.08685,0.08618,0.08636,22707410.674931
1781305200000,0.08637,0.08637,0.08558,0.086,22492048.069342
1781308800000,0.086,0.08621,0.08583,0.08611,9636226.435977
1781312400000,0.08612,0.08679,0.0861,0.08677,15017631.386832
1781316000000,0.08677,0.08693,0.08625,0.08645,10168237.49174
1781319600000,0.08646,0.08658,0.08609,0.08629,7654292.886214
1781323200000,0.0863,0.08649,0.08603,0.08609,6172793.155298
1781326800000,0.0861,0.0863,0.08581,0.08615,9700584.639754
1781330400000,0.08616,0.08676,0.08606,0.08665,11853604.381882
1781334000000,0.08664,0.08724,0.08646,0.08705,16073694.499913
1781337600000,0.08706,0.08741,0.08692,0.08714,9934561.752808
1781341200000,0.08714,0.08747,0.08702,0.08714,6654882.306264
1781344800000,0.08716,0.0875,0.08712,0.0873,7516933.397429
1781348400000,0.08731,0.08796,0.08724,0.08796,9471457.224191
1781352000000,0.08796,0.08874,0.08774,0.08856,17255554.550286
1781355600000,0.08857,0.08857,0.08801,0.08812,14506180.717617
1781359200000,0.08811,0.08843,0.08805,0.08834,12394182.540566
1781362800000,0.08836,0.08881,0.08827,0.08836,20432009.164156
1781366400000,0.08837,0.08839,0.08753,0.08792,25403589.493901
1781370000000,0.0879,0.08795,0.08738,0.08764,9879748.347311
1781373600000,0.08761,0.08786,0.08756,0.08767,2660477.402005
1781377200000,0.08768,0.08789,0.08753,0.08765,4941779.817512
1781380800000,0.08763,0.08776,0.08752,0.08765,3036924.131569
1781384400000,0.08767,0.08863,0.08762,0.08817,13849846.786642
1781388000000,0.08818,0.08819,0.08782,0.08786,5187357.226339
1781391600000,0.08786,0.08806,0.08776,0.08791,3109562.266244
1781395200000,0.08788,0.08794,0.08759,0.0877,5176909.843663
1781398800000,0.0877,0.08801,0.08759,0.08782,9993901.392406
1781402400000,0.08782,0.08811,0.08776,0.08793,9038132.876676
1781406000000,0.08793,0.08816,0.08781,0.08809,5028445.872554
1781409600000,0.08808,0.08812,0.08744,0.08762,7541858.282885
1781413200000,0.08762,0.08777,0.08725,0.08763,6222717.281875
1781416800000,0.08764,0.08786,0.08742,0.08751,5118121.961838
1781420400000,0.08751,0.08752,0.087,0.08719,25930949.996907
1781424000000,0.0872,0.08748,0.08705,0.08722,10217093.049761
1781427600000,0.08722,0.08745,0.08675,0.08743,6454602.050031
1781431200000,0.08744,0.08749,0.08709,0.08713,5792084.242367
1781434800000,0.08713,0.08726,0.08701,0.08703,5055228.96206
1781438400000,0.08704,0.0871,0.0864,0.08658,16015847.389124
1781442000000,0.0866,0.08669,0.08623,0.08652,10568690.068978
1781445600000,0.08653,0.08655,0.0857,0.08604,18899790.436718
1781449200000,0.08604,0.08636,0.08593,0.08632,13039916.756066
1781452800000,0.08632,0.08668,0.08629,0.08646,6951438.364155
1781456400000,0.08646,0.08665,0.08621,0.08635,8566765.152318
1781460000000,0.08636,0.08646,0.08614,0.08635,4481749.163094
1781463600000,0.08635,0.08662,0.08623,0.08641,3188327.137609
1781467200000,0.08641,0.08695,0.08629,0.08664,5515955.776722
1781470800000,0.08664,0.0891,0.0866,0.08854,29436200.00614
1781474400000,0.08854,0.08879,0.08794,0.08837,27240347.151745
1781478000000,0.08839,0.08898,0.08809,0.08891,12985591.469321
1781481600000,0.08891,0.08916,0.08852,0.08881,21990200.030433
1781485200000,0.08882,0.08888,0.08828,0.08842,22517334.178881
1781488800000,0.08843,0.08921,0.08835,0.08876,15325629.616242
1781492400000,0.08877,0.08915,0.08868,0.08897,9205093.738848
1781496000000,0.08898,0.08903,0.08858,0.08859,9242618.002843
1781499600000,0.08859,0.08895,0.08848,0.08874,14492073.071273
1781503200000,0.08874,0.08899,0.08865,0.08873,6196978.697988
1781506800000,0.08872,0.08877,0.08838,0.08851,13150272.53951
1781510400000,0.08853,0.08893,0.08844,0.08854,9899489.342433
1781514000000,0.08855,0.08874,0.0881,0.08859,10897286.800237
1781517600000,0.08859,0.08942,0.08847,0.08921,18694346.833205
1781521200000,0.08922,0.09009,0.08901,0.08971,46021571.809078
1781524800000,0.08972,0.09022,0.08953,0.09007,22019819.414515
1781528400000,0.09007,0.09091,0.08998,0.09032,44957176.342047
1781532000000,0.09032,0.09033,0.08912,0.08952,40766163.50822
1781535600000,0.08952,0.09077,0.08924,0.0907,33498148.76197
1781539200000,0.09069,0.09071,0.09002,0.09007,25391938.222779
1781542800000,0.09008,0.09009,0.08929,0.08966,18314960.803554
1781546400000,0.08967,0.08974,0.08926,0.08934,10521384.15868
1781550000000,0.08932,0.08972,0.08854,0.08898,18646523.511501
1781553600000,0.08898,0.08925,0.0887,0.08898,8729132.990492
1781557200000,0.08899,0.08916,0.08866,0.08882,13765508.885216
1781560800000,0.08883,0.08896,0.08779,0.08803,22115563.539503
1781564400000,0.08803,0.08827,0.0878,0.08815,10976327.19186
1781568000000,0.08815,0.08833,0.0877,0.08776,12211027.541924
1781571600000,0.08775,0.08812,0.08775,0.08787,8653603.36123
1781575200000,0.08788,0.08799,0.08682,0.087,27014262.750588
1781578800000,0.087,0.08761,0.0869,0.0875,12974632.812483
1781582400000,0.0875,0.0876,0.08673,0.08694,11109119.195011
1781586000000,0.08694,0.08734,0.08694,0.08727,10869027.830379
1781589600000,0.08728,0.08771,0.08726,0.08763,5673906.706286
1781593200000,0.08765,0.08784,0.08747,0.08784,7745714.170957
1781596800000,0.08784,0.08908,0.08761,0.08883,29275264.380585
1781600400000,0.08884,0.08895,0.08841,0.08853,12790783.005726
1781604000000,0.08853,0.08866,0.08825,0.08827,8668914.163035
1781607600000,0.08827,0.08842,0.08783,0.08819,10191402.675616
1781611200000,0.0882,0.08893,0.08792,0.08842,18386880.288283
1781614800000,0.08843,0.08847,0.08726,0.08742,17221001.841533
1781618400000,0.08743,0.08778,0.08621,0.08669,32578933.087492
1781622000000,0.08669,0.08745,0.08656,0.0872,16651708.625376
1781625600000,0.0872,0.08732,0.08639,0.08653,32281882.651103
1781629200000,0.08656,0.08736,0.08654,0.08727,7930100.422504
1781632800000,0.08727,0.08787,0.08721,0.08758,7075070.010942
1781636400000,0.08758,0.0877,0.08703,0.08729,7462171.056979
1781640000000,0.08728,0.08779,0.08712,0.08769,5419908.699771
1781643600000,0.08769,0.08779,0.0873,0.08747,8270163.27212
1781647200000,0.08748,0.08763,0.08719,0.08735,5471465.024174
1781650800000,0.08735,0.08742,0.08702,0.08716,2985199.165161
1781654400000,0.08718,0.0875,0.08713,0.08742,4992810.912221
1781658000000,0.08742,0.08786,0.087,0.08778,8110293.942728
1781661600000,0.08779,0.08813,0.08752,0.08778,8931230.703622
1781665200000,0.0878,0.0878,0.08731,0.08747,5289318.328595
1781668800000,0.0875,0.08785,0.08737,0.08754,2713607.452854
1781672400000,0.08754,0.08768,0.08723,0.0874,4512005.081663
1781676000000,0.08742,0.08752,0.08676,0.08704,12589988.030066
1781679600000,0.08704,0.08723,0.08658,0.08691,13224268.885414
1781683200000,0.08691,0.08693,0.08575,0.08597,26312823.923854
1781686800000,0.08597,0.08624,0.08591,0.08607,10713550.235719
1781690400000,0.08608,0.08618,0.08589,0.086,5918041.193327
1781694000000,0.086,0.0861,0.08548,0.08585,24553765.005153
1781697600000,0.08585,0.08629,0.0855,0.08627,11304324.813736
1781701200000,0.08627,0.08661,0.08595,0.08629,11975891.610826
1781704800000,0.08629,0.08657,0.08565,0.08607,11070088.314167
1781708400000,0.0861,0.08728,0.08602,0.08728,13784033.431817
1781712000000,0.08728,0.08776,0.08704,0.08707,21011891.40245
1781715600000,0.08708,0.0876,0.08695,0.08759,7043569.464485
1781719200000,0.08759,0.08788,0.08589,0.08707,36846694.706919
1781722800000,0.08706,0.08723,0.085,0.08545,30856284.767253
1781726400000,0.0854,0.08626,0.08529,0.08622,10474382.397375
1781730000000,0.08623,0.08626,0.08547,0.08562,4925485.816911
1781733600000,0.08561,0.08599,0.08466,0.08584,19531710.210176
1781737200000,0.08584,0.08619,0.08578,0.08592,3154841.896578
1781740800000,0.08596,0.08635,0.08593,0.08622,5159464.61002
1781744400000,0.08623,0.08657,0.08608,0.08623,4543468.863686
1781748000000,0.08626,0.08638,0.08604,0.08619,4141105.513658
1781751600000,0.08618,0.0862,0.08522,0.08534,8870163.781094
1781755200000,0.08533,0.08542,0.0844,0.08468,19003492.185424
1781758800000,0.08466,0.08469,0.08396,0.08428,17507785.150468
1781762400000,0.08429,0.08478,0.08414,0.08469,9927593.746135
1781766000000,0.08471,0.08515,0.08446,0.08494,6461167.75659
1781769600000,0.08496,0.08524,0.0848,0.08503,6216276.264768
1781773200000,0.08508,0.08523,0.08489,0.08508,3428936.90699
1781776800000,0.08509,0.0851,0.08456,0.08489,7367686.940939
1781780400000,0.0849,0.08504,0.08433,0.08454,6878998.137752
1781784000000,0.08455,0.08488,0.08447,0.08484,4508122.803417
1781787600000,0.08485,0.08492,0.08359,0.08408,21522914.644917
1781791200000,0.08409,0.08451,0.08365,0.08391,18505490.626844
1781794800000,0.08392,0.08393,0.08182,0.08201,81200793.038319
1781798400000,0.082,0.08277,0.08193,0.08268,18195717.200965
1781802000000,0.08269,0.08272,0.08202,0.08237,12057165.93576
1781805600000,0.0824,0.08266,0.08226,0.08243,9433892.478048
1781809200000,0.08243,0.08303,0.08238,0.08289,4728821.090144
1781812800000,0.08291,0.08354,0.08291,0.08342,10370845.796015
1781816400000,0.08343,0.08353,0.08309,0.08339,6259442.630664
1781820000000,0.08339,0.0835,0.08301,0.08345,4212800.0856
1781823600000,0.08345,0.08359,0.08314,0.08353,4102859.082073
1781827200000,0.08353,0.08378,0.08339,0.08365,5980183.462357
1781830800000,0.08366,0.08391,0.08347,0.08386,5505149.254324
1781834400000,0.08386,0.08397,0.08351,0.08366,3467944.942359
1781838000000,0.08366,0.08374,0.0826,0.08289,20800478.700568
1781841600000,0.0829,0.08303,0.08206,0.08225,9157253.727176
1781845200000,0.08227,0.08273,0.08225,0.08265,5660786.142632
1781848800000,0.08264,0.0828,0.08246,0.08275,3675732.939515
1781852400000,0.08274,0.08276,0.082,0.08233,11890099.203141
1781856000000,0.08235,0.0827,0.0823,0.08255,3300579.087054
1781859600000,0.08257,0.08264,0.08208,0.08222,7103423.55839
1781863200000,0.08223,0.08243,0.08206,0.08232,5298555.0995
1781866800000,0.08233,0.0825,0.08216,0.08241,2369117.501468
1781870400000,0.08242,0.08273,0.0819,0.08268,13086006.183867
1781874000000,0.0827,0.08349,0.08247,0.08325,12662007.912416
1781877600000,0.08324,0.08342,0.083,0.08313,7796883.486669
1781881200000,0.08314,0.08338,0.083,0.0832,7987723.421546
1781884800000,0.08322,0.08341,0.08288,0.0829,4885258.388251
1781888400000,0.0829,0.08345,0.08278,0.08336,3516947.027045
1781892000000,0.08336,0.08339,0.08295,0.08316,1892566.275599
1781895600000,0.08316,0.08318,0.08273,0.08292,2452393.084404
1781899200000,0.08294,0.08324,0.08271,0.08324,1547875.802784
1781902800000,0.08324,0.08331,0.08281,0.08286,5401863.635041
1781906400000,0.08286,0.08329,0.08282,0.08324,3039872.343921
1781910000000,0.08326,0.08372,0.08314,0.08355,5750902.990287
1781913600000,0.08355,0.08393,0.08344,0.08348,3432440.044456
1781917200000,0.08349,0.08361,0.08331,0.0835,4140521.344091
1781920800000,0.0835,0.08356,0.08305,0.08307,3576174.250164
1781924400000,0.08306,0.08336,0.08306,0.08327,2204178.853091
1781928000000,0.08327,0.08352,0.08323,0.08352,4595113.546927
1781931600000,0.08353,0.08422,0.08345,0.08396,8132610.997595
1781935200000,0.08397,0.08427,0.08389,0.0842,7899004.190662
1781938800000,0.0842,0.08433,0.08394,0.08409,8536519.086798
1781942400000,0.0841,0.08413,0.08381,0.08396,4384414.814385
1781946000000,0.08398,0.0843,0.08398,0.08418,2477698.144461
1781949600000,0.08419,0.08423,0.08386,0.08395,1770978.959452
1781953200000,0.08396,0.08402,0.08379,0.08386,13471325.817888
1781956800000,0.08387,0.08404,0.08373,0.08386,13276889.166871
1781960400000,0.08386,0.08388,0.08322,0.08332,6582548.936195
1781964000000,0.08331,0.08418,0.08265,0.08373,13804152.281523
1781967600000,0.08374,0.08423,0.08355,0.08376,13697894.260223
1781971200000,0.08377,0.08378,0.08332,0.08351,2547652.440471
1781974800000,0.08351,0.08352,0.08286,0.08309,3153156.633753
1781978400000,0.0831,0.08344,0.08309,0.08316,2189475.096049
1781982000000,0.08317,0.08346,0.08315,0.08334,693922.708108
1781985600000,0.08335,0.08344,0.08324,0.08339,1050063.785389
1781989200000,0.0834,0.08364,0.08336,0.08353,2295716.720349
1781992800000,0.08351,0.08404,0.08342,0.08386,4333854.552489
1781996400000,0.08386,0.08408,0.08368,0.08371,3894949.322491
1782000000000,0.08372,0.08374,0.08357,0.08368,2492126.812702
1782003600000,0.0837,0.08371,0.08351,0.08364,2936459.14681
1782007200000,0.08364,0.08368,0.08357,0.08357,2243817.049722
1782010800000,0.08358,0.08386,0.08345,0.0837,3322222.290633
1782014400000,0.0837,0.08382,0.08329,0.08334,2874266.615403
1782018000000,0.08333,0.08344,0.08314,0.08325,3993016.116911
1782021600000,0.08325,0.08352,0.08323,0.08342,2132421.123305
1782025200000,0.08343,0.08368,0.08333,0.0835,2668938.635807
1782028800000,0.08351,0.08358,0.0829,0.08317,4703307.935549
1782032400000,0.08318,0.08339,0.08302,0.08336,3940481.227538
1782036000000,0.08337,0.08355,0.08328,0.08329,6137321.591235
1782039600000,0.0833,0.08337,0.08278,0.08305,8128307.647596
1782043200000,0.08306,0.0834,0.08295,0.08336,5481434.923176
1782046800000,0.08335,0.08347,0.08317,0.08347,5775508.025318
1782050400000,0.08347,0.08353,0.08327,0.08346,5463159.607987
1782054000000,0.08346,0.08363,0.08342,0.08343,4546681.482074
1782057600000,0.08341,0.08359,0.08313,0.08357,4966035.535757
1782061200000,0.08357,0.08377,0.08324,0.08339,4097629.503865
1782064800000,0.08339,0.08368,0.08317,0.08349,1481922.30396
1782068400000,0.0835,0.08366,0.08346,0.08365,1233348.516732
1782072000000,0.08365,0.08368,0.08309,0.08317,2441056.408192
1782075600000,0.08318,0.08322,0.08231,0.08289,13351858.365067
1782079200000,0.08289,0.08312,0.08267,0.08291,4687573.31247
1782082800000,0.08291,0.08291,0.08215,0.08224,6864410.384709
1782086400000,0.08225,0.0832,0.08224,0.08315,5192627.506781
1782090000000,0.08315,0.08425,0.08302,0.0837,16944962.701741
1782093600000,0.08369,0.08379,0.08332,0.08332,4021230.384694
1782097200000,0.08333,0.08351,0.08284,0.08293,5038807.42037
1782100800000,0.08294,0.08325,0.0828,0.08324,2696948.325442
1782104400000,0.08325,0.08348,0.0832,0.08333,3348067.9093
1782108000000,0.08334,0.08353,0.08315,0.08321,4376761.837649
1782111600000,0.08322,0.08374,0.08318,0.08351,7048006.074431
1782115200000,0.08352,0.08381,0.08336,0.08359,9793860.062609
1782118800000,0.08361,0.08378,0.08356,0.08371,2471226.837481
1782122400000,0.08372,0.08398,0.08351,0.08368,2658185.052177
1782126000000,0.08369,0.08448,0.08365,0.08423,12032057.807091
1782129600000,0.08425,0.08466,0.08418,0.08459,14774633.892922
1782133200000,0.0846,0.08505,0.08435,0.08503,13825216.042878
1782136800000,0.08503,0.0851,0.08371,0.08395,16679152.159524
1782140400000,0.08397,0.08415,0.08353,0.08365,8815772.830594
1782144000000,0.08366,0.08369,0.08312,0.08336,6020372.540829
1782147600000,0.08338,0.08345,0.08296,0.08332,7356455.248974
1782151200000,0.08331,0.08348,0.0828,0.08287,7021768.372793
1782154800000,0.08292,0.08293,0.0825,0.08277,8652984.735381
1782158400000,0.08276,0.08303,0.08266,0.08285,4552407.959603
1782162000000,0.08286,0.08289,0.08238,0.08273,6819046.732295
1782165600000,0.08275,0.08289,0.08188,0.08224,17141930.074704
1782169200000,0.08224,0.08255,0.08216,0.08249,5576176.162579
1782172800000,0.08248,0.0826,0.082,0.08258,4876220.867429
1782176400000,0.08258,0.08272,0.08122,0.08189,19086937.314245
1782180000000,0.0819,0.08237,0.08177,0.0823,5322008.881379
1782183600000,0.0823,0.08231,0.08188,0.08222,5251390.679639
1782187200000,0.08223,0.08225,0.08163,0.0817,4862898.589719
1782190800000,0.0817,0.08183,0.08139,0.08172,11837681.786539
1782194400000,0.08173,0.08173,0.07967,0.08025,53887369.877463
1782198000000,0.08026,0.08045,0.07997,0.08001,12412059.047839
1782201600000,0.08001,0.08005,0.07839,0.07913,71284665.126809
1782205200000,0.07912,0.07931,0.07898,0.07903,12270216.636493
1782208800000,0.07903,0.07936,0.07898,0.07912,8555662.206975
1782212400000,0.07912,0.07962,0.0791,0.07958,11944988.727241
1782216000000,0.07959,0.07967,0.07931,0.07943,6693610.498054
1782219600000,0.07944,0.07983,0.07904,0.07964,15569060.947303
1782223200000,0.07963,0.07983,0.0789,0.07899,18525563.153574
1782226800000,0.079,0.07905,0.0784,0.07884,16118439.525022
1782230400000,0.07885,0.07939,0.07873,0.07893,14036065.361917
1782234000000,0.07892,0.0791,0.07853,0.07859,6666186.354721
1782237600000,0.07861,0.07887,0.0783,0.0786,6390080.729587
1782241200000,0.07861,0.07879,0.07836,0.07846,9470869.253175
1782244800000,0.07847,0.07883,0.07841,0.07851,5227836.375367
1782248400000,0.07853,0.07884,0.07853,0.07879,8053849.166344
1782252000000,0.07879,0.07914,0.07874,0.079,5843350.091319
1782255600000,0.079,0.07913,0.07876,0.07889,5648659.650363
1782259200000,0.0789,0.07928,0.07887,0.07914,7467205.362288
1782262800000,0.07918,0.07979,0.07895,0.07959,10712506.73248
1782266400000,0.0796,0.07966,0.07909,0.07911,6356490.396617
1782270000000,0.07912,0.07933,0.07881,0.0791,5975426.001389
1782273600000,0.07911,0.07921,0.07851,0.07918,6792536.958753
1782277200000,0.07918,0.07946,0.07911,0.0792,3942338.195896
1782280800000,0.07921,0.07925,0.07897,0.07904,5187278.130761
1782284400000,0.07904,0.07907,0.07879,0.07887,6424230.860218
1782288000000,0.07888,0.07922,0.07886,0.07919,3443183.450752
1782291600000,0.07919,0.07919,0.07873,0.07898,3364269.133865
1782295200000,0.07897,0.07897,0.07852,0.0786,5195237.09416
1782298800000,0.0786,0.07962,0.07802,0.07903,22972628.273339
1782302400000,0.07903,0.07908,0.07858,0.07861,4968731.463523
1782306000000,0.07863,0.07867,0.07669,0.07682,42054284.388692
1782309600000,0.07681,0.07717,0.07648,0.07678,28595765.37863
1782313200000,0.07679,0.077,0.07449,0.07479,130889767.440317
1782316800000,0.07478,0.07566,0.07361,0.0742,73620891.42905
1782320400000,0.07422,0.07457,0.07283,0.07306,52681695.020124
1782324000000,0.07308,0.07443,0.07291,0.07392,17126235.917847
1782327600000,0.07393,0.07421,0.07363,0.07414,9312235.952358
1782331200000,0.07415,0.07582,0.07401,0.07557,24731870.577845
1782334800000,0.07559,0.07615,0.0751,0.07605,21675600.52037
1782338400000,0.07606,0.07647,0.07577,0.07587,25202451.25184
1782342000000,0.07588,0.07619,0.07575,0.07613,8073778.145755
1782345600000,0.07615,0.07644,0.07601,0.07613,8888141.539048
1782349200000,0.07615,0.07639,0.07608,0.0763,9455194.587784
1782352800000,0.07629,0.0764,0.07602,0.0762,7366150.450628
1782356400000,0.0762,0.0763,0.07592,0.07604,7972800.849366
1782360000000,0.07605,0.07678,0.0758,0.07676,14802547.237502
1782363600000,0.07676,0.07746,0.0767,0.07728,17783909.115039
1782367200000,0.07729,0.07751,0.07707,0.07729,7946586.292871
1782370800000,0.0773,0.07737,0.07706,0.07735,3571269.656734
1782374400000,0.07736,0.07738,0.07703,0.07705,5738011.032599
1782378000000,0.07707,0.07718,0.07684,0.07699,4012251.78656
1782381600000,0.07699,0.07699,0.07611,0.07622,11041971.582879
1782385200000,0.07622,0.07634,0.07576,0.07594,14416265.503879
1782388800000,0.07595,0.07639,0.07535,0.07604,22706435.328403
1782392400000,0.07605,0.07645,0.07137,0.07177,114335696.209268
1782396000000,0.07175,0.07457,0.07175,0.07317,80719790.038766
1782399600000,0.07317,0.07353,0.07217,0.07344,26495826.875769
1782403200000,0.07345,0.07422,0.07311,0.0734,16878294.270329
1782406800000,0.07342,0.07527,0.07339,0.07495,14841589.566196
1782410400000,0.07495,0.07498,0.07346,0.07363,10304063.246307
1782414000000,0.07363,0.07367,0.07291,0.07339,8713967.781411
1782417600000,0.0734,0.07406,0.0734,0.07361,8330678.121509
1782421200000,0.0736,0.0749,0.07359,0.0749,19141877.236494
1782424800000,0.07489,0.075,0.07455,0.0747,5922045.826133
1782428400000,0.0747,0.07532,0.07461,0.0749,7581730.919287
1782432000000,0.07491,0.0751,0.07464,0.07468,6365239.600464
1782435600000,0.07469,0.07478,0.07385,0.07402,15826591.000185
1782439200000,0.07404,0.07408,0.07249,0.07269,44519825.852358
1782442800000,0.0727,0.07481,0.07212,0.07466,42053617.5311
1782446400000,0.07467,0.0748,0.07413,0.07426,11309675.837922
1782450000000,0.07427,0.07452,0.07394,0.07441,11901669.205775
1782453600000,0.07441,0.07527,0.07397,0.07473,32259271.924163
1782457200000,0.07473,0.07529,0.07467,0.0751,14128582.102579
1782460800000,0.07509,0.07517,0.07427,0.07442,16898484.018051
1782464400000,0.07444,0.07457,0.0739,0.07401,6322994.884762
1782468000000,0.07402,0.07415,0.07362,0.0737,10730186.427676
1782471600000,0.07371,0.07402,0.07326,0.07347,8993330.8684
1782475200000,0.07348,0.0743,0.07293,0.07336,31566133.801336
1782478800000,0.07337,0.07475,0.07284,0.07474,23372945.009776
1782482400000,0.07472,0.07492,0.07385,0.07396,16752771.440524
1782486000000,0.07396,0.07537,0.07385,0.075,21814000.436279
1782489600000,0.07501,0.07564,0.07463,0.07531,14702690.097224
1782493200000,0.0753,0.07573,0.07522,0.07559,9427435.097815
1782496800000,0.07559,0.07581,0.0751,0.07518,3942702.62597
1782500400000,0.0752,0.07612,0.07505,0.07556,10867631.645009
1782504000000,0.07557,0.07616,0.07534,0.07548,12323442.423634
1782507600000,0.0755,0.07592,0.07525,0.07546,3248214.179394
1782511200000,0.07546,0.07571,0.07519,0.07569,5298280.167151
1782514800000,0.0757,0.07591,0.07561,0.07579,5986542.858415
1782518400000,0.0758,0.076,0.07512,0.07545,9860241.339142
1782522000000,0.07545,0.07548,0.07526,0.07542,6467307.409037
1782525600000,0.07542,0.07606,0.0754,0.0759,7639683.94773
1782529200000,0.0759,0.07596,0.07561,0.07566,4556077.568566
1782532800000,0.07566,0.07599,0.07557,0.07561,3379263.156351
1782536400000,0.07562,0.07579,0.07541,0.07575,2643881.061234
1782540000000,0.07575,0.07585,0.07546,0.07571,3493747.401612
1782543600000,0.07571,0.07588,0.07555,0.07581,4705673.316786
1782547200000,0.07582,0.07582,0.07543,0.07556,4757244.70818
1782550800000,0.07556,0.07566,0.07529,0.07541,4953322.632953
1782554400000,0.0754,0.07545,0.07527,0.07536,2912865.090148
1782558000000,0.07536,0.07537,0.07496,0.07533,3811060.108278
1782561600000,0.07534,0.07563,0.07526,0.07557,2348681.770514
1782565200000,0.07559,0.07595,0.07548,0.07582,9638342.926875
1782568800000,0.07583,0.07606,0.07572,0.07597,6535895.395067
1782572400000,0.07598,0.07644,0.07588,0.07623,10995252.263642
1782576000000,0.07625,0.07636,0.07594,0.07625,10590164.96848
1782579600000,0.07625,0.07628,0.07561,0.07567,8797834.612652
1782583200000,0.07567,0.0757,0.07523,0.07537,8428264.966442
1782586800000,0.07537,0.07544,0.07451,0.07476,12069331.643413
1782590400000,0.07477,0.07495,0.07471,0.07478,3541221.946869
1782594000000,0.07479,0.075,0.07438,0.07459,9615729.837682
1782597600000,0.07458,0.07486,0.07411,0.07484,4732273.136537
1782601200000,0.07485,0.07489,0.07442,0.07451,4393644.217409
1782604800000,0.07451,0.0747,0.07447,0.07461,2161410.864051
1782608400000,0.07461,0.07466,0.07438,0.07447,2116654.790631
1782612000000,0.07448,0.07462,0.07409,0.07417,7844562.333663
1782615600000,0.07417,0.07449,0.07414,0.07428,3449396.17264
1782619200000,0.0743,0.0743,0.074,0.07403,5791782.931692
1782622800000,0.07403,0.07404,0.07347,0.07387,9143480.122964
1782626400000,0.07388,0.07392,0.07324,0.07352,11531258.023796
1782630000000,0.07348,0.07379,0.07347,0.07379,3286834.549649
1782633600000,0.07378,0.07429,0.07368,0.07409,9235643.837511
1782637200000,0.07409,0.07428,0.07353,0.07356,5036981.533995
1782640800000,0.07357,0.07374,0.07331,0.0735,6482475.031035
1782644400000,0.0735,0.0739,0.07334,0.07384,4652280.306255
1782648000000,0.07384,0.07405,0.07344,0.07378,5795917.563861
1782651600000,0.07378,0.07381,0.07341,0.07352,5009896.100528
1782655200000,0.07354,0.074,0.07353,0.07366,3375242.063726
1782658800000,0.07366,0.07388,0.07338,0.07358,6153633.499764
1782662400000,0.07359,0.07362,0.07295,0.07318,12321794.867757
1782666000000,0.07318,0.07343,0.07274,0.07322,5118800.841038
1782669600000,0.07322,0.07332,0.07296,0.07327,1741681.389888
1782673200000,0.07328,0.07335,0.07263,0.07298,4805087.481781
1782676800000,0.07293,0.07343,0.0729,0.07322,1911807.112699
1782680400000,0.07323,0.07326,0.07249,0.07278,4309417.931576
1782684000000,0.07279,0.07372,0.07216,0.07248,13332658.31883
1782687600000,0.07245,0.0734,0.07239,0.0732,3709906.603775
1782691200000,0.0732,0.07336,0.0722,0.07332,10076009.455562
1782694800000,0.07333,0.07337,0.07256,0.07285,8574370.376695
1782698400000,0.07283,0.07319,0.07195,0.07312,16280106.500317
1782702000000,0.07312,0.07365,0.07306,0.0733,7330422.706665
1782705600000,0.0733,0.07334,0.07233,0.07257,10011260.091599
1782709200000,0.07258,0.07309,0.07208,0.07309,10535621.464807
1782712800000,0.0731,0.07348,0.07301,0.07319,8454618.573489
1782716400000,0.0732,0.07331,0.07278,0.07279,7857427.81979
1782720000000,0.07279,0.07294,0.07224,0.07254,10346822.007222
1782723600000,0.07255,0.07297,0.07253,0.07281,5032505.323093
1782727200000,0.07282,0.07323,0.07282,0.07294,5269812.235403
1782730800000,0.07294,0.07315,0.07248,0.07285,8259557.748926
1782734400000,0.07285,0.07388,0.07248,0.07296,27448769.118334
1782738000000,0.07298,0.07353,0.07225,0.07273,19180156.908484
1782741600000,0.07276,0.07293,0.07203,0.0726,20415658.365345
1782745200000,0.07261,0.07299,0.07202,0.07282,13020904.674025
1782748800000,0.07283,0.07299,0.07212,0.07282,10675385.211562
1782752400000,0.07282,0.07429,0.07281,0.07392,25832266.630437
1782756000000,0.07394,0.07409,0.07375,0.07387,7266261.533613
1782759600000,0.07388,0.07412,0.07371,0.07391,5278306.487012
1782763200000,0.07391,0.07396,0.07372,0.07373,3006959.229751
1782766800000,0.07372,0.07414,0.0736,0.07396,3804647.346288
1782770400000,0.07397,0.07401,0.07345,0.07345,2135102.580826
1782774000000,0.07346,0.07352,0.07321,0.07344,5318857.034187
1782777600000,0.07344,0.07361,0.07254,0.07255,11128620.071939
1782781200000,0.07256,0.07278,0.07228,0.07256,6849761.881629
1782784800000,0.07257,0.07275,0.07231,0.07265,4169615.719676
1782788400000,0.07266,0.07282,0.07239,0.07246,4888296.353516
1782792000000,0.07246,0.0726,0.07215,0.07245,11271159.831901
1782795600000,0.07246,0.07247,0.0721,0.07246,11614138.416176
1782799200000,0.07246,0.07259,0.07231,0.07248,2481713.564356
1782802800000,0.07249,0.07262,0.07232,0.0724,3396495.578624
1782806400000,0.07241,0.07246,0.07203,0.07237,8604998.618819
1782810000000,0.07236,0.0726,0.07223,0.07257,12330479.089979
1782813600000,0.07258,0.07265,0.07231,0.07249,7842261.039243
1782817200000,0.07249,0.07256,0.07095,0.07145,32059124.687894
1782820800000,0.07144,0.07144,0.0695,0.06967,73487500.244842
1782824400000,0.06967,0.07086,0.06967,0.07075,34739623.90807
1782828000000,0.07076,0.07131,0.07024,0.07038,28026996.127775
1782831600000,0.07037,0.07109,0.07022,0.07073,14705934.715041
1782835200000,0.07074,0.07155,0.07059,0.07141,11758643.019412
1782838800000,0.07142,0.07165,0.07115,0.07135,5257122.856331
1782842400000,0.07136,0.07289,0.07126,0.07241,22727700.704821
1782846000000,0.07238,0.07254,0.07213,0.07231,5188694.276752
1782849600000,0.0723,0.07238,0.07192,0.07206,5684943.914686
1782853200000,0.07205,0.07225,0.07194,0.07217,3652769.060483
1782856800000,0.07217,0.07234,0.07183,0.07197,7793828.953107
1782860400000,0.07197,0.07214,0.07184,0.07208,3561061.528237
1782864000000,0.07209,0.07217,0.07163,0.07181,16211826.40419
1782867600000,0.07181,0.0721,0.07051,0.07187,20090594.121489
1782871200000,0.07187,0.07229,0.07171,0.072,12915268.901821
1782874800000,0.07201,0.0725,0.07187,0.07233,13162860.938863
1782878400000,0.07234,0.07269,0.07227,0.07256,6123588.940861
1782882000000,0.07256,0.07259,0.07225,0.07233,6639579.03139
1782885600000,0.07234,0.07236,0.07111,0.07144,17341087.055622
1782889200000,0.07144,0.07162,0.0713,0.07149,4728052.015865
1782892800000,0.07149,0.07156,0.07091,0.07151,11894867.060498
1782896400000,0.07151,0.07162,0.07115,0.0713,10636561.177943
1782900000000,0.0713,0.07138,0.07081,0.07098,8993241.562684
1782903600000,0.07098,0.07127,0.07084,0.07116,6051683.21146
1782907200000,0.07116,0.07145,0.07086,0.07145,7019706.413789
1782910800000,0.07146,0.07249,0.07123,0.0724,23892259.58631
1782914400000,0.07239,0.073,0.07215,0.07269,28249507.72028
1782918000000,0.07268,0.07357,0.07267,0.07337,26470818.389234
1782921600000,0.07337,0.07357,0.07294,0.07307,9751030.975993
1782925200000,0.07308,0.07362,0.07279,0.07348,12497844.933029
1782928800000,0.07349,0.07361,0.07301,0.07312,4326655.236896
1782932400000,0.07313,0.0734,0.07271,0.07283,5251145.661118
1782936000000,0.07285,0.07292,0.07253,0.07282,5900025.817748
1782939600000,0.07283,0.0736,0.07283,0.07349,15716011.815184
1782943200000,0.07347,0.07399,0.07301,0.07307,15898041.829656
1782946800000,0.07307,0.07307,0.07217,0.07223,12732736.396879
1782950400000,0.07223,0.07232,0.07168,0.07192,13378314.245378
1782954000000,0.07196,0.07288,0.07192,0.07256,10965984.1115
1782957600000,0.07257,0.07284,0.07228,0.07278,8323539.331288
1782961200000,0.07276,0.07352,0.07234,0.0734,26170639.70746
1782964800000,0.07341,0.07347,0.0729,0.07328,14160747.204021
1782968400000,0.07329,0.07329,0.07259,0.07275,8503882.902957
1782972000000,0.07276,0.07287,0.07243,0.07251,7732936.643828
1782975600000,0.07251,0.07264,0.07232,0.07255,8724624.988267
1782979200000,0.07256,0.0731,0.07251,0.07307,12152840.265786
1782982800000,0.07307,0.0738,0.07276,0.07347,26671609.46221
1782986400000,0.07347,0.0741,0.0734,0.07399,21798472.181211
1782990000000,0.07399,0.07439,0.07382,0.07418,27927831.637471
1782993600000,0.07416,0.07477,0.07408,0.07435,23881874.312071
1782997200000,0.07436,0.07557,0.07426,0.07506,40574415.247988
1783000800000,0.07507,0.07548,0.07429,0.0745,25979993.128457
1783004400000,0.0745,0.07477,0.07403,0.07451,18545507.72053
1783008000000,0.07454,0.07479,0.07411,0.07432,10792192.685378
1783011600000,0.07432,0.07459,0.07413,0.07424,6140875.574378
1783015200000,0.07425,0.07454,0.07423,0.07437,6395398.887532
1783018800000,0.07438,0.0745,0.07411,0.07422,4103972.105219
1783022400000,0.07422,0.07426,0.074,0.07412,6571194.602557
1783026000000,0.07412,0.07417,0.07386,0.07406,7179341.869081
1783029600000,0.07406,0.07413,0.07376,0.074,7664437.013211
1783033200000,0.07399,0.07439,0.07388,0.07419,6644810.649764
1783036800000,0.07419,0.07432,0.07396,0.074,8961851.775029
1783040400000,0.074,0.07497,0.07397,0.07481,20170776.691961
1783044000000,0.07483,0.07493,0.07439,0.07475,9239957.298214
1783047600000,0.07474,0.07487,0.07426,0.07479,8929979.292447
1783051200000,0.0748,0.07483,0.07448,0.07451,3949214.833255
1783054800000,0.07452,0.07541,0.07446,0.07507,14979267.107764
1783058400000,0.07508,0.07536,0.07504,0.07522,7277893.869122
1783062000000,0.07523,0.0754,0.0751,0.07532,8264320.029869
1783065600000,0.07533,0.07559,0.07485,0.07491,24867696.226755
1783069200000,0.07491,0.07515,0.07476,0.07501,4649740.157353
1783072800000,0.07501,0.07562,0.07498,0.07541,19406336.828576
1783076400000,0.07541,0.07616,0.07528,0.07597,35774330.451164
1783080000000,0.07594,0.07616,0.07566,0.07605,17249638.695619
1783083600000,0.07605,0.07674,0.07595,0.07664,19707643.0073
1783087200000,0.07664,0.07682,0.07593,0.07676,20866632.511982
1783090800000,0.07677,0.07737,0.07619,0.07635,52231370.658451
1783094400000,0.07636,0.07677,0.07615,0.07647,17454850.437465
1783098000000,0.07648,0.07704,0.07641,0.07697,17202445.873322
1783101600000,0.07698,0.07702,0.07671,0.0769,10065299.203146
1783105200000,0.07691,0.07767,0.07676,0.07719,18231690.762274
1783108800000,0.0772,0.07822,0.07716,0.07801,29724505.169836
1783112400000,0.07803,0.0785,0.07751,0.07815,20518119.550521
1783116000000,0.07818,0.07823,0.07755,0.07781,9578958.050441
1783119600000,0.07782,0.07782,0.07722,0.07755,8269422.04354
1783123200000,0.07756,0.07774,0.07732,0.07737,9157042.869231
1783126800000,0.07738,0.07738,0.07673,0.07688,14208592.057121
1783130400000,0.07687,0.07705,0.07662,0.07702,11575472.715195
1783134000000,0.07702,0.07747,0.07678,0.07734,10523884.227332
1783137600000,0.07734,0.07816,0.07718,0.07781,17967408.207842
1783141200000,0.07781,0.07781,0.07707,0.07717,8509348.359194
1783144800000,0.07718,0.07747,0.0767,0.07708,15121644.809351
1783148400000,0.07708,0.07709,0.07676,0.07693,12794339.067778
1783152000000,0.07693,0.07705,0.0768,0.07704,4222696.348507
1783155600000,0.07704,0.07724,0.07661,0.07686,14944903.265596
1783159200000,0.07687,0.07717,0.07675,0.07713,7442972.871684
1783162800000,0.07711,0.07719,0.07693,0.07693,6586484.851289
1783166400000,0.07693,0.07717,0.07686,0.07715,7140869.078215
1783170000000,0.07715,0.07747,0.07696,0.07717,6164444.208591
1783173600000,0.07716,0.07779,0.07714,0.07772,10965185.109872
1783177200000,0.07772,0.07876,0.07769,0.07857,31867026.044526
1783180800000,0.07857,0.07892,0.07821,0.07849,25038291.121669
1783184400000,0.07848,0.07928,0.07808,0.0791,17816745.758326
1783188000000,0.07911,0.0793,0.0789,0.07919,13355741.649546
1783191600000,0.07918,0.07939,0.07849,0.07857,9937053.999963
1783195200000,0.07858,0.07873,0.07797,0.07806,8891581.851504
1783198800000,0.07807,0.07855,0.07803,0.07826,6838563.053787
1783202400000,0.07825,0.07828,0.07783,0.07795,3660637.396086
1783206000000,0.07796,0.07797,0.07738,0.07766,9164951.271353
1783209600000,0.07767,0.07769,0.077,0.07718,18094338.82537
1783213200000,0.07719,0.07737,0.07669,0.07685,19277228.110152
1783216800000,0.07685,0.07685,0.07564,0.07587,34428977.831608
1783220400000,0.07588,0.07626,0.07584,0.07596,17823930.849543
1783224000000,0.07597,0.07638,0.07586,0.07612,13190672.754629
1783227600000,0.07609,0.07609,0.07564,0.07585,14641286.205676
1783231200000,0.07585,0.07599,0.07565,0.07589,3411961.3413
1783234800000,0.0759,0.07626,0.07576,0.07618,10392435.733825
1783238400000,0.07618,0.07628,0.07599,0.07603,4972252.955098
1783242000000,0.07604,0.07605,0.07536,0.07558,13074993.734013
1783245600000,0.07555,0.07597,0.07532,0.07585,2819691.411028
1783249200000,0.07585,0.076,0.07577,0.07592,4490252.572975
1783252800000,0.07593,0.0766,0.0757,0.07654,17839911.164278
1783256400000,0.07654,0.07669,0.07638,0.07661,6642484.60658
1783260000000,0.07662,0.0772,0.0765,0.0771,11661439.709229
1783263600000,0.07708,0.07737,0.07678,0.07715,24216216.267966
1783267200000,0.07717,0.0775,0.07692,0.07706,22233181.775838
1783270800000,0.07705,0.07787,0.07703,0.07732,15817353.314075
1783274400000,0.07732,0.07779,0.07724,0.07764,4257190.69003
1783278000000,0.07762,0.07781,0.07722,0.07731,4564828.634197
1783281600000,0.07731,0.07751,0.077,0.07712,4182009.408625
1783285200000,0.07712,0.07833,0.07693,0.07792,13415263.021861
1783288800000,0.07793,0.07879,0.07776,0.07839,17418067.634311
1783292400000,0.07839,0.07882,0.07775,0.07789,13706630.222336
1783296000000,0.07789,0.07813,0.07705,0.07812,16253746.101376
1783299600000,0.07813,0.07829,0.07768,0.07772,18468105.838545
1783303200000,0.07773,0.07806,0.07743,0.0777,12026421.222901
1783306800000,0.07768,0.0778,0.07721,0.07748,11439450.783225
1783310400000,0.07748,0.07749,0.07708,0.07712,12028192.350249
1783314000000,0.0771,0.07711,0.07644,0.07666,15998062.01854
1783317600000,0.07666,0.07679,0.07652,0.07666,8295158.153899
1783321200000,0.07665,0.07713,0.07653,0.07694,9343588.612577
1783324800000,0.07695,0.07722,0.07685,0.07705,5914648.175412
1783328400000,0.07706,0.07707,0.07656,0.07673,6240138.048029
1783332000000,0.07673,0.07727,0.07668,0.07714,8199256.466186
1783335600000,0.07715,0.07745,0.07672,0.07673,6556455.014151
1783339200000,0.07673,0.07673,0.07493,0.07496,44548602.807481
1783342800000,0.07495,0.07555,0.07438,0.07529,36900046.311007
1783346400000,0.07528,0.07593,0.07507,0.07558,18690808.456177
1783350000000,0.07559,0.07657,0.07559,0.07624,38914966.151861
1783353600000,0.07625,0.07709,0.07601,0.07682,21268587.304886
1783357200000,0.07682,0.07716,0.07643,0.07662,18690369.294027
1783360800000,0.07662,0.07702,0.07647,0.07681,8924145.659916
1783364400000,0.07682,0.07718,0.07676,0.07694,5115192.179329
1783368000000,0.07695,0.07706,0.07668,0.07687,4228110.609933
1783371600000,0.07686,0.0784,0.07686,0.07755,36416033.629598
1783375200000,0.07758,0.07763,0.07701,0.07705,4399604.866768
1783378800000,0.07706,0.07717,0.07659,0.07667,8711812.156387
1783382400000,0.07668,0.07703,0.07648,0.07681,7962314.055489
1783386000000,0.07682,0.07684,0.07591,0.07606,26057653.409057
1783389600000,0.07607,0.0762,0.07526,0.07535,19250360.396291
1783393200000,0.07535,0.07544,0.07498,0.07516,16052130.244764
1783396800000,0.07516,0.07519,0.07451,0.07473,15142935.377787
1783400400000,0.07473,0.075,0.07427,0.07486,22705481.021731
1783404000000,0.07487,0.07553,0.07475,0.07548,17522031.911774
1783407600000,0.07548,0.07566,0.07495,0.07498,8313922.512972
1783411200000,0.07498,0.07504,0.07472,0.07482,7602646.216585
1783414800000,0.07482,0.07509,0.07476,0.07497,7578588.798382
1783418400000,0.07497,0.07521,0.07462,0.07467,7298061.840535
1783422000000,0.07467,0.07494,0.07436,0.0748,10691433.217799
1783425600000,0.07481,0.07549,0.07476,0.07488,26010683.541636
1783429200000,0.07489,0.07491,0.07396,0.07429,34359738.245242
1783432800000,0.07431,0.07497,0.07373,0.07483,19860455.604668
1783436400000,0.07484,0.07541,0.07458,0.0752,23941405.487313
1783440000000,0.07521,0.07572,0.07481,0.07537,15081277.006944
1783443600000,0.07538,0.07558,0.07517,0.07547,7880774.976492
1783447200000,0.07548,0.07548,0.07444,0.07453,10809003.48825
1783450800000,0.07452,0.07494,0.0741,0.07469,8698456.468989
1783454400000,0.07473,0.07485,0.07427,0.07438,3100975.297505
1783458000000,0.07438,0.07458,0.07394,0.07404,9626857.446228
1783461600000,0.07403,0.07451,0.0736,0.07447,9790643.324083
1783465200000,0.07446,0.07471,0.07412,0.07417,3673427.817053
1783468800000,0.07419,0.07448,0.07414,0.07436,8123489.270726
1783472400000,0.07437,0.07441,0.07283,0.07308,30350578.683616
1783476000000,0.07307,0.07311,0.07231,0.07293,29428982.206523
1783479600000,0.07296,0.07313,0.07256,0.07262,7686224.266791
1783483200000,0.07262,0.07273,0.07237,0.0726,9455264.599755
1783486800000,0.07262,0.07279,0.0724,0.07255,4530590.201112
1783490400000,0.07256,0.07257,0.07178,0.07215,28201544.219395
1783494000000,0.07216,0.07269,0.07192,0.07248,16460704.781342
1783497600000,0.07246,0.07255,0.07101,0.07131,47583641.364537
1783501200000,0.07132,0.07166,0.0711,0.07132,17331356.242628
1783504800000,0.07133,0.07175,0.07115,0.07164,7125396.780311
1783508400000,0.07165,0.07216,0.07155,0.07207,11083083.545666
1783512000000,0.07207,0.07221,0.07183,0.07183,8056474.580673
1783515600000,0.07184,0.07234,0.07172,0.07199,18871233.071469
1783519200000,0.07199,0.0722,0.07146,0.07187,17319821.090419
1783522800000,0.07188,0.07192,0.07127,0.07187,27145895.582604
1783526400000,0.07188,0.07257,0.07184,0.07255,17938419.352643
1783530000000,0.07256,0.07294,0.07231,0.0725,10709899.011754
1783533600000,0.0725,0.07279,0.0722,0.07247,10157532.213452
1783537200000,0.07246,0.0727,0.07228,0.07266,2609451.413492
1783540800000,0.07267,0.07272,0.07234,0.0724,7079080.594241
1783544400000,0.07241,0.0726,0.07208,0.07253,8379139.136497
1783548000000,0.07253,0.07278,0.07233,0.07245,6387132.249735
1783551600000,0.07246,0.07249,0.07219,0.07242,14433710.310265
1783555200000,0.07243,0.07246,0.07213,0.07228,3644283.983383
1783558800000,0.07229,0.073,0.0721,0.07215,11047791.265634
1783562400000,0.07213,0.07265,0.07199,0.07216,7514848.86973
1783566000000,0.07217,0.07241,0.07201,0.0723,5136734.466228
1783569600000,0.07229,0.07265,0.07222,0.07265,7749266.937675
1783573200000,0.07264,0.0729,0.07233,0.07279,11630496.618778
1783576800000,0.0728,0.07306,0.07258,0.07301,15628164.070011
1783580400000,0.07301,0.0732,0.07269,0.07281,10065861.55306
1783584000000,0.07281,0.07307,0.07274,0.07287,5037204.823262
1783587600000,0.07288,0.07288,0.07257,0.07279,3913229.649695
1783591200000,0.0728,0.07284,0.07229,0.07241,10264175.152402
1783594800000,0.07241,0.07252,0.07225,0.0725,6596031.043521
1783598400000,0.07251,0.07255,0.07205,0.07228,17251932.019441
1783602000000,0.07229,0.07276,0.07205,0.07261,8443505.532583
1783605600000,0.07263,0.07274,0.07221,0.07269,11518203.079002
1783609200000,0.07269,0.07291,0.07255,0.07267,6287181.429047
1783612800000,0.07267,0.07282,0.07236,0.07272,5644497.011
1783616400000,0.07273,0.07309,0.07267,0.07295,6097260.904338
1783620000000,0.07296,0.07344,0.07291,0.07317,9410597.22584
1783623600000,0.07319,0.07335,0.07291,0.07306,6879302.556778
1783627200000,0.07308,0.07341,0.07298,0.0733,14628172.811762
1783630800000,0.07331,0.0736,0.07323,0.07337,10963348.470743
1783634400000,0.07338,0.07344,0.07309,0.0731,5040930.904209
1783638000000,0.0731,0.07321,0.07282,0.0729,4352502.420827
1783641600000,0.07291,0.07298,0.07267,0.07291,5958028.860251
1783645200000,0.07292,0.07424,0.07274,0.07384,27384137.913938
1783648800000,0.07386,0.07416,0.07379,0.07407,16842018.022214
1783652400000,0.07407,0.07418,0.07385,0.07403,7652762.639079
1783656000000,0.07404,0.07423,0.07388,0.07402,8080945.51272
1783659600000,0.07403,0.07423,0.07385,0.07416,8742861.770078
1783663200000,0.07417,0.07428,0.07387,0.07394,7550730.884205
1783666800000,0.07395,0.07407,0.07373,0.07378,7543636.566575
1783670400000,0.07379,0.07448,0.07377,0.07425,11965930.506154
1783674000000,0.07426,0.07447,0.07404,0.07439,8063959.711553
1783677600000,0.07439,0.07468,0.07427,0.07444,14350721.147238
1783681200000,0.07445,0.07463,0.07415,0.07437,13556555.702238
1783684800000,0.07437,0.07453,0.074,0.074,19915160.317863
1783688400000,0.074,0.07452,0.07392,0.07435,10922574.404387
1783692000000,0.07434,0.0744,0.07334,0.07387,29049350.22286
1783695600000,0.07388,0.07413,0.07375,0.07406,5136245.261777
1783699200000,0.07406,0.07434,0.0739,0.07424,7132963.604523
1783702800000,0.07425,0.07439,0.07382,0.07386,17123690.547142
1783706400000,0.07388,0.07416,0.07367,0.07377,11470982.707592
1783710000000,0.07378,0.07437,0.07371,0.07418,6289400.814
1783713600000,0.07418,0.07427,0.07398,0.07418,3857225.939458
1783717200000,0.0742,0.07428,0.0741,0.07414,6291801.71996
1783720800000,0.07414,0.07428,0.07402,0.07414,2602136.953257
1783724400000,0.07414,0.0742,0.07396,0.07413,4308546.620281
1783728000000,0.07412,0.07424,0.07392,0.07424,3378849.048451
1783731600000,0.07423,0.07438,0.07407,0.07407,4007151.284886
1783735200000,0.07408,0.07429,0.07405,0.07423,3527521.63507
1783738800000,0.07423,0.07442,0.0741,0.0743,4741559.278082
1783742400000,0.0743,0.07444,0.07425,0.07432,3488932.08623
1783746000000,0.07433,0.07455,0.07424,0.07445,5907269.070044
1783749600000,0.07445,0.07467,0.07434,0.07436,13094430.491324
1783753200000,0.07436,0.07444,0.07419,0.07428,3833621.055632
1783756800000,0.07429,0.07432,0.07413,0.07423,4580195.96615
1783760400000,0.07424,0.07444,0.07416,0.07417,4007236.227371
1783764000000,0.07417,0.07474,0.07413,0.07451,4651292.822233
1783767600000,0.07451,0.07459,0.0744,0.07448,6162259.343543
1783771200000,0.07448,0.07465,0.07439,0.07461,3226213.38071
1783774800000,0.0746,0.07499,0.07452,0.07467,8077550.034226
1783778400000,0.07467,0.07548,0.07465,0.07517,17241660.648897
1783782000000,0.07518,0.07558,0.0749,0.07532,21544477.415264
1783785600000,0.07533,0.07536,0.07493,0.07504,5699774.336572
1783789200000,0.07504,0.07533,0.07496,0.0751,5463977.658077
1783792800000,0.07511,0.07529,0.07503,0.0752,3207809.606873
1783796400000,0.07521,0.07556,0.07519,0.07535,7616482.054281
1783800000000,0.07536,0.07542,0.07516,0.07516,1144911.839695
1783803600000,0.07516,0.07533,0.07511,0.0752,1599462.25138
1783807200000,0.0752,0.0752,0.0746,0.07464,6907830.913155
1783810800000,0.07465,0.0747,0.0732,0.07321,34753502.315071
1783814400000,0.0732,0.07336,0.07228,0.07267,35334919.823184
1783818000000,0.07267,0.07339,0.0726,0.07339,11796294.7851
1783821600000,0.0734,0.0734,0.0731,0.07323,5607136.883007
1783825200000,0.07323,0.07349,0.07306,0.07344,5395208.952101
1783828800000,0.07344,0.07355,0.07304,0.07313,6544131.279311
1783832400000,0.07314,0.0733,0.07304,0.07316,3198965.453605
1783836000000,0.07315,0.07315,0.07258,0.0729,9846560.057061
1783839600000,0.0729,0.07306,0.0728,0.07295,3502158.037578
1783843200000,0.07295,0.07326,0.07293,0.07304,6061341.068974
1783846800000,0.07306,0.07316,0.07274,0.07301,4099950.86284
1783850400000,0.07302,0.07306,0.0729,0.07304,3196095.039811
1783854000000,0.07304,0.0733,0.07289,0.07325,10502816.468512
1783857600000,0.07322,0.0735,0.07317,0.07341,5974296.472709
1783861200000,0.07341,0.07357,0.07327,0.07327,6532731.944799
1783864800000,0.07327,0.0739,0.0732,0.07373,11485805.63015
1783868400000,0.07374,0.07388,0.0736,0.07373,11743392.257037
1783872000000,0.07375,0.07378,0.07347,0.07364,4677556.276606
1783875600000,0.07364,0.07367,0.07332,0.07341,3136314.247822
1783879200000,0.07342,0.07368,0.07335,0.07365,1981358.507058
1783882800000,0.07366,0.07374,0.07347,0.07367,868682.814931
1783886400000,0.07367,0.07369,0.07343,0.07344,1621738.709267
1783890000000,0.07347,0.07358,0.07288,0.07309,9455776.705925
1783893600000,0.07308,0.07308,0.07238,0.07274,9960351.333184
1783897200000,0.07275,0.07284,0.07255,0.07273,2605069.135066
1783900800000,0.07273,0.07416,0.07262,0.07344,20601831.219809
1783904400000,0.07344,0.07349,0.07246,0.07252,13051557.3185
1783908000000,0.07254,0.07293,0.07238,0.07277,11792851.20416
1783911600000,0.07278,0.07278,0.0715,0.07209,40581164.794771
1783915200000,0.0721,0.07229,0.07193,0.07203,7077668.66676
1783918800000,0.07205,0.07244,0.07187,0.07233,10610899.744494
1783922400000,0.07233,0.07241,0.07211,0.07235,12506523.273685
1783926000000,0.07235,0.07253,0.07223,0.07236,6010897.583851
1783929600000,0.07237,0.07272,0.07232,0.07257,5907226.601352
1783933200000,0.07258,0.07258,0.07235,0.07239,3752257.918287
1783936800000,0.0724,0.07241,0.07209,0.07219,6479113.614293
1783940400000,0.0722,0.07247,0.0722,0.0723,2222838.174072
1783944000000,0.07231,0.07238,0.07196,0.07212,6349117.884165
1783947600000,0.07213,0.07237,0.07189,0.07212,8276518.771284
1783951200000,0.07211,0.07258,0.07188,0.07255,11795304.851453
1783954800000,0.07254,0.07259,0.07205,0.07208,3840678.849857
1783958400000,0.07208,0.07218,0.07151,0.07165,11995418.387237
1783962000000,0.07165,0.0718,0.07089,0.07097,22614890.235788
1783965600000,0.07096,0.07148,0.07092,0.07135,8733457.646003
1783969200000,0.07137,0.07188,0.07134,0.07183,5464305.367205
1783972800000,0.07181,0.07197,0.07156,0.07178,4682107.698578
1783976400000,0.07178,0.0718,0.07107,0.0715,9237218.04724
1783980000000,0.0715,0.07183,0.07133,0.07136,4217504.440244
1783983600000,0.07136,0.072,0.07123,0.07198,5907189.888316
1783987200000,0.072,0.07243,0.07186,0.07236,21152881.743135
1783990800000,0.07237,0.07239,0.07192,0.07192,7555710.691795
1783994400000,0.07193,0.07205,0.07178,0.07182,5230899.709795
1783998000000,0.07183,0.07207,0.07141,0.07205,12028608.143299
1784001600000,0.07205,0.07217,0.07194,0.07207,5001454.681828
1784005200000,0.07208,0.07241,0.07208,0.07235,6329253.54979
1784008800000,0.07237,0.07244,0.07227,0.07231,7333995.773302
1784012400000,0.07232,0.07236,0.07213,0.07219,2949702.926383
1784016000000,0.07219,0.07231,0.07208,0.07212,3384645.902326
1784019600000,0.07213,0.07228,0.07207,0.0721,2196841.120136
1784023200000,0.0721,0.07237,0.07198,0.07228,2924453.514929
1784026800000,0.07227,0.07235,0.0722,0.07227,4897314.013979
1784030400000,0.07228,0.07348,0.07213,0.07337,51710349.547998
1784034000000,0.07339,0.07414,0.07311,0.0739,41212160.036799
1784037600000,0.07391,0.07469,0.07367,0.07454,37364557.958462
1784041200000,0.07454,0.0752,0.07435,0.0749,37715955.198442
1784044800000,0.07492,0.07538,0.07454,0.07459,33485669.956678
1784048400000,0.07459,0.07464,0.07407,0.07455,15049148.361531
1784052000000,0.07456,0.07462,0.0742,0.07446,8586884.882544
1784055600000,0.07445,0.07459,0.07416,0.07423,12542265.181868
1784059200000,0.07425,0.07429,0.07403,0.07411,5753433.770842
1784062800000,0.07411,0.07472,0.07409,0.07433,24504223.073533
1784066400000,0.07434,0.07462,0.07403,0.07439,11200739.169622
1784070000000,0.07439,0.07466,0.07425,0.07445,8318697.31428
1784073600000,0.07447,0.07455,0.07396,0.07412,9303752.273816
1784077200000,0.07413,0.07422,0.07389,0.07404,7603350.259636
1784080800000,0.07405,0.07412,0.07367,0.07377,10382273.441823
1784084400000,0.07377,0.0742,0.07372,0.07405,15242389.429947
1784088000000,0.07405,0.07423,0.07383,0.07409,7177796.749535
1784091600000,0.0741,0.0745,0.07385,0.07444,9273045.480548
1784095200000,0.07444,0.07491,0.07435,0.07443,12413141.480677
1784098800000,0.07444,0.07444,0.07389,0.07401,7827399.810047
1784102400000,0.074,0.0743,0.07393,0.07421,3925928.68216
1784106000000,0.07422,0.07452,0.0735,0.07372,33285967.57165
1784109600000,0.07372,0.07391,0.07363,0.0738,6180351.758192
1784113200000,0.0738,0.07388,0.07357,0.07387,6674034.857256
1784116800000,0.07388,0.07479,0.07368,0.07472,17722208.156059
1784120400000,0.07471,0.07525,0.0743,0.07456,37735424.435853
1784124000000,0.07457,0.07517,0.0745,0.07491,21239484.066971
1784127600000,0.07491,0.07502,0.07433,0.07461,11413186.001115
1784131200000,0.07463,0.07469,0.07333,0.07394,26115125.019686
1784134800000,0.07396,0.07439,0.07382,0.07424,8689978.124193
1784138400000,0.07424,0.07476,0.07397,0.07405,10188826.883954
1784142000000,0.07406,0.07417,0.07368,0.07382,6203987.675117
1784145600000,0.07384,0.07414,0.07375,0.07404,4788753.185396
1784149200000,0.07403,0.07417,0.07394,0.07405,7096868.629356
1784152800000,0.07405,0.07424,0.07391,0.07404,5834948.043919
1784156400000,0.07404,0.07419,0.07397,0.07409,3350973.293136
1784160000000,0.07408,0.07427,0.07375,0.07391,14606336.873455
1784163600000,0.07392,0.0742,0.07364,0.07414,4803128.936596
1784167200000,0.07415,0.07437,0.07405,0.07436,4331509.921025
1784170800000,0.07436,0.0745,0.07395,0.07398,10531788.039381
1784174400000,0.07401,0.0741,0.07379,0.07382,5337570.754481
1784178000000,0.07382,0.07428,0.07381,0.07423,11120711.798737
1784181600000,0.07424,0.07437,0.07391,0.07414,6632331.648859
1784185200000,0.07414,0.07415,0.07334,0.07357,15590705.879932
1784188800000,0.07356,0.07358,0.07264,0.07314,39959197.944486
1784192400000,0.07314,0.07327,0.07304,0.07311,4233166.656119
1784196000000,0.07311,0.07343,0.07309,0.07331,2892766.851941
1784199600000,0.07332,0.07333,0.07305,0.07328,5363990.418776
1784203200000,0.07327,0.07332,0.07276,0.07289,9186988.649738
1784206800000,0.07289,0.07374,0.07283,0.0736,18759831.615711
1784210400000,0.0736,0.07396,0.07333,0.07362,11562659.868688
1784214000000,0.07362,0.07393,0.07315,0.07361,11296217.52259
1784217600000,0.07362,0.07372,0.07335,0.07344,8725035.140379
1784221200000,0.07343,0.07347,0.07294,0.07321,7330808.486555
1784224800000,0.07324,0.07366,0.07321,0.07343,3589963.124713
1784228400000,0.07342,0.07351,0.0731,0.07318,5747898.091603
1784232000000,0.07317,0.07323,0.07302,0.07307,3006774.401623
1784235600000,0.07306,0.07328,0.07291,0.07313,5508206.558959
1784239200000,0.07313,0.07334,0.07261,0.07273,10318823.381406
1784242800000,0.07274,0.07277,0.07213,0.07236,15246789.465281
1784246400000,0.07236,0.07276,0.07208,0.07275,6526308.219854
1784250000000,0.07275,0.07288,0.07207,0.07217,5565565.950307
1784253600000,0.07217,0.07228,0.07186,0.07211,14037972.335329
1784257200000,0.07211,0.07264,0.07209,0.07242,9328731.032307
1784260800000,0.07243,0.07246,0.072,0.07228,6707695.031381
1784264400000,0.07227,0.07229,0.0714,0.07153,28090042.907794
1784268000000,0.07153,0.07199,0.0714,0.07181,10877935.938852
1784271600000,0.07184,0.0719,0.07159,0.07169,6650132.416492
1784275200000,0.07169,0.07178,0.07117,0.07147,17811563.564301
1784278800000,0.07147,0.07175,0.07144,0.07174,7383402.479419
1784282400000,0.07174,0.07208,0.0717,0.072,14464520.36279
1784286000000,0.072,0.07211,0.07187,0.07202,4605427.329264
1784289600000,0.07203,0.07204,0.07166,0.07169,6065649.081911
1784293200000,0.0717,0.07195,0.071,0.0719,27538933.525254
1784296800000,0.07191,0.07229,0.07174,0.07194,9945254.228046
1784300400000,0.07194,0.07215,0.07155,0.07215,14349835.71801
1784304000000,0.07216,0.07255,0.07198,0.07235,9099338.017263
1784307600000,0.07236,0.07298,0.07235,0.07258,7633904.652402
1784311200000,0.07258,0.07287,0.07238,0.0728,7194794.658136
1784314800000,0.07278,0.07278,0.0724,0.07265,5124267.386916
1784318400000,0.07265,0.07272,0.07232,0.07268,5462855.568723
1784322000000,0.07269,0.07292,0.07262,0.07267,4405225.116059
1784325600000,0.07267,0.07271,0.07241,0.07254,4420582.226871
1784329200000,0.07255,0.07262,0.07234,0.07255,4739362.738647
1784332800000,0.07256,0.07272,0.07247,0.0725,6355101.546197
1784336400000,0.0725,0.07264,0.07241,0.07257,2703494.190257
1784340000000,0.0726,0.07279,0.07253,0.07257,5026978.921803
1784343600000,0.07257,0.07281,0.07257,0.07269,4127006.415773
1784347200000,0.0727,0.07272,0.07249,0.07251,2106562.399972
1784350800000,0.07251,0.07252,0.07211,0.07223,10244299.473871
1784354400000,0.07224,0.07244,0.07216,0.07236,2950733.86662
1784358000000,0.07237,0.07241,0.07228,0.0723,1801861.305962
1784361600000,0.07231,0.07245,0.07223,0.07225,4030370.781541
1784365200000,0.07227,0.07228,0.07191,0.07216,3972003.418645
1784368800000,0.07218,0.07237,0.07213,0.07222,4907655.551746
1784372400000,0.07222,0.07229,0.07218,0.07225,4016365.983858
1784376000000,0.07225,0.0725,0.07204,0.07236,16613169.408577
1784379600000,0.07235,0.07235,0.07195,0.07213,3402839.876954
1784383200000,0.07213,0.07233,0.07208,0.07227,3070744.266015
1784386800000,0.07227,0.07233,0.07213,0.07218,5518492.175033
1784390400000,0.07218,0.07236,0.07208,0.07232,9002701.278979
1784394000000,0.07231,0.07246,0.07217,0.0724,3057333.947734
1784397600000,0.07239,0.07266,0.07228,0.07234,4179270.689498
1784401200000,0.07234,0.07245,0.07231,0.07239,2098718.907043
1784404800000,0.07239,0.07257,0.07229,0.07243,2750550.835564
1784408400000,0.07242,0.07256,0.07227,0.07237,2358875.674278
1784412000000,0.07236,0.07254,0.07233,0.07249,4416485.032768
1784415600000,0.07247,0.07254,0.0724,0.07252,2098488.782544
1784419200000,0.07253,0.07257,0.0724,0.07254,2574427.503526
1784422800000,0.07255,0.07256,0.07242,0.07242,2424764.31161
1784426400000,0.07242,0.07285,0.0724,0.07265,9740638.296438
1784430000000,0.07266,0.07269,0.07235,0.07243,5132485.430579
1784433600000,0.07244,0.0725,0.07229,0.07236,1460766.73318
1784437200000,0.07237,0.0725,0.07232,0.07237,2209163.923633
1784440800000,0.07237,0.07255,0.07233,0.0725,6598377.256118
1784444400000,0.07251,0.07265,0.07241,0.07248,2601020.528351
1784448000000,0.07248,0.07274,0.07243,0.07268,2366546.991275
1784451600000,0.07268,0.07278,0.0724,0.07251,4432493.874231
1784455200000,0.07251,0.07281,0.07238,0.07263,5811606.079383
1784458800000,0.07264,0.07275,0.07248,0.07253,4897458.406291
1784462400000,0.07255,0.07263,0.07233,0.07246,5573266.83624
1784466000000,0.07247,0.07255,0.07223,0.07246,4121206.469953
1784469600000,0.07245,0.07282,0.07236,0.07265,3001212.738207
1784473200000,0.07263,0.07265,0.0724,0.07248,2465957.195939
1784476800000,0.07249,0.07256,0.07231,0.07231,2962651.832235
1784480400000,0.07232,0.07245,0.07193,0.07226,6119885.94192
1784484000000,0.07226,0.07226,0.07168,0.07205,11272310.497433
1784487600000,0.07207,0.07228,0.07197,0.07228,1683584.137724
1784491200000,0.07229,0.07243,0.07227,0.07243,1409475.742741
1784494800000,0.07243,0.07244,0.07192,0.072,5722498.72964
1784498400000,0.072,0.07262,0.07193,0.07229,7426055.145534
1784502000000,0.07231,0.07245,0.07205,0.07242,5191056.859193
1784505600000,0.07242,0.07309,0.07222,0.07246,12858596.90433
1784509200000,0.07249,0.07314,0.07222,0.07233,9764949.075191
1784512800000,0.07232,0.07285,0.07229,0.07268,12637111.030278
1784516400000,0.0727,0.07294,0.07255,0.07273,4650398.154169
1784520000000,0.07274,0.07275,0.07232,0.07232,7493422.636619
1784523600000,0.07233,0.07236,0.0715,0.07172,12904126.604657
1784527200000,0.07173,0.07181,0.0711,0.07136,16099089.871698
1784530800000,0.07137,0.07187,0.07132,0.07187,6609946.566056
1784534400000,0.07187,0.07198,0.07156,0.07179,9016690.519942
1784538000000,0.0718,0.07215,0.07174,0.07205,6906861.028171
1784541600000,0.07205,0.07232,0.072,0.07218,3969741.567601
1784545200000,0.07219,0.07297,0.07215,0.07288,18788074.862137
1784548800000,0.07289,0.07291,0.0725,0.07254,14989525.212823
1784552400000,0.07255,0.07274,0.07196,0.07206,12076694.495103
1784556000000,0.07206,0.07256,0.07174,0.07237,28460270.103686
1784559600000,0.07239,0.07349,0.07235,0.07337,31067807.56395
1784563200000,0.07337,0.07359,0.07297,0.07325,26434648.023939
1784566800000,0.07325,0.0733,0.07281,0.07311,16826870.787754
1784570400000,0.07311,0.07328,0.07239,0.07246,37681012.914043
1784574000000,0.07245,0.07247,0.07152,0.07216,38444905.837949
1784577600000,0.07216,0.07238,0.07197,0.07219,13886339.489046
1784581200000,0.0722,0.07238,0.0721,0.07211,6847346.832668
1784584800000,0.07211,0.07211,0.0717,0.07181,10793990.487116
1784588400000,0.07181,0.07225,0.07176,0.07218,6521235.558992
1784592000000,0.07219,0.07241,0.07191,0.07229,9444082.209828
1784595600000,0.0723,0.07245,0.0722,0.07226,9150764.41046
1784599200000,0.07226,0.07263,0.07213,0.07252,8668465.018176
1784602800000,0.07252,0.07286,0.0725,0.07279,14304427.696574
1784606400000,0.0728,0.07289,0.07255,0.07272,12041942.927277
1784610000000,0.07272,0.07315,0.07271,0.07299,13334395.226276
1784613600000,0.07299,0.07325,0.07279,0.07314,21749186.080437
1784617200000,0.07314,0.07336,0.07299,0.07335,28236662.483002
1784620800000,0.07335,0.07383,0.07332,0.07357,44105473.84293
1784624400000,0.07357,0.07362,0.07337,0.0735,14880628.322908
1784628000000,0.0735,0.07376,0.07328,0.07346,18733912.823851
1784631600000,0.07346,0.07375,0.07339,0.07366,16301514.051868
1784635200000,0.07368,0.07373,0.07335,0.07355,13585677.806876
1784638800000,0.07355,0.07362,0.07313,0.0735,16482596.568288
1784642400000,0.07351,0.07362,0.07314,0.07329,19523350.101725
1784646000000,0.0733,0.0735,0.0731,0.07348,12135602.966316
1784649600000,0.07348,0.07354,0.07323,0.07341,7252819.536519
1784653200000,0.0734,0.07344,0.07291,0.07328,9714644.253858
1784656800000,0.07328,0.07351,0.07323,0.07348,12833380.152367
1784660400000,0.07349,0.07367,0.07337,0.07353,7576690.200942
1784664000000,0.07355,0.07364,0.07341,0.07354,3409609.124831
1784667600000,0.07355,0.07358,0.07333,0.07341,6342419.273101
1784671200000,0.0734,0.0734,0.07306,0.07314,6428579.866535
1784674800000,0.07314,0.07341,0.073,0.07339,11074404.866785
1784678400000,0.0734,0.07389,0.07331,0.07373,13687119.506252
1784682000000,0.07374,0.07386,0.07337,0.07363,12529641.281818
1784685600000,0.07363,0.07377,0.07342,0.07346,4292999.331176
1784689200000,0.07345,0.07353,0.07321,0.07326,7031714.878347
1784692800000,0.07325,0.0735,0.07321,0.07345,6277144.714851
1784696400000,0.07345,0.07346,0.07244,0.0725,25224502.544501
1784700000000,0.0725,0.07255,0.07204,0.0724,29050033.81178
1784703600000,0.0724,0.07244,0.07209,0.07224,15339720.232738
1784707200000,0.07224,0.07256,0.07221,0.07252,7889566.569969
1784710800000,0.07251,0.07265,0.07238,0.07254,11719080.275383
1784714400000,0.07254,0.07279,0.07247,0.07274,12292346.174081
1784718000000,0.07275,0.07283,0.07254,0.07266,6007591.162368
1784721600000,0.07266,0.07266,0.07215,0.07243,6943251.701193
1784725200000,0.07244,0.07295,0.07235,0.07288,10345670.451247
1784728800000,0.07288,0.07334,0.07249,0.07283,12732014.574851
1784732400000,0.07285,0.07331,0.07285,0.07308,8584471.266248
1784736000000,0.07308,0.07352,0.07291,0.0734,13444485.927409
1784739600000,0.0734,0.0735,0.07304,0.07318,12064136.677005
1784743200000,0.0732,0.07322,0.07263,0.07279,11532790.055892
1784746800000,0.07278,0.07283,0.07226,0.07252,9890375.863749
1784750400000,0.07251,0.0728,0.07241,0.07264,8836229.186455
1784754000000,0.07264,0.07311,0.07252,0.07301,4365018.739113
1784757600000,0.07302,0.07307,0.0728,0.07303,3098725.925361
1784761200000,0.07304,0.07305,0.07252,0.073,4590615.639882
1784764800000,0.07301,0.07322,0.07292,0.07298,4137004.050024
1784768400000,0.07298,0.07309,0.07272,0.0728,4340572.936325
1784772000000,0.07279,0.07284,0.07256,0.07272,6104681.499904
1784775600000,0.07271,0.07272,0.07225,0.07238,7630354.009
1784779200000,0.07238,0.07264,0.07232,0.07256,4525698.832028
1784782800000,0.07258,0.07269,0.07242,0.07247,3277466.275396
1784786400000,0.07248,0.07265,0.0724,0.07264,3008435.792642
1784790000000,0.07265,0.07265,0.07212,0.07223,9255641.276803
1784793600000,0.07223,0.07249,0.07215,0.07244,7420590.1879
1784797200000,0.07243,0.07253,0.07225,0.07225,4428128.585404
1784800800000,0.07226,0.07251,0.07222,0.0724,4504751.287151
1784804400000,0.07241,0.07253,0.07234,0.07239,4456836.657958
1784808000000,0.07239,0.07243,0.07056,0.07127,71247671.356946
1784811600000,0.07127,0.07132,0.07,0.0703,81507198.484822
1784815200000,0.07032,0.0707,0.07009,0.07025,43960905.339551
1784818800000,0.07025,0.07026,0.06839,0.06976,140214487.910379
1784822400000,0.06978,0.06982,0.06925,0.06965,26956241.269926
1784826000000,0.06965,0.06984,0.06926,0.0694,13182994.695557
1784829600000,0.06941,0.06954,0.06914,0.06933,14088941.069733
1784833200000,0.06933,0.06946,0.06895,0.06926,9198568.171969
1784836800000,0.06926,0.06969,0.06923,0.06967,7543621.626486
1784840400000,0.06967,0.06978,0.06943,0.06953,6628900.428222
1784844000000,0.06955,0.06974,0.06933,0.06957,7523569.728136
1784847600000,0.06957,0.06959,0.06913,0.06922,6743208.299565
1784851200000,0.06921,0.06922,0.06874,0.06922,19942958.912092
1784854800000,0.06922,0.06944,0.06918,0.06929,6005389.26051
1784858400000,0.06929,0.06948,0.06883,0.06917,11649477.173871
1784862000000,0.06918,0.06951,0.06906,0.06943,11790642.390437
1784865600000,0.06943,0.06945,0.069,0.06908,15553662.187228
1784869200000,0.06908,0.06927,0.06895,0.06922,11075649.950006
1784872800000,0.06923,0.06944,0.06919,0.06933,7712828.41852
1784876400000,0.06934,0.07019,0.06933,0.07006,54994538.166176
1784880000000,0.07006,0.07007,0.06983,0.06997,5763959.364564
1784883600000,0.06998,0.07008,0.06967,0.07004,7752734.920255
1784887200000,0.07005,0.07008,0.0697,0.06988,5617368.799564
1784890800000,0.06988,0.06993,0.06919,0.06947,17702579.86939
1784894400000,0.06947,0.06966,0.06909,0.06912,11526497.237854
1784898000000,0.06913,0.06918,0.0682,0.06872,55159040.340622
1784901600000,0.06872,0.0689,0.06826,0.06889,38568790.539544
1784905200000,0.06889,0.06942,0.06857,0.06919,18415988.840236
1784908800000,0.06921,0.06921,0.06857,0.06878,13840484.368729
1784912400000,0.06878,0.06922,0.06876,0.06918,6672589.475272
1784916000000,0.06918,0.06923,0.06896,0.06918,3815479.584169
1784919600000,0.06918,0.0693,0.06906,0.06924,5430593.343508
1784923200000,0.06925,0.06935,0.06917,0.06919,5025480.219567
1784926800000,0.06921,0.06925,0.06884,0.0689,11691183.287437
1784930400000,0.0689,0.06975,0.06881,0.06953,9002322.027505
1784934000000,0.06953,0.06965,0.06937,0.06957,5663787.757626
1784937600000,0.06957,0.06973,0.06945,0.06965,10808312.196904
1784941200000,0.06965,0.06974,0.06945,0.06955,8633272.223405
1784944800000,0.06957,0.06971,0.06955,0.06967,2982622.956759
1784948400000,0.06967,0.06976,0.06957,0.06967,4189920.841936
1784952000000,0.06968,0.06983,0.06957,0.06964,8450982.74319
1784955600000,0.06965,0.06968,0.06926,0.06938,6204288.708093
1784959200000,0.06938,0.06945,0.06923,0.06944,3856639.939398
1784962800000,0.06945,0.06951,0.06932,0.06938,6182131.792594
1784966400000,0.06938,0.06952,0.06918,0.06942,6147556.319263
1784970000000,0.06943,0.06962,0.0694,0.06952,2393169.766082
1784973600000,0.06953,0.0696,0.06943,0.06955,2760056.345733
1784977200000,0.06956,0.06961,0.06933,0.06943,2078142.788419
1784980800000,0.06945,0.06975,0.06942,0.06974,9120897.227012
1784984400000,0.06975,0.07027,0.06975,0.06997,13890969.340988
1784988000000,0.06998,0.07061,0.06989,0.07038,12103885.813218
1784991600000,0.07039,0.0715,0.07034,0.07121,39220587.658484
1784995200000,0.07121,0.07227,0.07118,0.07218,89533434.33515
1784998800000,0.07217,0.07354,0.07214,0.07321,72558389.016192
1785002400000,0.07321,0.0737,0.07269,0.07292,52179572.323713
1785006000000,0.07293,0.07303,0.07249,0.07281,22302004.107245
1785009600000,0.07281,0.07296,0.07237,0.07253,9861899.298391
1785013200000,0.07254,0.0726,0.07216,0.07231,15032511.779418
1785016800000,0.07232,0.07242,0.07198,0.07202,11577734.977962
1785020400000,0.07203,0.07203,0.07167,0.07172,8713457.40618
1785024000000,0.07173,0.07186,0.0716,0.07183,9767709.974379
1785027600000,0.07185,0.07217,0.07162,0.07215,9957449.243317
1785031200000,0.07215,0.07279,0.07197,0.07247,29529136.617944
1785034800000,0.07246,0.07277,0.07227,0.07273,8365977.684168
1785038400000,0.07274,0.07337,0.07253,0.0732,27174326.282312
1785042000000,0.0732,0.07385,0.07307,0.0734,35477544.117278
1785045600000,0.07339,0.07358,0.07273,0.07349,27403782.631573
1785049200000,0.0735,0.07404,0.07307,0.07327,35368313.932134
1785052800000,0.07326,0.07378,0.07319,0.07343,16193770.515409
1785056400000,0.07343,0.07349,0.07303,0.07329,16055163.637117
1785060000000,0.07328,0.0735,0.07315,0.0733,6980740.559895
1785063600000,0.07329,0.07347,0.07316,0.07323,4384614.624626
1785067200000,0.07324,0.07343,0.07306,0.07326,11070906.957568
1785070800000,0.07327,0.07327,0.07286,0.07306,11813824.658036
1785074400000,0.07306,0.07339,0.07277,0.07298,13455796.433267
1785078000000,0.07299,0.07327,0.07287,0.07311,8917716.13417
1785081600000,0.07312,0.07341,0.07294,0.07311,9187066.929315
1785085200000,0.07311,0.07323,0.07292,0.07311,7027087.62296
1785088800000,0.07311,0.07312,0.07266,0.0727,10815768.456516
1785092400000,0.07271,0.07276,0.0725,0.07266,3475157.52875
1785096000000,0.07266,0.07283,0.07258,0.07259,4713878.067678
1785099600000,0.0726,0.0729,0.07252,0.0728,6983825.821883
1785103200000,0.07281,0.07341,0.07281,0.07327,23459685.539373
1785106800000,0.07328,0.07353,0.07312,0.07339,7620697.072021
1785110400000,0.0734,0.07342,0.07296,0.07301,9500574.798542
1785114000000,0.07299,0.07305,0.07257,0.07284,7706393.574662
1785117600000,0.07285,0.07288,0.07254,0.07263,10602620.287675
1785121200000,0.07262,0.07294,0.07252,0.07286,13958219.973112
1785124800000,0.07287,0.07315,0.07269,0.0728,9001460.980533
1785128400000,0.0728,0.07306,0.07269,0.07298,12781363.101695
1785132000000,0.07299,0.07353,0.07299,0.07301,12023334.953515
1785135600000,0.073,0.07304,0.07273,0.07286,9021867.056252
1785139200000,0.07286,0.07287,0.07236,0.0726,10789977.815725
1785142800000,0.07258,0.07277,0.07221,0.07268,17526651.149343
1785146400000,0.07267,0.07291,0.07263,0.07277,7226435.632209
1785150000000,0.0728,0.07281,0.07256,0.07258,3528401.440088
1785153600000,0.07258,0.07304,0.07239,0.07291,16507538.013875
1785157200000,0.07293,0.07322,0.07237,0.07278,23773268.636059
1785160800000,0.07278,0.07282,0.07082,0.0714,47924780.674985
1785164400000,0.0714,0.07169,0.0713,0.07137,20880620.116
1785168000000,0.07137,0.07219,0.07122,0.07212,20344695.659362
1785171600000,0.07213,0.0723,0.07201,0.07212,8018296.696682
1785175200000,0.07214,0.07216,0.07154,0.0718,5961091.233425
1785178800000,0.07181,0.07216,0.07178,0.07204,3897644.902424
1785182400000,0.07205,0.07215,0.07185,0.07213,1957846.4234
1785186000000,0.07213,0.0722,0.07181,0.07192,3408188.919056
1785189600000,0.07192,0.07192,0.0704,0.07046,20105941.225264
1785193200000,0.07047,0.07069,0.07011,0.07038,17847347.298494
1785196800000,0.07038,0.07057,0.06988,0.06992,16272770.951237
1785200400000,0.06992,0.07,0.06933,0.06972,25249518.269071
1785204000000,0.06973,0.07027,0.06969,0.07013,13117249.966504
1785207600000,0.07012,0.07025,0.06992,0.07024,7349140.872131
1785211200000,0.07025,0.07027,0.06993,0.07003,6566763.347524
1785214800000,0.07003,0.07015,0.06988,0.07001,14447951.397772
1785218400000,0.07002,0.07041,0.06983,0.0704,8873976.186019
1785222000000,0.07041,0.07062,0.07009,0.07015,27714447.725292
1785225600000,0.07015,0.07029,0.07004,0.07022,4358467.968748
1785229200000,0.07022,0.07032,0.07007,0.07014,3080714.018294
1785232800000,0.07015,0.07021,0.07001,0.07017,11816734.60751
1785236400000,0.07017,0.0702,0.06977,0.07,19131730.227903
1785240000000,0.07001,0.07019,0.06993,0.07011,7434233.006314
1785243600000,0.07012,0.07019,0.06923,0.06958,17769460.457096
1785247200000,0.06958,0.0701,0.06937,0.06999,11503030.569698
1785250800000,0.06999,0.07108,0.06986,0.07081,18006332.924385
1785254400000,0.07081,0.07129,0.07067,0.07117,13318916.783832
1785258000000,0.07118,0.07141,0.07047,0.07063,25909474.395189
1785261600000,0.07064,0.0708,0.07052,0.07075,2558511.777039
1785265200000,0.07076,0.07088,0.07059,0.07074,3517011.498008
1785268800000,0.07076,0.07088,0.07063,0.07074,3933547.065055
1785272400000,0.07074,0.07115,0.07072,0.07098,5468386.491027
1785276000000,0.07099,0.07112,0.07034,0.07034,3565243.01746
1785279600000,0.07035,0.07091,0.07003,0.07088,9422954.505725
1785283200000,0.07089,0.07122,0.07069,0.07093,16031260.223178
1785286800000,0.07093,0.07106,0.07039,0.07041,5585805.827594
1785290400000,0.0704,0.071,0.07027,0.0708,17989943.971902
1785294000000,0.07081,0.0709,0.07021,0.07024,9746873.940991
1785297600000,0.07024,0.07071,0.06996,0.07056,15990353.509264
1785301200000,0.07057,0.07075,0.07048,0.07062,6602457.997255
1785304800000,0.07062,0.07096,0.07046,0.07077,8217257.020093
1785308400000,0.07078,0.07103,0.07065,0.07099,6991241.007072
1785312000000,0.071,0.07108,0.07045,0.07077,10503364.72068
1785315600000,0.07077,0.07103,0.07074,0.07092,6153370.221761
1785319200000,0.07093,0.07096,0.07048,0.07057,7186729.985194
1785322800000,0.07057,0.07073,0.07043,0.07059,6232651.186502
1785326400000,0.0706,0.07069,0.07038,0.07057,4963672.655816
1785330000000,0.07059,0.07074,0.07032,0.07069,5684983.41666
1785333600000,0.0707,0.07076,0.07013,0.07023,12063851.415998
1785337200000,0.07023,0.07047,0.07001,0.0702,7817667.012805
1785340800000,0.0702,0.0704,0.07001,0.07023,7188368.552269
1785344400000,0.07025,0.07065,0.07021,0.07062,8151261.671166
1785348000000,0.07061,0.07117,0.07025,0.07097,21670799.405569
1785351600000,0.07099,0.07103,0.06969,0.06972,16478745.248796
1785355200000,0.06971,0.06986,0.0688,0.06937,42879243.555152
1785358800000,0.06936,0.0699,0.06907,0.06987,17098200.477386
1785362400000,0.06988,0.07025,0.06987,0.07007,5265243.954778
1785366000000,0.07007,0.07024,0.06996,0.07016,3132946.303695
1785369600000,0.07016,0.07048,0.06989,0.07014,7792029.609804
1785373200000,0.07015,0.07074,0.07013,0.07056,8876087.64568
1785376800000,0.07059,0.07069,0.07048,0.07048,10317668.497418
1785380400000,0.07048,0.07059,0.07022,0.07023,3397598.493831
1785384000000,0.07024,0.07025,0.06972,0.06977,9089346.968466
1785387600000,0.06978,0.07018,0.06964,0.07016,4286764.658008
1785391200000,0.07015,0.07017,0.06988,0.06991,6316191.048838
1785394800000,0.06993,0.07019,0.06976,0.06981,4453840.973334
1785398400000,0.06981,0.07023,0.0698,0.0701,5252750.228625
1785402000000,0.0701,0.07029,0.07008,0.07023,8465775.207532
1785405600000,0.07024,0.07037,0.06989,0.06999,11280400.369573
1785409200000,0.06999,0.0702,0.06984,0.07014,11849162.719551
1785412800000,0.07015,0.07036,0.07009,0.07023,7685253.055633
1785416400000,0.07023,0.07065,0.06992,0.07056,13869243.564442
1785420000000,0.07055,0.07074,0.07011,0.07055,13559192.931833
1785423600000,0.07056,0.07071,0.07024,0.07058,11018032.201828
1785427200000,0.07059,0.07074,0.07044,0.07065,10538575.671523
1785430800000,0.07066,0.07101,0.07045,0.07086,13266153.591507
1785434400000,0.07087,0.07097,0.07066,0.07074,7004943.175702
1785438000000,0.07075,0.07105,0.07072,0.07077,3631941.949924
1785441600000,0.07076,0.07093,0.07057,0.07059,4027358.138294
1785445200000,0.07059,0.07075,0.07045,0.07052,5044739.927315
1785448800000,0.07051,0.07091,0.0704,0.07068,10705666.348693
1785452400000,0.07069,0.07095,0.07052,0.0706,8877276.878485
1785456000000,0.07061,0.07075,0.0702,0.07045,14031695.106664
1785459600000,0.07046,0.07101,0.07017,0.07029,13379339.517632
1785463200000,0.07028,0.07036,0.06991,0.07001,7864998.006881
1785466800000,0.07002,0.07021,0.06981,0.07008,6791034.265089
1785470400000,0.07008,0.07015,0.06985,0.07013,6939322.695799
1785474000000,0.07013,0.07022,0.07001,0.07013,5005795.281151
1785477600000,0.07014,0.07032,0.07,0.07013,4610831.47639
1785481200000,0.07012,0.07012,0.0696,0.07005,13956425.515812
1785484800000,0.07005,0.0702,0.06986,0.06995,8954704.344197
1785488400000,0.06996,0.06997,0.06938,0.06945,21285707.961506
1785492000000,0.06945,0.06956,0.06912,0.06953,12036465.900903
1785495600000,0.06953,0.06965,0.06947,0.06963,5542747.979445
1785499200000,0.06964,0.06964,0.06935,0.06963,11561256.494122
1785502800000,0.06964,0.06973,0.06912,0.0693,23436067.549566
1785506400000,0.0693,0.06966,0.0685,0.06934,65998121.296028
1785510000000,0.06935,0.06949,0.06883,0.06905,17970636.732251
1785513600000,0.06906,0.06973,0.06898,0.06972,9124464.269006
1785517200000,0.06971,0.07032,0.06959,0.07016,35117914.391885
1785520800000,0.07016,0.07045,0.0699,0.07024,54637715.582161
1785524400000,0.07024,0.0704,0.06969,0.06979,14885854.024033
1785528000000,0.0698,0.06995,0.0695,0.06955,10399291.207161
1785531600000,0.06956,0.06988,0.06945,0.06966,5797872.90707
1785535200000,0.06965,0.06984,0.06958,0.06961,4739546.80982
1785538800000,0.06962,0.06974,0.06958,0.06962,3056747.038705
1785542400000,0.06962,0.06997,0.0696,0.06992,14591142.01888
1785546000000,0.06993,0.0702,0.06993,0.07013,8782916.966651
1785549600000,0.07014,0.0703,0.07001,0.07015,7290724.871037
1785553200000,0.07014,0.07019,0.07004,0.07011,2772320.014268
1785556800000,0.07012,0.07026,0.0701,0.07016,2646718.93156
1785560400000,0.07017,0.07022,0.07002,0.07013,3454291.641691
1785564000000,0.07014,0.07018,0.06998,0.07005,8381531.160505
1785567600000,0.07005,0.0703,0.06979,0.06989,11919617.450751
1785571200000,0.06989,0.06996,0.0698,0.06995,3430528.505776
1785574800000,0.06994,0.06997,0.06979,0.0698,10042075.502842
1785578400000,0.06981,0.06985,0.06962,0.06982,3705845.041934
1785582000000,0.06983,0.06992,0.06979,0.06987,2270753.168703
1785585600000,0.06988,0.07001,0.06977,0.06992,5832450.648575
1785589200000,0.06993,0.07014,0.06993,0.07009,5186814.995589
1785592800000,0.07007,0.07026,0.07002,0.07014,5307815.490083
1785596400000,0.07015,0.07018,0.07,0.07014,3367517.09658
1785600000000,0.07013,0.07022,0.06993,0.07001,7707417.712334
1785603600000,0.07002,0.07012,0.06933,0.06952,20207824.344047
1785607200000,0.06952,0.06953,0.06757,0.06854,69436707.854316
1785610800000,0.06853,0.06868,0.06842,0.06853,17568545.819506
1785614400000,0.06853,0.06868,0.06841,0.06867,14091066.755266
1785618000000,0.06867,0.06928,0.06866,0.06913,14861808.939175
1785621600000,0.06915,0.0692,0.06901,0.06901,3965989.281488
1785625200000,0.06902,0.0695,0.06902,0.06915,8787471.640649
1785628800000,0.06916,0.06929,0.06913,0.06919,6763367.575932
1785632400000,0.06921,0.06968,0.06921,0.06965,6992692.685933
1785636000000,0.06966,0.07022,0.06961,0.07002,22733724.855334
1785639600000,0.07003,0.07011,0.06997,0.07006,5797422.730954
1785643200000,0.07006,0.07028,0.07006,0.07024,7599719.627143
1785646800000,0.07024,0.07059,0.0702,0.07052,24250094.279058
1785650400000,0.07052,0.07057,0.07025,0.07038,10656869.851626
1785654000000,0.07038,0.07043,0.07028,0.07041,2848029.128331
1785657600000,0.07042,0.07044,0.06999,0.07002,11626610.741123
1785661200000,0.07002,0.07025,0.06984,0.07021,8255264.976545
1785664800000,0.07021,0.07023,0.06991,0.07006,7934018.789238
1785668400000,0.07007,0.07015,0.06992,0.06997,3770498.306105
1785672000000,0.06999,0.07016,0.06997,0.07003,2193921.765328
1785675600000,0.07003,0.07024,0.07001,0.07015,3090556.958942
1785679200000,0.07015,0.07055,0.07007,0.07039,18124582.50722
1785682800000,0.0704,0.07053,0.07027,0.07029,6786223.060834
1785686400000,0.0703,0.07049,0.07015,0.07036,5531586.968146
1785690000000,0.07037,0.07072,0.07029,0.07058,13241214.762895
1785693600000,0.07059,0.07125,0.07054,0.07083,17803721.86558
1785697200000,0.07082,0.07088,0.07063,0.07078,3460365.107008
1785700800000,0.07078,0.07078,0.07048,0.0706,1785847.760462
1785704400000,0.07063,0.07098,0.07055,0.0708,4247299.047729
1785708000000,0.07081,0.07146,0.07073,0.07078,20566239.084264
1785711600000,0.07078,0.07081,0.07054,0.07081,6639629.61162
1785715200000,0.07082,0.07094,0.0702,0.07023,11193224.86634
1785718800000,0.07024,0.07026,0.07002,0.07008,5092664.396769
1785722400000,0.07008,0.07028,0.06997,0.07006,7795911.408614
1785726000000,0.07005,0.07011,0.06967,0.06981,6079597.269169
1785729600000,0.0698,0.07003,0.06976,0.06976,5358204.481333
1785733200000,0.06977,0.06997,0.06967,0.06987,9159263.10372
1785736800000,0.06988,0.06991,0.06936,0.06945,7888672.208975
1785740400000,0.06946,0.06947,0.06902,0.0693,27205587.083125
1785744000000,0.0693,0.06937,0.069,0.06934,7599709.567879
1785747600000,0.06934,0.06981,0.06929,0.06973,12778270.860815
1785751200000,0.06972,0.06979,0.06939,0.06954,10180197.893134
1785754800000,0.06955,0.06957,0.06931,0.06934,4689981.57849
1785758400000,0.06935,0.06964,0.06925,0.06956,9076994.877628
1785762000000,0.06956,0.07046,0.06955,0.07038,13295703.990074
1785765600000,0.07037,0.07054,0.07008,0.07049,15946741.121119
1785769200000,0.07047,0.0706,0.0702,0.07048,11696961.174639
1785772800000,0.07049,0.07059,0.06993,0.07034,29853680.409796
1785776400000,0.07034,0.0706,0.07015,0.07032,12862411.154782
1785780000000,0.07033,0.07049,0.07027,0.07044,4596889.337104
1785783600000,0.07044,0.07053,0.07025,0.07027,3226026.611796
1785787200000,0.07029,0.07053,0.07024,0.07052,2699372.086064
1785790800000,0.07052,0.07054,0.07037,0.07049,2889878.639585
1785794400000,0.07048,0.0705,0.07014,0.07026,3316125.619829
1785798000000,0.07026,0.07031,0.07014,0.07022,2102148.736723
1785801600000,0.07023,0.07027,0.06989,0.06997,9783239.481643
1785805200000,0.06998,0.07054,0.06994,0.0705,6147623.373261
1785808800000,0.0705,0.07066,0.07023,0.07043,8018480.00811
1785812400000,0.07044,0.07048,0.07026,0.07029,3654598.823785
1785816000000,0.07029,0.07072,0.0702,0.07036,12607330.627145
1785819600000,0.07036,0.07039,0.07023,0.07032,2357048.640358
1785823200000,0.07032,0.07045,0.0701,0.07021,12990416.387777
1785826800000,0.07022,0.07042,0.07001,0.07028,8393433.040865
1785830400000,0.07029,0.07032,0.07007,0.07014,6012866.050105
1785834000000,0.07014,0.07021,0.07005,0.07017,4869672.408537
1785837600000,0.07019,0.07047,0.07005,0.07036,6014933.235167
1785841200000,0.07037,0.07071,0.07026,0.07059,16950756.389478
1785844800000,0.07059,0.07059,0.07037,0.07048,18789140.686438
1785848400000,0.07049,0.07055,0.07012,0.07017,12939031.438621
1785852000000,0.07019,0.0703,0.06977,0.07016,23026581.166915
1785855600000,0.07017,0.07042,0.06997,0.07024,8497285.480443
1785859200000,0.07024,0.0704,0.07004,0.07035,7452425.897685
1785862800000,0.07036,0.07057,0.0702,0.07022,4908268.487272
1785866400000,0.07022,0.07065,0.0702,0.07041,5130402.207789
1785870000000,0.07042,0.07052,0.07036,0.07046,4213669.116198
1785873600000,0.07046,0.07056,0.07012,0.07039,7217897.237119
1785877200000,0.07039,0.07039,0.0702,0.07031,10387998.885187
1785880800000,0.07032,0.07041,0.0702,0.0704,2049431.82609
1785884400000,0.0704,0.07052,0.07007,0.07008,8877775.578612
1785888000000,0.07008,0.07014,0.06982,0.06986,20976875.514703
1785891600000,0.06987,0.07031,0.06972,0.07025,7648000.214762
1785895200000,0.07025,0.07044,0.07012,0.07024,11146856.320997
1785898800000,0.07024,0.07031,0.06963,0.06978,16473167.511877
1785902400000,0.06979,0.06996,0.06971,0.06986,5673754.827996
1785906000000,0.06986,0.07016,0.06984,0.06996,12091630.652007
1785909600000,0.06996,0.06996,0.06977,0.06984,9943361.480177
1785913200000,0.06984,0.06989,0.06962,0.06985,7905926.627475
1785916800000,0.06986,0.06997,0.06976,0.06989,5590163.268589
1785920400000,0.06991,0.06999,0.06984,0.06984,4295459.289036
1785924000000,0.06985,0.06993,0.06963,0.06969,9907975.775979
1785927600000,0.06969,0.0699,0.06969,0.06984,2362806.269505
1785931200000,0.06984,0.07025,0.06981,0.06995,11201108.868952
1785934800000,0.06996,0.07003,0.0693,0.06983,21299014.019238
1785938400000,0.06981,0.07007,0.06974,0.06998,13875534.524045
1785942000000,0.06998,0.07014,0.06971,0.06971,9222312.753253
1785945600000,0.06971,0.07037,0.06971,0.07011,16271373.615996
1785949200000,0.07012,0.07044,0.06996,0.0703,9491185.084531
1785952800000,0.07029,0.07045,0.07009,0.07021,11685788.244359
1785956400000,0.07022,0.07043,0.07017,0.07024,4299862.693061
1785960000000,0.07024,0.07055,0.0701,0.07034,8444705.456136
1785963600000,0.07035,0.07035,0.07001,0.07008,7105971.186086
1785967200000,0.07009,0.07019,0.07,0.07,6165325.325187
1785970800000,0.07,0.0701,0.06991,0.07005,4417855.849451
1785974400000,0.07005,0.07018,0.07,0.07009,4433722.335837
1785978000000,0.0701,0.07011,0.06971,0.06972,8018895.249376
1785981600000,0.06972,0.06989,0.06955,0.0697,9224554.058573
1785985200000,0.06971,0.06972,0.0696,0.06966,5339727.362723
1785988800000,0.06966,0.06986,0.06948,0.06984,6104461.927943
1785992400000,0.06985,0.07017,0.06983,0.07001,5589476.856217
1785996000000,0.07001,0.07002,0.06975,0.06993,3900849.95625
1785999600000,0.06994,0.06999,0.06977,0.06981,2156243.034134
1786003200000,0.06982,0.07007,0.06968,0.06998,7047142.582598
1786006800000,0.06998,0.06999,0.06892,0.06907,36188855.024751
1786010400000,0.06907,0.06913,0.06881,0.06903,12351870.864069
1786014000000,0.06907,0.06926,0.0689,0.06916,8969514.663449
1786017600000,0.06918,0.06918,0.06881,0.06886,6832640.74685
1786021200000,0.06886,0.06892,0.06824,0.06882,34833560.536899
1786024800000,0.0688,0.06921,0.06872,0.06911,14910451.557319
1786028400000,0.06911,0.06928,0.06903,0.06903,7408209.907302
1786032000000,0.06903,0.06938,0.06897,0.06933,6773108.891866
1786035600000,0.06934,0.06939,0.06899,0.06911,3330757.400946
1786039200000,0.06911,0.06914,0.06863,0.06872,7485478.995059
1786042800000,0.06873,0.06885,0.0687,0.06874,3431998.520635
1786046400000,0.06876,0.06897,0.06875,0.06893,4982672.370576
1786050000000,0.06892,0.06913,0.0689,0.0691,8641466.477748
1786053600000,0.06911,0.06914,0.06889,0.06903,2764827.924402
1786057200000,0.06903,0.06909,0.06886,0.06909,4711889.600882
1786060800000,0.06909,0.06933,0.069,0.06928,6225966.524342
1786064400000,0.06929,0.06949,0.06912,0.06928,4592994.087771
1786068000000,0.06929,0.06949,0.06907,0.06928,8066775.954614
1786071600000,0.06928,0.06942,0.06905,0.06906,4882058.150803
1786075200000,0.06906,0.06921,0.06892,0.06903,5868494.087536
1786078800000,0.06904,0.06926,0.06884,0.0692,10800123.925312
1786082400000,0.06921,0.06949,0.069,0.0692,27035194.771989
1786086000000,0.06921,0.06934,0.06912,0.06931,3227407.571318
1786089600000,0.0693,0.06951,0.06928,0.0694,6172084.606517
1786093200000,0.0694,0.0696,0.06939,0.06958,8020770.659216
1786096800000,0.06958,0.06963,0.06942,0.06947,7130771.535926
1786100400000,0.06948,0.0697,0.06945,0.0696,10604366.342412
1786104000000,0.06961,0.07035,0.06958,0.07005,23696250.387963
1786107600000,0.07006,0.07023,0.06994,0.07003,17225128.811172
1786111200000,0.07005,0.07017,0.06958,0.06971,17577780.339453
1786114800000,0.06972,0.07003,0.06966,0.06995,5081774.60485
1786118400000,0.06995,0.07014,0.06965,0.06965,8169847.498952
1786122000000,0.06964,0.06973,0.0694,0.06967,19019180.127252
1786125600000,0.06967,0.06981,0.06953,0.06965,5732640.052527
1786129200000,0.06965,0.06997,0.06965,0.06985,2522883.466565
1786132800000,0.06985,0.06989,0.06972,0.06975,1197982.529044
1786136400000,0.06976,0.06993,0.06962,0.0697,8491402.873834
1786140000000,0.06971,0.0698,0.06963,0.06965,2299506.593068
1786143600000,0.06966,0.0698,0.06963,0.06964,2330223.589366
1786147200000,0.06964,0.06993,0.06956,0.06974,9245581.296177
1786150800000,0.06974,0.07004,0.06974,0.06995,2825039.891226
1786154400000,0.06995,0.07,0.06987,0.06988,3781692.418402
1786158000000,0.06988,0.0704,0.06987,0.07032,11760029.126548
1786161600000,0.07032,0.07037,0.07007,0.0701,6180723.389047
1786165200000,0.07011,0.07028,0.07009,0.0702,6530236.499073
1786168800000,0.07021,0.07038,0.0702,0.07038,3549694.174978
1786172400000,0.07038,0.07039,0.0702,0.07026,4617119.332184
1786176000000,0.07026,0.07042,0.07015,0.07041,6099581.681828
1786179600000,0.07042,0.07062,0.07032,0.07038,10116351.503256
1786183200000,0.07037,0.07044,0.07029,0.07043,5277368.415357
1786186800000,0.07042,0.07049,0.07032,0.07043,3190291.205182
1786190400000,0.07044,0.07052,0.07037,0.07043,3827700.252505
1786194000000,0.07044,0.07062,0.07043,0.07053,3834868.203855
1786197600000,0.07053,0.07156,0.07047,0.07128,26129580.689751
1786201200000,0.07128,0.07136,0.07093,0.07115,14692913.746826
1786204800000,0.07115,0.07138,0.07107,0.07123,9003056.447949
1786208400000,0.07123,0.07142,0.07113,0.07124,6893082.158275
1786212000000,0.07124,0.07133,0.07081,0.07094,9180793.210066
1786215600000,0.07095,0.07112,0.07087,0.07099,6243252.021453
1786219200000,0.07098,0.07111,0.07096,0.07103,2206808.675268
1786222800000,0.07103,0.07109,0.07091,0.07097,3516498.301634
1786226400000,0.07097,0.071,0.07048,0.07051,9986379.507794
1786230000000,0.07052,0.07053,0.07028,0.07043,6584468.289047
1786233600000,0.07043,0.07048,0.07027,0.07042,3225989.701877
1786237200000,0.07042,0.07052,0.06987,0.07003,11151162.181895
1786240800000,0.07002,0.07015,0.06989,0.07001,5985757.076398
1786244400000,0.07001,0.07009,0.06985,0.07002,7223040.670503
1786248000000,0.07002,0.07014,0.07,0.07005,2356019.476198
1786251600000,0.07006,0.07008,0.06988,0.07004,4929760.87059
1786255200000,0.07004,0.07025,0.06995,0.07019,5289776.778448
1786258800000,0.07021,0.07023,0.07007,0.07016,4639081.851323
1786262400000,0.07017,0.07031,0.06994,0.07011,7724398.988897
1786266000000,0.07013,0.07015,0.07002,0.07014,3264105.242415
1786269600000,0.07014,0.07026,0.07009,0.0702,3800013.431274
1786273200000,0.0702,0.07027,0.07016,0.07018,1967585.827455
1786276800000,0.07018,0.07023,0.0701,0.07015,4987173.191855
1786280400000,0.07015,0.07045,0.07014,0.07033,6620324.616022
1786284000000,0.07033,0.07054,0.07032,0.07049,6735209.632753
1786287600000,0.07049,0.07075,0.07047,0.07068,11322342.787793
1786291200000,0.0707,0.07078,0.07058,0.07073,6679128.928362
1786294800000,0.07073,0.07082,0.0705,0.07054,5750524.241926
1786298400000,0.07054,0.07061,0.0704,0.07051,11309113.974755
1786302000000,0.07051,0.07053,0.07039,0.07049,2781181.364753
1786305600000,0.07049,0.07051,0.07035,0.07049,2023980.438643
1786309200000,0.07049,0.0708,0.07042,0.07059,7228028.87869
1786312800000,0.07059,0.07098,0.06988,0.07006,20116783.359703
1786316400000,0.07006,0.07008,0.06923,0.06935,21977489.096899
1786320000000,0.06934,0.06982,0.06907,0.06963,21473714.146965
1786323600000,0.06964,0.07024,0.06955,0.06999,17143766.846214
1786327200000,0.07,0.07001,0.0695,0.06994,7500565.154437
1786330800000,0.06992,0.07005,0.06956,0.06966,9141498.595068
1786334400000,0.06968,0.06987,0.06954,0.06974,3787466.715994
1786338000000,0.06974,0.07008,0.06972,0.06997,6620252.280833
1786341600000,0.06996,0.07013,0.06993,0.07013,6686156.185884
1786345200000,0.07014,0.07015,0.07,0.07003,4735604.032374
1786348800000,0.07004,0.07017,0.06977,0.07008,11955482.688823
1786352400000,0.07008,0.07014,0.06987,0.06992,4166829.198871
1786356000000,0.06992,0.07006,0.06989,0.06995,2280948.303516
1786359600000,0.06996,0.07011,0.06989,0.07003,2399840.57443
1786363200000,0.07004,0.07015,0.06981,0.06983,5199399.687788
1786366800000,0.06984,0.06997,0.06956,0.06978,411420933.062333
1786370400000,0.06979,0.07007,0.06976,0.06982,117736575.785112
1786374000000,0.06983,0.06987,0.0694,0.06966,24817558.014703
1786377600000,0.06967,0.06983,0.06948,0.06955,11236842.386319
1786381200000,0.06959,0.06984,0.06946,0.06965,4258761.998309
1786384800000,0.06966,0.06979,0.06952,0.06971,4495562.838028
1786388400000,0.06972,0.06996,0.06971,0.06988,4464196.412403
1786392000000,0.06989,0.06999,0.06984,0.06991,2887940.324526
1786395600000,0.06993,0.06995,0.06969,0.0697,4417402.682958
1786399200000,0.06971,0.06986,0.06953,0.06982,3293742.824068
1786402800000,0.06983,0.06992,0.06968,0.0697,4656379.356725
1786406400000,0.06971,0.0699,0.06963,0.06988,3850540.681325
1786410000000,0.06988,0.0701,0.06979,0.07001,4821097.617432
1786413600000,0.07002,0.07036,0.07001,0.07018,10480018.760715
1786417200000,0.07018,0.07025,0.07009,0.07013,5858876.581915
1786420800000,0.07012,0.07012,0.06996,0.06997,3580977.443338
1786424400000,0.06997,0.0702,0.06991,0.07007,3268274.241823
1786428000000,0.07007,0.07027,0.06997,0.07017,14161286.878735
1786431600000,0.07018,0.07027,0.06997,0.07012,5322491.067688
1786435200000,0.07013,0.07035,0.07011,0.07035,10153705.377331
1786438800000,0.07035,0.07068,0.07031,0.07058,13944007.25134
1786442400000,0.07058,0.07069,0.07033,0.07054,8632269.221905
1786446000000,0.07054,0.07074,0.07051,0.07059,7731288.409988
1786449600000,0.0706,0.07074,0.07049,0.07064,9101987.841023
1786453200000,0.07064,0.07096,0.07058,0.07091,18530670.28962
1786456800000,0.07091,0.07133,0.06994,0.07011,55554796.517812
1786460400000,0.0701,0.07064,0.06999,0.07059,31558903.598805
1786464000000,0.0706,0.07092,0.07041,0.0705,29663018.454417
1786467600000,0.0705,0.07128,0.07042,0.07098,24467182.656045
1786471200000,0.071,0.07109,0.07061,0.07081,12935540.022597
1786474800000,0.07081,0.07106,0.07049,0.07104,5838216.08963
1786478400000,0.07104,0.07228,0.07104,0.07169,57953460.107168
1786482000000,0.0717,0.07258,0.07164,0.07243,30034525.567647
1786485600000,0.07244,0.07314,0.07218,0.07234,47299279.965828
1786489200000,0.07234,0.07234,0.07186,0.07189,12741211.931105
1786492800000,0.0719,0.07237,0.07184,0.07233,13097787.236305
1786496400000,0.07234,0.07253,0.07218,0.0723,17316049.643154
1786500000000,0.07228,0.07246,0.07189,0.0719,16234513.543044
1786503600000,0.0719,0.07245,0.0719,0.07223,12089736.317398
1786507200000,0.07223,0.07231,0.07202,0.07211,8624241.575122
1786510800000,0.07211,0.07223,0.07187,0.07209,7751215.285242
1786514400000,0.07209,0.07209,0.0714,0.07158,14164294.516506
1786518000000,0.07157,0.07174,0.07151,0.0717,4989842.76144
1786521600000,0.0717,0.07174,0.0715,0.07152,9363373.726103
1786525200000,0.07153,0.07205,0.0715,0.07201,10981693.320454
1786528800000,0.07202,0.07219,0.07185,0.0719,8220259.159945
1786532400000,0.0719,0.07204,0.07184,0.07198,4618677.779141
1786536000000,0.07199,0.07224,0.0714,0.07167,31052429.052639
1786539600000,0.07167,0.07169,0.07052,0.07061,30877319.402033
1786543200000,0.0706,0.07075,0.07026,0.07046,23777345.011336
1786546800000,0.07046,0.07098,0.07045,0.07082,9684275.585307
1786550400000,0.07083,0.07098,0.07073,0.07087,6052470.553094
1786554000000,0.07088,0.07089,0.07063,0.0708,5488670.993644
1786557600000,0.07081,0.07085,0.07067,0.07068,3083259.871383
1786561200000,0.07068,0.07072,0.0705,0.0706,6240813.978933
1786564800000,0.0706,0.07072,0.07041,0.07063,1647003.040652
1786568400000,0.07064,0.0707,0.06915,0.06938,48742535.425346
1786572000000,0.06936,0.06948,0.0689,0.06946,38320799.438561
1786575600000,0.06947,0.06972,0.06938,0.0697,14783862.663821
1786579200000,0.0697,0.07,0.06964,0.06988,11718790.536697
1786582800000,0.06987,0.07004,0.06977,0.06988,6989574.247442
1786586400000,0.06987,0.07032,0.06986,0.07032,11944786.549098
1786590000000,0.07029,0.07043,0.07011,0.07018,11893029.615107
1786593600000,0.07019,0.0704,0.0701,0.07027,3852386.194961
1786597200000,0.07028,0.07069,0.07024,0.07063,13099814.871233
1786600800000,0.07063,0.07069,0.07038,0.07067,11048831.076242
1786604400000,0.07067,0.07083,0.07057,0.07058,9489033.21669
1786608000000,0.07058,0.07067,0.07043,0.0705,3804452.526605
1786611600000,0.0705,0.07054,0.07028,0.07053,6982755.776901
1786615200000,0.07054,0.07055,0.06995,0.07017,17881305.032801
1786618800000,0.07017,0.07022,0.06996,0.07008,11176632.6019
1786622400000,0.07009,0.07038,0.07006,0.07026,4520283.562073
1786626000000,0.07027,0.07039,0.07003,0.07021,9507307.515802
1786629600000,0.07022,0.07038,0.07005,0.07016,10208570.30636
1786633200000,0.07017,0.07027,0.06972,0.06972,12726451.350063
1786636800000,0.06973,0.07002,0.06951,0.06981,10682618.145487
1786640400000,0.06982,0.06999,0.06978,0.06988,7049128.193279
1786644000000,0.0699,0.0701,0.0698,0.07005,2864607.020318
1786647600000,0.07005,0.07034,0.07005,0.07031,3236249.836285
1786651200000,0.07032,0.07037,0.07017,0.07018,2880306.167239
1786654800000,0.07018,0.07028,0.07014,0.07019,3586404.150909
1786658400000,0.0702,0.07036,0.07013,0.07016,2025812.006293
1786662000000,0.07016,0.07018,0.07001,0.07018,3355026.411217
1786665600000,0.07019,0.07032,0.07011,0.07029,5473605.989432
1786669200000,0.0703,0.07031,0.07016,0.07023,5041988.417797
1786672800000,0.07024,0.07038,0.07012,0.07012,3590570.067355
1786676400000,0.07013,0.07013,0.06992,0.06997,4330275.766013
1786680000000,0.06998,0.07016,0.06994,0.06994,3227415.698375
1786683600000,0.06994,0.07004,0.06991,0.07,1497182.000033
1786687200000,0.07001,0.07001,0.06966,0.06966,7742220.514793
1786690800000,0.06966,0.06983,0.06962,0.0697,2759854.512533
1786694400000,0.0697,0.07,0.06959,0.06997,4392104.864037
1786698000000,0.06998,0.06998,0.06941,0.06949,9193777.139803
1786701600000,0.06949,0.06968,0.06931,0.06939,5618577.176466
1786705200000,0.0694,0.06955,0.0694,0.06947,3829278.554255
1786708800000,0.06948,0.0696,0.06923,0.0693,7449572.290565
1786712400000,0.0693,0.0695,0.06927,0.06945,6442652.120805
1786716000000,0.06947,0.06962,0.06932,0.06949,8971377.050847
1786719600000,0.0695,0.06999,0.06947,0.06991,8548560.221966
1786723200000,0.06989,0.07006,0.06983,0.06992,5256478.65567
1786726800000,0.06992,0.07013,0.06984,0.06989,4773567.337968
1786730400000,0.0699,0.06991,0.06971,0.06975,4074957.631626
1786734000000,0.06976,0.06989,0.06959,0.06985,2145353.861384
1786737600000,0.06986,0.06991,0.06974,0.0698,1666999.542506
1786741200000,0.06982,0.06985,0.06971,0.06983,1716818.829659
1786744800000,0.06984,0.06992,0.06968,0.06984,1671339.214071
1786748400000,0.06985,0.07013,0.06983,0.07007,4673169.749609
1786752000000,0.07008,0.07013,0.07,0.07012,2677238.639033
1786755600000,0.07013,0.07013,0.06999,0.07009,3396874.483415
1786759200000,0.07009,0.0704,0.07005,0.07035,9977687.654764
1786762800000,0.07035,0.07056,0.07028,0.07032,6642995.732546
1786766400000,0.07033,0.07046,0.07027,0.07034,3152867.81188
1786770000000,0.07034,0.07043,0.07003,0.07013,9896880.964838
1786773600000,0.07014,0.07022,0.07003,0.07019,4789067.800868
1786777200000,0.0702,0.0702,0.07004,0.07007,2108092.562209
1786780800000,0.07007,0.07012,0.06993,0.06995,2872362.977875
1786784400000,0.06996,0.07013,0.0699,0.0701,3246827.014676
1786788000000,0.07011,0.07011,0.06998,0.07005,2212077.90848
1786791600000,0.07005,0.07009,0.06999,0.07004,2457613.390714
1786795200000,0.07004,0.07009,0.06992,0.07008,1794642.445106
1786798800000,0.07009,0.07015,0.07005,0.07011,1873250.893167
1786802400000,0.07011,0.07011,0.06991,0.07007,2458561.886937
1786806000000,0.07007,0.07011,0.06998,0.07008,1746796.268234
1786809600000,0.07008,0.07009,0.06999,0.07004,1481842.743912
1786813200000,0.07004,0.07008,0.06992,0.06994,1609028.822157
1786816800000,0.06994,0.06999,0.06978,0.06981,3966776.656934
1786820400000,0.06981,0.06997,0.06973,0.06995,1474462.530623
1786824000000,0.06995,0.06999,0.06986,0.06992,2486747.609916
1786827600000,0.06992,0.07009,0.06989,0.06996,2881390.175061
1786831200000,0.06996,0.07001,0.06986,0.06986,2922449.73013
1786834800000,0.06986,0.06989,0.06952,0.0696,6935944.443218
1786838400000,0.06961,0.06971,0.06951,0.0697,5846489.910749
1786842000000,0.0697,0.0697,0.06954,0.06964,4867354.292126
1786845600000,0.06965,0.06995,0.06961,0.06981,6552331.713734
1786849200000,0.06982,0.0699,0.0698,0.06983,1436784.907416
1786852800000,0.06984,0.0699,0.06978,0.0698,704886.862088
1786856400000,0.0698,0.06983,0.06965,0.06968,2435624.469754
1786860000000,0.06968,0.06981,0.06956,0.06972,6462378.023931
1786863600000,0.06971,0.06991,0.06971,0.06989,2790108.266851
1786867200000,0.0699,0.06993,0.06983,0.06986,2101406.061443
1786870800000,0.06987,0.0699,0.06966,0.06977,4863652.044175
1786874400000,0.06978,0.06981,0.06971,0.06977,1749754.840662
1786878000000,0.06978,0.06985,0.06977,0.06984,3336217.041944
1786881600000,0.06985,0.06994,0.06976,0.06993,2410020.778618
1786885200000,0.06994,0.07,0.0699,0.06992,2711900.743043
1786888800000,0.06993,0.07007,0.0699,0.07007,1433387.281601
1786892400000,0.07008,0.07009,0.07,0.07006,4953608.34809
1786896000000,0.07006,0.07019,0.06997,0.07006,8023848.217377
1786899600000,0.07006,0.0701,0.06996,0.07001,2974484.383469
1786903200000,0.07002,0.07003,0.06989,0.06999,2086477.630901
1786906800000,0.06999,0.07007,0.06991,0.06992,1400989.456638
1786910400000,0.06993,0.07004,0.0698,0.06984,3722630.350875
1786914000000,0.06985,0.0699,0.0691,0.0694,17912505.265953
1786917600000,0.0694,0.06964,0.06928,0.06959,4493390.804212
1786921200000,0.06959,0.0697,0.06952,0.06959,3687976.400318
1786924800000,0.0696,0.06982,0.06946,0.06975,5952369.742326
1786928400000,0.06976,0.07027,0.06975,0.06998,9506958.749561
1786932000000,0.06998,0.07032,0.06991,0.07018,7054026.372296
1786935600000,0.07019,0.07026,0.07006,0.07021,5728727.104295
1786939200000,0.07021,0.07029,0.07018,0.07023,3747195.522057
1786942800000,0.07023,0.07026,0.07011,0.07014,8877386.231877
1786946400000,0.07014,0.07049,0.07012,0.07048,31246633.06609
1786950000000,0.07049,0.0705,0.07025,0.07033,6074201.183338
1786953600000,0.07033,0.07035,0.07002,0.07009,6442600.139178
1786957200000,0.0701,0.07028,0.07006,0.07026,14666629.991916
1786960800000,0.07026,0.07043,0.07016,0.07042,10018907.696976
1786964400000,0.07042,0.07042,0.07017,0.07019,4710993.814472
1786968000000,0.07018,0.07023,0.07,0.07006,7027521.563125
1786971600000,0.07006,0.0703,0.07001,0.07022,3982049.569691
1786975200000,0.07023,0.0704,0.0701,0.07038,9027184.610653
1786978800000,0.07038,0.0706,0.07028,0.07051,12717842.955201
1786982400000,0.07052,0.07053,0.07032,0.07037,6200072.880215
1786986000000,0.07037,0.07055,0.07029,0.07038,4581114.398579
1786989600000,0.07038,0.07051,0.07034,0.07037,4715070.57791
1786993200000,0.07037,0.07038,0.07025,0.07031,3250188.848174
1786996800000,0.07031,0.07052,0.07013,0.07033,7990885.515093
1787000400000,0.07034,0.07047,0.07032,0.07042,4139763.793284
1787004000000,0.07043,0.0705,0.0702,0.07021,2439235.580548
1787007600000,0.07022,0.07049,0.0702,0.07041,1918973.138689
1787011200000,0.07041,0.07044,0.07023,0.07036,8197590.978825
1787014800000,0.07037,0.07038,0.06996,0.07003,6250183.305264
1787018400000,0.07004,0.07012,0.06961,0.06973,11320722.655679
1787022000000,0.06973,0.06991,0.0697,0.06986,7024888.767619
1787025600000,0.06986,0.07002,0.06973,0.06995,8935582.45148
1787029200000,0.06996,0.07002,0.06962,0.06981,13705514.40745
1787032800000,0.06981,0.07011,0.06976,0.06996,8685191.968576
1787036400000,0.06997,0.07003,0.06977,0.06989,8881456.175509
1787040000000,0.06989,0.06995,0.06968,0.06988,8439303.053057
1787043600000,0.06988,0.06994,0.06984,0.06989,4220977.258712
1787047200000,0.0699,0.06995,0.06987,0.0699,1221233.082743
1787050800000,0.06991,0.07003,0.0699,0.06998,4555437.832902
1787054400000,0.06998,0.07,0.06984,0.06984,5680756.124929
1787058000000,0.06984,0.06993,0.06975,0.06983,5817877.475212
1787061600000,0.06983,0.07039,0.06977,0.07007,9981462.092414
1787065200000,0.07007,0.07035,0.07003,0.07032,4395135.819909
1787068800000,0.07033,0.07048,0.07022,0.07039,6818849.018712
1787072400000,0.07039,0.07041,0.07026,0.07028,2320288.304886
1787076000000,0.07028,0.07054,0.07027,0.07047,7553314.562745
1787079600000,0.07047,0.07057,0.07037,0.07037,4712045.437355
1787083200000,0.07038,0.07041,0.07011,0.07023,8370371.865903
1787086800000,0.07024,0.07029,0.07011,0.07014,7062271.674185
1787090400000,0.07015,0.07025,0.06996,0.07008,11686786.317245
1787094000000,0.07008,0.07032,0.07006,0.07026,4158555.593607
1787097600000,0.07027,0.07029,0.06998,0.06998,3649383.975514
1787101200000,0.06998,0.07013,0.0699,0.06998,7030325.03179
1787104800000,0.07,0.07002,0.06986,0.06995,5228873.729357
1787108400000,0.06996,0.07013,0.06991,0.07011,2125127.289006
1787112000000,0.07011,0.07011,0.06994,0.06996,3985003.3251
1787115600000,0.06997,0.07013,0.06995,0.06996,8116834.369523
1787119200000,0.06996,0.07023,0.06988,0.0701,10429228.590466
1787122800000,0.07012,0.07013,0.06994,0.06995,8281396.038021
1787126400000,0.06995,0.0703,0.06989,0.07014,12356816.977079
1787130000000,0.07014,0.07023,0.07003,0.07005,4111868.017101
1787133600000,0.07006,0.07008,0.07,0.07007,3572020.320264
1787137200000,0.07008,0.07024,0.07007,0.07024,2770193.203091
1787140800000,0.07025,0.0708,0.07021,0.07063,10011626.740762
1787144400000,0.07064,0.07072,0.07043,0.07055,13729545.983893
1787148000000,0.07056,0.07144,0.07023,0.07128,26448917.491569
1787151600000,0.0713,0.0741,0.0712,0.07251,153775158.335257
1787155200000,0.07251,0.07323,0.07244,0.07273,40990626.989405
1787158800000,0.07273,0.07278,0.07192,0.07231,24076430.704119
1787162400000,0.07232,0.07286,0.07218,0.07276,8852295.891624
1787166000000,0.07275,0.07313,0.07247,0.07311,7342365.10265
1787169600000,0.07312,0.07456,0.07288,0.07419,46910879.718769
1787173200000,0.07419,0.07641,0.07412,0.07606,130403236.643194
1787176800000,0.07607,0.07621,0.07429,0.0748,70712020.992496
1787180400000,0.07481,0.07526,0.07452,0.07503,30237497.028876
1787184000000,0.07505,0.0757,0.07493,0.07529,30548412.947832
1787187600000,0.07532,0.07556,0.07468,0.07546,26542787.157569
1787191200000,0.07545,0.07611,0.07533,0.07547,28401509.474241
1787194800000,0.07546,0.07546,0.07476,0.0748,20324160.791606
1787198400000,0.0748,0.07493,0.07443,0.07482,11541179.749895
1787202000000,0.07482,0.0749,0.07458,0.0747,9815458.917865
1787205600000,0.07471,0.07539,0.07448,0.07528,21073487.639977
1787209200000,0.07529,0.07542,0.07502,0.07531,10742990.605154
1787212800000,0.07532,0.07714,0.07526,0.07684,80899954.631877
1787216400000,0.07685,0.07733,0.07636,0.0767,46335037.505993
1787220000000,0.0767,0.07787,0.07652,0.07721,29930066.365973
1787223600000,0.07719,0.0779,0.07691,0.07716,26481584.30967
1787227200000,0.07718,0.07754,0.0766,0.07744,32779161.900679
1787230800000,0.07744,0.07795,0.07685,0.07746,44252727.704833
1787234400000,0.07747,0.07857,0.07737,0.07845,72161672.777693
1787238000000,0.07846,0.08066,0.07835,0.08022,113199313.645427
1787241600000,0.08022,0.08327,0.07967,0.08324,122880248.415281
1787245200000,0.08324,0.08355,0.0825,0.08281,83121655.478151
1787248800000,0.08282,0.08317,0.07959,0.07962,100076476.288861
1787252400000,0.07965,0.08039,0.0794,0.0797,43438316.829678
1787256000000,0.0797,0.08016,0.07963,0.08009,20862320.064794
1787259600000,0.0801,0.08062,0.08008,0.0802,17950103.228173
1787263200000,0.08022,0.08034,0.07908,0.07937,31562577.105197
1787266800000,0.07937,0.08069,0.07937,0.08049,20990906.317219
1787270400000,0.08048,0.08168,0.0803,0.08131,55381227.91099
1787274000000,0.0813,0.08304,0.0812,0.08255,75073413.733444
1787277600000,0.08255,0.08278,0.08141,0.08143,48227614.319312
1787281200000,0.08144,0.08239,0.08123,0.08178,26698112.227262
1787284800000,0.08178,0.08247,0.08178,0.08232,29185417.943316
1787288400000,0.08234,0.08281,0.08208,0.08272,32780712.415222
1787292000000,0.08271,0.08408,0.08262,0.08325,57894017.618239
1787295600000,0.08325,0.08453,0.08317,0.08347,60137349.101237
1787299200000,0.08348,0.08577,0.08339,0.08566,61339905.542633
1787302800000,0.08566,0.08574,0.08262,0.08451,124589630.658898
1787306400000,0.08452,0.08474,0.08351,0.08454,41586943.401787
1787310000000,0.08452,0.08469,0.08257,0.08302,62720749.128958
1787313600000,0.08302,0.08429,0.08267,0.08395,40862289.908514
1787317200000,0.08398,0.08437,0.08269,0.08401,49943764.65622
1787320800000,0.08402,0.08434,0.08295,0.08424,47961336.764379
1787324400000,0.08423,0.08479,0.08362,0.08383,45361321.44638
1787328000000,0.08383,0.08483,0.0834,0.08469,56109799.007394
1787331600000,0.08469,0.08521,0.08393,0.08439,36219104.460147
1787335200000,0.08442,0.08535,0.08369,0.08434,49012265.095195
1787338800000,0.08433,0.08514,0.08362,0.08493,37538129.534557
1787342400000,0.08493,0.08745,0.08471,0.08736,66544650.070559
1787346000000,0.08736,0.09179,0.08703,0.09169,138701138.035746
1787349600000,0.09168,0.0947,0.0913,0.09414,172508714.022078
1787353200000,0.09414,0.09434,0.09102,0.09154,102013702.221518
1787356800000,0.09156,0.09196,0.09016,0.09177,92178817.150701
1787360400000,0.09179,0.0924,0.09096,0.09144,46850786.805094
1787364000000,0.09145,0.09392,0.09133,0.09374,57593189.442702
1787367600000,0.09376,0.09722,0.09343,0.09571,149689319.401431
1787371200000,0.09569,0.10092,0.09489,0.0985,175156249.241506
1787374800000,0.09849,0.09963,0.08206,0.09183,528824939.490519
1787378400000,0.09185,0.09374,0.09075,0.09269,127217915.959978
1787382000000,0.09267,0.09391,0.0914,0.09305,89737605.598883
1787385600000,0.09306,0.09349,0.09048,0.09148,88936410.273711
1787389200000,0.0915,0.0924,0.09006,0.09075,90946117.470174
1787392800000,0.09075,0.09088,0.08769,0.08967,117721180.863004
1787396400000,0.08967,0.09036,0.08903,0.08989,30540473.389778
1787400000000,0.08988,0.09213,0.08951,0.0915,33254357.443143
1787403600000,0.0915,0.09198,0.09074,0.09123,31213473.491104
1787407200000,0.09125,0.0914,0.08984,0.09019,38322258.422501
1787410800000,0.09021,0.09067,0.08952,0.09031,28106006.572638
1787414400000,0.09031,0.09225,0.08977,0.09169,62247308.366742
1787418000000,0.09169,0.09357,0.09127,0.09318,51346090.471822
1787421600000,0.09323,0.09394,0.09222,0.09287,34598631.873417
1787425200000,0.09289,0.09381,0.09217,0.09354,23512575.819524
1787428800000,0.09352,0.09532,0.09339,0.09424,64534006.22636
1787432400000,0.09424,0.09432,0.09131,0.09165,48273976.575714
1787436000000,0.09164,0.09258,0.0912,0.09194,26346926.1245
1787439600000,0.09196,0.09214,0.09112,0.09189,14327880.035574
1787443200000,0.09189,0.09433,0.09183,0.09393,37762154.415926
1787446800000,0.09395,0.09407,0.09286,0.09296,25408840.395655
1787450400000,0.09294,0.0931,0.09132,0.09186,32481387.298164
1787454000000,0.09187,0.09211,0.0906,0.09111,48269400.437335
1787457600000,0.09111,0.09181,0.08926,0.08948,63478575.315144
1787461200000,0.08947,0.09076,0.0887,0.08951,61214737.893746
1787464800000,0.0895,0.09053,0.08895,0.08979,31566391.477254
1787468400000,0.08981,0.09069,0.08968,0.09027,15594304.171891
1787472000000,0.09029,0.09153,0.09017,0.09094,24253957.234622
1787475600000,0.09092,0.09138,0.09041,0.09107,16364701.052866
1787479200000,0.09108,0.09287,0.09103,0.0922,36762971.284518
1787482800000,0.09221,0.09306,0.09194,0.09274,19815696.14072
1787486400000,0.09273,0.09279,0.09189,0.09235,15517141.03216
1787490000000,0.09235,0.09386,0.09215,0.09372,26661022.888298
1787493600000,0.09372,0.0945,0.09083,0.09268,74249159.466341
1787497200000,0.09268,0.09313,0.0917,0.09242,33068105.628522
1787500800000,0.09242,0.09285,0.09195,0.09284,21013430.404074
1787504400000,0.09285,0.09317,0.09187,0.09261,19358635.439509
1787508000000,0.0926,0.09339,0.0924,0.093,15380934.629166
1787511600000,0.09301,0.09307,0.09201,0.09239,13041009.261773
1787515200000,0.09241,0.09294,0.09202,0.09283,8605846.392885
1787518800000,0.09283,0.0945,0.09283,0.09333,25709764.062439
1787522400000,0.09335,0.09371,0.09266,0.09312,17560702.218473
1787526000000,0.09312,0.09385,0.09269,0.0934,20381230.305983
1787529600000,0.09343,0.09364,0.09134,0.09276,41491493.13581
1787533200000,0.09276,0.09278,0.09037,0.0907,28655535.291519
1787536800000,0.09069,0.0923,0.09065,0.09176,24356034.144512
1787540400000,0.09177,0.09191,0.09089,0.0912,20303035.535682
1787544000000,0.09121,0.09244,0.09119,0.09219,14222233.284153
1787547600000,0.09219,0.09312,0.09133,0.09199,24434422.427453
1787551200000,0.09195,0.09221,0.09126,0.09167,14751017.101505
1787554800000,0.09167,0.09269,0.09132,0.09139,15968888.78937
1787558400000,0.0914,0.09145,0.09014,0.09079,40978809.250974
1787562000000,0.09079,0.09153,0.09069,0.09121,10386682.968968
1787565600000,0.09121,0.09173,0.09075,0.09093,19591780.983852
1787569200000,0.09095,0.09273,0.09032,0.09223,47026435.189197
1787572800000,0.09225,0.09342,0.09122,0.09322,54342487.140535
1787576400000,0.09323,0.09331,0.09033,0.09089,67751742.517201
1787580000000,0.09088,0.09246,0.09078,0.09194,41005636.643358
1787583600000,0.09193,0.09283,0.09085,0.09127,42971094.971158
1787587200000,0.09127,0.0923,0.09075,0.09105,26421700.859412
1787590800000,0.09105,0.09111,0.08795,0.08895,84752105.503743
1787594400000,0.08896,0.08971,0.08893,0.0892,24241272.48344
1787598000000,0.08921,0.08943,0.08867,0.08906,13155102.474463
1787601600000,0.08908,0.08953,0.08862,0.08942,10142921.192546
1787605200000,0.08945,0.09029,0.08945,0.09026,12111746.543452
1787608800000,0.09027,0.09029,0.08933,0.08958,14853524.000723
1787612400000,0.08958,0.0903,0.08922,0.09011,12946604.142931
1787616000000,0.09011,0.09175,0.08973,0.09143,33439579.51476
1787619600000,0.09145,0.09163,0.09075,0.09106,21274079.939207
1787623200000,0.09106,0.09303,0.09082,0.09201,58342346.718189
1787626800000,0.09205,0.09303,0.09159,0.09193,24893768.941525
1787630400000,0.09195,0.09225,0.09153,0.09203,24597144.953662
1787634000000,0.09206,0.09309,0.09195,0.09267,24931970.537594
1787637600000,0.09269,0.09298,0.09163,0.09189,15752762.359888
1787641200000,0.09191,0.09247,0.09012,0.0908,39234583.168432
1787644800000,0.09082,0.09157,0.09047,0.09104,18988344.283863
1787648400000,0.09105,0.09133,0.0898,0.09046,17932928.196289
1787652000000,0.09047,0.09084,0.09024,0.09061,12917389.868904
1787655600000,0.09062,0.09087,0.09013,0.09016,11075448.271266
1787659200000,0.09017,0.09028,0.08919,0.09013,30552494.176028
1787662800000,0.09013,0.09021,0.08695,0.08828,81400985.708258
1787666400000,0.08828,0.08938,0.08806,0.08905,26400682.546663
1787670000000,0.0891,0.08936,0.08852,0.0892,18125113.250671
1787673600000,0.08922,0.08941,0.0887,0.08903,13484899.471966
1787677200000,0.08904,0.08904,0.08822,0.08884,13024785.115712
1787680800000,0.08885,0.089,0.08858,0.08872,6280618.836139
1787684400000,0.08873,0.08884,0.08785,0.08806,8839092.34452
1787688000000,0.08807,0.08813,0.08578,0.0858,42776704.857223
1787691600000,0.0858,0.08664,0.08482,0.08635,39256142.666406
1787695200000,0.08635,0.08704,0.08633,0.08681,18405499.06136
1787698800000,0.08681,0.08697,0.08557,0.0857,19520534.41864
1787702400000,0.08571,0.08638,0.08546,0.08615,22555837.360716
1787706000000,0.08614,0.08677,0.0861,0.08648,13101898.158378
1787709600000,0.0865,0.08697,0.0861,0.08679,13553250.967872
1787713200000,0.0868,0.08689,0.08645,0.08665,8868873.141034
1787716800000,0.08664,0.08695,0.08625,0.08631,9701558.290531
1787720400000,0.08632,0.0869,0.08603,0.0868,9260354.3439
1787724000000,0.0868,0.08712,0.0863,0.08668,8249996.589043
1787727600000,0.08667,0.08704,0.08656,0.08663,12959356.583575
1787731200000,0.08662,0.08695,0.08625,0.08642,8926363.460908
1787734800000,0.08641,0.08658,0.0855,0.08595,15106793.587988
1787738400000,0.08594,0.08709,0.08579,0.08682,12754786.330782
1787742000000,0.08682,0.08708,0.08613,0.08634,12990620.590632
1787745600000,0.08635,0.08697,0.08565,0.08634,17911970.795306
1787749200000,0.08635,0.08653,0.0852,0.08593,22271468.746711
1787752800000,0.08594,0.08618,0.0843,0.08442,41883721.595387
1787756400000,0.08443,0.08475,0.08382,0.08454,39270620.933177
1787760000000,0.08451,0.08474,0.08384,0.08431,17878752.783742
1787763600000,0.08432,0.08543,0.08428,0.08499,17276744.90435
1787767200000,0.085,0.08524,0.08465,0.0851,14438239.14975
1787770800000,0.08511,0.08542,0.08483,0.08488,7835084.179959
1787774400000,0.08485,0.0853,0.08441,0.0853,7502790.789275
1787778000000,0.0853,0.0864,0.08525,0.08627,20789796.963976
1787781600000,0.08629,0.08718,0.08614,0.08654,18907704.140525
1787785200000,0.08654,0.08783,0.08641,0.08768,25129402.824959
1787788800000,0.0877,0.0877,0.08655,0.08655,20393881.112463
1787792400000,0.08655,0.08754,0.08626,0.08706,23002114.516258
1787796000000,0.08706,0.08747,0.08673,0.08689,10550537.612016
1787799600000,0.08687,0.08717,0.08665,0.08681,5497937.842578
1787803200000,0.08682,0.08708,0.08653,0.08669,7551155.886361
1787806800000,0.0867,0.08713,0.08623,0.08699,10686466.603829
1787810400000,0.087,0.08705,0.08644,0.087,7493996.087817
1787814000000,0.087,0.08719,0.08684,0.08714,5513850.382342
1787817600000,0.08715,0.08988,0.08711,0.08918,62520022.852335
1787821200000,0.08919,0.09002,0.08871,0.08887,41243478.887227
1787824800000,0.08885,0.08923,0.08762,0.08828,33524268.822601
1787828400000,0.08828,0.08875,0.08784,0.0883,17726568.455129
1787832000000,0.08831,0.08867,0.0872,0.08763,32437192.87977
1787835600000,0.08763,0.08814,0.08721,0.08813,26621398.356752
1787839200000,0.08815,0.08941,0.08788,0.089,34681422.634737
1787842800000,0.08903,0.08974,0.08865,0.08869,37183321.824421
1787846400000,0.08868,0.08978,0.08863,0.08925,30564656.033719
1787850000000,0.08928,0.08998,0.0889,0.0891,25025944.863357
1787853600000,0.08911,0.08913,0.08795,0.08874,15457908.338395
1787857200000,0.08875,0.08898,0.08845,0.08868,9285572.301814
1787860800000,0.08868,0.08881,0.08826,0.08874,8290976.820096
1787864400000,0.08875,0.0889,0.08828,0.08876,8821223.178083
1787868000000,0.08877,0.08946,0.08875,0.0891,9394251.877554
1787871600000,0.08911,0.08933,0.08882,0.08915,11117953.572265
1787875200000,0.08917,0.08927,0.08853,0.08902,16837979.864413
1787878800000,0.08903,0.09033,0.089,0.08912,30727097.333008
1787882400000,0.08912,0.08917,0.08741,0.08787,38534391.447042
1787886000000,0.08789,0.08809,0.08732,0.0878,13282187.212129
1787889600000,0.08776,0.08823,0.08723,0.08765,20790349.724468
1787893200000,0.08765,0.08799,0.08739,0.08776,7380529.728178
1787896800000,0.08776,0.08833,0.08776,0.08821,9348068.221307
1787900400000,0.08821,0.08823,0.0875,0.08753,11803029.632518
1787904000000,0.08753,0.08782,0.0869,0.08715,26248139.386364
1787907600000,0.08716,0.08728,0.08639,0.08639,20016108.465588
1787911200000,0.0864,0.08713,0.08564,0.08713,30424817.717709
1787914800000,0.08714,0.08739,0.08687,0.08702,14890400.280018
1787918400000,0.08702,0.08714,0.08662,0.08686,5921777.901266
1787922000000,0.08686,0.08716,0.08653,0.08688,15201284.810248
1787925600000,0.08692,0.08795,0.08552,0.08769,63827256.044469
1787929200000,0.08774,0.08801,0.08583,0.0859,33206728.602636
