ts,o,h,l,c,v
1746054000000,1795.31,1799.5,1792.0,1793.44,3469.113286
1746057600000,1793.41,1798.99,1792.41,1797.68,2575.139198
1746061200000,1797.68,1810.71,1797.68,1809.96,21210.119833
1746064800000,1810.0,1819.0,1806.2,1807.59,7503.921581
1746068400000,1807.6,1814.21,1805.27,1807.96,5594.080139
1746072000000,1807.96,1810.4,1803.99,1809.08,2237.121358
1746075600000,1809.09,1817.12,1805.61,1813.75,4237.30524
1746079200000,1813.75,1815.92,1805.01,1806.26,3909.86906
1746082800000,1806.26,1814.76,1802.28,1810.39,4925.593463
1746086400000,1810.4,1820.66,1808.47,1817.5,6321.813696
1746090000000,1817.51,1824.43,1814.64,1817.35,5431.538442
1746093600000,1817.38,1850.97,1817.38,1847.63,23795.708281
1746097200000,1847.69,1859.1,1838.1,1845.72,13678.857689
1746100800000,1845.59,1855.42,1841.68,1848.98,9177.814104
1746104400000,1848.98,1851.86,1825.09,1826.59,20065.724966
1746108000000,1826.7,1849.64,1826.7,1848.5,13405.830748
1746111600000,1848.51,1873.85,1844.59,1853.01,28322.796108
1746115200000,1853.02,1870.47,1852.14,1859.73,9313.480827
1746118800000,1859.71,1865.0,1846.18,1856.0,6481.78633
1746122400000,1856.0,1858.66,1847.68,1856.05,3678.793141
1746126000000,1856.05,1856.25,1839.0,1843.08,5214.529413
1746129600000,1843.09,1851.39,1837.32,1839.69,5460.147155
1746133200000,1839.64,1849.95,1839.45,1844.08,3159.747077
1746136800000,1844.1,1846.22,1837.61,1838.9,3065.471732
1746140400000,1838.9,1841.46,1833.63,1838.18,2855.584581
1746144000000,1838.13,1850.72,1835.26,1847.89,6218.377693
1746147600000,1847.88,1851.58,1839.23,1842.8,3553.666715
1746151200000,1842.8,1849.99,1839.21,1846.95,3111.310468
1746154800000,1846.98,1851.06,1843.68,1847.68,2052.12343
1746158400000,1847.68,1851.6,1839.44,1841.6,3168.827093
1746162000000,1841.68,1844.36,1828.66,1832.11,5087.536996
1746165600000,1832.1,1837.67,1828.33,1832.36,5718.643155
1746169200000,1832.39,1832.4,1816.26,1816.31,13892.819079
1746172800000,1816.31,1827.01,1813.0,1823.8,6096.049888
1746176400000,1823.8,1827.44,1820.13,1820.68,2287.431956
1746180000000,1820.68,1835.28,1820.52,1829.5,7974.32003
1746183600000,1829.52,1835.54,1829.52,1833.32,3474.65746
1746187200000,1833.41,1844.68,1823.08,1841.0,12443.58191
1746190800000,1841.01,1842.6,1829.16,1833.49,10227.043666
1746194400000,1833.5,1851.82,1833.5,1848.7,8669.290251
1746198000000,1848.71,1854.27,1832.51,1841.08,5912.573074
1746201600000,1841.06,1871.0,1841.06,1852.11,14688.817565
1746205200000,1852.51,1853.69,1841.3,1852.41,4508.82642
1746208800000,1852.42,1855.65,1845.39,1848.9,4545.309243
1746212400000,1848.9,1850.54,1831.5,1839.69,5645.872575
1746216000000,1839.7,1848.01,1835.61,1846.76,2716.308817
1746219600000,1846.74,1846.88,1833.02,1837.64,2671.510836
1746223200000,1837.61,1840.06,1833.0,1835.31,2296.53059
1746226800000,1835.36,1842.74,1834.46,1842.13,2035.651261
1746230400000,1842.16,1843.26,1836.0,1838.75,3656.298418
1746234000000,1838.71,1840.45,1826.17,1829.0,4817.690324
1746237600000,1829.09,1835.99,1828.65,1834.13,1762.28998
1746241200000,1834.13,1837.77,1831.11,1834.77,1487.447575
1746244800000,1834.78,1839.52,1833.65,1838.4,1433.014188
1746248400000,1838.38,1838.62,1832.92,1833.2,1498.587471
1746252000000,1833.21,1833.39,1824.5,1827.38,4169.78874
1746255600000,1827.38,1829.8,1825.0,1826.59,3115.246413
1746259200000,1826.59,1830.0,1822.01,1825.5,2903.892787
1746262800000,1825.5,1828.81,1819.48,1827.23,6346.073051
1746266400000,1827.21,1830.51,1817.52,1819.5,4872.313492
1746270000000,1819.5,1826.47,1818.28,1824.07,2357.446063
1746273600000,1824.14,1832.64,1824.0,1829.52,5343.0866
1746277200000,1829.52,1836.9,1829.02,1835.15,13312.547055
1746280800000,1835.14,1837.14,1831.11,1835.11,2621.16025
1746284400000,1835.16,1839.98,1832.92,1834.5,2525.619833
1746288000000,1834.51,1835.25,1823.41,1827.18,3607.207255
1746291600000,1827.19,1827.33,1808.8,1823.7,23106.959396
1746295200000,1823.7,1831.0,1822.51,1825.78,2204.654611
1746298800000,1825.78,1839.0,1824.34,1838.11,2191.724817
1746302400000,1838.2,1839.7,1834.55,1838.79,3505.602439
1746306000000,1838.8,1848.73,1836.15,1840.99,5558.174095
1746309600000,1841.0,1845.6,1835.7,1842.87,2284.822962
1746313200000,1842.88,1843.29,1828.8,1833.49,9867.087866
1746316800000,1833.49,1842.2,1829.9,1836.55,5781.824845
1746320400000,1836.51,1841.4,1829.3,1837.5,3329.143007
1746324000000,1837.5,1849.6,1830.21,1834.22,4843.071903
1746327600000,1834.2,1836.61,1826.67,1832.21,2684.936453
1746331200000,1832.16,1837.49,1829.47,1830.7,1996.189198
1746334800000,1830.75,1849.97,1830.08,1845.67,6655.278685
1746338400000,1845.67,1849.2,1839.45,1845.35,4264.062397
1746342000000,1845.36,1846.7,1836.34,1840.99,3260.524801
1746345600000,1840.99,1841.39,1829.71,1831.21,4118.009824
1746349200000,1831.21,1832.71,1823.27,1827.9,4054.71047
1746352800000,1827.9,1829.59,1822.1,1827.38,2822.274389
1746356400000,1827.37,1836.55,1825.61,1827.52,4901.398466
1746360000000,1827.52,1834.25,1827.01,1830.25,1992.322865
1746363600000,1830.32,1833.2,1818.38,1825.3,4175.133716
1746367200000,1825.29,1832.53,1824.38,1831.04,1951.050313
1746370800000,1831.01,1833.79,1825.52,1830.67,2133.945499
1746374400000,1830.74,1833.2,1822.8,1827.85,2968.864691
1746378000000,1827.99,1831.57,1822.1,1827.9,2100.21525
1746381600000,1827.9,1830.89,1825.47,1825.93,1846.575011
1746385200000,1825.94,1831.11,1824.74,1828.41,1350.367576
1746388800000,1828.41,1842.55,1828.11,1836.15,3422.343428
1746392400000,1836.16,1837.32,1831.97,1835.26,1767.80235
1746396000000,1835.27,1835.3,1811.61,1818.01,7018.647209
1746399600000,1818.01,1819.23,1803.05,1808.88,7594.924227
1746403200000,1808.89,1818.59,1806.31,1816.0,4720.084864
1746406800000,1816.0,1817.44,1781.42,1791.72,15576.051157
1746410400000,1791.72,1802.77,1781.97,1799.33,18384.934368
1746414000000,1799.34,1801.08,1793.1,1794.51,3922.671257
1746417600000,1794.55,1805.5,1792.7,1804.91,3523.556365
1746421200000,1804.9,1818.76,1801.21,1816.62,7312.729687
1746424800000,1816.61,1821.99,1811.64,1820.05,6755.16389
1746428400000,1820.02,1829.92,1816.64,1826.59,5071.671181
1746432000000,1826.59,1831.7,1823.4,1828.5,9712.413943
1746435600000,1828.49,1830.79,1822.59,1823.34,3574.43946
1746439200000,1823.34,1823.91,1798.3,1804.65,11680.417597
1746442800000,1804.75,1811.09,1799.01,1804.67,12163.382667
1746446400000,1804.7,1809.53,1799.81,1805.68,4041.219564
1746450000000,1805.67,1809.39,1794.41,1808.87,10443.536603
1746453600000,1808.84,1815.8,1799.22,1804.51,6507.60569
1746457200000,1804.5,1808.44,1795.31,1801.18,5385.236262
1746460800000,1801.19,1812.2,1800.91,1808.02,6851.333566
1746464400000,1808.03,1817.51,1805.25,1814.49,4707.722706
1746468000000,1814.5,1828.78,1811.86,1822.57,4378.99966
1746471600000,1822.56,1826.56,1813.41,1816.49,3573.168553
1746475200000,1816.5,1816.69,1799.19,1808.95,3068.613378
1746478800000,1808.98,1819.82,1808.21,1816.47,2732.184856
1746482400000,1816.46,1833.64,1816.24,1826.1,8100.869802
1746486000000,1826.1,1830.14,1817.0,1820.31,4046.797051
1746489600000,1820.32,1820.88,1811.0,1814.39,3020.935826
1746493200000,1814.39,1820.97,1803.34,1804.52,5559.741387
1746496800000,1804.5,1807.76,1792.72,1803.67,12683.99369
1746500400000,1803.67,1807.56,1798.0,1806.53,3464.930783
1746504000000,1806.65,1808.99,1803.62,1807.11,2546.654168
1746507600000,1807.11,1808.22,1798.29,1799.3,4648.248884
1746511200000,1799.3,1806.59,1798.74,1806.5,2147.960769
1746514800000,1806.5,1809.46,1801.19,1805.93,5818.75845
1746518400000,1805.94,1805.99,1788.33,1801.55,5695.789442
1746522000000,1801.52,1801.86,1792.17,1798.15,2411.492095
1746525600000,1798.15,1798.2,1782.6,1785.36,6233.471261
1746529200000,1785.36,1790.71,1757.4,1770.12,16196.345388
1746532800000,1770.18,1777.09,1766.89,1775.43,6609.90105
1746536400000,1775.42,1776.0,1751.45,1759.05,19751.120068
1746540000000,1759.05,1779.97,1759.05,1768.6,10001.084061
1746543600000,1768.5,1778.8,1760.59,1770.19,5682.523075
1746547200000,1770.3,1775.39,1762.14,1762.94,7107.215982
1746550800000,1762.95,1776.49,1762.9,1768.15,4366.608367
1746554400000,1768.16,1791.39,1766.7,1789.93,5143.089448
1746558000000,1789.91,1798.88,1784.31,1784.74,8858.892717
1746561600000,1784.8,1789.2,1768.28,1775.31,6552.718369
1746565200000,1775.26,1781.08,1765.0,1775.88,4868.911292
1746568800000,1775.79,1813.38,1775.52,1811.12,16408.36708
1746572400000,1811.1,1819.34,1801.88,1817.0,9602.181223
1746576000000,1817.0,1847.51,1814.41,1842.34,22785.614969
1746579600000,1842.27,1850.61,1828.46,1832.81,15764.283918
1746583200000,1832.81,1835.35,1822.0,1825.03,13555.422569
1746586800000,1825.02,1828.56,1817.31,1826.48,7813.423916
1746590400000,1826.52,1833.51,1824.43,1828.59,4822.864816
1746594000000,1828.6,1830.94,1825.62,1828.41,2455.931932
1746597600000,1828.41,1834.5,1826.41,1830.75,3336.398044
1746601200000,1830.72,1838.47,1830.19,1838.27,4795.871366
1746604800000,1838.27,1844.3,1834.31,1840.59,12426.83929
1746608400000,1840.59,1845.38,1837.71,1843.94,5504.173309
1746612000000,1843.94,1847.0,1830.35,1833.49,9629.879583
1746615600000,1833.51,1837.3,1831.0,1836.54,4328.259719
1746619200000,1836.45,1837.16,1826.93,1830.87,5088.504849
1746622800000,1830.88,1835.13,1822.63,1828.98,6545.118857
1746626400000,1829.0,1833.39,1816.71,1822.39,6959.255177
1746630000000,1822.4,1825.5,1814.61,1817.72,5043.277579
1746633600000,1817.73,1818.3,1800.14,1812.09,9993.823725
1746637200000,1812.1,1813.45,1788.74,1796.27,14491.034639
1746640800000,1796.39,1817.23,1788.78,1806.55,16100.303278
1746644400000,1806.6,1808.24,1787.16,1795.91,7659.471745
1746648000000,1795.98,1801.02,1789.05,1798.4,3366.385395
1746651600000,1798.42,1809.41,1796.26,1802.6,2903.176046
1746655200000,1802.61,1821.72,1800.61,1817.0,10268.336896
1746658800000,1817.01,1825.8,1808.31,1811.0,4883.899453
1746662400000,1811.01,1828.44,1808.35,1826.72,4038.707048
1746666000000,1826.65,1837.45,1819.57,1822.69,13536.600837
1746669600000,1822.76,1847.74,1822.76,1841.31,19416.661339
1746673200000,1841.31,1907.23,1838.63,1900.65,53869.981665
1746676800000,1900.65,1916.82,1892.3,1893.68,45605.503878
1746680400000,1893.75,1904.6,1892.16,1896.66,18197.273778
1746684000000,1896.61,1911.99,1895.85,1911.08,10408.121196
1746687600000,1911.09,1944.44,1908.29,1928.62,27070.26569
1746691200000,1928.61,1947.56,1926.09,1935.11,16233.074992
1746694800000,1935.11,1941.9,1930.0,1941.26,8949.28494
1746698400000,1941.21,1968.42,1939.18,1960.95,16859.313625
1746702000000,1960.84,1961.6,1945.28,1957.59,14168.096986
1746705600000,1957.59,1977.43,1954.46,1959.76,20170.264536
1746709200000,1959.8,1984.92,1959.53,1976.02,16005.061313
1746712800000,1976.15,2010.72,1969.0,1989.47,29612.363311
1746716400000,1989.5,2076.66,1987.61,2051.62,91863.613063
1746720000000,2051.6,2066.0,2036.31,2050.51,18918.805184
1746723600000,2050.5,2057.51,2036.75,2045.99,10325.316482
1746727200000,2045.99,2074.4,2043.76,2067.42,14618.665239
1746730800000,2067.32,2141.25,2061.14,2118.25,49287.463239
1746734400000,2118.19,2200.0,2111.52,2185.39,41562.252011
1746738000000,2185.21,2226.47,2157.93,2179.91,33201.745865
1746741600000,2179.92,2196.44,2166.66,2179.6,17457.46444
1746745200000,2179.61,2208.58,2166.46,2207.27,15135.262728
1746748800000,2207.2,2214.9,2184.58,2201.01,13441.251751
1746752400000,2201.0,2244.1,2190.0,2207.19,28332.052396
1746756000000,2207.01,2217.13,2194.18,2216.59,14429.880642
1746759600000,2216.6,2245.0,2197.24,2205.31,34458.896779
1746763200000,2205.31,2222.86,2202.39,2213.87,7747.584867
1746766800000,2213.87,2219.98,2205.54,2215.0,6120.479553
1746770400000,2215.0,2260.0,2214.31,2256.94,30026.298512
1746774000000,2256.92,2393.84,2256.11,2364.4,70896.866032
1746777600000,2364.39,2490.84,2362.0,2411.62,102755.523129
1746781200000,2411.97,2423.97,2291.66,2341.45,65458.385998
1746784800000,2341.6,2359.59,2329.16,2348.7,17888.458248
1746788400000,2348.7,2376.66,2313.37,2351.09,28041.615372
1746792000000,2351.1,2353.07,2326.01,2339.99,9334.468996
1746795600000,2340.0,2388.52,2329.02,2370.0,19820.417738
1746799200000,2369.91,2369.91,2270.47,2306.04,58923.744435
1746802800000,2306.05,2322.03,2282.27,2301.49,23741.268602
1746806400000,2301.49,2316.63,2275.0,2298.36,14392.043285
1746810000000,2298.31,2355.8,2294.9,2350.31,17305.352056
1746813600000,2350.3,2353.56,2328.34,2340.3,8699.243379
1746817200000,2340.31,2344.6,2307.5,2332.62,9287.635066
1746820800000,2332.17,2352.08,2326.7,2340.16,6689.212268
1746824400000,2340.17,2343.43,2322.52,2337.99,4075.970505
1746828000000,2338.0,2345.92,2327.52,2334.7,4679.478534
1746831600000,2334.69,2348.33,2333.51,2345.18,3983.202147
1746835200000,2345.19,2380.79,2317.29,2326.75,31853.412018
1746838800000,2326.79,2354.59,2326.01,2335.23,6797.690817
1746842400000,2335.3,2349.52,2333.01,2342.09,3433.816329
1746846000000,2342.09,2342.88,2331.38,2340.1,4047.56212
1746849600000,2340.11,2340.11,2326.9,2337.33,6696.459995
1746853200000,2337.3,2356.0,2337.3,2353.49,9995.698643
1746856800000,2353.5,2378.39,2351.0,2367.73,15495.270044
1746860400000,2367.6,2417.26,2355.01,2399.99,26757.772164
1746864000000,2400.0,2436.0,2360.0,2382.21,44023.408552
1746867600000,2382.37,2423.6,2364.78,2401.13,21428.554136
1746871200000,2401.17,2428.95,2384.93,2396.54,16725.675886
1746874800000,2396.54,2404.27,2374.86,2384.65,8330.344472
1746878400000,2384.64,2421.22,2384.61,2408.4,8655.372564
1746882000000,2408.41,2449.68,2408.33,2437.99,14792.22607
1746885600000,2438.0,2444.99,2406.76,2436.0,14725.857122
1746889200000,2436.0,2446.67,2422.58,2433.16,14759.98543
1746892800000,2433.16,2475.0,2428.61,2461.34,22117.974447
1746896400000,2461.34,2512.97,2450.36,2460.79,45236.794991
1746900000000,2460.49,2506.69,2456.88,2495.11,17690.643094
1746903600000,2495.11,2506.92,2476.7,2499.18,8125.891027
1746907200000,2499.18,2504.69,2468.8,2490.91,8308.229305
1746910800000,2490.91,2545.57,2490.63,2533.35,12366.580032
1746914400000,2533.36,2586.29,2520.7,2576.64,21333.977982
1746918000000,2576.63,2600.83,2563.48,2582.8,27986.688435
1746921600000,2582.6,2609.49,2504.26,2543.54,51638.431995
1746925200000,2543.54,2557.51,2512.0,2532.64,16850.575302
1746928800000,2532.69,2565.68,2522.51,2543.03,18870.171838
1746932400000,2543.03,2554.4,2530.21,2537.41,8211.108816
1746936000000,2537.41,2550.95,2530.62,2544.91,6596.300082
1746939600000,2545.02,2562.4,2536.76,2554.52,6080.076149
1746943200000,2554.52,2555.67,2503.84,2521.09,15624.47818
1746946800000,2521.08,2521.08,2453.34,2473.52,41646.749488
1746950400000,2473.4,2504.96,2472.77,2481.0,11029.496988
1746954000000,2481.0,2522.19,2480.85,2515.5,10238.904201
1746957600000,2515.49,2521.31,2495.46,2511.0,5591.006823
1746961200000,2510.88,2535.65,2506.59,2530.76,7982.040857
1746964800000,2530.63,2531.99,2510.06,2515.51,9005.68929
1746968400000,2515.5,2530.0,2465.71,2469.59,19230.742366
1746972000000,2469.6,2494.44,2468.04,2486.4,9495.088974
1746975600000,2486.39,2505.14,2435.0,2462.32,23937.552106
1746979200000,2462.39,2481.05,2440.01,2471.03,18232.869885
1746982800000,2470.81,2495.72,2466.4,2491.59,10179.33965
1746986400000,2491.59,2514.8,2471.96,2504.45,12337.140707
1746990000000,2504.45,2525.24,2501.77,2508.0,12324.591686
1746993600000,2507.99,2512.95,2493.1,2509.91,6324.843021
1746997200000,2509.99,2520.0,2497.22,2517.02,9603.505829
1747000800000,2517.1,2528.8,2483.13,2503.28,14510.22028
1747004400000,2503.33,2515.69,2497.97,2514.67,6473.940758
1747008000000,2514.61,2545.8,2510.68,2531.2,17132.370985
1747011600000,2531.0,2548.7,2490.12,2505.28,13971.13016
1747015200000,2505.37,2535.6,2502.0,2522.68,7756.613381
1747018800000,2522.68,2527.52,2509.48,2520.11,3925.137229
1747022400000,2520.11,2527.7,2507.85,2518.33,5289.252545
1747026000000,2518.33,2521.34,2491.61,2497.65,6513.889771
1747029600000,2497.8,2521.65,2486.44,2517.59,6498.623722
1747033200000,2517.59,2623.76,2517.59,2554.3,86643.709837
1747036800000,2554.48,2585.26,2530.7,2577.19,25867.256815
1747040400000,2577.19,2582.0,2547.5,2550.61,13817.438046
1747044000000,2550.54,2563.62,2540.01,2560.28,9174.071374
1747047600000,2560.29,2567.6,2521.1,2530.31,13051.568955
1747051200000,2530.29,2560.76,2528.95,2549.62,11779.202096
1747054800000,2549.62,2576.5,2543.6,2558.21,24347.72818
1747058400000,2558.24,2570.0,2489.0,2506.09,42530.331045
1747062000000,2506.09,2515.8,2477.01,2487.44,19466.558724
1747065600000,2487.45,2509.09,2471.07,2501.17,15047.550971
1747069200000,2501.2,2512.89,2465.41,2476.99,11517.671689
1747072800000,2477.0,2485.51,2407.09,2435.4,34162.767513
1747076400000,2435.4,2467.99,2428.95,2460.7,19638.770284
1747080000000,2460.49,2495.9,2452.41,2485.71,7067.846062
1747083600000,2485.7,2492.18,2466.86,2479.84,5075.380974
1747087200000,2479.84,2497.7,2474.01,2485.91,5625.114258
1747090800000,2486.0,2500.98,2485.42,2495.34,8400.150167
1747094400000,2495.6,2495.92,2458.51,2463.11,10241.927663
1747098000000,2462.89,2476.1,2439.27,2452.74,11017.364354
1747101600000,2452.61,2460.21,2415.07,2439.05,13714.630141
1747105200000,2439.2,2444.78,2418.01,2424.8,14575.261381
1747108800000,2424.7,2458.66,2419.6,2455.54,9681.376856
1747112400000,2455.59,2463.3,2439.12,2449.87,6336.934066
1747116000000,2449.87,2460.63,2447.02,2453.38,3853.894406
1747119600000,2453.39,2480.3,2452.32,2461.01,9610.31815
1747123200000,2461.1,2471.85,2451.29,2457.37,5940.971983
1747126800000,2457.38,2487.55,2456.71,2484.8,9644.19821
1747130400000,2484.89,2487.88,2471.96,2482.41,10595.366368
1747134000000,2482.4,2525.99,2478.4,2513.72,20851.944519
1747137600000,2513.71,2542.94,2491.61,2524.5,26833.931217
1747141200000,2524.7,2562.0,2518.85,2549.29,22750.57919
1747144800000,2549.4,2556.8,2526.49,2544.41,21026.717647
1747148400000,2544.58,2574.27,2539.13,2565.89,21956.062148
1747152000000,2565.72,2600.91,2560.0,2597.3,31658.071929
1747155600000,2597.58,2621.99,2589.72,2610.28,25524.126418
1747159200000,2610.3,2672.41,2605.45,2669.79,24759.380496
1747162800000,2669.72,2738.83,2653.61,2691.01,47146.263246
1747166400000,2691.0,2696.8,2652.84,2689.48,26544.197496
1747170000000,2689.48,2692.79,2669.41,2690.89,7922.063473
1747173600000,2690.89,2707.73,2675.7,2679.4,9955.226308
1747177200000,2679.58,2686.54,2656.66,2679.56,11085.267777
1747180800000,2679.41,2700.75,2672.42,2695.81,10766.137964
1747184400000,2695.97,2725.22,2665.86,2671.7,21324.442842
1747188000000,2671.7,2672.4,2622.63,2638.21,28759.290201
1747191600000,2638.2,2647.79,2624.4,2646.81,11830.083101
1747195200000,2647.0,2674.25,2636.3,2674.25,9015.540056
1747198800000,2674.27,2687.44,2662.54,2673.0,7011.315646
1747202400000,2673.0,2677.76,2658.67,2673.5,7956.419563
1747206000000,2673.59,2674.1,2639.5,2640.42,14824.205719
1747209600000,2640.43,2645.99,2585.0,2597.45,22471.162141
1747213200000,2597.41,2610.8,2580.0,2608.21,18962.581028
1747216800000,2608.25,2617.47,2589.0,2596.0,9173.49902
1747220400000,2595.81,2635.95,2595.81,2625.47,19775.707388
1747224000000,2625.5,2635.73,2605.0,2613.33,8459.183021
1747227600000,2613.32,2627.33,2577.72,2606.4,16785.474252
1747231200000,2606.21,2606.8,2558.95,2583.82,23314.895927
1747234800000,2583.7,2601.19,2561.0,2597.46,11689.266381
1747238400000,2597.46,2600.11,2578.1,2589.99,9087.864515
1747242000000,2589.82,2592.35,2547.02,2590.55,11413.786492
1747245600000,2590.54,2614.53,2579.53,2613.6,11413.598817
1747249200000,2613.51,2617.33,2598.41,2604.8,5009.802933
1747252800000,2604.78,2610.91,2597.06,2600.28,2701.962339
1747256400000,2600.28,2610.54,2583.44,2606.61,4902.365482
1747260000000,2606.6,2607.9,2586.37,2595.99,3596.567156
1747263600000,2596.0,2614.04,2584.0,2609.7,3933.063324
1747267200000,2609.77,2647.18,2607.01,2632.59,15540.503025
1747270800000,2632.59,2637.49,2566.92,2577.6,16756.54138
1747274400000,2577.21,2597.94,2570.8,2591.08,5312.095792
1747278000000,2591.16,2594.81,2570.67,2574.79,5011.017912
1747281600000,2574.79,2595.44,2572.0,2593.5,4119.694758
1747285200000,2593.41,2596.77,2563.41,2567.96,8324.742223
1747288800000,2567.96,2583.6,2555.29,2574.0,9568.226123
1747292400000,2574.0,2577.4,2516.0,2531.0,26528.989016
1747296000000,2530.9,2566.71,2529.02,2564.11,14335.71043
1747299600000,2564.07,2566.59,2522.46,2539.68,14699.788978
1747303200000,2539.67,2546.09,2517.92,2543.6,10006.074183
1747306800000,2543.7,2565.59,2542.86,2554.8,8881.83935
1747310400000,2554.53,2579.72,2542.68,2553.09,14440.883676
1747314000000,2553.1,2568.8,2503.0,2531.5,15269.890292
1747317600000,2531.41,2541.43,2477.77,2500.61,24255.854122
1747321200000,2500.5,2569.07,2498.51,2564.0,18841.277156
1747324800000,2563.8,2599.46,2554.3,2598.8,18071.751677
1747328400000,2598.94,2604.17,2566.06,2571.51,12733.758625
1747332000000,2571.28,2578.63,2520.64,2524.82,16278.943605
1747335600000,2524.8,2548.3,2511.44,2530.9,6587.466156
1747339200000,2530.99,2544.49,2515.42,2537.21,7598.689384
1747342800000,2537.2,2541.73,2512.24,2535.48,3099.822701
1747346400000,2535.21,2564.73,2532.11,2541.47,5689.508103
1747350000000,2541.47,2550.26,2516.24,2548.8,5253.130948
1747353600000,2548.92,2565.42,2539.14,2544.3,5597.485886
1747357200000,2544.3,2569.14,2534.02,2566.89,5358.403564
1747360800000,2566.9,2583.1,2554.35,2573.49,7807.531802
1747364400000,2573.51,2584.28,2568.28,2581.23,5767.276124
1747368000000,2581.16,2589.4,2563.97,2573.99,4291.504993
1747371600000,2574.0,2596.86,2574.0,2594.4,6900.536786
1747375200000,2594.4,2600.92,2586.81,2597.59,7103.279942
1747378800000,2597.59,2619.64,2583.67,2600.99,17073.518299
1747382400000,2601.0,2604.9,2557.9,2573.2,14359.015231
1747386000000,2573.58,2616.66,2571.7,2610.99,12151.855491
1747389600000,2610.99,2628.53,2605.28,2624.89,10924.502485
1747393200000,2624.9,2648.5,2616.42,2620.59,11812.936433
1747396800000,2620.5,2622.98,2592.16,2598.17,16477.061185
1747400400000,2598.29,2615.95,2593.65,2606.51,8962.660749
1747404000000,2606.64,2607.11,2573.7,2584.8,14665.140103
1747407600000,2584.7,2604.1,2584.7,2595.02,5386.345471
1747411200000,2595.16,2601.96,2570.0,2586.6,10902.944677
1747414800000,2586.6,2595.13,2572.34,2578.5,10091.835748
1747418400000,2578.5,2592.2,2576.0,2586.8,2345.721684
1747422000000,2586.41,2593.81,2577.51,2592.4,3035.403939
1747425600000,2592.4,2592.74,2561.51,2571.07,10591.225694
1747429200000,2571.13,2583.8,2550.0,2567.87,5462.693739
1747432800000,2567.7,2570.17,2530.0,2546.45,17658.029433
1747436400000,2546.13,2558.44,2530.65,2537.29,8884.219155
1747440000000,2537.28,2538.61,2483.34,2501.4,36065.821187
1747443600000,2501.39,2501.9,2458.99,2476.2,18608.916533
1747447200000,2476.21,2502.7,2452.71,2490.8,19683.638688
1747450800000,2490.72,2498.01,2475.12,2497.2,7282.157605
1747454400000,2497.33,2513.29,2491.79,2506.41,6420.706654
1747458000000,2506.4,2509.86,2475.31,2480.5,6381.781274
1747461600000,2480.49,2497.1,2480.26,2493.51,4596.65924
1747465200000,2493.5,2506.66,2481.75,2493.2,8637.074775
1747468800000,2493.2,2496.4,2477.39,2481.59,5979.647268
1747472400000,2481.6,2486.64,2466.0,2478.58,6185.285729
1747476000000,2478.51,2491.91,2475.08,2486.0,3429.596656
1747479600000,2486.01,2489.56,2474.72,2481.86,2847.624695
1747483200000,2481.89,2486.89,2470.32,2472.58,3495.680854
1747486800000,2472.59,2480.73,2446.0,2461.65,16144.32907
1747490400000,2461.6,2486.44,2461.01,2482.52,10261.279518
1747494000000,2482.4,2484.54,2473.22,2474.76,2602.915302
1747497600000,2474.75,2481.0,2448.61,2467.66,11474.835724
1747501200000,2467.67,2480.49,2463.91,2470.78,6442.696557
1747504800000,2470.4,2489.52,2463.38,2467.6,7978.309517
1747508400000,2467.41,2480.47,2461.94,2470.65,1778.54464
1747512000000,2470.46,2496.37,2464.89,2488.99,3868.6679
1747515600000,2489.2,2494.45,2480.01,2486.1,2228.747953
1747519200000,2486.09,2486.6,2453.08,2460.63,4384.419624
1747522800000,2460.52,2478.83,2457.6,2475.51,2913.332722
1747526400000,2475.52,2486.29,2472.35,2483.09,3439.957727
1747530000000,2483.0,2487.79,2473.29,2485.41,2742.162629
1747533600000,2485.36,2488.0,2476.36,2481.47,2682.635919
1747537200000,2481.46,2487.13,2468.47,2477.58,7203.038169
1747540800000,2477.34,2489.35,2477.34,2485.98,3504.250293
1747544400000,2485.99,2515.18,2485.53,2512.4,10557.490107
1747548000000,2512.53,2513.83,2492.88,2497.39,7441.85694
1747551600000,2497.35,2511.88,2494.68,2509.71,7340.670009
1747555200000,2509.71,2529.78,2508.62,2517.6,10770.853451
1747558800000,2517.61,2523.8,2504.01,2508.1,3408.452547
1747562400000,2508.11,2513.7,2497.46,2505.4,3613.908921
1747566000000,2505.4,2513.48,2500.67,2502.07,6672.232572
1747569600000,2501.85,2508.55,2486.92,2508.24,5163.161863
1747573200000,2508.25,2544.82,2504.4,2541.79,11934.107952
1747576800000,2541.98,2569.93,2529.01,2558.39,21599.699116
1747580400000,2558.4,2587.82,2547.71,2579.3,15378.363163
1747584000000,2579.31,2584.5,2553.79,2574.09,27127.259207
1747587600000,2574.12,2576.08,2482.71,2490.0,36935.766985
1747591200000,2489.61,2496.34,2450.71,2463.22,30203.950947
1747594800000,2463.2,2471.96,2403.33,2408.54,22524.651513
1747598400000,2408.31,2408.4,2315.89,2393.96,56456.571347
1747602000000,2394.0,2434.32,2393.22,2407.39,13677.558725
1747605600000,2407.2,2457.24,2375.43,2455.39,18468.419334
1747609200000,2455.3,2511.64,2435.27,2497.99,18137.202706
1747612800000,2498.0,2513.5,2427.02,2443.25,27928.056101
1747616400000,2443.25,2450.79,2413.85,2428.8,12131.527595
1747620000000,2428.81,2435.73,2392.54,2401.48,13151.391162
1747623600000,2401.6,2404.79,2379.6,2385.51,10285.281312
1747627200000,2385.6,2405.0,2352.06,2365.83,15598.340838
1747630800000,2365.83,2386.76,2357.48,2378.41,11372.309506
1747634400000,2378.61,2398.28,2347.74,2353.78,13220.980198
1747638000000,2353.88,2413.37,2351.67,2403.91,17008.472825
1747641600000,2403.91,2423.1,2389.37,2404.65,9050.777431
1747645200000,2404.65,2415.48,2389.97,2405.31,6667.686156
1747648800000,2405.3,2419.1,2393.03,2409.7,5891.623348
1747652400000,2409.71,2422.39,2407.01,2417.46,4355.322077
1747656000000,2417.46,2421.24,2383.86,2400.93,10612.490319
1747659600000,2401.1,2442.75,2394.59,2427.2,14654.89912
1747663200000,2427.19,2454.53,2417.99,2447.19,14577.420125
1747666800000,2447.19,2473.32,2443.24,2466.8,19835.171954
1747670400000,2466.85,2510.53,2450.85,2509.83,21271.219388
1747674000000,2509.83,2547.77,2502.26,2504.98,32489.346331
1747677600000,2504.81,2519.36,2473.0,2489.93,29639.715886
1747681200000,2489.71,2525.25,2479.85,2518.7,17506.662674
1747684800000,2518.7,2534.47,2506.76,2520.3,11689.197713
1747688400000,2520.31,2524.87,2503.0,2522.65,7110.464131
1747692000000,2522.64,2522.64,2492.67,2504.4,11039.774784
1747695600000,2504.12,2533.58,2501.11,2527.8,7255.637233
1747699200000,2528.0,2564.98,2510.92,2515.2,23070.94996
1747702800000,2514.9,2549.8,2510.3,2540.59,13497.434073
1747706400000,2540.6,2587.99,2540.0,2566.68,25317.129031
1747710000000,2566.8,2580.49,2544.06,2553.25,15576.318191
1747713600000,2553.26,2578.08,2544.51,2571.29,7943.637651
1747717200000,2571.37,2576.54,2556.51,2559.29,10438.724074
1747720800000,2559.23,2561.61,2534.4,2544.09,8748.168755
1747724400000,2544.09,2547.05,2520.89,2532.4,19160.871557
1747728000000,2532.22,2539.98,2521.7,2534.35,5609.875204
1747731600000,2534.23,2539.7,2524.57,2526.46,3475.089453
1747735200000,2526.49,2534.13,2506.49,2515.69,13924.297661
1747738800000,2515.8,2519.46,2491.64,2514.15,11932.562867
1747742400000,2514.14,2515.2,2478.0,2484.77,15164.28758
1747746000000,2484.78,2492.5,2464.15,2475.9,15004.407167
1747749600000,2475.99,2490.52,2466.71,2469.13,11244.580272
1747753200000,2469.12,2492.94,2468.12,2482.79,6059.687163
1747756800000,2482.98,2490.8,2469.45,2475.4,5493.721481
1747760400000,2475.3,2509.03,2474.62,2497.62,9887.695595
1747764000000,2497.62,2504.61,2442.0,2452.81,15168.603832
1747767600000,2452.8,2512.0,2447.9,2501.01,9681.772253
1747771200000,2501.2,2524.0,2485.22,2513.68,9812.966377
1747774800000,2513.68,2526.58,2490.41,2510.7,12289.519612
1747778400000,2510.7,2517.84,2488.31,2516.54,6156.228038
1747782000000,2516.6,2541.43,2513.7,2524.3,8808.496571
1747785600000,2524.3,2537.64,2518.67,2529.89,4717.70989
1747789200000,2529.61,2548.6,2526.11,2534.1,7317.502712
1747792800000,2533.93,2540.45,2508.02,2539.29,7163.439411
1747796400000,2539.41,2554.64,2534.66,2545.0,11407.751458
1747800000000,2545.01,2561.59,2534.55,2550.57,9608.33364
1747803600000,2550.51,2600.0,2550.31,2593.4,24533.936247
1747807200000,2593.4,2616.0,2582.0,2597.67,14434.480021
1747810800000,2597.68,2600.81,2543.38,2551.59,21537.832539
1747814400000,2551.6,2563.53,2535.72,2537.86,14200.780782
1747818000000,2537.86,2544.7,2517.5,2523.93,12302.392873
1747821600000,2523.7,2532.52,2515.34,2528.98,6651.698692
1747825200000,2529.19,2556.09,2528.41,2536.9,8912.915496
1747828800000,2536.72,2550.23,2526.3,2539.3,4599.62083
1747832400000,2539.3,2559.88,2521.92,2547.2,16199.253751
1747836000000,2547.27,2581.57,2532.2,2580.81,19109.733244
1747839600000,2580.8,2582.57,2543.24,2567.29,33055.955968
1747843200000,2567.2,2615.35,2555.0,2586.88,28353.123355
1747846800000,2586.32,2595.89,2452.03,2473.11,79892.265798
1747850400000,2473.11,2497.28,2459.09,2475.01,20608.501472
1747854000000,2475.01,2517.7,2463.71,2512.8,11777.255123
1747857600000,2512.41,2512.79,2485.62,2508.58,5766.687217
1747861200000,2508.78,2521.14,2498.26,2504.6,4311.052884
1747864800000,2504.41,2542.39,2500.41,2535.96,7744.974661
1747868400000,2535.95,2598.48,2525.0,2550.9,27562.354268
1747872000000,2551.0,2588.0,2544.53,2586.19,15883.058557
1747875600000,2586.3,2603.28,2561.86,2574.43,24715.017845
1747879200000,2574.42,2602.79,2574.03,2594.21,11593.853333
1747882800000,2594.21,2647.99,2585.21,2629.4,29609.29649
1747886400000,2629.4,2638.4,2614.0,2628.3,12343.847327
1747890000000,2628.08,2647.4,2606.16,2609.49,13324.052078
1747893600000,2609.5,2623.52,2602.1,2609.47,10038.921888
1747897200000,2609.47,2638.41,2604.33,2634.99,17438.70651
1747900800000,2634.99,2680.98,2627.06,2663.14,24337.899578
1747904400000,2663.2,2692.67,2659.51,2664.99,18244.788498
1747908000000,2665.0,2678.99,2651.17,2656.42,9875.836987
1747911600000,2656.33,2664.23,2633.28,2651.16,12661.600222
1747915200000,2651.1,2663.05,2639.25,2657.72,7782.406754
1747918800000,2657.73,2660.65,2622.44,2643.95,15613.076262
1747922400000,2643.96,2676.26,2643.96,2666.6,13876.731128
1747926000000,2666.64,2679.99,2658.95,2664.4,12662.113237
1747929600000,2664.52,2676.59,2635.89,2646.0,11968.012136
1747933200000,2646.0,2674.57,2642.81,2659.23,7855.438286
1747936800000,2659.23,2670.78,2647.82,2659.01,3088.956192
1747940400000,2659.0,2661.89,2626.3,2634.95,6745.990639
1747944000000,2634.98,2649.69,2630.01,2641.2,5538.539811
1747947600000,2641.01,2643.3,2628.08,2636.0,2417.145656
1747951200000,2636.1,2652.59,2633.11,2635.81,4571.542777
1747954800000,2635.81,2666.08,2635.81,2665.1,5243.147878
1747958400000,2665.2,2679.36,2645.23,2662.6,10240.170457
1747962000000,2662.59,2694.0,2650.97,2675.61,11952.119351
1747965600000,2675.89,2734.36,2672.25,2705.1,39051.309117
1747969200000,2705.2,2731.33,2700.5,2722.13,25309.120802
1747972800000,2722.29,2726.53,2677.7,2697.75,16797.084263
1747976400000,2697.69,2706.75,2679.59,2696.79,7257.715212
1747980000000,2696.69,2697.5,2651.56,2657.14,19795.25554
1747983600000,2657.11,2673.06,2651.37,2655.72,7625.799001
1747987200000,2655.73,2676.01,2653.8,2669.57,6120.307507
1747990800000,2669.57,2688.85,2665.11,2682.8,9315.07112
1747994400000,2683.0,2683.4,2657.26,2671.74,7328.635914
1747998000000,2671.73,2672.29,2550.0,2566.75,61474.411572
1748001600000,2566.77,2569.84,2497.27,2548.81,61250.804795
1748005200000,2548.82,2584.48,2537.5,2582.41,23401.249697
1748008800000,2582.41,2592.23,2571.89,2574.39,10875.746059
1748012400000,2574.4,2582.62,2565.53,2568.58,8768.286077
1748016000000,2568.63,2576.08,2544.75,2567.23,16215.218739
1748019600000,2567.48,2587.33,2566.02,2577.2,6417.314853
1748023200000,2577.21,2581.8,2553.24,2559.7,7760.474742
1748026800000,2559.7,2575.39,2556.28,2560.76,4072.471952
1748030400000,2560.65,2562.49,2526.88,2543.08,6344.841325
1748034000000,2543.19,2553.4,2527.38,2534.73,5108.150159
1748037600000,2534.74,2559.3,2530.11,2538.72,6702.690767
1748041200000,2538.71,2542.67,2503.25,2526.6,11930.933103
1748044800000,2526.59,2545.0,2515.46,2515.79,6683.60126
1748048400000,2515.61,2535.66,2515.5,2524.58,4108.339971
1748052000000,2524.42,2544.99,2518.75,2540.8,3311.146755
1748055600000,2540.79,2556.5,2537.69,2549.94,3879.958695
1748059200000,2549.99,2563.59,2545.63,2559.53,4672.390082
1748062800000,2559.54,2560.69,2542.86,2551.2,3485.275839
1748066400000,2551.1,2555.81,2535.58,2547.6,2704.187756
1748070000000,2547.6,2560.9,2545.0,2547.26,8048.734098
1748073600000,2547.26,2558.68,2545.21,2556.98,3744.770412
1748077200000,2556.98,2560.62,2550.57,2552.72,2512.939595
1748080800000,2552.8,2575.99,2552.41,2570.26,5592.4139
1748084400000,2570.13,2575.74,2562.09,2563.51,4104.337914
1748088000000,2563.52,2565.7,2547.53,2559.31,5479.120564
1748091600000,2559.31,2562.65,2543.6,2546.35,4357.715928
1748095200000,2546.3,2561.39,2543.39,2558.42,4045.106133
1748098800000,2558.59,2564.69,2549.57,2555.57,3015.109199
1748102400000,2555.58,2562.2,2542.82,2557.4,2586.88137
1748106000000,2557.4,2564.48,2555.24,2557.61,1929.057345
1748109600000,2557.6,2567.29,2544.24,2549.33,2317.920623
1748113200000,2549.3,2555.54,2546.41,2554.49,2059.217727
1748116800000,2554.49,2556.66,2549.6,2552.37,818.406249
1748120400000,2552.4,2552.9,2519.45,2540.26,6742.479021
1748124000000,2540.26,2540.5,2521.6,2525.38,2491.989508
1748127600000,2525.47,2535.0,2517.24,2530.42,6365.428612
1748131200000,2530.5,2539.43,2476.0,2487.0,20966.151827
1748134800000,2487.0,2504.33,2479.41,2495.94,8317.601374
1748138400000,2496.0,2510.99,2486.32,2508.4,5019.570055
1748142000000,2508.29,2520.97,2507.15,2513.07,5520.080161
1748145600000,2513.07,2519.01,2505.83,2517.49,2618.987327
1748149200000,2517.48,2518.77,2507.5,2512.92,2155.253905
1748152800000,2512.93,2513.63,2501.95,2507.61,4151.999061
1748156400000,2507.61,2507.61,2487.14,2494.6,8288.815862
1748160000000,2494.69,2494.82,2461.14,2477.84,10283.003307
1748163600000,2478.0,2495.95,2472.49,2495.74,6709.230273
1748167200000,2495.71,2502.43,2488.28,2492.22,5593.466969
1748170800000,2492.22,2499.9,2488.41,2497.62,3023.817162
1748174400000,2497.62,2518.0,2494.82,2516.8,5922.202951
1748178000000,2516.8,2525.0,2511.09,2513.21,3779.364205
1748181600000,2513.21,2518.0,2497.66,2506.0,3731.19405
1748185200000,2506.0,2515.43,2479.06,2511.6,6997.147048
1748188800000,2511.55,2513.58,2496.11,2511.69,3717.85098
1748192400000,2511.7,2516.99,2508.21,2513.99,1924.45144
1748196000000,2513.69,2523.3,2511.11,2516.12,2038.889117
1748199600000,2516.12,2535.74,2514.81,2526.63,3519.343088
1748203200000,2526.58,2529.19,2511.51,2523.95,2444.360465
1748206800000,2523.91,2531.61,2507.38,2515.31,2312.076639
1748210400000,2515.4,2554.88,2512.7,2549.51,13044.780085
1748214000000,2549.41,2554.18,2535.11,2551.2,4274.042769
1748217600000,2551.39,2574.54,2536.33,2571.79,8119.558369
1748221200000,2571.72,2577.02,2555.11,2558.98,5534.058378
1748224800000,2558.98,2564.19,2547.51,2552.9,5346.321972
1748228400000,2552.89,2566.66,2548.73,2560.0,3273.944922
1748232000000,2560.17,2569.89,2557.51,2564.2,4051.615181
1748235600000,2564.21,2575.29,2561.23,2568.01,4009.693093
1748239200000,2568.02,2585.7,2565.0,2582.53,5497.456854
1748242800000,2582.51,2600.0,2577.0,2580.69,11998.088617
1748246400000,2580.69,2582.78,2564.55,2568.05,6651.926779
1748250000000,2568.17,2574.51,2554.44,2563.08,5951.700549
1748253600000,2563.09,2569.3,2554.43,2559.33,2287.01289
1748257200000,2559.4,2568.4,2555.55,2567.92,2467.439875
1748260800000,2567.73,2574.49,2559.91,2568.21,2547.53964
1748264400000,2568.21,2571.59,2537.49,2551.2,10170.550172
1748268000000,2551.2,2556.24,2542.27,2550.5,5095.513564
1748271600000,2550.5,2571.07,2545.29,2565.8,5243.559331
1748275200000,2565.86,2573.43,2534.76,2542.82,8246.642114
1748278800000,2542.8,2549.11,2525.24,2533.7,6443.198216
1748282400000,2533.74,2546.36,2528.0,2534.88,1991.473152
1748286000000,2535.0,2544.43,2532.31,2541.15,1637.420407
1748289600000,2541.15,2568.5,2536.5,2566.61,9999.993913
1748293200000,2566.61,2568.57,2555.67,2562.6,5371.268538
1748296800000,2562.8,2585.0,2557.17,2559.69,5408.731011
1748300400000,2559.65,2564.99,2553.38,2563.81,2359.688378
1748304000000,2563.81,2573.98,2549.09,2551.05,3629.403427
1748307600000,2551.05,2551.05,2509.3,2529.97,14430.018321
1748311200000,2529.99,2545.1,2528.02,2535.55,8665.612817
1748314800000,2535.5,2565.27,2535.31,2549.09,7208.417065
1748318400000,2549.1,2568.71,2548.89,2559.01,3611.52952
1748322000000,2559.01,2573.0,2550.3,2569.71,3650.585522
1748325600000,2569.79,2610.81,2564.36,2569.7,30304.782181
1748329200000,2569.8,2618.96,2569.8,2607.4,12864.455853
1748332800000,2607.5,2642.52,2607.4,2634.99,26425.967669
1748336400000,2635.0,2648.63,2621.55,2638.07,13089.11946
1748340000000,2638.07,2642.0,2630.81,2638.36,6966.391581
1748343600000,2638.36,2654.67,2626.82,2652.01,10202.909057
1748347200000,2652.0,2653.9,2634.28,2648.0,15436.112999
1748350800000,2648.01,2684.81,2644.0,2655.4,26150.640295
1748354400000,2655.4,2671.78,2633.1,2661.21,23648.230281
1748358000000,2661.21,2670.65,2653.53,2668.59,9588.953669
1748361600000,2668.41,2684.01,2657.89,2670.3,11213.255105
1748365200000,2670.11,2712.0,2670.04,2695.68,23296.988478
1748368800000,2695.67,2708.19,2675.41,2680.06,12135.31265
1748372400000,2680.06,2689.02,2671.49,2687.91,7742.948228
1748376000000,2687.83,2694.33,2664.3,2668.4,7833.282216
1748379600000,2668.41,2677.5,2658.06,2662.8,5860.902304
1748383200000,2662.89,2669.53,2652.54,2660.04,9559.153655
1748386800000,2660.04,2664.95,2652.32,2661.03,5168.913503
1748390400000,2660.91,2661.96,2640.25,2658.31,6799.731917
1748394000000,2658.4,2659.82,2631.01,2634.51,6044.717124
1748397600000,2634.49,2642.16,2618.0,2638.27,12083.260968
1748401200000,2638.28,2650.12,2633.12,2645.41,5196.880409
1748404800000,2645.41,2652.49,2634.0,2646.39,9685.801717
1748408400000,2646.29,2647.0,2635.0,2639.6,3609.825908
1748412000000,2639.61,2639.61,2623.82,2627.88,5618.792378
1748415600000,2627.89,2642.95,2624.41,2636.39,3186.808093
1748419200000,2636.39,2645.59,2628.35,2643.0,3553.185839
1748422800000,2642.99,2643.67,2622.2,2626.79,6410.016287
1748426400000,2626.8,2643.12,2608.52,2640.5,14585.542722
1748430000000,2640.51,2659.33,2640.32,2657.16,5928.906673
1748433600000,2657.17,2681.19,2652.69,2667.01,8440.259352
1748437200000,2667.04,2689.81,2654.32,2657.25,13321.077113
1748440800000,2657.2,2660.4,2620.44,2628.18,25409.396312
1748444400000,2628.18,2641.0,2613.39,2627.33,13575.653177
1748448000000,2627.53,2643.59,2626.53,2640.83,8163.112245
1748451600000,2640.83,2664.44,2640.83,2653.16,7488.261364
1748455200000,2653.07,2658.21,2633.47,2636.41,5326.616278
1748458800000,2636.53,2655.7,2616.5,2617.84,7963.633244
1748462400000,2618.0,2635.59,2611.52,2634.46,6644.077712
1748466000000,2634.61,2660.0,2630.9,2652.1,4382.013231
1748469600000,2652.1,2653.19,2637.83,2648.86,3458.748987
1748473200000,2648.86,2686.46,2648.6,2681.51,16922.497806
1748476800000,2681.51,2721.74,2670.0,2721.74,21631.873375
1748480400000,2721.74,2722.74,2697.51,2711.76,17218.108443
1748484000000,2711.77,2788.88,2705.91,2770.74,39712.597362
1748487600000,2770.74,2773.88,2746.96,2762.7,22831.716662
1748491200000,2762.65,2766.65,2702.63,2728.09,32021.623741
1748494800000,2728.1,2737.73,2716.94,2723.06,12570.992635
1748498400000,2723.05,2732.25,2716.67,2727.96,6251.985687
1748502000000,2727.95,2736.94,2717.0,2731.37,8532.301096
1748505600000,2731.38,2732.67,2711.58,2723.18,14930.283969
1748509200000,2723.09,2739.99,2716.56,2736.39,6337.782503
1748512800000,2736.39,2744.8,2724.8,2730.8,5967.391384
1748516400000,2730.9,2731.78,2707.34,2716.02,7255.582879
1748520000000,2716.02,2718.99,2675.63,2693.45,24105.677552
1748523600000,2693.29,2699.75,2653.85,2660.73,18495.213629
1748527200000,2660.5,2676.02,2621.97,2672.4,24310.320093
1748530800000,2672.4,2674.77,2639.0,2643.79,7737.926529
1748534400000,2643.61,2660.26,2630.54,2640.03,11515.000248
1748538000000,2640.01,2670.25,2638.0,2659.6,18355.915077
1748541600000,2659.77,2673.75,2645.62,2650.27,12845.782394
1748545200000,2650.28,2657.65,2629.0,2649.8,15854.076107
1748548800000,2649.7,2662.04,2640.57,2644.1,7143.101845
1748552400000,2644.1,2662.86,2643.58,2660.71,3287.477131
1748556000000,2660.71,2668.91,2644.6,2645.21,5310.465383
1748559600000,2645.21,2649.32,2618.0,2631.41,9322.396923
1748563200000,2631.37,2645.45,2557.65,2573.63,30864.222695
1748566800000,2573.69,2609.0,2568.59,2598.31,16313.114179
1748570400000,2598.31,2634.46,2597.69,2629.99,10491.417494
1748574000000,2629.99,2642.42,2625.75,2631.06,5801.808685
1748577600000,2631.06,2638.02,2620.81,2635.3,3707.276455
1748581200000,2635.28,2649.99,2629.89,2643.88,4669.346163
1748584800000,2643.88,2645.0,2606.0,2620.38,9104.214473
1748588400000,2620.38,2643.28,2615.03,2618.8,11224.454075
1748592000000,2618.8,2626.91,2607.27,2617.38,6265.687699
1748595600000,2617.39,2623.98,2588.55,2615.16,11382.545476
1748599200000,2615.14,2623.52,2603.01,2622.19,4742.111265
1748602800000,2622.2,2628.26,2615.0,2621.99,4193.5726
1748606400000,2622.0,2626.37,2578.52,2610.25,14127.80133
1748610000000,2610.25,2618.35,2572.88,2576.75,10620.347684
1748613600000,2577.0,2604.38,2577.0,2595.91,10227.598062
1748617200000,2595.62,2616.88,2595.01,2598.09,5369.617314
1748620800000,2598.2,2604.12,2532.83,2540.79,33031.39167
1748624400000,2540.8,2559.89,2539.25,2549.69,6490.100307
1748628000000,2549.7,2578.96,2547.99,2578.2,8023.056788
1748631600000,2578.17,2585.53,2572.39,2574.39,4476.97399
1748635200000,2574.19,2589.66,2565.62,2577.73,3249.274515
1748638800000,2577.6,2586.1,2560.84,2569.01,3212.926371
1748642400000,2569.14,2573.06,2523.43,2526.4,11059.920874
1748646000000,2526.57,2536.48,2507.09,2531.16,20571.843095
1748649600000,2531.17,2540.0,2503.03,2520.0,10951.497319
1748653200000,2520.0,2527.99,2475.63,2493.14,23280.293442
1748656800000,2493.0,2516.7,2485.41,2490.4,11994.355507
1748660400000,2490.34,2516.85,2485.27,2513.64,7251.505675
1748664000000,2513.73,2526.3,2504.13,2522.39,3948.975698
1748667600000,2522.4,2526.64,2511.32,2512.03,3410.317674
1748671200000,2512.03,2526.38,2511.64,2521.47,2485.094698
1748674800000,2521.46,2526.36,2514.8,2521.43,5118.973642
1748678400000,2521.42,2530.34,2516.0,2524.47,2884.171558
1748682000000,2524.48,2529.6,2517.25,2523.43,2353.221632
1748685600000,2523.44,2538.48,2508.12,2520.01,5688.918977
1748689200000,2520.02,2521.94,2509.82,2519.61,2181.545417
1748692800000,2519.61,2538.0,2516.37,2537.6,4042.386393
1748696400000,2537.6,2547.69,2525.74,2532.96,8161.651962
1748700000000,2532.84,2544.56,2531.24,2542.64,5644.680498
1748703600000,2542.63,2550.58,2532.29,2536.43,7146.170913
1748707200000,2536.43,2547.83,2533.02,2540.58,6267.633803
1748710800000,2540.77,2541.22,2523.29,2527.59,3844.476698
1748714400000,2527.59,2542.74,2526.01,2539.87,2081.672598
1748718000000,2539.88,2543.3,2536.3,2537.39,1454.478524
1748721600000,2537.4,2542.68,2531.65,2541.74,1523.623991
1748725200000,2542.0,2550.92,2539.27,2543.23,4167.221878
1748728800000,2543.36,2545.25,2530.66,2530.88,1955.789328
1748732400000,2530.88,2548.42,2524.0,2528.31,4625.95831
1748736000000,2528.32,2528.99,2515.12,2526.02,5233.903749
1748739600000,2526.06,2530.44,2492.26,2507.6,11910.453351
1748743200000,2507.59,2513.79,2494.0,2507.28,4606.514515
1748746800000,2507.29,2518.77,2491.51,2513.36,5330.22909
1748750400000,2513.35,2527.2,2511.62,2522.24,2940.220824
1748754000000,2522.25,2527.42,2515.71,2518.58,2197.785937
1748757600000,2518.58,2519.19,2508.87,2512.48,1886.748248
1748761200000,2512.47,2515.56,2506.02,2509.19,2385.401778
1748764800000,2509.18,2510.95,2499.19,2505.95,3420.141077
1748768400000,2505.94,2510.95,2477.96,2492.41,11223.261255
1748772000000,2492.41,2497.1,2487.0,2493.89,5528.563327
1748775600000,2493.89,2503.0,2491.55,2497.59,2326.891254
1748779200000,2497.6,2501.68,2467.75,2484.47,7206.101927
1748782800000,2484.46,2498.84,2480.71,2493.92,4133.421092
1748786400000,2493.93,2518.95,2493.93,2509.76,6748.941934
1748790000000,2509.75,2525.16,2503.85,2523.15,4215.6152
1748793600000,2523.14,2547.83,2520.97,2538.74,10794.429578
1748797200000,2538.74,2546.82,2532.87,2538.79,4203.671816
1748800800000,2538.79,2539.11,2493.33,2520.22,13715.106958
1748804400000,2520.25,2527.27,2511.61,2526.28,5685.895502
1748808000000,2526.26,2536.99,2519.38,2525.74,4239.483158
1748811600000,2525.73,2541.09,2524.52,2539.44,4329.641832
1748815200000,2539.31,2547.71,2532.32,2535.04,6731.420415
1748818800000,2535.03,2545.4,2533.33,2539.27,5291.745895
1748822400000,2539.27,2540.8,2526.78,2534.37,4332.092788
1748826000000,2534.37,2541.87,2525.12,2526.28,4226.168461
1748829600000,2526.28,2527.7,2507.71,2508.8,4147.537413
1748833200000,2508.8,2510.43,2485.5,2496.53,8272.689383
1748836800000,2496.53,2502.31,2487.71,2492.57,3727.005403
1748840400000,2492.7,2497.6,2483.56,2492.99,3325.567399
1748844000000,2493.0,2500.94,2484.71,2494.82,6973.185092
1748847600000,2494.82,2514.44,2494.66,2506.69,5630.053161
1748851200000,2506.69,2515.99,2490.01,2494.3,4540.383285
1748854800000,2494.38,2494.91,2475.0,2481.81,8901.184888
1748858400000,2481.8,2490.0,2476.57,2482.39,9117.476604
1748862000000,2482.4,2488.96,2475.82,2481.22,3621.697094
1748865600000,2481.23,2498.65,2478.12,2498.15,4821.995877
1748869200000,2498.16,2519.86,2488.0,2504.8,7880.571061
1748872800000,2504.99,2541.1,2495.73,2531.67,16813.2278
1748876400000,2531.65,2556.8,2523.32,2544.0,12802.492084
1748880000000,2544.09,2554.01,2529.71,2546.7,5356.136267
1748883600000,2546.7,2553.0,2538.35,2549.84,4173.740571
1748887200000,2549.85,2565.42,2538.18,2544.68,10059.939436
1748890800000,2544.49,2549.35,2524.8,2532.45,4934.834721
1748894400000,2532.61,2548.39,2532.15,2539.96,5042.688273
1748898000000,2539.92,2561.26,2539.92,2560.19,5441.89554
1748901600000,2560.19,2585.46,2560.01,2584.48,9843.230642
1748905200000,2584.5,2615.35,2582.54,2607.58,21255.415399
1748908800000,2607.59,2626.96,2602.0,2622.23,13796.547076
1748912400000,2622.22,2649.98,2617.0,2646.06,14656.775427
1748916000000,2646.07,2649.26,2613.44,2616.0,14205.915758
1748919600000,2616.01,2620.0,2589.26,2603.41,17122.115283
1748923200000,2603.47,2605.19,2590.33,2592.37,4128.769499
1748926800000,2592.37,2617.94,2592.32,2614.87,6292.879963
1748930400000,2614.92,2618.95,2605.0,2618.69,3941.399332
1748934000000,2618.69,2620.69,2607.74,2609.94,4782.687793
1748937600000,2609.95,2611.44,2594.5,2607.42,6374.918008
1748941200000,2607.42,2619.26,2601.25,2614.12,3984.9228
1748944800000,2614.13,2620.49,2610.0,2611.5,3162.359548
1748948400000,2611.57,2616.8,2600.76,2602.0,2501.644097
1748952000000,2601.97,2613.59,2598.11,2609.96,3156.957505
1748955600000,2609.98,2632.69,2606.84,2626.64,12795.700152
1748959200000,2626.59,2656.29,2613.54,2648.42,13956.942868
1748962800000,2648.41,2651.61,2616.57,2623.6,11493.95961
1748966400000,2623.6,2625.3,2603.64,2605.36,5684.772758
1748970000000,2605.36,2627.41,2603.18,2619.13,4509.645363
1748973600000,2619.2,2620.52,2607.2,2618.41,2910.969502
1748977200000,2618.4,2628.48,2615.0,2625.2,4199.252432
1748980800000,2625.22,2625.53,2593.93,2614.8,6472.641113
1748984400000,2615.02,2616.82,2575.19,2589.31,9911.514987
1748988000000,2589.6,2610.24,2586.42,2604.59,2898.064936
1748991600000,2604.6,2605.0,2586.6,2593.24,2758.479768
1748995200000,2593.43,2603.12,2583.69,2599.0,2962.718188
1748998800000,2599.0,2622.46,2598.63,2612.37,7166.762577
1749002400000,2612.38,2620.78,2610.17,2612.19,2672.565714
1749006000000,2612.2,2641.71,2609.76,2627.97,11995.717256
1749009600000,2627.98,2638.19,2623.0,2637.22,4094.587901
1749013200000,2637.22,2644.84,2619.15,2624.8,5916.708033
1749016800000,2624.81,2634.5,2621.5,2629.6,2393.59961
1749020400000,2629.74,2634.15,2622.49,2627.75,8599.816323
1749024000000,2627.76,2646.6,2627.76,2640.77,8041.112531
1749027600000,2640.8,2648.01,2631.35,2643.48,6058.224016
1749031200000,2643.47,2650.38,2635.19,2638.26,5767.09778
1749034800000,2638.25,2644.96,2624.03,2624.83,6184.606226
1749038400000,2625.0,2638.73,2615.0,2616.9,7773.72562
1749042000000,2616.91,2629.28,2607.3,2615.1,8115.783296
1749045600000,2615.18,2642.0,2594.37,2640.05,18643.060147
1749049200000,2640.04,2679.73,2633.71,2667.94,25897.147604
1749052800000,2667.95,2669.37,2649.17,2659.94,10226.389229
1749056400000,2659.93,2660.0,2631.65,2635.35,6768.346891
1749060000000,2635.35,2642.31,2625.67,2628.81,3600.787266
1749063600000,2629.04,2633.29,2622.16,2623.56,4225.300943
1749067200000,2623.56,2625.23,2599.17,2605.71,13280.626844
1749070800000,2605.78,2623.95,2599.46,2619.06,5025.235462
1749074400000,2619.06,2621.46,2604.32,2605.67,2653.922327
1749078000000,2605.68,2616.8,2600.0,2608.18,8709.124654
1749081600000,2608.0,2614.98,2601.68,2611.97,4472.141921
1749085200000,2611.82,2616.41,2604.64,2608.8,3239.450222
1749088800000,2608.8,2628.68,2608.8,2619.97,6340.952111
1749092400000,2619.98,2632.53,2617.22,2625.03,4320.027951
1749096000000,2625.04,2634.66,2621.54,2630.51,3483.780431
1749099600000,2630.52,2631.53,2608.4,2613.26,4027.428245
1749103200000,2613.21,2618.25,2602.42,2604.7,6608.458009
1749106800000,2604.7,2615.34,2601.27,2604.45,5343.565617
1749110400000,2604.45,2610.96,2598.0,2605.47,4814.907873
1749114000000,2605.47,2611.0,2602.08,2609.99,3482.961625
1749117600000,2609.78,2613.84,2580.21,2596.61,11289.844138
1749121200000,2596.62,2609.9,2593.3,2607.8,5073.33952
1749124800000,2607.8,2641.05,2605.5,2631.79,11391.304198
1749128400000,2631.8,2635.88,2580.22,2590.01,15991.571824
1749132000000,2590.0,2616.23,2562.63,2588.01,29243.845945
1749135600000,2588.17,2602.3,2582.01,2589.69,10173.791399
1749139200000,2589.76,2591.78,2552.47,2558.94,20867.327217
1749142800000,2559.19,2577.4,2558.55,2569.92,7841.494094
1749146400000,2569.87,2583.99,2553.96,2576.0,6379.97591
1749150000000,2575.99,2578.19,2505.4,2528.79,30447.392783
1749153600000,2529.08,2535.29,2393.93,2398.85,71668.420601
1749157200000,2398.86,2449.19,2391.59,2437.48,29788.672453
1749160800000,2437.7,2437.7,2409.78,2430.27,12946.888727
1749164400000,2430.27,2436.3,2411.39,2414.16,15519.301515
1749168000000,2414.39,2428.22,2382.0,2426.52,20831.352162
1749171600000,2426.34,2429.19,2416.66,2421.61,7201.032033
1749175200000,2421.67,2436.59,2402.43,2435.2,9904.031739
1749178800000,2435.2,2457.71,2427.92,2455.69,10088.233202
1749182400000,2455.69,2463.71,2447.01,2458.45,14760.991116
1749186000000,2458.45,2465.17,2446.0,2459.8,14457.62892
1749189600000,2459.79,2468.8,2449.68,2457.74,8383.439959
1749193200000,2457.75,2467.35,2450.9,2455.67,11655.327397
1749196800000,2455.66,2466.16,2454.02,2461.17,5324.357991
1749200400000,2461.11,2482.2,2459.69,2468.5,9777.897341
1749204000000,2468.56,2487.11,2468.1,2481.6,5535.27242
1749207600000,2481.53,2493.52,2472.34,2476.05,8437.332521
1749211200000,2476.2,2500.0,2466.0,2475.49,14376.517133
1749214800000,2475.49,2519.89,2475.44,2503.01,15272.841298
1749218400000,2503.01,2524.6,2494.57,2518.81,10737.822846
1749222000000,2518.81,2530.41,2495.7,2509.3,10508.189501
1749225600000,2509.39,2518.33,2491.51,2497.18,6605.369232
1749229200000,2497.09,2501.78,2483.34,2499.73,6669.691177
1749232800000,2499.73,2504.12,2488.4,2494.89,2260.84052
1749236400000,2494.88,2502.48,2483.72,2484.05,3850.446709
1749240000000,2484.27,2507.15,2481.83,2499.61,2957.679652
1749243600000,2499.71,2499.91,2487.32,2491.94,2492.297644
1749247200000,2491.94,2493.63,2477.16,2482.67,4056.783937
1749250800000,2482.67,2483.26,2472.7,2476.43,3329.995671
1749254400000,2476.43,2482.8,2457.15,2481.0,7533.762058
1749258000000,2480.99,2481.59,2466.6,2471.36,3050.07222
1749261600000,2471.36,2482.37,2468.36,2480.15,3140.156718
1749265200000,2480.16,2493.64,2477.75,2489.07,7050.076626
1749268800000,2489.22,2490.44,2479.81,2490.02,2677.077799
1749272400000,2490.02,2496.33,2485.38,2493.81,4778.116569
1749276000000,2493.81,2501.7,2484.0,2501.65,5489.448577
1749279600000,2501.65,2501.87,2486.99,2491.43,5497.484832
1749283200000,2491.43,2492.56,2481.99,2484.0,2181.715552
1749286800000,2484.0,2490.58,2483.25,2485.98,1092.364974
1749290400000,2486.05,2496.86,2484.59,2495.08,2314.529352
1749294000000,2495.2,2501.42,2492.78,2495.65,3297.134871
1749297600000,2495.65,2507.49,2493.26,2497.87,3182.172032
1749301200000,2497.94,2514.37,2492.59,2507.1,5928.051701
1749304800000,2507.11,2518.2,2504.83,2515.61,3549.741201
1749308400000,2515.62,2523.77,2512.65,2519.39,5686.157554
1749312000000,2519.38,2525.5,2507.44,2509.72,5902.301959
1749315600000,2509.54,2513.3,2506.36,2507.82,1496.380158
1749319200000,2507.81,2523.36,2507.03,2516.7,2604.581016
1749322800000,2516.78,2523.97,2516.26,2516.83,2045.514155
1749326400000,2516.83,2525.4,2516.83,2521.79,1698.870677
1749330000000,2521.8,2523.43,2518.22,2522.09,1883.896421
1749333600000,2522.09,2545.0,2519.51,2535.43,9128.518511
1749337200000,2535.44,2536.0,2522.22,2524.73,2927.477994
1749340800000,2524.73,2526.11,2514.61,2517.68,4191.68968
1749344400000,2517.69,2521.89,2511.11,2519.0,3558.270119
1749348000000,2518.94,2519.25,2511.79,2512.18,1777.266094
1749351600000,2512.19,2514.8,2508.0,2511.7,2589.756935
1749355200000,2511.71,2519.97,2508.42,2516.23,3541.485424
1749358800000,2516.24,2516.79,2508.89,2511.72,1727.757204
1749362400000,2511.73,2517.49,2511.1,2512.82,1255.8931
1749366000000,2512.82,2516.34,2511.0,2514.59,1841.34161
1749369600000,2514.59,2520.82,2514.34,2516.52,2090.608337
1749373200000,2516.48,2517.2,2488.79,2497.56,11302.176394
1749376800000,2497.56,2504.4,2492.0,2503.31,4220.493254
1749380400000,2503.3,2516.94,2502.9,2513.51,5042.013387
1749384000000,2513.51,2514.73,2500.02,2507.65,4589.95393
1749387600000,2507.66,2527.58,2505.77,2509.17,4832.935124
1749391200000,2509.17,2516.59,2503.55,2514.27,5334.008694
1749394800000,2514.27,2521.65,2511.62,2514.42,2223.803641
1749398400000,2514.47,2529.66,2512.25,2527.7,4210.463359
1749402000000,2527.63,2534.88,2522.2,2522.94,3225.827034
1749405600000,2522.89,2532.93,2518.54,2531.99,3274.819994
1749409200000,2531.97,2540.52,2529.01,2532.41,2840.670161
1749412800000,2532.42,2537.72,2529.14,2531.03,2057.423812
1749416400000,2531.03,2549.48,2531.03,2538.32,4097.214586
1749420000000,2538.32,2540.27,2500.6,2508.06,14930.619258
1749423600000,2508.06,2513.99,2500.9,2509.67,3950.211903
1749427200000,2509.67,2512.03,2494.55,2505.46,6825.983801
1749430800000,2505.48,2505.56,2491.45,2495.26,3941.41559
1749434400000,2495.22,2504.78,2490.0,2492.87,3988.675421
1749438000000,2492.87,2498.21,2482.22,2497.03,8623.948501
1749441600000,2496.98,2497.16,2484.31,2485.56,3373.246663
1749445200000,2485.67,2492.04,2477.83,2480.77,5650.449993
1749448800000,2480.77,2493.89,2477.89,2493.33,4377.769809
1749452400000,2493.31,2493.31,2483.47,2491.83,2898.672029
1749456000000,2491.92,2497.3,2484.24,2495.2,5362.545427
1749459600000,2495.2,2522.3,2490.76,2509.14,12290.350162
1749463200000,2509.19,2540.61,2508.49,2534.76,19448.701583
1749466800000,2534.76,2547.36,2529.24,2541.8,17103.520796
1749470400000,2541.98,2548.6,2534.45,2545.2,5655.926669
1749474000000,2545.18,2546.29,2509.09,2517.09,10882.443486
1749477600000,2516.93,2539.9,2514.07,2530.81,8759.958411
1749481200000,2530.96,2543.27,2529.63,2533.99,4678.721298
1749484800000,2533.99,2573.1,2533.99,2558.0,16684.301116
1749488400000,2558.0,2576.79,2555.41,2571.56,10258.289784
1749492000000,2571.54,2585.78,2568.0,2584.12,7935.428074
1749495600000,2584.12,2589.97,2572.99,2580.39,7054.280285
1749499200000,2580.39,2594.11,2575.8,2589.31,3617.721933
1749502800000,2589.32,2650.0,2589.32,2643.59,32541.61994
1749506400000,2643.6,2669.47,2641.75,2665.95,23817.715497
1749510000000,2665.96,2694.57,2657.93,2680.24,21334.650239
1749513600000,2680.24,2727.9,2677.98,2698.9,27250.454716
1749517200000,2698.9,2714.99,2696.5,2708.02,9961.721234
1749520800000,2708.02,2709.67,2677.87,2692.39,15321.801476
1749524400000,2692.39,2693.92,2675.0,2688.99,8790.742082
1749528000000,2689.0,2691.98,2685.22,2689.4,3147.524831
1749531600000,2689.33,2699.99,2664.73,2670.7,10851.630123
1749535200000,2670.71,2681.67,2654.15,2675.99,11030.493632
1749538800000,2676.04,2685.73,2666.66,2677.25,10719.916705
1749542400000,2677.26,2683.89,2670.0,2673.81,4783.42249
1749546000000,2673.71,2693.84,2672.5,2692.43,7293.161305
1749549600000,2692.42,2697.6,2681.0,2694.99,4754.356046
1749553200000,2695.0,2798.55,2688.23,2773.89,62002.517642
1749556800000,2773.7,2778.69,2746.09,2765.2,19428.324392
1749560400000,2765.3,2778.89,2717.76,2743.79,24597.694882
1749564000000,2743.79,2754.1,2727.51,2736.08,11795.654647
1749567600000,2736.04,2753.79,2689.55,2733.18,19983.213303
1749571200000,2733.18,2749.02,2728.46,2731.02,9996.36826
1749574800000,2731.02,2752.58,2730.96,2741.09,5755.298834
1749578400000,2741.1,2765.66,2731.56,2754.75,9651.591568
1749582000000,2754.75,2806.87,2754.44,2773.64,21808.796183
1749585600000,2773.99,2775.85,2753.76,2774.36,7312.168083
1749589200000,2774.32,2780.65,2735.46,2772.97,13260.738371
1749592800000,2772.97,2827.0,2772.56,2803.28,20470.989454
1749596400000,2803.29,2816.66,2788.17,2816.11,6800.510323
1749600000000,2816.13,2834.51,2792.27,2795.33,13052.932123
1749603600000,2795.33,2799.1,2778.0,2784.51,8341.575744
1749607200000,2784.7,2803.11,2772.11,2781.61,8424.753548
1749610800000,2781.6,2797.71,2780.42,2791.19,5568.356422
1749614400000,2791.19,2804.19,2786.02,2797.4,4523.744585
1749618000000,2797.48,2802.66,2786.88,2793.53,4271.329406
1749621600000,2793.51,2797.98,2780.43,2792.28,4751.716292
1749625200000,2792.29,2802.0,2788.0,2792.02,7818.210623
1749628800000,2792.01,2793.99,2764.57,2769.1,10472.254399
1749632400000,2769.1,2773.88,2754.1,2759.4,7579.815433
1749636000000,2759.4,2773.52,2757.31,2772.08,4810.323107
1749639600000,2772.09,2775.74,2761.91,2772.95,5777.434064
1749643200000,2772.95,2822.34,2764.14,2805.14,35582.086847
1749646800000,2805.19,2818.71,2784.0,2796.32,19225.52475
1749650400000,2796.47,2856.92,2791.4,2840.47,25041.393274
1749654000000,2840.47,2879.99,2828.79,2865.18,23901.005587
1749657600000,2865.0,2875.91,2845.01,2867.71,10468.355456
1749661200000,2867.71,2872.71,2825.0,2829.52,16841.810995
1749664800000,2829.59,2833.5,2801.25,2821.95,18063.714415
1749668400000,2821.95,2826.28,2802.5,2813.39,13498.535839
1749672000000,2813.24,2827.0,2789.13,2815.69,15193.636715
1749675600000,2815.7,2831.25,2774.76,2782.4,12613.473703
1749679200000,2782.41,2786.65,2743.31,2759.39,17747.624921
1749682800000,2759.39,2779.2,2754.94,2771.66,8539.662455
1749686400000,2771.7,2785.0,2759.26,2775.78,9764.639225
1749690000000,2775.78,2778.69,2752.01,2776.12,6021.465611
1749693600000,2776.12,2784.89,2757.01,2758.15,7165.44887
1749697200000,2758.15,2776.87,2746.34,2765.0,15677.078441
1749700800000,2765.1,2769.49,2750.25,2762.64,6518.855212
1749704400000,2762.64,2770.45,2751.6,2764.77,4864.977141
1749708000000,2764.77,2776.5,2755.01,2768.21,7409.392793
1749711600000,2768.31,2773.97,2732.66,2740.74,16110.461528
1749715200000,2740.73,2760.73,2732.37,2757.26,9104.307266
1749718800000,2757.29,2762.06,2748.6,2752.69,5034.269469
1749722400000,2752.69,2753.5,2733.38,2750.25,8038.650533
1749726000000,2750.3,2753.57,2720.38,2729.68,13062.139149
1749729600000,2729.69,2745.99,2711.85,2736.67,16959.314078
1749733200000,2736.66,2754.99,2732.01,2749.81,8756.967789
1749736800000,2749.81,2770.49,2747.47,2764.67,11185.727522
1749740400000,2764.67,2773.23,2713.21,2719.7,17588.68489
1749744000000,2719.7,2745.77,2715.05,2743.27,8587.789454
1749747600000,2743.28,2771.11,2740.71,2762.01,6573.580557
1749751200000,2762.01,2763.99,2718.2,2735.22,15854.630158
1749754800000,2735.2,2743.95,2691.84,2694.48,15030.276134
1749758400000,2694.4,2703.55,2616.33,2639.31,35327.57582
1749762000000,2639.25,2660.26,2631.11,2633.64,22628.804633
1749765600000,2633.64,2649.22,2632.73,2640.22,11703.435803
1749769200000,2639.91,2659.08,2638.56,2642.7,8644.324374
1749772800000,2642.69,2645.55,2497.1,2529.8,93439.306215
1749776400000,2529.8,2529.8,2455.0,2498.35,48172.731472
1749780000000,2498.35,2499.37,2436.0,2476.5,35888.751129
1749783600000,2476.49,2525.98,2474.4,2514.66,25569.261948
1749787200000,2514.61,2518.8,2494.14,2507.96,11942.138408
1749790800000,2508.29,2520.0,2503.4,2506.75,7204.198399
1749794400000,2506.8,2533.33,2491.38,2532.71,17906.980503
1749798000000,2532.72,2542.58,2515.96,2527.05,25599.352847
1749801600000,2527.03,2541.22,2510.3,2517.84,15090.117006
1749805200000,2517.83,2527.96,2506.46,2521.1,9751.131173
1749808800000,2521.09,2534.0,2509.2,2532.82,9910.845998
1749812400000,2532.82,2545.29,2522.06,2545.04,10329.869469
1749816000000,2545.05,2563.09,2536.12,2542.2,19359.113499
1749819600000,2542.2,2561.66,2533.99,2542.87,11446.98754
1749823200000,2542.94,2555.11,2503.03,2538.32,23622.099818
1749826800000,2538.51,2560.35,2530.88,2551.19,15937.384261
1749830400000,2551.36,2585.23,2542.46,2562.01,17347.327042
1749834000000,2562.0,2562.0,2522.36,2543.22,12377.41976
1749837600000,2543.05,2545.99,2510.0,2529.61,12459.246638
1749841200000,2529.6,2541.86,2521.19,2527.49,7515.145739
1749844800000,2527.47,2553.2,2524.08,2546.67,6825.212444
1749848400000,2547.0,2559.99,2542.2,2554.14,4169.882278
1749852000000,2554.2,2574.32,2554.2,2571.84,4834.447643
1749855600000,2571.86,2583.59,2567.1,2579.15,5679.078644
1749859200000,2579.29,2579.46,2558.42,2562.51,8869.362299
1749862800000,2562.41,2565.96,2550.15,2557.71,4597.207848
1749866400000,2557.77,2567.42,2552.14,2554.9,5739.338688
1749870000000,2554.9,2560.28,2547.0,2548.85,2469.343406
1749873600000,2548.86,2556.62,2548.27,2551.93,2618.530058
1749877200000,2551.93,2556.55,2547.16,2552.12,2419.975197
1749880800000,2552.09,2556.59,2541.85,2543.64,5416.372408
1749884400000,2543.61,2544.06,2525.66,2537.32,6951.273989
1749888000000,2537.32,2537.99,2526.74,2535.94,4984.051996
1749891600000,2535.95,2536.0,2521.7,2523.29,4507.036387
1749895200000,2523.2,2535.78,2519.0,2531.4,7886.996275
1749898800000,2531.41,2539.98,2530.52,2538.62,3418.703918
1749902400000,2538.6,2539.48,2528.91,2536.78,3635.071153
1749906000000,2536.78,2547.23,2526.28,2534.9,3885.022348
1749909600000,2534.9,2537.14,2523.67,2529.34,2249.145487
1749913200000,2529.34,2533.29,2505.24,2519.51,10168.37749
1749916800000,2519.5,2526.57,2492.21,2497.69,14807.285198
1749920400000,2497.67,2518.56,2488.18,2511.8,6362.98078
1749924000000,2511.8,2524.04,2488.17,2508.53,6478.952475
1749927600000,2508.63,2521.8,2505.26,2507.5,4693.64362
1749931200000,2507.7,2513.6,2496.75,2509.47,3020.255366
1749934800000,2509.56,2536.74,2506.54,2527.85,3540.271953
1749938400000,2528.2,2533.67,2518.16,2526.21,2629.721827
1749942000000,2526.28,2540.44,2526.03,2530.8,3032.241202
1749945600000,2530.8,2540.99,2528.75,2537.73,3405.154473
1749949200000,2537.51,2539.47,2525.0,2529.07,2943.610478
1749952800000,2529.1,2538.13,2528.06,2529.4,2324.927724
1749956400000,2529.4,2534.86,2527.9,2530.3,1221.136072
1749960000000,2530.3,2546.16,2529.46,2543.62,5590.741645
1749963600000,2543.61,2553.04,2535.12,2551.22,4405.641164
1749967200000,2551.28,2552.96,2532.95,2535.47,5701.192236
1749970800000,2535.48,2536.3,2522.29,2528.49,4559.596878
1749974400000,2528.5,2530.19,2518.8,2520.72,2998.834118
1749978000000,2520.72,2520.72,2508.68,2510.65,4408.159167
1749981600000,2510.66,2523.95,2510.23,2520.29,2699.379175
1749985200000,2520.38,2523.56,2511.88,2516.35,2742.901347
1749988800000,2516.35,2527.09,2515.84,2526.01,3867.948031
1749992400000,2526.0,2545.21,2522.77,2543.19,8570.507549
1749996000000,2543.27,2554.99,2536.02,2548.74,8037.614477
1749999600000,2548.74,2552.99,2538.51,2541.8,5209.84797
1750003200000,2541.72,2555.54,2535.8,2551.36,5393.635563
1750006800000,2551.44,2559.65,2544.45,2553.56,2087.076683
1750010400000,2553.41,2554.67,2540.55,2548.33,2358.944042
1750014000000,2548.32,2552.99,2530.9,2536.55,4596.501145
1750017600000,2536.58,2537.0,2491.82,2503.33,13731.188053
1750021200000,2503.1,2519.17,2497.08,2517.27,4803.456158
1750024800000,2517.2,2549.98,2513.52,2544.78,9833.416058
1750028400000,2544.89,2549.62,2539.51,2547.53,3450.351605
1750032000000,2547.49,2552.99,2538.34,2544.42,5465.530377
1750035600000,2544.31,2559.99,2514.28,2554.5,15744.163893
1750039200000,2554.5,2578.82,2554.43,2574.39,13957.325487
1750042800000,2574.49,2575.72,2564.99,2568.47,4193.016664
1750046400000,2568.61,2578.26,2566.5,2575.7,5645.94234
1750050000000,2575.75,2621.38,2573.06,2607.49,27390.66242
1750053600000,2607.5,2620.29,2603.21,2607.78,10427.548051
1750057200000,2607.8,2638.66,2607.8,2628.88,22084.429841
1750060800000,2628.88,2631.69,2621.57,2630.34,7316.167334
1750064400000,2630.48,2631.1,2618.81,2621.59,5573.469847
1750068000000,2621.65,2634.17,2610.71,2617.07,8147.313145
1750071600000,2617.24,2620.49,2592.61,2617.05,14184.750647
1750075200000,2617.0,2619.54,2605.0,2615.43,7628.411148
1750078800000,2615.41,2646.49,2608.24,2640.01,15969.616475
1750082400000,2640.0,2657.83,2627.21,2639.8,16441.326323
1750086000000,2639.92,2647.0,2628.08,2632.08,10847.29469
1750089600000,2632.09,2645.69,2627.6,2635.79,6450.778648
1750093200000,2635.78,2642.59,2629.29,2633.98,6146.46506
1750096800000,2634.0,2654.68,2632.11,2654.12,6035.905567
1750100400000,2654.1,2670.13,2644.53,2660.2,14555.865666
1750104000000,2660.68,2680.26,2644.0,2669.81,11782.510187
1750107600000,2669.79,2671.6,2644.76,2649.11,7061.61949
1750111200000,2649.1,2657.89,2543.99,2570.4,48205.371616
1750114800000,2570.35,2595.71,2534.48,2544.22,25943.21888
1750118400000,2544.49,2588.64,2522.28,2587.69,26754.99673
1750122000000,2587.75,2592.21,2573.01,2580.9,6367.581426
1750125600000,2580.96,2616.36,2558.23,2608.75,13362.487663
1750129200000,2609.0,2619.0,2600.89,2607.35,10394.483013
1750132800000,2607.36,2610.63,2587.33,2591.8,8429.460457
1750136400000,2591.81,2598.1,2576.01,2579.87,6224.43326
1750140000000,2579.86,2588.64,2574.26,2582.42,5433.390392
1750143600000,2582.37,2586.95,2570.35,2582.44,6031.313859
1750147200000,2582.44,2585.49,2566.01,2571.87,5040.987462
1750150800000,2572.11,2576.76,2561.31,2566.91,7304.516074
1750154400000,2566.91,2569.69,2544.78,2557.49,10425.63336
1750158000000,2556.96,2557.65,2541.31,2552.19,5038.921124
1750161600000,2552.19,2559.75,2545.13,2547.97,8527.405658
1750165200000,2548.04,2564.0,2546.39,2553.23,10685.063393
1750168800000,2553.24,2568.3,2528.36,2533.45,15609.972197
1750172400000,2533.44,2541.24,2482.0,2498.95,45576.925342
1750176000000,2498.95,2502.52,2458.88,2461.78,26571.537385
1750179600000,2461.34,2487.19,2453.56,2466.97,17498.911127
1750183200000,2466.96,2497.35,2464.01,2497.35,7441.140529
1750186800000,2497.36,2543.99,2497.16,2528.38,18754.844109
1750190400000,2528.02,2534.22,2506.42,2510.72,11474.743289
1750194000000,2510.72,2526.54,2502.66,2519.72,7517.123535
1750197600000,2519.72,2521.26,2492.09,2494.41,6688.929055
1750201200000,2494.71,2519.43,2493.85,2509.85,3725.463674
1750204800000,2510.0,2530.0,2505.67,2526.14,6139.172286
1750208400000,2526.25,2536.74,2518.27,2519.52,7317.580628
1750212000000,2519.73,2529.93,2514.43,2515.09,2702.00406
1750215600000,2515.07,2532.29,2512.64,2527.85,4425.36235
1750219200000,2527.85,2547.0,2525.31,2537.39,5155.283105
1750222800000,2537.4,2543.52,2533.89,2537.01,3258.336743
1750226400000,2537.11,2541.2,2519.09,2524.01,4342.996203
1750230000000,2524.0,2533.68,2517.65,2533.6,5317.759862
1750233600000,2533.6,2548.72,2526.79,2533.2,6883.469704
1750237200000,2533.5,2540.64,2520.97,2527.24,3364.790549
1750240800000,2527.18,2529.09,2488.44,2495.55,10279.99543
1750244400000,2495.07,2517.0,2490.86,2514.06,8021.414961
1750248000000,2514.06,2516.23,2492.0,2493.83,7636.055405
1750251600000,2493.83,2505.42,2465.63,2502.08,16026.630928
1750255200000,2501.79,2538.87,2493.91,2505.25,25122.576301
1750258800000,2505.19,2520.54,2490.5,2509.03,8806.658389
1750262400000,2509.03,2514.73,2494.86,2500.18,6495.736973
1750266000000,2500.18,2503.47,2467.25,2496.85,11418.065872
1750269600000,2496.51,2519.17,2472.8,2475.56,14787.517763
1750273200000,2475.59,2510.19,2470.37,2492.39,8368.392044
1750276800000,2492.31,2536.97,2482.62,2528.5,7434.173553
1750280400000,2528.6,2537.61,2510.0,2528.06,7590.556218
1750284000000,2528.3,2533.77,2519.6,2525.0,3363.202057
1750287600000,2525.15,2533.3,2514.71,2524.71,3696.067807
1750291200000,2524.68,2548.0,2513.4,2529.29,6277.583881
1750294800000,2529.36,2530.47,2506.04,2515.01,5470.804637
1750298400000,2514.82,2526.77,2507.54,2514.4,2648.972714
1750302000000,2514.4,2526.07,2514.12,2525.53,1853.827495
1750305600000,2525.53,2525.97,2514.36,2524.35,1461.640428
1750309200000,2524.35,2531.19,2520.0,2521.93,3657.498514
1750312800000,2521.92,2527.13,2516.4,2519.28,3152.428887
1750316400000,2519.29,2525.75,2518.0,2519.01,3265.625575
1750320000000,2519.0,2530.0,2519.0,2523.14,4648.9539
1750323600000,2523.14,2542.15,2522.05,2538.08,4609.426904
1750327200000,2538.09,2544.58,2533.51,2538.4,4848.651884
1750330800000,2538.39,2538.39,2526.8,2531.77,3573.978393
1750334400000,2531.77,2536.71,2519.0,2525.23,5100.821712
1750338000000,2525.24,2525.6,2506.67,2509.73,5071.216614
1750341600000,2509.61,2522.23,2494.28,2496.8,8012.352601
1750345200000,2497.0,2505.12,2490.0,2492.99,5676.737405
1750348800000,2493.0,2503.86,2485.13,2488.12,5982.131438
1750352400000,2488.2,2523.34,2486.66,2508.51,7371.069734
1750356000000,2508.39,2517.7,2499.4,2504.6,4349.79457
1750359600000,2504.61,2510.75,2498.0,2504.69,1319.465382
1750363200000,2504.8,2516.3,2502.77,2507.0,2443.337172
1750366800000,2507.0,2515.1,2504.38,2509.99,4154.686236
1750370400000,2510.0,2532.2,2509.92,2523.64,5668.181635
1750374000000,2523.8,2529.79,2519.25,2520.71,4667.594057
1750377600000,2520.72,2531.41,2519.05,2525.44,2906.08422
1750381200000,2525.6,2530.24,2516.16,2527.09,2115.758055
1750384800000,2527.18,2528.1,2513.7,2518.17,2460.602212
1750388400000,2518.15,2522.85,2512.49,2517.1,2926.727157
1750392000000,2517.11,2520.29,2503.12,2504.0,3529.897044
1750395600000,2504.19,2516.68,2503.13,2516.01,2230.781159
1750399200000,2515.91,2524.4,2515.91,2521.29,6295.068204
1750402800000,2521.29,2550.96,2519.35,2549.49,13480.991261
1750406400000,2549.52,2569.06,2542.51,2553.16,14822.521505
1750410000000,2553.16,2556.0,2545.22,2553.51,4026.394007
1750413600000,2553.33,2557.68,2547.67,2552.86,2919.85927
1750417200000,2552.85,2555.76,2540.96,2549.79,6277.565726
1750420800000,2549.8,2558.29,2547.3,2551.85,5608.24589
1750424400000,2551.9,2559.5,2528.26,2536.38,11365.981712
1750428000000,2536.31,2540.97,2490.0,2490.25,21967.260985
1750431600000,2490.25,2508.89,2488.0,2494.19,15121.322085
1750435200000,2494.2,2496.4,2476.0,2482.99,10180.855573
1750438800000,2482.98,2487.69,2365.0,2419.51,67691.324244
1750442400000,2419.5,2434.02,2413.15,2419.99,14053.186078
1750446000000,2419.99,2424.02,2393.11,2414.56,13519.691792
1750449600000,2414.89,2437.93,2413.8,2427.19,4641.039767
1750453200000,2427.2,2427.55,2409.24,2416.6,4545.435958
1750456800000,2416.6,2418.1,2382.2,2391.2,10106.045674
1750460400000,2391.2,2407.99,2384.0,2406.74,5012.16303
1750464000000,2406.78,2420.0,2396.07,2411.27,5335.427525
1750467600000,2411.3,2432.32,2410.34,2431.27,4435.723686
1750471200000,2431.43,2432.52,2417.8,2423.18,3556.516776
1750474800000,2423.19,2431.0,2423.19,2425.65,3068.867919
1750478400000,2425.66,2427.0,2419.27,2423.11,2285.197212
1750482000000,2423.12,2427.27,2420.03,2423.96,2267.450861
1750485600000,2423.96,2428.52,2420.8,2424.97,1516.554291
1750489200000,2425.1,2428.3,2420.01,2427.0,4496.553921
1750492800000,2427.0,2445.0,2423.69,2441.68,4118.13493
1750496400000,2441.73,2448.22,2432.5,2445.0,4814.63358
1750500000000,2444.99,2447.5,2430.55,2439.01,3954.002098
1750503600000,2439.01,2446.5,2435.74,2442.59,2577.87678
1750507200000,2442.6,2445.19,2434.35,2435.91,1893.224397
1750510800000,2436.0,2443.28,2412.01,2420.3,7040.596092
1750514400000,2420.4,2435.78,2413.87,2419.76,7107.289812
1750518000000,2419.76,2427.45,2412.38,2423.72,3335.423
1750521600000,2423.55,2428.3,2413.83,2416.52,2409.688378
1750525200000,2416.41,2424.34,2396.06,2399.21,7621.206452
1750528800000,2399.21,2411.89,2384.44,2387.41,6755.796878
1750532400000,2387.41,2400.32,2381.99,2384.69,7182.084553
1750536000000,2384.7,2409.38,2377.63,2403.64,6244.573905
1750539600000,2403.65,2405.9,2234.3,2281.29,63237.498904
1750543200000,2281.45,2307.93,2278.89,2286.9,16480.683036
1750546800000,2286.93,2314.12,2215.3,2295.55,55238.800608
1750550400000,2296.0,2314.39,2255.01,2294.8,25315.012878
1750554000000,2294.99,2301.26,2265.0,2266.91,10707.696364
1750557600000,2267.19,2285.07,2244.24,2265.55,15596.460894
1750561200000,2265.82,2275.95,2251.26,2264.8,9460.513131
1750564800000,2264.79,2288.69,2262.11,2282.1,8335.7661
1750568400000,2282.1,2294.28,2278.82,2288.81,4210.711555
1750572000000,2288.81,2298.31,2283.41,2286.82,4239.689613
1750575600000,2286.82,2288.75,2267.06,2270.73,8313.646754
1750579200000,2270.73,2278.21,2264.1,2274.8,4254.234025
1750582800000,2274.61,2280.46,2236.67,2241.91,12436.090772
1750586400000,2241.91,2265.0,2238.78,2259.32,5681.60096
1750590000000,2259.32,2279.4,2258.32,2273.05,5974.154673
1750593600000,2273.05,2287.49,2265.73,2280.05,5935.705344
1750597200000,2280.05,2284.9,2160.53,2200.01,61415.189994
1750600800000,2200.0,2212.12,2155.55,2201.4,44079.189912
1750604400000,2201.4,2207.75,2168.04,2175.01,17660.183552
1750608000000,2175.0,2198.95,2173.42,2196.91,19092.795262
1750611600000,2196.91,2220.0,2186.38,2192.5,13587.535691
1750615200000,2192.5,2198.81,2178.34,2183.0,7562.887908
1750618800000,2182.99,2190.54,2170.53,2183.85,7466.293488
1750622400000,2183.85,2197.56,2111.0,2187.71,43698.9241
1750626000000,2187.71,2196.47,2173.34,2179.11,7190.47432
1750629600000,2179.11,2236.15,2177.16,2234.09,18052.348319
1750633200000,2234.09,2237.2,2219.56,2227.58,7281.680912
1750636800000,2227.58,2260.23,2221.8,2241.1,9518.198414
1750640400000,2241.37,2248.2,2224.95,2246.2,8282.425161
1750644000000,2246.2,2247.99,2233.4,2238.92,4546.567616
1750647600000,2238.91,2243.83,2230.19,2234.59,4087.553358
1750651200000,2234.75,2243.83,2227.75,2233.68,2409.678035
1750654800000,2233.91,2250.77,2233.9,2246.4,4341.012609
1750658400000,2246.4,2255.0,2233.5,2251.0,12742.261726
1750662000000,2251.1,2276.24,2250.56,2258.7,13313.799753
1750665600000,2258.68,2274.39,2256.1,2261.82,8399.470344
1750669200000,2261.81,2262.09,2243.6,2251.83,6620.896001
1750672800000,2251.82,2253.1,2238.88,2246.92,3861.246025
1750676400000,2247.18,2258.0,2241.42,2253.3,3750.34177
1750680000000,2253.32,2267.43,2245.39,2266.43,5288.515479
1750683600000,2266.23,2301.0,2232.0,2295.05,23135.834905
1750687200000,2295.05,2313.8,2272.1,2274.2,27907.764661
1750690800000,2274.5,2288.4,2247.33,2248.6,15220.901114
1750694400000,2248.49,2252.0,2188.41,2222.23,31344.415274
1750698000000,2222.28,2287.33,2217.51,2274.96,29944.805282
1750701600000,2275.14,2313.73,2273.19,2305.4,23361.533672
1750705200000,2305.39,2325.76,2295.36,2312.92,12316.323524
1750708800000,2313.33,2379.99,2303.51,2347.17,22748.348019
1750712400000,2347.45,2364.3,2334.33,2341.1,10144.53189
1750716000000,2341.09,2439.0,2340.82,2407.23,43194.994203
1750719600000,2407.23,2431.11,2405.86,2411.52,15554.580191
1750723200000,2411.52,2418.0,2392.71,2402.74,11768.081672
1750726800000,2402.84,2417.51,2396.44,2414.17,8372.805196
1750730400000,2414.13,2414.13,2388.88,2392.0,12743.031711
1750734000000,2391.99,2411.6,2391.33,2398.87,7952.401367
1750737600000,2398.86,2406.92,2392.85,2403.83,6139.258625
1750741200000,2403.99,2424.56,2401.4,2420.2,7620.44094
1750744800000,2420.2,2434.87,2410.7,2425.65,9368.131888
1750748400000,2425.65,2428.67,2390.91,2392.91,18262.540587
1750752000000,2392.81,2412.85,2376.0,2403.07,14423.440656
1750755600000,2403.22,2450.0,2399.01,2415.99,13897.768019
1750759200000,2415.99,2423.38,2406.72,2414.1,5815.57805
1750762800000,2414.1,2421.42,2397.58,2409.25,8968.566901
1750766400000,2409.49,2418.74,2402.74,2413.9,4452.926214
1750770000000,2413.9,2432.28,2404.76,2421.89,14887.467965
1750773600000,2421.61,2440.71,2420.1,2430.95,11799.393414
1750777200000,2430.95,2454.8,2425.37,2438.3,28733.246386
1750780800000,2438.4,2483.0,2434.08,2479.1,21137.162791
1750784400000,2479.11,2482.0,2442.89,2457.83,11568.356817
1750788000000,2458.0,2463.22,2434.14,2435.33,10331.59903
1750791600000,2435.5,2441.83,2416.61,2434.4,6212.978533
1750795200000,2434.3,2450.56,2430.69,2449.05,2788.528133
1750798800000,2448.92,2449.76,2436.01,2444.89,3269.066896
1750802400000,2444.88,2444.94,2434.19,2441.61,1875.934632
1750806000000,2441.6,2449.28,2430.57,2448.7,3604.135694
1750809600000,2448.77,2462.49,2436.72,2458.63,4459.370411
1750813200000,2458.59,2466.0,2445.29,2460.96,7596.542186
1750816800000,2461.0,2469.0,2450.41,2451.54,6894.600791
1750820400000,2451.71,2460.72,2443.69,2444.3,3618.767728
1750824000000,2444.31,2447.49,2428.57,2435.55,6822.00684
1750827600000,2435.59,2439.91,2424.24,2429.52,5782.574321
1750831200000,2429.57,2445.92,2425.99,2444.8,4450.339473
1750834800000,2444.71,2450.81,2440.44,2444.59,5061.841702
1750838400000,2444.59,2445.95,2424.48,2439.56,5043.041349
1750842000000,2439.57,2448.79,2407.69,2420.45,17714.741164
1750845600000,2420.45,2431.99,2414.17,2426.52,6655.672866
1750849200000,2426.52,2430.3,2412.93,2429.14,5909.260419
1750852800000,2429.19,2429.56,2415.45,2428.85,7770.880898
1750856400000,2429.0,2446.45,2423.88,2435.0,11312.109971
1750860000000,2435.12,2444.0,2389.8,2432.2,22857.446172
1750863600000,2432.19,2432.7,2395.79,2405.61,11315.980882
1750867200000,2405.62,2421.09,2401.37,2410.71,7652.085955
1750870800000,2410.73,2432.16,2407.01,2422.51,5158.525492
1750874400000,2422.5,2424.46,2411.67,2418.58,3724.95178
1750878000000,2418.59,2439.59,2418.07,2432.43,6031.981752
1750881600000,2432.71,2442.41,2426.0,2438.4,2812.564135
1750885200000,2438.25,2454.96,2427.08,2430.67,6741.351788
1750888800000,2430.66,2430.89,2409.45,2416.07,4870.421048
1750892400000,2416.06,2419.48,2407.72,2418.54,2691.866981
1750896000000,2418.55,2428.65,2416.82,2426.61,5144.277485
1750899600000,2426.63,2475.0,2419.17,2459.01,13820.826854
1750903200000,2459.19,2502.0,2458.56,2493.38,19629.052904
1750906800000,2492.8,2520.48,2482.4,2489.05,15860.775687
1750910400000,2489.19,2491.6,2470.48,2480.59,6417.950865
1750914000000,2480.6,2484.27,2467.08,2475.92,9652.979442
1750917600000,2475.9,2489.75,2473.71,2487.16,4820.09323
1750921200000,2487.14,2500.24,2480.21,2489.89,7700.628924
1750924800000,2489.89,2500.35,2484.2,2487.02,5832.63125
1750928400000,2487.05,2489.0,2462.48,2463.3,12736.305235
1750932000000,2463.3,2467.61,2446.27,2451.09,9844.622873
1750935600000,2450.99,2454.24,2439.24,2450.65,6264.691155
1750939200000,2450.86,2455.35,2433.82,2440.31,8538.535741
1750942800000,2440.21,2446.47,2424.81,2433.7,9659.902246
1750946400000,2433.67,2459.98,2422.61,2446.71,11230.289005
1750950000000,2446.72,2449.53,2409.94,2433.53,16473.025396
1750953600000,2433.19,2437.55,2418.3,2427.84,3885.906374
1750957200000,2427.85,2436.3,2420.0,2420.83,2814.000122
1750960800000,2420.97,2438.65,2418.13,2425.52,5046.141978
1750964400000,2425.52,2443.32,2422.81,2436.22,4476.827636
1750968000000,2435.84,2458.62,2430.4,2445.31,5475.826518
1750971600000,2445.4,2445.84,2394.11,2414.12,16335.147861
1750975200000,2414.0,2424.63,2411.62,2413.26,2871.871332
1750978800000,2413.42,2417.49,2405.91,2416.35,2572.376041
1750982400000,2416.08,2421.61,2400.0,2400.44,4315.643735
1750986000000,2400.44,2432.15,2382.27,2426.11,10698.895321
1750989600000,2426.11,2440.03,2423.52,2437.81,2776.715085
1750993200000,2437.82,2448.55,2432.72,2446.69,7273.169777
1750996800000,2446.58,2453.13,2439.22,2449.48,3796.743239
1751000400000,2449.47,2453.0,2434.32,2439.14,4900.418986
1751004000000,2439.18,2450.44,2436.3,2448.21,7576.501377
1751007600000,2448.21,2459.32,2437.17,2442.09,10725.57375
1751011200000,2442.09,2464.23,2435.51,2448.32,7402.675207
1751014800000,2448.31,2463.41,2442.29,2460.57,5742.188741
1751018400000,2460.51,2461.58,2445.63,2445.94,2521.04612
1751022000000,2445.94,2454.78,2442.67,2447.51,2261.513106
1751025600000,2447.51,2457.4,2426.95,2429.67,6123.168238
1751029200000,2429.67,2437.25,2416.94,2428.15,9114.142103
1751032800000,2428.16,2438.33,2413.95,2423.14,9230.901965
1751036400000,2423.13,2442.58,2419.51,2438.52,5825.806686
1751040000000,2438.6,2449.56,2431.43,2433.3,4553.903339
1751043600000,2433.2,2433.89,2395.26,2404.84,14600.082306
1751047200000,2404.77,2408.84,2388.0,2395.13,6222.162547
1751050800000,2395.12,2417.46,2392.01,2412.68,7818.678716
1751054400000,2412.66,2427.59,2411.34,2426.46,3311.501688
1751058000000,2426.4,2429.7,2416.92,2419.7,2902.691971
1751061600000,2419.69,2425.0,2419.39,2422.3,873.683225
1751065200000,2422.28,2424.79,2414.59,2423.27,1176.749279
1751068800000,2423.35,2423.97,2417.0,2417.9,1534.335009
1751072400000,2418.05,2419.9,2405.5,2417.89,3184.758603
1751076000000,2417.92,2423.0,2414.69,2419.01,1773.887452
1751079600000,2419.01,2422.72,2416.82,2420.9,3340.689529
1751083200000,2420.91,2422.42,2417.53,2420.99,919.684143
1751086800000,2421.0,2428.57,2418.67,2422.12,2522.950866
1751090400000,2422.13,2427.63,2421.79,2427.54,1209.967145
1751094000000,2427.55,2434.46,2424.0,2432.0,3892.155147
1751097600000,2432.07,2432.5,2419.9,2424.58,2651.692084
1751101200000,2424.58,2428.83,2419.74,2427.0,1525.01698
1751104800000,2427.01,2430.0,2423.68,2426.0,1812.45156
1751108400000,2426.0,2429.26,2426.0,2427.63,1241.332701
1751112000000,2427.64,2428.31,2422.72,2426.05,1504.999238
1751115600000,2426.05,2429.64,2420.0,2423.0,1886.570434
1751119200000,2423.0,2428.22,2422.7,2425.77,8173.166287
1751122800000,2425.77,2443.11,2423.07,2436.12,7989.291615
1751126400000,2436.12,2444.0,2431.52,2435.04,4296.723791
1751130000000,2434.92,2448.0,2433.4,2444.11,3095.192779
1751133600000,2444.11,2444.64,2432.73,2437.3,1947.614374
1751137200000,2437.3,2440.15,2432.42,2433.35,1860.556515
1751140800000,2433.36,2435.0,2427.42,2429.6,4381.321914
1751144400000,2429.58,2438.39,2429.25,2436.54,1419.505645
1751148000000,2436.63,2441.65,2433.71,2440.41,1526.849405
1751151600000,2440.42,2442.22,2435.33,2435.77,942.861341
1751155200000,2435.77,2443.08,2432.12,2438.8,2217.341364
1751158800000,2438.8,2439.15,2428.58,2430.04,1952.489879
1751162400000,2430.07,2433.73,2424.6,2432.17,1944.771632
1751166000000,2432.24,2433.41,2426.91,2427.96,920.448863
1751169600000,2427.96,2431.5,2426.79,2429.89,779.043549
1751173200000,2429.9,2434.83,2427.51,2433.67,810.114469
1751176800000,2433.6,2437.5,2432.5,2436.61,3689.461491
1751180400000,2436.61,2440.38,2434.81,2440.37,3202.845962
1751184000000,2440.38,2447.11,2438.0,2443.59,4730.55515
1751187600000,2443.59,2457.61,2438.75,2448.06,9263.281524
1751191200000,2448.06,2459.35,2447.64,2456.59,4571.431138
1751194800000,2456.6,2463.63,2453.03,2462.1,3904.533031
1751198400000,2462.1,2463.26,2449.26,2454.8,4873.827775
1751202000000,2454.82,2456.65,2446.37,2447.2,4499.123609
1751205600000,2447.2,2452.04,2435.49,2440.03,4656.340304
1751209200000,2440.03,2444.77,2433.13,2436.6,2029.477459
1751212800000,2436.56,2440.43,2429.28,2439.19,2924.107993
1751216400000,2439.19,2440.7,2432.63,2438.98,1272.301634
1751220000000,2438.98,2442.76,2434.01,2438.03,2129.050091
1751223600000,2438.03,2439.72,2433.58,2438.2,1070.701505
1751227200000,2438.19,2439.33,2432.6,2432.68,1132.249496
1751230800000,2432.61,2438.55,2411.05,2431.58,8196.417244
1751234400000,2431.37,2510.97,2430.68,2501.79,22413.342493
1751238000000,2501.8,2525.34,2495.09,2500.57,19727.68397
1751241600000,2500.57,2524.6,2500.04,2518.86,11963.865609
1751245200000,2518.91,2519.81,2504.51,2510.62,8065.070477
1751248800000,2510.63,2511.51,2499.58,2501.62,6239.188955
1751252400000,2501.64,2504.84,2495.13,2499.64,4412.340573
1751256000000,2499.65,2505.8,2494.94,2495.9,3411.208353
1751259600000,2495.9,2503.5,2492.15,2503.12,3507.605477
1751263200000,2503.12,2504.0,2456.0,2464.11,13329.721884
1751266800000,2464.1,2483.46,2460.64,2480.87,13114.687964
1751270400000,2480.87,2486.51,2466.11,2468.7,5845.677648
1751274000000,2468.75,2476.97,2451.33,2451.95,5569.019774
1751277600000,2451.95,2458.26,2446.41,2456.18,8752.477584
1751281200000,2456.17,2467.99,2453.34,2458.67,6438.969124
1751284800000,2458.67,2465.51,2457.18,2460.19,4162.456961
1751288400000,2460.11,2475.0,2458.5,2462.34,6723.108296
1751292000000,2462.6,2469.69,2433.47,2438.29,15435.833671
1751295600000,2438.69,2488.29,2435.7,2474.71,18689.657793
1751299200000,2474.72,2482.0,2461.34,2475.29,7542.834669
1751302800000,2475.34,2498.06,2473.53,2487.8,10338.399615
1751306400000,2487.8,2499.01,2479.65,2486.0,5170.382034
1751310000000,2486.03,2518.68,2485.02,2515.64,8144.682074
1751313600000,2515.64,2522.0,2501.52,2502.84,10706.759102
1751317200000,2502.81,2504.59,2482.26,2487.7,5349.16155
1751320800000,2487.71,2495.99,2484.2,2490.56,3918.008281
1751324400000,2490.57,2494.78,2484.72,2485.1,5916.161252
1751328000000,2485.3,2496.59,2477.34,2492.94,4318.764023
1751331600000,2492.9,2500.71,2486.79,2488.76,3317.918758
1751335200000,2488.67,2495.79,2482.49,2483.49,3260.077976
1751338800000,2483.53,2488.22,2478.48,2485.44,2139.966514
1751342400000,2485.68,2486.07,2459.09,2460.0,19057.363807
1751346000000,2460.0,2466.59,2451.32,2461.11,9569.895257
1751349600000,2461.29,2462.94,2456.25,2459.34,3421.186864
1751353200000,2459.35,2469.12,2444.94,2465.47,11154.915541
1751356800000,2465.27,2465.28,2451.1,2453.23,4273.726697
1751360400000,2453.23,2458.73,2450.0,2457.07,4375.091644
1751364000000,2457.1,2461.88,2448.49,2456.1,5218.272171
1751367600000,2456.1,2458.98,2442.01,2449.48,4212.068679
1751371200000,2449.47,2453.42,2434.11,2437.66,8682.458199
1751374800000,2437.6,2447.6,2422.76,2442.83,15452.56169
1751378400000,2443.0,2456.51,2407.0,2420.0,26805.074452
1751382000000,2419.91,2431.98,2415.57,2423.61,7171.440942
1751385600000,2423.65,2431.46,2419.09,2424.6,6515.875879
1751389200000,2424.51,2434.4,2418.07,2432.39,2860.311831
1751392800000,2432.39,2433.49,2396.9,2410.31,8917.172707
1751396400000,2410.3,2422.49,2402.18,2403.09,4588.783818
1751400000000,2402.95,2418.78,2393.27,2415.05,7132.34772
1751403600000,2415.04,2418.51,2404.0,2407.43,2762.726533
1751407200000,2407.31,2413.56,2399.21,2401.01,4518.433531
1751410800000,2401.03,2406.48,2385.69,2405.13,7813.339421
1751414400000,2405.13,2410.23,2397.79,2398.49,3841.716416
1751418000000,2398.5,2411.93,2372.67,2411.26,14873.440362
1751421600000,2411.27,2418.88,2407.15,2417.95,2521.457882
1751425200000,2417.96,2432.6,2416.23,2430.31,3513.078726
1751428800000,2430.3,2441.57,2425.01,2439.49,3335.061403
1751432400000,2439.62,2447.09,2434.22,2444.23,6243.444325
1751436000000,2444.17,2453.4,2438.43,2451.34,7752.371148
1751439600000,2451.33,2454.46,2441.24,2447.03,7056.219236
1751443200000,2447.02,2455.29,2444.24,2449.07,4666.132047
1751446800000,2449.07,2453.09,2445.68,2448.6,2870.883284
1751450400000,2448.6,2454.28,2443.01,2453.31,4707.141669
1751454000000,2453.31,2460.45,2441.16,2445.59,6417.939012
1751457600000,2445.59,2447.76,2431.5,2438.51,6224.723726
1751461200000,2438.51,2458.28,2436.65,2449.36,7426.727349
1751464800000,2449.37,2472.84,2448.23,2469.55,11437.464929
1751468400000,2469.62,2502.85,2468.86,2498.92,25602.447913
1751472000000,2498.86,2564.63,2495.32,2560.93,45480.928078
1751475600000,2561.0,2589.88,2552.15,2566.84,40967.612911
1751479200000,2566.85,2584.24,2563.63,2582.75,13073.155538
1751482800000,2582.38,2608.37,2567.1,2604.95,14489.938818
1751486400000,2604.92,2604.94,2586.31,2590.05,12168.30742
1751490000000,2590.05,2600.89,2583.79,2596.8,6174.496548
1751493600000,2596.81,2619.94,2592.24,2594.88,11325.837273
1751497200000,2594.85,2595.99,2569.18,2570.59,9727.168141
1751500800000,2570.43,2580.15,2563.01,2573.84,8095.365718
1751504400000,2573.83,2589.15,2565.79,2580.21,7046.529644
1751508000000,2580.43,2580.8,2556.37,2567.5,8133.613433
1751511600000,2567.5,2572.35,2560.0,2561.3,5226.988647
1751515200000,2561.3,2572.84,2559.33,2566.38,2318.93309
1751518800000,2566.38,2602.21,2565.91,2589.57,16908.773302
1751522400000,2589.8,2603.26,2585.65,2599.04,4789.580232
1751526000000,2599.02,2605.5,2589.08,2600.09,8277.977369
1751529600000,2600.09,2607.58,2587.19,2587.94,5860.110125
1751533200000,2587.99,2616.85,2586.32,2599.0,12103.623943
1751536800000,2599.0,2601.98,2583.89,2598.31,5137.359484
1751540400000,2598.14,2598.8,2581.48,2597.27,5504.539624
1751544000000,2597.27,2614.91,2565.18,2589.27,26389.656708
1751547600000,2588.95,2636.36,2586.46,2624.72,24161.472689
1751551200000,2624.7,2632.42,2583.74,2594.9,17396.699209
1751554800000,2594.9,2597.99,2565.28,2570.39,11739.683956
1751558400000,2570.4,2582.09,2565.0,2572.0,10000.902766
1751562000000,2571.91,2580.77,2571.22,2577.26,3756.64805
1751565600000,2577.41,2587.88,2574.07,2585.49,3822.485038
1751569200000,2585.48,2592.34,2582.08,2586.0,1626.10383
1751572800000,2586.16,2599.52,2585.47,2599.18,1650.433255
1751576400000,2599.18,2603.83,2589.65,2595.49,2392.968326
1751580000000,2595.49,2601.49,2590.19,2593.69,1973.417801
1751583600000,2593.56,2598.16,2585.59,2590.92,2265.645097
1751587200000,2591.07,2598.45,2581.46,2588.66,6000.584098
1751590800000,2588.64,2603.04,2587.39,2589.49,4069.333486
1751594400000,2589.93,2591.99,2571.6,2575.31,8152.056589
1751598000000,2575.32,2585.31,2571.68,2578.01,2954.764335
1751601600000,2578.01,2584.69,2569.41,2570.4,3225.225988
1751605200000,2570.4,2581.28,2563.96,2568.66,6610.172271
1751608800000,2568.67,2570.13,2548.62,2558.56,10080.708432
1751612400000,2558.45,2564.89,2530.27,2535.34,15820.69644
1751616000000,2535.34,2554.19,2527.4,2547.18,15496.066779
1751619600000,2547.19,2558.75,2546.61,2551.95,7273.191998
1751623200000,2551.95,2555.88,2545.06,2548.12,1990.201874
1751626800000,2548.11,2556.7,2547.42,2549.06,2727.526311
1751630400000,2549.06,2553.99,2543.01,2547.93,2468.600755
1751634000000,2547.92,2555.99,2522.58,2525.7,10611.242078
1751637600000,2525.7,2528.92,2497.34,2516.88,17288.191233
1751641200000,2516.73,2518.66,2499.11,2500.8,7556.194204
1751644800000,2500.71,2503.8,2474.4,2487.78,19732.849239
1751648400000,2487.78,2498.41,2486.96,2497.0,4589.542238
1751652000000,2497.0,2497.0,2480.31,2484.57,2646.287471
1751655600000,2484.57,2490.33,2474.81,2482.74,2854.162598
1751659200000,2482.74,2496.81,2481.37,2490.54,2121.206067
1751662800000,2490.54,2497.23,2487.42,2496.81,2033.305858
1751666400000,2496.76,2520.99,2494.95,2520.41,5742.178291
1751670000000,2520.41,2520.73,2504.0,2508.07,3335.3771
1751673600000,2508.07,2518.25,2506.65,2516.51,1608.80062
1751677200000,2516.51,2516.65,2506.14,2514.08,1867.029141
1751680800000,2514.08,2519.03,2498.0,2518.89,3075.817147
1751684400000,2518.9,2524.96,2515.74,2518.39,3503.571324
1751688000000,2518.44,2525.89,2512.39,2516.25,2181.338608
1751691600000,2516.28,2521.2,2512.66,2519.72,1336.016919
1751695200000,2519.74,2528.81,2516.57,2527.43,2420.11696
1751698800000,2527.45,2529.8,2518.92,2521.48,4678.056185
1751702400000,2521.47,2524.91,2510.03,2516.14,2222.746084
1751706000000,2516.14,2522.53,2508.6,2521.35,1963.341643
1751709600000,2521.3,2523.06,2517.51,2518.21,1176.103368
1751713200000,2518.21,2526.0,2517.51,2517.88,2271.19675
1751716800000,2517.88,2519.1,2510.46,2517.74,1953.067465
1751720400000,2518.01,2521.9,2512.85,2514.22,975.042428
1751724000000,2514.29,2520.31,2511.71,2518.53,1442.662566
1751727600000,2518.53,2518.9,2501.73,2507.9,3022.28567
1751731200000,2507.95,2513.58,2490.86,2505.99,6713.520629
1751734800000,2506.19,2511.83,2496.13,2503.97,2482.922459
1751738400000,2503.97,2505.45,2490.0,2492.99,2556.570509
1751742000000,2493.0,2508.55,2487.9,2505.66,1274.32713
1751745600000,2505.53,2508.55,2498.11,2506.13,511.061002
1751749200000,2506.13,2519.35,2505.84,2516.59,1879.879181
1751752800000,2516.57,2522.07,2512.78,2519.11,1192.859827
1751756400000,2519.11,2522.9,2515.3,2516.21,1222.743591
1751760000000,2516.21,2521.0,2511.78,2520.1,1482.794019
1751763600000,2520.1,2520.11,2514.05,2517.62,883.143429
1751767200000,2517.62,2520.73,2513.0,2513.01,1477.929666
1751770800000,2513.01,2515.21,2509.32,2514.69,1676.714397
1751774400000,2514.69,2518.04,2510.47,2512.0,1082.078193
1751778000000,2512.0,2513.0,2508.69,2510.76,1546.043218
1751781600000,2510.76,2527.0,2508.91,2521.49,4580.793822
1751785200000,2521.5,2525.59,2516.89,2517.79,3122.538735
1751788800000,2517.79,2518.4,2508.85,2513.16,2428.450161
1751792400000,2513.17,2517.91,2506.18,2507.2,2330.784127
1751796000000,2507.22,2514.0,2503.19,2508.47,2011.29482
1751799600000,2508.47,2516.96,2507.41,2516.11,1546.505565
1751803200000,2516.11,2521.78,2511.54,2520.17,2958.87527
1751806800000,2520.18,2570.59,2516.95,2558.4,21541.437002
1751810400000,2558.39,2567.64,2547.0,2559.39,9888.971738
1751814000000,2559.42,2561.59,2547.74,2558.37,3450.375623
1751817600000,2558.36,2560.75,2542.0,2551.9,5890.75111
1751821200000,2551.9,2552.49,2543.21,2546.98,6253.77871
1751824800000,2546.98,2547.32,2523.93,2531.9,4738.862431
1751828400000,2531.91,2541.91,2531.19,2541.0,1781.755812
1751832000000,2541.01,2551.24,2540.0,2545.35,1683.324406
1751835600000,2545.35,2602.0,2545.2,2587.54,16340.257743
1751839200000,2587.54,2605.47,2579.33,2582.49,8570.758715
1751842800000,2582.49,2583.09,2562.13,2570.62,5818.920104
1751846400000,2570.4,2575.06,2555.06,2561.3,4160.339204
1751850000000,2561.3,2565.73,2550.44,2563.47,3509.01329
1751853600000,2563.48,2584.09,2563.48,2576.01,5897.890004
1751857200000,2576.09,2590.73,2574.21,2577.19,4049.82592
1751860800000,2577.2,2580.6,2570.01,2573.33,2092.407359
1751864400000,2573.34,2577.89,2566.34,2569.23,2926.75916
1751868000000,2569.31,2576.8,2563.33,2565.68,3181.168145
1751871600000,2565.73,2579.5,2559.81,2578.18,3970.818124
1751875200000,2578.19,2588.19,2570.22,2584.91,4206.126706
1751878800000,2585.06,2585.18,2566.06,2572.34,2952.693417
1751882400000,2572.34,2572.34,2558.64,2558.91,4786.186542
1751886000000,2559.02,2566.32,2552.43,2563.22,3544.116188
1751889600000,2563.21,2565.0,2544.0,2548.99,5181.759525
1751893200000,2548.89,2569.41,2535.38,2566.0,11383.098285
1751896800000,2565.91,2568.14,2529.0,2531.63,10976.486289
1751900400000,2531.65,2544.12,2527.05,2533.79,4512.706016
1751904000000,2533.74,2542.65,2511.22,2524.1,15153.935911
1751907600000,2524.17,2548.03,2516.75,2533.3,6350.546171
1751911200000,2533.3,2546.0,2520.39,2544.29,5551.332138
1751914800000,2544.28,2557.69,2539.62,2543.71,4451.168129
1751918400000,2543.71,2544.43,2529.71,2534.1,2858.732439
1751922000000,2534.2,2542.3,2523.06,2539.59,3637.92288
1751925600000,2539.7,2542.2,2529.43,2536.21,1233.023049
1751929200000,2536.21,2545.57,2536.18,2542.37,1238.585826
1751932800000,2542.38,2554.52,2537.51,2540.56,7189.914163
1751936400000,2540.46,2540.46,2526.5,2526.76,2566.112823
1751940000000,2526.76,2538.56,2523.57,2528.1,4995.466958
1751943600000,2528.09,2539.7,2527.21,2538.01,1622.234024
1751947200000,2538.01,2544.54,2532.1,2543.69,1362.0758
1751950800000,2543.79,2552.0,2541.88,2551.89,2735.735566
1751954400000,2551.89,2563.57,2550.02,2558.81,3409.594838
1751958000000,2558.76,2559.39,2547.72,2553.5,9934.06026
1751961600000,2553.5,2561.66,2546.29,2546.41,4754.654893
1751965200000,2546.41,2555.3,2543.52,2551.81,2060.197043
1751968800000,2551.81,2566.8,2550.4,2566.4,6438.18932
1751972400000,2566.4,2586.0,2563.26,2575.21,10211.068696
1751976000000,2575.21,2585.0,2571.59,2583.13,4162.118749
1751979600000,2583.03,2600.91,2570.81,2587.9,11517.918861
1751983200000,2587.89,2589.2,2557.68,2563.85,8161.773214
1751986800000,2563.99,2569.66,2558.62,2564.7,3160.165834
1751990400000,2564.89,2581.89,2559.56,2576.26,4175.226202
1751994000000,2576.26,2628.42,2575.26,2616.67,17417.14008
1751997600000,2616.66,2625.75,2611.27,2624.92,5979.856981
1752001200000,2624.89,2625.13,2601.15,2610.21,7313.616611
1752004800000,2610.2,2614.58,2598.35,2598.43,2944.906231
1752008400000,2598.59,2613.0,2596.71,2609.2,3296.634576
1752012000000,2609.2,2612.73,2601.35,2610.5,3571.341065
1752015600000,2610.51,2617.62,2606.84,2615.18,3620.62226
1752019200000,2615.18,2615.73,2603.04,2613.18,2935.364875
1752022800000,2613.19,2627.28,2599.86,2605.01,7542.432879
1752026400000,2605.01,2610.15,2601.75,2602.73,2247.325276
1752030000000,2602.73,2607.48,2590.0,2591.5,3728.321833
1752033600000,2591.5,2603.41,2590.6,2603.39,2362.330187
1752037200000,2603.4,2647.69,2602.16,2628.01,16761.029733
1752040800000,2628.12,2633.5,2618.18,2631.47,5283.842556
1752044400000,2631.42,2634.5,2621.12,2624.69,8928.707962
1752048000000,2624.7,2626.18,2610.73,2611.83,6074.491518
1752051600000,2611.83,2615.33,2604.05,2611.26,3698.550307
1752055200000,2611.27,2621.88,2606.59,2618.37,2171.993774
1752058800000,2618.42,2630.89,2616.75,2626.13,4465.084965
1752062400000,2626.14,2667.0,2623.83,2659.99,18998.021701
1752066000000,2660.0,2674.9,2653.03,2654.61,10868.5133
1752069600000,2654.61,2669.48,2626.27,2642.3,13853.517136
1752073200000,2642.29,2658.26,2641.22,2656.84,4739.503578
1752076800000,2656.87,2669.0,2652.2,2666.42,5817.553377
1752080400000,2666.27,2668.84,2653.11,2661.96,4129.427504
1752084000000,2661.97,2723.98,2661.62,2718.13,27187.448542
1752087600000,2718.13,2796.0,2716.53,2764.99,34694.049751
1752091200000,2764.99,2766.32,2731.77,2737.92,17429.44848
1752094800000,2737.91,2758.82,2735.5,2753.4,7987.163754
1752098400000,2753.63,2782.99,2753.63,2779.95,19219.629569
1752102000000,2779.95,2782.92,2766.56,2768.49,6719.86319
1752105600000,2768.5,2773.33,2756.6,2756.6,7643.520575
1752109200000,2756.6,2778.28,2755.44,2774.49,5206.211376
1752112800000,2774.5,2798.34,2773.6,2783.41,11466.516009
1752116400000,2783.35,2790.85,2770.5,2775.9,5267.166152
1752120000000,2775.9,2780.0,2765.8,2778.98,3506.559451
1752123600000,2778.99,2785.3,2772.85,2781.69,4068.250341
1752127200000,2781.7,2800.0,2779.8,2795.21,10890.198255
1752130800000,2795.18,2824.44,2786.88,2790.75,26603.358648
1752134400000,2790.74,2797.13,2783.5,2788.7,7430.273527
1752138000000,2788.69,2790.49,2775.23,2778.81,5421.987179
1752141600000,2778.8,2787.14,2771.99,2785.29,3919.05768
1752145200000,2785.21,2785.21,2772.44,2778.9,5012.882091
1752148800000,2778.91,2780.84,2768.0,2778.89,10314.468211
1752152400000,2778.9,2795.24,2772.72,2784.86,12338.107274
1752156000000,2784.87,2794.42,2758.0,2776.76,14094.61214
1752159600000,2776.77,2777.57,2759.3,2769.6,9745.257545
1752163200000,2769.73,2813.27,2768.85,2808.7,25644.026186
1752166800000,2808.7,2835.4,2802.08,2830.59,15470.61158
1752170400000,2830.6,2840.62,2795.72,2811.47,16679.104019
1752174000000,2811.47,2822.6,2806.3,2815.88,5050.373778
1752177600000,2815.85,2826.67,2813.08,2818.39,6001.815519
1752181200000,2818.24,3002.99,2817.06,2972.42,83133.104522
1752184800000,2972.01,2978.76,2952.22,2973.89,19212.276189
1752188400000,2973.9,2974.58,2934.72,2951.1,10761.953329
1752192000000,2951.11,2958.22,2914.1,2937.22,12977.04545
1752195600000,2937.22,2956.8,2933.0,2954.4,8037.080094
1752199200000,2954.41,2968.8,2951.87,2965.19,10299.717113
1752202800000,2965.1,2974.99,2957.3,2969.89,14294.424909
1752206400000,2969.9,2971.42,2945.23,2970.21,9136.332819
1752210000000,2970.39,3029.71,2967.4,3004.99,32352.230129
1752213600000,3004.98,3026.0,2985.42,2989.39,16504.431213
1752217200000,2989.16,3002.49,2966.32,2968.71,26972.03753
1752220800000,2968.7,3008.24,2962.85,3003.28,13125.965479
1752224400000,3003.28,3039.95,2996.01,3014.82,15083.806543
1752228000000,3014.88,3014.96,2992.48,3003.6,9913.586147
1752231600000,3003.59,3006.49,2968.61,2984.21,12480.973826
1752235200000,2984.22,2993.73,2970.42,2986.6,6231.938804
1752238800000,2986.6,3010.0,2975.49,3003.1,11525.086657
1752242400000,3003.11,3007.21,2980.59,2989.03,12028.442773
1752246000000,2989.03,2996.99,2938.65,2951.62,25846.368522
1752249600000,2951.66,2972.22,2936.49,2968.23,13892.479511
1752253200000,2968.23,3000.98,2964.41,2993.53,12440.047335
1752256800000,2993.53,2999.39,2983.5,2996.09,5932.562043
1752260400000,2996.1,3010.95,2978.53,3008.09,20908.46031
1752264000000,3008.09,3010.23,2973.72,2974.9,8121.895049
1752267600000,2974.91,2997.4,2957.41,2966.58,14106.263326
1752271200000,2966.46,2971.56,2923.41,2950.69,14455.548148
1752274800000,2950.86,2961.57,2949.0,2958.49,5884.127046
1752278400000,2958.04,2967.38,2931.9,2952.82,5889.430012
1752282000000,2952.83,2966.65,2952.63,2958.51,3265.966946
1752285600000,2958.52,2971.35,2954.47,2956.84,2354.98712
1752289200000,2956.74,2969.05,2955.41,2966.63,1967.673211
1752292800000,2966.6,2969.0,2941.81,2951.71,5449.603013
1752296400000,2951.71,2958.74,2943.6,2953.08,4007.01397
1752300000000,2953.07,2963.85,2945.4,2959.71,3653.743854
1752303600000,2959.71,2978.87,2959.62,2963.26,8789.654077
1752307200000,2963.26,2970.52,2957.63,2967.0,4456.425482
1752310800000,2966.99,2976.92,2962.2,2974.06,4842.631304
1752314400000,2974.06,2979.99,2967.33,2976.09,3926.680103
1752318000000,2976.09,2980.77,2961.04,2963.49,4919.499909
1752321600000,2963.49,2967.99,2918.0,2943.91,17246.330938
1752325200000,2943.9,2943.9,2918.58,2940.14,13072.607287
1752328800000,2940.15,2949.85,2924.02,2928.79,7255.440417
1752332400000,2928.39,2931.56,2904.39,2916.09,12539.164947
1752336000000,2916.1,2936.08,2910.55,2924.77,9707.10512
1752339600000,2924.55,2943.53,2921.62,2941.54,3841.521574
1752343200000,2941.43,2944.83,2935.51,2942.47,3058.571619
1752346800000,2942.47,2946.0,2934.36,2940.94,1704.978528
1752350400000,2940.95,2942.61,2916.95,2917.12,2303.187935
1752354000000,2917.09,2940.04,2915.0,2939.23,1833.009531
1752357600000,2939.23,2941.1,2925.31,2938.12,1162.438096
1752361200000,2938.11,2948.3,2930.55,2943.28,2446.705196
1752364800000,2943.5,2950.43,2936.26,2944.74,3150.981948
1752368400000,2944.74,2953.55,2937.9,2949.61,3145.2845
1752372000000,2949.62,2960.77,2938.93,2953.97,3926.697099
1752375600000,2953.97,2958.79,2948.53,2955.01,3669.51712
1752379200000,2955.05,2959.43,2951.45,2958.56,2295.713459
1752382800000,2958.56,2963.46,2949.01,2950.62,4755.263707
1752386400000,2950.58,2967.94,2949.47,2959.48,4652.948186
1752390000000,2959.48,2965.71,2955.9,2962.7,4578.283439
1752393600000,2962.71,2964.28,2951.3,2955.61,2469.907054
1752397200000,2955.61,2957.5,2944.45,2949.56,1977.803157
1752400800000,2949.57,2957.42,2945.38,2948.89,1663.787502
1752404400000,2948.9,2966.85,2948.9,2964.38,3962.880158
1752408000000,2964.37,2993.94,2958.42,2986.22,9491.688795
1752411600000,2986.11,2995.68,2973.72,2989.72,5853.286298
1752415200000,2989.72,3020.38,2976.59,2987.99,17660.821361
1752418800000,2988.0,3005.49,2983.79,2992.61,21139.842197
1752422400000,2992.61,3000.6,2971.78,2974.06,23992.56747
1752426000000,2974.07,2996.65,2962.0,2991.64,4409.461147
1752429600000,2991.78,3002.12,2986.92,2993.9,2544.284462
1752433200000,2993.91,3010.75,2987.24,2989.05,3417.12939
1752436800000,2989.06,2998.77,2979.82,2992.0,3029.987467
1752440400000,2992.0,2992.07,2940.0,2965.0,11900.934568
1752444000000,2965.03,2969.98,2945.93,2959.28,4918.105254
1752447600000,2959.23,2979.34,2954.0,2972.01,3748.335289
1752451200000,2972.22,2988.1,2967.7,2975.63,2995.631877
1752454800000,2975.64,2978.99,2963.28,2974.47,3414.76179
1752458400000,2974.41,3017.14,2972.49,3001.2,12353.673187
1752462000000,3001.2,3053.41,2997.25,3037.46,26452.13779
1752465600000,3037.46,3058.66,3029.62,3052.98,13819.96593
1752469200000,3052.97,3066.0,3017.13,3040.29,20965.656399
1752472800000,3040.34,3043.87,3020.22,3023.5,8707.556524
1752476400000,3023.49,3051.88,3022.0,3044.82,13096.582466
1752480000000,3044.83,3045.36,3023.39,3039.63,8070.488603
1752483600000,3039.64,3075.0,3035.65,3044.45,15579.412793
1752487200000,3044.6,3079.49,3029.1,3066.8,18546.684895
1752490800000,3066.8,3083.33,3050.92,3051.72,12921.904881
1752494400000,3051.71,3057.8,3034.64,3051.12,14881.350132
1752498000000,3051.11,3065.43,3031.39,3056.2,13614.782018
1752501600000,3056.21,3068.07,3019.5,3029.53,19994.371655
1752505200000,3029.61,3033.74,2992.83,3012.3,22344.02592
1752508800000,3012.21,3030.14,2999.96,3025.92,16522.046402
1752512400000,3025.92,3025.92,3004.0,3009.36,9018.694523
1752516000000,3009.39,3013.51,2983.31,2989.69,8161.636253
1752519600000,2989.45,3003.4,2986.21,3000.43,8813.494339
1752523200000,3000.46,3011.93,2981.03,3004.01,4550.016839
1752526800000,3004.0,3017.15,3000.17,3010.97,3524.980346
1752530400000,3010.97,3019.09,3003.45,3013.95,3552.443101
1752534000000,3013.78,3015.4,3004.3,3013.79,2785.968687
1752537600000,3013.79,3023.4,2988.6,2992.8,5296.185615
1752541200000,2992.83,3000.78,2962.53,2976.71,13484.061313
1752544800000,2976.71,2986.78,2954.0,2974.49,15562.760796
1752548400000,2974.12,2974.69,2932.73,2952.0,20727.071181
1752552000000,2952.01,2972.61,2934.93,2968.18,10316.331244
1752555600000,2968.2,2974.64,2962.71,2974.64,4420.091259
1752559200000,2974.63,2992.99,2970.2,2985.68,9029.411897
1752562800000,2985.78,2995.82,2972.65,2977.57,10635.093308
1752566400000,2977.57,2983.57,2958.5,2974.3,6183.849085
1752570000000,2974.0,2989.68,2969.7,2972.8,2845.05938
1752573600000,2972.8,2980.0,2967.34,2974.11,2456.686779
1752577200000,2974.1,2982.85,2961.74,2980.94,4198.368214
1752580800000,2981.0,3013.88,2967.4,3000.3,17143.927854
1752584400000,3000.21,3067.34,2999.6,3051.91,35453.589517
1752588000000,3051.92,3064.49,2966.75,2977.86,33808.887937
1752591600000,2977.86,3048.0,2967.44,3039.72,26886.546841
1752595200000,3039.72,3066.55,3033.75,3048.05,24449.65489
1752598800000,3048.05,3097.7,3035.5,3096.28,15144.221865
1752602400000,3096.28,3098.01,3041.65,3065.82,17411.746196
1752606000000,3065.59,3086.2,3033.19,3041.41,14699.70617
1752609600000,3040.93,3052.01,3028.61,3041.23,6716.009279
1752613200000,3041.21,3085.46,3040.61,3081.02,5704.052784
1752616800000,3081.1,3094.62,3068.11,3094.0,5673.265266
1752620400000,3094.0,3144.36,3093.99,3137.65,21501.837142
1752624000000,3137.6,3152.7,3116.0,3142.62,12909.801006
1752627600000,3142.51,3149.19,3131.12,3139.63,8599.215513
1752631200000,3139.44,3142.0,3106.96,3115.7,12092.064631
1752634800000,3115.71,3120.85,3103.2,3116.48,6248.431473
1752638400000,3116.48,3131.6,3101.31,3129.0,7870.917499
1752642000000,3128.93,3151.52,3128.93,3142.57,12223.897715
1752645600000,3142.56,3166.66,3132.13,3165.13,10271.866261
1752649200000,3165.13,3175.0,3154.59,3162.08,17861.864738
1752652800000,3162.0,3173.53,3158.45,3164.8,24155.301295
1752656400000,3164.8,3172.43,3148.01,3162.58,13969.135761
1752660000000,3162.58,3163.3,3144.5,3144.75,6062.914465
1752663600000,3144.63,3159.29,3143.33,3151.04,4230.744868
1752667200000,3151.04,3180.91,3148.0,3165.29,7965.208142
1752670800000,3165.24,3198.49,3159.54,3196.01,14678.073983
1752674400000,3195.86,3266.93,3179.42,3252.07,48300.591665
1752678000000,3252.08,3262.81,3207.11,3244.76,25182.287989
1752681600000,3244.76,3294.36,3234.37,3285.65,21817.401099
1752685200000,3285.85,3324.3,3273.52,3317.36,23245.260032
1752688800000,3317.2,3371.5,3314.31,3335.9,28495.575545
1752692400000,3336.0,3383.58,3335.32,3383.57,19478.847805
1752696000000,3383.41,3423.99,3366.96,3380.22,36305.283357
1752699600000,3380.23,3399.29,3342.39,3374.27,12213.376356
1752703200000,3374.28,3390.33,3349.93,3363.1,9182.060122
1752706800000,3363.1,3374.99,3346.01,3371.4,9644.014055
1752710400000,3371.4,3398.72,3367.5,3376.81,11409.917555
1752714000000,3376.76,3395.99,3310.91,3338.31,20364.601847
1752717600000,3338.31,3362.28,3332.73,3349.06,8207.356216
1752721200000,3349.06,3350.0,3314.0,3330.3,10022.790657
1752724800000,3330.17,3352.05,3320.61,3350.89,5591.863477
1752728400000,3350.95,3377.74,3337.99,3374.32,7894.938582
1752732000000,3374.32,3445.0,3363.79,3441.29,29095.644179
1752735600000,3441.1,3470.19,3408.27,3448.51,29360.903219
1752739200000,3448.52,3450.69,3425.71,3448.51,10460.771159
1752742800000,3448.7,3479.4,3439.83,3466.01,16716.68508
1752746400000,3466.0,3482.35,3448.63,3458.34,14729.055729
1752750000000,3458.5,3459.99,3430.06,3433.46,9626.637496
1752753600000,3433.4,3441.24,3410.03,3425.88,12928.958865
1752757200000,3425.81,3431.98,3363.02,3400.51,27689.684877
1752760800000,3400.43,3433.7,3400.43,3426.78,14923.430044
1752764400000,3426.78,3432.83,3387.99,3420.39,15469.952717
1752768000000,3420.0,3427.49,3365.63,3394.6,24947.475165
1752771600000,3394.6,3428.96,3388.74,3424.01,10851.916089
1752775200000,3424.01,3442.58,3418.12,3426.85,8446.800488
1752778800000,3426.85,3456.0,3403.65,3412.01,14328.293269
1752782400000,3412.18,3420.43,3372.3,3420.42,12935.600637
1752786000000,3420.43,3500.0,3417.13,3467.7,30826.564994
1752789600000,3467.71,3493.33,3450.84,3466.41,8598.418844
1752793200000,3466.57,3524.12,3461.53,3476.89,20341.839382
1752796800000,3476.88,3540.99,3459.06,3538.28,21465.737529
1752800400000,3538.06,3626.66,3525.6,3615.06,41764.00276
1752804000000,3614.86,3626.74,3588.09,3601.72,17508.157952
1752807600000,3601.74,3606.99,3583.78,3596.53,14795.683715
1752811200000,3596.53,3620.85,3576.03,3619.28,13459.972541
1752814800000,3619.28,3674.19,3615.73,3670.06,22956.473862
1752818400000,3670.19,3670.19,3639.3,3650.4,13395.157991
1752822000000,3650.4,3669.46,3603.55,3605.52,27477.317244
1752825600000,3605.51,3628.57,3582.82,3604.09,18322.401089
1752829200000,3604.1,3623.78,3592.21,3621.31,12591.34267
1752832800000,3621.32,3623.52,3601.2,3617.7,7570.40402
1752836400000,3617.7,3624.45,3587.61,3610.41,9575.505029
1752840000000,3610.42,3639.37,3590.9,3637.91,9946.227599
1752843600000,3637.76,3657.48,3609.07,3639.2,18326.784814
1752847200000,3639.19,3671.83,3554.33,3585.29,44613.510366
1752850800000,3585.22,3589.09,3530.23,3563.96,29595.453106
1752854400000,3563.91,3588.92,3548.2,3573.44,12700.240916
1752858000000,3573.44,3624.52,3566.8,3600.43,10180.412089
1752861600000,3600.66,3606.81,3566.13,3572.37,9120.956988
1752865200000,3572.36,3583.08,3537.33,3551.16,18230.495432
1752868800000,3551.52,3555.13,3476.34,3517.38,26219.923675
1752872400000,3517.37,3571.87,3515.0,3554.46,11366.360969
1752876000000,3554.46,3577.09,3531.24,3538.49,9422.102491
1752879600000,3538.58,3551.49,3506.8,3547.16,8169.836639
1752883200000,3546.91,3566.57,3522.27,3522.54,8991.172527
1752886800000,3523.22,3552.65,3507.18,3545.42,5250.949873
1752890400000,3545.42,3576.8,3534.28,3569.77,6123.755614
1752894000000,3569.78,3599.0,3566.8,3593.0,10191.335018
1752897600000,3593.0,3608.58,3580.01,3589.89,5870.156887
1752901200000,3589.89,3595.3,3574.29,3585.43,4040.227883
1752904800000,3585.43,3586.89,3566.74,3570.89,4001.387759
1752908400000,3570.74,3587.7,3567.18,3571.22,5019.505685
1752912000000,3571.22,3577.94,3545.82,3553.89,6804.080409
1752915600000,3554.02,3569.24,3548.93,3557.81,3073.583992
1752919200000,3557.82,3568.19,3550.42,3557.64,3067.272712
1752922800000,3557.79,3577.32,3537.73,3552.41,6995.333845
1752926400000,3552.53,3564.99,3538.7,3561.99,6793.174666
1752930000000,3561.99,3572.71,3549.48,3558.61,5863.436689
1752933600000,3558.68,3561.88,3526.42,3531.98,6647.411027
1752937200000,3531.97,3563.23,3530.17,3552.19,5735.723862
1752940800000,3552.22,3570.41,3535.71,3560.02,7341.220543
1752944400000,3560.03,3561.97,3532.75,3543.01,4995.957074
1752948000000,3543.0,3562.0,3540.07,3552.8,2935.67301
1752951600000,3552.9,3582.23,3541.61,3578.01,6084.579058
1752955200000,3578.01,3593.83,3564.28,3564.28,4591.734432
1752958800000,3564.28,3574.42,3539.08,3571.62,6677.908764
1752962400000,3571.62,3591.11,3562.66,3576.65,2765.28645
1752966000000,3576.65,3598.75,3574.5,3592.11,3868.110483
1752969600000,3592.11,3597.79,3579.49,3591.11,4323.914805
1752973200000,3591.12,3626.3,3589.38,3604.69,10411.462436
1752976800000,3604.79,3624.54,3596.66,3616.25,4925.163411
1752980400000,3616.25,3694.0,3607.98,3657.81,25480.202326
1752984000000,3657.45,3666.49,3633.01,3654.15,11077.462695
1752987600000,3654.16,3662.65,3635.63,3647.3,6347.541233
1752991200000,3647.3,3660.0,3638.89,3652.69,4865.696273
1752994800000,3652.69,3689.89,3652.69,3668.01,10342.533613
1752998400000,3668.01,3716.81,3668.01,3710.9,20099.277722
1753002000000,3710.9,3727.99,3694.21,3706.2,15283.696915
1753005600000,3706.2,3712.99,3695.01,3699.01,8569.130722
1753009200000,3699.01,3767.91,3695.22,3755.95,24123.043043
1753012800000,3755.94,3755.98,3724.38,3747.0,13722.797543
1753016400000,3747.0,3757.72,3735.78,3748.77,11195.35493
1753020000000,3748.77,3767.99,3727.39,3767.29,9534.858472
1753023600000,3767.3,3790.0,3748.45,3785.88,14300.317606
1753027200000,3785.89,3824.15,3763.25,3808.93,26928.969456
1753030800000,3808.92,3808.92,3730.57,3739.02,21171.787815
1753034400000,3739.02,3758.24,3731.23,3750.5,12894.101013
1753038000000,3750.5,3773.72,3745.0,3750.21,6986.443902
1753041600000,3750.27,3754.78,3717.55,3740.34,14188.297165
1753045200000,3740.64,3773.32,3728.0,3770.57,9158.153278
1753048800000,3770.56,3772.22,3681.93,3747.85,24361.139536
1753052400000,3748.0,3768.77,3733.63,3756.92,9900.930389
1753056000000,3757.0,3757.4,3709.83,3746.46,14120.669687
1753059600000,3747.14,3753.91,3701.17,3723.91,10302.788429
1753063200000,3723.91,3749.5,3721.88,3743.31,9295.948102
1753066800000,3743.29,3766.31,3743.15,3757.6,8335.539957
1753070400000,3757.44,3780.52,3753.69,3762.4,11379.428751
1753074000000,3762.4,3784.64,3748.02,3782.9,8783.149599
1753077600000,3783.05,3812.98,3776.78,3788.01,18987.352755
1753081200000,3788.02,3807.42,3780.46,3787.99,7752.212279
1753084800000,3788.0,3811.89,3762.9,3777.82,11131.809869
1753088400000,3777.81,3787.45,3755.96,3772.62,11071.54295
1753092000000,3772.7,3823.3,3768.62,3811.11,12388.414806
1753095600000,3811.04,3837.58,3791.19,3808.26,12162.6545
1753099200000,3808.26,3825.41,3792.58,3810.81,16151.684476
1753102800000,3810.81,3826.44,3775.76,3820.43,15300.202043
1753106400000,3820.43,3858.88,3795.18,3841.63,18751.744974
1753110000000,3841.39,3851.95,3807.9,3810.29,10819.080304
1753113600000,3810.29,3818.26,3748.95,3768.18,28605.729514
1753117200000,3768.18,3790.66,3737.14,3770.11,13744.74115
1753120800000,3770.34,3800.95,3731.0,3736.74,11370.333481
1753124400000,3736.74,3769.85,3719.0,3736.7,11719.882846
1753128000000,3736.0,3765.37,3719.39,3756.3,7426.543523
1753131600000,3756.3,3764.99,3744.32,3750.84,3451.01235
1753135200000,3750.84,3781.8,3746.59,3761.72,4106.395703
1753138800000,3762.0,3775.71,3749.0,3762.77,5405.935983
1753142400000,3762.77,3776.26,3741.08,3743.1,5530.020716
1753146000000,3743.09,3798.94,3695.55,3794.71,25962.221853
1753149600000,3794.71,3795.59,3731.0,3737.5,9631.939468
1753153200000,3737.49,3745.0,3708.0,3732.09,13529.835609
1753156800000,3732.1,3734.75,3650.41,3655.39,27201.631346
1753160400000,3655.4,3697.0,3654.12,3690.29,17266.76678
1753164000000,3690.3,3718.0,3676.55,3691.24,10823.622202
1753167600000,3691.25,3714.01,3666.15,3677.2,14472.987983
1753171200000,3677.17,3677.17,3621.03,3650.07,21813.994007
1753174800000,3650.08,3667.68,3617.1,3660.42,17647.848057
1753178400000,3660.41,3698.81,3659.32,3698.61,10392.46225
1753182000000,3698.61,3720.0,3683.78,3705.71,12637.313403
1753185600000,3705.96,3711.53,3691.25,3702.4,9200.71122
1753189200000,3702.32,3707.37,3633.33,3648.39,28805.760668
1753192800000,3648.41,3707.6,3625.01,3706.47,23131.11823
1753196400000,3706.47,3729.4,3693.26,3717.92,23498.266771
1753200000000,3718.0,3749.66,3709.81,3717.16,13494.162013
1753203600000,3717.16,3721.42,3676.24,3699.67,12655.018714
1753207200000,3699.67,3724.15,3680.42,3710.44,10714.070594
1753210800000,3710.43,3720.18,3655.0,3669.7,13032.926563
1753214400000,3669.5,3710.7,3661.42,3707.09,9141.953404
1753218000000,3707.14,3711.25,3694.64,3705.78,2750.67449
1753221600000,3705.79,3731.2,3705.79,3720.07,4801.897069
1753225200000,3720.07,3750.83,3717.58,3746.39,8998.840433
1753228800000,3746.59,3762.45,3724.36,3725.39,9834.42784
1753232400000,3725.4,3742.2,3712.09,3738.56,5911.398804
1753236000000,3738.57,3764.12,3724.36,3745.75,13566.971016
1753239600000,3745.78,3759.2,3725.0,3729.01,6942.577207
1753243200000,3729.01,3736.29,3719.28,3735.3,5623.385055
1753246800000,3735.3,3738.33,3702.63,3714.11,7303.445655
1753250400000,3714.11,3715.93,3686.19,3694.46,9511.244049
1753254000000,3694.32,3699.97,3663.0,3673.13,10861.95202
1753257600000,3673.13,3692.11,3666.24,3691.61,9717.69182
1753261200000,3691.61,3697.97,3648.87,3658.67,13327.951858
1753264800000,3658.68,3669.55,3640.0,3665.51,10589.303793
1753268400000,3665.52,3678.0,3648.47,3671.79,7092.940285
1753272000000,3671.79,3681.0,3633.95,3639.73,9917.801385
1753275600000,3639.74,3663.41,3579.11,3587.45,44351.608065
1753279200000,3587.88,3625.0,3581.0,3617.7,24761.933467
1753282800000,3617.7,3648.08,3597.79,3644.79,18401.642928
1753286400000,3644.76,3644.76,3567.19,3571.33,18307.680725
1753290000000,3571.33,3594.63,3552.58,3587.63,22355.900823
1753293600000,3588.0,3607.48,3586.04,3604.86,7116.311681
1753297200000,3604.6,3613.5,3582.91,3588.01,9239.260043
1753300800000,3588.01,3605.57,3543.0,3568.03,17586.690762
1753304400000,3568.11,3593.68,3527.0,3592.1,17241.724379
1753308000000,3592.1,3620.65,3578.28,3610.8,8310.496746
1753311600000,3610.8,3636.6,3609.0,3628.82,6696.549827
1753315200000,3628.83,3646.29,3612.63,3645.97,6666.130027
1753318800000,3645.97,3648.32,3625.8,3647.7,5560.481592
1753322400000,3647.71,3652.35,3637.01,3649.78,4399.73748
1753326000000,3649.92,3665.08,3638.8,3640.8,9133.526101
1753329600000,3640.81,3657.93,3600.76,3609.09,12640.664129
1753333200000,3609.09,3610.0,3556.0,3556.87,14487.508619
1753336800000,3556.87,3579.79,3526.0,3544.84,12272.516005
1753340400000,3544.69,3596.25,3507.02,3592.0,33844.103806
1753344000000,3591.98,3644.32,3580.44,3633.79,14883.277243
1753347600000,3633.86,3643.92,3617.97,3636.1,13520.987031
1753351200000,3636.21,3658.8,3591.02,3621.3,13046.981505
1753354800000,3621.3,3660.79,3619.56,3655.0,10916.265945
1753358400000,3655.0,3660.0,3618.95,3642.9,8106.204811
1753362000000,3642.68,3655.78,3626.77,3630.58,9949.479441
1753365600000,3629.74,3737.76,3611.79,3734.58,28165.983722
1753369200000,3734.58,3770.74,3709.42,3730.73,31894.49973
1753372800000,3730.74,3732.3,3666.57,3686.65,16397.450875
1753376400000,3686.97,3734.26,3682.25,3724.87,9912.774225
1753380000000,3724.86,3750.84,3711.3,3740.8,6838.816533
1753383600000,3740.62,3754.35,3720.37,3733.28,10100.852611
1753387200000,3733.06,3743.5,3722.85,3735.57,4548.884948
1753390800000,3735.62,3743.15,3710.47,3726.08,8760.132072
1753394400000,3726.01,3735.38,3701.2,3724.07,12976.929483
1753398000000,3724.01,3724.01,3695.16,3707.19,10200.170648
1753401600000,3707.37,3708.5,3646.06,3659.35,15907.620078
1753405200000,3659.34,3691.02,3640.26,3682.76,12427.291902
1753408800000,3682.62,3690.79,3615.0,3615.2,16884.685419
1753412400000,3615.53,3633.52,3573.72,3595.62,25430.019782
1753416000000,3595.62,3651.86,3579.42,3648.0,12972.514154
1753419600000,3648.18,3649.5,3610.52,3633.28,10489.663459
1753423200000,3633.28,3643.77,3610.58,3631.22,10163.344164
1753426800000,3631.29,3667.44,3599.14,3631.7,19773.325644
1753430400000,3631.78,3678.0,3628.61,3664.49,14802.414343
1753434000000,3664.59,3732.74,3649.74,3726.35,19071.525887
1753437600000,3726.4,3746.69,3705.43,3718.72,10952.910685
1753441200000,3718.91,3743.82,3715.8,3720.71,7316.882165
1753444800000,3720.96,3734.72,3693.32,3704.25,11085.821635
1753448400000,3704.26,3720.18,3675.79,3706.35,12438.339109
1753452000000,3706.23,3709.0,3620.85,3628.47,18384.902696
1753455600000,3628.71,3647.38,3601.86,3634.13,13674.514952
1753459200000,3634.21,3645.31,3616.18,3640.7,10407.575217
1753462800000,3640.57,3652.83,3621.16,3636.41,7769.975279
1753466400000,3636.32,3657.84,3635.48,3650.0,4632.1202
1753470000000,3650.0,3659.76,3640.48,3640.88,4244.915106
1753473600000,3641.04,3697.88,3639.53,3685.4,6304.256325
1753477200000,3685.5,3727.0,3685.21,3719.77,9041.064705
1753480800000,3719.99,3730.54,3715.29,3720.8,5533.674745
1753484400000,3720.33,3729.75,3709.0,3724.71,3824.1427
1753488000000,3724.94,3728.1,3711.2,3725.56,3353.98342
1753491600000,3725.56,3726.0,3697.04,3701.64,4515.377003
1753495200000,3701.61,3767.79,3701.61,3742.11,18120.089813
1753498800000,3742.05,3747.36,3727.33,3739.26,4363.067309
1753502400000,3739.26,3753.65,3737.18,3748.16,4124.269153
1753506000000,3748.16,3757.0,3733.87,3747.93,3462.584828
1753509600000,3747.92,3750.5,3730.87,3739.87,3402.088874
1753513200000,3739.87,3748.57,3738.0,3742.12,3568.77447
1753516800000,3742.12,3779.91,3742.12,3762.63,9652.262992
1753520400000,3762.63,3765.86,3748.62,3758.9,4014.409992
1753524000000,3758.9,3783.75,3752.39,3759.91,7588.355947
1753527600000,3759.99,3770.0,3730.07,3739.75,8818.187719
1753531200000,3739.75,3752.13,3726.0,3742.16,5970.192595
1753534800000,3742.17,3754.98,3736.21,3744.02,4627.414995
1753538400000,3744.03,3748.82,3725.0,3728.61,10494.730735
1753542000000,3728.62,3740.7,3716.31,3736.03,5191.402653
1753545600000,3736.04,3742.3,3719.77,3728.54,4704.086425
1753549200000,3728.54,3735.42,3721.69,3723.99,2195.323308
1753552800000,3723.99,3757.21,3709.15,3740.06,9496.921546
1753556400000,3740.07,3756.37,3739.73,3750.46,3316.43128
1753560000000,3750.46,3752.0,3733.56,3745.1,2176.961335
1753563600000,3745.0,3764.08,3737.99,3758.98,2660.376129
1753567200000,3758.99,3795.0,3742.65,3750.47,16218.207894
1753570800000,3750.48,3755.87,3736.99,3741.67,2172.06873
1753574400000,3741.83,3756.61,3730.72,3756.34,3422.945922
1753578000000,3756.35,3773.0,3750.69,3756.39,3857.764474
1753581600000,3756.4,3788.43,3752.27,3785.54,4359.163675
1753585200000,3784.94,3786.95,3770.32,3774.18,3234.993273
1753588800000,3774.19,3792.66,3768.45,3791.22,3478.697069
1753592400000,3791.23,3811.87,3783.53,3791.48,12435.134698
1753596000000,3791.48,3791.76,3765.0,3772.74,5463.812064
1753599600000,3772.73,3783.33,3762.86,3768.17,4807.042847
1753603200000,3768.17,3776.77,3764.23,3770.94,2782.34703
1753606800000,3770.85,3773.99,3750.74,3763.57,5027.399323
1753610400000,3763.57,3841.48,3763.21,3817.04,18243.230595
1753614000000,3817.05,3836.51,3805.0,3815.39,10192.453929
1753617600000,3815.33,3837.05,3806.0,3826.1,10100.742294
1753621200000,3826.0,3831.23,3807.0,3810.4,3440.161614
1753624800000,3810.37,3823.95,3792.0,3809.84,5273.110367
1753628400000,3809.84,3821.69,3793.68,3819.01,4280.434466
1753632000000,3819.16,3852.45,3811.1,3816.16,14986.42431
1753635600000,3816.59,3842.32,3808.75,3838.6,5461.337857
1753639200000,3838.25,3868.99,3833.38,3846.26,9001.994497
1753642800000,3846.26,3852.5,3826.66,3829.25,3649.899237
1753646400000,3828.8,3843.52,3820.01,3822.93,2861.481174
1753650000000,3822.94,3841.18,3816.06,3837.26,2389.242246
1753653600000,3837.27,3880.18,3836.39,3864.73,9230.845976
1753657200000,3864.4,3876.86,3838.88,3872.99,5686.081732
1753660800000,3872.9,3887.6,3855.1,3862.19,10540.219806
1753664400000,3862.19,3865.57,3844.48,3850.21,5333.147144
1753668000000,3850.21,3907.0,3843.0,3885.73,21643.628343
1753671600000,3885.98,3893.91,3868.24,3879.91,4304.979742
1753675200000,3879.76,3905.0,3868.3,3902.31,6727.833607
1753678800000,3902.31,3941.79,3900.19,3929.76,14941.234335
1753682400000,3929.76,3934.11,3908.9,3912.83,10162.044749
1753686000000,3913.14,3914.45,3876.03,3893.17,10850.600235
1753689600000,3893.17,3903.86,3882.6,3891.68,6260.624077
1753693200000,3891.68,3897.89,3872.03,3894.56,8543.441778
1753696800000,3894.19,3897.25,3875.8,3887.36,6340.053887
1753700400000,3887.36,3893.58,3858.48,3879.25,7454.981729
1753704000000,3879.25,3890.02,3868.71,3870.94,6524.495087
1753707600000,3870.95,3874.63,3825.41,3843.44,18364.154183
1753711200000,3843.7,3852.3,3773.0,3784.62,29124.848993
1753714800000,3784.63,3822.22,3781.0,3807.63,14322.814782
1753718400000,3807.62,3822.6,3792.93,3806.23,6369.773155
1753722000000,3806.13,3810.12,3778.79,3784.79,6692.356211
1753725600000,3784.8,3788.75,3753.27,3782.57,10890.773107
1753729200000,3782.58,3806.8,3764.3,3797.69,10052.605818
1753732800000,3797.46,3804.02,3765.81,3787.66,5996.158693
1753736400000,3787.71,3803.32,3775.2,3789.28,3422.184691
1753740000000,3789.26,3803.33,3766.0,3787.26,6119.772706
1753743600000,3787.26,3800.46,3774.91,3798.32,10520.855834
1753747200000,3798.32,3822.21,3743.02,3780.71,21836.950683
1753750800000,3780.72,3799.12,3757.97,3759.05,8932.129559
1753754400000,3759.06,3773.66,3730.59,3759.13,12689.820693
1753758000000,3759.13,3798.37,3759.13,3791.63,9025.093467
1753761600000,3791.81,3802.78,3774.82,3778.27,4978.335026
1753765200000,3778.19,3807.76,3778.19,3807.6,4057.410581
1753768800000,3807.61,3834.07,3801.57,3829.0,10565.712042
1753772400000,3829.01,3881.72,3828.61,3877.21,21131.796589
1753776000000,3877.21,3886.19,3859.23,3872.09,10667.639523
1753779600000,3872.4,3879.84,3863.81,3872.87,5048.715804
1753783200000,3872.24,3874.94,3824.32,3829.65,10180.794861
1753786800000,3829.37,3839.81,3811.71,3825.47,8317.262422
1753790400000,3825.73,3860.18,3821.84,3853.02,11706.053829
1753794000000,3852.48,3874.99,3829.33,3838.93,11944.563404
1753797600000,3838.77,3840.16,3770.0,3782.25,18034.480417
1753801200000,3782.25,3783.75,3747.0,3761.42,17915.504312
1753804800000,3761.42,3770.9,3716.51,3752.0,20294.195234
1753808400000,3751.27,3793.96,3744.55,3769.66,14552.585658
1753812000000,3769.2,3776.64,3751.68,3771.34,4847.045405
1753815600000,3771.29,3797.0,3759.03,3766.0,12188.169818
1753819200000,3765.52,3784.83,3741.0,3765.62,12124.956997
1753822800000,3765.71,3786.0,3753.54,3781.25,6067.030777
1753826400000,3781.26,3795.48,3759.76,3792.72,6153.068358
1753830000000,3792.8,3802.75,3783.79,3794.0,6256.297826
1753833600000,3794.0,3795.5,3755.27,3775.3,6750.717082
1753837200000,3775.0,3812.48,3761.73,3792.29,6909.637086
1753840800000,3792.1,3822.56,3785.0,3812.73,6294.667796
1753844400000,3812.6,3829.02,3805.52,3817.38,4650.116232
1753848000000,3817.38,3825.25,3799.18,3808.7,3753.675009
1753851600000,3808.7,3815.58,3786.01,3809.85,6939.863341
1753855200000,3809.85,3830.58,3809.41,3824.62,7446.449061
1753858800000,3824.62,3834.26,3802.59,3811.15,7553.683861
1753862400000,3811.05,3826.0,3797.44,3815.0,7256.341729
1753866000000,3815.19,3820.83,3775.44,3786.43,9638.478675
1753869600000,3786.44,3807.5,3767.92,3773.89,5812.377422
1753873200000,3773.95,3786.13,3744.55,3758.79,11373.271244
1753876800000,3758.7,3786.0,3749.52,3774.11,8227.459534
1753880400000,3774.0,3786.24,3750.01,3766.43,12483.865634
1753884000000,3766.59,3832.1,3764.42,3819.74,11862.57663
1753887600000,3819.36,3822.61,3777.75,3797.71,9114.289661
1753891200000,3797.72,3817.45,3781.28,3796.37,6826.397434
1753894800000,3796.4,3815.23,3792.0,3805.5,7438.812819
1753898400000,3805.36,3822.86,3737.12,3738.36,21455.210382
1753902000000,3738.21,3773.32,3675.98,3760.69,40072.208725
1753905600000,3760.49,3787.87,3756.76,3770.63,7529.17207
1753909200000,3770.19,3775.32,3742.4,3763.24,4245.193393
1753912800000,3762.89,3771.21,3755.72,3763.38,1925.066286
1753916400000,3763.4,3812.03,3763.09,3810.43,9430.089792
1753920000000,3810.43,3849.8,3801.17,3843.69,11463.992575
1753923600000,3843.7,3850.0,3829.01,3837.47,7086.842765
1753927200000,3837.47,3864.61,3830.98,3862.77,10950.058858
1753930800000,3862.77,3868.32,3856.09,3863.63,6046.340565
1753934400000,3863.64,3871.62,3854.37,3871.29,5497.656052
1753938000000,3871.28,3871.32,3855.98,3859.36,6111.241713
1753941600000,3859.37,3883.06,3855.01,3874.21,6594.09151
1753945200000,3874.29,3878.15,3860.83,3864.09,6423.288479
1753948800000,3864.11,3874.66,3858.01,3863.71,4328.389921
1753952400000,3863.71,3867.09,3854.15,3863.23,5142.292231
1753956000000,3863.08,3866.91,3852.0,3855.2,4832.598845
1753959600000,3855.15,3858.42,3826.3,3838.48,9561.242073
1753963200000,3838.48,3845.64,3823.24,3835.27,8433.104591
1753966800000,3835.27,3835.93,3786.45,3807.46,14979.526183
1753970400000,3807.46,3816.31,3766.66,3769.05,11646.62124
1753974000000,3769.05,3799.94,3762.85,3788.35,9980.538491
1753977600000,3788.35,3821.02,3781.62,3804.11,8632.703826
1753981200000,3804.34,3804.91,3767.51,3775.72,7075.031744
1753984800000,3775.5,3788.8,3748.77,3775.52,10322.969819
1753988400000,3775.72,3781.57,3735.09,3737.87,8263.574742
1753992000000,3737.87,3749.38,3718.36,3735.02,9792.967537
1753995600000,3735.0,3758.78,3710.0,3730.95,7313.018439
1753999200000,3730.88,3731.59,3702.85,3709.81,7152.846982
1754002800000,3709.9,3730.08,3685.0,3698.64,9545.469162
1754006400000,3698.24,3699.3,3615.85,3681.77,30723.210783
1754010000000,3681.58,3697.29,3652.69,3689.86,16906.078453
1754013600000,3689.33,3724.56,3680.84,3716.41,11662.325705
1754017200000,3716.63,3724.67,3700.98,3704.72,5314.074542
1754020800000,3704.71,3704.71,3677.24,3682.01,7990.60335
1754024400000,3682.02,3694.88,3664.68,3675.17,5912.409305
1754028000000,3675.16,3682.46,3640.39,3662.62,10428.890243
1754031600000,3662.62,3669.55,3625.0,3650.86,19364.508723
1754035200000,3650.85,3650.85,3586.0,3609.51,25720.363308
1754038800000,3609.2,3640.33,3604.79,3618.62,10165.861037
1754042400000,3618.62,3634.55,3609.61,3615.87,6284.45695
1754046000000,3615.87,3643.74,3606.36,3642.92,7862.283729
1754049600000,3642.8,3674.79,3630.6,3663.8,16306.10336
1754053200000,3663.96,3675.87,3577.27,3600.39,20125.433276
1754056800000,3600.0,3655.99,3564.44,3633.15,19980.172019
1754060400000,3633.19,3636.4,3582.89,3616.0,11925.805288
1754064000000,3616.0,3634.19,3575.46,3587.8,11844.618287
1754067600000,3587.74,3601.77,3563.55,3572.22,12594.980564
1754071200000,3572.21,3585.8,3536.32,3550.17,20806.688673
1754074800000,3550.16,3561.82,3515.0,3518.4,17827.124934
1754078400000,3518.27,3543.14,3492.14,3542.1,17664.850057
1754082000000,3542.22,3552.93,3532.95,3536.7,6013.231322
1754085600000,3536.75,3544.32,3430.02,3463.57,25313.140119
1754089200000,3463.55,3493.11,3449.43,3487.88,10634.118824
1754092800000,3487.88,3515.91,3477.84,3515.91,16423.889525
1754096400000,3515.63,3523.11,3496.84,3517.01,8220.9
1754100000000,3517.01,3527.56,3514.03,3524.01,4813.44407
1754103600000,3524.1,3532.26,3519.11,3528.59,4027.194981
1754107200000,3528.6,3536.91,3514.1,3533.42,4397.39385
1754110800000,3533.43,3537.76,3516.17,3519.6,3837.595828
1754114400000,3519.6,3519.9,3453.88,3479.71,12933.920529
1754118000000,3479.48,3521.81,3469.11,3519.51,12328.766311
1754121600000,3519.5,3524.52,3486.3,3491.49,6060.313962
1754125200000,3491.17,3504.41,3481.16,3492.37,3420.405055
1754128800000,3492.38,3495.38,3474.21,3490.81,5174.191457
1754132400000,3490.94,3517.99,3482.36,3508.53,4619.662637
1754136000000,3508.3,3514.94,3496.8,3508.66,3694.999066
1754139600000,3508.93,3516.52,3492.53,3509.24,4334.182314
1754143200000,3509.33,3517.66,3466.66,3479.17,8203.957772
1754146800000,3479.1,3492.19,3451.01,3459.3,6569.53729
1754150400000,3459.15,3478.0,3433.4,3472.0,11686.482241
1754154000000,3471.99,3480.93,3414.55,3423.94,10650.469966
1754157600000,3424.0,3433.35,3371.9,3384.0,21718.551433
1754161200000,3383.81,3425.79,3376.0,3382.95,10438.57404
1754164800000,3382.95,3424.05,3381.86,3423.8,4498.075967
1754168400000,3423.81,3441.57,3406.68,3412.27,7415.166205
1754172000000,3412.46,3428.29,3388.69,3411.0,6938.410433
1754175600000,3411.01,3418.97,3368.0,3394.3,11991.382509
1754179200000,3394.31,3412.66,3355.27,3409.8,18765.677033
1754182800000,3409.6,3423.59,3401.07,3413.34,5295.985629
1754186400000,3413.34,3445.71,3413.01,3443.86,6317.01406
1754190000000,3443.81,3452.28,3439.27,3443.55,6935.066339
1754193600000,3443.56,3448.0,3433.84,3444.18,3650.699917
1754197200000,3444.19,3455.88,3440.75,3444.86,4248.455192
1754200800000,3445.09,3448.32,3437.0,3440.39,3095.94166
1754204400000,3440.46,3459.65,3440.19,3456.13,6390.777606
1754208000000,3456.13,3468.94,3453.73,3462.59,4362.35612
1754211600000,3462.6,3467.33,3455.0,3466.01,1923.10219
1754215200000,3466.0,3488.0,3465.0,3485.08,4754.389474
1754218800000,3485.09,3516.61,3484.0,3484.81,9790.889511
1754222400000,3484.82,3504.39,3475.13,3490.0,6760.841338
1754226000000,3489.99,3499.28,3484.01,3492.2,2812.234714
1754229600000,3492.2,3494.55,3463.93,3471.81,6215.703245
1754233200000,3471.81,3478.81,3454.54,3476.23,6352.957961
1754236800000,3476.11,3496.82,3467.37,3494.92,3627.073365
1754240400000,3494.89,3499.45,3480.18,3489.86,2242.483386
1754244000000,3489.86,3498.71,3481.21,3496.4,3356.116759
1754247600000,3496.4,3514.97,3488.55,3496.94,4659.055203
1754251200000,3496.94,3498.0,3483.33,3492.6,2377.360701
1754254800000,3492.61,3508.57,3488.82,3502.21,2613.430019
1754258400000,3502.21,3515.31,3483.27,3503.4,3809.101128
1754262000000,3503.4,3522.0,3496.0,3496.98,4898.472449
1754265600000,3497.0,3552.0,3491.25,3546.03,9976.591809
1754269200000,3546.03,3559.0,3533.94,3537.64,9533.35971
1754272800000,3537.65,3572.1,3524.48,3571.84,8456.272835
1754276400000,3571.69,3576.46,3555.01,3556.92,3715.478253
1754280000000,3556.88,3565.69,3536.21,3539.6,7764.809433
1754283600000,3539.8,3541.47,3524.15,3533.78,6316.516062
1754287200000,3533.78,3541.99,3520.24,3539.17,5075.69995
1754290800000,3539.16,3554.77,3536.45,3552.2,4161.590789
1754294400000,3552.26,3564.9,3542.27,3550.59,5305.645431
1754298000000,3550.6,3563.94,3545.28,3547.26,3001.745699
1754301600000,3547.4,3574.47,3544.99,3554.64,3375.707103
1754305200000,3554.64,3566.72,3550.1,3555.81,3353.964373
1754308800000,3555.84,3573.2,3551.05,3570.2,4093.145516
1754312400000,3570.38,3621.22,3560.02,3621.0,21737.966059
1754316000000,3621.0,3666.0,3618.14,3639.4,29358.684301
1754319600000,3639.51,3657.33,3634.61,3648.75,7118.536697
1754323200000,3648.76,3699.42,3648.61,3686.01,19531.51974
1754326800000,3686.01,3718.98,3678.68,3681.63,11733.837164
1754330400000,3681.6,3693.75,3671.47,3676.63,6554.423664
1754334000000,3676.66,3688.76,3665.61,3669.92,12327.488445
1754337600000,3669.61,3713.19,3660.93,3700.4,11270.536553
1754341200000,3700.4,3732.99,3699.12,3710.22,9851.237517
1754344800000,3710.32,3737.11,3710.32,3732.79,8198.450932
1754348400000,3732.8,3733.63,3709.4,3721.2,6096.439967
1754352000000,3721.2,3723.16,3693.52,3697.31,6565.083026
1754355600000,3697.32,3707.51,3678.05,3680.59,6882.09531
1754359200000,3680.39,3688.05,3672.53,3680.61,3752.200523
1754362800000,3680.66,3681.77,3647.7,3652.2,8782.97939
1754366400000,3652.01,3668.33,3643.12,3649.24,8091.63419
1754370000000,3649.24,3668.83,3647.01,3664.79,7119.066164
1754373600000,3664.8,3680.5,3635.43,3651.12,10275.133975
1754377200000,3651.11,3657.07,3601.54,3613.44,18918.546629
1754380800000,3613.43,3638.58,3608.41,3635.39,6972.694036
1754384400000,3635.21,3666.7,3634.0,3660.81,7460.562317
1754388000000,3660.99,3694.26,3654.0,3682.99,6817.214598
1754391600000,3683.0,3686.24,3661.36,3673.85,5917.403665
1754395200000,3673.92,3682.1,3610.0,3628.6,10514.419322
1754398800000,3628.46,3659.86,3618.69,3646.9,8582.23541
1754402400000,3646.81,3647.68,3559.91,3578.37,32045.692897
1754406000000,3578.36,3598.92,3557.08,3570.64,16835.9893
1754409600000,3570.61,3594.96,3563.65,3578.12,9453.841838
1754413200000,3578.13,3609.37,3576.67,3605.81,5406.344699
1754416800000,3605.62,3612.79,3567.72,3587.6,3386.283457
1754420400000,3587.6,3594.73,3559.33,3571.15,5206.936813
1754424000000,3571.15,3597.64,3571.14,3576.51,4451.042156
1754427600000,3576.58,3590.84,3569.63,3575.41,2776.062723
1754431200000,3575.3,3599.4,3545.0,3597.18,6162.792981
1754434800000,3597.08,3624.78,3594.03,3612.16,5857.633859
1754438400000,3612.16,3614.29,3571.0,3577.22,5987.318241
1754442000000,3577.01,3595.87,3564.41,3592.58,5285.637459
1754445600000,3592.57,3596.61,3574.26,3592.42,2560.842623
1754449200000,3592.42,3594.6,3572.1,3583.69,1896.185911
1754452800000,3583.61,3585.0,3570.1,3573.63,1764.491421
1754456400000,3573.74,3662.7,3569.47,3638.65,15992.636362
1754460000000,3638.8,3644.29,3615.73,3632.69,5109.019233
1754463600000,3632.79,3649.0,3625.33,3640.14,4397.649331
1754467200000,3640.19,3644.08,3609.38,3622.23,7731.858585
1754470800000,3622.2,3644.99,3616.72,3627.48,5468.768845
1754474400000,3627.47,3633.81,3611.58,3616.52,5555.596931
1754478000000,3616.61,3630.87,3610.0,3619.73,3325.25503
1754481600000,3619.59,3623.6,3579.49,3584.4,8279.052638
1754485200000,3584.4,3605.0,3573.06,3602.75,9408.515479
1754488800000,3602.77,3637.55,3588.09,3637.03,11810.669262
1754492400000,3637.07,3669.75,3620.55,3664.81,9449.32125
1754496000000,3664.81,3674.54,3640.53,3645.6,9004.434003
1754499600000,3645.4,3684.58,3638.37,3682.41,4997.581148
1754503200000,3682.4,3698.79,3672.86,3677.14,4919.9543
1754506800000,3677.13,3685.88,3669.34,3683.79,2642.973961
1754510400000,3683.79,3683.79,3667.13,3674.65,2115.696529
1754514000000,3674.61,3685.48,3652.12,3669.99,5651.752823
1754517600000,3670.0,3682.97,3666.05,3682.69,1703.449255
1754521200000,3682.76,3686.08,3674.18,3683.11,1606.751897
1754524800000,3683.11,3683.11,3663.69,3673.98,2862.738236
1754528400000,3673.99,3716.92,3667.06,3667.8,7255.266449
1754532000000,3667.77,3678.12,3650.42,3659.13,4634.28496
1754535600000,3659.01,3665.0,3647.84,3657.2,2767.326795
1754539200000,3657.21,3670.33,3655.6,3662.28,2125.899653
1754542800000,3662.27,3688.68,3659.4,3687.89,3153.156541
1754546400000,3687.89,3711.0,3686.57,3694.9,8453.424419
1754550000000,3695.0,3710.0,3694.01,3702.2,6150.627967
1754553600000,3702.2,3727.68,3702.2,3721.51,9356.950468
1754557200000,3721.51,3734.6,3714.42,3731.69,4316.131972
1754560800000,3731.68,3826.46,3730.0,3821.02,36533.628981
1754564400000,3821.02,3843.62,3806.85,3827.2,17776.065605
1754568000000,3827.2,3851.73,3823.67,3849.59,11315.471388
1754571600000,3849.59,3866.0,3826.77,3857.69,17703.791259
1754575200000,3857.68,3858.64,3802.89,3820.15,12813.732527
1754578800000,3820.0,3841.39,3814.61,3836.8,10890.474571
1754582400000,3836.91,3843.54,3780.55,3815.02,13810.317873
1754586000000,3815.09,3834.43,3804.83,3829.86,5146.571444
1754589600000,3829.72,3830.83,3808.66,3827.6,3480.209254
1754593200000,3827.59,3877.3,3822.22,3868.05,9340.237997
1754596800000,3868.01,3880.91,3851.65,3874.4,6171.832659
1754600400000,3874.45,3886.7,3858.39,3871.39,6551.055315
1754604000000,3871.39,3927.5,3868.33,3916.51,15689.103237
1754607600000,3916.82,3918.22,3889.6,3910.1,7936.648218
1754611200000,3910.08,3937.83,3881.36,3900.24,20790.973404
1754614800000,3900.24,3919.0,3880.58,3887.47,17687.749465
1754618400000,3887.4,3906.0,3879.34,3893.99,5570.734582
1754622000000,3893.99,3969.99,3892.9,3939.41,18285.83661
1754625600000,3939.42,3939.74,3915.76,3920.94,6640.029
1754629200000,3920.94,3921.27,3895.16,3902.01,6181.750539
1754632800000,3902.0,3920.58,3895.15,3915.03,5804.306857
1754636400000,3915.01,3928.78,3900.67,3915.66,11108.466444
1754640000000,3915.66,3927.4,3885.41,3898.73,7870.369493
1754643600000,3898.73,3902.0,3884.63,3900.12,3732.261213
1754647200000,3900.07,3908.3,3886.03,3897.55,2831.945874
1754650800000,3897.57,3921.0,3897.45,3918.07,4735.258623
1754654400000,3918.0,3918.61,3892.3,3892.31,5629.99876
1754658000000,3892.31,4013.0,3891.43,4000.01,37357.80857
1754661600000,4000.0,4005.71,3943.34,3984.01,26566.550095
1754665200000,3984.01,3988.88,3925.97,3954.49,15637.955068
1754668800000,3954.63,3977.27,3950.27,3970.89,9962.874194
1754672400000,3971.0,4035.19,3968.0,4033.2,20333.408055
1754676000000,4033.08,4056.8,4030.3,4056.79,18668.536168
1754679600000,4056.79,4066.0,4031.17,4060.53,7628.458183
1754683200000,4060.71,4071.38,4045.31,4057.86,6603.284687
1754686800000,4057.78,4059.0,4037.58,4037.58,3281.759006
1754690400000,4037.59,4039.16,4017.65,4024.87,6408.203312
1754694000000,4024.87,4032.57,4006.53,4009.95,4056.599066
1754697600000,4009.99,4026.15,4006.52,4017.12,3562.669614
1754701200000,4017.04,4037.56,4010.58,4033.21,4392.693613
1754704800000,4033.21,4038.57,4025.0,4032.59,4336.916916
1754708400000,4032.59,4051.99,4025.71,4050.79,7395.178835
1754712000000,4050.8,4100.0,4044.59,4080.55,14096.244829
1754715600000,4080.54,4214.96,4075.38,4181.6,48221.537859
1754719200000,4181.76,4183.7,4143.92,4162.51,13113.146811
1754722800000,4162.46,4176.37,4156.2,4170.0,9111.019433
1754726400000,4169.99,4202.0,4165.75,4189.74,10119.283023
1754730000000,4189.75,4239.26,4173.49,4219.39,14974.536769
1754733600000,4219.21,4247.28,4212.74,4216.9,12662.850135
1754737200000,4217.0,4217.85,4185.13,4190.29,6696.009158
1754740800000,4190.29,4208.12,4180.0,4196.8,5446.937256
1754744400000,4196.81,4199.66,4165.0,4165.93,12249.876984
1754748000000,4165.94,4198.57,4153.4,4196.81,10513.541096
1754751600000,4196.98,4227.0,4172.01,4209.01,11882.09716
1754755200000,4209.01,4225.79,4193.2,4207.56,7329.692009
1754758800000,4207.56,4239.36,4200.1,4234.99,4888.848998
1754762400000,4234.99,4255.96,4220.29,4242.21,7727.953885
1754766000000,4242.21,4271.0,4237.01,4258.55,7960.184224
1754769600000,4258.54,4293.83,4256.41,4290.13,9773.436089
1754773200000,4290.23,4300.0,4261.95,4277.77,9054.984861
1754776800000,4277.78,4326.69,4242.14,4264.48,23630.234475
1754780400000,4264.5,4275.0,4246.29,4260.97,6049.241494
1754784000000,4260.98,4332.52,4248.44,4311.23,9342.89367
1754787600000,4311.19,4322.83,4287.56,4300.97,10290.429071
1754791200000,4301.14,4305.58,4247.17,4247.4,15811.970244
1754794800000,4247.22,4258.16,4206.31,4242.64,19683.551416
1754798400000,4242.67,4264.54,4226.76,4251.66,4803.256582
1754802000000,4251.65,4251.94,4211.57,4220.72,7237.784638
1754805600000,4220.75,4237.8,4202.09,4225.0,7639.8987
1754809200000,4225.08,4233.89,4175.56,4184.6,12076.724279
1754812800000,4184.6,4218.2,4160.07,4209.21,11494.902302
1754816400000,4209.2,4230.19,4209.16,4225.0,4441.899642
1754820000000,4225.02,4232.4,4193.12,4197.52,6084.499542
1754823600000,4197.66,4222.95,4176.66,4180.29,8292.409998
1754827200000,4180.29,4201.6,4173.4,4200.8,4906.160338
1754830800000,4200.8,4205.43,4165.0,4167.01,5253.802327
1754834400000,4167.01,4226.41,4160.51,4219.3,10837.803868
1754838000000,4219.2,4237.82,4210.84,4217.52,6318.317895
1754841600000,4217.4,4241.67,4214.01,4233.21,6446.495062
1754845200000,4233.2,4247.08,4223.68,4224.01,3071.832625
1754848800000,4224.09,4236.39,4217.17,4235.7,1792.041682
1754852400000,4235.7,4259.71,4230.22,4249.2,4451.40155
1754856000000,4249.18,4250.47,4207.0,4216.66,5928.246683
1754859600000,4216.67,4223.52,4185.85,4223.52,5531.085972
1754863200000,4223.49,4251.48,4205.02,4250.51,5209.298611
1754866800000,4250.51,4254.94,4228.02,4251.13,5588.851206
1754870400000,4250.91,4285.69,4238.1,4263.06,10164.790224
1754874000000,4263.04,4322.3,4261.18,4303.43,20661.067017
1754877600000,4303.58,4342.99,4294.44,4309.29,20527.622565
1754881200000,4309.29,4312.2,4284.41,4309.59,9267.527922
1754884800000,4309.59,4350.0,4304.83,4319.4,10898.154482
1754888400000,4319.4,4331.36,4292.31,4305.9,6070.464527
1754892000000,4305.9,4312.38,4294.97,4298.76,4787.622007
1754895600000,4298.75,4303.99,4266.66,4274.18,8196.843331
1754899200000,4274.17,4285.22,4252.76,4281.92,5813.271592
1754902800000,4281.93,4284.25,4260.94,4266.16,3730.195694
1754906400000,4266.17,4269.0,4221.0,4236.12,10204.624163
1754910000000,4236.44,4239.99,4171.1,4185.05,13369.44521
1754913600000,4185.05,4196.25,4166.07,4184.23,11699.61372
1754917200000,4184.67,4302.12,4170.58,4279.91,23889.618047
1754920800000,4279.91,4320.58,4263.01,4277.44,17116.548954
1754924400000,4277.72,4332.0,4259.37,4329.72,13815.860902
1754928000000,4329.72,4367.05,4311.44,4311.8,20596.840181
1754931600000,4311.8,4323.13,4283.31,4293.53,9387.90487
1754935200000,4293.68,4308.56,4266.53,4295.5,10108.350333
1754938800000,4295.61,4310.03,4234.0,4259.52,18230.719619
1754942400000,4259.5,4259.5,4221.37,4243.79,7697.28074
1754946000000,4243.72,4256.94,4189.0,4220.03,7066.129175
1754949600000,4220.03,4225.49,4190.2,4220.8,5498.171202
1754953200000,4220.79,4235.89,4215.0,4223.69,4072.659331
1754956800000,4223.68,4283.46,4218.24,4274.09,9007.033773
1754960400000,4274.19,4291.15,4258.85,4269.99,6554.979146
1754964000000,4270.0,4311.91,4262.51,4291.71,7501.991149
1754967600000,4291.61,4304.87,4274.95,4285.88,6533.593925
1754971200000,4285.88,4322.0,4280.41,4311.09,6630.388945
1754974800000,4311.09,4311.09,4266.13,4285.19,9834.778084
1754978400000,4285.2,4311.0,4272.44,4290.6,6458.115005
1754982000000,4290.61,4319.9,4290.61,4315.79,8148.459661
1754985600000,4315.79,4332.82,4294.07,4310.62,7560.550222
1754989200000,4310.61,4317.39,4285.72,4288.0,4598.312272
1754992800000,4288.0,4299.13,4273.88,4277.52,7891.139249
1754996400000,4277.52,4297.51,4257.88,4290.99,6344.355242
1755000000000,4290.96,4428.44,4277.94,4405.92,45358.038644
1755003600000,4406.0,4433.68,4352.9,4383.13,31224.582646
1755007200000,4383.12,4424.34,4374.83,4415.46,13756.235169
1755010800000,4415.33,4481.35,4414.25,4472.2,22131.428924
1755014400000,4472.2,4486.78,4440.56,4466.09,22859.330106
1755018000000,4466.14,4507.08,4463.41,4499.75,22524.87516
1755021600000,4499.75,4519.3,4477.58,4490.05,12842.986059
1755025200000,4490.05,4519.35,4482.31,4517.16,10148.176368
1755028800000,4517.23,4640.42,4504.15,4620.88,37109.100308
1755032400000,4620.68,4620.68,4578.27,4586.13,12394.762137
1755036000000,4586.13,4591.6,4563.05,4576.1,11182.40295
1755039600000,4576.09,4616.65,4573.09,4590.2,9421.680443
1755043200000,4590.2,4639.0,4583.05,4614.19,17088.50353
1755046800000,4614.2,4618.08,4564.66,4585.35,11118.672278
1755050400000,4585.31,4628.83,4569.09,4623.3,11330.854439
1755054000000,4623.3,4656.76,4608.23,4646.75,14728.654115
1755057600000,4646.76,4683.36,4645.01,4673.78,16860.931241
1755061200000,4673.78,4674.59,4621.14,4632.09,10880.278454
1755064800000,4632.08,4649.9,4608.0,4623.1,9677.533229
1755068400000,4623.1,4633.2,4611.19,4625.31,9499.517204
1755072000000,4625.32,4639.33,4608.86,4625.54,9615.530922
1755075600000,4625.54,4713.0,4623.01,4707.34,16486.101024
1755079200000,4707.34,4716.42,4686.6,4694.26,9456.091508
1755082800000,4694.3,4707.65,4668.8,4689.72,7150.060454
1755086400000,4689.72,4721.21,4674.69,4685.4,14985.654692
1755090000000,4685.41,4737.0,4645.03,4670.54,24672.227678
1755093600000,4670.64,4703.54,4633.0,4647.94,25591.025978
1755097200000,4648.0,4673.85,4615.51,4664.39,14825.125247
1755100800000,4664.5,4735.99,4660.66,4700.53,17533.118213
1755104400000,4700.52,4735.93,4696.91,4726.41,10879.319763
1755108000000,4726.41,4751.46,4688.71,4716.16,11595.562922
1755111600000,4716.15,4750.0,4708.8,4739.73,12198.493531
1755115200000,4739.29,4742.5,4698.0,4717.33,5729.511732
1755118800000,4717.61,4776.0,4713.51,4721.02,11406.397415
1755122400000,4720.91,4783.97,4705.74,4734.42,16719.442898
1755126000000,4734.42,4784.69,4732.7,4749.94,8025.851521
1755129600000,4750.0,4765.51,4712.5,4717.19,11139.928634
1755133200000,4717.19,4749.78,4709.0,4720.93,6913.741318
1755136800000,4720.92,4769.0,4718.76,4750.81,8388.067725
1755140400000,4750.72,4779.25,4741.66,4774.29,19254.386219
1755144000000,4774.29,4786.52,4751.61,4759.09,8904.961309
1755147600000,4759.1,4771.76,4725.0,4732.14,8380.738836
1755151200000,4732.14,4790.66,4716.53,4775.0,13994.816127
1755154800000,4775.0,4775.0,4730.0,4748.29,9063.698853
1755158400000,4748.29,4749.66,4720.0,4725.92,6811.590005
1755162000000,4725.91,4762.78,4719.01,4758.8,8639.349908
1755165600000,4758.8,4766.01,4673.84,4708.06,19196.393985
1755169200000,4708.06,4723.11,4692.4,4718.59,7426.4285
1755172800000,4718.58,4736.36,4516.48,4568.42,87520.748924
1755176400000,4568.41,4637.5,4451.16,4612.52,57886.632873
1755180000000,4612.85,4703.71,4580.1,4671.23,27681.851237
1755183600000,4671.23,4686.86,4588.37,4618.9,26452.94433
1755187200000,4619.16,4623.91,4515.27,4546.87,26756.412572
1755190800000,4546.88,4565.9,4506.62,4548.72,12734.881482
1755194400000,4548.71,4559.0,4479.37,4538.13,14083.432771
1755198000000,4538.14,4573.73,4534.07,4537.48,6986.066316
1755201600000,4537.49,4546.22,4506.69,4533.44,8385.059865
1755205200000,4533.43,4543.98,4454.0,4478.09,11184.861629
1755208800000,4478.08,4533.06,4457.1,4531.94,6227.566547
1755212400000,4531.95,4573.31,4529.91,4546.7,8150.410483
1755216000000,4546.7,4591.11,4537.36,4562.96,8881.761849
1755219600000,4562.96,4612.0,4555.39,4603.91,10450.412965
1755223200000,4603.91,4642.85,4595.84,4621.67,9419.541511
1755226800000,4621.68,4650.0,4613.44,4634.59,7839.548797
1755230400000,4634.6,4647.35,4612.01,4624.8,6300.761724
1755234000000,4624.8,4632.66,4605.49,4618.68,4500.740239
1755237600000,4618.68,4663.0,4617.8,4647.31,8414.475255
1755241200000,4647.31,4653.99,4627.0,4641.0,7134.21844
1755244800000,4641.0,4666.48,4632.42,4641.2,5636.157923
1755248400000,4641.19,4653.21,4612.5,4624.13,7041.109846
1755252000000,4624.13,4649.2,4623.61,4636.01,5111.970072
1755255600000,4636.01,4647.74,4622.96,4634.3,5981.80883
1755259200000,4634.3,4670.68,4591.99,4628.43,18424.39244
1755262800000,4628.43,4631.55,4534.5,4540.26,22727.831136
1755266400000,4540.11,4579.03,4475.25,4493.43,24080.047731
1755270000000,4493.43,4500.0,4395.26,4431.25,31841.09744
1755273600000,4431.24,4434.84,4372.61,4415.83,20194.821904
1755277200000,4415.84,4461.66,4374.11,4439.41,13584.692953
1755280800000,4439.53,4454.55,4380.0,4396.25,8580.677855
1755284400000,4396.26,4425.84,4376.01,4383.34,6040.237741
1755288000000,4383.36,4433.51,4367.66,4426.57,5339.794346
1755291600000,4426.1,4430.71,4392.51,4429.27,4941.227695
1755295200000,4429.27,4479.28,4412.58,4475.89,8752.042943
1755298800000,4475.89,4493.57,4409.23,4439.4,9686.268383
1755302400000,4439.4,4484.0,4431.86,4476.03,7254.936556
1755306000000,4476.03,4490.0,4452.5,4486.7,7442.527149
1755309600000,4487.41,4487.42,4434.01,4444.79,6299.422123
1755313200000,4444.8,4457.56,4425.27,4432.76,3689.314023
1755316800000,4432.76,4457.52,4429.66,4454.23,2402.897268
1755320400000,4454.22,4455.0,4418.0,4421.64,3558.159084
1755324000000,4421.65,4434.23,4408.05,4419.08,7510.952641
1755327600000,4419.02,4464.76,4418.71,4451.65,10121.642852
1755331200000,4451.7,4459.1,4439.17,4442.2,4323.45216
1755334800000,4442.21,4459.25,4390.0,4397.0,8165.841506
1755338400000,4397.0,4415.03,4373.61,4404.21,11640.161058
1755342000000,4404.2,4425.0,4385.21,4387.89,4393.224665
1755345600000,4387.9,4412.17,4375.5,4410.13,7081.679627
1755349200000,4410.13,4428.27,4384.49,4393.79,6050.797067
1755352800000,4393.8,4418.56,4388.0,4413.34,3218.746606
1755356400000,4413.34,4419.94,4387.71,4400.99,2842.453819
1755360000000,4400.32,4416.99,4396.63,4408.25,2054.732952
1755363600000,4408.25,4409.5,4391.0,4405.49,2039.549357
1755367200000,4405.21,4422.0,4399.17,4409.64,2838.088066
1755370800000,4409.7,4442.15,4408.1,4418.47,2903.254951
1755374400000,4418.47,4437.84,4410.01,4431.7,2404.826469
1755378000000,4431.69,4431.8,4406.4,4408.29,1338.898573
1755381600000,4408.21,4434.67,4402.82,4426.61,1917.849164
1755385200000,4426.61,4431.38,4410.6,4422.4,2049.812141
1755388800000,4422.48,4427.4,4410.0,4412.71,1761.480704
1755392400000,4412.61,4420.66,4394.56,4406.37,5677.893358
1755396000000,4406.31,4435.0,4398.43,4434.1,3088.075004
1755399600000,4434.2,4459.22,4428.0,4452.53,5955.165515
1755403200000,4452.54,4489.24,4452.0,4483.6,8598.039517
1755406800000,4483.6,4491.14,4467.29,4470.07,6844.434216
1755410400000,4470.05,4484.0,4455.44,4456.99,5122.353735
1755414000000,4457.0,4472.49,4443.96,4467.15,4341.149064
1755417600000,4467.15,4538.09,4458.85,4535.11,9870.381751
1755421200000,4535.1,4559.0,4526.05,4543.13,10647.160473
1755424800000,4543.18,4575.82,4529.01,4568.4,6751.054983
1755428400000,4568.3,4569.2,4547.3,4551.8,5044.982471
1755432000000,4551.81,4553.96,4534.87,4541.71,3287.279443
1755435600000,4541.71,4550.0,4518.32,4536.1,5130.276468
1755439200000,4536.09,4558.87,4532.36,4552.99,3575.689055
1755442800000,4553.0,4565.63,4543.62,4561.54,4292.12254
1755446400000,4561.42,4566.43,4504.24,4517.69,8725.716934
1755450000000,4517.74,4534.0,4504.56,4524.01,3934.151583
1755453600000,4524.01,4532.79,4425.76,4469.1,13394.837169
1755457200000,4469.1,4483.67,4446.14,4459.5,7027.211026
1755460800000,4459.51,4478.7,4456.97,4467.71,1941.604909
1755464400000,4467.72,4486.4,4462.5,4475.18,1591.403103
1755468000000,4475.2,4534.37,4472.01,4521.93,5355.65423
1755471600000,4522.01,4523.22,4467.42,4472.9,7538.603376
1755475200000,4472.89,4482.96,4438.0,4463.69,8644.162089
1755478800000,4463.7,4470.0,4383.3,4396.9,19931.220663
1755482400000,4396.91,4402.72,4307.0,4320.8,32185.546017
1755486000000,4320.79,4337.98,4278.1,4321.01,19820.322298
1755489600000,4321.0,4343.11,4303.0,4337.46,11263.97882
1755493200000,4337.47,4349.32,4260.48,4313.39,11897.657692
1755496800000,4313.39,4313.4,4230.0,4252.9,17503.450867
1755500400000,4252.91,4274.56,4237.5,4257.51,15103.768724
1755504000000,4257.5,4287.05,4251.57,4259.52,10564.268172
1755507600000,4259.53,4319.89,4226.03,4292.99,22933.624482
1755511200000,4293.0,4309.16,4259.07,4264.74,10361.856571
1755514800000,4264.74,4278.91,4252.89,4274.21,5672.330396
1755518400000,4274.21,4345.0,4270.72,4343.8,22483.267341
1755522000000,4343.8,4369.86,4283.21,4286.3,17759.50835
1755525600000,4286.3,4334.94,4273.8,4333.62,19259.702666
1755529200000,4333.68,4348.93,4297.72,4345.7,8500.889803
1755532800000,4345.71,4361.0,4300.11,4320.61,7850.627561
1755536400000,4320.6,4380.7,4313.31,4343.4,9489.819309
1755540000000,4343.4,4373.44,4327.27,4367.09,4968.99284
1755543600000,4367.1,4385.77,4343.93,4355.2,6047.925944
1755547200000,4354.93,4368.0,4317.07,4332.79,5983.317991
1755550800000,4332.45,4362.99,4326.41,4353.01,6019.189341
1755554400000,4353.3,4388.18,4339.71,4340.81,9607.308247
1755558000000,4340.81,4351.34,4305.36,4313.9,6564.886191
1755561600000,4313.83,4344.12,4266.45,4343.1,13104.25492
1755565200000,4343.1,4356.23,4286.89,4295.9,10210.111165
1755568800000,4295.91,4302.0,4281.84,4286.55,7312.694992
1755572400000,4286.34,4292.3,4214.24,4219.1,30120.246289
1755576000000,4219.09,4235.65,4194.0,4235.3,21101.210148
1755579600000,4235.3,4250.37,4220.05,4230.61,6487.540319
1755583200000,4230.61,4249.98,4224.35,4241.77,6680.040894
1755586800000,4241.88,4245.36,4204.51,4234.71,10429.603182
1755590400000,4234.7,4270.39,4218.66,4256.46,7219.666289
1755594000000,4256.5,4307.34,4254.57,4281.5,8898.752933
1755597600000,4281.51,4301.78,4275.53,4285.99,3674.602087
1755601200000,4285.99,4317.13,4285.81,4309.01,4214.71765
1755604800000,4309.01,4314.83,4284.79,4305.3,4495.966597
1755608400000,4305.29,4340.0,4263.85,4292.0,14845.192221
1755612000000,4292.01,4306.65,4183.87,4192.23,23680.270004
1755615600000,4192.01,4232.14,4170.0,4191.81,19740.86204
1755619200000,4191.82,4206.41,4137.5,4141.91,17482.172666
1755622800000,4141.91,4189.13,4132.66,4185.66,9890.653572
1755626400000,4185.65,4187.5,4122.07,4145.38,6902.597178
1755630000000,4145.82,4168.29,4114.18,4141.86,10590.810387
1755633600000,4142.08,4163.94,4115.29,4159.38,7382.73262
1755637200000,4159.15,4164.85,4136.87,4153.61,3718.285897
1755640800000,4153.61,4155.28,4119.8,4132.09,6703.110491
1755644400000,4132.1,4135.71,4067.41,4075.71,20287.515998
1755648000000,4075.61,4116.0,4074.89,4105.38,12224.547189
1755651600000,4105.03,4123.28,4062.66,4110.62,13923.638922
1755655200000,4110.63,4143.19,4106.06,4137.79,11472.096517
1755658800000,4137.79,4158.88,4128.65,4141.28,6521.473411
1755662400000,4141.29,4181.2,4139.52,4170.31,8883.612377
1755666000000,4170.13,4184.61,4154.51,4183.63,9930.184911
1755669600000,4183.63,4189.0,4169.29,4182.3,12202.820056
1755673200000,4182.0,4212.35,4181.98,4185.5,8039.630588
1755676800000,4185.5,4241.91,4180.04,4239.93,12885.75932
1755680400000,4239.34,4239.34,4217.47,4222.82,7701.29391
1755684000000,4222.81,4233.1,4210.67,4227.01,3981.744998
1755687600000,4227.01,4231.9,4150.08,4195.29,11174.851008
1755691200000,4195.4,4222.18,4175.87,4205.1,7598.600951
1755694800000,4205.09,4215.29,4127.42,4135.7,14194.020621
1755698400000,4135.7,4235.9,4106.8,4213.16,20479.246872
1755702000000,4213.16,4309.65,4205.36,4255.19,24892.079089
1755705600000,4254.9,4329.0,4254.31,4302.09,13297.742709
1755709200000,4301.8,4365.11,4298.21,4343.86,11720.754214
1755712800000,4343.86,4345.91,4263.0,4291.57,11192.856932
1755716400000,4291.68,4351.87,4286.4,4346.59,8739.678666
1755720000000,4346.19,4371.44,4331.64,4355.61,5529.848804
1755723600000,4355.6,4366.66,4321.09,4342.01,14768.517522
1755727200000,4342.01,4377.6,4336.83,4366.18,8320.063581
1755730800000,4366.1,4367.55,4325.59,4336.25,6638.863966
1755734400000,4336.24,4336.25,4305.98,4323.95,7339.361275
1755738000000,4323.99,4336.83,4297.01,4331.28,5042.083514
1755741600000,4331.27,4340.12,4277.78,4292.7,8578.768333
1755745200000,4292.7,4333.38,4292.13,4294.8,5629.867803
1755748800000,4294.85,4308.0,4284.63,4295.13,3204.26282
1755752400000,4295.13,4321.29,4282.73,4318.15,4292.746855
1755756000000,4318.15,4318.4,4284.0,4307.45,2636.71687
1755759600000,4307.45,4313.32,4271.0,4311.0,4165.731356
1755763200000,4311.0,4315.15,4285.5,4286.01,5692.829833
1755766800000,4286.01,4291.96,4256.46,4277.34,5910.813584
1755770400000,4277.39,4306.12,4264.21,4291.73,4164.938517
1755774000000,4291.73,4311.57,4267.14,4278.99,5628.59975
1755777600000,4278.99,4286.3,4237.01,4249.73,7998.674604
1755781200000,4249.73,4295.45,4241.6,4262.01,8429.309859
1755784800000,4262.01,4328.45,4254.01,4274.17,13951.496278
1755788400000,4274.17,4277.05,4226.26,4243.06,9934.716413
1755792000000,4243.07,4260.68,4215.51,4222.01,9153.24312
1755795600000,4222.02,4246.72,4208.2,4242.69,6583.270477
1755799200000,4242.69,4269.37,4234.18,4261.5,3787.826665
1755802800000,4261.5,4274.88,4217.77,4223.91,5564.72621
1755806400000,4223.83,4261.02,4204.02,4242.89,5498.245672
1755810000000,4242.6,4256.89,4211.53,4243.53,4497.971909
1755813600000,4243.54,4261.59,4236.37,4253.32,2304.672179
1755817200000,4253.33,4253.6,4210.27,4225.93,4205.218548
1755820800000,4225.7,4256.85,4224.31,4246.02,3807.709945
1755824400000,4246.02,4266.42,4222.5,4257.21,4936.533295
1755828000000,4257.31,4315.4,4251.18,4290.9,10380.982241
1755831600000,4290.9,4300.99,4265.18,4279.31,5207.651078
1755835200000,4279.29,4308.0,4274.0,4281.21,7081.816053
1755838800000,4281.2,4294.35,4272.06,4291.1,3234.548758
1755842400000,4291.1,4319.32,4280.4,4294.77,6099.339653
1755846000000,4294.78,4345.4,4291.44,4328.0,10123.402893
1755849600000,4328.0,4354.12,4326.45,4329.0,7478.697562
1755853200000,4329.0,4331.94,4306.1,4328.88,6739.056987
1755856800000,4328.89,4330.43,4288.89,4296.49,5686.544925
1755860400000,4296.5,4300.0,4273.35,4274.6,6108.729826
1755864000000,4274.61,4278.33,4207.74,4245.3,15629.357571
1755867600000,4245.29,4321.68,4233.39,4290.88,12435.191269
1755871200000,4290.88,4648.99,4290.2,4613.99,107709.621313
1755874800000,4613.99,4668.14,4613.39,4616.17,31062.335314
1755878400000,4616.16,4779.37,4616.16,4746.16,46603.719419
1755882000000,4746.16,4850.0,4745.85,4799.89,39378.672104
1755885600000,4799.85,4805.98,4753.0,4789.75,14792.998066
1755889200000,4789.75,4858.62,4783.01,4832.46,22301.583187
1755892800000,4832.59,4867.98,4812.5,4849.17,14931.742989
1755896400000,4848.97,4887.5,4837.7,4851.4,17305.18684
1755900000000,4851.4,4855.57,4795.44,4811.08,10854.841399
1755903600000,4811.09,4847.14,4808.04,4831.6,7594.008826
1755907200000,4831.7,4831.7,4802.7,4808.0,11925.895075
1755910800000,4808.01,4817.32,4756.68,4780.2,13833.569389
1755914400000,4780.19,4792.55,4662.85,4715.26,24109.03681
1755918000000,4715.17,4723.82,4674.04,4694.95,8516.673789
1755921600000,4694.96,4748.4,4693.72,4747.51,8814.526064
1755925200000,4747.51,4765.42,4728.57,4751.45,7066.988364
1755928800000,4751.46,4762.99,4734.42,4745.61,5039.827803
1755932400000,4745.61,4750.99,4706.77,4713.17,11377.428808
1755936000000,4713.25,4730.36,4698.42,4718.7,6601.015479
1755939600000,4718.7,4742.46,4707.07,4738.55,5107.583104
1755943200000,4738.56,4745.4,4711.04,4712.38,4677.820538
1755946800000,4712.4,4730.0,4690.91,4704.74,4204.619307
1755950400000,4704.8,4734.8,4693.0,4714.89,5450.830952
1755954000000,4714.9,4734.5,4707.2,4718.3,5851.138649
1755957600000,4718.31,4758.18,4716.1,4725.96,12476.620921
1755961200000,4725.96,4768.29,4720.2,4750.51,11254.927318
1755964800000,4750.51,4761.59,4742.7,4742.71,5161.653311
1755968400000,4742.71,4751.27,4727.15,4749.41,2500.581468
1755972000000,4749.41,4758.91,4743.91,4752.61,1838.939709
1755975600000,4752.7,4761.12,4747.91,4758.31,2760.626612
1755979200000,4758.3,4759.41,4742.3,4751.66,1408.778962
1755982800000,4751.6,4752.8,4737.86,4749.57,1883.135115
1755986400000,4749.56,4786.0,4749.56,4781.92,3468.590219
1755990000000,4781.92,4798.83,4768.0,4778.76,4233.953191
1755993600000,4778.76,4817.69,4774.65,4798.05,7395.651631
1755997200000,4798.06,4798.76,4759.11,4776.99,4896.2016
1756000800000,4777.0,4791.3,4771.51,4776.13,4096.554571
1756004400000,4776.2,4797.0,4753.62,4788.89,6122.247002
1756008000000,4789.08,4800.54,4777.23,4793.55,4080.734098
1756011600000,4793.56,4794.75,4780.0,4783.93,3959.559185
1756015200000,4783.94,4788.02,4757.69,4760.89,5604.43305
1756018800000,4760.89,4784.6,4758.59,4759.29,3942.528318
1756022400000,4759.29,4779.74,4745.04,4777.13,11503.335385
1756026000000,4777.12,4786.8,4761.1,4772.67,7363.58028
1756029600000,4772.68,4775.3,4732.05,4740.6,6999.152335
1756033200000,4740.5,4750.48,4720.14,4747.86,10602.521098
1756036800000,4747.86,4757.69,4738.49,4755.28,5675.285684
1756040400000,4755.16,4780.9,4754.17,4769.15,8198.608885
1756044000000,4769.16,4800.0,4760.1,4795.11,8167.063102
1756047600000,4795.1,4830.0,4785.45,4798.42,18227.385792
1756051200000,4798.42,4837.87,4794.9,4821.7,8469.365917
1756054800000,4821.7,4936.5,4821.26,4905.2,25361.294214
1756058400000,4905.2,4957.98,4896.79,4934.56,17671.624295
1756062000000,4934.56,4956.59,4743.33,4812.2,59630.241208
1756065600000,4812.21,4814.78,4708.43,4786.49,32915.12452
1756069200000,4786.55,4824.87,4754.08,4785.05,11768.879687
1756072800000,4785.05,4792.72,4723.06,4781.14,12227.176572
1756076400000,4781.16,4804.65,4772.97,4780.31,8968.984453
1756080000000,4780.35,4797.92,4670.03,4700.89,26213.006016
1756083600000,4700.71,4746.17,4698.67,4731.83,8826.286809
1756087200000,4731.84,4775.58,4727.32,4764.72,9215.356121
1756090800000,4764.71,4773.97,4721.0,4727.18,7289.021549
1756094400000,4727.21,4739.54,4692.85,4718.81,9066.063447
1756098000000,4718.87,4730.96,4702.55,4705.45,4606.21688
1756101600000,4705.45,4708.89,4617.71,4631.73,17330.113183
1756105200000,4631.8,4654.54,4582.63,4591.8,21203.489085
1756108800000,4591.81,4616.0,4557.51,4600.02,16319.764889
1756112400000,4600.01,4614.99,4571.0,4613.51,10513.980878
1756116000000,4613.5,4613.52,4520.74,4544.69,21000.872476
1756119600000,4544.7,4600.59,4544.0,4599.78,10539.206329
1756123200000,4599.78,4647.89,4586.0,4647.5,11074.2764
1756126800000,4647.49,4664.12,4592.1,4629.99,16927.908795
1756130400000,4630.0,4684.2,4619.81,4659.59,16327.786009
1756134000000,4659.58,4668.88,4605.7,4612.28,7754.012589
1756137600000,4612.54,4645.64,4591.59,4595.86,8954.015973
1756141200000,4595.86,4601.06,4565.2,4586.79,7689.870174
1756144800000,4586.8,4597.54,4569.5,4574.56,4824.470437
1756148400000,4574.6,4578.02,4416.09,4420.63,23923.969945
1756152000000,4420.67,4446.8,4333.34,4352.96,28740.651999
1756155600000,4352.72,4389.35,4338.64,4351.37,14974.921332
1756159200000,4351.37,4416.99,4351.37,4392.42,8454.431754
1756162800000,4392.43,4392.48,4354.11,4376.72,8103.207687
1756166400000,4376.78,4395.37,4320.29,4331.91,16385.496517
1756170000000,4331.99,4424.34,4311.48,4421.8,15152.112919
1756173600000,4421.87,4452.2,4387.8,4396.68,11252.044943
1756177200000,4396.61,4409.64,4373.57,4402.71,5828.573479
1756180800000,4403.0,4442.72,4403.0,4434.59,7605.995784
1756184400000,4434.6,4448.56,4421.44,4430.31,4648.775878
1756188000000,4430.3,4441.9,4406.0,4414.74,7069.386605
1756191600000,4414.48,4454.44,4394.12,4429.6,9471.045951
1756195200000,4429.6,4446.85,4405.32,4420.39,5543.174662
1756198800000,4420.39,4442.5,4408.25,4420.52,7492.495207
1756202400000,4420.52,4450.7,4418.48,4441.49,6135.36701
1756206000000,4441.48,4466.38,4408.3,4427.74,7320.994247
1756209600000,4427.75,4536.8,4405.79,4497.0,20719.799776
1756213200000,4496.81,4520.12,4436.58,4480.0,17039.573653
1756216800000,4480.0,4560.38,4452.94,4552.77,14464.826974
1756220400000,4552.76,4578.59,4506.0,4518.79,13588.035264
1756224000000,4519.0,4557.0,4497.99,4554.91,7886.143282
1756227600000,4554.77,4559.6,4505.27,4522.08,9437.689457
1756231200000,4522.08,4564.92,4521.3,4548.33,6313.11124
1756234800000,4548.33,4598.0,4527.25,4596.6,9431.034187
1756238400000,4596.52,4611.99,4570.0,4585.18,9235.028245
1756242000000,4585.11,4607.76,4562.62,4604.0,5657.471223
1756245600000,4604.0,4609.7,4577.25,4601.17,5302.998031
1756249200000,4601.16,4634.0,4590.0,4600.41,7739.797574
1756252800000,4600.4,4601.83,4564.14,4570.12,6187.177915
1756256400000,4570.01,4574.71,4540.15,4562.93,6784.34566
1756260000000,4562.96,4588.63,4546.45,4576.86,5547.107864
1756263600000,4576.86,4626.66,4546.46,4603.05,7320.419734
1756267200000,4603.01,4643.33,4597.8,4628.72,7665.617156
1756270800000,4628.73,4645.22,4609.48,4613.76,5450.43789
1756274400000,4614.0,4614.0,4583.51,4586.84,5219.879697
1756278000000,4586.85,4592.34,4559.96,4580.29,7258.596412
1756281600000,4580.3,4597.44,4555.92,4595.45,5885.376414
1756285200000,4595.44,4620.33,4586.73,4588.0,6384.449453
1756288800000,4588.4,4613.59,4570.72,4581.4,4064.572877
1756292400000,4581.41,4614.91,4581.3,4608.56,2072.777458
1756296000000,4608.56,4625.45,4578.58,4614.95,7433.737385
1756299600000,4614.95,4658.74,4575.38,4595.78,13494.564027
1756303200000,4595.8,4664.0,4584.0,4613.27,16246.445849
1756306800000,4613.27,4659.73,4608.49,4657.69,7488.784952
1756310400000,4657.7,4658.29,4605.72,4631.01,6784.127101
1756314000000,4631.0,4646.12,4610.38,4631.61,4139.79462
1756317600000,4631.6,4643.56,4588.0,4591.43,4176.864212
1756321200000,4591.42,4599.64,4533.11,4565.48,11893.053524
1756324800000,4565.29,4613.71,4510.6,4594.41,18824.353807
1756328400000,4594.41,4596.36,4514.28,4527.2,5442.872978
1756332000000,4527.48,4536.87,4481.94,4524.0,7071.795092
1756335600000,4524.0,4539.94,4490.71,4507.13,6911.569477
1756339200000,4507.14,4522.49,4466.99,4493.96,8012.973557
1756342800000,4493.96,4523.39,4493.96,4516.8,5459.218258
1756346400000,4516.8,4528.28,4507.3,4512.51,3257.017834
1756350000000,4512.51,4548.99,4505.74,4541.81,5836.687882
1756353600000,4541.8,4580.55,4534.92,4571.02,5599.927007
1756357200000,4571.03,4588.17,4553.06,4570.31,4733.234011
1756360800000,4570.31,4587.0,4555.25,4584.0,4574.139984
1756364400000,4583.91,4600.74,4566.42,4596.77,5887.71841
1756368000000,4596.7,4634.58,4594.71,4604.36,9320.28662
1756371600000,4604.33,4605.21,4581.04,4586.79,4129.324374
1756375200000,4586.8,4613.0,4581.69,4610.76,3957.207949
1756378800000,4610.76,4610.81,4584.13,4594.99,3779.47383
1756382400000,4594.99,4614.01,4575.76,4599.7,6966.660419
1756386000000,4599.64,4614.95,4561.54,4574.99,10770.842156
1756389600000,4575.0,4593.42,4544.78,4567.67,13173.980509
1756393200000,4567.68,4574.23,4485.02,4504.5,14781.606221
1756396800000,4504.49,4530.6,4460.21,4465.43,11725.474598
1756400400000,4465.93,4498.26,4463.59,4490.21,4849.894222
1756404000000,4490.2,4508.99,4473.4,4481.3,3970.204828
1756407600000,4481.3,4493.18,4437.0,4438.89,18983.897636
1756411200000,4439.16,4470.83,4429.88,4459.24,5361.047066
1756414800000,4459.11,4492.0,4457.07,4489.13,3728.851183
1756418400000,4488.86,4516.32,4488.35,4506.49,3112.489656
1756422000000,4506.5,4515.59,4493.9,4511.68,2930.512363
1756425600000,4511.69,4517.68,4468.62,4482.1,5380.29002
1756429200000,4482.1,4491.23,4434.9,4456.4,7328.940305
1756432800000,4456.4,4495.86,4450.54,4481.0,6066.822553
1756436400000,4481.01,4505.51,4468.08,4490.0,4990.57367
1756440000000,4490.0,4498.2,4468.6,4477.35,3476.612466
1756443600000,4477.36,4485.0,4463.99,4480.2,3260.18192
1756447200000,4480.21,4487.93,4444.8,4456.54,12054.766019
1756450800000,4456.55,4456.55,4368.35,4381.56,22553.085205
1756454400000,4381.56,4399.13,4330.1,4335.12,15887.542429
1756458000000,4335.0,4346.2,4319.07,4338.0,12332.748301
1756461600000,4337.89,4362.53,4333.91,4346.8,8480.25212
1756465200000,4346.82,4359.03,4332.84,4346.51,4600.511381
1756468800000,4346.51,4455.25,4346.51,4407.5,21245.595391
1756472400000,4407.51,4413.71,4314.84,4331.39,20771.621594
1756476000000,4331.38,4356.25,4263.85,4282.74,26778.611209
1756479600000,4282.74,4348.93,4281.37,4316.29,13576.845029
1756483200000,4316.3,4355.0,4296.16,4336.0,9158.55127
1756486800000,4335.93,4360.0,4314.12,4332.81,9650.305595
1756490400000,4332.75,4341.53,4306.39,4315.42,4002.692333
1756494000000,4315.15,4367.0,4306.28,4340.81,5517.860872
1756497600000,4340.81,4348.4,4312.93,4321.5,4429.069025
1756501200000,4321.72,4380.14,4305.45,4365.4,5123.643856
1756504800000,4365.41,4367.99,4344.25,4366.46,3178.564178
1756508400000,4366.47,4375.98,4358.0,4360.71,1845.459146
1756512000000,4360.6,4363.15,4330.01,4343.25,3751.441693
1756515600000,4343.25,4348.86,4258.4,4265.52,11387.246435
1756519200000,4265.53,4317.02,4257.36,4304.43,7641.641314
1756522800000,4304.43,4382.53,4303.58,4352.4,7350.322753
1756526400000,4352.42,4369.37,4350.15,4352.43,2070.154715
1756530000000,4352.43,4402.12,4347.5,4379.88,6761.293576
1756533600000,4379.88,4405.0,4374.29,4397.13,7330.189572
1756537200000,4397.13,4415.88,4390.0,4402.22,12085.434815
1756540800000,4402.21,4407.4,4385.0,4395.37,3590.015689
1756544400000,4395.19,4397.5,4376.82,4391.71,3024.602497
1756548000000,4391.72,4407.41,4384.16,4392.29,3158.825201
1756551600000,4392.29,4401.99,4383.53,4392.15,2481.748654
1756555200000,4392.0,4393.65,4343.68,4367.54,4572.188076
1756558800000,4367.55,4367.55,4331.93,4358.73,5296.331187
1756562400000,4358.73,4369.86,4338.0,4363.97,2857.336633
1756566000000,4363.98,4383.38,4357.08,4376.97,2799.310563
1756569600000,4376.97,4376.97,4359.6,4362.3,2728.564154
1756573200000,4362.31,4373.37,4348.68,4362.1,1649.90311
1756576800000,4362.1,4367.21,4346.33,4350.78,1388.535086
1756580400000,4350.78,4355.26,4336.0,4354.6,1057.81915
1756584000000,4354.61,4355.08,4333.18,4343.99,1027.277748
1756587600000,4343.94,4356.35,4339.66,4347.02,1278.188785
1756591200000,4347.02,4360.78,4340.65,4358.58,942.733371
1756594800000,4358.54,4379.32,4357.63,4374.56,1795.784688
1756598400000,4374.56,4471.09,4372.55,4467.07,10966.044436
1756602000000,4467.07,4469.96,4435.76,4456.7,5634.477102
1756605600000,4456.71,4464.01,4446.0,4450.0,2026.391725
1756609200000,4450.0,4488.77,4449.0,4487.93,6517.987534
1756612800000,4487.93,4491.23,4458.42,4465.09,6836.959372
1756616400000,4465.09,4465.09,4448.89,4459.6,3312.882735
1756620000000,4459.59,4461.3,4433.33,4434.27,3608.704409
1756623600000,4434.29,4458.32,4432.36,4450.86,3054.343322
1756627200000,4450.86,4472.95,4450.77,4471.34,2895.424772
1756630800000,4471.35,4481.22,4460.41,4464.0,3107.584436
1756634400000,4464.0,4470.47,4448.81,4454.93,3305.950736
1756638000000,4455.0,4483.57,4440.6,4476.44,3636.107889
1756641600000,4476.44,4497.8,4463.47,4489.49,6393.347737
1756645200000,4489.49,4498.8,4464.0,4471.4,7102.603337
1756648800000,4471.41,4475.0,4450.54,4459.41,3907.054563
1756652400000,4459.41,4491.2,4457.83,4484.9,4400.446271
1756656000000,4484.91,4487.0,4460.0,4471.16,2597.938905
1756659600000,4471.2,4487.73,4468.59,4476.92,1948.491874
1756663200000,4476.92,4490.79,4473.0,4489.2,2140.054911
1756666800000,4489.15,4489.99,4455.0,4455.71,3418.817124
1756670400000,4455.72,4462.56,4444.85,4455.0,4876.565246
1756674000000,4454.96,4477.25,4450.08,4469.99,2158.74488
1756677600000,4470.0,4473.67,4433.16,4444.99,5977.551582
1756681200000,4444.98,4445.32,4378.22,4391.91,8433.381389
1756684800000,4391.92,4410.96,4360.0,4396.35,7698.201691
1756688400000,4396.62,4432.09,4383.93,4417.35,5643.755368
1756692000000,4417.35,4420.34,4366.23,4387.45,7674.355951
1756695600000,4387.45,4408.41,4371.55,4404.01,5866.626276
1756699200000,4404.0,4412.41,4372.64,4385.49,4844.705974
1756702800000,4385.49,4406.75,4357.76,4394.59,4745.372296
1756706400000,4394.59,4408.56,4374.41,4397.35,2450.149088
1756710000000,4397.34,4463.26,4380.38,4463.14,9445.158364
1756713600000,4463.0,4491.56,4462.4,4475.86,13376.214804
1756717200000,4475.6,4482.67,4435.61,4441.19,5930.943096
1756720800000,4441.2,4444.88,4389.68,4408.31,7989.760067
1756724400000,4408.31,4416.0,4382.54,4393.21,4397.079528
1756728000000,4393.21,4412.85,4384.64,4403.22,3091.551303
1756731600000,4403.23,4424.99,4372.3,4386.07,5091.303291
1756735200000,4386.07,4402.88,4380.21,4396.52,2442.349152
1756738800000,4396.51,4405.76,4345.99,4362.13,6153.97333
1756742400000,4361.83,4372.0,4346.97,4355.42,3347.888941
1756746000000,4355.43,4358.77,4310.0,4322.97,10406.763995
1756749600000,4322.96,4350.12,4322.96,4347.45,3041.819453
1756753200000,4347.45,4369.38,4342.49,4368.02,2743.208135
1756756800000,4368.16,4368.16,4263.0,4288.98,14620.532805
1756760400000,4288.92,4290.71,4211.11,4261.72,13288.824151
1756764000000,4261.73,4300.87,4252.84,4284.7,6596.594433
1756767600000,4284.54,4319.54,4282.41,4314.59,4770.234127
1756771200000,4314.6,4319.31,4291.01,4303.67,4141.035174
1756774800000,4303.65,4340.74,4293.23,4323.41,4974.026162
1756778400000,4323.4,4363.2,4315.49,4360.71,5180.21153
1756782000000,4360.71,4396.41,4352.95,4367.16,12824.354828
1756785600000,4367.17,4388.48,4361.05,4387.42,3572.130815
1756789200000,4387.42,4389.46,4370.0,4385.29,3302.885707
1756792800000,4385.29,4416.94,4381.73,4412.37,5429.656936
1756796400000,4412.38,4413.94,4368.38,4377.3,5235.145873
1756800000000,4377.23,4407.77,4368.4,4391.8,6721.3218
1756803600000,4391.81,4407.5,4385.5,4399.6,3159.966296
1756807200000,4399.6,4401.26,4378.05,4391.75,2435.946674
1756810800000,4391.75,4392.67,4340.74,4347.71,6324.464174
1756814400000,4347.7,4353.09,4270.37,4277.11,19138.482082
1756818000000,4277.11,4394.05,4274.58,4378.69,19509.758903
1756821600000,4378.69,4397.5,4334.16,4348.2,13821.157796
1756825200000,4348.2,4353.93,4284.23,4295.89,12349.025883
1756828800000,4295.99,4311.03,4278.09,4296.08,8244.152311
1756832400000,4296.31,4331.68,4288.27,4319.41,5233.269524
1756836000000,4319.41,4323.32,4267.14,4297.16,12234.373598
1756839600000,4297.16,4314.64,4258.0,4274.51,6445.170025
1756843200000,4274.51,4328.09,4266.4,4313.44,9648.654573
1756846800000,4313.45,4336.58,4304.82,4329.3,4368.821107
1756850400000,4329.31,4333.43,4309.34,4329.58,3450.142383
1756854000000,4329.59,4337.69,4313.97,4326.7,2233.435948
1756857600000,4326.71,4332.89,4303.67,4310.33,3792.774099
1756861200000,4310.33,4325.53,4283.33,4324.9,6144.51151
1756864800000,4324.89,4356.23,4312.81,4338.67,6316.524987
1756868400000,4338.67,4344.08,4320.38,4334.98,5213.301089
1756872000000,4334.97,4342.93,4313.33,4340.01,3420.196089
1756875600000,4340.01,4341.4,4313.9,4315.97,1879.887051
1756879200000,4315.81,4321.45,4291.56,4308.09,6976.398782
1756882800000,4308.1,4316.49,4289.51,4310.88,4684.46398
1756886400000,4310.87,4333.8,4308.04,4318.7,6458.06109
1756890000000,4318.71,4353.59,4303.19,4352.0,3900.602753
1756893600000,4352.0,4378.23,4345.0,4372.06,6137.239758
1756897200000,4372.06,4386.0,4366.35,4371.62,6128.676179
1756900800000,4371.63,4379.7,4341.33,4354.12,6525.838973
1756904400000,4354.12,4440.0,4350.8,4419.04,11856.067259
1756908000000,4419.2,4481.0,4415.29,4466.67,16547.645833
1756911600000,4466.99,4486.4,4454.47,4479.75,8166.373421
1756915200000,4479.73,4484.0,4455.06,4467.1,5423.786824
1756918800000,4467.09,4490.49,4465.53,4472.2,3628.1992
1756922400000,4472.21,4479.59,4457.89,4469.18,4268.330608
1756926000000,4469.34,4478.71,4458.86,4475.83,3080.402729
1756929600000,4475.37,4479.82,4463.17,4464.59,1661.912416
1756933200000,4464.6,4473.17,4434.34,4460.43,2537.659045
1756936800000,4460.4,4482.99,4458.83,4469.49,1829.457312
1756940400000,4469.48,4471.99,4444.3,4450.28,2449.526189
1756944000000,4450.29,4483.0,4445.66,4468.57,4867.341424
1756947600000,4468.7,4478.53,4450.0,4468.78,1997.538063
1756951200000,4468.78,4471.43,4420.0,4420.79,8410.413557
1756954800000,4420.8,4429.94,4389.73,4398.13,11942.986249
1756958400000,4398.14,4416.08,4387.47,4392.35,4628.628841
1756962000000,4392.34,4392.34,4363.0,4375.88,8090.088818
1756965600000,4375.89,4383.38,4356.0,4365.49,7238.907907
1756969200000,4365.5,4383.83,4361.42,4371.45,3324.285954
1756972800000,4371.44,4392.41,4365.75,4369.7,6432.275952
1756976400000,4369.82,4395.98,4369.82,4395.84,2002.152271
1756980000000,4395.84,4434.03,4392.95,4407.64,4809.250536
1756983600000,4407.63,4433.16,4392.4,4406.66,3598.517464
1756987200000,4406.67,4428.76,4383.34,4416.43,5781.595897
1756990800000,4416.44,4419.06,4366.09,4377.62,9978.009909
1756994400000,4377.61,4382.95,4327.69,4342.05,15305.995288
1756998000000,4342.06,4347.26,4294.41,4305.21,15890.300029
1757001600000,4305.13,4319.99,4286.0,4296.47,9697.531326
1757005200000,4296.48,4324.64,4295.36,4305.48,2255.899243
1757008800000,4305.49,4318.62,4271.03,4274.01,6593.767301
1757012400000,4274.01,4288.0,4265.44,4275.67,7259.860346
1757016000000,4275.72,4310.4,4272.06,4305.84,2827.573633
1757019600000,4305.86,4326.53,4302.45,4318.94,1554.688213
1757023200000,4319.11,4353.19,4315.71,4341.59,9681.008157
1757026800000,4341.6,4350.34,4296.0,4297.61,3744.470723
1757030400000,4297.62,4315.32,4291.43,4301.27,3762.166983
1757034000000,4301.27,4333.71,4298.34,4326.55,3458.790262
1757037600000,4326.55,4335.99,4300.0,4324.13,3412.507164
1757041200000,4324.14,4332.65,4298.0,4328.93,3325.622509
1757044800000,4329.0,4335.25,4316.8,4331.0,1857.928806
1757048400000,4331.01,4343.38,4327.78,4338.66,3217.88548
1757052000000,4338.66,4341.87,4322.68,4333.32,1863.17524
1757055600000,4333.33,4430.43,4332.17,4417.44,40067.486757
1757059200000,4417.43,4421.37,4387.03,4406.51,14926.612687
1757062800000,4406.51,4409.5,4373.6,4397.82,7362.684386
1757066400000,4397.82,4423.22,4395.23,4410.47,3998.916766
1757070000000,4410.47,4426.52,4406.74,4417.93,5459.86364
1757073600000,4417.92,4494.43,4406.7,4471.78,31795.384433
1757077200000,4471.78,4479.75,4434.35,4442.98,12296.580287
1757080800000,4442.98,4442.98,4264.01,4273.37,37475.130635
1757084400000,4273.36,4305.0,4256.14,4283.18,12916.793004
1757088000000,4283.18,4303.57,4274.4,4297.42,10841.050907
1757091600000,4297.41,4298.56,4272.72,4289.97,4312.406987
1757095200000,4290.12,4317.14,4284.02,4313.02,3605.057331
1757098800000,4312.86,4332.06,4305.91,4331.55,4632.657035
1757102400000,4331.44,4343.12,4321.57,4338.28,2572.641703
1757106000000,4338.28,4339.04,4285.34,4296.87,8637.469015
1757109600000,4296.87,4319.56,4295.61,4313.0,1725.136736
1757113200000,4313.01,4318.97,4304.22,4307.36,1895.2835
1757116800000,4307.5,4329.0,4302.81,4323.25,1944.795168
1757120400000,4323.24,4325.36,4312.6,4318.36,1268.310037
1757124000000,4318.36,4323.45,4304.7,4323.14,1280.225046
1757127600000,4323.14,4325.0,4316.31,4320.5,1430.498974
1757131200000,4320.51,4321.9,4303.15,4309.54,1751.791761
1757134800000,4309.55,4312.99,4290.42,4295.0,3616.716332
1757138400000,4295.0,4307.31,4293.0,4302.94,1275.36005
1757142000000,4302.94,4314.48,4300.32,4312.71,2401.141729
1757145600000,4312.71,4315.56,4305.0,4310.57,1058.721915
1757149200000,4310.57,4310.79,4291.3,4292.89,2206.008634
1757152800000,4292.88,4303.57,4286.25,4301.31,1616.599565
1757156400000,4301.31,4301.74,4290.6,4300.0,1130.117316
1757160000000,4299.99,4309.58,4292.31,4299.74,1799.631078
1757163600000,4299.75,4302.5,4287.2,4294.04,2076.789733
1757167200000,4294.04,4301.86,4292.1,4296.0,2673.304203
1757170800000,4296.0,4297.72,4263.46,4270.05,7453.090767
1757174400000,4270.05,4304.37,4234.07,4289.89,17063.749311
1757178000000,4289.87,4292.0,4267.0,4273.0,2184.411597
1757181600000,4273.0,4287.22,4268.87,4279.21,1815.169283
1757185200000,4279.21,4281.52,4251.32,4255.53,2813.004208
1757188800000,4255.73,4280.85,4253.41,4279.28,1655.389219
1757192400000,4279.28,4286.33,4268.56,4282.93,2013.073502
1757196000000,4282.9,4288.19,4270.2,4277.82,1164.159563
1757199600000,4277.83,4283.72,4268.24,4273.68,1129.095745
1757203200000,4273.68,4289.05,4271.03,4284.01,1766.849912
1757206800000,4284.01,4303.97,4282.91,4295.49,2586.573162
1757210400000,4295.49,4304.07,4288.8,4299.38,1327.808315
1757214000000,4299.38,4304.3,4292.65,4296.98,1193.045555
1757217600000,4296.99,4302.93,4292.83,4301.34,991.389971
1757221200000,4301.34,4303.7,4292.09,4294.81,927.343756
1757224800000,4294.81,4295.8,4282.98,4283.93,1222.995043
1757228400000,4283.93,4307.47,4278.71,4295.02,3368.986549
1757232000000,4295.02,4314.88,4294.72,4301.28,2915.382134
1757235600000,4301.29,4311.2,4291.0,4299.56,1925.57038
1757239200000,4299.59,4306.19,4296.68,4304.55,1685.07124
1757242800000,4304.54,4310.4,4303.01,4310.4,1474.217583
1757246400000,4310.4,4310.57,4293.69,4300.5,1643.215684
1757250000000,4300.5,4308.06,4288.96,4305.1,1962.827859
1757253600000,4305.1,4312.53,4295.71,4299.87,2743.296722
1757257200000,4299.87,4304.74,4295.76,4299.21,1681.019071
1757260800000,4299.2,4301.49,4282.7,4283.6,2478.766297
1757264400000,4283.67,4287.6,4272.0,4275.1,2276.164866
1757268000000,4275.11,4284.02,4270.34,4281.21,2257.126376
1757271600000,4281.21,4296.7,4276.41,4293.55,1261.49435
1757275200000,4293.55,4300.5,4281.2,4300.22,1042.619705
1757278800000,4300.22,4300.52,4287.0,4288.04,2852.297143
1757282400000,4288.04,4310.93,4287.01,4309.57,2229.304871
1757286000000,4309.6,4336.62,4298.29,4306.14,7149.91818
1757289600000,4306.14,4318.79,4292.41,4299.06,3347.478573
1757293200000,4299.06,4302.79,4283.63,4292.81,3170.692756
1757296800000,4292.81,4309.35,4279.3,4309.34,3841.539725
1757300400000,4309.35,4330.99,4304.3,4311.78,3894.612932
1757304000000,4311.78,4313.99,4295.6,4297.73,1814.441168
1757307600000,4297.9,4304.42,4289.7,4297.13,2256.724751
1757311200000,4297.11,4303.57,4289.51,4292.4,1538.099394
1757314800000,4292.41,4312.02,4287.97,4292.48,3436.414946
1757318400000,4292.48,4305.11,4288.17,4302.25,4012.27437
1757322000000,4302.24,4334.31,4297.5,4319.31,10017.907954
1757325600000,4319.32,4337.74,4315.26,4328.4,4565.695997
1757329200000,4328.4,4329.6,4298.54,4312.37,4304.84801
1757332800000,4312.38,4322.9,4306.01,4319.99,2337.138852
1757336400000,4320.0,4362.8,4316.01,4320.25,10612.232671
1757340000000,4320.25,4359.21,4313.51,4350.75,6212.374512
1757343600000,4350.76,4384.36,4343.87,4371.83,17320.089567
1757347200000,4371.84,4373.66,4333.65,4339.03,5498.530813
1757350800000,4339.2,4343.31,4300.18,4311.5,8573.469399
1757354400000,4311.5,4335.94,4309.86,4329.79,2614.583961
1757358000000,4329.78,4329.78,4284.2,4293.33,6527.085279
1757361600000,4293.49,4302.5,4282.36,4298.72,4585.615952
1757365200000,4298.88,4324.0,4295.04,4321.91,3165.942968
1757368800000,4321.92,4333.0,4307.69,4311.21,4928.915865
1757372400000,4311.21,4320.49,4296.05,4305.99,4316.896601
1757376000000,4306.0,4315.52,4288.87,4302.18,5451.478445
1757379600000,4301.9,4308.61,4282.37,4287.23,5134.808869
1757383200000,4287.23,4295.06,4277.01,4290.74,9385.520814
1757386800000,4290.73,4308.42,4288.56,4306.61,3254.676403
1757390400000,4306.61,4317.71,4303.2,4313.28,3202.860465
1757394000000,4313.27,4320.54,4302.01,4318.6,1925.703766
1757397600000,4318.6,4375.69,4315.38,4365.88,17783.360628
1757401200000,4365.9,4381.69,4346.66,4361.46,9771.83953
1757404800000,4361.46,4368.33,4343.77,4359.49,5850.566783
1757408400000,4359.5,4366.19,4352.01,4357.0,1799.740971
1757412000000,4357.01,4362.87,4341.11,4348.22,3745.269381
1757415600000,4348.21,4355.71,4341.66,4346.99,1982.384078
1757419200000,4347.0,4367.33,4328.69,4345.4,4012.507344
1757422800000,4345.4,4361.39,4324.43,4346.87,7247.850414
1757426400000,4346.88,4362.18,4286.0,4306.22,17234.722066
1757430000000,4306.0,4310.34,4277.76,4285.08,11053.871256
1757433600000,4285.08,4297.72,4277.71,4287.97,5483.22496
1757437200000,4287.97,4297.0,4279.76,4285.83,7483.628633
1757440800000,4285.83,4293.92,4280.29,4286.04,3781.182664
1757444400000,4286.04,4299.2,4284.83,4294.64,2976.911096
1757448000000,4294.61,4306.29,4281.23,4305.12,1953.89524
1757451600000,4305.02,4320.0,4294.42,4302.19,3130.945364
1757455200000,4302.2,4318.82,4299.08,4318.76,1747.223455
1757458800000,4318.76,4319.13,4302.97,4310.31,1542.617141
1757462400000,4310.32,4315.2,4285.06,4285.95,2385.603274
1757466000000,4285.83,4314.13,4285.32,4302.69,2296.702344
1757469600000,4302.7,4326.5,4302.7,4317.39,4135.723339
1757473200000,4317.4,4323.67,4307.07,4320.19,2620.848285
1757476800000,4320.2,4320.2,4306.96,4312.19,1854.278977
1757480400000,4312.19,4318.79,4294.11,4308.74,2708.479266
1757484000000,4308.6,4318.72,4297.7,4313.39,3007.105533
1757487600000,4313.4,4334.21,4311.71,4329.59,4009.369807
1757491200000,4329.58,4334.19,4323.01,4331.38,4100.082194
1757494800000,4331.39,4332.35,4308.4,4324.33,2495.129397
1757498400000,4324.33,4332.49,4316.59,4326.41,2685.687584
1757502000000,4326.42,4332.49,4321.6,4331.99,6813.47637
1757505600000,4331.99,4394.2,4330.5,4370.88,23699.624358
1757509200000,4371.0,4439.5,4356.65,4417.99,19778.732072
1757512800000,4418.0,4453.33,4398.24,4400.83,16960.048583
1757516400000,4400.8,4424.88,4396.6,4404.92,5940.693192
1757520000000,4404.96,4409.2,4362.04,4385.38,8900.097148
1757523600000,4385.39,4396.98,4341.6,4366.75,12813.939905
1757527200000,4366.74,4373.24,4326.77,4341.49,10856.46126
1757530800000,4341.5,4342.75,4300.05,4322.7,9141.975844
1757534400000,4322.61,4335.7,4321.04,4329.7,2009.292885
1757538000000,4329.8,4354.26,4328.5,4350.0,3557.904155
1757541600000,4350.06,4357.0,4337.83,4346.45,3618.008071
1757545200000,4346.46,4355.89,4339.41,4349.98,2865.836067
1757548800000,4349.99,4360.45,4338.67,4359.5,2035.95289
1757552400000,4359.5,4383.91,4354.71,4365.34,4984.873369
1757556000000,4365.34,4385.4,4361.79,4376.63,3794.156076
1757559600000,4376.64,4408.86,4372.59,4404.46,4297.769212
1757563200000,4404.45,4419.39,4395.61,4411.84,6316.80722
1757566800000,4411.9,4425.34,4398.14,4419.01,12127.3685
1757570400000,4419.0,4443.66,4406.34,4440.16,5598.505223
1757574000000,4440.15,4450.0,4425.73,4440.04,7816.471037
1757577600000,4440.05,4442.49,4427.41,4431.02,2191.948259
1757581200000,4431.03,4434.5,4406.09,4416.29,5825.767699
1757584800000,4416.3,4430.42,4414.75,4427.56,2703.525311
1757588400000,4427.51,4440.0,4422.51,4429.89,3033.927023
1757592000000,4429.9,4482.0,4351.0,4426.05,32477.427679
1757595600000,4425.89,4443.98,4383.52,4437.53,14083.878536
1757599200000,4437.65,4438.99,4396.66,4427.46,6143.596683
1757602800000,4427.41,4432.6,4401.0,4412.64,3648.323481
1757606400000,4412.89,4426.42,4407.59,4418.3,3932.654627
1757610000000,4418.29,4441.91,4413.9,4433.32,11550.307632
1757613600000,4433.32,4437.49,4408.87,4420.14,2614.883579
1757617200000,4420.13,4430.63,4412.16,4423.93,3330.432265
1757620800000,4423.96,4427.0,4415.18,4417.16,1361.57216
1757624400000,4417.28,4430.49,4415.71,4428.95,1858.913047
1757628000000,4428.96,4463.07,4424.05,4453.44,5320.385596
1757631600000,4453.13,4469.08,4451.55,4458.66,4262.227854
1757635200000,4458.66,4540.0,4450.55,4512.11,15074.853823
1757638800000,4512.23,4533.42,4494.53,4497.62,10715.902441
1757642400000,4497.62,4525.0,4495.76,4507.68,4942.46434
1757646000000,4507.68,4509.47,4488.0,4505.87,6534.354602
1757649600000,4505.87,4525.0,4499.95,4521.37,3875.381007
1757653200000,4521.36,4559.0,4514.6,4558.09,6220.595975
1757656800000,4558.12,4563.18,4531.37,4539.35,4751.218667
1757660400000,4539.34,4551.37,4523.53,4526.14,6599.682348
1757664000000,4526.15,4533.53,4513.45,4517.94,5392.293471
1757667600000,4517.94,4528.47,4503.0,4515.07,4701.394923
1757671200000,4515.24,4523.69,4507.3,4516.87,2862.394429
1757674800000,4516.87,4536.89,4513.71,4520.89,2811.602614
1757678400000,4520.89,4531.0,4503.16,4526.52,3831.831983
1757682000000,4526.52,4543.16,4506.41,4539.78,3965.462149
1757685600000,4539.78,4571.67,4524.83,4547.21,10994.546987
1757689200000,4547.21,4551.65,4527.46,4542.03,4322.687509
1757692800000,4542.03,4576.49,4533.33,4575.41,8427.238691
1757696400000,4575.41,4628.0,4564.56,4613.03,12304.189976
1757700000000,4613.03,4627.43,4598.78,4624.62,6207.811749
1757703600000,4624.64,4661.25,4614.1,4657.84,11433.024761
1757707200000,4657.84,4693.67,4631.17,4670.81,11831.165354
1757710800000,4670.81,4672.0,4644.13,4650.16,5096.110932
1757714400000,4650.16,4754.44,4650.15,4695.4,18575.184697
1757718000000,4695.4,4715.0,4671.45,4712.51,7631.164643
1757721600000,4712.5,4718.12,4696.86,4705.1,4844.205501
1757725200000,4705.11,4733.99,4700.0,4700.01,6710.879103
1757728800000,4700.0,4714.02,4692.14,4702.6,4871.28382
1757732400000,4702.66,4766.77,4701.65,4756.25,9415.60199
1757736000000,4756.24,4756.32,4734.11,4742.14,4339.10947
1757739600000,4742.25,4742.94,4717.77,4723.3,5164.585229
1757743200000,4723.29,4730.81,4702.01,4711.08,5363.349056
1757746800000,4711.09,4723.0,4707.41,4711.1,4804.036094
1757750400000,4711.1,4731.57,4711.1,4730.52,2774.668897
1757754000000,4730.53,4733.72,4720.69,4732.32,3398.120423
1757757600000,4732.32,4739.04,4710.58,4718.06,3933.413018
1757761200000,4718.06,4724.9,4706.41,4719.99,2190.044316
1757764800000,4720.0,4730.2,4714.65,4720.64,2027.321576
1757768400000,4720.63,4725.59,4651.5,4685.7,9205.483559
1757772000000,4685.7,4709.2,4666.35,4689.0,10260.305746
1757775600000,4689.01,4705.34,4642.52,4654.55,15740.977428
1757779200000,4654.56,4668.0,4616.21,4623.78,11245.934116
1757782800000,4623.78,4643.0,4605.85,4634.32,6941.951441
1757786400000,4634.3,4651.79,4624.4,4643.36,2500.136476
1757790000000,4643.36,4649.29,4635.45,4638.11,2468.266454
1757793600000,4638.11,4662.52,4637.35,4657.91,4392.607372
1757797200000,4657.9,4668.0,4657.0,4664.23,1866.2764
1757800800000,4664.23,4666.06,4647.9,4658.91,1771.64519
1757804400000,4658.91,4673.62,4656.97,4667.2,5246.964141
1757808000000,4667.21,4682.41,4659.9,4670.5,3631.929509
1757811600000,4670.5,4679.0,4651.27,4673.81,2484.495666
1757815200000,4673.81,4693.25,4671.32,4683.78,2272.101524
1757818800000,4683.84,4687.01,4660.41,4663.61,2248.587669
1757822400000,4663.62,4668.32,4634.48,4659.29,3772.854353
1757826000000,4659.3,4680.0,4659.0,4675.98,1788.5986
1757829600000,4675.98,4681.99,4659.4,4666.85,2480.678696
1757833200000,4666.85,4668.65,4641.97,4651.42,3780.112822
1757836800000,4651.42,4665.07,4646.19,4656.3,1902.81949
1757840400000,4656.3,4674.59,4652.9,4665.63,2208.982844
1757844000000,4665.63,4669.91,4657.32,4660.2,1147.217506
1757847600000,4660.21,4668.26,4625.3,4635.23,5185.639041
1757851200000,4635.22,4645.35,4615.55,4632.99,5841.349965
1757854800000,4632.99,4635.44,4606.26,4612.96,8276.698587
1757858400000,4612.97,4644.63,4578.0,4601.88,19380.47314
1757862000000,4601.89,4605.05,4576.49,4582.3,7131.436121
1757865600000,4582.31,4610.39,4579.6,4596.3,9726.808933
1757869200000,4596.3,4628.98,4590.6,4619.68,10096.854833
1757872800000,4619.67,4620.53,4600.17,4603.23,5664.483926
1757876400000,4603.21,4624.98,4591.82,4615.84,2677.210615
1757880000000,4615.85,4627.75,4614.41,4616.44,1140.199243
1757883600000,4616.5,4636.24,4598.31,4629.82,3705.507273
1757887200000,4629.88,4636.53,4610.39,4629.33,2784.148422
1757890800000,4629.33,4630.21,4600.99,4604.52,4145.35124
1757894400000,4604.51,4615.77,4587.03,4601.52,4004.165129
1757898000000,4601.51,4623.1,4580.01,4618.39,3738.867388
1757901600000,4618.31,4629.8,4610.7,4620.34,2874.378351
1757905200000,4620.4,4643.68,4619.5,4636.0,3915.569513
1757908800000,4636.0,4660.29,4636.0,4642.4,4622.090433
1757912400000,4642.5,4665.0,4639.81,4662.3,3609.253257
1757916000000,4662.21,4670.14,4617.1,4630.15,5582.640613
1757919600000,4630.1,4642.5,4588.0,4597.73,10334.483411
1757923200000,4597.73,4597.8,4507.45,4510.46,28233.748285
1757926800000,4510.3,4535.65,4497.11,4526.21,13189.847327
1757930400000,4526.21,4535.87,4506.61,4529.67,3118.594994
1757934000000,4529.68,4539.78,4520.32,4530.47,4270.039428
1757937600000,4530.47,4537.0,4509.0,4515.13,6015.925366
1757941200000,4515.12,4542.33,4490.15,4515.81,10105.509103
1757944800000,4515.9,4531.39,4498.13,4511.16,6827.993412
1757948400000,4511.16,4521.52,4465.1,4500.07,15063.022981
1757952000000,4500.07,4512.05,4479.69,4495.0,6281.563421
1757955600000,4495.0,4509.99,4474.36,4509.61,4392.477022
1757959200000,4509.6,4512.76,4486.2,4501.14,2183.707271
1757962800000,4501.13,4514.27,4475.48,4493.89,5690.078733
1757966400000,4493.9,4512.98,4488.01,4510.4,2090.221706
1757970000000,4510.44,4528.3,4506.12,4523.94,2384.702042
1757973600000,4523.94,4530.0,4509.23,4513.6,2876.814181
1757977200000,4513.59,4528.16,4507.99,4523.2,1932.321456
1757980800000,4523.2,4523.43,4504.3,4513.52,3427.731966
1757984400000,4513.52,4537.76,4512.65,4517.57,4077.665033
1757988000000,4517.58,4531.55,4513.12,4513.56,1675.291569
1757991600000,4513.57,4531.8,4513.12,4520.62,1641.664318
1757995200000,4520.63,4523.4,4487.82,4518.7,4033.805067
1757998800000,4518.69,4531.94,4511.36,4529.2,6284.424006
1758002400000,4529.2,4535.6,4492.74,4508.48,9447.471104
1758006000000,4508.48,4515.7,4502.5,4512.65,2896.975084
1758009600000,4512.7,4531.6,4498.69,4511.34,3662.521921
1758013200000,4511.35,4516.77,4502.91,4510.97,1630.727435
1758016800000,4510.97,4514.59,4493.07,4498.29,2663.339169
1758020400000,4498.28,4506.95,4493.09,4501.28,2186.67627
1758024000000,4501.28,4507.02,4495.35,4500.03,1642.85271
1758027600000,4500.04,4512.64,4430.13,4473.59,20665.399883
1758031200000,4473.59,4473.59,4423.32,4445.9,27114.955542
1758034800000,4445.91,4470.66,4429.2,4467.45,19468.124828
1758038400000,4467.44,4471.37,4446.54,4463.05,11166.838088
1758042000000,4463.05,4512.1,4461.83,4486.39,19924.576108
1758045600000,4486.39,4496.24,4465.63,4474.31,6483.705857
1758049200000,4474.31,4495.87,4470.24,4490.92,5819.547033
1758052800000,4490.92,4498.44,4483.02,4497.86,2416.119303
1758056400000,4497.78,4509.77,4490.0,4507.2,2993.151825
1758060000000,4507.45,4524.89,4500.52,4519.58,4897.14182
1758063600000,4519.58,4523.58,4494.38,4501.28,3268.539812
1758067200000,4501.28,4516.32,4492.51,4512.99,3400.417346
1758070800000,4513.0,4519.71,4501.72,4513.59,1882.531256
1758074400000,4513.6,4552.37,4506.9,4530.39,7495.573643
1758078000000,4530.36,4530.6,4495.51,4497.05,5174.229857
1758081600000,4497.06,4504.59,4463.15,4476.66,5486.375264
1758085200000,4476.65,4518.14,4476.01,4514.61,4406.402902
1758088800000,4514.6,4549.9,4502.91,4545.43,9299.992037
1758092400000,4545.42,4555.03,4535.7,4543.89,7246.846192
1758096000000,4543.89,4545.4,4495.03,4511.27,9165.233177
1758099600000,4511.26,4511.32,4495.0,4495.1,4152.543226
1758103200000,4495.11,4501.2,4479.05,4483.81,5486.00241
1758106800000,4483.81,4497.83,4479.26,4491.62,2134.29032
1758110400000,4491.63,4513.53,4483.61,4502.61,2622.856084
1758114000000,4502.61,4512.67,4484.0,4496.3,5617.058238
1758117600000,4496.3,4504.09,4467.3,4489.78,12107.064313
1758121200000,4489.78,4499.0,4481.82,4489.84,4766.867575
1758124800000,4489.83,4493.49,4470.56,4487.53,5740.158754
1758128400000,4487.53,4534.2,4428.0,4428.01,17806.347299
1758132000000,4428.0,4522.29,4407.0,4456.66,51119.195537
1758135600000,4456.65,4526.66,4452.2,4517.79,18395.908826
1758139200000,4517.7,4542.46,4495.41,4501.69,7364.988877
1758142800000,4501.57,4538.76,4486.94,4529.13,4352.266848
1758146400000,4529.14,4601.28,4527.51,4587.13,10914.733868
1758150000000,4587.13,4616.99,4581.37,4589.95,8733.408359
1758153600000,4590.21,4610.15,4583.0,4584.97,14691.193809
1758157200000,4584.95,4633.6,4580.02,4618.99,6751.30537
1758160800000,4619.0,4620.3,4604.39,4613.99,3816.054537
1758164400000,4614.0,4644.85,4609.18,4614.33,6953.483669
1758168000000,4614.34,4620.0,4598.42,4611.95,4413.362582
1758171600000,4611.95,4611.95,4584.11,4589.99,3546.5058
1758175200000,4589.99,4594.25,4553.59,4571.81,7381.609394
1758178800000,4571.81,4583.95,4569.72,4574.99,4871.314048
1758182400000,4574.99,4608.0,4571.85,4602.45,3533.406365
1758186000000,4602.41,4603.99,4590.04,4597.71,2823.930557
1758189600000,4597.6,4601.29,4570.33,4574.74,2657.614276
1758193200000,4574.75,4588.75,4569.1,4576.55,2130.594039
1758196800000,4576.54,4588.61,4568.58,4571.25,2115.310256
1758200400000,4571.25,4605.13,4558.86,4588.74,5467.821211
1758204000000,4588.74,4625.19,4587.33,4596.64,6861.067275
1758207600000,4596.64,4608.9,4586.4,4599.58,4322.236726
1758211200000,4599.58,4636.45,4590.41,4621.32,7892.115308
1758214800000,4621.31,4631.17,4596.67,4609.39,8220.862145
1758218400000,4609.39,4624.62,4602.47,4618.33,2471.498424
1758222000000,4618.33,4619.15,4580.62,4588.79,4872.195029
1758225600000,4588.78,4605.85,4586.97,4605.14,1789.940829
1758229200000,4605.15,4605.21,4591.01,4595.09,1533.386291
1758232800000,4594.93,4602.01,4587.08,4591.27,1453.469902
1758236400000,4591.27,4592.6,4570.71,4587.6,2647.336799
1758240000000,4587.61,4612.45,4587.46,4609.82,2464.241564
1758243600000,4609.81,4621.0,4598.6,4606.85,3401.443148
1758247200000,4606.85,4615.0,4588.75,4589.29,1561.707904
1758250800000,4589.3,4601.99,4543.42,4550.36,10685.042933
1758254400000,4550.35,4559.36,4532.47,4558.07,5361.241288
1758258000000,4558.07,4558.9,4527.71,4541.05,3867.453865
1758261600000,4541.09,4543.72,4520.6,4524.5,4346.669913
1758265200000,4524.49,4543.93,4517.89,4539.25,5305.638494
1758268800000,4539.24,4549.52,4531.9,4534.8,3281.150226
1758272400000,4534.8,4544.53,4516.0,4523.38,6035.645382
1758276000000,4523.38,4533.96,4518.01,4527.84,5050.256158
1758279600000,4527.85,4529.14,4508.31,4514.01,3446.829431
1758283200000,4514.01,4522.07,4508.81,4518.93,2510.883827
1758286800000,4518.93,4537.77,4510.61,4528.31,3962.383351
1758290400000,4528.31,4544.4,4487.0,4495.45,10915.506653
1758294000000,4495.45,4497.69,4445.55,4475.33,14671.567427
1758297600000,4475.34,4490.0,4472.04,4481.61,4662.505765
1758301200000,4481.61,4481.94,4457.77,4459.46,5026.978592
1758304800000,4459.47,4463.59,4435.12,4448.84,6635.997204
1758308400000,4448.85,4466.24,4440.66,4440.66,4008.648967
1758312000000,4440.66,4464.94,4438.55,4459.63,1720.963002
1758315600000,4459.64,4472.49,4450.67,4471.9,1640.54058
1758319200000,4471.86,4478.44,4468.74,4468.78,1577.173033
1758322800000,4468.78,4469.95,4446.59,4469.09,2513.09093
1758326400000,4469.1,4477.68,4460.8,4476.47,2533.491064
1758330000000,4476.46,4476.74,4458.75,4466.7,2383.120265
1758333600000,4466.7,4469.2,4454.56,4465.5,1652.138158
1758337200000,4465.49,4468.0,4459.15,4465.67,939.599411
1758340800000,4465.67,4476.55,4463.25,4474.42,888.868717
1758344400000,4474.43,4485.0,4466.53,4478.48,2371.168277
1758348000000,4478.46,4478.46,4470.65,4473.31,1722.935772
1758351600000,4473.31,4483.65,4469.6,4483.6,2264.1754
1758355200000,4483.59,4483.59,4464.56,4465.94,1786.550287
1758358800000,4465.94,4472.45,4456.46,4466.07,1601.737016
1758362400000,4466.08,4476.7,4464.0,4464.12,939.142446
1758366000000,4464.13,4471.65,4463.95,4470.32,426.871681
1758369600000,4470.32,4471.52,4463.6,4465.7,722.525985
1758373200000,4465.7,4471.29,4463.53,4467.91,768.088355
1758376800000,4467.92,4497.0,4464.0,4487.39,3844.558705
1758380400000,4487.4,4507.04,4487.1,4498.03,4038.108584
1758384000000,4498.03,4508.7,4489.5,4502.04,1988.405545
1758387600000,4502.05,4503.08,4470.0,4486.46,3417.050204
1758391200000,4486.45,4487.19,4473.08,4475.23,2211.193329
1758394800000,4475.24,4485.32,4472.01,4480.39,1014.59446
1758398400000,4480.38,4487.59,4478.0,4484.04,2059.967036
1758402000000,4484.03,4501.62,4484.03,4489.98,2644.15474
1758405600000,4489.99,4494.77,4487.37,4493.72,1349.648757
1758409200000,4493.73,4493.73,4479.0,4480.6,854.541379
1758412800000,4480.61,4490.14,4474.55,4487.3,1072.83484
1758416400000,4487.3,4489.4,4477.45,4481.25,856.027621
1758420000000,4481.26,4488.0,4457.76,4478.89,3901.536126
1758423600000,4478.89,4480.0,4472.5,4478.35,801.069916
1758427200000,4478.36,4479.05,4469.18,4472.09,941.134475
1758430800000,4472.08,4478.2,4467.01,4477.94,2326.366232
1758434400000,4477.95,4492.4,4477.64,4484.52,2677.669432
1758438000000,4484.52,4485.65,4476.12,4478.23,2438.096068
1758441600000,4478.24,4480.1,4467.0,4469.7,4328.950212
1758445200000,4469.71,4474.67,4445.0,4466.36,10144.408323
1758448800000,4466.36,4469.6,4458.51,4459.29,2582.665911
1758452400000,4459.3,4467.02,4456.19,4461.14,1425.687322
1758456000000,4461.15,4473.99,4461.08,4467.93,3017.3551
1758459600000,4467.92,4482.06,4466.58,4476.32,2250.319054
1758463200000,4476.32,4484.72,4471.26,4473.02,2790.651622
1758466800000,4472.99,4486.51,4472.42,4482.91,2868.627494
1758470400000,4482.91,4488.98,4464.55,4476.79,4216.970902
1758474000000,4476.8,4494.03,4467.26,4491.32,2920.071674
1758477600000,4491.34,4496.96,4484.48,4496.95,1763.513194
1758481200000,4496.96,4498.38,4477.12,4494.23,2851.111648
1758484800000,4494.24,4494.88,4475.11,4475.21,1814.109928
1758488400000,4475.21,4478.31,4467.52,4471.27,2281.358806
1758492000000,4471.27,4478.04,4446.0,4465.84,4767.904278
1758495600000,4465.85,4465.85,4443.45,4445.4,5596.320078
1758499200000,4445.24,4455.99,4321.0,4336.51,26778.534285
1758502800000,4336.5,4352.65,4325.93,4328.28,13415.588533
1758506400000,4328.38,4340.9,4262.0,4288.39,23260.491621
1758510000000,4288.39,4308.01,4287.22,4305.61,5228.726696
1758513600000,4305.61,4310.65,4288.34,4290.18,4289.858618
1758517200000,4290.17,4298.3,4213.0,4216.72,14002.244211
1758520800000,4216.55,4224.22,4045.01,4190.92,106199.072798
1758524400000,4190.91,4222.97,4182.34,4192.95,36011.380489
1758528000000,4192.94,4207.02,4185.0,4194.55,7599.289849
1758531600000,4194.56,4197.63,4135.97,4150.91,12926.497358
1758535200000,4151.03,4189.46,4138.97,4182.2,6084.034403
1758538800000,4182.2,4191.09,4173.53,4181.62,2949.462776
1758542400000,4181.63,4200.0,4168.83,4192.37,3953.04008
1758546000000,4192.36,4216.87,4172.45,4206.91,8051.129447
1758549600000,4206.91,4219.0,4183.09,4189.76,8039.343152
1758553200000,4189.68,4195.75,4158.6,4168.05,7532.028861
1758556800000,4168.05,4183.08,4160.23,4164.74,5991.020492
1758560400000,4164.85,4179.98,4145.96,4164.56,6839.361857
1758564000000,4164.55,4177.98,4155.11,4155.33,4105.47833
1758567600000,4155.33,4166.47,4120.32,4135.18,12262.691112
1758571200000,4135.16,4189.91,4134.35,4181.98,4483.862379
1758574800000,4182.29,4199.35,4176.34,4198.5,3546.160624
1758578400000,4198.5,4198.5,4184.38,4190.63,2883.728235
1758582000000,4190.58,4208.22,4189.35,4198.87,2878.750085
1758585600000,4198.87,4211.76,4189.75,4191.44,3492.373558
1758589200000,4191.35,4198.7,4163.12,4164.26,3924.611814
1758592800000,4164.01,4183.0,4141.01,4143.87,5548.136325
1758596400000,4143.59,4197.84,4114.28,4187.77,12526.847468
1758600000000,4187.72,4193.8,4154.27,4176.91,2726.452594
1758603600000,4176.9,4194.64,4164.83,4182.82,2687.280307
1758607200000,4182.82,4215.21,4177.9,4204.73,6300.201581
1758610800000,4204.71,4211.82,4197.71,4205.44,5736.03096
1758614400000,4205.45,4214.65,4194.09,4208.47,2890.7449
1758618000000,4208.48,4229.0,4184.75,4191.96,7448.799932
1758621600000,4191.96,4196.79,4185.19,4193.2,1720.800282
1758625200000,4193.27,4195.81,4178.73,4191.77,1962.770464
1758628800000,4191.56,4204.47,4183.9,4195.27,2707.667377
1758632400000,4195.27,4208.99,4180.56,4187.49,5324.792611
1758636000000,4187.5,4211.63,4164.8,4174.7,5486.558229
1758639600000,4174.74,4204.2,4162.0,4180.56,6386.699837
1758643200000,4180.57,4207.3,4162.54,4192.51,7791.719889
1758646800000,4192.46,4194.25,4136.36,4148.85,9030.564413
1758650400000,4148.86,4169.27,4146.19,4157.08,8038.542346
1758654000000,4157.08,4183.0,4142.36,4153.46,5538.287575
1758657600000,4153.46,4176.95,4139.45,4175.75,2782.63569
1758661200000,4175.74,4192.0,4164.1,4183.29,2144.324169
1758664800000,4183.26,4189.98,4168.93,4181.82,1673.910801
1758668400000,4181.82,4185.7,4160.7,4164.28,1383.903021
1758672000000,4164.29,4194.9,4158.14,4174.21,3797.21128
1758675600000,4174.22,4193.73,4169.04,4189.83,1807.103501
1758679200000,4189.84,4192.08,4160.51,4170.0,7998.993147
1758682800000,4169.67,4174.67,4129.26,4147.64,10957.945552
1758686400000,4147.63,4162.0,4073.91,4141.12,22701.382024
1758690000000,4141.11,4176.1,4138.96,4172.89,3061.440546
1758693600000,4172.89,4183.89,4166.68,4181.11,3532.350467
1758697200000,4181.1,4184.1,4165.38,4175.31,3319.34305
1758700800000,4175.32,4178.2,4168.0,4175.02,1933.968562
1758704400000,4175.02,4184.35,4170.06,4182.7,3235.500265
1758708000000,4182.7,4183.95,4163.27,4177.47,2196.860507
1758711600000,4177.46,4198.06,4174.71,4181.61,6879.46317
1758715200000,4181.61,4187.1,4171.08,4180.0,3703.658756
1758718800000,4180.0,4185.56,4146.84,4150.33,8515.530028
1758722400000,4150.32,4206.99,4149.9,4193.8,6735.014709
1758726000000,4193.8,4198.0,4162.36,4165.75,4569.14988
1758729600000,4165.92,4176.55,4153.91,4173.15,3151.44041
1758733200000,4173.16,4193.58,4165.63,4182.94,3784.260729
1758736800000,4182.95,4183.95,4165.41,4171.26,4177.803017
1758740400000,4171.26,4173.6,4154.52,4160.58,5807.4982
1758744000000,4160.58,4168.34,4147.89,4164.79,6673.440302
1758747600000,4164.79,4171.3,4129.0,4144.45,2485.893094
1758751200000,4144.46,4163.33,4143.0,4154.04,3013.158482
1758754800000,4154.04,4161.89,4144.44,4152.25,1505.758302
1758758400000,4152.22,4160.85,4122.43,4128.6,4536.984028
1758762000000,4128.55,4136.0,4082.03,4101.95,16941.430257
1758765600000,4102.01,4137.4,4062.76,4102.05,12748.748983
1758769200000,4102.01,4103.45,4021.86,4062.13,24835.159326
1758772800000,4062.14,4071.14,3962.69,4001.88,36636.401962
1758776400000,4001.88,4039.89,3977.63,4024.64,16400.657637
1758780000000,4024.64,4028.23,3993.0,3996.8,9743.168126
1758783600000,3997.48,4022.54,3985.93,4008.54,7087.358996
1758787200000,4008.53,4035.55,4003.55,4014.98,5878.831889
1758790800000,4015.23,4052.7,4012.47,4024.48,10440.58653
1758794400000,4024.48,4043.0,4009.37,4013.7,4346.936094
1758798000000,4013.71,4020.0,3990.65,4002.24,7129.53442
1758801600000,4002.24,4016.45,3924.0,3977.45,25642.28094
1758805200000,3978.06,4007.2,3944.02,3969.76,17495.265316
1758808800000,3969.77,4022.39,3968.61,4013.39,13294.038995
1758812400000,4013.39,4016.32,3980.0,4002.69,8317.264385
1758816000000,4002.7,4005.88,3925.89,3940.12,10903.956249
1758819600000,3940.0,3942.79,3823.43,3838.86,32961.300502
1758823200000,3838.85,3925.05,3824.12,3924.86,20170.574561
1758826800000,3924.87,3947.15,3906.52,3911.53,16734.067873
1758830400000,3911.65,3918.78,3877.24,3885.61,8896.618421
1758834000000,3885.61,3918.3,3880.79,3904.84,7103.582152
1758837600000,3904.84,3936.65,3881.42,3892.98,7000.306701
1758841200000,3892.99,3905.44,3849.24,3874.19,8089.333451
1758844800000,3874.43,3939.06,3866.58,3932.03,11441.349857
1758848400000,3932.02,3957.4,3920.68,3948.61,6647.856551
1758852000000,3948.62,3971.07,3941.66,3958.64,4574.393834
1758855600000,3958.65,3969.09,3944.3,3965.17,3627.713458
1758859200000,3965.35,3977.0,3938.53,3945.73,4098.635964
1758862800000,3945.73,3962.85,3919.61,3921.21,5738.395055
1758866400000,3921.21,3948.62,3910.46,3920.9,9507.461283
1758870000000,3920.91,3948.69,3907.5,3939.48,26482.422614
1758873600000,3939.47,3944.99,3925.24,3934.23,5644.663467
1758877200000,3934.22,3940.33,3895.59,3915.43,6819.08806
1758880800000,3915.49,3916.88,3874.35,3888.49,15792.950798
1758884400000,3888.35,3919.28,3873.15,3906.15,14287.000915
1758888000000,3905.86,3966.63,3875.34,3937.65,15942.126102
1758891600000,3937.66,3985.4,3906.49,3971.11,21943.237476
1758895200000,3970.94,3978.76,3922.36,3931.22,9649.549943
1758898800000,3931.22,3962.71,3928.98,3945.92,4848.298712
1758902400000,3945.9,3995.71,3942.75,3990.63,6798.161307
1758906000000,3990.6,4046.49,3977.6,4044.86,13479.236799
1758909600000,4044.87,4069.01,4036.0,4044.45,9166.217035
1758913200000,4044.45,4046.2,4007.27,4023.91,6056.358248
1758916800000,4023.84,4029.99,4008.65,4009.66,2936.917012
1758920400000,4009.66,4026.83,4005.16,4023.62,2795.809345
1758924000000,4023.62,4040.35,4019.87,4026.66,2823.670368
1758927600000,4026.67,4037.15,4015.07,4032.28,2058.928912
1758931200000,4032.28,4033.17,4017.02,4027.03,1580.975471
1758934800000,4027.04,4029.0,4005.64,4018.39,2198.114247
1758938400000,4018.46,4022.99,4008.57,4012.61,1931.627692
1758942000000,4012.61,4030.0,4010.0,4019.13,2259.953735
1758945600000,4019.1,4028.15,4015.1,4021.86,1251.35278
1758949200000,4021.86,4021.92,4012.14,4020.16,1769.281075
1758952800000,4020.16,4020.3,4012.8,4018.94,809.098364
1758956400000,4018.95,4022.14,4006.2,4008.3,3985.172371
1758960000000,4008.3,4008.31,3982.95,3985.87,8090.346735
1758963600000,3985.87,3998.82,3972.81,3995.4,3079.530831
1758967200000,3995.4,4018.02,3989.28,4009.17,3656.570487
1758970800000,4009.17,4013.63,3999.0,4001.87,2215.197632
1758974400000,4002.12,4039.23,3993.91,4029.21,7287.785006
1758978000000,4029.21,4031.78,4015.51,4019.75,3937.227555
1758981600000,4019.74,4026.24,4008.79,4014.39,1498.230598
1758985200000,4014.49,4021.81,3999.01,4018.69,2569.28824
1758988800000,4018.69,4019.69,4003.85,4007.4,1666.826155
1758992400000,4007.44,4007.7,3980.31,4001.75,5084.831847
1758996000000,4001.62,4004.24,3986.21,3996.22,1636.778077
1758999600000,3996.23,4003.5,3991.15,4002.5,1076.074746
1759003200000,4002.5,4010.0,4000.35,4006.79,683.371298
1759006800000,4006.8,4020.99,4006.31,4014.7,1637.989657
1759010400000,4014.71,4034.0,4014.11,4022.7,3063.294729
1759014000000,4022.71,4027.14,4014.01,4019.0,2792.254078
1759017600000,4019.0,4033.0,4006.54,4016.67,3881.552617
1759021200000,4016.68,4017.99,3994.16,3996.81,4011.781892
1759024800000,3996.62,4011.41,3995.75,4001.53,2761.978997
1759028400000,4001.66,4010.5,3997.0,4002.74,1454.577536
1759032000000,4002.74,4006.0,3996.46,4005.57,1296.139208
1759035600000,4005.58,4020.36,4003.33,4011.0,1077.481561
1759039200000,4011.01,4017.25,3996.88,4006.68,2164.90791
1759042800000,4006.68,4016.0,4002.22,4014.25,2383.02112
1759046400000,4014.25,4016.12,4000.76,4002.12,2232.487208
1759050000000,4002.12,4006.82,3989.15,3996.0,2059.641168
1759053600000,3996.0,4000.86,3985.13,3996.43,1981.120431
1759057200000,3996.43,3997.35,3984.76,3992.85,1579.764362
1759060800000,3992.82,3993.2,3965.83,3977.95,3704.487695
1759064400000,3977.94,4022.24,3977.52,4013.3,5671.585653
1759068000000,4013.43,4028.0,4007.8,4024.6,3434.228157
1759071600000,4024.6,4029.0,4015.78,4021.55,3917.601462
1759075200000,4021.56,4055.55,4021.56,4033.11,6172.339171
1759078800000,4033.1,4051.91,4023.77,4039.52,6197.911589
1759082400000,4039.52,4045.22,4035.44,4041.8,1746.058153
1759086000000,4041.8,4046.35,4032.72,4039.02,806.032301
1759089600000,4039.02,4066.0,4035.08,4050.99,3586.75802
1759093200000,4051.0,4062.59,4041.96,4050.03,2070.507681
1759096800000,4049.86,4141.0,4049.71,4132.34,15471.208818
1759100400000,4132.35,4144.81,4120.48,4141.48,4721.154882
1759104000000,4141.55,4146.66,4123.01,4127.06,5165.017799
1759107600000,4127.07,4137.99,4112.03,4113.97,4187.25648
1759111200000,4113.98,4128.67,4107.73,4111.93,2782.788583
1759114800000,4111.93,4121.99,4103.2,4121.99,2810.296083
1759118400000,4122.0,4123.82,4113.54,4119.5,2122.491347
1759122000000,4119.5,4120.82,4103.57,4113.79,4384.675729
1759125600000,4113.8,4114.44,4094.47,4097.24,9462.907104
1759129200000,4097.24,4112.86,4087.74,4108.05,9418.963485
1759132800000,4108.05,4136.48,4107.81,4122.13,4845.62718
1759136400000,4122.1,4140.0,4119.0,4134.67,4056.241167
1759140000000,4134.51,4138.65,4114.48,4116.65,3116.082395
1759143600000,4116.7,4117.59,4093.92,4103.54,3873.05861
1759147200000,4103.53,4129.38,4093.33,4098.35,3804.833551
1759150800000,4098.34,4187.3,4082.0,4168.93,13994.709788
1759154400000,4168.94,4206.66,4160.0,4188.73,12904.915519
1759158000000,4188.74,4199.97,4152.29,4165.04,5775.686241
1759161600000,4165.06,4175.22,4139.42,4142.52,3847.690835
1759165200000,4142.49,4159.85,4128.5,4155.91,3618.415988
1759168800000,4155.91,4163.68,4142.85,4162.64,1854.876797
1759172400000,4162.68,4194.0,4160.41,4188.67,4777.117423
1759176000000,4188.67,4234.52,4182.29,4227.03,7837.789628
1759179600000,4227.02,4236.28,4211.35,4224.01,2334.440954
1759183200000,4224.01,4231.3,4213.78,4225.92,2996.562269
1759186800000,4225.93,4230.34,4212.87,4214.75,3274.24746
1759190400000,4214.76,4246.57,4194.29,4206.07,7670.427084
1759194000000,4205.95,4229.08,4191.1,4203.79,6340.600598
1759197600000,4203.71,4211.71,4197.06,4199.33,5826.413784
1759201200000,4199.33,4208.41,4188.39,4199.05,4966.173468
1759204800000,4199.05,4201.5,4189.14,4189.15,2647.469089
1759208400000,4189.15,4195.48,4170.01,4184.81,4704.603243
1759212000000,4184.61,4203.34,4180.05,4190.47,4002.06675
1759215600000,4190.48,4207.78,4174.15,4182.78,3857.78186
1759219200000,4182.78,4183.8,4165.13,4169.72,3951.904142
1759222800000,4169.73,4177.74,4133.6,4140.95,8587.423894
1759226400000,4140.96,4165.74,4135.21,4158.44,3657.7229
1759230000000,4158.54,4170.0,4148.26,4165.1,3764.795351
1759233600000,4165.1,4175.92,4155.36,4158.07,2106.537888
1759237200000,4158.08,4175.64,4140.79,4154.57,3735.48315
1759240800000,4154.56,4160.98,4117.2,4149.36,8359.252684
1759244400000,4149.29,4150.29,4094.54,4120.24,8956.61814
1759248000000,4120.24,4126.99,4092.45,4099.46,5023.456834
1759251600000,4099.42,4111.22,4094.02,4100.86,4189.211925
1759255200000,4100.89,4118.88,4092.89,4116.79,9484.902886
1759258800000,4116.77,4170.4,4109.04,4160.55,7635.686932
1759262400000,4160.58,4197.62,4149.18,4195.99,4576.050392
1759266000000,4195.99,4201.51,4152.89,4152.97,6216.321272
1759269600000,4152.97,4171.49,4130.51,4140.06,4553.278282
1759273200000,4140.06,4147.21,4117.41,4145.3,4687.936851
1759276800000,4145.3,4152.65,4124.37,4148.83,3270.406844
1759280400000,4148.83,4175.08,4142.76,4171.11,4726.345888
1759284000000,4171.2,4171.44,4152.63,4153.25,2766.840323
1759287600000,4153.35,4153.99,4128.61,4129.2,3015.264038
1759291200000,4129.35,4157.13,4126.99,4140.72,3037.107123
1759294800000,4140.73,4157.31,4140.01,4144.35,2166.035638
1759298400000,4144.45,4147.11,4123.51,4126.68,3403.713483
1759302000000,4126.67,4147.7,4125.03,4146.11,3048.527235
1759305600000,4146.1,4330.0,4143.1,4291.83,37178.421782
1759309200000,4291.83,4318.33,4276.96,4310.59,14940.493143
1759312800000,4310.59,4312.91,4279.16,4282.19,5127.474258
1759316400000,4282.3,4306.25,4282.3,4298.19,4001.338213
1759320000000,4298.2,4314.64,4278.14,4284.62,7342.936416
1759323600000,4284.63,4303.03,4280.0,4296.0,7705.408745
1759327200000,4296.0,4340.74,4291.63,4324.0,16933.64202
1759330800000,4324.0,4345.0,4314.68,4327.34,7284.301762
1759334400000,4327.34,4340.25,4318.31,4324.76,6959.033868
1759338000000,4324.66,4333.57,4288.12,4292.94,5862.844389
1759341600000,4292.95,4318.41,4291.66,4308.15,2688.935896
1759345200000,4308.16,4339.29,4305.72,4334.31,4654.851716
1759348800000,4334.41,4336.8,4314.61,4334.98,4341.979229
1759352400000,4334.98,4335.1,4287.55,4304.94,4894.128911
1759356000000,4304.94,4329.56,4304.94,4313.06,2405.860429
1759359600000,4313.05,4356.4,4310.56,4348.31,4619.395679
1759363200000,4348.33,4381.32,4333.33,4335.46,9484.273225
1759366800000,4335.47,4399.99,4332.8,4393.13,6163.417852
1759370400000,4393.12,4399.07,4366.63,4386.53,4741.739748
1759374000000,4386.44,4399.83,4371.28,4376.74,5524.850877
1759377600000,4376.75,4385.69,4359.49,4372.89,3889.639864
1759381200000,4372.89,4398.4,4370.38,4383.92,4684.003351
1759384800000,4383.91,4423.71,4374.01,4403.71,12018.254567
1759388400000,4403.7,4409.51,4370.73,4376.22,6539.571988
1759392000000,4376.23,4394.11,4369.53,4388.0,2920.4176
1759395600000,4388.0,4396.41,4378.9,4392.01,1834.478301
1759399200000,4392.02,4396.46,4375.19,4380.32,2699.573719
1759402800000,4380.32,4394.23,4373.01,4379.21,2847.680673
1759406400000,4379.21,4408.4,4370.32,4406.7,5280.254756
1759410000000,4406.7,4418.66,4378.61,4416.74,12329.243788
1759413600000,4416.74,4421.71,4367.61,4375.15,9842.365788
1759417200000,4375.04,4442.94,4335.34,4437.59,15618.224932
1759420800000,4437.58,4470.27,4426.0,4448.76,11180.619722
1759424400000,4448.76,4477.98,4439.44,4466.21,6538.997233
1759428000000,4466.21,4497.85,4466.05,4487.16,8488.692482
1759431600000,4487.16,4517.12,4484.25,4495.37,9568.236698
1759435200000,4495.59,4497.58,4467.75,4491.31,3333.965248
1759438800000,4491.32,4496.59,4468.19,4468.64,2979.644061
1759442400000,4468.79,4485.12,4457.43,4464.0,5336.309795
1759446000000,4463.99,4488.0,4463.05,4484.64,2929.458614
1759449600000,4484.64,4485.0,4466.4,4468.8,2438.222896
1759453200000,4468.86,4479.68,4461.76,4472.07,3862.942325
1759456800000,4472.0,4516.12,4471.52,4510.78,7827.612955
1759460400000,4510.77,4560.0,4491.17,4500.77,16519.125779
1759464000000,4500.77,4510.87,4481.78,4497.08,3941.073377
1759467600000,4497.09,4501.12,4467.31,4477.07,6641.476152
1759471200000,4477.07,4486.0,4458.0,4472.46,5754.95587
1759474800000,4472.45,4477.59,4454.01,4462.78,11006.581362
1759478400000,4462.78,4467.52,4428.38,4466.83,13700.376718
1759482000000,4466.83,4482.53,4457.56,4473.87,5516.816211
1759485600000,4473.88,4495.88,4468.28,4490.0,6184.029618
1759489200000,4490.0,4490.8,4466.45,4478.93,4522.472069
1759492800000,4478.95,4492.82,4473.4,4482.83,3464.73226
1759496400000,4482.84,4505.0,4450.21,4471.2,7472.118471
1759500000000,4471.19,4490.44,4436.66,4483.48,9537.854021
1759503600000,4483.32,4542.2,4458.0,4535.35,8880.844758
1759507200000,4535.36,4592.87,4520.71,4525.18,19888.952262
1759510800000,4525.17,4526.97,4455.0,4471.98,24328.855097
1759514400000,4472.0,4512.58,4450.59,4512.58,6123.30285
1759518000000,4512.59,4546.95,4503.73,4519.77,5653.782202
1759521600000,4519.78,4543.76,4493.7,4535.44,4518.819133
1759525200000,4535.45,4538.01,4515.0,4523.37,2122.999463
1759528800000,4523.36,4534.79,4523.15,4528.63,1409.256531
1759532400000,4528.64,4529.0,4507.35,4512.79,2153.295643
1759536000000,4512.8,4517.17,4495.3,4501.35,2972.347137
1759539600000,4501.36,4502.02,4467.59,4480.24,4620.512777
1759543200000,4480.33,4489.6,4462.35,4484.75,4039.78547
1759546800000,4484.76,4488.92,4471.16,4487.01,2168.661263
1759550400000,4487.01,4499.98,4480.0,4494.03,2430.737048
1759554000000,4494.04,4510.6,4492.92,4503.94,2323.499748
1759557600000,4503.95,4518.14,4502.14,4506.99,2329.738285
1759561200000,4506.99,4514.01,4493.54,4498.42,3014.510735
1759564800000,4498.42,4502.65,4483.52,4489.71,2265.970409
1759568400000,4489.84,4502.65,4483.96,4490.33,1463.781162
1759572000000,4490.34,4504.65,4483.55,4487.73,1265.741147
1759575600000,4487.72,4495.5,4480.82,4484.09,1988.779624
1759579200000,4484.09,4489.63,4476.26,4480.24,1872.992208
1759582800000,4480.25,4509.05,4478.98,4499.92,3088.98595
1759586400000,4499.93,4512.0,4469.94,4470.66,3434.490868
1759590000000,4470.8,4483.45,4441.82,4455.16,8452.532237
1759593600000,4455.16,4468.19,4440.61,4467.32,4097.336175
1759597200000,4467.31,4477.5,4453.72,4464.56,2407.020244
1759600800000,4464.57,4467.48,4450.52,4455.32,1879.329859
1759604400000,4455.32,4469.24,4455.31,4467.8,623.195267
1759608000000,4467.8,4486.68,4467.8,4474.97,1303.638188
1759611600000,4474.98,4494.83,4474.97,4484.65,1929.738953
1759615200000,4484.66,4494.68,4480.76,4489.56,1374.170615
1759618800000,4489.57,4490.19,4482.37,4487.62,836.628425
1759622400000,4487.49,4493.79,4467.19,4471.4,2170.740437
1759626000000,4471.48,4489.01,4470.46,4487.7,1043.509252
1759629600000,4487.65,4550.53,4480.0,4549.02,13892.430966
1759633200000,4549.17,4574.81,4528.15,4531.76,12077.308988
1759636800000,4531.76,4588.6,4528.55,4573.98,11858.475503
1759640400000,4573.99,4586.0,4557.93,4569.18,6270.013581
1759644000000,4569.19,4573.89,4552.19,4560.09,4537.284873
1759647600000,4560.08,4615.0,4558.99,4606.6,23749.278268
1759651200000,4606.41,4619.0,4584.41,4588.28,11240.244913
1759654800000,4588.27,4590.71,4538.55,4549.74,11562.713061
1759658400000,4549.73,4552.51,4523.53,4542.41,8540.309581
1759662000000,4542.41,4557.34,4535.47,4551.3,3596.303326
1759665600000,4551.24,4551.24,4530.29,4532.15,4227.86736
1759669200000,4532.15,4544.3,4531.31,4539.06,2650.384812
1759672800000,4539.06,4550.9,4530.52,4535.9,3259.093288
1759676400000,4535.8,4544.0,4526.8,4532.19,2732.966277
1759680000000,4532.2,4541.3,4490.74,4529.0,6359.435791
1759683600000,4529.08,4538.63,4504.21,4511.91,3078.813946
1759687200000,4511.91,4525.5,4497.76,4519.07,3253.915244
1759690800000,4519.2,4519.5,4482.5,4487.25,3403.775356
1759694400000,4487.26,4509.6,4473.04,4498.54,3537.562268
1759698000000,4498.54,4508.06,4492.25,4505.31,2571.905162
1759701600000,4505.31,4519.48,4501.44,4513.53,2727.954501
1759705200000,4513.52,4523.73,4512.41,4514.63,3038.682317
1759708800000,4514.64,4553.09,4487.5,4499.51,10053.550373
1759712400000,4499.52,4541.54,4490.53,4527.95,5876.456375
1759716000000,4527.94,4550.25,4506.41,4538.59,5514.430364
1759719600000,4538.58,4541.94,4528.36,4536.9,3143.569004
1759723200000,4536.91,4541.92,4522.16,4524.33,2209.489971
1759726800000,4524.29,4529.2,4509.1,4528.0,2678.124726
1759730400000,4528.0,4576.85,4527.38,4560.01,5855.658993
1759734000000,4560.02,4577.8,4529.21,4533.53,6067.420312
1759737600000,4533.27,4566.85,4533.27,4561.37,3346.52359
1759741200000,4561.58,4577.77,4560.16,4573.43,5893.970476
1759744800000,4573.08,4579.4,4558.2,4573.3,2270.646896
1759748400000,4573.3,4594.71,4564.95,4571.83,3700.167952
1759752000000,4572.0,4597.23,4570.42,4581.16,3869.40004
1759755600000,4581.16,4638.62,4577.25,4637.96,13669.945419
1759759200000,4638.31,4676.69,4630.26,4638.57,17570.541687
1759762800000,4638.56,4693.8,4637.61,4673.02,11011.022149
1759766400000,4672.94,4684.2,4658.99,4677.88,5041.013528
1759770000000,4677.89,4718.47,4673.81,4695.98,12399.914127
1759773600000,4695.99,4716.65,4679.11,4711.75,4470.524486
1759777200000,4711.76,4734.02,4695.01,4722.99,9631.502193
1759780800000,4722.98,4736.25,4686.66,4689.1,6618.565551
1759784400000,4689.1,4698.32,4671.11,4693.5,4445.130032
1759788000000,4693.43,4707.68,4682.31,4698.69,3364.422097
1759791600000,4698.7,4705.33,4683.36,4684.25,3286.376953
1759795200000,4684.25,4692.98,4672.09,4680.01,3991.553842
1759798800000,4680.01,4699.19,4663.64,4675.36,4491.681833
1759802400000,4675.44,4692.01,4668.95,4686.26,5835.277239
1759806000000,4686.26,4695.7,4678.31,4691.0,2974.126365
1759809600000,4690.81,4718.99,4680.0,4713.7,5705.204967
1759813200000,4713.72,4731.95,4705.01,4711.93,5014.939115
1759816800000,4711.92,4719.75,4665.63,4669.64,7374.42429
1759820400000,4669.65,4683.49,4665.26,4678.59,5529.951575
1759824000000,4678.6,4678.95,4639.04,4670.41,9641.388069
1759827600000,4670.42,4684.9,4667.67,4680.62,2978.871656
1759831200000,4680.61,4697.88,4673.85,4692.16,3724.149766
1759834800000,4692.17,4713.52,4687.36,4708.71,4093.137127
1759838400000,4708.72,4749.95,4695.49,4747.95,7636.953537
1759842000000,4747.99,4755.77,4663.3,4704.41,19836.274773
1759845600000,4704.41,4710.0,4590.66,4593.43,23980.759144
1759849200000,4593.43,4606.71,4477.61,4512.26,45221.084402
1759852800000,4512.26,4523.82,4454.4,4499.2,25291.664148
1759856400000,4499.22,4507.51,4468.57,4475.43,9111.495535
1759860000000,4475.44,4483.6,4446.66,4465.0,10123.245267
1759863600000,4465.0,4495.36,4459.55,4479.69,15716.094869
1759867200000,4479.7,4516.86,4476.82,4509.75,7285.903195
1759870800000,4509.75,4514.25,4480.03,4493.19,3799.035721
1759874400000,4493.2,4506.26,4482.27,4497.6,5466.434934
1759878000000,4497.64,4498.78,4428.8,4447.3,12843.565862
1759881600000,4447.26,4481.14,4434.4,4471.88,6770.686515
1759885200000,4471.89,4489.24,4458.11,4483.24,4502.350517
1759888800000,4483.25,4499.46,4472.88,4481.31,7137.861012
1759892400000,4481.32,4481.32,4433.43,4443.99,8112.348508
1759896000000,4443.99,4465.92,4411.23,4461.51,8544.740127
1759899600000,4461.52,4461.88,4420.99,4437.75,4694.946475
1759903200000,4437.76,4458.44,4424.06,4455.55,3524.259939
1759906800000,4455.56,4464.55,4442.96,4463.67,8193.969188
1759910400000,4463.66,4496.6,4458.44,4475.37,7830.73427
1759914000000,4475.37,4484.9,4472.0,4484.17,3225.436807
1759917600000,4484.17,4504.99,4480.23,4499.9,6040.368865
1759921200000,4499.91,4507.0,4482.32,4487.59,3811.181651
1759924800000,4487.42,4496.64,4469.43,4478.67,4625.201525
1759928400000,4478.96,4489.68,4440.1,4476.43,11558.756178
1759932000000,4476.42,4523.01,4438.29,4450.0,16171.446684
1759935600000,4450.0,4469.03,4437.35,4447.77,6499.609546
1759939200000,4447.78,4499.49,4439.04,4495.91,9232.538023
1759942800000,4495.84,4557.59,4489.79,4538.57,12237.743887
1759946400000,4538.58,4544.0,4512.64,4523.12,6607.32677
1759950000000,4523.07,4526.87,4498.41,4515.04,8038.768478
1759953600000,4515.34,4526.29,4498.06,4504.01,2581.71582
1759957200000,4504.01,4527.99,4502.35,4525.69,1704.298628
1759960800000,4525.93,4539.58,4521.22,4521.64,1462.398181
1759964400000,4521.65,4537.52,4509.01,4525.98,3155.1763
1759968000000,4525.67,4531.52,4507.48,4511.34,3435.371059
1759971600000,4511.22,4514.22,4463.38,4479.75,8022.337294
1759975200000,4479.65,4482.0,4401.4,4413.15,10338.829322
1759978800000,4413.15,4453.39,4412.47,4451.01,4255.577463
1759982400000,4451.17,4458.79,4439.01,4455.12,2857.452447
1759986000000,4455.12,4461.73,4438.0,4454.87,3267.763103
1759989600000,4454.88,4454.96,4423.44,4429.68,5916.420953
1759993200000,4429.52,4437.55,4411.44,4426.64,5846.235679
1759996800000,4426.63,4427.11,4320.0,4328.37,26283.699531
1760000400000,4328.38,4357.13,4325.85,4335.38,8354.257687
1760004000000,4335.39,4358.93,4325.64,4354.75,6131.119468
1760007600000,4354.75,4387.19,4354.4,4373.17,5459.785836
1760011200000,4373.32,4413.19,4369.48,4404.13,8283.608301
1760014800000,4404.04,4407.68,4347.95,4351.11,9577.646411
1760018400000,4351.12,4375.0,4305.47,4344.8,17987.498982
1760022000000,4344.8,4363.4,4289.99,4314.57,22598.616827
1760025600000,4314.46,4327.53,4264.68,4276.98,12877.095271
1760029200000,4276.98,4336.55,4268.72,4334.47,6956.645915
1760032800000,4334.47,4341.46,4300.64,4307.95,5788.62975
1760036400000,4308.05,4344.87,4307.4,4338.41,4157.073615
1760040000000,4338.42,4347.76,4327.86,4337.24,2255.288366
1760043600000,4337.08,4358.96,4335.4,4357.56,3037.903001
1760047200000,4357.56,4382.84,4352.24,4378.0,3648.029561
1760050800000,4378.0,4379.28,4357.29,4368.2,2675.130429
1760054400000,4368.2,4384.44,4362.33,4380.51,2735.794626
1760058000000,4380.52,4393.68,4370.55,4373.25,3566.019353
1760061600000,4373.25,4380.24,4350.28,4359.23,3834.816006
1760065200000,4359.23,4392.71,4342.78,4346.92,7594.495297
1760068800000,4346.92,4362.38,4333.12,4344.46,3569.489109
1760072400000,4344.46,4369.73,4328.0,4368.31,4671.066518
1760076000000,4368.48,4377.08,4320.84,4328.1,6773.547526
1760079600000,4328.09,4334.62,4315.46,4323.8,5673.799105
1760083200000,4323.83,4349.81,4313.6,4346.15,3443.215833
1760086800000,4346.15,4351.76,4319.05,4322.2,3790.366806
1760090400000,4322.2,4346.15,4320.58,4342.85,2368.943724
1760094000000,4343.03,4348.0,4328.04,4343.47,2115.546552
1760097600000,4343.55,4352.55,4334.26,4348.46,2478.934097
1760101200000,4348.46,4390.7,4345.52,4356.26,10039.168395
1760104800000,4356.18,4375.48,4278.84,4280.6,15692.898884
1760108400000,4280.74,4284.43,4071.01,4103.57,75361.519152
1760112000000,4102.85,4138.81,4086.0,4108.85,23054.923341
1760115600000,4108.81,4112.73,4077.0,4093.9,11080.054554
1760119200000,4093.9,4100.34,4053.48,4053.65,9800.067837
1760122800000,4053.68,4064.41,3950.0,3997.61,30178.239814
1760126400000,3997.89,4024.76,3843.33,3868.55,53324.612297
1760130000000,3867.84,3914.0,3373.67,3888.84,233953.320292
1760133600000,3888.84,3906.51,3781.25,3849.8,89232.554103
1760137200000,3851.11,3912.0,3786.66,3822.49,53955.080901
1760140800000,3822.48,3878.0,3800.39,3835.0,42487.000715
1760144400000,3834.78,3837.0,3726.04,3732.43,35379.718036
1760148000000,3732.41,3861.55,3729.08,3839.34,24375.667406
1760151600000,3839.34,3846.0,3756.08,3792.61,24888.126983
1760155200000,3792.61,3821.54,3780.12,3820.48,18636.109038
1760158800000,3820.48,3833.0,3762.85,3789.75,21405.300028
1760162400000,3789.76,3812.13,3772.42,3781.11,10980.560035
1760166000000,3781.12,3785.8,3734.94,3759.82,25089.170396
1760169600000,3759.61,3821.36,3750.38,3814.99,13788.247055
1760173200000,3814.99,3846.25,3812.68,3828.85,11909.041574
1760176800000,3828.8,3857.14,3817.69,3833.8,8976.66241
1760180400000,3833.7,3842.1,3785.0,3839.55,13483.949997
1760184000000,3839.54,3845.0,3805.47,3822.93,9684.496023
1760187600000,3822.92,3839.5,3783.6,3831.99,13537.713608
1760191200000,3832.0,3837.5,3795.72,3814.2,5739.214905
1760194800000,3814.19,3855.0,3813.81,3825.01,9412.184394
1760198400000,3825.01,3847.72,3809.02,3819.75,6628.586736
1760202000000,3819.74,3841.41,3812.77,3825.22,3948.780966
1760205600000,3825.22,3825.93,3810.12,3815.53,1356.067712
1760209200000,3815.53,3816.35,3729.0,3760.15,15981.433323
1760212800000,3760.15,3766.52,3660.62,3695.16,15709.115619
1760216400000,3695.17,3744.43,3642.1,3736.24,18020.621598
1760220000000,3736.5,3763.43,3725.27,3743.2,6380.301787
1760223600000,3743.0,3753.27,3732.69,3747.38,5896.953137
1760227200000,3747.44,3764.4,3694.8,3701.45,13416.974977
1760230800000,3701.69,3740.76,3695.63,3719.6,9073.732407
1760234400000,3719.6,3749.79,3707.44,3734.79,8339.3845
1760238000000,3734.46,3819.95,3728.18,3781.66,15256.951514
1760241600000,3781.74,3822.87,3776.26,3802.09,7249.573868
1760245200000,3802.1,3817.48,3796.04,3806.42,3233.182546
1760248800000,3806.31,3839.0,3804.05,3832.38,8051.224504
1760252400000,3832.39,3844.52,3816.29,3827.59,8539.717377
1760256000000,3827.59,3846.5,3821.3,3822.71,4875.482858
1760259600000,3822.72,3848.96,3806.29,3843.42,7710.219579
1760263200000,3843.43,3866.93,3815.22,3820.21,10016.56474
1760266800000,3820.21,3833.81,3813.72,3820.53,3122.554264
1760270400000,3820.53,3849.39,3818.3,3832.04,7343.195929
1760274000000,3832.31,3835.08,3793.72,3810.0,10993.188721
1760277600000,3810.45,4027.62,3808.1,3974.7,50151.89611
1760281200000,3975.09,4080.17,3965.21,4034.31,56970.166932
1760284800000,4034.7,4175.0,4034.7,4106.29,48179.117826
1760288400000,4106.3,4158.94,4099.44,4127.58,21993.003972
1760292000000,4127.88,4147.27,4094.06,4109.3,9649.308866
1760295600000,4109.21,4140.0,4107.93,4135.75,6267.390855
1760299200000,4135.75,4198.0,4126.01,4136.24,16390.465891
1760302800000,4136.01,4165.0,4081.05,4136.04,15215.397811
1760306400000,4136.05,4155.26,4111.27,4134.9,8442.247519
1760310000000,4134.86,4162.89,4109.47,4152.11,7547.304312
1760313600000,4152.11,4187.27,4124.8,4139.64,15732.518221
1760317200000,4139.98,4200.0,4126.76,4199.18,12708.009316
1760320800000,4198.79,4220.56,4154.12,4159.28,10594.046873
1760324400000,4159.28,4170.56,4132.73,4140.4,5804.574131
1760328000000,4140.4,4147.02,4116.26,4142.47,7157.892247
1760331600000,4142.36,4145.19,4124.03,4131.84,4923.435335
1760335200000,4132.11,4183.0,4117.11,4170.4,9316.860798
1760338800000,4170.5,4198.0,4158.71,4178.35,12111.44627
1760342400000,4178.35,4195.99,4167.21,4175.31,4647.388841
1760346000000,4175.31,4177.01,4142.89,4164.74,6549.946325
1760349600000,4164.69,4168.08,4140.35,4152.24,4054.289616
1760353200000,4152.24,4155.49,4041.36,4080.64,23949.53759
1760356800000,4080.47,4134.22,4056.65,4098.23,14712.811954
1760360400000,4097.82,4181.6,4093.0,4164.91,29142.424584
1760364000000,4164.91,4176.57,4081.15,4095.72,16883.465206
1760367600000,4095.73,4148.79,4093.76,4135.69,9217.494737
1760371200000,4135.71,4176.0,4129.44,4165.76,11329.801608
1760374800000,4165.66,4240.0,4156.97,4236.03,16522.448867
1760378400000,4236.03,4240.47,4200.3,4228.33,8052.045055
1760382000000,4228.28,4272.86,4223.57,4252.74,9080.348638
1760385600000,4252.73,4291.74,4243.8,4287.01,7987.492702
1760389200000,4287.01,4292.85,4255.17,4259.08,3737.943227
1760392800000,4258.83,4277.28,4251.63,4271.79,3234.470296
1760396400000,4271.79,4271.79,4235.49,4241.8,4366.924723
1760400000000,4241.8,4263.83,4227.45,4242.41,6015.372396
1760403600000,4242.26,4244.37,4202.39,4211.89,8968.099862
1760407200000,4211.55,4212.0,4167.66,4172.35,9091.730935
1760410800000,4172.42,4174.59,4137.83,4153.85,10092.661345
1760414400000,4153.85,4161.03,4087.0,4100.65,14525.921159
1760418000000,4100.66,4126.65,4055.81,4070.64,12779.845017
1760421600000,4070.52,4094.06,3964.96,4003.92,31871.013221
1760425200000,4003.92,4027.42,3968.75,3980.84,55092.140177
1760428800000,3980.98,4012.5,3950.72,3997.06,18746.618116
1760432400000,3997.06,4015.45,3970.61,3985.9,10042.676883
1760436000000,3985.67,3986.9,3888.41,3941.98,28887.607514
1760439600000,3942.99,3986.8,3941.39,3971.85,16643.776966
1760443200000,3972.29,3974.47,3931.73,3941.33,12890.208279
1760446800000,3941.33,3976.45,3895.68,3956.75,25295.755844
1760450400000,3956.75,4019.2,3940.6,3969.98,32679.485453
1760454000000,3969.99,4089.05,3950.04,4085.94,26234.130425
1760457600000,4086.59,4164.8,4058.46,4095.84,38556.521047
1760461200000,4096.39,4142.09,4047.83,4101.05,25559.027755
1760464800000,4101.46,4138.43,4093.98,4120.64,10568.286094
1760468400000,4120.65,4148.99,4048.27,4102.91,22427.279542
1760472000000,4103.23,4126.49,4072.0,4118.4,12200.478668
1760475600000,4118.36,4123.29,4093.67,4117.96,4449.443021
1760479200000,4117.96,4141.97,4102.14,4119.11,6135.443517
1760482800000,4119.11,4145.01,4117.69,4124.95,5314.408626
1760486400000,4124.93,4134.11,4094.21,4119.77,9396.427465
1760490000000,4119.76,4121.68,4082.55,4113.78,9166.612309
1760493600000,4113.84,4146.01,4107.31,4118.91,8518.860327
1760497200000,4118.79,4124.18,4061.26,4081.63,11146.186908
1760500800000,4081.63,4124.97,4072.23,4115.81,8457.799742
1760504400000,4116.48,4125.17,4093.9,4110.54,5903.007708
1760508000000,4110.65,4123.74,4074.92,4118.84,8899.459011
1760511600000,4118.73,4130.0,4104.66,4121.8,5764.532551
1760515200000,4121.75,4216.66,4118.94,4181.61,22778.606268
1760518800000,4181.62,4185.31,4138.57,4156.48,11191.157005
1760522400000,4156.47,4158.11,4112.1,4118.54,8529.364338
1760526000000,4118.54,4130.87,4086.43,4100.35,6564.602241
1760529600000,4100.34,4108.0,4070.0,4095.5,8233.965827
1760533200000,4095.49,4103.69,4018.07,4055.29,24112.043368
1760536800000,4055.52,4106.41,3993.15,4009.72,18802.800447
1760540400000,4010.38,4036.66,3959.0,3981.08,21144.554589
1760544000000,3981.39,4003.02,3966.67,3976.74,11522.159002
1760547600000,3976.77,3994.44,3928.84,3993.11,17320.932751
1760551200000,3993.11,4013.52,3970.14,4008.13,9693.787254
1760554800000,4008.13,4010.11,3971.42,3983.59,10079.743446
1760558400000,3983.36,3996.35,3937.08,3961.93,15187.082177
1760562000000,3961.89,3982.16,3925.0,3954.27,9404.601
1760565600000,3954.54,3982.2,3951.76,3962.01,7067.483512
1760569200000,3961.83,3994.41,3954.41,3986.15,5671.249064
1760572800000,3986.14,3998.59,3976.0,3982.12,4969.797128
1760576400000,3982.11,4011.91,3980.12,4010.4,5084.973067
1760580000000,4010.45,4037.4,4000.48,4031.6,6388.414956
1760583600000,4031.6,4037.37,4012.15,4015.0,3873.817283
1760587200000,4015.01,4032.0,3993.0,3998.8,6852.60535
1760590800000,3998.81,4020.79,3978.86,3996.58,6489.405889
1760594400000,3996.55,4050.9,3994.51,4042.12,10130.435403
1760598000000,4042.12,4046.0,3994.0,4004.25,8991.035996
1760601600000,4004.5,4007.44,3982.74,3994.92,9298.88957
1760605200000,3994.92,4048.9,3940.0,4029.77,21128.072889
1760608800000,4029.76,4079.62,4029.15,4048.76,10715.267187
1760612400000,4048.76,4064.86,4033.5,4062.09,7185.168635
1760616000000,4062.1,4087.51,4039.52,4054.58,8212.586341
1760619600000,4054.42,4068.65,4005.55,4021.26,12290.083357
1760623200000,4021.01,4059.18,3970.0,4015.8,26829.78964
1760626800000,4015.85,4021.17,3891.69,3907.26,26446.676335
1760630400000,3907.26,3968.24,3857.52,3964.85,26968.966675
1760634000000,3965.1,3965.25,3916.03,3921.79,13766.150619
1760637600000,3921.79,3922.22,3878.05,3905.72,13975.836632
1760641200000,3905.75,3912.79,3851.43,3867.21,12273.654075
1760644800000,3867.21,3881.05,3825.83,3850.99,12461.219855
1760648400000,3850.99,3886.45,3840.65,3884.25,6399.757698
1760652000000,3884.12,3889.61,3863.63,3865.53,4489.573984
1760655600000,3865.4,3898.56,3861.74,3894.62,3724.442801
1760659200000,3894.83,3928.52,3888.69,3928.52,5096.85902
1760662800000,3928.52,3950.64,3906.29,3920.36,6095.806492
1760666400000,3920.2,3931.86,3900.0,3922.61,4097.084438
1760670000000,3922.62,3935.89,3919.04,3933.21,2693.353173
1760673600000,3933.19,3935.99,3910.09,3912.59,3597.880939
1760677200000,3912.38,3923.94,3893.11,3895.25,8159.340624
1760680800000,3895.26,3906.65,3806.92,3820.29,16775.14727
1760684400000,3820.35,3824.86,3753.05,3757.36,43357.220432
1760688000000,3757.6,3770.06,3704.65,3709.38,26994.019108
1760691600000,3709.37,3768.96,3697.0,3723.96,15174.271477
1760695200000,3723.96,3739.05,3674.0,3725.46,19410.966669
1760698800000,3725.59,3818.0,3720.73,3778.5,19859.371834
1760702400000,3778.27,3811.51,3771.17,3775.66,8781.881458
1760706000000,3775.91,3810.22,3740.0,3789.84,21029.360277
1760709600000,3789.59,3798.4,3714.28,3750.63,24403.859444
1760713200000,3750.63,3802.35,3744.47,3797.86,17602.618369
1760716800000,3797.86,3846.42,3779.26,3788.65,25722.54804
1760720400000,3788.65,3826.84,3780.25,3818.16,8248.574903
1760724000000,3818.16,3849.47,3812.7,3835.8,5869.472384
1760727600000,3835.81,3850.71,3815.01,3828.13,6375.637878
1760731200000,3828.03,3865.01,3818.04,3859.06,8102.986048
1760734800000,3858.58,3883.99,3853.59,3876.86,7248.922554
1760738400000,3876.84,3882.87,3846.44,3854.84,5016.07651
1760742000000,3854.74,3855.28,3829.0,3831.88,4906.099911
1760745600000,3831.69,3844.62,3819.24,3840.69,3879.98345
1760749200000,3840.91,3879.45,3840.01,3868.75,5766.118751
1760752800000,3868.78,3882.58,3846.48,3851.45,5158.928392
1760756400000,3851.44,3878.74,3849.96,3870.74,3624.464474
1760760000000,3870.56,3870.94,3841.71,3844.26,5972.178616
1760763600000,3844.37,3869.08,3843.25,3867.83,3968.853218
1760767200000,3867.31,3876.99,3861.42,3872.63,4004.872535
1760770800000,3872.64,3928.27,3872.34,3892.7,18014.561695
1760774400000,3892.79,3905.82,3875.12,3876.47,3881.202657
1760778000000,3876.47,3887.26,3865.88,3878.7,3967.879895
1760781600000,3878.71,3894.34,3862.7,3876.5,3269.458907
1760785200000,3876.5,3883.82,3869.0,3882.54,4323.820039
1760788800000,3882.55,3895.06,3873.4,3883.41,2091.076933
1760792400000,3883.42,3883.75,3855.42,3865.6,3926.54972
1760796000000,3865.59,3882.29,3847.01,3874.04,3512.423148
1760799600000,3874.07,3880.43,3864.04,3877.83,1822.745049
1760803200000,3878.06,3882.79,3853.82,3865.52,2803.496191
1760806800000,3865.52,3899.0,3858.35,3893.6,4405.935467
1760810400000,3893.75,3899.52,3882.89,3888.77,2074.95809
1760814000000,3888.77,3894.98,3882.81,3893.92,681.624426
1760817600000,3893.92,3909.26,3885.56,3885.62,2750.232419
1760821200000,3885.64,3896.66,3869.32,3891.69,2392.501612
1760824800000,3891.7,3895.19,3883.15,3885.68,621.96865
1760828400000,3885.61,3890.0,3880.7,3888.96,1227.16096
1760832000000,3888.95,3892.69,3862.54,3869.02,2326.232677
1760835600000,3869.02,3876.8,3855.25,3874.18,3238.812693
1760839200000,3874.28,3876.2,3865.0,3872.82,1897.413717
1760842800000,3873.35,3906.62,3868.83,3905.99,5204.497111
1760846400000,3906.0,3908.0,3891.35,3903.04,2544.705976
1760850000000,3903.05,3920.59,3893.2,3896.51,6010.690257
1760853600000,3896.51,3900.31,3874.01,3881.25,2803.342645
1760857200000,3881.25,3893.33,3877.16,3888.0,2549.520508
1760860800000,3888.0,3958.94,3822.8,3863.59,28244.875519
1760864400000,3863.62,3931.66,3849.34,3912.69,12379.301601
1760868000000,3912.96,3949.51,3898.43,3931.07,12546.175462
1760871600000,3931.07,3951.49,3914.28,3924.07,12996.421789
1760875200000,3924.07,3931.29,3908.37,3923.66,4783.79308
1760878800000,3923.66,3988.88,3914.0,3972.13,13034.685415
1760882400000,3972.41,4002.66,3954.97,3989.86,13548.742819
1760886000000,3989.86,3993.38,3973.17,3979.46,4172.514445
1760889600000,3979.45,3989.6,3959.01,3981.48,8967.570333
1760893200000,3981.49,4027.9,3980.86,3993.7,16285.998398
1760896800000,3993.71,4005.51,3986.72,4001.69,4671.90998
1760900400000,4001.7,4006.04,3979.21,3985.95,6568.954521
1760904000000,3985.95,4003.3,3974.73,4000.82,3984.42128
1760907600000,4001.59,4004.23,3984.88,3997.95,2135.585406
1760911200000,3998.1,4031.96,3988.46,4020.92,5025.171646
1760914800000,4020.93,4021.1,3970.13,3982.74,7141.31966
1760918400000,3982.8,3983.04,3908.99,3942.26,11410.891058
1760922000000,3942.27,3954.54,3930.76,3938.51,4283.555195
1760925600000,3938.5,3966.83,3919.69,3956.96,5819.605381
1760929200000,3956.97,4041.07,3947.76,4027.41,9576.943199
1760932800000,4027.6,4055.31,4022.84,4054.3,9890.107522
1760936400000,4054.31,4075.28,4041.74,4061.19,9214.717559
1760940000000,4061.32,4085.83,4056.95,4074.87,6989.091708
1760943600000,4074.87,4076.66,4051.17,4054.55,12709.439878
1760947200000,4054.54,4072.28,4033.0,4045.32,12842.626909
1760950800000,4045.31,4051.82,4034.09,4044.73,4282.247546
1760954400000,4044.72,4053.49,4014.27,4026.19,5317.692053
1760958000000,4026.19,4042.11,4012.02,4035.19,3806.822121
1760961600000,4035.3,4040.25,4024.34,4038.39,5215.427874
1760965200000,4038.39,4045.16,4018.75,4039.6,5028.194189
1760968800000,4039.61,4049.08,4013.16,4039.25,6101.289851
1760972400000,4039.49,4050.49,4003.24,4004.29,9343.39178
1760976000000,4004.19,4004.2,3925.0,3950.55,31711.520182
1760979600000,3950.44,3965.5,3922.76,3951.59,10029.694515
1760983200000,3951.6,3976.22,3946.59,3974.41,4673.973439
1760986800000,3974.45,3992.38,3959.36,3980.89,4698.749214
1760990400000,3980.75,3998.56,3974.52,3998.39,3093.148177
1760994000000,3998.39,4003.12,3970.66,3976.8,3450.482744
1760997600000,3976.8,3991.5,3970.66,3988.87,1753.109093
1761001200000,3988.88,3993.52,3976.2,3979.43,1958.248408
1761004800000,3979.43,3985.91,3962.6,3972.24,2508.820075
1761008400000,3972.24,3974.14,3932.11,3948.19,5257.645478
1761012000000,3948.29,3951.36,3925.33,3931.8,4160.465474
1761015600000,3931.84,3943.54,3916.61,3923.02,2420.017174
1761019200000,3923.02,3923.02,3843.74,3851.27,14891.23944
1761022800000,3851.27,3874.54,3840.19,3864.21,8849.260169
1761026400000,3864.22,3892.92,3855.83,3887.07,4600.910668
1761030000000,3887.06,3897.28,3875.75,3892.56,6975.75089
1761033600000,3892.62,3893.67,3851.63,3867.83,6073.710465
1761037200000,3867.92,3875.24,3856.86,3864.5,2399.418683
1761040800000,3864.48,3897.76,3859.64,3883.97,3719.083979
1761044400000,3883.75,3895.0,3870.0,3890.2,3612.216285
1761048000000,3890.2,3918.89,3877.08,3881.1,6948.338319
1761051600000,3881.09,3899.21,3852.3,3866.18,7338.335287
1761055200000,3866.24,4024.89,3864.87,4021.37,23638.415691
1761058800000,4021.38,4085.47,3996.67,4082.01,24763.028916
1761062400000,4082.01,4110.14,4019.45,4029.5,28475.527414
1761066000000,4029.51,4040.41,3964.31,4014.7,21901.947619
1761069600000,4014.71,4023.8,3975.35,4013.97,8374.401249
1761073200000,4013.97,4022.87,3993.0,3996.15,6584.083387
1761076800000,3996.16,4001.34,3935.54,3954.41,9263.50969
1761080400000,3954.55,3966.74,3894.45,3946.05,14826.761912
1761084000000,3946.12,3950.23,3893.46,3901.89,16602.67005
1761087600000,3901.89,3911.87,3858.0,3873.09,13655.553653
1761091200000,3873.1,3889.8,3820.17,3842.74,16713.091953
1761094800000,3842.75,3875.38,3842.0,3870.63,9164.974668
1761098400000,3870.77,3876.79,3860.92,3862.13,3905.968142
1761102000000,3862.13,3863.52,3840.9,3859.83,4763.67359
1761105600000,3859.87,3884.39,3857.62,3878.99,4064.208502
1761109200000,3879.0,3882.24,3837.5,3860.45,7016.51174
1761112800000,3860.46,3870.4,3852.14,3852.91,3860.655113
1761116400000,3852.91,3877.12,3840.63,3869.56,5237.925609
1761120000000,3869.3,3869.53,3849.07,3854.24,3188.232074
1761123600000,3854.24,3858.94,3825.0,3837.11,5216.729016
1761127200000,3837.12,3849.6,3816.44,3821.47,4318.91973
1761130800000,3821.41,3839.52,3769.0,3829.17,19995.109978
1761134400000,3829.17,3858.0,3820.82,3846.96,4701.50001
1761138000000,3846.79,3877.31,3824.27,3872.77,10900.888346
1761141600000,3872.76,3874.54,3780.0,3853.86,25630.723703
1761145200000,3853.86,3864.36,3788.67,3841.34,16539.374332
1761148800000,3841.5,3861.61,3810.23,3835.9,14764.018413
1761152400000,3835.86,3843.19,3794.9,3807.68,8864.755313
1761156000000,3807.61,3821.4,3790.63,3803.2,6417.44246
1761159600000,3803.19,3828.0,3781.16,3804.26,8412.726841
1761163200000,3804.93,3810.86,3770.0,3781.1,7944.964518
1761166800000,3780.9,3782.05,3707.56,3744.24,16827.191084
1761170400000,3744.45,3762.25,3733.8,3752.36,6119.004999
1761174000000,3752.31,3817.08,3750.65,3805.43,7209.603867
1761177600000,3805.79,3821.75,3796.72,3815.41,3030.964046
1761181200000,3815.41,3836.58,3812.31,3821.51,4518.321402
1761184800000,3821.59,3834.89,3815.0,3826.01,2383.883373
1761188400000,3826.01,3835.43,3822.5,3826.88,2009.047072
1761192000000,3826.94,3848.21,3822.87,3835.99,2523.173155
1761195600000,3836.0,3849.96,3834.98,3847.97,2663.981614
1761199200000,3847.98,3897.32,3843.93,3891.75,10923.211334
1761202800000,3891.76,3892.75,3870.3,3880.98,6662.362424
1761206400000,3880.99,3904.98,3880.99,3887.31,7149.716142
1761210000000,3887.3,3891.35,3873.95,3891.0,4607.213792
1761213600000,3891.01,3907.08,3876.79,3877.29,6322.352795
1761217200000,3877.29,3888.0,3859.0,3863.55,4551.265855
1761220800000,3863.55,3863.55,3837.14,3853.7,7277.971531
1761224400000,3853.7,3869.37,3832.93,3851.77,9356.268165
1761228000000,3851.81,3854.53,3809.04,3847.99,8608.739108
1761231600000,3848.0,3888.89,3843.05,3877.13,10972.237357
1761235200000,3877.13,3936.0,3864.03,3918.3,15348.369484
1761238800000,3918.29,3928.2,3876.66,3921.68,12279.157591
1761242400000,3921.71,3922.93,3858.93,3870.49,8733.577071
1761246000000,3870.49,3871.73,3845.01,3860.01,4824.573437
1761249600000,3860.01,3860.56,3818.83,3829.57,6501.017623
1761253200000,3829.57,3837.84,3821.45,3828.95,3466.188038
1761256800000,3828.9,3856.52,3826.86,3851.11,5957.444774
1761260400000,3851.12,3861.93,3845.76,3857.38,4077.504964
1761264000000,3857.39,3877.22,3845.91,3867.76,5576.013788
1761267600000,3867.76,3883.6,3858.12,3881.75,2996.368151
1761271200000,3881.75,3895.88,3871.24,3889.61,3333.013025
1761274800000,3889.61,3892.59,3878.81,3891.07,2900.065834
1761278400000,3891.08,3979.99,3885.78,3974.4,15284.780386
1761282000000,3974.4,3989.83,3957.14,3974.42,7022.336323
1761285600000,3974.42,3987.8,3962.6,3982.89,5758.121463
1761289200000,3982.89,3984.53,3934.13,3949.46,10149.06422
1761292800000,3949.46,3965.67,3930.34,3953.0,5239.854368
1761296400000,3953.0,3969.62,3950.18,3958.9,2948.021752
1761300000000,3958.9,3965.0,3948.33,3956.98,1969.337615
1761303600000,3956.98,3964.58,3926.15,3946.83,3575.310919
1761307200000,3946.84,4030.53,3941.66,3963.94,23223.526038
1761310800000,3964.03,3979.38,3918.29,3947.26,9954.273715
1761314400000,3947.25,3947.28,3890.82,3902.41,13327.41666
1761318000000,3902.84,3932.32,3871.42,3889.33,14378.581185
1761321600000,3889.34,3893.33,3865.92,3890.02,6354.194018
1761325200000,3889.52,3905.01,3876.01,3888.67,4527.950074
1761328800000,3888.58,3915.74,3884.37,3911.88,2095.242274
1761332400000,3911.88,3938.74,3911.88,3927.02,4048.348207
1761336000000,3927.19,3943.1,3924.35,3939.2,1929.435869
1761339600000,3939.04,3945.99,3925.41,3943.65,4165.411994
1761343200000,3943.65,3945.54,3930.54,3936.21,914.251422
1761346800000,3936.2,3937.13,3926.14,3935.2,858.451722
1761350400000,3934.74,3936.12,3912.12,3918.66,2215.360826
1761354000000,3918.67,3939.25,3915.45,3933.31,1646.791184
1761357600000,3933.32,3938.0,3926.4,3934.36,1059.249285
1761361200000,3934.35,3936.0,3920.27,3921.34,1529.335137
1761364800000,3921.34,3936.25,3919.81,3923.2,1850.684662
1761368400000,3923.21,3932.85,3920.37,3931.69,1165.754649
1761372000000,3931.69,3936.0,3926.34,3928.68,2240.358673
1761375600000,3928.68,3960.5,3925.43,3929.12,4934.271881
1761379200000,3929.12,3956.02,3928.0,3953.91,2016.707633
1761382800000,3953.92,3956.8,3940.02,3942.91,2762.72612
1761386400000,3942.92,3948.09,3931.68,3942.46,1834.34398
1761390000000,3942.46,3945.6,3938.55,3940.34,817.892438
1761393600000,3940.35,3955.94,3939.52,3953.51,1510.179178
1761397200000,3953.53,3956.74,3935.39,3943.22,2072.336617
1761400800000,3943.23,3950.0,3934.21,3938.8,1337.570533
1761404400000,3938.8,3938.84,3923.55,3933.29,1896.729845
1761408000000,3933.29,3938.48,3928.0,3932.99,983.537692
1761411600000,3932.99,3939.79,3930.89,3934.92,558.457265
1761415200000,3934.92,3969.06,3929.24,3959.8,3704.788199
1761418800000,3959.67,3964.17,3951.02,3957.64,1024.23482
1761422400000,3957.43,3959.6,3944.47,3945.23,1085.114369
1761426000000,3945.43,3952.93,3935.41,3952.93,1540.900383
1761429600000,3952.92,3965.25,3946.63,3961.6,1132.684877
1761433200000,3961.61,3964.32,3950.41,3953.94,704.925485
1761436800000,3953.94,3961.66,3946.4,3950.2,992.167262
1761440400000,3950.21,3955.83,3918.6,3933.08,4136.370578
1761444000000,3933.09,3939.43,3923.1,3930.64,1638.42418
1761447600000,3930.64,3936.63,3923.65,3931.84,1259.28578
1761451200000,3931.85,3941.84,3929.01,3939.75,959.983923
1761454800000,3939.76,3947.23,3937.6,3942.96,1002.261209
1761458400000,3942.8,3946.35,3938.86,3944.64,673.812221
1761462000000,3944.64,3956.18,3941.24,3951.43,1476.936108
1761465600000,3951.43,3968.27,3950.46,3959.71,1993.905383
1761469200000,3959.72,4011.63,3956.41,3987.6,10183.255153
1761472800000,3987.61,3990.12,3974.6,3983.37,3080.615041
1761476400000,3983.37,4057.19,3976.25,4045.12,13974.506886
1761480000000,4044.95,4078.02,4041.1,4073.02,11047.598429
1761483600000,4073.02,4100.0,4061.31,4083.57,8046.143172
1761487200000,4083.59,4090.85,4063.0,4066.73,4746.002108
1761490800000,4066.73,4077.27,4059.2,4074.82,4093.116668
1761494400000,4074.83,4075.84,4045.83,4055.49,4122.254656
1761498000000,4055.5,4068.68,4053.28,4059.4,1613.800939
1761501600000,4059.4,4080.27,4058.0,4071.88,3334.240822
1761505200000,4071.89,4072.23,4063.86,4067.49,1953.641777
1761508800000,4067.49,4073.21,4054.1,4061.21,2482.271462
1761512400000,4061.66,4096.6,4055.01,4080.66,2913.584244
1761516000000,4080.67,4180.82,4080.67,4160.77,26128.846056
1761519600000,4160.78,4179.2,4148.5,4159.27,6954.646482
1761523200000,4159.41,4190.0,4147.9,4170.44,9177.131155
1761526800000,4170.22,4208.57,4167.21,4191.85,16119.903093
1761530400000,4192.0,4218.98,4184.08,4205.47,8459.701776
1761534000000,4205.25,4226.0,4200.1,4204.69,5753.362494
1761537600000,4204.92,4217.65,4193.89,4213.18,4353.312465
1761541200000,4213.18,4254.04,4210.07,4233.29,9906.511287
1761544800000,4233.3,4245.53,4223.19,4235.32,4862.583779
1761548400000,4235.31,4247.33,4196.0,4201.27,12170.753286
1761552000000,4201.27,4201.47,4155.42,4166.58,10943.116216
1761555600000,4166.57,4173.44,4154.16,4160.23,5319.398357
1761559200000,4160.24,4175.54,4155.0,4167.34,3683.233953
1761562800000,4167.35,4175.89,4132.56,4162.52,7969.722848
1761566400000,4162.52,4167.27,4138.01,4145.54,4369.842314
1761570000000,4145.54,4187.84,4126.35,4177.98,8216.802141
1761573600000,4177.99,4183.53,4122.51,4149.24,9909.117515
1761577200000,4149.24,4175.7,4147.78,4173.26,4691.177195
1761580800000,4173.26,4219.93,4172.75,4214.28,9676.767637
1761584400000,4214.28,4225.77,4198.8,4221.27,4697.815751
1761588000000,4221.27,4233.45,4205.62,4214.57,3850.882013
1761591600000,4214.57,4220.65,4185.0,4193.67,5960.809569
1761595200000,4193.69,4195.82,4126.01,4128.46,10285.708542
1761598800000,4128.46,4140.0,4094.0,4116.99,7281.874771
1761602400000,4116.99,4144.32,4110.87,4123.5,6266.642017
1761606000000,4123.5,4128.32,4103.24,4120.39,4561.234734
1761609600000,4120.39,4134.05,4106.97,4115.4,7741.437679
1761613200000,4115.4,4142.35,4115.4,4137.36,4649.89197
1761616800000,4137.4,4142.12,4074.14,4095.64,9385.359561
1761620400000,4095.63,4101.13,4067.15,4094.37,5916.851445
1761624000000,4094.36,4106.84,4088.02,4100.01,2484.58222
1761627600000,4100.02,4104.27,4066.0,4068.39,4886.969663
1761631200000,4068.4,4114.93,4068.01,4113.54,3929.764371
1761634800000,4113.55,4127.0,4110.0,4117.12,5027.936449
1761638400000,4117.12,4136.0,4108.39,4123.75,3498.120926
1761642000000,4123.76,4129.86,4103.42,4123.05,3816.248312
1761645600000,4123.05,4125.11,4108.68,4118.31,1888.526196
1761649200000,4118.31,4127.91,4108.76,4112.22,2150.007452
1761652800000,4112.21,4126.27,4097.45,4122.1,4173.07942
1761656400000,4122.21,4167.91,4121.33,4158.97,10268.187585
1761660000000,4159.05,4175.78,4070.0,4119.31,17206.96073
1761663600000,4119.39,4141.64,4087.51,4097.25,9330.089795
1761667200000,4097.24,4141.01,4093.46,4134.91,8638.274363
1761670800000,4134.91,4147.45,4121.7,4140.39,3412.040644
1761674400000,4140.4,4151.42,4104.38,4115.3,4523.479398
1761678000000,4115.3,4118.62,4027.01,4039.34,18982.657016
1761681600000,4039.13,4042.67,3959.91,3979.51,21540.2339
1761685200000,3979.52,3992.0,3931.03,3982.91,12977.752041
1761688800000,3982.91,4000.45,3972.53,3995.0,6699.449423
1761692400000,3995.01,3996.39,3977.0,3979.72,4644.729685
1761696000000,3979.71,3993.25,3968.24,3973.02,4378.442896
1761699600000,3973.01,4009.93,3964.0,3982.86,6597.222668
1761703200000,3982.86,4004.8,3980.79,4002.95,3258.379939
1761706800000,4002.89,4003.11,3985.89,3998.14,2847.809654
1761710400000,3998.14,4020.33,3996.21,4013.37,3009.295375
1761714000000,4013.37,4036.5,4012.34,4026.63,5751.341962
1761717600000,4026.63,4036.98,4015.25,4024.55,6023.350813
1761721200000,4024.54,4031.0,4012.0,4024.83,5811.90836
1761724800000,4024.84,4028.0,4004.13,4007.5,4114.439792
1761728400000,4007.48,4010.0,3985.82,3997.45,4952.192537
1761732000000,3997.45,4004.61,3988.26,3989.57,3141.193891
1761735600000,3989.57,4016.0,3983.84,4011.47,4793.23466
1761739200000,4011.46,4020.0,4004.07,4016.3,2668.373309
1761742800000,4016.31,4030.12,3982.91,3995.04,9125.476536
1761746400000,3995.1,4001.0,3973.28,3988.8,6244.320333
1761750000000,3988.8,3995.0,3941.28,3952.01,10335.120021
1761753600000,3952.01,3978.0,3926.66,3962.68,10244.203043
1761757200000,3962.42,4016.67,3960.04,4015.08,10523.404865
1761760800000,4015.03,4018.98,3838.83,3917.7,58312.742125
1761764400000,3917.51,3958.22,3888.0,3905.13,11876.677627
1761768000000,3905.4,3953.24,3888.0,3951.62,7327.38141
1761771600000,3951.63,3963.96,3930.49,3956.25,3578.812254
1761775200000,3956.26,3959.99,3934.18,3940.94,2667.470719
1761778800000,3940.94,3941.07,3873.93,3903.27,8681.173758
1761782400000,3903.4,3923.63,3885.56,3922.77,4651.068061
1761786000000,3922.8,3935.39,3906.25,3927.84,4077.589727
1761789600000,3927.68,3948.0,3922.92,3946.26,4129.763267
1761793200000,3946.4,3949.0,3928.01,3934.46,3163.728956
1761796800000,3934.47,3935.0,3838.8,3872.23,22692.913456
1761800400000,3872.22,3923.33,3856.81,3916.59,8453.814427
1761804000000,3916.41,3927.72,3896.46,3913.67,3197.559259
1761807600000,3913.73,3945.37,3908.22,3939.78,6067.283524
1761811200000,3939.69,3939.88,3916.18,3921.27,4662.347378
1761814800000,3921.45,3924.29,3891.88,3900.11,10364.50323
1761818400000,3900.11,3907.59,3882.87,3892.5,8517.024874
1761822000000,3892.5,3897.77,3876.7,3880.77,7778.985021
1761825600000,3880.94,3884.93,3795.2,3818.69,23014.596066
1761829200000,3818.7,3837.5,3760.04,3767.27,22961.660992
1761832800000,3767.17,3807.62,3764.82,3801.42,12635.749689
1761836400000,3801.42,3808.51,3756.88,3773.81,9413.103239
1761840000000,3773.8,3802.35,3762.96,3781.14,7192.319613
1761843600000,3781.08,3781.08,3727.2,3771.03,16926.578662
1761847200000,3771.03,3772.59,3720.33,3720.93,6837.704607
1761850800000,3720.85,3737.59,3679.0,3686.61,17929.440944
1761854400000,3686.43,3757.49,3679.37,3756.75,11713.498052
1761858000000,3756.75,3782.25,3747.58,3773.01,7131.086761
1761861600000,3773.03,3783.33,3763.74,3783.33,3265.355793
1761865200000,3783.33,3806.91,3773.56,3804.63,5942.454346
1761868800000,3804.81,3840.4,3796.15,3831.99,7964.327182
1761872400000,3831.99,3860.66,3826.26,3846.94,10447.873574
1761876000000,3846.85,3851.21,3807.05,3821.05,8382.529038
1761879600000,3821.06,3836.63,3811.1,3829.08,4237.012626
1761883200000,3829.08,3873.95,3826.51,3862.32,10275.147699
1761886800000,3862.16,3863.0,3845.71,3850.25,3439.139824
1761890400000,3850.25,3852.93,3822.62,3831.2,4465.289108
1761894000000,3831.2,3841.52,3821.37,3831.41,6707.606417
1761897600000,3831.41,3854.2,3817.92,3851.83,9268.764842
1761901200000,3851.84,3864.19,3838.14,3845.14,4402.479609
1761904800000,3845.2,3854.75,3832.99,3835.54,3825.79376
1761908400000,3835.49,3885.0,3827.64,3874.01,8138.117125
1761912000000,3874.14,3887.67,3834.32,3836.59,8507.876902
1761915600000,3836.59,3873.96,3831.84,3859.6,8190.141879
1761919200000,3859.6,3873.6,3838.69,3868.82,11476.819378
1761922800000,3868.49,3883.0,3852.99,3860.51,9185.700395
1761926400000,3860.54,3868.5,3814.0,3822.52,9937.058294
1761930000000,3822.51,3834.61,3804.63,3828.15,5622.309029
1761933600000,3828.24,3868.99,3809.48,3853.08,9962.413903
1761937200000,3852.94,3906.51,3836.75,3885.38,10681.970873
1761940800000,3886.11,3893.13,3856.39,3860.99,4509.855769
1761944400000,3860.82,3865.76,3840.44,3862.0,2685.56928
1761948000000,3862.0,3866.89,3851.51,3855.36,1240.063434
1761951600000,3855.3,3858.47,3847.25,3847.89,1958.652727
1761955200000,3847.89,3849.96,3830.64,3847.47,1844.25609
1761958800000,3847.47,3860.86,3842.51,3844.0,2070.237378
1761962400000,3844.0,3855.04,3835.8,3852.27,1686.444787
1761966000000,3852.28,3864.21,3851.01,3861.67,1173.669539
1761969600000,3861.67,3869.27,3854.49,3866.39,2674.784277
1761973200000,3866.4,3867.64,3853.34,3855.22,1584.580688
1761976800000,3855.22,3861.0,3852.37,3858.74,1953.831515
1761980400000,3858.84,3867.34,3856.08,3860.56,1327.109504
1761984000000,3860.63,3883.09,3859.4,3882.23,4515.098294
1761987600000,3882.24,3882.94,3871.56,3875.03,2707.805395
1761991200000,3875.03,3881.6,3868.66,3876.65,3279.842347
1761994800000,3876.69,3881.0,3868.67,3877.69,2119.175368
1761998400000,3877.69,3881.0,3874.74,3875.75,1700.514261
1762002000000,3875.86,3878.77,3857.39,3869.85,2623.627776
1762005600000,3869.81,3875.0,3858.26,3872.7,2259.678221
1762009200000,3872.71,3902.84,3871.0,3894.29,6785.538995
1762012800000,3894.7,3910.0,3885.78,3892.23,4075.99239
1762016400000,3892.22,3894.8,3862.58,3865.95,4559.596964
1762020000000,3865.87,3880.79,3863.92,3880.26,1151.999981
1762023600000,3880.25,3880.8,3871.05,3879.99,547.399417
1762027200000,3880.0,3891.5,3878.69,3881.59,1522.019376
1762030800000,3881.6,3884.66,3867.4,3867.41,1180.309315
1762034400000,3867.41,3876.0,3864.03,3874.83,940.334592
1762038000000,3874.84,3877.39,3868.68,3873.9,458.160906
1762041600000,3873.9,3874.39,3861.29,3866.49,1157.650445
1762045200000,3866.5,3877.07,3862.2,3872.15,1077.632678
1762048800000,3872.15,3887.14,3868.6,3880.25,1103.727192
1762052400000,3880.24,3884.97,3877.64,3880.61,483.023522
1762056000000,3880.61,3914.28,3876.0,3908.54,4276.093897
1762059600000,3908.54,3909.6,3894.71,3902.83,1661.535473
1762063200000,3902.84,3908.0,3892.13,3902.03,1438.401735
1762066800000,3902.03,3918.45,3892.0,3906.25,3864.827136
1762070400000,3906.25,3910.66,3892.55,3894.83,2605.59333
1762074000000,3894.84,3903.45,3868.54,3872.26,5953.069321
1762077600000,3872.26,3876.46,3852.32,3863.26,6110.209131
1762081200000,3863.27,3897.23,3861.94,3890.55,4744.439106
1762084800000,3890.56,3894.71,3871.03,3877.2,3084.724552
1762088400000,3877.21,3877.54,3854.67,3868.14,2404.223447
1762092000000,3868.14,3873.21,3839.0,3853.01,7227.19488
1762095600000,3853.01,3871.66,3846.23,3853.21,3305.65227
1762099200000,3853.21,3865.58,3840.36,3864.31,2681.397961
1762102800000,3864.32,3864.6,3849.99,3859.18,1083.428974
1762106400000,3859.19,3867.59,3855.03,3863.92,706.779299
1762110000000,3863.92,3864.39,3843.21,3856.25,1367.264569
1762113600000,3856.26,3859.65,3847.6,3859.2,857.799667
1762117200000,3859.21,3869.99,3850.0,3861.44,1514.573418
1762120800000,3861.45,3863.99,3844.67,3855.23,1748.139346
1762124400000,3855.36,3917.45,3855.36,3906.52,11145.911732
1762128000000,3906.48,3914.42,3862.76,3864.67,6485.884692
1762131600000,3864.77,3864.77,3826.96,3837.43,8068.726401
1762135200000,3837.43,3842.25,3786.79,3799.4,13605.20472
1762138800000,3799.26,3806.99,3728.07,3736.48,16379.167166
1762142400000,3736.5,3748.67,3715.63,3746.7,6556.616609
1762146000000,3746.71,3765.9,3728.01,3732.29,5126.831976
1762149600000,3732.3,3741.44,3683.25,3718.74,13092.734221
1762153200000,3718.73,3736.93,3699.27,3714.61,13063.482269
1762156800000,3714.67,3720.83,3687.01,3716.8,9311.877342
1762160400000,3716.79,3740.91,3696.34,3703.45,9833.758336
1762164000000,3703.45,3719.98,3660.68,3675.69,11933.038271
1762167600000,3675.93,3724.0,3673.28,3711.48,9659.759293
1762171200000,3711.6,3728.7,3704.7,3709.13,5514.321745
1762174800000,3709.13,3728.57,3693.13,3719.76,7517.380773
1762178400000,3720.04,3748.64,3705.34,3734.31,10320.683073
1762182000000,3734.65,3739.0,3582.22,3588.92,48563.609252
1762185600000,3588.93,3626.78,3562.69,3618.87,23077.545457
1762189200000,3619.0,3682.44,3610.61,3666.21,16189.122645
1762192800000,3666.47,3672.91,3630.49,3632.02,5971.792102
1762196400000,3632.02,3648.8,3619.92,3631.06,6462.174803
1762200000000,3631.32,3636.49,3560.36,3587.75,7873.402111
1762203600000,3587.27,3615.2,3557.24,3601.94,7313.667118
1762207200000,3601.79,3603.59,3560.01,3589.76,5951.809863
1762210800000,3589.71,3608.13,3566.01,3603.75,5627.691774
1762214400000,3603.66,3635.99,3567.0,3617.84,10009.722044
1762218000000,3618.06,3654.38,3607.07,3644.17,6319.415276
1762221600000,3644.1,3648.84,3618.01,3625.72,3745.264851
1762225200000,3625.67,3651.48,3620.79,3642.41,4793.497336
1762228800000,3642.41,3647.82,3621.1,3624.99,4165.342606
1762232400000,3624.99,3631.6,3484.35,3492.26,36012.786929
1762236000000,3492.25,3560.8,3479.0,3512.1,25241.630853
1762239600000,3512.01,3520.63,3473.75,3494.86,25776.008343
1762243200000,3494.85,3513.41,3460.26,3495.61,16192.734419
1762246800000,3495.61,3503.0,3476.26,3492.01,8324.400489
1762250400000,3492.02,3502.66,3472.7,3485.23,10315.2341
1762254000000,3485.25,3533.97,3483.48,3529.21,11925.517529
1762257600000,3529.21,3532.22,3495.6,3510.87,8110.365684
1762261200000,3510.86,3523.29,3493.17,3506.94,5839.332322
1762264800000,3506.95,3563.28,3473.74,3556.25,17737.544349
1762268400000,3556.25,3587.59,3495.96,3507.5,20264.504939
1762272000000,3507.76,3520.48,3425.28,3429.92,21487.31146
1762275600000,3429.81,3429.84,3362.9,3372.95,36029.194719
1762279200000,3372.94,3374.19,3255.75,3303.35,57240.950438
1762282800000,3303.34,3316.88,3225.78,3231.01,23382.108867
1762286400000,3231.01,3252.37,3124.02,3213.47,60742.530547
1762290000000,3213.71,3219.15,3056.01,3215.61,56620.170706
1762293600000,3215.73,3289.38,3198.66,3247.23,28605.641042
1762297200000,3247.23,3305.0,3242.01,3286.91,21641.10147
1762300800000,3286.91,3301.45,3228.79,3240.73,19167.139684
1762304400000,3240.73,3254.8,3166.45,3243.3,32258.798832
1762308000000,3243.25,3327.27,3243.22,3325.0,23166.32106
1762311600000,3325.1,3349.47,3305.66,3334.97,17461.34951
1762315200000,3334.97,3345.49,3313.99,3329.2,11326.801246
1762318800000,3329.21,3354.87,3324.18,3326.03,7979.985136
1762322400000,3325.93,3341.39,3310.0,3337.01,8259.742997
1762326000000,3337.09,3342.35,3304.0,3331.16,9151.433841
1762329600000,3331.3,3331.59,3282.89,3300.98,12377.305914
1762333200000,3300.98,3322.39,3293.66,3307.72,6387.039608
1762336800000,3307.71,3308.4,3274.9,3276.29,6129.35414
1762340400000,3276.55,3325.2,3275.74,3322.81,8900.423342
1762344000000,3322.84,3359.87,3312.72,3345.15,10213.702281
1762347600000,3345.15,3376.64,3322.71,3360.5,11408.524661
1762351200000,3360.4,3371.94,3319.38,3348.74,13248.333874
1762354800000,3348.75,3398.91,3334.18,3397.99,20972.534744
1762358400000,3397.99,3440.36,3370.0,3437.46,21779.976518
1762362000000,3437.31,3446.94,3417.79,3435.58,10894.709401
1762365600000,3435.25,3479.48,3429.6,3461.59,9675.247055
1762369200000,3461.58,3471.78,3445.21,3454.85,6266.813823
1762372800000,3454.84,3480.66,3440.47,3451.02,10332.091989
1762376400000,3451.01,3451.01,3430.52,3442.32,9904.85269
1762380000000,3442.32,3445.88,3411.0,3424.46,7425.506521
1762383600000,3424.35,3436.2,3415.51,3424.34,4324.116943
1762387200000,3424.35,3424.65,3393.0,3407.75,8674.997074
1762390800000,3407.74,3411.0,3373.27,3405.6,10645.812207
1762394400000,3405.55,3430.25,3392.19,3422.0,7713.082147
1762398000000,3422.01,3450.65,3421.21,3433.15,6251.443299
1762401600000,3433.15,3456.25,3428.89,3452.78,4447.80411
1762405200000,3452.76,3452.91,3380.0,3388.21,8370.164631
1762408800000,3388.0,3402.52,3378.82,3384.81,6321.216407
1762412400000,3384.81,3394.93,3364.0,3380.53,9143.58287
1762416000000,3380.52,3394.96,3372.94,3385.33,5190.438663
1762419600000,3385.33,3394.43,3375.16,3383.0,3042.816906
1762423200000,3383.04,3415.0,3367.08,3394.02,7694.995087
1762426800000,3393.91,3407.99,3381.11,3399.67,4506.994911
1762430400000,3399.67,3405.0,3342.45,3349.91,9730.451618
1762434000000,3350.06,3403.65,3350.06,3391.52,6496.844014
1762437600000,3391.53,3400.77,3318.64,3329.27,14689.248311
1762441200000,3329.27,3365.85,3277.2,3300.81,22602.060877
1762444800000,3300.57,3323.46,3245.64,3276.59,17954.155034
1762448400000,3276.58,3340.55,3270.5,3329.24,15260.093888
1762452000000,3329.23,3352.39,3294.77,3329.01,12956.796167
1762455600000,3328.87,3343.58,3310.0,3325.8,7786.110829
1762459200000,3325.94,3336.84,3287.29,3306.46,8460.068609
1762462800000,3306.45,3335.7,3292.44,3326.25,5248.698531
1762466400000,3326.16,3330.86,3295.58,3318.77,4698.715254
1762470000000,3318.7,3319.13,3290.25,3315.43,5718.813248
1762473600000,3315.44,3332.32,3294.24,3325.36,8416.173026
1762477200000,3325.36,3330.94,3275.55,3325.14,12644.109298
1762480800000,3324.73,3355.42,3304.34,3346.7,7436.955947
1762484400000,3346.8,3365.51,3342.6,3344.75,5538.249263
1762488000000,3344.79,3348.61,3319.88,3338.58,4371.353282
1762491600000,3338.51,3370.18,3337.69,3367.14,5083.486274
1762495200000,3367.17,3369.84,3346.65,3347.8,3824.600049
1762498800000,3347.81,3364.73,3336.37,3358.54,9601.22577
1762502400000,3358.54,3360.85,3334.5,3341.78,3236.318074
1762506000000,3341.77,3342.34,3290.02,3301.43,6729.189521
1762509600000,3301.43,3310.74,3272.69,3280.71,6349.243597
1762513200000,3280.65,3280.66,3225.67,3260.3,16101.015659
1762516800000,3260.26,3274.91,3196.63,3223.07,17067.088906
1762520400000,3223.08,3249.9,3214.48,3241.02,8871.913272
1762524000000,3240.98,3299.33,3194.0,3288.65,21211.308199
1762527600000,3288.66,3318.71,3263.05,3297.65,22603.726904
1762531200000,3297.62,3333.48,3273.87,3309.36,14966.338278
1762534800000,3309.23,3395.72,3296.86,3385.73,16720.887418
1762538400000,3385.71,3435.47,3378.17,3426.09,12122.900243
1762542000000,3426.1,3450.0,3416.78,3443.52,7151.300681
1762545600000,3443.46,3471.28,3429.16,3464.81,12656.481622
1762549200000,3464.81,3470.3,3448.84,3468.35,6750.798861
1762552800000,3468.49,3473.0,3443.46,3445.55,5074.606392
1762556400000,3445.54,3449.87,3432.61,3435.66,5318.408362
1762560000000,3435.6,3448.6,3406.66,3424.27,10927.479575
1762563600000,3424.27,3447.18,3422.26,3437.22,3927.680059
1762567200000,3437.32,3459.98,3432.61,3440.69,4813.138648
1762570800000,3440.69,3467.21,3437.9,3453.89,4883.281813
1762574400000,3453.89,3487.84,3449.01,3458.71,7273.752752
1762578000000,3458.7,3467.5,3426.24,3431.43,6486.161972
1762581600000,3431.43,3455.69,3417.99,3445.42,7693.137692
1762585200000,3445.43,3451.39,3424.7,3447.7,8362.809778
1762588800000,3447.7,3470.55,3435.69,3454.6,4292.378695
1762592400000,3454.6,3464.81,3438.59,3439.61,4214.551668
1762596000000,3439.61,3450.0,3433.52,3445.95,2314.507742
1762599600000,3445.94,3456.0,3406.83,3413.16,6960.623649
1762603200000,3413.16,3418.26,3397.28,3409.39,5062.341908
1762606800000,3409.39,3413.29,3389.93,3396.95,5803.57016
1762610400000,3397.2,3412.01,3373.49,3400.25,7902.634783
1762614000000,3400.25,3404.4,3369.78,3377.44,4269.343025
1762617600000,3377.45,3384.72,3356.04,3368.44,7283.427497
1762621200000,3368.43,3400.68,3363.09,3399.19,4485.96316
1762624800000,3399.2,3408.21,3386.4,3402.59,2058.278981
1762628400000,3402.6,3406.49,3363.4,3389.4,3895.332345
1762632000000,3389.36,3403.87,3380.93,3398.03,1448.40541
1762635600000,3398.0,3410.32,3394.7,3405.94,988.762467
1762639200000,3405.91,3411.42,3394.05,3409.55,1922.060474
1762642800000,3409.45,3416.0,3400.11,3401.79,1164.471087
1762646400000,3401.8,3402.63,3373.17,3384.84,3394.395677
1762650000000,3384.77,3404.32,3380.16,3400.84,1755.243529
1762653600000,3400.84,3400.84,3364.4,3368.0,4783.127124
1762657200000,3368.1,3378.75,3358.85,3376.32,2704.896569
1762660800000,3376.33,3390.41,3370.0,3374.4,8392.181708
1762664400000,3374.41,3408.62,3372.29,3405.31,5331.177064
1762668000000,3405.26,3419.34,3399.76,3404.81,2275.354804
1762671600000,3404.76,3427.82,3402.71,3422.75,5982.812376
1762675200000,3422.78,3424.18,3409.58,3421.72,2909.945871
1762678800000,3421.72,3435.37,3399.34,3401.01,5181.811919
1762682400000,3401.0,3402.38,3382.41,3402.31,3579.172555
1762686000000,3402.31,3433.24,3402.31,3428.7,4637.563285
1762689600000,3428.69,3464.56,3424.81,3441.94,9753.691776
1762693200000,3441.99,3464.98,3441.7,3458.63,4835.824723
1762696800000,3458.63,3563.99,3453.55,3506.64,30841.59655
1762700400000,3506.63,3537.6,3504.69,3515.29,10935.68779
1762704000000,3515.29,3537.2,3500.44,3528.15,6501.089012
1762707600000,3528.17,3531.53,3504.0,3515.31,3726.311385
1762711200000,3515.32,3544.79,3511.0,3541.48,3511.885884
1762714800000,3541.39,3580.0,3535.01,3579.98,6400.397496
1762718400000,3579.98,3597.9,3562.03,3578.59,10667.139602
1762722000000,3578.58,3596.0,3572.97,3581.33,5032.466971
1762725600000,3581.33,3595.0,3565.01,3587.92,3224.810793
1762729200000,3587.92,3623.98,3565.97,3583.51,12947.127681
1762732800000,3583.5,3653.19,3554.05,3635.51,17724.951164
1762736400000,3635.5,3658.66,3617.34,3629.41,12967.884035
1762740000000,3629.35,3639.63,3612.5,3628.41,5810.193796
1762743600000,3628.48,3647.74,3623.13,3627.47,7743.177122
1762747200000,3627.34,3631.84,3603.34,3617.15,7145.288596
1762750800000,3617.1,3626.24,3589.0,3608.03,5389.412643
1762754400000,3608.03,3612.59,3595.0,3605.08,2951.848997
1762758000000,3605.09,3622.95,3603.07,3609.1,5947.657564
1762761600000,3609.12,3615.92,3588.0,3594.48,5747.899047
1762765200000,3594.49,3631.22,3586.66,3624.39,5085.597486
1762768800000,3624.39,3628.0,3603.7,3606.51,2525.037874
1762772400000,3606.66,3621.09,3604.0,3610.27,1991.044948
1762776000000,3610.27,3610.92,3585.01,3592.04,3550.68675
1762779600000,3592.05,3622.22,3590.18,3615.6,5696.743008
1762783200000,3615.56,3615.9,3530.0,3542.0,15189.092452
1762786800000,3542.0,3560.37,3508.6,3519.79,16717.806323
1762790400000,3519.73,3538.23,3506.05,3529.93,8356.920302
1762794000000,3529.93,3559.83,3523.01,3555.36,7363.185182
1762797600000,3555.54,3557.99,3532.85,3532.85,3414.502735
1762801200000,3532.85,3577.44,3529.34,3558.79,4997.990266
1762804800000,3558.79,3583.91,3555.37,3571.9,3799.463757
1762808400000,3571.9,3572.82,3530.62,3541.9,4854.736033
1762812000000,3541.91,3580.57,3528.93,3576.41,4831.353109
1762815600000,3576.41,3582.39,3562.83,3567.91,2966.752449
1762819200000,3568.11,3592.43,3552.68,3585.76,6168.525815
1762822800000,3585.75,3647.97,3575.48,3581.23,14447.749525
1762826400000,3581.23,3636.29,3559.63,3615.39,12924.691983
1762830000000,3615.21,3633.64,3599.0,3606.07,5515.260796
1762833600000,3606.05,3610.33,3572.0,3575.26,5504.222605
1762837200000,3575.09,3575.79,3543.99,3548.6,6402.601068
1762840800000,3548.57,3559.34,3531.08,3557.56,9495.117821
1762844400000,3557.56,3566.76,3542.01,3544.58,4746.436197
1762848000000,3544.59,3563.86,3543.01,3563.26,2857.999747
1762851600000,3563.26,3586.59,3551.95,3555.51,6171.70849
1762855200000,3555.48,3566.64,3548.94,3560.7,2804.403682
1762858800000,3560.8,3581.97,3560.43,3574.07,3205.840225
1762862400000,3574.08,3594.25,3540.12,3541.67,6529.591193
1762866000000,3541.66,3574.26,3527.17,3533.07,7394.464173
1762869600000,3533.1,3547.6,3487.84,3530.27,17699.926472
1762873200000,3530.27,3530.27,3466.88,3481.2,13235.042121
1762876800000,3481.21,3502.77,3465.25,3485.13,6967.010267
1762880400000,3485.13,3500.58,3446.08,3473.63,10645.005146
1762884000000,3473.61,3487.08,3460.56,3468.96,6543.62606
1762887600000,3469.02,3469.98,3448.84,3456.95,4495.565313
1762891200000,3456.95,3462.37,3428.83,3438.16,8438.471189
1762894800000,3438.35,3449.98,3408.34,3418.02,7358.010195
1762898400000,3418.0,3437.22,3405.14,3430.08,5334.916028
1762902000000,3430.09,3439.02,3409.35,3418.25,4802.974457
1762905600000,3418.26,3435.2,3410.15,3418.35,4456.678609
1762909200000,3418.35,3451.78,3412.4,3448.11,6298.964671
1762912800000,3448.13,3455.94,3417.72,3427.39,4807.471442
1762916400000,3427.39,3446.23,3421.89,3439.44,2715.738903
1762920000000,3439.37,3445.56,3431.92,3444.54,1654.658331
1762923600000,3444.55,3457.11,3443.59,3449.1,4313.141588
1762927200000,3449.18,3457.14,3439.0,3439.0,2318.733623
1762930800000,3439.01,3452.8,3424.64,3428.31,4775.559227
1762934400000,3428.31,3480.7,3426.3,3468.62,6639.607297
1762938000000,3468.6,3494.9,3466.2,3483.48,5435.564569
1762941600000,3483.63,3548.71,3482.76,3533.97,9837.366287
1762945200000,3533.96,3569.83,3533.62,3549.6,7113.094212
1762948800000,3549.6,3565.8,3539.12,3552.09,4023.293334
1762952400000,3552.09,3588.0,3545.02,3576.27,6850.57342
1762956000000,3576.27,3581.24,3480.02,3502.18,14985.26215
1762959600000,3502.44,3521.55,3418.8,3428.17,20793.234214
1762963200000,3428.18,3433.55,3372.1,3399.75,23752.566681
1762966800000,3399.86,3453.99,3391.71,3429.67,11649.400572
1762970400000,3429.67,3454.78,3417.6,3424.01,8753.895789
1762974000000,3424.05,3426.55,3372.09,3408.28,11364.583632
1762977600000,3408.28,3439.89,3400.8,3416.41,6136.879522
1762981200000,3416.66,3430.29,3408.37,3423.4,2930.98734
1762984800000,3423.41,3423.41,3392.07,3422.06,5211.519018
1762988400000,3422.06,3423.69,3403.71,3414.91,2882.144944
1762992000000,3414.82,3434.11,3404.53,3412.21,7285.748324
1762995600000,3412.21,3457.13,3410.03,3424.48,14677.958196
1762999200000,3424.46,3447.24,3422.82,3434.41,3256.306034
1763002800000,3434.42,3473.7,3376.48,3452.99,20363.505734
1763006400000,3452.76,3491.26,3433.07,3482.5,18943.759476
1763010000000,3482.5,3540.0,3465.75,3528.74,11732.705513
1763013600000,3528.74,3553.33,3520.56,3540.59,12560.231072
1763017200000,3540.6,3565.64,3530.58,3538.07,14216.138512
1763020800000,3538.0,3549.86,3522.0,3524.0,6687.411318
1763024400000,3524.0,3529.56,3477.66,3486.66,11384.567039
1763028000000,3486.72,3517.2,3486.63,3505.34,4706.385772
1763031600000,3505.34,3518.15,3495.05,3501.5,3677.425067
1763035200000,3501.51,3511.71,3482.41,3501.73,7206.47306
1763038800000,3501.73,3502.44,3426.67,3438.08,21124.825578
1763042400000,3438.15,3478.91,3393.59,3444.07,22778.731278
1763046000000,3444.07,3448.27,3366.66,3387.01,25967.023226
1763049600000,3387.0,3398.87,3324.02,3327.95,18222.180062
1763053200000,3328.05,3329.28,3253.07,3255.6,23158.446399
1763056800000,3255.71,3265.09,3184.0,3213.99,25217.752743
1763060400000,3214.26,3239.34,3175.41,3197.72,17209.566276
1763064000000,3197.93,3206.34,3154.31,3171.79,15448.534557
1763067600000,3171.68,3194.18,3160.65,3179.91,7771.744359
1763071200000,3179.73,3236.66,3175.0,3229.35,10799.776104
1763074800000,3229.35,3272.84,3216.66,3231.66,13683.576737
1763078400000,3231.61,3241.48,3186.29,3200.88,10538.106389
1763082000000,3201.2,3221.55,3186.04,3207.34,7694.109441
1763085600000,3207.34,3251.74,3205.21,3237.9,8201.534394
1763089200000,3237.9,3240.19,3208.19,3228.11,6474.217225
1763092800000,3227.96,3228.57,3107.69,3163.2,25675.288272
1763096400000,3163.3,3207.54,3157.61,3192.6,15444.967646
1763100000000,3192.6,3227.52,3134.78,3222.78,17052.196221
1763103600000,3222.52,3241.15,3193.16,3215.81,17466.57874
1763107200000,3215.61,3219.46,3183.47,3205.46,5920.708347
1763110800000,3205.59,3215.81,3150.14,3156.34,10242.645054
1763114400000,3156.4,3196.28,3155.01,3176.26,4784.081261
1763118000000,3176.0,3183.33,3117.03,3144.61,12058.764873
1763121600000,3144.79,3144.79,3070.32,3126.96,25669.69513
1763125200000,3126.97,3151.8,3073.78,3122.13,16956.618217
1763128800000,3122.12,3221.35,3108.04,3199.73,32955.982602
1763132400000,3199.64,3235.2,3160.56,3196.78,18799.638326
1763136000000,3196.77,3257.4,3182.28,3231.67,15659.678652
1763139600000,3231.62,3245.54,3162.05,3179.98,11789.987166
1763143200000,3179.91,3208.91,3155.09,3168.7,7426.219959
1763146800000,3168.92,3221.02,3159.49,3207.74,6809.82438
1763150400000,3207.92,3213.21,3122.25,3137.93,7702.000123
1763154000000,3138.1,3175.59,3124.78,3167.74,3970.822813
1763157600000,3167.58,3188.38,3142.34,3159.27,3903.334492
1763161200000,3159.28,3159.28,3090.0,3112.4,7907.104329
1763164800000,3112.56,3150.96,3110.87,3141.19,5339.664154
1763168400000,3141.04,3179.39,3124.37,3173.86,4129.645128
1763172000000,3173.61,3193.93,3163.0,3193.82,3854.408879
1763175600000,3193.58,3193.95,3167.55,3179.08,3638.688274
1763179200000,3179.21,3192.2,3158.52,3172.06,3128.150486
1763182800000,3172.07,3183.55,3161.39,3178.92,1784.747803
1763186400000,3178.91,3187.89,3166.66,3175.81,1453.953072
1763190000000,3175.61,3185.95,3169.2,3176.8,6689.983019
1763193600000,3176.8,3178.74,3134.95,3143.38,5636.308892
1763197200000,3143.32,3165.59,3139.05,3153.13,3737.182503
1763200800000,3153.04,3171.98,3145.79,3169.0,1833.610938
1763204400000,3169.01,3172.48,3147.01,3152.57,2396.628417
1763208000000,3152.58,3168.59,3147.29,3162.38,2817.85283
1763211600000,3162.38,3197.3,3158.23,3192.4,6326.175063
1763215200000,3192.4,3193.45,3174.11,3177.85,2361.233759
1763218800000,3177.85,3191.0,3173.34,3185.82,1743.127009
1763222400000,3185.78,3187.96,3163.03,3186.13,2829.913734
1763226000000,3186.24,3219.97,3182.58,3215.16,7992.286088
1763229600000,3215.17,3231.11,3203.87,3208.2,5645.841807
1763233200000,3208.21,3214.72,3192.78,3197.9,2445.320659
1763236800000,3197.91,3200.94,3167.17,3174.98,2528.775313
1763240400000,3174.76,3188.8,3152.64,3157.93,3526.968211
1763244000000,3157.94,3172.72,3155.15,3171.5,1788.174802
1763247600000,3171.64,3177.52,3167.1,3167.99,1035.761766
1763251200000,3168.0,3175.05,3145.65,3152.79,3028.050699
1763254800000,3152.64,3157.87,3131.77,3150.39,9830.261681
1763258400000,3150.27,3205.69,3142.44,3202.91,6895.099284
1763262000000,3202.92,3209.99,3192.43,3202.45,3049.738268
1763265600000,3202.41,3206.94,3186.32,3194.1,1778.488632
1763269200000,3194.11,3215.59,3193.16,3204.32,3787.604068
1763272800000,3204.32,3216.25,3197.62,3200.75,4045.670676
1763276400000,3200.75,3220.99,3198.81,3219.66,3462.939341
1763280000000,3219.66,3228.0,3206.12,3219.34,2776.969812
1763283600000,3219.34,3249.1,3208.76,3248.41,6475.030612
1763287200000,3248.4,3248.4,3229.61,3236.16,3513.8479
1763290800000,3236.16,3237.89,3160.32,3168.67,10212.637584
1763294400000,3168.68,3182.72,3154.89,3169.71,5559.739003
1763298000000,3169.63,3173.87,3139.14,3154.09,4974.436864
1763301600000,3154.15,3179.17,3147.83,3172.0,3788.825424
1763305200000,3172.01,3181.28,3098.85,3105.65,11950.928777
1763308800000,3105.36,3126.05,3058.1,3062.0,19359.704212
1763312400000,3062.0,3088.0,3024.71,3079.58,20338.574943
1763316000000,3079.58,3128.1,3042.83,3060.65,16940.345331
1763319600000,3060.74,3116.5,3057.72,3091.36,7119.688079
1763323200000,3091.36,3118.19,3085.42,3089.33,2412.428953
1763326800000,3089.41,3096.9,3058.69,3073.73,6452.644803
1763330400000,3073.73,3103.22,3043.82,3091.87,7543.900567
1763334000000,3092.0,3107.59,3003.01,3095.44,18855.087178
1763337600000,3095.36,3141.32,3069.15,3136.65,12642.602848
1763341200000,3136.5,3147.07,3114.26,3114.79,9138.201116
1763344800000,3114.8,3160.5,3111.45,3149.11,7205.386831
1763348400000,3149.25,3180.54,3147.71,3177.09,8692.597776
1763352000000,3177.09,3194.1,3165.64,3185.54,6307.944642
1763355600000,3185.55,3193.59,3177.56,3186.8,4335.968958
1763359200000,3187.01,3197.97,3171.34,3194.11,4936.754411
1763362800000,3194.15,3208.65,3189.13,3198.99,7553.801724
1763366400000,3198.98,3205.32,3183.22,3190.18,4534.23229
1763370000000,3190.17,3216.0,3179.6,3195.09,4692.983412
1763373600000,3195.09,3207.62,3191.33,3196.6,2547.302411
1763377200000,3196.65,3223.33,3192.94,3203.82,4283.060651
1763380800000,3203.94,3204.32,3182.41,3183.7,4290.329673
1763384400000,3183.78,3188.99,3094.49,3122.0,14951.350389
1763388000000,3121.94,3211.57,3102.83,3152.39,24611.515576
1763391600000,3152.4,3166.64,3105.57,3120.8,13064.259423
1763395200000,3120.94,3142.76,3064.07,3134.81,16100.519183
1763398800000,3134.69,3137.83,3053.61,3058.47,9388.268376
1763402400000,3058.84,3081.18,3019.94,3025.0,13076.082387
1763406000000,3025.08,3038.73,2971.27,2982.4,22852.310373
1763409600000,2982.55,3022.24,2959.76,3005.07,17124.468724
1763413200000,3005.15,3028.15,2984.68,3009.6,10132.890234
1763416800000,3009.6,3032.07,3000.15,3023.49,4666.689394
1763420400000,3023.6,3031.54,3006.0,3031.53,5177.093821
1763424000000,3031.54,3040.91,2991.0,3033.2,8736.264513
1763427600000,3032.85,3049.99,3012.45,3017.61,7430.946343
1763431200000,3017.6,3045.75,2977.91,2985.49,21101.797343
1763434800000,2985.6,3028.27,2945.78,3024.21,27288.648856
1763438400000,3024.17,3025.3,2958.1,3006.28,17479.336726
1763442000000,3006.29,3023.97,2984.1,3012.2,8584.550604
1763445600000,3012.22,3015.38,2974.0,2989.99,8532.189178
1763449200000,2989.99,3034.69,2977.79,3024.33,13746.838777
1763452800000,3024.7,3068.33,3024.7,3060.0,11498.443498
1763456400000,3060.1,3067.14,3028.28,3060.1,6684.89671
1763460000000,3060.05,3074.07,3050.24,3065.83,3983.663452
1763463600000,3065.82,3073.83,3052.12,3057.54,6292.836962
1763467200000,3057.7,3066.0,3038.63,3049.56,5822.67501
1763470800000,3049.31,3051.48,3021.87,3048.39,6145.257365
1763474400000,3048.2,3092.7,3032.63,3058.15,15169.512105
1763478000000,3058.15,3124.12,3033.56,3106.83,23229.549915
1763481600000,3106.8,3168.71,3099.12,3152.05,14883.650708
1763485200000,3152.0,3159.25,3119.04,3135.39,7390.131674
1763488800000,3135.52,3170.09,3135.26,3160.38,6868.877848
1763492400000,3160.7,3168.61,3135.81,3145.68,3794.693403
1763496000000,3145.8,3150.47,3122.78,3122.92,2263.173382
1763499600000,3123.2,3131.08,3096.66,3098.2,3984.687395
1763503200000,3098.21,3129.47,3097.6,3125.06,3136.187113
1763506800000,3125.21,3126.4,3107.66,3123.67,1922.999493
1763510400000,3123.68,3124.4,3078.09,3100.73,5685.647572
1763514000000,3100.85,3116.58,3085.37,3105.55,4588.991995
1763517600000,3105.26,3126.72,3098.05,3114.18,4759.518209
1763521200000,3114.11,3118.42,3070.01,3073.39,5863.331836
1763524800000,3073.32,3077.19,3046.66,3048.7,8021.300731
1763528400000,3048.97,3053.33,2992.5,3017.65,17278.698049
1763532000000,3017.94,3045.13,3010.75,3040.9,7486.029035
1763535600000,3040.8,3088.05,3039.2,3085.13,7181.679899
1763539200000,3085.11,3100.0,3072.41,3079.99,8887.01789
1763542800000,3079.99,3088.24,3053.33,3088.24,9296.892877
1763546400000,3088.25,3112.59,3083.61,3091.76,4682.594904
1763550000000,3091.71,3102.27,3077.47,3083.44,2658.319003
1763553600000,3083.43,3108.52,3081.0,3100.58,2983.426215
1763557200000,3100.65,3101.35,3056.51,3067.4,7224.894982
1763560800000,3067.12,3070.14,3024.04,3060.4,12944.667839
1763564400000,3060.73,3106.65,2967.03,2973.32,22799.797073
1763568000000,2973.31,2987.19,2936.73,2950.25,16519.206843
1763571600000,2950.24,2961.3,2897.75,2923.2,15646.558336
1763575200000,2923.19,2929.6,2880.33,2900.12,14627.825251
1763578800000,2900.12,2906.23,2872.78,2881.87,9140.984228
1763582400000,2881.88,2956.87,2874.5,2945.71,10861.442863
1763586000000,2945.44,3001.0,2939.46,2991.65,14718.605934
1763589600000,2991.65,2992.4,2955.84,2984.7,6268.973133
1763593200000,2984.7,3028.21,2984.54,3025.71,8359.74266
1763596800000,3025.63,3049.14,3004.81,3019.2,7653.556844
1763600400000,3019.2,3050.71,3018.63,3047.76,5840.389499
1763604000000,3047.75,3058.17,3030.0,3043.7,7447.851326
1763607600000,3043.99,3053.08,3036.73,3039.13,4487.396338
1763611200000,3039.04,3055.24,3017.44,3054.14,7783.577855
1763614800000,3054.15,3063.69,3033.04,3035.48,4699.312632
1763618400000,3035.49,3042.91,3007.21,3020.97,5535.979548
1763622000000,3020.97,3044.51,3015.31,3039.66,4654.202971
1763625600000,3039.66,3045.0,3022.85,3031.3,4409.9101
1763629200000,3031.05,3034.07,2995.01,3011.33,6825.454706
1763632800000,3011.12,3020.85,2993.37,3015.13,6360.629264
1763636400000,3015.56,3027.75,3001.78,3023.55,3079.830891
1763640000000,3023.59,3032.89,3010.58,3028.4,4274.693302
1763643600000,3028.72,3050.0,2996.91,3000.06,13310.10905
1763647200000,3000.23,3022.75,2963.45,3001.2,19221.277569
1763650800000,3000.89,3003.6,2952.25,2955.84,13209.609743
1763654400000,2955.75,2961.34,2848.0,2862.66,46240.103411
1763658000000,2862.56,2873.72,2807.7,2833.85,28413.022861
1763661600000,2833.84,2861.0,2806.0,2813.52,18646.482968
1763665200000,2813.71,2855.93,2788.2,2848.11,17239.380482
1763668800000,2847.94,2856.81,2819.55,2835.36,7934.453997
1763672400000,2835.36,2897.61,2834.6,2879.87,6469.526204
1763676000000,2879.57,2905.81,2876.12,2886.46,5432.952764
1763679600000,2886.13,2891.52,2827.06,2834.15,9301.412247
1763683200000,2834.04,2870.0,2832.57,2861.07,6153.336275
1763686800000,2861.27,2886.66,2851.68,2862.06,9212.76338
1763690400000,2862.19,2862.29,2772.68,2782.69,21644.258121
1763694000000,2782.59,2826.1,2782.31,2809.26,8766.803081
1763697600000,2809.14,2822.38,2783.0,2819.15,7623.426864
1763701200000,2819.0,2833.0,2800.3,2809.83,6865.463879
1763704800000,2810.0,2814.98,2780.08,2790.51,7571.115996
1763708400000,2790.51,2800.85,2649.2,2720.56,73435.35299
1763712000000,2720.64,2754.8,2706.76,2738.25,17153.360576
1763715600000,2738.25,2748.75,2680.0,2681.99,14439.923594
1763719200000,2681.76,2717.45,2663.54,2697.13,15634.749992
1763722800000,2697.2,2723.27,2674.68,2688.6,7190.544396
1763726400000,2688.56,2743.7,2622.87,2727.54,31237.215355
1763730000000,2727.65,2769.56,2711.11,2741.6,18143.633765
1763733600000,2741.99,2781.12,2717.55,2770.29,23777.626384
1763737200000,2770.4,2779.4,2688.0,2705.17,24824.810845
1763740800000,2705.47,2764.21,2675.3,2763.18,20978.216958
1763744400000,2762.95,2806.7,2755.01,2780.66,13898.378998
1763748000000,2780.8,2794.52,2716.47,2779.42,13675.669617
1763751600000,2779.13,2787.57,2740.05,2752.4,5536.492031
1763755200000,2752.04,2756.23,2708.42,2737.98,7081.708742
1763758800000,2738.13,2776.32,2731.8,2766.91,4711.118764
1763762400000,2766.92,2773.99,2720.61,2722.0,4031.852592
1763766000000,2722.4,2769.84,2713.03,2765.94,4161.12963
1763769600000,2765.94,2780.68,2758.23,2766.04,4376.500388
1763773200000,2766.25,2784.08,2760.9,2774.68,2220.596596
1763776800000,2774.7,2777.65,2739.25,2752.8,3398.504207
1763780400000,2753.05,2757.93,2742.43,2752.49,2176.247704
1763784000000,2752.47,2754.34,2727.0,2747.2,4203.277996
1763787600000,2747.44,2749.71,2727.15,2744.36,2567.26899
1763791200000,2744.36,2768.48,2732.73,2766.22,4377.920037
1763794800000,2766.14,2770.84,2754.61,2756.34,3617.150284
1763798400000,2756.35,2756.76,2718.87,2730.4,5252.991937
1763802000000,2730.5,2739.77,2721.34,2725.9,3288.715217
1763805600000,2726.0,2731.69,2704.86,2713.02,3010.830149
1763809200000,2713.07,2743.03,2704.23,2735.02,4804.882765
1763812800000,2734.91,2735.84,2711.26,2721.23,2921.364155
1763816400000,2721.25,2734.52,2711.76,2719.46,2243.137701
1763820000000,2719.46,2754.44,2718.69,2745.99,5455.067173
1763823600000,2745.89,2750.81,2726.0,2738.92,4536.435516
1763827200000,2738.92,2759.0,2735.25,2755.19,3792.050287
1763830800000,2755.2,2758.0,2744.42,2749.84,1883.04073
1763834400000,2749.77,2754.8,2743.04,2752.34,1265.744662
1763838000000,2752.49,2757.29,2744.77,2750.57,1116.526501
1763841600000,2750.5,2756.79,2733.33,2741.29,1405.168032
1763845200000,2741.38,2748.67,2737.15,2747.68,2240.372163
1763848800000,2747.61,2799.61,2741.6,2789.42,6999.64995
1763852400000,2789.2,2793.59,2767.69,2770.18,3966.589586
1763856000000,2770.18,2790.01,2768.19,2773.2,2967.13716
1763859600000,2773.37,2815.68,2771.79,2808.79,5925.105897
1763863200000,2808.75,2834.16,2804.4,2821.2,8140.683403
1763866800000,2821.05,2825.1,2808.69,2824.8,3439.697571
1763870400000,2824.79,2852.45,2819.72,2827.85,11288.899584
1763874000000,2827.93,2831.49,2813.38,2825.29,4852.457134
1763877600000,2825.29,2832.44,2803.06,2810.03,4724.249048
1763881200000,2810.02,2812.08,2777.04,2793.95,6555.990436
1763884800000,2793.71,2815.78,2793.65,2811.65,9089.649055
1763888400000,2811.66,2824.64,2806.02,2816.56,1991.644623
1763892000000,2816.56,2817.09,2802.89,2808.66,2238.799573
1763895600000,2808.66,2820.75,2803.9,2816.0,2656.361102
1763899200000,2815.99,2846.56,2814.05,2835.13,7169.048394
1763902800000,2835.13,2845.79,2822.0,2843.99,3581.492358
1763906400000,2843.91,2858.82,2812.14,2814.75,7321.294116
1763910000000,2814.76,2840.0,2810.04,2836.5,3805.78906
1763913600000,2836.51,2846.85,2797.84,2800.39,7187.865592
1763917200000,2800.4,2808.66,2786.89,2792.74,6322.975718
1763920800000,2792.75,2817.1,2792.75,2809.0,2798.430353
1763924400000,2809.09,2837.82,2807.2,2822.65,2289.430781
1763928000000,2822.78,2835.7,2821.37,2828.69,2088.359575
1763931600000,2828.75,2845.6,2817.26,2841.61,3476.711071
1763935200000,2841.61,2844.93,2824.5,2838.54,2504.980651
1763938800000,2838.54,2843.78,2794.94,2802.19,8521.170876
1763942400000,2802.09,2803.5,2763.18,2787.73,11084.298841
1763946000000,2788.18,2807.41,2778.37,2806.12,4354.975306
1763949600000,2806.34,2867.33,2804.21,2840.6,15311.84209
1763953200000,2840.16,2867.15,2834.99,2856.57,4914.030908
1763956800000,2856.41,2870.63,2803.14,2824.83,6888.742203
1763960400000,2824.83,2885.88,2822.53,2867.23,11922.850637
1763964000000,2867.16,2868.75,2829.02,2839.2,7330.33572
1763967600000,2839.2,2846.0,2823.7,2829.99,6088.646082
1763971200000,2829.99,2843.02,2821.81,2838.99,3099.285814
1763974800000,2838.99,2838.99,2788.0,2797.61,8565.903306
1763978400000,2797.92,2807.27,2793.95,2799.24,3574.203113
1763982000000,2799.23,2808.37,2790.0,2803.47,2759.322607
1763985600000,2803.26,2812.25,2794.27,2803.72,2733.601097
1763989200000,2803.71,2829.2,2802.1,2815.42,4951.157724
1763992800000,2815.42,2848.86,2784.93,2832.31,13606.807917
1763996400000,2832.31,2860.17,2812.75,2846.5,10822.367929
1764000000000,2846.44,2875.02,2842.69,2858.81,10966.200145
1764003600000,2859.0,2944.0,2856.66,2939.87,21853.63738
1764007200000,2939.87,2962.98,2928.54,2957.36,17461.089542
1764010800000,2957.36,2979.56,2953.6,2958.8,9653.183648
1764014400000,2958.91,2986.2,2952.32,2972.86,10896.424283
1764018000000,2972.85,2973.79,2947.68,2959.06,5486.46808
1764021600000,2959.03,2980.19,2952.29,2960.33,4486.392939
1764025200000,2960.41,2968.63,2951.85,2953.32,4644.328522
1764028800000,2953.33,2953.33,2931.72,2942.99,7560.146712
1764032400000,2942.91,2948.1,2914.9,2919.01,5302.132023
1764036000000,2919.01,2934.27,2908.01,2931.12,5948.761626
1764039600000,2930.88,2936.74,2903.0,2911.81,5560.733474
1764043200000,2911.92,2943.74,2909.33,2937.57,5117.61811
1764046800000,2937.58,2938.8,2918.5,2928.5,2992.416949
1764050400000,2928.37,2928.66,2912.08,2922.81,3497.658836
1764054000000,2922.81,2925.8,2902.06,2902.77,5834.347101
1764057600000,2902.78,2910.53,2869.95,2872.11,8401.421508
1764061200000,2872.11,2893.54,2865.59,2892.53,4898.031715
1764064800000,2892.54,2900.06,2880.22,2898.77,4075.952912
1764068400000,2898.62,2899.76,2888.0,2891.19,1778.466354
1764072000000,2891.2,2932.9,2890.21,2927.53,6959.345645
1764075600000,2927.36,2934.21,2897.93,2907.79,6691.047867
1764079200000,2907.8,2921.99,2857.0,2881.4,12667.096647
1764082800000,2881.23,2915.53,2856.65,2895.64,9535.18229
1764086400000,2895.56,2938.1,2887.11,2929.07,7847.531567
1764090000000,2929.05,2952.25,2920.41,2936.14,6545.959996
1764093600000,2936.2,2958.05,2922.52,2923.97,5465.412912
1764097200000,2923.98,2928.15,2871.8,2922.8,8901.688093
1764100800000,2922.67,2943.02,2916.5,2928.85,3852.807803
1764104400000,2928.98,2945.32,2922.69,2930.84,2467.729935
1764108000000,2930.77,2977.29,2906.71,2970.28,6704.3307
1764111600000,2970.21,2980.0,2953.61,2959.38,4412.274268
1764115200000,2959.38,2971.78,2949.5,2953.99,3385.164276
1764118800000,2953.99,2984.0,2944.67,2969.94,6214.904034
1764122400000,2969.94,2976.16,2956.25,2956.62,3307.236006
1764126000000,2956.56,2964.49,2921.13,2926.99,7034.015617
1764129600000,2927.0,2939.58,2920.63,2930.52,3100.145319
1764133200000,2930.52,2952.37,2930.0,2944.1,2617.568336
1764136800000,2944.05,2954.37,2932.81,2946.38,3515.434811
1764140400000,2946.37,2949.28,2935.0,2944.29,3126.181652
1764144000000,2944.29,2948.79,2912.0,2912.92,4597.646647
1764147600000,2912.91,2917.83,2902.5,2907.55,4355.095464
1764151200000,2907.46,2918.0,2906.02,2914.5,2634.359595
1764154800000,2914.5,2918.34,2907.56,2914.43,2079.599486
1764158400000,2914.25,2918.17,2888.02,2901.73,5572.456592
1764162000000,2901.73,2936.86,2899.7,2934.45,7143.817747
1764165600000,2934.46,2947.92,2904.4,2910.37,8651.957352
1764169200000,2910.58,2939.57,2907.21,2927.61,4992.403533
1764172800000,2927.61,2960.0,2926.41,2946.29,8084.469518
1764176400000,2946.3,3033.0,2939.18,3026.77,17505.912797
1764180000000,3026.77,3044.99,3013.0,3034.07,11279.418025
1764183600000,3034.07,3037.76,3017.35,3032.23,4409.886242
1764187200000,3032.24,3032.24,3008.32,3024.85,3343.121587
1764190800000,3024.74,3035.92,3015.63,3021.63,3976.531266
1764194400000,3021.73,3033.3,3018.14,3027.93,4266.298066
1764198000000,3027.81,3033.29,3016.17,3026.5,2741.167002
1764201600000,3026.5,3047.99,3005.0,3035.43,9180.621687
1764205200000,3035.44,3056.49,3028.33,3052.38,7493.078967
1764208800000,3052.38,3071.2,3036.96,3037.55,16797.153371
1764212400000,3037.55,3052.0,3030.2,3033.41,6035.537124
1764216000000,3033.41,3053.87,3031.21,3041.11,4014.904488
1764219600000,3041.24,3045.76,3017.43,3023.25,5906.029538
1764223200000,3023.26,3035.0,3022.47,3027.74,2619.280397
1764226800000,3027.79,3036.0,3025.5,3033.46,4687.930865
1764230400000,3033.47,3035.68,3018.0,3028.13,3693.750815
1764234000000,3028.14,3044.76,3025.28,3027.76,3280.451351
1764237600000,3027.75,3036.08,3021.93,3034.43,3439.090921
1764241200000,3034.42,3036.0,3023.21,3028.29,3392.33042
1764244800000,3028.29,3030.45,2988.01,2991.51,7214.596557
1764248400000,2991.51,3002.19,2988.6,2995.66,4304.027588
1764252000000,2995.67,2999.73,2986.19,2996.42,2910.801459
1764255600000,2996.42,3015.0,2990.53,3011.26,3577.744313
1764259200000,3011.25,3027.55,3004.93,3021.2,3714.407081
1764262800000,3021.2,3024.88,3013.23,3020.24,1566.733842
1764266400000,3020.23,3039.44,3016.41,3037.81,2542.877496
1764270000000,3037.8,3037.8,3026.55,3032.0,1014.856486
1764273600000,3031.99,3044.58,3030.27,3039.11,1674.514361
1764277200000,3039.01,3043.74,3030.34,3032.92,3454.756811
1764280800000,3032.91,3034.76,3003.83,3011.0,4153.818675
1764284400000,3010.89,3023.33,3007.36,3015.39,1936.391958
1764288000000,3015.39,3023.97,3008.6,3014.52,2368.951103
1764291600000,3014.52,3016.62,2993.9,2998.25,4817.435263
1764295200000,2998.46,3015.3,2996.05,3012.41,3702.280827
1764298800000,3012.42,3015.37,3002.43,3008.57,2351.658625
1764302400000,3008.57,3019.82,3005.54,3017.34,2304.684685
1764306000000,3017.34,3029.38,3015.23,3023.96,3899.018997
1764309600000,3023.97,3023.97,3003.21,3009.99,3566.771593
1764313200000,3009.99,3024.19,3000.06,3001.69,6749.403769
1764316800000,3001.69,3077.68,3001.4,3065.0,10382.087753
1764320400000,3064.66,3072.77,3048.82,3055.29,5644.019853
1764324000000,3055.29,3065.39,3047.0,3060.94,2564.343106
1764327600000,3060.95,3062.37,3016.65,3033.61,7815.374144
1764331200000,3033.61,3045.75,3032.01,3036.15,5958.293967
1764334800000,3036.15,3087.28,3025.02,3073.83,9404.44862
1764338400000,3073.93,3099.0,3051.82,3067.38,12374.946517
1764342000000,3067.38,3091.84,3055.53,3073.7,15034.287563
1764345600000,3073.62,3074.28,3021.31,3025.37,11543.756591
1764349200000,3025.37,3044.14,3011.23,3034.77,7300.753204
1764352800000,3034.51,3048.9,3024.3,3042.3,3607.425612
1764356400000,3042.3,3060.08,3037.41,3049.98,2792.875862
1764360000000,3049.98,3057.5,3035.49,3056.12,3108.785201
1764363600000,3056.13,3059.31,3036.2,3036.45,2357.063776
1764367200000,3036.46,3043.2,3020.0,3039.8,3067.246289
1764370800000,3040.0,3045.42,3030.08,3031.18,1266.005241
1764374400000,3031.19,3039.22,3030.0,3035.99,1457.272699
1764378000000,3035.99,3052.54,3032.4,3038.23,3314.415746
1764381600000,3038.23,3040.71,3023.61,3030.58,1995.711613
1764385200000,3030.71,3036.0,3017.23,3022.72,2057.883448
1764388800000,3022.82,3044.97,3020.01,3040.72,2215.090156
1764392400000,3040.72,3042.89,3030.84,3032.78,1103.058953
1764396000000,3032.78,3038.46,2993.0,3007.56,9031.214418
1764399600000,3007.56,3014.5,2995.0,3004.97,3130.679061
1764403200000,3004.97,3011.54,3001.2,3008.48,1806.566637
1764406800000,3008.48,3010.54,2998.5,3002.08,1829.643511
1764410400000,3002.08,3007.87,2985.0,2997.28,4160.228591
1764414000000,2997.27,3002.1,2992.4,3000.25,2983.456697
1764417600000,3000.25,3002.76,2992.02,2997.01,1819.329998
1764421200000,2997.01,3001.94,2992.44,2998.4,1637.536827
1764424800000,2998.4,2998.83,2985.3,2988.3,3768.935608
1764428400000,2988.31,3014.53,2988.31,3007.53,4791.692185
1764432000000,3007.54,3012.26,2998.59,3003.68,2046.891762
1764435600000,3003.68,3004.88,2965.5,2970.03,9721.95863
1764439200000,2970.03,2997.51,2962.0,2994.9,5808.528695
1764442800000,2994.9,2999.9,2984.0,2988.6,1528.985946
1764446400000,2988.6,2998.53,2983.23,2997.52,1153.081548
1764450000000,2997.52,2999.0,2982.5,2994.16,1604.759532
1764453600000,2994.16,2995.73,2983.61,2989.0,1531.133065
1764457200000,2989.26,2994.0,2985.67,2989.26,1270.496978
1764460800000,2989.3,2999.52,2988.0,2997.48,1304.855896
1764464400000,2997.57,3012.43,2996.29,3005.13,3102.204866
1764468000000,3005.13,3011.99,2990.38,2991.01,1570.917076
1764471600000,2991.02,3005.57,2975.22,3001.73,3771.766534
1764475200000,3001.73,3003.88,2995.53,2998.27,1000.419547
1764478800000,2998.27,2998.41,2985.04,2992.09,1671.686206
1764482400000,2992.09,3000.35,2987.01,2997.8,1191.850702
1764486000000,2997.81,3009.3,2996.1,3004.65,1962.89797
1764489600000,3004.84,3018.76,3002.41,3006.96,2516.788379
1764493200000,3006.97,3015.3,3004.39,3009.99,2008.426898
1764496800000,3009.99,3011.49,3005.97,3009.32,1085.320267
1764500400000,3009.45,3016.82,2998.02,3002.84,1955.92158
1764504000000,3003.08,3034.19,2999.72,3025.95,3788.787858
1764507600000,3025.95,3052.94,3022.49,3048.79,5887.251302
1764511200000,3048.8,3051.04,3027.6,3037.94,2835.292848
1764514800000,3037.69,3037.69,3024.59,3028.81,1724.016543
1764518400000,3028.8,3049.6,3028.28,3043.86,1762.272486
1764522000000,3043.86,3044.32,3031.57,3041.35,2284.907916
1764525600000,3041.35,3041.69,3029.27,3036.77,1042.693348
1764529200000,3036.77,3040.74,3029.36,3034.72,1493.18787
1764532800000,3034.72,3041.0,3023.21,3028.93,782.481286
1764536400000,3028.93,3029.31,3015.12,3022.36,2032.421465
1764540000000,3022.37,3036.37,3020.93,3033.55,1596.983121
1764543600000,3033.7,3035.48,2989.58,2991.59,5173.558481
1764547200000,2991.41,2999.75,2830.47,2836.78,38910.136831
1764550800000,2836.78,2860.9,2833.99,2851.51,9132.930807
1764554400000,2851.52,2874.28,2826.92,2838.37,13673.742665
1764558000000,2838.31,2842.35,2813.88,2826.1,10755.183504
1764561600000,2825.92,2828.19,2807.19,2822.31,10320.555006
1764565200000,2822.31,2831.42,2810.84,2828.3,5639.927858
1764568800000,2828.29,2836.24,2822.0,2824.86,6796.114225
1764572400000,2824.99,2844.22,2820.0,2840.31,8649.64484
1764576000000,2840.3,2846.36,2832.59,2840.41,3390.323635
1764579600000,2840.41,2853.8,2828.86,2839.46,7071.820426
1764583200000,2839.46,2846.19,2837.48,2843.58,2562.530941
1764586800000,2843.59,2850.03,2835.48,2837.9,7748.748361
1764590400000,2837.91,2839.5,2793.73,2821.1,16235.978046
1764594000000,2821.09,2839.77,2805.36,2813.58,7906.519597
1764597600000,2813.57,2832.19,2806.0,2818.39,7430.206555
1764601200000,2818.4,2820.8,2719.43,2745.78,30800.490278
1764604800000,2745.97,2756.28,2720.0,2731.97,10382.704388
1764608400000,2731.78,2753.29,2728.76,2739.99,6923.249174
1764612000000,2739.85,2758.46,2725.0,2749.8,6439.129751
1764615600000,2749.8,2753.58,2730.75,2740.7,3932.46058
1764619200000,2740.7,2769.88,2740.01,2757.51,7591.17779
1764622800000,2757.94,2798.04,2756.0,2791.64,7504.661134
1764626400000,2791.64,2813.02,2790.74,2797.15,4363.100855
1764630000000,2797.16,2819.28,2796.52,2798.75,3690.152605
1764633600000,2798.75,2804.28,2783.0,2795.6,4193.423271
1764637200000,2795.59,2825.25,2793.03,2795.27,5564.964674
1764640800000,2795.03,2815.89,2784.47,2801.0,3967.942672
1764644400000,2801.0,2810.38,2785.36,2804.5,3778.447204
1764648000000,2804.49,2814.27,2803.23,2804.66,2426.573642
1764651600000,2804.66,2807.0,2797.4,2803.2,4057.081881
1764655200000,2803.2,2815.82,2797.51,2812.73,3191.699059
1764658800000,2812.72,2814.42,2802.64,2805.78,1734.628129
1764662400000,2805.65,2806.69,2782.15,2798.25,4327.708947
1764666000000,2798.34,2811.94,2795.3,2798.0,2586.587998
1764669600000,2797.95,2834.85,2797.4,2823.01,4371.789431
1764673200000,2823.17,2830.93,2816.16,2826.05,2928.841994
1764676800000,2826.05,2831.96,2816.2,2827.92,3574.280635
1764680400000,2827.98,2847.8,2822.03,2844.49,8678.394984
1764684000000,2844.49,2909.82,2840.0,2895.0,23102.94869
1764687600000,2895.0,3024.9,2894.07,3006.22,38845.177808
1764691200000,3006.22,3024.7,2987.0,2995.62,19431.378877
1764694800000,2995.52,3034.65,2994.12,3015.9,8594.510175
1764698400000,3015.9,3034.21,3008.36,3013.67,6473.736374
1764702000000,3013.67,3029.97,3013.09,3015.94,4240.835325
1764705600000,3015.94,3017.32,2972.97,2979.98,9311.91876
1764709200000,2980.15,2998.0,2977.63,2995.64,3302.369096
1764712800000,2995.63,3022.0,2995.2,3017.7,4830.151333
1764716400000,3017.93,3019.13,2992.31,2996.12,3232.250357
1764720000000,2996.14,3008.93,2985.55,3003.5,4032.197072
1764723600000,3003.51,3028.0,2998.98,3015.84,7989.353004
1764727200000,3015.89,3049.89,3014.16,3031.12,11377.118671
1764730800000,3031.18,3037.98,3020.28,3030.55,4365.702699
1764734400000,3030.55,3060.0,3029.5,3056.89,10503.982606
1764738000000,3056.71,3070.83,3048.33,3058.85,7193.694432
1764741600000,3058.84,3085.79,3054.95,3066.99,8762.145069
1764745200000,3066.99,3068.39,3052.0,3057.57,8332.644236
1764748800000,3057.58,3061.22,3043.6,3050.99,3900.673426
1764752400000,3050.98,3063.76,3045.41,3060.75,2818.24008
1764756000000,3060.76,3079.49,3050.56,3055.42,5399.103494
1764759600000,3055.64,3077.1,3050.22,3073.08,5608.673041
1764763200000,3073.08,3084.38,3066.47,3081.53,9718.368535
1764766800000,3081.52,3094.82,3077.8,3090.0,6492.245128
1764770400000,3090.14,3146.0,3028.87,3076.43,40614.524038
1764774000000,3076.58,3110.31,3056.72,3086.3,10208.903855
1764777600000,3086.29,3107.57,3064.46,3088.55,5763.890711
1764781200000,3088.37,3133.82,3087.46,3128.06,9560.918603
1764784800000,3128.07,3143.1,3104.84,3115.71,6572.670739
1764788400000,3115.31,3133.71,3109.14,3128.6,4477.52805
1764792000000,3128.62,3159.99,3117.76,3138.24,9943.15816
1764795600000,3138.54,3170.2,3128.7,3164.69,8257.290318
1764799200000,3164.69,3197.44,3145.14,3189.47,14805.164028
1764802800000,3189.47,3218.05,3178.32,3188.22,9403.460937
1764806400000,3188.49,3206.99,3174.17,3198.09,11866.757953
1764810000000,3198.2,3240.74,3195.0,3202.69,11761.501904
1764813600000,3202.69,3225.64,3198.58,3221.76,6269.820325
1764817200000,3221.76,3228.68,3205.01,3209.9,3994.196656
1764820800000,3209.89,3219.0,3187.0,3191.74,5097.138391
1764824400000,3191.75,3194.1,3170.34,3184.91,10536.607983
1764828000000,3184.91,3219.99,3180.61,3205.05,9413.574761
1764831600000,3205.05,3205.49,3181.17,3190.3,9778.387466
1764835200000,3190.3,3197.61,3175.43,3184.25,4518.542817
1764838800000,3184.25,3209.0,3182.85,3200.04,4015.416565
1764842400000,3200.05,3203.8,3184.8,3188.52,1982.111067
1764846000000,3188.52,3194.71,3177.36,3186.72,3261.937242
1764849600000,3186.72,3193.6,3172.73,3176.7,3010.34474
1764853200000,3176.69,3191.0,3158.06,3170.55,7067.641508
1764856800000,3170.55,3188.42,3139.76,3144.09,9352.077395
1764860400000,3144.19,3224.87,3143.89,3208.0,15714.687635
1764864000000,3208.0,3226.24,3160.0,3169.2,16842.221258
1764867600000,3169.0,3175.6,3136.21,3161.04,7035.602607
1764871200000,3161.03,3165.53,3133.61,3141.27,5654.294368
1764874800000,3141.27,3142.22,3066.73,3119.46,19821.154738
1764878400000,3119.1,3145.28,3105.92,3141.2,7428.886921
1764882000000,3141.12,3151.88,3119.07,3123.19,4198.695782
1764885600000,3123.12,3149.0,3123.01,3143.73,3552.122576
1764889200000,3143.73,3144.43,3128.8,3133.2,2098.875289
1764892800000,3133.21,3157.81,3132.78,3146.71,3813.400604
1764896400000,3146.71,3170.39,3143.53,3163.11,4052.065248
1764900000000,3163.12,3188.83,3156.22,3182.91,5378.927754
1764903600000,3182.92,3192.98,3165.67,3171.08,3544.846909
1764907200000,3171.08,3181.91,3151.63,3167.99,5498.714911
1764910800000,3167.99,3173.46,3152.0,3155.8,2764.135826
1764914400000,3155.8,3176.0,3155.8,3168.94,3314.500173
1764918000000,3168.94,3182.1,3166.47,3173.71,6549.349826
1764921600000,3173.72,3173.72,3143.26,3155.0,4729.219545
1764925200000,3155.25,3155.31,3108.0,3122.08,11473.11992
1764928800000,3121.79,3148.34,3120.65,3134.61,7640.118511
1764932400000,3134.81,3143.7,3110.0,3131.55,6372.040375
1764936000000,3131.56,3135.29,3118.03,3127.68,4071.830192
1764939600000,3127.69,3137.48,3087.26,3099.48,9233.737304
1764943200000,3099.48,3116.0,3082.66,3103.94,7960.223266
1764946800000,3103.59,3158.02,3094.7,3106.41,18107.113618
1764950400000,3106.41,3108.49,3000.0,3033.02,28683.812828
1764954000000,3033.03,3039.98,3006.82,3033.46,7573.50272
1764957600000,3033.46,3063.25,3004.1,3007.4,8075.037723
1764961200000,3007.17,3047.56,2982.62,3038.29,9687.440593
1764964800000,3038.59,3049.17,3015.09,3022.42,4667.018886
1764968400000,3022.62,3036.99,3014.52,3019.99,3214.846053
1764972000000,3020.0,3032.58,3009.99,3027.0,2427.092916
1764975600000,3027.01,3027.68,3006.57,3021.67,2833.416045
1764979200000,3021.84,3028.86,3012.0,3026.01,1705.91612
1764982800000,3026.01,3033.78,3019.42,3026.86,1549.262361
1764986400000,3026.87,3030.37,3018.71,3029.06,1301.352154
1764990000000,3029.18,3048.11,3027.18,3039.98,5488.506127
1764993600000,3039.99,3042.61,3030.04,3036.66,1785.912682
1764997200000,3036.65,3040.58,3032.12,3037.31,1569.829584
1765000800000,3037.31,3041.65,3033.46,3039.51,1403.875099
1765004400000,3039.68,3041.38,3024.06,3026.73,4810.862558
1765008000000,3026.72,3035.99,3013.33,3014.34,2826.079533
1765011600000,3014.35,3033.25,3013.54,3029.99,2249.088364
1765015200000,3029.99,3038.2,3025.5,3031.01,728.740403
1765018800000,3031.01,3041.87,3028.48,3038.62,1255.881609
1765022400000,3038.61,3040.76,3029.21,3031.56,1048.695627
1765026000000,3031.57,3042.36,3029.52,3036.01,1150.910108
1765029600000,3036.01,3069.13,3034.3,3055.23,7068.15436
1765033200000,3055.02,3055.83,3026.1,3041.72,4134.934864
1765036800000,3041.72,3066.65,3040.65,3052.45,2161.207017
1765040400000,3052.45,3059.94,3046.34,3055.5,1244.874128
1765044000000,3055.83,3056.27,3037.18,3042.05,1223.526675
1765047600000,3042.01,3047.87,3025.2,3030.62,2461.184005
1765051200000,3030.61,3041.42,3030.08,3040.14,862.396105
1765054800000,3040.14,3044.76,3036.41,3042.89,1177.520641
1765058400000,3042.89,3054.91,3036.85,3042.17,3767.244161
1765062000000,3042.18,3043.52,3026.59,3038.09,4482.796521
1765065600000,3038.09,3049.07,3032.25,3044.9,1918.646682
1765069200000,3044.9,3052.35,3041.51,3043.0,2926.635621
1765072800000,3043.01,3057.65,3042.35,3053.9,924.743057
1765076400000,3053.89,3057.0,3049.6,3054.01,972.702852
1765080000000,3054.02,3058.11,3043.4,3046.39,1057.691794
1765083600000,3046.4,3049.6,3044.0,3044.67,939.993614
1765087200000,3044.82,3049.0,3043.78,3048.11,820.1699
1765090800000,3048.12,3050.91,3031.26,3037.56,2574.885652
1765094400000,3037.56,3043.24,3028.0,3034.63,3385.010529
1765098000000,3034.63,3039.46,3024.52,3030.39,1818.106766
1765101600000,3030.39,3044.34,3029.74,3038.2,1603.292869
1765105200000,3038.21,3041.99,3035.32,3035.89,922.842569
1765108800000,3035.99,3051.0,3034.66,3048.92,1364.464931
1765112400000,3048.93,3053.41,3026.85,3031.79,3607.394199
1765116000000,3031.98,3035.38,2908.0,2942.75,36702.762232
1765119600000,2942.75,3038.85,2940.21,3026.96,25309.695549
1765123200000,3026.62,3040.4,2999.48,3040.05,8995.737658
1765126800000,3040.07,3134.89,3025.0,3113.05,20248.222527
1765130400000,3112.9,3150.0,3112.7,3128.98,6982.912088
1765134000000,3128.99,3143.03,3121.16,3137.8,3048.131318
1765137600000,3138.07,3147.14,3132.0,3141.09,1655.117721
1765141200000,3141.08,3141.09,3069.42,3085.17,7392.470744
1765144800000,3085.46,3086.56,3013.14,3033.21,12115.146278
1765148400000,3033.36,3064.94,3025.56,3060.01,5267.536863
1765152000000,3060.01,3076.97,3040.98,3063.21,3914.261641
1765155600000,3063.22,3134.59,3062.75,3098.22,11587.15757
1765159200000,3098.45,3115.41,3092.02,3109.41,4173.982094
1765162800000,3109.79,3120.44,3101.5,3110.73,4394.668022
1765166400000,3110.72,3138.0,3108.13,3128.88,5067.032407
1765170000000,3128.89,3140.9,3120.28,3130.37,4692.788712
1765173600000,3130.37,3140.56,3122.28,3130.56,4703.132208
1765177200000,3130.57,3137.89,3122.9,3133.86,4603.70769
1765180800000,3133.86,3146.66,3125.01,3143.78,3332.714758
1765184400000,3143.78,3180.0,3140.97,3158.91,8882.886196
1765188000000,3158.91,3164.97,3153.16,3160.45,2619.072914
1765191600000,3160.45,3164.0,3135.31,3142.03,5298.307265
1765195200000,3142.04,3143.42,3122.58,3131.56,4999.799266
1765198800000,3131.55,3161.82,3129.37,3145.93,6170.217107
1765202400000,3145.93,3179.06,3125.58,3128.57,12963.207477
1765206000000,3128.57,3139.39,3088.63,3101.61,17547.778304
1765209600000,3101.56,3133.19,3092.8,3107.99,8460.887368
1765213200000,3107.99,3129.21,3098.24,3120.87,5965.90753
1765216800000,3120.87,3133.2,3075.25,3092.43,7007.089306
1765220400000,3092.52,3128.29,3090.47,3118.73,2785.061852
1765224000000,3118.8,3145.6,3118.74,3136.31,3577.021429
1765227600000,3136.31,3153.44,3126.8,3146.72,3329.564252
1765231200000,3146.73,3147.67,3120.51,3129.64,2731.591757
1765234800000,3129.83,3136.89,3112.88,3124.4,2806.046893
1765238400000,3124.58,3143.54,3114.38,3119.76,3627.665501
1765242000000,3119.58,3124.34,3098.66,3106.79,5603.779897
1765245600000,3106.79,3115.8,3097.82,3098.52,3991.226609
1765249200000,3098.53,3129.19,3090.67,3129.19,7029.169869
1765252800000,3129.2,3131.07,3104.0,3107.33,3817.760661
1765256400000,3107.32,3118.52,3096.0,3108.19,3609.187596
1765260000000,3108.2,3115.87,3095.83,3113.13,3057.934823
1765263600000,3113.15,3127.28,3110.06,3123.32,3540.837076
1765267200000,3123.33,3130.16,3115.38,3120.79,2429.714174
1765270800000,3120.79,3123.0,3104.24,3105.88,2619.97705
1765274400000,3106.13,3114.37,3092.69,3108.03,3257.391828
1765278000000,3108.03,3120.99,3100.69,3118.59,3023.483318
1765281600000,3118.6,3141.39,3115.0,3137.6,4987.547509
1765285200000,3137.6,3140.54,3109.66,3117.73,4683.628071
1765288800000,3117.73,3128.91,3098.93,3117.81,6001.308186
1765292400000,3117.66,3257.14,3115.81,3245.96,32740.86745
1765296000000,3245.7,3378.17,3245.68,3365.83,41221.267021
1765299600000,3366.16,3398.66,3356.69,3374.99,17608.662477
1765303200000,3375.0,3388.0,3361.0,3376.0,7205.24291
1765306800000,3376.0,3378.0,3345.06,3357.84,8667.157765
1765310400000,3357.98,3361.11,3305.16,3327.59,9667.316643
1765314000000,3327.68,3335.18,3285.04,3301.97,8347.866454
1765317600000,3302.14,3345.28,3297.76,3328.62,7210.144244
1765321200000,3328.62,3336.05,3317.14,3318.3,3334.425982
1765324800000,3318.0,3327.99,3305.58,3306.02,3929.784009
1765328400000,3306.01,3315.26,3288.3,3302.9,4615.072848
1765332000000,3302.96,3313.16,3292.15,3310.83,4657.717022
1765335600000,3310.98,3316.36,3305.26,3309.22,2205.135117
1765339200000,3309.47,3327.0,3306.66,3322.52,3195.459824
1765342800000,3322.53,3334.39,3315.01,3322.61,3152.355007
1765346400000,3322.76,3328.42,3315.27,3325.58,1767.568206
1765350000000,3325.57,3327.26,3310.97,3326.84,4933.65576
1765353600000,3326.85,3333.99,3322.4,3322.41,3506.756767
1765357200000,3322.41,3348.89,3315.12,3347.87,4586.690827
1765360800000,3347.87,3376.08,3310.53,3312.28,12308.84506
1765364400000,3312.28,3320.4,3297.26,3318.47,4799.740417
1765368000000,3318.52,3327.26,3309.26,3324.43,3456.995445
1765371600000,3324.43,3339.8,3319.63,3335.01,4357.694128
1765375200000,3335.0,3339.45,3303.06,3319.78,9269.773608
1765378800000,3319.65,3338.2,3307.15,3328.52,7818.33949
1765382400000,3328.41,3370.0,3321.12,3351.54,9639.664351
1765386000000,3351.33,3386.96,3346.67,3370.55,7272.359507
1765389600000,3370.55,3430.0,3358.0,3381.51,16629.520872
1765393200000,3381.72,3435.27,3345.01,3390.41,36522.365858
1765396800000,3390.41,3448.0,3346.01,3355.17,20409.480316
1765400400000,3355.4,3369.05,3329.13,3339.44,9269.996815
1765404000000,3339.44,3355.4,3318.4,3346.4,5685.237798
1765407600000,3346.49,3352.64,3320.0,3323.97,4129.511658
1765411200000,3323.98,3327.41,3258.19,3279.67,12784.569456
1765414800000,3279.67,3280.0,3243.6,3254.87,10153.386647
1765418400000,3254.86,3256.15,3206.85,3211.28,13412.741611
1765422000000,3211.28,3211.28,3167.37,3191.71,14353.409303
1765425600000,3191.44,3216.22,3180.04,3214.95,11556.053745
1765429200000,3214.94,3215.77,3193.83,3214.7,5207.544759
1765432800000,3214.7,3214.71,3194.47,3203.01,4363.758138
1765436400000,3203.01,3206.87,3196.16,3201.5,7167.730246
1765440000000,3201.51,3211.58,3178.62,3197.23,10669.23396
1765443600000,3197.22,3213.19,3193.51,3199.03,5516.255971
1765447200000,3199.02,3203.0,3188.52,3196.32,4654.212212
1765450800000,3196.32,3202.4,3193.02,3193.03,1630.887338
1765454400000,3193.03,3207.88,3187.27,3199.12,2998.327028
1765458000000,3199.12,3204.0,3188.61,3191.95,2321.752762
1765461600000,3192.0,3196.24,3145.01,3159.94,18031.658856
1765465200000,3159.92,3209.99,3155.2,3179.11,11264.56469
1765468800000,3179.25,3197.54,3155.42,3175.16,9346.001888
1765472400000,3175.37,3204.43,3168.2,3181.77,4280.721114
1765476000000,3181.42,3234.0,3179.85,3203.56,11494.834105
1765479600000,3203.56,3229.0,3190.0,3194.42,8686.112968
1765483200000,3194.28,3227.11,3192.71,3221.76,8720.453616
1765486800000,3222.0,3273.33,3215.18,3249.42,18559.278601
1765490400000,3249.41,3265.79,3229.72,3238.47,5287.180263
1765494000000,3238.41,3245.52,3223.43,3237.44,4284.083485
1765497600000,3237.45,3247.0,3185.0,3189.19,6107.319182
1765501200000,3189.6,3246.5,3189.6,3234.61,5945.011026
1765504800000,3234.61,3265.66,3227.45,3258.7,4699.711519
1765508400000,3258.7,3264.34,3238.46,3245.77,3301.552576
1765512000000,3245.5,3251.75,3240.3,3247.83,2152.410441
1765515600000,3247.84,3252.0,3232.65,3247.81,2400.60476
1765519200000,3247.81,3265.0,3245.9,3254.29,4250.139039
1765522800000,3254.3,3258.12,3242.8,3246.39,4301.299314
1765526400000,3246.4,3251.32,3234.22,3245.0,3583.073944
1765530000000,3244.92,3255.3,3233.33,3251.6,3380.788087
1765533600000,3251.6,3255.99,3240.55,3244.35,3508.108532
1765537200000,3244.35,3246.2,3227.11,3242.85,2786.407518
1765540800000,3242.85,3249.77,3234.0,3247.8,2671.352383
1765544400000,3247.81,3251.49,3238.45,3242.7,2055.254485
1765548000000,3242.7,3248.17,3216.21,3231.61,5907.177611
1765551600000,3231.6,3232.05,3057.23,3071.22,51281.042882
1765555200000,3071.24,3088.87,3037.58,3069.65,28489.378986
1765558800000,3069.58,3099.84,3061.96,3066.5,14886.125015
1765562400000,3066.51,3097.67,3064.7,3079.72,7398.484675
1765566000000,3079.72,3081.95,3063.11,3073.4,5131.130416
1765569600000,3073.41,3086.14,3067.16,3081.6,5953.330389
1765573200000,3081.61,3090.25,3076.02,3081.08,3879.068418
1765576800000,3080.97,3094.0,3080.13,3093.1,2022.173171
1765580400000,3093.09,3096.0,3082.71,3084.59,3166.13961
1765584000000,3084.59,3095.0,3082.1,3086.3,2038.796718
1765587600000,3086.3,3090.55,3078.19,3084.39,1648.500658
1765591200000,3084.4,3089.34,3082.09,3084.95,2729.772252
1765594800000,3084.96,3095.0,3084.01,3090.1,2323.145684
1765598400000,3090.09,3092.51,3086.4,3089.93,1044.49908
1765602000000,3089.92,3092.0,3084.51,3089.38,4107.990438
1765605600000,3089.38,3095.82,3084.6,3093.95,3144.895063
1765609200000,3093.96,3095.51,3090.0,3094.9,6873.417927
1765612800000,3094.9,3132.77,3092.61,3116.27,6841.051163
1765616400000,3116.27,3122.97,3112.51,3118.19,2768.335532
1765620000000,3118.2,3135.36,3117.77,3127.59,2119.090936
1765623600000,3127.59,3128.79,3115.02,3119.23,2730.062838
1765627200000,3119.24,3127.47,3109.67,3114.76,2943.240392
1765630800000,3114.86,3119.28,3095.0,3109.65,3089.397089
1765634400000,3109.66,3116.01,3096.25,3110.55,4046.547715
1765638000000,3110.56,3124.0,3104.72,3109.73,2650.446966
1765641600000,3109.73,3116.64,3100.8,3105.49,2566.923951
1765645200000,3105.49,3105.6,3096.1,3101.0,3192.334614
1765648800000,3101.01,3110.7,3099.03,3101.73,3244.357354
1765652400000,3101.73,3111.27,3100.51,3108.55,1239.778788
1765656000000,3108.56,3109.9,3102.4,3104.17,613.711191
1765659600000,3104.18,3114.69,3078.31,3111.61,3338.710974
1765663200000,3111.62,3119.69,3102.23,3114.5,1567.153441
1765666800000,3114.51,3117.99,3109.66,3114.27,1306.54285
1765670400000,3114.27,3122.67,3103.65,3119.31,2373.39154
1765674000000,3119.31,3129.51,3115.06,3119.95,1589.494312
1765677600000,3119.96,3125.68,3116.06,3122.75,1141.314264
1765681200000,3122.76,3125.99,3117.25,3118.77,893.475665
1765684800000,3118.84,3122.38,3106.33,3111.25,1599.610299
1765688400000,3111.26,3115.12,3104.22,3111.72,2323.063456
1765692000000,3111.74,3115.27,3105.65,3110.82,545.067893
1765695600000,3110.83,3117.8,3109.0,3115.36,1380.903899
1765699200000,3115.36,3119.7,3109.23,3110.74,1258.230905
1765702800000,3110.74,3113.6,3107.36,3109.2,1694.557965
1765706400000,3109.21,3112.99,3093.35,3107.44,2962.317083
1765710000000,3107.44,3109.79,3050.0,3084.85,10912.505028
1765713600000,3084.85,3108.0,3070.47,3098.6,5195.124515
1765717200000,3098.16,3102.96,3077.41,3101.33,5309.020199
1765720800000,3101.34,3107.69,3074.0,3085.51,6673.225812
1765724400000,3085.52,3087.8,3070.01,3084.56,3457.337075
1765728000000,3084.59,3108.0,3078.0,3097.82,4390.314769
1765731600000,3097.72,3103.68,3074.02,3084.84,3018.757263
1765735200000,3084.75,3104.32,3080.61,3101.58,5350.11811
1765738800000,3101.58,3101.6,3086.01,3093.18,3444.86506
1765742400000,3093.17,3097.0,3064.0,3082.49,8495.673463
1765746000000,3082.49,3091.28,3077.04,3081.75,1930.361475
1765749600000,3081.75,3089.4,3054.26,3074.24,4384.045762
1765753200000,3074.24,3090.95,3025.0,3063.26,13542.257696
1765756800000,3063.25,3084.8,3056.78,3074.74,9087.246825
1765760400000,3074.74,3121.0,3066.67,3108.42,11719.157035
1765764000000,3108.48,3150.98,3107.07,3120.0,11204.296634
1765767600000,3119.99,3125.99,3107.36,3108.48,4696.95305
1765771200000,3108.56,3127.19,3104.38,3124.08,2842.071613
1765774800000,3124.09,3125.0,3115.01,3120.49,3082.855705
1765778400000,3120.49,3145.06,3115.46,3137.33,3569.638514
1765782000000,3137.34,3142.12,3123.0,3128.72,3880.381892
1765785600000,3128.71,3144.62,3125.05,3140.09,2450.27923
1765789200000,3140.1,3161.0,3139.1,3153.5,4941.639822
1765792800000,3153.5,3177.78,3151.01,3159.59,6267.979193
1765796400000,3159.6,3162.74,3145.65,3157.0,2242.19931
1765800000000,3156.99,3159.79,3148.11,3156.0,3101.66717
1765803600000,3156.0,3156.76,3127.0,3132.23,5891.032967
1765807200000,3132.24,3147.0,3032.75,3049.01,20770.930969
1765810800000,3049.0,3061.55,2986.4,3011.11,37737.139493
1765814400000,3011.36,3017.85,2966.56,2988.85,12329.912913
1765818000000,2988.85,2993.67,2932.91,2937.56,14793.147957
1765821600000,2937.19,2943.59,2895.0,2938.12,18797.31452
1765825200000,2938.11,2964.8,2928.23,2940.71,8036.141305
1765828800000,2940.71,2947.11,2917.17,2929.17,8185.021743
1765832400000,2929.12,2949.47,2919.43,2946.7,5395.472224
1765836000000,2946.6,2953.07,2936.21,2952.4,5534.57084
1765839600000,2952.2,2970.0,2950.0,2965.15,8310.161105
1765843200000,2965.14,2978.97,2940.53,2942.59,11139.974919
1765846800000,2942.6,2962.29,2935.58,2947.3,9042.705991
1765850400000,2947.35,2966.84,2939.3,2946.01,7104.222516
1765854000000,2946.01,2951.1,2923.08,2937.35,9783.670554
1765857600000,2937.35,2940.3,2878.18,2918.44,16773.768951
1765861200000,2918.45,2928.67,2912.69,2923.23,8165.286987
1765864800000,2923.24,2952.36,2922.9,2945.96,8427.43331
1765868400000,2945.96,2949.34,2918.77,2924.4,12065.497157
1765872000000,2924.4,2940.65,2920.55,2931.55,6894.213128
1765875600000,2931.55,2936.58,2923.53,2927.21,5382.423473
1765879200000,2927.21,2964.39,2921.51,2948.01,6803.731992
1765882800000,2948.2,2962.93,2938.41,2957.89,4866.21601
1765886400000,2957.93,2964.25,2947.47,2952.05,4076.029072
1765890000000,2952.05,2983.11,2909.17,2909.76,19134.443293
1765893600000,2910.62,2960.78,2886.52,2941.38,18774.690219
1765897200000,2941.74,2975.73,2914.02,2963.24,14046.60326
1765900800000,2963.33,2964.4,2924.86,2938.68,10158.77361
1765904400000,2938.68,2954.9,2917.17,2919.81,6364.950026
1765908000000,2919.47,2967.97,2912.21,2952.21,6641.512136
1765911600000,2952.18,2958.08,2920.84,2945.6,5360.932335
1765915200000,2945.6,2963.74,2943.17,2947.3,3469.040258
1765918800000,2947.3,2958.0,2938.13,2950.9,1868.431533
1765922400000,2950.91,2960.99,2944.31,2954.25,1372.964712
1765926000000,2954.25,2966.14,2948.06,2962.5,2647.153277
1765929600000,2962.5,2962.51,2944.39,2949.65,2660.299717
1765933200000,2949.66,2974.21,2948.64,2953.96,3039.399758
1765936800000,2953.96,2964.67,2938.46,2959.43,2082.084354
1765940400000,2959.44,2962.0,2943.01,2947.69,1878.687173
1765944000000,2947.7,2951.5,2927.07,2932.3,3285.209493
1765947600000,2932.29,2937.89,2914.02,2930.64,8875.086822
1765951200000,2930.63,2944.5,2930.34,2936.59,3405.029641
1765954800000,2936.59,2954.44,2932.11,2947.9,5559.568389
1765958400000,2947.91,2947.91,2922.89,2925.8,3595.080996
1765962000000,2925.82,2933.43,2918.65,2923.51,3833.406882
1765965600000,2923.41,2928.45,2908.4,2920.56,3917.417642
1765969200000,2920.55,2934.51,2917.82,2928.99,2436.822368
1765972800000,2929.0,2936.0,2919.92,2925.72,4354.461201
1765976400000,2925.73,2954.54,2918.68,2944.83,6348.281092
1765980000000,2944.83,2996.57,2886.67,2995.66,26020.363295
1765983600000,2995.66,3031.03,2894.63,2904.87,44587.20008
1765987200000,2904.53,2926.15,2831.99,2864.27,29629.97215
1765990800000,2864.26,2878.59,2842.18,2848.02,10165.728921
1765994400000,2848.05,2862.58,2806.33,2814.0,18330.997291
1765998000000,2814.0,2821.75,2790.64,2820.73,20797.637543
1766001600000,2820.73,2834.7,2806.0,2823.12,15925.058176
1766005200000,2823.31,2831.54,2812.01,2820.28,7757.513383
1766008800000,2820.29,2838.17,2814.0,2835.53,5046.196117
1766012400000,2835.49,2836.63,2818.51,2834.19,4091.753889
1766016000000,2834.19,2838.87,2826.53,2836.67,3298.930962
1766019600000,2836.66,2836.89,2822.0,2828.0,3550.24096
1766023200000,2828.01,2848.38,2822.63,2837.7,3922.168869
1766026800000,2837.7,2838.67,2822.33,2832.41,3147.885175
1766030400000,2832.41,2842.12,2832.15,2838.64,2527.172509
1766034000000,2838.64,2838.65,2823.3,2825.99,7432.448014
1766037600000,2826.0,2833.66,2824.01,2831.7,2642.214224
1766041200000,2831.71,2839.92,2829.01,2836.6,3750.746116
1766044800000,2836.8,2852.73,2832.05,2842.04,7066.86272
1766048400000,2842.04,2857.91,2835.16,2853.11,5292.568913
1766052000000,2853.1,2864.76,2850.11,2859.59,2392.228882
1766055600000,2859.59,2859.85,2850.15,2858.76,2319.758842
1766059200000,2858.9,2874.99,2854.45,2871.4,3490.04936
1766062800000,2871.41,2979.74,2871.01,2964.04,34067.281469
1766066400000,2964.05,2992.0,2923.62,2950.44,26536.607925
1766070000000,2950.7,2997.65,2933.12,2965.37,16852.216267
1766073600000,2965.36,2967.9,2929.21,2944.01,9874.719191
1766077200000,2944.02,2944.9,2797.0,2845.87,42681.062205
1766080800000,2845.86,2867.9,2818.91,2827.75,10963.790302
1766084400000,2827.75,2833.42,2775.01,2782.2,15648.252673
1766088000000,2782.15,2814.27,2780.02,2781.26,8937.3184
1766091600000,2781.26,2831.9,2780.88,2829.94,10687.524454
1766095200000,2830.0,2838.15,2816.37,2829.64,4812.45503
1766098800000,2829.41,2834.13,2823.66,2828.45,3241.279783
1766102400000,2828.46,2841.17,2814.6,2831.33,5730.830812
1766106000000,2830.81,2833.6,2808.79,2821.1,4316.567578
1766109600000,2821.05,2840.89,2812.53,2835.95,7435.491222
1766113200000,2835.95,2936.42,2835.0,2908.82,31512.215275
1766116800000,2909.0,2933.74,2907.01,2921.29,10357.274997
1766120400000,2921.3,2928.97,2909.1,2922.93,6443.158013
1766124000000,2922.58,2949.87,2915.74,2947.64,6015.601093
1766127600000,2947.64,2984.6,2945.92,2951.69,22504.62921
1766131200000,2951.69,2964.39,2938.01,2951.04,7076.191425
1766134800000,2951.0,2960.44,2946.2,2954.93,3904.194725
1766138400000,2954.93,2964.72,2948.76,2954.4,4119.813247
1766142000000,2954.4,2971.0,2950.28,2965.01,4290.261332
1766145600000,2965.04,2968.07,2946.22,2956.24,5619.105992
1766149200000,2956.24,2967.99,2953.77,2961.47,3601.40146
1766152800000,2961.49,2994.4,2942.86,2976.78,18619.585503
1766156400000,2976.77,3018.79,2954.46,2964.55,24367.389712
1766160000000,2964.72,3007.76,2960.28,2967.12,11547.136995
1766163600000,2967.12,2993.6,2935.3,2939.83,13309.540144
1766167200000,2939.82,2978.52,2937.6,2966.55,7826.811665
1766170800000,2966.56,2996.93,2966.56,2985.43,5100.203834
1766174400000,2985.29,3003.24,2976.91,2995.49,4486.926701
1766178000000,2995.49,2995.7,2974.91,2977.95,1568.33721
1766181600000,2977.86,2993.0,2977.43,2988.4,1540.604054
1766185200000,2987.94,2988.75,2978.11,2979.85,1599.416398
1766188800000,2979.85,2980.98,2971.01,2974.66,2519.534128
1766192400000,2974.66,2983.09,2973.45,2976.89,1134.659946
1766196000000,2976.9,2990.38,2974.45,2983.38,7265.003762
1766199600000,2983.39,2994.4,2982.76,2989.75,1735.72178
1766203200000,2989.75,2991.34,2976.0,2984.56,3709.006244
1766206800000,2984.57,2990.0,2980.65,2981.17,1724.530906
1766210400000,2981.17,2985.58,2980.01,2980.89,915.754892
1766214000000,2980.9,2984.79,2975.2,2981.55,3395.704519
1766217600000,2981.56,2990.0,2981.56,2983.16,1944.34887
1766221200000,2983.15,2987.0,2982.35,2983.44,1167.353211
1766224800000,2983.45,2983.46,2975.21,2979.3,1438.136794
1766228400000,2979.31,2990.16,2976.51,2987.42,2467.48142
1766232000000,2987.42,2993.74,2986.53,2989.24,1514.991568
1766235600000,2989.25,2991.98,2967.2,2980.19,6932.218396
1766239200000,2980.2,2981.0,2969.5,2980.14,1443.615184
1766242800000,2980.15,2980.35,2968.34,2977.22,1852.967815
1766246400000,2977.23,2979.9,2973.21,2978.86,896.646156
1766250000000,2978.86,2981.49,2974.49,2978.04,762.687036
1766253600000,2978.05,2980.73,2974.8,2978.25,853.7885
1766257200000,2978.25,2981.26,2974.76,2978.25,488.385386
1766260800000,2978.26,2985.84,2977.6,2984.67,961.285618
1766264400000,2984.67,2986.12,2979.0,2979.1,721.360167
1766268000000,2979.09,2980.8,2974.71,2977.6,1117.5814
1766271600000,2977.6,2979.47,2973.01,2978.1,2780.721489
1766275200000,2978.15,2983.29,2976.31,2980.26,2053.041836
1766278800000,2980.22,2980.22,2962.65,2968.09,2855.776887
1766282400000,2968.1,2975.49,2961.69,2966.14,3110.396903
1766286000000,2966.15,2976.32,2965.47,2973.1,2596.983818
1766289600000,2973.09,2978.94,2972.05,2975.32,741.362024
1766293200000,2975.32,2978.96,2973.31,2973.71,665.98745
1766296800000,2973.72,2978.19,2973.2,2976.39,459.765801
1766300400000,2976.4,2982.75,2975.65,2981.49,804.388093
1766304000000,2981.49,2999.62,2977.7,2992.32,3189.33688
1766307600000,2992.13,3013.7,2984.96,3003.54,5925.804956
1766311200000,3003.54,3008.65,2992.77,2996.79,3668.228287
1766314800000,2996.8,3001.39,2993.06,2996.7,1628.073342
1766318400000,2996.69,3005.72,2982.77,2990.4,2499.451009
1766322000000,2990.4,2992.4,2944.03,2950.41,14298.250717
1766325600000,2950.36,2977.6,2947.0,2971.04,7326.230204
1766329200000,2971.05,2980.23,2962.5,2974.66,3880.00112
1766332800000,2974.67,2987.69,2969.15,2986.13,4814.462204
1766336400000,2986.13,2988.67,2977.2,2983.9,2400.579746
1766340000000,2983.9,2988.54,2967.59,2988.54,2317.494609
1766343600000,2988.56,2997.98,2978.66,2991.39,3482.323353
1766347200000,2991.39,2994.39,2985.33,2987.11,1417.582121
1766350800000,2987.11,2991.0,2971.04,2973.9,1011.011287
1766354400000,2973.91,2996.59,2971.75,2996.59,1751.073071
1766358000000,2996.59,3012.5,2992.41,3002.07,4965.820818
1766361600000,3002.07,3061.21,3002.07,3022.69,15952.279136
1766365200000,3022.65,3047.84,3018.2,3018.7,5582.171826
1766368800000,3018.9,3019.95,2973.06,3010.2,9949.21315
1766372400000,3010.2,3032.82,3002.03,3021.69,3386.281349
1766376000000,3021.82,3042.76,3020.0,3040.36,4094.102571
1766379600000,3040.3,3041.6,3025.16,3028.4,3629.914502
1766383200000,3028.29,3033.83,3022.71,3024.73,2159.862142
1766386800000,3024.64,3035.9,3023.5,3030.2,2557.504982
1766390400000,3030.2,3056.0,3025.38,3027.9,7402.725573
1766394000000,3027.9,3042.79,3026.01,3041.54,2991.98571
1766397600000,3041.55,3045.45,3032.3,3040.82,2635.075171
1766401200000,3040.82,3058.92,3036.9,3049.15,5254.063923
1766404800000,3049.15,3077.98,3043.93,3058.67,5580.165265
1766408400000,3058.67,3064.99,3048.04,3056.75,4697.340411
1766412000000,3056.95,3074.62,3030.0,3061.75,10223.928597
1766415600000,3062.04,3072.9,3021.73,3052.49,10111.841068
1766419200000,3052.81,3059.58,3038.59,3043.4,3354.173323
1766422800000,3043.35,3044.6,3023.66,3032.89,3171.716308
1766426400000,3032.88,3040.99,3008.22,3016.0,4763.687122
1766430000000,3016.0,3016.0,2974.62,2981.01,8007.5379
1766433600000,2981.01,2986.98,2963.2,2976.31,7535.141073
1766437200000,2976.42,2998.6,2976.31,2988.83,5376.545436
1766440800000,2988.83,3015.99,2982.48,3012.59,6637.581925
1766444400000,3012.39,3013.33,3001.94,3009.98,4567.698947
1766448000000,3009.97,3036.1,3005.75,3028.39,6115.956771
1766451600000,3028.4,3033.24,3017.01,3018.76,4496.157315
1766455200000,3018.71,3025.55,2988.05,2991.1,8302.759767
1766458800000,2991.25,2998.99,2972.34,2992.05,7084.167125
1766462400000,2992.01,3000.39,2984.0,2984.38,4461.933293
1766466000000,2984.39,2986.4,2966.43,2975.75,8743.019025
1766469600000,2975.75,2978.94,2946.85,2960.41,13906.519539
1766473200000,2960.41,2970.0,2956.21,2965.26,8185.555692
1766476800000,2965.25,2973.62,2960.14,2962.35,2925.024613
1766480400000,2962.35,2966.99,2952.9,2964.11,3413.426094
1766484000000,2964.11,2972.0,2962.7,2967.35,1811.298452
1766487600000,2967.35,2975.62,2963.54,2973.61,2407.886609
1766491200000,2973.65,2974.79,2955.0,2955.51,3222.042491
1766494800000,2955.51,2963.49,2930.44,2941.91,11866.43221
1766498400000,2942.03,2953.55,2897.6,2916.95,17562.006256
1766502000000,2916.91,2933.99,2906.39,2928.45,12097.249471
1766505600000,2928.46,2965.6,2922.41,2956.76,18017.271813
1766509200000,2956.75,2966.35,2909.24,2911.14,9051.563592
1766512800000,2910.9,2952.35,2908.81,2947.29,9462.948297
1766516400000,2947.3,2954.49,2930.85,2943.56,5859.904405
1766520000000,2943.94,2988.14,2940.0,2969.35,5704.749182
1766523600000,2969.58,2976.02,2960.1,2974.32,2456.337945
1766527200000,2974.32,2980.35,2950.0,2961.09,5198.894506
1766530800000,2961.1,2973.0,2952.0,2964.57,4668.85538
1766534400000,2964.9,2974.01,2956.36,2973.03,3342.969049
1766538000000,2973.34,2978.0,2960.8,2963.78,2033.830429
1766541600000,2963.79,2965.28,2923.94,2935.54,7546.089194
1766545200000,2935.55,2948.27,2921.21,2945.86,5641.768674
1766548800000,2945.87,2959.04,2935.0,2935.74,3428.216132
1766552400000,2935.75,2941.59,2918.21,2929.33,5524.351052
1766556000000,2929.33,2939.0,2923.5,2933.67,2243.939806
1766559600000,2933.68,2943.99,2931.98,2932.72,3905.720885
1766563200000,2932.71,2940.13,2921.6,2923.09,4500.566988
1766566800000,2923.24,2932.12,2914.77,2919.47,2860.736428
1766570400000,2919.41,2935.0,2918.66,2927.85,2417.313944
1766574000000,2927.85,2937.89,2925.36,2925.45,2481.658383
1766577600000,2925.46,2938.89,2923.55,2936.61,5282.733536
1766581200000,2936.6,2937.25,2924.81,2931.02,2983.390548
1766584800000,2931.1,2936.31,2888.88,2914.85,14114.776708
1766588400000,2914.85,2930.48,2903.01,2925.6,4633.989456
1766592000000,2925.56,2948.8,2921.38,2940.52,9429.04317
1766595600000,2940.56,2954.41,2935.0,2937.1,3040.434284
1766599200000,2937.1,2945.18,2930.46,2941.71,1507.928495
1766602800000,2941.62,2947.32,2937.01,2945.99,1235.316582
1766606400000,2945.99,2952.47,2941.77,2943.2,1502.673534
1766610000000,2943.2,2954.0,2943.2,2950.9,1694.336731
1766613600000,2950.91,2963.44,2949.29,2959.99,2900.20056
1766617200000,2960.0,2960.4,2946.41,2947.48,1470.474587
1766620800000,2947.48,2949.1,2936.8,2939.5,1587.487244
1766624400000,2939.5,2951.41,2939.49,2948.65,1035.967058
1766628000000,2948.66,2956.99,2943.01,2952.5,1316.166128
1766631600000,2952.51,2953.1,2943.65,2947.25,1708.38065
1766635200000,2947.26,2948.53,2942.32,2945.05,1229.177083
1766638800000,2944.91,2944.91,2938.36,2942.4,1827.765167
1766642400000,2942.41,2943.85,2938.3,2943.41,1050.914326
1766646000000,2943.41,2943.84,2939.4,2942.25,1529.991446
1766649600000,2942.25,2947.23,2917.79,2930.71,6307.623416
1766653200000,2930.71,2931.49,2926.01,2928.46,1277.977204
1766656800000,2928.47,2929.25,2912.12,2920.6,3629.055363
1766660400000,2920.74,2928.89,2920.21,2924.95,1241.282005
1766664000000,2924.95,2930.0,2923.91,2928.15,987.234685
1766667600000,2928.16,2935.19,2920.11,2931.36,3032.834407
1766671200000,2931.36,2939.31,2923.16,2933.16,2565.21478
1766674800000,2933.17,2971.34,2932.0,2960.99,9978.187821
1766678400000,2960.99,2967.44,2943.54,2948.21,5018.876186
1766682000000,2948.17,2954.37,2943.52,2952.58,2387.616574
1766685600000,2952.58,2965.76,2951.05,2959.21,2676.207018
1766689200000,2959.22,2959.62,2949.66,2956.28,1069.928471
1766692800000,2956.28,2956.7,2944.31,2950.15,1064.27022
1766696400000,2950.16,2953.44,2944.78,2946.93,1208.540772
1766700000000,2946.94,2948.43,2906.92,2921.69,6155.863883
1766703600000,2921.91,2927.0,2891.2,2904.01,7778.370405
1766707200000,2904.01,2911.75,2894.75,2904.39,4503.980847
1766710800000,2904.4,2923.75,2902.8,2918.3,2730.133255
1766714400000,2918.3,2994.44,2918.01,2973.39,21997.57515
1766718000000,2973.43,2976.59,2957.46,2964.87,6961.326507
1766721600000,2964.87,2975.53,2952.24,2971.66,3122.188209
1766725200000,2971.66,2974.79,2967.25,2973.05,2445.058741
1766728800000,2973.37,2982.43,2971.9,2976.54,3209.139627
1766732400000,2976.55,2993.5,2952.97,2956.84,8684.110318
1766736000000,2956.85,2972.09,2954.7,2964.73,3871.48124
1766739600000,2964.64,2976.06,2963.23,2972.99,2345.060886
1766743200000,2972.81,2974.47,2966.79,2971.66,1544.420929
1766746800000,2971.66,2971.66,2961.6,2964.64,2227.16724
1766750400000,2964.74,2973.82,2964.25,2972.49,2832.890143
1766754000000,2972.49,2986.8,2971.03,2984.38,4295.401004
1766757600000,2984.38,2985.15,2910.51,2917.48,23275.445264
1766761200000,2917.63,2929.43,2895.0,2923.39,15269.614038
1766764800000,2923.4,2930.47,2907.21,2909.95,4614.810364
1766768400000,2909.96,2935.64,2907.91,2922.59,4336.023891
1766772000000,2922.56,2928.93,2920.0,2923.34,1429.099179
1766775600000,2923.33,2930.56,2918.61,2925.95,1219.010417
1766779200000,2925.95,2938.81,2922.41,2931.73,1765.638676
1766782800000,2931.45,2935.34,2924.61,2924.8,1175.436854
1766786400000,2924.81,2931.6,2922.01,2931.44,1104.995615
1766790000000,2931.45,2934.29,2926.0,2928.09,2108.463144
1766793600000,2928.1,2931.58,2923.45,2927.51,1813.808463
1766797200000,2927.52,2929.0,2921.54,2927.76,1046.823662
1766800800000,2927.76,2931.0,2924.01,2928.14,1368.752501
1766804400000,2928.15,2933.68,2925.55,2933.39,1082.03988
1766808000000,2933.39,2934.0,2928.07,2930.45,599.03522
1766811600000,2930.45,2931.5,2928.46,2931.0,622.71286
1766815200000,2931.0,2931.0,2927.77,2929.8,1043.377815
1766818800000,2929.8,2938.0,2929.79,2933.06,2733.11358
1766822400000,2933.05,2937.06,2933.05,2933.99,1041.728728
1766826000000,2934.0,2940.36,2932.0,2935.09,1444.318246
1766829600000,2935.09,2935.09,2918.02,2926.87,2969.269541
1766833200000,2926.86,2933.84,2923.2,2931.01,1305.757191
1766836800000,2931.01,2933.84,2929.11,2931.94,813.556236
1766840400000,2931.95,2933.12,2925.34,2929.85,1182.467746
1766844000000,2929.85,2931.24,2926.2,2929.66,1600.455279
1766847600000,2929.67,2931.0,2926.51,2927.09,1107.05208
1766851200000,2927.1,2928.9,2917.6,2920.81,2058.196513
1766854800000,2920.81,2929.0,2920.0,2928.37,1173.357439
1766858400000,2928.36,2928.4,2925.2,2926.55,456.7218
1766862000000,2926.55,2930.95,2926.11,2930.78,534.179381
1766865600000,2930.79,2935.0,2929.11,2929.24,586.223174
1766869200000,2929.25,2934.99,2928.49,2934.99,547.934215
1766872800000,2934.99,2953.67,2930.01,2933.1,3888.270008
1766876400000,2933.11,2961.15,2933.0,2948.65,4241.408916
1766880000000,2948.79,2951.76,2943.33,2945.49,1424.820115
1766883600000,2945.5,2950.15,2941.19,2943.99,1004.089699
1766887200000,2944.0,2949.88,2942.75,2947.14,847.536329
1766890800000,2947.15,2948.32,2941.6,2943.35,591.714843
1766894400000,2943.36,2946.99,2938.47,2938.67,1504.850555
1766898000000,2938.67,2941.14,2929.69,2935.05,3314.420111
1766901600000,2935.06,2943.92,2934.52,2942.8,1723.301304
1766905200000,2942.8,2942.93,2937.0,2939.29,1157.627234
1766908800000,2939.29,2947.77,2938.39,2939.8,1295.416922
1766912400000,2939.81,2944.29,2931.62,2937.89,1789.821653
1766916000000,2937.89,2944.82,2937.05,2943.26,1078.048065
1766919600000,2943.26,2947.0,2939.99,2944.19,2566.642344
1766923200000,2944.19,2945.3,2937.55,2939.19,1088.548274
1766926800000,2939.2,2944.99,2938.83,2940.35,1286.409544
1766930400000,2940.4,2955.4,2940.05,2945.48,3521.251069
1766934000000,2945.48,2960.68,2945.01,2949.25,2531.700551
1766937600000,2949.25,2954.78,2940.05,2943.13,1528.754941
1766941200000,2943.12,2951.34,2942.7,2945.95,829.856979
1766944800000,2945.96,2946.55,2925.0,2931.49,3871.514432
1766948400000,2931.49,2940.55,2926.69,2933.65,2942.189121
1766952000000,2933.56,2937.82,2930.18,2932.55,1637.106186
1766955600000,2932.5,2939.34,2928.92,2938.3,1797.743643
1766959200000,2938.61,2955.96,2935.21,2950.28,1769.640383
1766962800000,2950.28,2954.4,2940.55,2950.95,2758.873088
1766966400000,2951.05,2977.23,2944.38,2966.7,5663.859515
1766970000000,2966.69,2986.69,2952.85,2981.0,6000.081752
1766973600000,2981.0,3018.92,2981.0,3003.54,14653.251067
1766977200000,3003.55,3049.0,3002.8,3043.7,12828.426186
1766980800000,3043.7,3057.16,3039.65,3039.7,8133.896661
1766984400000,3039.71,3044.8,3032.17,3037.15,5907.609758
1766988000000,3037.15,3044.31,3031.75,3036.23,6439.535147
1766991600000,3036.24,3038.45,3009.16,3019.44,11567.513103
1766995200000,3019.44,3026.65,3010.64,3014.34,4171.858525
1766998800000,3014.12,3015.7,2957.02,2976.96,14188.563374
1767002400000,2976.84,2984.37,2962.0,2966.59,6178.390062
1767006000000,2966.59,2967.92,2958.77,2960.3,5133.344689
1767009600000,2960.28,2960.3,2910.74,2931.15,18323.114159
1767013200000,2931.16,2938.2,2918.86,2927.35,7292.293059
1767016800000,2927.34,2965.8,2917.11,2928.74,12086.123362
1767020400000,2928.65,2950.86,2920.0,2935.68,10785.861623
1767024000000,2935.68,2942.86,2925.0,2936.46,3796.138054
1767027600000,2936.46,2943.65,2926.5,2943.63,2563.991926
1767031200000,2943.5,2946.14,2913.59,2919.3,5461.586037
1767034800000,2919.33,2941.86,2917.85,2932.55,4939.713244
1767038400000,2932.55,2943.16,2926.05,2930.06,16102.720631
1767042000000,2930.06,2939.5,2929.02,2937.87,8420.181997
1767045600000,2937.86,2944.71,2930.85,2938.21,7370.80867
1767049200000,2938.21,2945.0,2932.89,2938.31,4474.344517
1767052800000,2938.31,2942.64,2932.0,2938.19,4246.353254
1767056400000,2938.2,2940.24,2925.21,2936.91,2243.29273
1767060000000,2936.91,2939.88,2923.11,2928.2,2810.486015
1767063600000,2928.25,2955.6,2919.39,2951.59,7136.092558
1767067200000,2951.59,2958.6,2946.0,2946.0,3698.625565
1767070800000,2946.01,2948.0,2937.24,2941.47,2940.989435
1767074400000,2941.47,2952.42,2940.45,2945.74,2457.013726
1767078000000,2945.74,2955.98,2945.15,2951.15,4555.284094
1767081600000,2951.15,3003.05,2950.14,2977.4,13977.768325
1767085200000,2977.6,2988.0,2970.99,2985.36,4697.303892
1767088800000,2985.35,2988.43,2973.33,2977.05,2965.621236
1767092400000,2977.2,2984.42,2972.81,2978.72,2904.980338
1767096000000,2978.72,2986.44,2976.87,2980.95,2588.5255
1767099600000,2980.94,2991.94,2979.15,2986.5,4531.241617
1767103200000,2986.51,3009.92,2958.75,2996.74,15109.098802
1767106800000,2996.46,3002.97,2970.0,2989.44,8848.03295
1767110400000,2989.35,2994.76,2975.0,2982.7,4327.613064
1767114000000,2982.7,2986.65,2965.85,2977.0,3956.654848
1767117600000,2977.0,2978.99,2960.02,2971.86,3402.068342
1767121200000,2971.86,2974.8,2944.44,2971.0,6432.30419
1767124800000,2971.16,2973.9,2956.52,2958.79,2446.770861
1767128400000,2959.0,2969.49,2954.07,2968.73,1988.802039
1767132000000,2968.99,2971.94,2965.06,2969.62,1311.227461
1767135600000,2969.78,2975.96,2967.57,2973.74,1424.216084
1767139200000,2973.74,2973.75,2963.0,2966.4,1915.704439
1767142800000,2966.41,2985.19,2962.3,2980.01,3105.269293
1767146400000,2980.01,2983.6,2974.37,2981.45,1400.156553
1767150000000,2981.46,2984.0,2965.64,2970.83,2211.967576
1767153600000,2970.84,2975.78,2968.62,2969.0,1884.021299
1767157200000,2969.01,2980.08,2969.01,2975.22,3103.818338
1767160800000,2975.21,2978.85,2974.73,2975.6,1015.725879
1767164400000,2975.6,2977.57,2970.28,2977.0,1227.097327
1767168000000,2977.0,2980.23,2963.86,2969.56,2220.442401
1767171600000,2969.55,2978.11,2969.46,2976.91,1453.509982
1767175200000,2976.92,2982.88,2975.55,2981.15,2146.682795
1767178800000,2981.16,3003.44,2980.1,3001.85,7363.504432
1767182400000,3001.85,3003.25,2984.16,2987.39,4879.811923
1767186000000,2987.39,3000.3,2986.43,2996.81,2283.179755
1767189600000,2996.81,3028.57,2981.26,2994.0,10662.444008
1767193200000,2993.62,2994.34,2966.93,2985.8,7632.210967
1767196800000,2985.79,2997.97,2957.91,2976.35,8886.317229
1767200400000,2976.36,2980.82,2968.06,2975.84,2351.953594
1767204000000,2975.85,2986.0,2971.39,2974.22,2324.496261
1767207600000,2974.23,2981.49,2970.23,2971.26,1219.233151
1767211200000,2971.31,2979.98,2963.61,2975.94,3782.996273
1767214800000,2976.0,2984.92,2974.68,2982.29,1952.207687
1767218400000,2982.3,2984.35,2974.63,2977.24,1201.683325
1767222000000,2977.24,2977.25,2970.22,2971.6,1994.688971
1767225600000,2971.63,2983.0,2971.36,2979.86,1514.408434
1767229200000,2979.86,2989.07,2979.32,2984.23,2059.719831
1767232800000,2984.24,2988.0,2981.13,2982.73,765.619338
1767236400000,2982.74,2986.22,2979.87,2980.44,646.260284
1767240000000,2980.54,2981.32,2973.55,2975.96,3058.022548
1767243600000,2975.96,2983.97,2975.96,2982.15,1202.932813
1767247200000,2982.16,2982.16,2976.62,2976.63,1598.626976
1767250800000,2976.63,2981.64,2976.62,2978.56,1813.328238
1767254400000,2978.56,2983.4,2978.2,2982.6,1409.965965
1767258000000,2982.61,2987.69,2982.24,2984.09,1675.35519
1767261600000,2984.09,2985.9,2982.0,2985.0,827.193134
1767265200000,2985.0,2993.4,2985.0,2989.61,1347.297186
1767268800000,2989.61,2990.5,2983.25,2987.6,926.289794
1767272400000,2987.6,2989.82,2982.2,2983.14,1274.931781
1767276000000,2983.01,2986.61,2977.85,2985.32,1674.339791
1767279600000,2985.32,2995.42,2980.8,2989.81,2480.576823
1767283200000,2989.82,2991.0,2980.46,2982.38,3032.500923
1767286800000,2982.71,3006.0,2981.21,2990.87,4942.154004
1767290400000,2990.88,2992.93,2985.24,2990.31,1182.331529
1767294000000,2990.32,2997.99,2987.42,2995.4,739.398755
1767297600000,2995.4,2997.0,2987.54,2988.91,977.689636
1767301200000,2989.1,2993.34,2987.5,2989.82,375.456357
1767304800000,2989.82,3000.34,2987.6,2999.07,1277.033747
1767308400000,2999.1,3009.73,2992.0,3004.21,3110.995272
1767312000000,3004.22,3008.17,2995.36,3006.0,2029.253853
1767315600000,3006.0,3008.0,2998.2,3002.86,1348.861112
1767319200000,3002.87,3003.68,2992.4,3002.12,1717.174756
1767322800000,3002.13,3035.39,3000.0,3022.6,8795.373699
1767326400000,3022.59,3024.95,3010.5,3011.76,2982.365334
1767330000000,3011.76,3018.63,3009.0,3016.7,1792.694813
1767333600000,3016.51,3039.11,3014.55,3026.7,3175.40705
1767337200000,3026.7,3032.29,3016.62,3018.11,4572.393101
1767340800000,3018.11,3033.89,3016.0,3032.08,2778.346473
1767344400000,3032.08,3054.6,3030.01,3047.95,7930.973841
1767348000000,3048.1,3069.0,3045.61,3056.96,10964.043092
1767351600000,3056.95,3057.4,3040.01,3047.55,4485.802527
1767355200000,3047.54,3057.74,3043.05,3048.5,2285.778581
1767358800000,3048.51,3058.0,3046.16,3049.91,2724.453762
1767362400000,3049.87,3109.54,3020.35,3082.42,27732.170247
1767366000000,3082.42,3097.35,3055.05,3086.34,11733.079471
1767369600000,3086.29,3146.2,3078.84,3132.27,18074.350805
1767373200000,3132.25,3150.0,3110.8,3122.99,14338.52793
1767376800000,3122.99,3132.15,3097.13,3110.75,5624.003589
1767380400000,3110.73,3127.99,3107.81,3123.5,2921.395335
1767384000000,3123.88,3129.69,3111.26,3117.82,2169.17546
1767387600000,3117.7,3133.97,3116.31,3130.84,1395.258066
1767391200000,3130.76,3146.3,3128.01,3133.76,2698.709754
1767394800000,3133.75,3135.62,3120.43,3125.44,1742.953633
1767398400000,3125.44,3136.56,3122.09,3131.01,1596.520991
1767402000000,3131.02,3132.0,3123.56,3130.85,1397.299836
1767405600000,3130.86,3130.87,3120.0,3125.97,1771.255444
1767409200000,3125.98,3127.63,3119.08,3125.46,2132.515394
1767412800000,3125.5,3127.93,3114.34,3116.38,3011.625355
1767416400000,3116.38,3118.8,3104.54,3112.01,2960.806745
1767420000000,3112.01,3117.56,3098.21,3098.21,3082.155632
1767423600000,3098.2,3105.25,3075.82,3090.62,10717.994955
1767427200000,3090.62,3106.14,3084.23,3095.84,3200.433972
1767430800000,3095.94,3110.78,3092.35,3100.93,3123.851144
1767434400000,3100.94,3105.97,3097.0,3097.41,1639.205552
1767438000000,3097.42,3100.3,3092.01,3098.47,1584.09333
1767441600000,3098.55,3105.83,3093.6,3104.81,2727.956047
1767445200000,3105.02,3108.0,3101.0,3103.11,1453.205192
1767448800000,3103.1,3114.52,3101.45,3106.3,2156.117081
1767452400000,3106.31,3107.59,3100.21,3101.54,1855.903645
1767456000000,3101.22,3112.3,3098.36,3107.09,2173.6954
1767459600000,3107.09,3110.5,3105.82,3108.89,594.999451
1767463200000,3108.9,3118.63,3105.14,3116.45,1046.751872
1767466800000,3116.46,3116.46,3110.34,3113.26,492.587547
1767470400000,3113.26,3116.98,3107.42,3115.53,573.817518
1767474000000,3115.54,3129.3,3113.08,3120.91,1705.562733
1767477600000,3120.99,3125.99,3113.45,3122.7,1212.318794
1767481200000,3122.7,3131.0,3121.0,3126.89,2611.285347
1767484800000,3126.9,3170.52,3125.93,3157.8,10844.287256
1767488400000,3157.8,3162.3,3141.58,3150.13,2546.085243
1767492000000,3150.13,3151.2,3137.61,3140.84,2241.913741
1767495600000,3140.85,3150.65,3140.14,3147.38,1870.938358
1767499200000,3147.38,3155.99,3144.65,3148.25,1527.061722
1767502800000,3148.25,3152.2,3145.0,3150.95,1520.2793
1767506400000,3150.94,3163.61,3139.31,3139.8,3858.7699
1767510000000,3139.8,3147.04,3134.29,3140.94,4370.046689
1767513600000,3140.95,3141.79,3125.27,3138.63,3647.35083
1767517200000,3138.62,3148.97,3135.0,3143.91,2750.641428
1767520800000,3143.92,3148.49,3142.73,3146.34,1091.721665
1767524400000,3146.34,3146.35,3135.0,3139.81,1424.108094
1767528000000,3139.81,3147.39,3133.82,3136.93,1914.753625
1767531600000,3136.86,3141.73,3131.88,3140.72,1671.905433
1767535200000,3140.72,3143.39,3132.4,3137.29,1956.809432
1767538800000,3137.29,3139.98,3118.2,3135.59,3751.287088
1767542400000,3135.59,3140.48,3131.2,3139.41,1762.651363
1767546000000,3139.42,3144.18,3135.98,3137.49,929.813074
1767549600000,3137.8,3138.15,3123.01,3135.17,2275.015664
1767553200000,3135.18,3135.57,3119.04,3133.0,2799.581696
1767556800000,3133.0,3142.89,3131.02,3142.09,1047.511675
1767560400000,3142.1,3155.54,3137.61,3145.01,2899.22372
1767564000000,3145.05,3150.39,3136.62,3139.43,1209.771128
1767567600000,3139.43,3153.68,3134.78,3144.78,2054.376704
1767571200000,3144.71,3178.0,3143.7,3168.5,7642.839258
1767574800000,3168.51,3222.0,3164.0,3197.99,18220.219453
1767578400000,3198.05,3204.79,3183.6,3193.13,5312.541068
1767582000000,3193.37,3197.86,3184.93,3186.23,2634.259007
1767585600000,3186.23,3188.57,3158.0,3167.14,7458.623123
1767589200000,3167.29,3169.97,3148.02,3149.89,4950.514792
1767592800000,3149.9,3159.25,3135.77,3157.76,5424.490719
1767596400000,3157.76,3163.25,3155.39,3157.49,3049.506359
1767600000000,3157.48,3172.68,3155.9,3163.71,2553.48136
1767603600000,3163.56,3175.63,3153.56,3168.21,3465.596172
1767607200000,3168.21,3179.1,3162.59,3173.19,3040.782228
1767610800000,3173.19,3184.28,3168.4,3180.26,2109.322649
1767614400000,3180.26,3183.66,3166.31,3170.74,2455.632311
1767618000000,3170.75,3175.56,3143.18,3154.46,5766.118889
1767621600000,3154.46,3177.79,3135.23,3166.55,13569.235989
1767625200000,3166.62,3205.7,3152.29,3195.76,13295.428976
1767628800000,3195.71,3202.48,3172.57,3183.86,5829.235956
1767632400000,3183.86,3229.6,3159.33,3213.25,11183.681527
1767636000000,3213.49,3228.73,3185.67,3227.98,6983.825233
1767639600000,3228.02,3228.72,3214.95,3223.15,4186.825786
1767643200000,3223.1,3265.88,3220.08,3241.82,10665.102526
1767646800000,3242.0,3248.48,3231.67,3238.16,2825.977392
1767650400000,3238.1,3249.56,3230.15,3240.06,2008.45035
1767654000000,3240.22,3241.42,3225.0,3225.0,2448.673609
1767657600000,3225.01,3230.99,3203.41,3216.16,3267.666847
1767661200000,3216.0,3247.42,3215.65,3218.3,4488.770605
1767664800000,3218.4,3224.4,3209.21,3217.09,1981.810114
1767668400000,3217.1,3233.6,3214.05,3225.08,1794.140831
1767672000000,3225.14,3233.84,3223.07,3223.07,1218.373822
1767675600000,3223.04,3229.25,3217.01,3218.49,2110.44753
1767679200000,3218.5,3254.89,3218.0,3241.0,6483.679107
1767682800000,3241.01,3242.45,3211.49,3219.54,6800.586091
1767686400000,3219.54,3228.77,3214.34,3220.21,5046.438869
1767690000000,3220.18,3229.6,3218.0,3223.4,3356.164731
1767693600000,3223.41,3232.0,3221.73,3229.21,2226.330874
1767697200000,3229.21,3243.2,3227.48,3237.9,2958.596628
1767700800000,3237.91,3245.65,3236.09,3238.63,1705.692645
1767704400000,3238.63,3239.36,3229.61,3238.16,1903.641938
1767708000000,3238.16,3309.05,3238.15,3277.96,24481.329444
1767711600000,3277.91,3302.3,3261.53,3272.21,12892.021641
1767715200000,3272.2,3279.39,3234.48,3252.0,10543.449859
1767718800000,3251.99,3259.73,3190.55,3196.61,12617.729114
1767722400000,3196.6,3233.25,3181.96,3219.31,7095.146503
1767726000000,3219.6,3230.34,3213.44,3223.59,2039.44995
1767729600000,3223.59,3250.8,3223.51,3241.96,2480.397171
1767733200000,3241.96,3300.73,3238.63,3275.96,8215.758258
1767736800000,3275.86,3290.7,3265.01,3277.48,2965.310031
1767740400000,3277.55,3302.28,3276.26,3296.81,3959.16226
1767744000000,3296.85,3297.02,3255.6,3258.0,4609.545164
1767747600000,3257.83,3272.42,3239.24,3245.52,4093.72999
1767751200000,3245.43,3274.1,3240.0,3270.2,2972.330302
1767754800000,3270.19,3282.21,3265.2,3266.6,2619.35817
1767758400000,3266.6,3271.7,3253.89,3256.28,2021.842456
1767762000000,3256.28,3262.6,3246.7,3248.61,2827.210467
1767765600000,3248.62,3260.0,3248.0,3251.25,1313.608893
1767769200000,3251.21,3262.93,3251.14,3255.26,1650.035035
1767772800000,3255.27,3263.3,3253.0,3254.63,1766.094184
1767776400000,3254.63,3255.0,3198.92,3200.36,11977.247901
1767780000000,3200.35,3222.53,3196.21,3218.63,4595.809971
1767783600000,3218.63,3228.0,3217.02,3220.8,2110.096065
1767787200000,3220.63,3222.8,3211.05,3213.15,1841.55013
1767790800000,3213.16,3229.45,3202.54,3212.29,3309.894375
1767794400000,3212.12,3212.58,3166.69,3191.86,13113.157173
1767798000000,3191.89,3193.42,3144.78,3164.63,13521.420812
1767801600000,3164.77,3179.41,3149.93,3157.53,4579.53844
1767805200000,3157.53,3171.48,3146.02,3152.37,3348.132249
1767808800000,3152.23,3165.18,3133.45,3146.22,7699.397336
1767812400000,3146.23,3155.33,3125.27,3145.66,5881.249155
1767816000000,3145.66,3151.42,3128.32,3139.02,3821.346203
1767819600000,3139.01,3152.8,3138.41,3149.99,1990.335278
1767823200000,3150.0,3166.41,3143.45,3153.16,2555.010796
1767826800000,3153.17,3181.58,3143.5,3168.97,7083.551532
1767830400000,3168.97,3175.65,3155.05,3170.64,2644.13061
1767834000000,3170.7,3181.85,3168.4,3175.66,2158.366602
1767837600000,3175.67,3184.3,3148.19,3159.42,3964.134321
1767841200000,3159.5,3166.66,3133.44,3142.69,2882.996856
1767844800000,3142.7,3158.99,3139.0,3154.15,1972.827327
1767848400000,3154.3,3161.31,3142.09,3143.52,1728.841925
1767852000000,3143.53,3146.59,3104.75,3105.34,10134.085946
1767855600000,3105.62,3133.28,3090.23,3128.0,13254.008411
1767859200000,3128.0,3136.9,3113.34,3116.73,4147.045002
1767862800000,3116.74,3123.99,3105.42,3112.01,2626.288772
1767866400000,3112.02,3133.94,3096.14,3128.18,4847.519255
1767870000000,3128.19,3131.92,3112.5,3121.21,4582.061964
1767873600000,3121.21,3121.3,3085.0,3095.47,7104.577077
1767877200000,3095.46,3102.73,3090.51,3097.15,3110.754713
1767880800000,3097.16,3097.16,3055.0,3077.24,14854.679989
1767884400000,3077.24,3112.49,3067.0,3104.26,7898.980842
1767888000000,3104.14,3123.68,3090.4,3122.02,4756.651788
1767891600000,3122.07,3139.0,3110.53,3134.26,4148.506308
1767895200000,3134.42,3135.48,3115.0,3119.82,2244.793346
1767898800000,3120.0,3128.65,3103.71,3111.35,1705.655327
1767902400000,3111.34,3111.34,3089.23,3107.72,3129.13028
1767906000000,3107.63,3123.28,3107.23,3119.07,1906.474999
1767909600000,3119.17,3130.4,3107.86,3119.12,1832.23688
1767913200000,3119.13,3121.99,3104.87,3106.6,1139.684371
1767916800000,3106.7,3117.86,3104.15,3115.93,1689.22199
1767920400000,3116.0,3148.2,3081.23,3105.77,12674.428886
1767924000000,3105.72,3126.33,3103.5,3109.42,2820.462616
1767927600000,3109.6,3121.29,3103.1,3119.71,1582.855742
1767931200000,3119.7,3124.33,3112.6,3116.47,1283.921569
1767934800000,3116.48,3121.0,3113.66,3118.79,967.461823
1767938400000,3118.83,3125.43,3117.62,3123.33,645.70945
1767942000000,3123.33,3123.92,3110.42,3111.11,1985.903898
1767945600000,3111.11,3115.51,3066.8,3082.89,6856.737738
1767949200000,3082.99,3101.44,3082.2,3092.64,2482.243343
1767952800000,3092.64,3099.15,3088.48,3097.01,825.043106
1767956400000,3097.01,3104.5,3088.77,3090.15,1400.432633
1767960000000,3090.34,3096.22,3082.12,3084.51,2101.512223
1767963600000,3084.51,3112.1,3083.51,3098.43,5194.098897
1767967200000,3098.43,3098.85,3061.63,3078.82,4788.359771
1767970800000,3079.13,3143.14,3058.8,3112.5,14596.148911
1767974400000,3112.57,3145.75,3111.24,3133.36,5818.22002
1767978000000,3133.46,3135.22,3104.92,3114.44,3066.647883
1767981600000,3114.43,3118.73,3073.79,3095.18,3747.731282
1767985200000,3095.17,3095.17,3069.23,3080.55,2297.634127
1767988800000,3080.43,3091.96,3070.88,3073.3,2617.91503
1767992400000,3073.58,3093.56,3065.0,3085.9,2911.530742
1767996000000,3085.9,3089.41,3074.54,3086.75,1826.975831
1767999600000,3086.75,3093.45,3084.15,3088.49,894.529756
1768003200000,3088.49,3090.01,3082.0,3083.54,699.191007
1768006800000,3083.54,3091.64,3083.54,3090.29,1078.809662
1768010400000,3090.25,3095.33,3083.56,3088.29,846.718034
1768014000000,3088.3,3089.45,3080.42,3086.82,1186.002781
1768017600000,3086.82,3087.82,3078.88,3080.22,1858.817615
1768021200000,3080.25,3088.05,3080.24,3086.84,436.440893
1768024800000,3086.85,3088.99,3083.67,3087.65,515.537711
1768028400000,3087.65,3093.87,3087.64,3093.12,1655.961264
1768032000000,3093.11,3093.35,3087.22,3090.39,550.550637
1768035600000,3090.4,3099.99,3089.7,3096.11,936.244945
1768039200000,3096.11,3103.63,3094.52,3103.23,1191.332616
1768042800000,3103.23,3103.46,3095.0,3097.0,590.5602
1768046400000,3096.99,3103.99,3093.76,3099.2,846.42488
1768050000000,3099.2,3099.2,3093.6,3095.02,534.263484
1768053600000,3095.02,3096.56,3089.06,3092.01,1612.488689
1768057200000,3092.02,3096.56,3092.02,3095.55,596.869541
1768060800000,3095.55,3097.6,3091.87,3095.7,517.225081
1768064400000,3095.7,3099.02,3092.05,3092.82,564.218508
1768068000000,3092.81,3094.02,3090.25,3092.84,593.29609
1768071600000,3092.84,3094.5,3090.4,3092.19,441.193495
1768075200000,3092.2,3093.62,3089.0,3089.59,675.1117
1768078800000,3089.59,3090.02,3085.23,3086.22,835.729475
1768082400000,3086.23,3089.41,3078.79,3080.7,1592.856526
1768086000000,3080.71,3090.0,3080.03,3086.84,741.67084
1768089600000,3086.85,3092.99,3084.7,3092.5,690.543426
1768093200000,3092.5,3095.69,3089.48,3095.69,593.020145
1768096800000,3095.7,3097.3,3092.05,3092.55,455.950325
1768100400000,3092.65,3097.64,3092.0,3096.91,418.620463
1768104000000,3096.9,3098.89,3094.82,3098.1,642.103531
1768107600000,3098.1,3102.4,3096.14,3099.22,732.431606
1768111200000,3099.25,3100.82,3090.01,3097.39,1284.555718
1768114800000,3097.4,3098.42,3092.6,3095.36,532.5567
1768118400000,3095.35,3108.0,3093.0,3103.45,1335.914425
1768122000000,3103.46,3109.5,3100.64,3104.33,882.814576
1768125600000,3104.34,3108.35,3102.14,3107.55,604.990545
1768129200000,3107.56,3107.93,3103.07,3105.04,659.858417
1768132800000,3105.07,3116.66,3104.9,3114.26,1467.538964
1768136400000,3114.26,3116.41,3107.2,3109.65,1701.717949
1768140000000,3109.65,3129.45,3109.61,3125.68,2061.743491
1768143600000,3125.68,3131.06,3110.24,3118.1,2948.031948
1768147200000,3118.14,3147.21,3116.02,3129.61,6415.637227
1768150800000,3129.61,3134.07,3118.43,3127.21,1522.031056
1768154400000,3127.22,3134.11,3120.65,3129.68,1278.34918
1768158000000,3129.72,3133.2,3119.2,3124.7,1289.771553
1768161600000,3124.65,3124.66,3101.77,3115.31,2741.967787
1768165200000,3115.31,3126.4,3107.78,3121.3,1909.956539
1768168800000,3121.26,3121.26,3106.71,3109.8,1641.018834
1768172400000,3109.63,3125.94,3093.0,3123.62,7168.199251
1768176000000,3123.51,3127.59,3097.51,3120.3,5640.014046
1768179600000,3120.31,3137.49,3114.27,3125.11,5717.558267
1768183200000,3125.11,3168.0,3122.67,3157.7,8671.965506
1768186800000,3158.0,3171.62,3151.66,3152.49,5688.718996
1768190400000,3152.49,3163.95,3148.75,3159.4,1966.360082
1768194000000,3159.4,3167.0,3155.4,3158.86,2229.547474
1768197600000,3158.86,3165.87,3152.54,3154.86,2766.196224
1768201200000,3154.86,3161.84,3133.78,3135.6,6635.216352
1768204800000,3135.6,3147.92,3101.63,3115.87,10542.522999
1768208400000,3115.88,3124.9,3111.33,3116.71,3922.807154
1768212000000,3116.71,3120.0,3104.51,3107.14,2478.758434
1768215600000,3107.14,3121.96,3106.82,3115.62,2826.505169
1768219200000,3115.6,3122.99,3113.1,3117.26,1503.47837
1768222800000,3117.27,3120.44,3106.01,3109.42,3273.084991
1768226400000,3109.37,3119.78,3066.0,3105.5,18240.007724
1768230000000,3105.26,3133.99,3093.15,3130.58,7976.552853
1768233600000,3130.42,3146.82,3120.56,3130.76,7270.574499
1768237200000,3130.77,3137.1,3084.21,3105.22,9300.88099
1768240800000,3105.23,3119.39,3095.34,3108.42,4638.968126
1768244400000,3108.43,3122.57,3097.23,3121.76,1542.892051
1768248000000,3121.76,3127.9,3100.31,3103.13,2467.225962
1768251600000,3102.82,3106.89,3084.77,3092.37,3962.696325
1768255200000,3092.42,3107.98,3092.42,3096.02,3523.408932
1768258800000,3095.87,3099.14,3088.77,3095.65,2131.155244
1768262400000,3095.66,3110.0,3093.5,3109.01,2554.252895
1768266000000,3109.01,3114.63,3092.02,3097.84,1869.42277
1768269600000,3097.85,3108.54,3097.85,3101.62,2116.36922
1768273200000,3101.64,3119.0,3101.63,3116.29,2606.754636
1768276800000,3116.29,3123.55,3112.37,3122.39,2330.857147
1768280400000,3122.4,3147.3,3121.51,3131.57,5723.180359
1768284000000,3131.57,3137.92,3123.8,3134.51,4115.737155
1768287600000,3134.51,3135.62,3122.0,3122.29,1744.107976
1768291200000,3122.29,3138.38,3121.75,3135.94,2159.283829
1768294800000,3135.94,3148.5,3128.66,3138.7,5609.433597
1768298400000,3138.77,3141.84,3130.0,3134.81,2490.669494
1768302000000,3134.82,3139.0,3131.35,3133.98,1302.149093
1768305600000,3134.04,3137.93,3129.49,3135.25,1715.395849
1768309200000,3135.24,3161.07,3130.25,3142.43,15277.274249
1768312800000,3142.43,3165.77,3130.32,3145.21,8876.261695
1768316400000,3145.0,3188.8,3133.33,3184.41,9582.420508
1768320000000,3184.42,3196.3,3171.81,3180.92,9657.523002
1768323600000,3180.91,3187.78,3172.85,3180.07,4465.466716
1768327200000,3180.0,3214.39,3178.17,3201.09,6018.62331
1768330800000,3201.1,3218.75,3191.41,3215.98,3035.190144
1768334400000,3216.0,3220.68,3190.66,3204.26,6054.220712
1768338000000,3204.69,3217.48,3200.28,3209.9,3839.777065
1768341600000,3209.91,3380.0,3209.91,3330.79,41726.315208
1768345200000,3330.8,3347.29,3313.37,3325.3,12815.990391
1768348800000,3325.29,3337.09,3315.0,3324.1,6196.374308
1768352400000,3324.1,3344.8,3321.01,3336.01,6771.997346
1768356000000,3336.01,3358.18,3320.35,3326.73,7955.863213
1768359600000,3326.74,3352.47,3320.8,3352.47,4927.34931
1768363200000,3352.46,3365.0,3336.2,3339.16,8555.040257
1768366800000,3339.15,3339.54,3325.75,3330.67,5810.763094
1768370400000,3330.67,3336.28,3320.0,3334.5,7811.959768
1768374000000,3334.5,3342.5,3327.23,3335.41,12058.000578
1768377600000,3335.41,3343.19,3327.26,3327.52,3062.128655
1768381200000,3327.51,3335.2,3324.79,3328.0,1734.609673
1768384800000,3328.0,3333.35,3304.62,3313.2,6586.056641
1768388400000,3313.2,3313.69,3282.84,3286.35,7284.971293
1768392000000,3286.34,3299.45,3280.27,3296.6,3865.438795
1768395600000,3296.6,3308.5,3289.44,3303.1,5300.704432
1768399200000,3303.11,3358.4,3302.19,3349.41,19207.137371
1768402800000,3349.4,3362.45,3327.7,3345.67,21955.72015
1768406400000,3345.67,3403.36,3345.16,3370.03,18967.717163
1768410000000,3370.03,3381.22,3338.0,3342.44,12309.787398
1768413600000,3342.24,3356.16,3315.39,3339.71,9434.370297
1768417200000,3339.1,3401.49,3332.14,3367.54,12993.888826
1768420800000,3367.53,3392.76,3361.41,3383.71,5705.492128
1768424400000,3383.71,3383.71,3357.21,3372.69,4223.302341
1768428000000,3372.75,3374.74,3347.33,3348.83,4055.779515
1768431600000,3348.83,3369.48,3348.76,3354.75,2876.157717
1768435200000,3354.75,3355.65,3325.19,3331.19,4140.433825
1768438800000,3331.2,3343.0,3317.28,3324.93,3168.332798
1768442400000,3324.93,3332.5,3305.38,3314.23,3888.464308
1768446000000,3314.28,3321.53,3276.0,3286.46,11382.824133
1768449600000,3286.46,3308.57,3284.8,3305.59,4298.976851
1768453200000,3305.59,3315.85,3302.66,3311.22,3617.323587
1768456800000,3311.2,3323.99,3310.0,3316.18,3707.401272
1768460400000,3316.19,3335.28,3314.65,3330.01,6916.831042
1768464000000,3330.01,3338.75,3320.12,3336.45,4493.151232
1768467600000,3336.44,3374.74,3330.4,3366.15,10557.170248
1768471200000,3366.15,3378.69,3358.0,3364.3,5924.065877
1768474800000,3364.31,3365.99,3345.25,3349.46,4537.185766
1768478400000,3349.45,3371.19,3344.01,3369.15,3567.600924
1768482000000,3369.14,3384.76,3356.9,3371.29,4957.924924
1768485600000,3371.3,3382.99,3322.22,3342.1,14870.219363
1768489200000,3342.01,3358.29,3286.0,3331.25,18138.839913
1768492800000,3331.25,3335.66,3310.2,3330.61,6031.394732
1768496400000,3330.6,3337.6,3297.3,3301.59,6992.313802
1768500000000,3301.59,3307.68,3274.21,3289.0,9009.217175
1768503600000,3288.99,3302.33,3277.37,3295.79,5086.201293
1768507200000,3295.68,3307.38,3277.11,3288.5,9147.118306
1768510800000,3288.51,3306.03,3284.39,3299.64,2547.921662
1768514400000,3299.65,3319.64,3296.46,3309.26,4302.930541
1768518000000,3309.25,3323.68,3302.55,3318.75,2846.594898
1768521600000,3318.75,3327.72,3316.11,3317.14,2141.621166
1768525200000,3317.15,3321.87,3302.14,3314.2,2407.079115
1768528800000,3314.06,3314.06,3292.03,3303.72,4376.864299
1768532400000,3303.77,3308.2,3295.26,3295.26,1102.228134
1768536000000,3295.26,3304.85,3277.0,3288.15,6857.239523
1768539600000,3288.15,3316.0,3284.55,3309.41,4574.057767
1768543200000,3309.4,3317.18,3302.34,3314.35,3269.420284
1768546800000,3314.38,3316.0,3301.93,3309.35,2770.6313
1768550400000,3309.35,3320.33,3308.8,3313.69,4936.543913
1768554000000,3313.7,3317.15,3307.72,3307.85,1160.775149
1768557600000,3307.84,3309.01,3295.0,3297.94,1794.23554
1768561200000,3297.95,3306.87,3293.5,3302.11,2337.286214
1768564800000,3302.11,3314.55,3300.61,3309.12,2934.959775
1768568400000,3309.2,3311.0,3295.67,3307.9,2957.250753
1768572000000,3307.91,3319.36,3290.76,3294.2,6692.635571
1768575600000,3294.14,3311.83,3253.44,3264.51,18416.069829
1768579200000,3264.5,3289.06,3260.08,3279.2,8886.279376
1768582800000,3279.2,3286.65,3266.42,3284.5,2375.236772
1768586400000,3284.37,3288.81,3278.01,3278.86,1433.928203
1768590000000,3278.85,3279.35,3269.02,3276.7,1617.528953
1768593600000,3276.8,3293.68,3264.46,3293.11,3207.380183
1768597200000,3293.12,3298.98,3288.36,3294.29,3391.517241
1768600800000,3294.3,3296.24,3283.01,3294.05,2257.528129
1768604400000,3294.15,3299.98,3292.14,3296.27,1315.174847
1768608000000,3296.26,3297.76,3290.22,3293.24,719.369887
1768611600000,3293.25,3295.89,3288.18,3290.52,1367.53639
1768615200000,3290.56,3292.68,3284.0,3292.35,905.576196
1768618800000,3292.36,3292.88,3288.0,3289.4,722.014251
1768622400000,3289.41,3292.6,3286.02,3292.1,568.028943
1768626000000,3292.1,3294.29,3289.62,3291.63,590.06646
1768629600000,3291.55,3294.01,3287.44,3291.55,833.636106
1768633200000,3291.55,3292.93,3287.27,3291.87,2703.39672
1768636800000,3291.87,3298.08,3289.29,3296.45,1398.199968
1768640400000,3296.45,3304.53,3293.6,3298.65,2043.745553
1768644000000,3298.65,3300.54,3292.36,3296.6,2724.66847
1768647600000,3296.61,3305.36,3291.99,3302.51,3254.405214
1768651200000,3302.5,3306.14,3300.02,3302.69,1231.471911
1768654800000,3302.68,3304.63,3299.69,3303.84,1278.846233
1768658400000,3303.84,3311.99,3301.6,3310.35,3755.471492
1768662000000,3310.35,3330.0,3307.71,3329.79,8817.738732
1768665600000,3329.79,3330.0,3312.35,3319.31,6156.144323
1768669200000,3319.31,3327.83,3317.45,3319.31,1401.41693
1768672800000,3319.3,3320.8,3314.33,3317.89,1108.614279
1768676400000,3317.9,3321.2,3313.61,3316.45,883.818427
1768680000000,3316.46,3320.3,3314.65,3317.45,595.486271
1768683600000,3317.45,3317.74,3306.73,3312.8,1121.086015
1768687200000,3312.79,3312.95,3297.14,3301.9,2062.431299
1768690800000,3301.91,3310.6,3301.4,3310.59,1319.212625
1768694400000,3310.59,3314.43,3303.05,3304.8,992.064224
1768698000000,3304.8,3307.04,3296.31,3301.24,2582.97397
1768701600000,3301.25,3306.16,3296.8,3303.5,1707.766045
1768705200000,3303.54,3319.99,3303.3,3316.1,1515.923182
1768708800000,3316.09,3317.85,3309.81,3312.12,689.19845
1768712400000,3312.12,3317.99,3310.9,3315.93,2048.308585
1768716000000,3315.93,3317.66,3311.8,3315.57,1067.194087
1768719600000,3315.57,3315.78,3306.4,3307.23,1554.830471
1768723200000,3307.23,3316.66,3303.3,3315.48,2224.861468
1768726800000,3315.48,3325.0,3314.18,3322.85,2656.555345
1768730400000,3322.85,3325.97,3318.41,3325.61,1133.56481
1768734000000,3325.61,3325.61,3319.0,3322.22,645.992056
1768737600000,3322.22,3327.2,3318.7,3322.23,1333.47816
1768741200000,3322.24,3330.51,3314.64,3326.11,3119.046478
1768744800000,3326.11,3347.9,3322.78,3325.05,5377.201457
1768748400000,3325.05,3335.55,3319.18,3334.01,1442.807835
1768752000000,3334.01,3338.85,3330.0,3333.66,1742.634538
1768755600000,3333.66,3346.17,3332.2,3345.19,1623.338048
1768759200000,3345.01,3369.0,3337.04,3361.85,7464.594823
1768762800000,3361.86,3365.85,3344.61,3346.76,2019.108736
1768766400000,3346.75,3353.03,3338.16,3341.15,1598.727455
1768770000000,3341.16,3345.62,3337.05,3341.91,1148.755324
1768773600000,3341.89,3356.67,3340.1,3350.9,1605.193726
1768777200000,3350.9,3350.91,3279.18,3284.35,15014.198772
1768780800000,3284.16,3284.8,3176.0,3212.46,61928.207147
1768784400000,3212.35,3221.44,3194.64,3207.01,10043.587074
1768788000000,3207.02,3216.76,3194.19,3204.55,5890.305656
1768791600000,3204.68,3213.67,3195.33,3212.25,7085.60434
1768795200000,3212.26,3217.82,3205.0,3212.81,5358.680377
1768798800000,3212.8,3215.46,3196.2,3202.41,8603.927618
1768802400000,3202.41,3204.97,3187.77,3195.85,4379.4457
1768806000000,3195.9,3209.69,3195.9,3207.25,9124.554292
1768809600000,3207.25,3222.0,3196.78,3214.0,7585.354981
1768813200000,3214.0,3214.71,3205.2,3209.4,2444.284962
1768816800000,3209.4,3216.72,3205.53,3215.5,2628.098779
1768820400000,3215.5,3231.16,3213.25,3223.84,6895.5945
1768824000000,3223.83,3236.0,3219.27,3224.99,7214.732815
1768827600000,3225.0,3225.0,3212.6,3218.1,3216.382436
1768831200000,3218.18,3219.4,3202.1,3212.7,5369.128182
1768834800000,3212.71,3220.72,3210.02,3215.96,3436.184528
1768838400000,3215.96,3227.0,3212.52,3223.1,3013.133576
1768842000000,3223.05,3225.95,3216.82,3219.8,1720.76391
1768845600000,3219.84,3220.91,3208.03,3214.58,1848.030072
1768849200000,3214.55,3224.31,3214.55,3219.68,1656.511697
1768852800000,3219.68,3225.63,3212.28,3214.17,1803.912706
1768856400000,3214.18,3221.37,3209.94,3212.57,1085.514746
1768860000000,3212.56,3214.37,3186.31,3188.46,4442.808217
1768863600000,3188.46,3197.52,3166.0,3189.23,8753.450674
1768867200000,3189.2,3200.39,3176.71,3184.11,5725.600808
1768870800000,3184.11,3199.6,3176.0,3193.73,3579.895867
1768874400000,3193.75,3200.0,3179.32,3192.87,5357.0109
1768878000000,3192.87,3195.1,3184.0,3188.84,2395.348264
1768881600000,3188.84,3189.45,3168.64,3173.05,4351.715921
1768885200000,3173.05,3175.56,3152.46,3171.76,12155.763667
1768888800000,3171.75,3172.5,3110.11,3117.06,17736.286517
1768892400000,3117.06,3131.89,3112.36,3123.46,7152.433554
1768896000000,3123.46,3124.09,3086.0,3106.87,18048.015586
1768899600000,3106.87,3109.02,3088.34,3094.36,6328.263523
1768903200000,3094.36,3108.99,3091.33,3103.02,2824.507832
1768906800000,3103.02,3112.96,3103.02,3109.64,2229.707655
1768910400000,3109.65,3115.0,3102.53,3111.05,1883.901271
1768914000000,3111.05,3113.0,3073.61,3078.84,7827.97719
1768917600000,3078.85,3088.98,3033.95,3047.33,23480.966271
1768921200000,3047.25,3049.99,2995.27,3032.84,24575.672568
1768924800000,3032.85,3043.0,2998.59,3009.33,8520.5522
1768928400000,3009.3,3023.67,2983.67,2999.8,10156.137718
1768932000000,2999.76,3009.14,2987.76,2992.02,5016.668544
1768935600000,2992.01,3003.3,2980.21,2996.45,3028.42728
1768939200000,2996.46,3007.53,2986.25,3006.56,3693.918285
1768942800000,3007.01,3007.59,2989.99,2993.5,1194.46242
1768946400000,2993.46,2999.19,2907.4,2951.6,25540.882026
1768950000000,2951.6,2952.45,2930.15,2939.91,7936.921726
1768953600000,2939.91,2969.41,2921.98,2960.16,11883.523495
1768957200000,2960.16,2974.54,2955.4,2965.32,7058.763393
1768960800000,2965.31,2975.4,2958.15,2961.5,3631.383631
1768964400000,2961.55,2984.69,2961.01,2981.81,3643.488439
1768968000000,2981.81,2985.55,2974.81,2979.3,2758.698533
1768971600000,2979.31,3002.47,2978.06,2993.0,5361.581844
1768975200000,2993.0,2993.77,2975.33,2980.21,3540.692152
1768978800000,2980.21,2985.71,2966.04,2970.74,8838.965763
1768982400000,2970.5,2974.53,2956.42,2965.3,5374.466161
1768986000000,2965.29,2974.84,2949.61,2953.88,3434.324418
1768989600000,2953.89,2970.0,2952.06,2964.01,2539.216596
1768993200000,2964.0,2971.63,2938.0,2943.4,4737.418093
1768996800000,2943.4,2946.55,2902.64,2931.7,14769.899899
1769000400000,2931.73,2945.54,2920.59,2928.25,7773.534095
1769004000000,2928.25,2995.86,2924.6,2981.07,22671.393845
1769007600000,2980.99,3026.47,2975.01,3002.62,19225.192129
1769011200000,3002.62,3005.53,2886.04,2891.87,24155.822717
1769014800000,2891.86,2914.36,2866.36,2904.01,17712.189656
1769018400000,2904.01,2933.94,2888.05,2927.58,5876.51331
1769022000000,2927.58,3069.5,2916.71,3055.45,26163.22708
1769025600000,3055.46,3058.0,3003.55,3032.09,15987.159512
1769029200000,3031.78,3044.09,3021.05,3031.47,4680.721146
1769032800000,3031.39,3045.67,3009.38,3010.32,3319.178704
1769036400000,3010.32,3025.43,2970.0,2982.18,7817.096407
1769040000000,2982.18,3011.18,2980.64,3005.46,5168.039174
1769043600000,3005.59,3034.54,3002.61,3028.78,6161.617317
1769047200000,3028.71,3038.45,3015.35,3017.82,4452.809561
1769050800000,3017.85,3031.53,2999.8,3013.53,4167.736463
1769054400000,3013.52,3025.25,3011.45,3022.79,1919.711453
1769058000000,3022.84,3027.8,3014.63,3019.99,1880.429389
1769061600000,3020.0,3027.6,3009.12,3019.21,3850.0483
1769065200000,3019.21,3022.58,3000.57,3001.05,3478.428866
1769068800000,3001.05,3008.2,2992.61,3005.81,5873.339153
1769072400000,3005.81,3016.51,3003.25,3013.76,2664.554917
1769076000000,3013.76,3015.0,3000.11,3003.05,3748.368982
1769079600000,3003.04,3007.16,2978.16,2986.84,4464.758137
1769083200000,2986.84,2998.69,2975.29,2991.0,4828.549559
1769086800000,2991.1,3010.77,2962.09,2973.01,9671.291992
1769090400000,2973.02,2983.51,2935.36,2940.88,16565.88823
1769094000000,2940.89,2968.63,2905.4,2942.24,13126.498797
1769097600000,2942.07,2958.68,2924.0,2946.51,5216.952966
1769101200000,2946.5,2964.02,2935.2,2962.03,3119.524045
1769104800000,2962.0,2972.93,2938.76,2939.74,4047.227775
1769108400000,2939.75,2963.26,2928.66,2954.09,3045.140674
1769112000000,2954.08,2957.79,2930.83,2939.15,3308.626438
1769115600000,2939.16,2951.7,2933.77,2946.14,2539.238146
1769119200000,2946.15,2959.77,2943.28,2951.88,2926.735422
1769122800000,2951.83,2956.24,2940.98,2952.89,2389.192744
1769126400000,2952.89,2957.46,2946.4,2953.55,1986.012005
1769130000000,2953.62,2970.09,2953.2,2969.26,1787.243956
1769133600000,2969.25,2972.28,2953.0,2953.0,2244.454913
1769137200000,2953.01,2965.47,2952.05,2964.46,1324.589187
1769140800000,2964.5,2984.57,2963.06,2978.1,4092.220708
1769144400000,2978.11,2978.6,2964.2,2968.64,2621.452867
1769148000000,2968.64,2975.6,2937.04,2939.98,5501.399372
1769151600000,2939.99,2951.69,2935.4,2948.76,8744.642826
1769155200000,2948.85,2951.39,2922.59,2927.51,7108.429011
1769158800000,2927.5,2935.2,2915.5,2921.26,4574.36847
1769162400000,2921.26,2934.54,2915.06,2931.03,4863.289196
1769166000000,2931.02,2946.64,2928.54,2940.91,3134.24412
1769169600000,2940.92,2940.92,2929.22,2935.0,1635.907555
1769173200000,2935.01,2944.3,2927.28,2930.84,5725.934461
1769176800000,2930.85,2942.18,2892.12,2916.13,18729.800891
1769180400000,2916.14,2965.43,2899.6,2952.52,14748.590406
1769184000000,2952.64,2979.99,2938.42,2967.99,8656.014345
1769187600000,2968.0,3019.53,2960.0,2987.44,14303.485085
1769191200000,2987.43,3007.36,2978.35,2988.37,9286.935684
1769194800000,2988.38,2988.73,2946.67,2959.98,8354.564219
1769198400000,2960.0,2964.02,2930.66,2940.37,3815.656406
1769202000000,2940.11,2953.15,2938.34,2944.24,1318.915626
1769205600000,2944.06,2962.14,2943.35,2959.77,1911.273594
1769209200000,2959.76,2959.76,2951.24,2956.25,681.761559
1769212800000,2956.26,2959.17,2949.31,2951.01,1333.265534
1769216400000,2951.01,2959.4,2950.0,2956.02,991.359417
1769220000000,2956.0,2962.29,2954.55,2959.47,692.346637
1769223600000,2959.48,2970.13,2957.2,2962.63,1625.795436
1769227200000,2962.63,2966.66,2959.02,2963.18,1328.745888
1769230800000,2963.18,2965.6,2957.0,2961.0,1501.482651
1769234400000,2961.0,2963.87,2958.57,2961.39,950.450724
1769238000000,2961.38,2962.07,2954.11,2957.01,1870.077086
1769241600000,2957.0,2963.27,2954.82,2962.87,1677.889951
1769245200000,2962.88,2964.89,2958.61,2960.4,1037.362282
1769248800000,2960.39,2962.25,2958.45,2961.67,846.30541
1769252400000,2961.67,2964.41,2960.3,2961.1,488.073616
1769256000000,2961.1,2964.8,2959.09,2962.32,732.12738
1769259600000,2962.32,2963.61,2947.95,2948.7,2599.289763
1769263200000,2948.92,2960.0,2943.64,2959.86,3198.533275
1769266800000,2959.86,2968.54,2955.32,2957.17,4416.768126
1769270400000,2957.18,2961.89,2952.11,2959.01,2048.583959
1769274000000,2959.01,2966.17,2958.01,2964.19,1323.344971
1769277600000,2964.24,2968.54,2962.06,2963.66,667.910837
1769281200000,2963.66,2964.44,2952.74,2954.0,2678.888149
1769284800000,2954.0,2959.0,2953.81,2956.51,612.18348
1769288400000,2956.51,2958.21,2949.41,2958.21,1475.401698
1769292000000,2958.22,2964.71,2958.22,2962.99,1130.897809
1769295600000,2962.99,2964.71,2952.35,2953.5,1398.641965
1769299200000,2953.5,2958.99,2952.6,2958.99,1461.719611
1769302800000,2959.0,2960.58,2950.0,2955.27,2223.948858
1769306400000,2955.28,2957.96,2953.03,2953.21,562.405522
1769310000000,2953.21,2954.11,2936.8,2942.72,2728.413704
1769313600000,2942.73,2949.5,2940.07,2945.04,3984.789884
1769317200000,2945.04,2948.57,2942.0,2947.16,460.25067
1769320800000,2947.16,2947.59,2933.7,2944.08,1632.420118
1769324400000,2944.08,2944.09,2938.61,2939.85,1165.80785
1769328000000,2939.86,2945.0,2920.7,2929.1,4980.277375
1769331600000,2929.04,2939.53,2926.84,2935.88,2499.273101
1769335200000,2935.88,2948.24,2935.65,2945.5,2677.715242
1769338800000,2945.51,2946.4,2932.34,2937.45,2486.61226
1769342400000,2937.31,2945.18,2932.76,2942.53,2590.783546
1769346000000,2942.53,2945.42,2935.22,2942.0,1415.113582
1769349600000,2941.92,2942.91,2924.55,2932.52,3451.21896
1769353200000,2932.51,2936.13,2922.08,2926.95,1640.349664
1769356800000,2926.95,2927.86,2876.0,2896.96,20056.101075
1769360400000,2896.83,2898.72,2878.81,2884.27,4686.64761
1769364000000,2884.28,2888.8,2827.17,2848.12,31906.2144
1769367600000,2848.13,2853.83,2797.0,2813.0,21670.531285
1769371200000,2813.0,2824.11,2787.27,2809.76,18145.792466
1769374800000,2809.76,2825.45,2802.4,2819.05,10304.370478
1769378400000,2819.06,2819.29,2789.8,2807.0,8109.237794
1769382000000,2807.0,2821.39,2786.34,2817.36,8914.943898
1769385600000,2817.37,2847.17,2812.58,2841.88,10211.311134
1769389200000,2841.95,2898.53,2838.6,2882.65,13347.865555
1769392800000,2882.79,2885.18,2863.19,2865.97,8142.315028
1769396400000,2865.98,2872.52,2841.02,2850.92,5446.590717
1769400000000,2850.93,2875.67,2850.0,2866.0,4558.265361
1769403600000,2866.0,2873.0,2860.21,2869.69,1829.851825
1769407200000,2869.76,2892.42,2866.0,2891.48,4034.608543
1769410800000,2891.48,2911.0,2886.14,2904.26,7094.144608
1769414400000,2904.26,2934.76,2897.5,2912.29,8220.708395
1769418000000,2912.29,2913.22,2881.28,2885.94,5569.700882
1769421600000,2885.93,2901.62,2884.55,2896.37,1330.556366
1769425200000,2896.37,2900.71,2888.26,2892.21,1844.908415
1769428800000,2892.2,2915.74,2892.2,2902.63,3558.795304
1769432400000,2902.58,2911.39,2897.05,2909.85,2667.789443
1769436000000,2909.86,2934.69,2875.78,2922.93,18836.154345
1769439600000,2923.07,2951.42,2887.27,2899.5,16762.331904
1769443200000,2899.5,2917.6,2891.67,2901.63,10045.077538
1769446800000,2901.74,2916.3,2886.15,2909.58,6047.211508
1769450400000,2909.59,2932.95,2908.01,2932.6,6848.169628
1769454000000,2932.67,2936.66,2918.66,2923.36,3163.969407
1769457600000,2923.36,2929.42,2898.41,2901.51,3162.733726
1769461200000,2901.71,2944.38,2893.71,2929.02,6054.273178
1769464800000,2928.99,2937.45,2920.0,2927.16,2567.918402
1769468400000,2927.15,2945.44,2918.42,2930.0,4111.715688
1769472000000,2930.0,2930.91,2917.73,2920.6,1380.941297
1769475600000,2920.6,2940.02,2912.5,2932.65,3481.422113
1769479200000,2932.65,2947.9,2932.65,2945.21,2578.937537
1769482800000,2945.2,2948.99,2936.16,2940.95,1625.133319
1769486400000,2940.96,2957.0,2936.65,2940.63,3307.239426
1769490000000,2940.63,2942.29,2933.55,2939.3,1515.906041
1769493600000,2939.31,2942.92,2924.5,2929.4,1936.88658
1769497200000,2929.4,2937.49,2927.4,2928.99,1710.129124
1769500800000,2928.99,2932.69,2920.0,2923.4,1724.85167
1769504400000,2923.41,2923.41,2907.39,2908.01,2445.575723
1769508000000,2908.01,2915.53,2902.05,2903.55,3196.247304
1769511600000,2903.56,2922.76,2900.0,2917.25,3462.929773
1769515200000,2917.25,2928.44,2915.79,2918.24,1758.997832
1769518800000,2918.27,2919.29,2906.01,2912.81,1673.264191
1769522400000,2912.81,2943.97,2907.24,2918.6,7308.825073
1769526000000,2918.7,2941.92,2913.1,2937.6,4689.875701
1769529600000,2937.6,2999.0,2934.91,2990.78,18540.447731
1769533200000,2990.7,2994.4,2918.31,2930.42,10970.439149
1769536800000,2930.45,2989.6,2926.16,2978.19,8394.737678
1769540400000,2978.16,2992.29,2965.86,2980.36,4178.219854
1769544000000,2980.37,3027.96,2979.01,3020.72,13539.852251
1769547600000,3020.74,3031.08,3005.43,3015.74,5220.699496
1769551200000,3015.75,3023.46,3004.3,3019.18,3254.572774
1769554800000,3019.19,3035.0,3010.27,3025.84,5392.3461
1769558400000,3025.84,3029.32,3015.16,3023.73,3588.10561
1769562000000,3023.73,3026.58,3007.11,3017.98,2863.73095
1769565600000,3017.98,3018.31,3005.6,3010.7,1579.91339
1769569200000,3010.71,3012.16,2996.98,3004.89,4163.27888
1769572800000,3004.9,3006.93,2992.91,2999.44,5175.334091
1769576400000,2999.45,3008.68,2996.35,3004.26,2900.519739
1769580000000,3004.27,3018.32,3003.07,3014.5,2694.356629
1769583600000,3014.59,3015.25,3001.96,3004.9,3884.322738
1769587200000,3004.9,3006.39,2988.62,2990.71,3733.878756
1769590800000,2990.72,3017.6,2986.4,3017.5,4997.735347
1769594400000,3017.6,3039.82,3012.79,3025.81,7191.068644
1769598000000,3025.8,3045.79,3014.59,3039.94,6284.989086
1769601600000,3039.81,3040.74,3024.07,3031.35,5627.555604
1769605200000,3031.39,3046.0,3029.46,3034.66,3378.28231
1769608800000,3034.66,3035.19,3007.39,3013.22,13604.304445
1769612400000,3013.29,3021.34,2983.06,3007.83,9760.42959
1769616000000,3007.89,3018.0,2996.05,2999.86,3963.810603
1769619600000,2999.85,3032.0,2989.31,3014.93,5614.703463
1769623200000,3014.94,3024.71,3000.26,3015.61,4180.512938
1769626800000,3015.2,3024.31,2996.98,3016.75,7145.681654
1769630400000,3016.74,3038.45,3008.54,3012.03,5273.029204
1769634000000,3012.03,3023.64,2996.74,3021.79,2938.407663
1769637600000,3021.82,3027.22,3008.8,3018.76,1333.137356
1769641200000,3018.77,3023.04,3008.21,3010.79,818.113109
1769644800000,3010.69,3013.52,2996.68,3009.5,1707.332667
1769648400000,3009.49,3011.61,2987.34,2992.86,2998.174437
1769652000000,2992.85,2999.2,2944.62,2959.54,13017.982832
1769655600000,2959.46,2972.8,2947.78,2952.86,7017.779738
1769659200000,2952.86,2960.66,2937.86,2959.36,3187.822648
1769662800000,2959.36,2965.64,2948.03,2951.4,1516.82363
1769666400000,2951.45,2959.45,2950.21,2956.36,1479.967708
1769670000000,2956.36,2965.0,2955.82,2961.9,3725.038179
1769673600000,2961.94,2969.87,2943.52,2952.75,5772.77385
1769677200000,2952.76,2955.35,2942.69,2942.69,3017.378132
1769680800000,2942.69,2949.32,2941.77,2944.78,1702.874108
1769684400000,2944.78,2945.5,2923.81,2929.35,7497.476695
1769688000000,2929.36,2938.89,2926.0,2936.65,2355.879651
1769691600000,2936.65,2939.33,2931.61,2936.08,1018.580359
1769695200000,2936.1,2937.1,2875.86,2876.45,10149.049726
1769698800000,2876.6,2877.58,2796.55,2824.55,38371.484039
1769702400000,2824.54,2836.73,2802.03,2835.41,13845.217709
1769706000000,2835.41,2860.39,2819.01,2824.51,10578.598982
1769709600000,2824.57,2834.7,2754.32,2764.14,24248.932264
1769713200000,2764.01,2811.3,2758.34,2797.5,12510.632523
1769716800000,2797.65,2812.65,2789.41,2806.44,6197.810563
1769720400000,2806.45,2825.2,2805.5,2819.92,3996.958829
1769724000000,2820.0,2825.39,2810.19,2820.39,2122.577525
1769727600000,2820.4,2827.91,2813.0,2822.58,2527.944313
1769731200000,2822.58,2828.93,2802.64,2805.0,3457.746956
1769734800000,2805.01,2813.21,2682.32,2747.17,41686.049691
1769738400000,2746.9,2751.08,2699.1,2736.54,18273.850003
1769742000000,2736.79,2747.84,2733.87,2741.06,5000.000722
1769745600000,2741.06,2774.83,2738.16,2752.89,6681.663185
1769749200000,2752.95,2760.82,2746.84,2747.05,4101.660262
1769752800000,2747.2,2748.6,2696.29,2718.36,8306.709756
1769756400000,2718.35,2751.11,2718.05,2740.44,18049.40769
1769760000000,2740.44,2748.61,2722.67,2737.81,5484.792696
1769763600000,2737.81,2744.41,2710.04,2722.1,5494.604852
1769767200000,2722.1,2737.0,2711.19,2736.25,4350.196435
1769770800000,2736.24,2769.06,2734.65,2759.89,5611.030953
1769774400000,2759.89,2766.81,2737.59,2740.77,4092.497345
1769778000000,2740.78,2751.42,2719.54,2730.14,5942.151246
1769781600000,2730.14,2764.68,2724.64,2737.21,10359.367635
1769785200000,2737.27,2752.93,2693.66,2729.47,16681.979095
1769788800000,2729.37,2744.47,2706.18,2726.71,7826.359745
1769792400000,2726.71,2741.03,2706.76,2712.64,7197.714146
1769796000000,2712.65,2750.27,2636.8,2741.09,31677.17272
1769799600000,2740.5,2761.47,2734.75,2742.36,23490.136525
1769803200000,2742.35,2742.86,2665.0,2680.61,18736.609554
1769806800000,2680.88,2715.58,2677.24,2704.72,10255.043606
1769810400000,2705.11,2709.99,2693.21,2709.99,2585.198711
1769814000000,2709.84,2711.78,2694.39,2707.22,3181.546588
1769817600000,2707.25,2714.81,2703.0,2706.29,1846.597522
1769821200000,2706.4,2714.73,2699.02,2699.9,2657.036054
1769824800000,2699.99,2708.59,2684.21,2701.99,5554.402573
1769828400000,2702.0,2706.65,2694.8,2696.07,1419.175055
1769832000000,2696.06,2705.08,2693.37,2695.91,3049.346495
1769835600000,2695.92,2703.64,2691.01,2698.09,1595.164534
1769839200000,2698.1,2701.07,2684.22,2692.8,3449.030196
1769842800000,2692.8,2694.36,2668.0,2680.5,6003.502967
1769846400000,2680.49,2683.85,2609.64,2644.05,25431.920403
1769850000000,2644.27,2659.92,2634.03,2648.67,9418.079637
1769853600000,2648.7,2655.84,2636.41,2651.65,2880.659984
1769857200000,2651.65,2651.65,2634.29,2640.73,5010.509962
1769860800000,2640.71,2644.53,2628.17,2633.34,7020.092023
1769864400000,2633.35,2637.37,2618.15,2629.35,5971.361041
1769868000000,2629.34,2636.57,2508.0,2538.91,60575.251966
1769871600000,2538.74,2555.15,2526.4,2534.34,13448.476977
1769875200000,2534.31,2551.28,2468.1,2482.8,40004.459925
1769878800000,2482.8,2495.21,2359.0,2403.05,69862.620534
1769882400000,2403.0,2417.25,2240.2,2380.64,105592.464822
1769886000000,2380.68,2433.66,2372.48,2382.73,47217.370858
1769889600000,2382.81,2407.93,2354.1,2382.38,18231.384653
1769893200000,2382.37,2424.17,2373.03,2419.48,14509.516254
1769896800000,2419.69,2425.95,2406.28,2419.06,7105.623971
1769900400000,2419.23,2473.92,2416.76,2452.2,17004.751625
1769904000000,2451.95,2476.3,2446.05,2452.19,9602.966785
1769907600000,2452.16,2455.85,2429.03,2444.64,8217.435752
1769911200000,2444.64,2461.73,2440.28,2452.61,4231.92595
1769914800000,2452.8,2456.69,2438.17,2445.62,3204.864869
1769918400000,2445.56,2454.95,2441.56,2448.31,5000.39475
1769922000000,2448.31,2449.46,2424.3,2430.91,7251.409651
1769925600000,2430.9,2440.37,2408.37,2418.6,7556.297642
1769929200000,2418.61,2438.85,2393.62,2411.61,14331.950833
1769932800000,2411.6,2428.87,2396.65,2413.15,10202.447577
1769936400000,2413.16,2437.9,2406.81,2432.42,4663.282973
1769940000000,2432.45,2439.15,2376.48,2381.01,11864.05382
1769943600000,2381.01,2423.93,2381.01,2412.04,6806.878489
1769947200000,2412.05,2412.65,2383.42,2395.79,9750.150187
1769950800000,2395.8,2410.34,2369.68,2381.05,10305.007318
1769954400000,2381.07,2389.45,2327.4,2373.38,36490.311898
1769958000000,2373.11,2373.49,2286.58,2315.85,41459.736139
1769961600000,2315.89,2333.93,2284.0,2304.4,19336.550773
1769965200000,2304.4,2322.1,2297.27,2314.63,15969.115417
1769968800000,2314.52,2378.71,2313.78,2351.2,17640.683972
1769972400000,2351.2,2357.02,2306.65,2320.62,9911.284219
1769976000000,2320.62,2349.65,2298.89,2316.28,16917.842448
1769979600000,2316.27,2319.82,2278.73,2290.9,13721.307
1769983200000,2290.92,2335.22,2287.22,2318.99,11895.266153
1769986800000,2319.09,2321.73,2220.0,2270.47,46815.202427
1769990400000,2270.48,2324.49,2242.71,2293.14,18177.768727
1769994000000,2293.25,2318.56,2250.41,2291.46,13811.962649
1769997600000,2291.43,2300.97,2260.0,2262.58,8500.022803
1770001200000,2262.59,2268.27,2165.79,2238.56,64533.450786
1770004800000,2238.91,2268.4,2207.75,2240.57,19265.174304
1770008400000,2240.57,2243.06,2184.57,2198.21,30645.961332
1770012000000,2198.24,2241.01,2156.97,2227.48,39100.114771
1770015600000,2227.49,2253.89,2217.66,2228.87,17502.791159
1770019200000,2228.68,2258.93,2227.42,2249.41,13936.537553
1770022800000,2249.41,2319.52,2237.84,2291.59,31594.110269
1770026400000,2291.55,2299.77,2274.05,2278.11,11343.833757
1770030000000,2278.11,2298.12,2273.0,2282.3,12258.195436
1770033600000,2282.35,2318.25,2282.2,2311.89,15414.669961
1770037200000,2311.87,2336.02,2302.16,2328.01,13299.213517
1770040800000,2328.0,2368.64,2299.22,2328.69,39900.784268
1770044400000,2328.84,2396.78,2318.04,2372.66,33133.391815
1770048000000,2372.71,2387.89,2350.0,2358.99,18129.516667
1770051600000,2358.99,2381.69,2341.04,2356.6,12943.225116
1770055200000,2356.56,2359.85,2333.8,2344.67,9548.275319
1770058800000,2344.65,2350.74,2327.65,2331.11,8262.897195
1770062400000,2331.1,2341.62,2312.24,2321.38,10370.996413
1770066000000,2321.71,2345.17,2319.0,2341.92,3740.175544
1770069600000,2341.92,2354.7,2335.78,2351.11,3026.983314
1770073200000,2351.14,2356.1,2339.79,2347.0,3040.420036
1770076800000,2346.99,2355.54,2325.17,2354.04,5379.659116
1770080400000,2354.04,2359.78,2337.81,2354.62,2876.592271
1770084000000,2354.63,2355.07,2297.15,2298.7,8781.494389
1770087600000,2298.61,2345.15,2284.0,2343.9,15947.748167
1770091200000,2343.81,2355.76,2333.36,2345.84,5067.298811
1770094800000,2345.84,2346.2,2315.12,2316.52,4862.463782
1770098400000,2316.5,2328.74,2297.9,2320.41,9929.262002
1770102000000,2320.41,2333.78,2312.79,2323.14,10078.544876
1770105600000,2323.15,2332.99,2308.86,2315.77,8573.048189
1770109200000,2315.76,2318.9,2261.78,2292.17,21700.353724
1770112800000,2292.17,2299.75,2276.41,2281.83,6117.266572
1770116400000,2281.84,2288.43,2270.27,2276.56,6802.58065
1770120000000,2276.65,2306.0,2272.23,2301.51,6179.754499
1770123600000,2301.5,2317.51,2296.25,2312.3,6403.682362
1770127200000,2312.5,2317.14,2254.63,2257.17,15621.146494
1770130800000,2257.16,2314.0,2252.0,2303.32,23330.207789
1770134400000,2303.36,2303.9,2235.83,2241.14,27663.907002
1770138000000,2241.13,2244.79,2194.0,2195.0,19753.818944
1770141600000,2195.46,2207.65,2108.0,2120.66,62354.135497
1770145200000,2120.66,2218.77,2112.36,2205.75,33855.873773
1770148800000,2205.71,2345.0,2188.12,2299.56,42347.619388
1770152400000,2299.95,2337.33,2279.32,2283.99,12251.648984
1770156000000,2284.0,2286.4,2228.8,2236.64,10712.710596
1770159600000,2236.61,2248.7,2212.66,2233.81,9782.787279
1770163200000,2233.81,2256.94,2223.83,2241.24,7765.277223
1770166800000,2241.25,2282.19,2241.25,2268.71,6420.239815
1770170400000,2268.61,2276.89,2242.62,2252.11,4783.649706
1770174000000,2252.0,2295.8,2248.82,2283.49,10472.704827
1770177600000,2283.49,2290.0,2270.46,2273.6,5826.586921
1770181200000,2273.6,2280.31,2256.03,2265.48,5210.851213
1770184800000,2265.24,2284.47,2258.36,2277.45,8491.490621
1770188400000,2277.46,2293.27,2263.91,2283.95,10582.34046
1770192000000,2283.94,2286.72,2266.77,2280.07,4273.204552
1770195600000,2280.05,2280.05,2251.55,2261.1,5454.477378
1770199200000,2261.1,2264.58,2250.63,2260.92,3883.374115
1770202800000,2260.91,2268.7,2226.36,2254.88,16471.914734
1770206400000,2254.94,2263.32,2231.73,2243.65,8299.137415
1770210000000,2244.2,2246.27,2197.51,2198.6,12712.905213
1770213600000,2198.56,2227.27,2164.94,2172.06,24582.827258
1770217200000,2172.25,2197.69,2136.7,2151.96,31698.517465
1770220800000,2152.01,2161.21,2105.44,2135.42,34914.781942
1770224400000,2135.41,2155.17,2093.51,2126.41,33934.180226
1770228000000,2126.26,2186.77,2076.88,2148.16,59399.971239
1770231600000,2148.14,2197.03,2133.63,2188.46,35507.075898
1770235200000,2188.51,2193.13,2162.13,2172.25,9115.449416
1770238800000,2172.24,2181.16,2108.6,2129.82,15165.765934
1770242400000,2129.8,2168.73,2087.69,2120.46,17701.254101
1770246000000,2120.28,2166.0,2115.55,2148.11,13080.68494
1770249600000,2148.1,2164.64,2136.8,2150.05,5819.923457
1770253200000,2150.15,2174.62,2123.15,2148.68,10796.724445
1770256800000,2148.61,2163.67,2113.25,2123.62,14501.396716
1770260400000,2124.39,2136.83,2098.55,2110.19,14030.047436
1770264000000,2110.15,2125.7,2078.76,2103.95,21587.161881
1770267600000,2103.91,2124.57,2077.83,2101.69,20700.155949
1770271200000,2101.7,2107.9,2068.0,2087.71,18899.459102
1770274800000,2087.7,2124.44,2086.0,2091.89,18319.587123
1770278400000,2091.9,2121.39,2091.7,2112.03,10310.855681
1770282000000,2112.04,2149.99,2111.21,2133.62,16109.522187
1770285600000,2133.63,2140.55,2086.54,2097.95,13331.36933
1770289200000,2097.95,2105.47,2062.01,2079.88,31574.111763
1770292800000,2079.91,2094.36,2042.79,2063.91,26581.609423
1770296400000,2063.99,2081.61,2049.19,2058.76,18467.878848
1770300000000,2058.77,2106.84,2042.68,2047.07,25318.827234
1770303600000,2046.65,2054.86,1926.97,1961.0,111680.797252
1770307200000,1961.01,2018.28,1944.39,1998.7,48534.338927
1770310800000,1998.75,2001.99,1942.85,1954.8,30110.654175
1770314400000,1954.6,1968.85,1913.47,1949.92,30648.358542
1770318000000,1950.12,1953.24,1918.0,1928.77,12633.427748
1770321600000,1928.92,1942.89,1824.71,1869.6,88576.85092
1770325200000,1869.81,1912.74,1840.21,1850.6,49931.337839
1770328800000,1850.41,1890.0,1816.15,1870.5,34459.379573
1770332400000,1870.5,1907.52,1820.23,1826.71,39471.829504
1770336000000,1826.7,1892.99,1744.0,1870.9,135972.661734
1770339600000,1870.88,1940.44,1870.41,1932.1,45600.274223
1770343200000,1932.09,1947.98,1890.88,1907.6,21231.660923
1770346800000,1907.81,1917.53,1879.43,1892.1,17532.390901
1770350400000,1892.1,1918.3,1886.19,1909.51,13086.899428
1770354000000,1909.2,1975.91,1906.8,1958.77,20798.17469
1770357600000,1958.84,1967.45,1907.0,1909.21,23578.372493
1770361200000,1908.8,1915.66,1887.35,1899.9,23061.723402
1770364800000,1899.71,1907.43,1866.73,1875.09,26618.941898
1770368400000,1875.1,1929.46,1871.62,1919.36,20810.866704
1770372000000,1919.36,1937.17,1910.2,1926.99,14179.017996
1770375600000,1926.95,1939.83,1920.01,1933.2,8897.35913
1770379200000,1932.8,1932.8,1915.05,1921.46,7579.89059
1770382800000,1921.46,1962.99,1919.61,1950.24,17114.016525
1770386400000,1950.24,2003.79,1933.34,1979.0,34254.081899
1770390000000,1979.0,1997.89,1961.12,1980.66,23784.912845
1770393600000,1980.66,2048.19,1971.52,2036.31,37060.344657
1770397200000,2036.31,2091.0,2027.76,2067.41,32252.490834
1770400800000,2067.41,2070.57,2030.5,2045.0,19587.052259
1770404400000,2045.01,2072.49,2033.67,2066.11,12750.582701
1770408000000,2066.11,2094.57,2044.1,2054.02,24290.484957
1770411600000,2054.24,2062.24,2041.98,2054.25,8598.487142
1770415200000,2054.3,2085.88,2046.31,2075.26,11123.100148
1770418800000,2075.25,2087.95,2050.4,2063.3,9866.930702
1770422400000,2063.41,2064.58,2037.15,2043.5,13607.728238
1770426000000,2043.63,2066.8,2033.0,2062.0,11937.514961
1770429600000,2062.0,2065.4,2048.87,2059.47,11216.206047
1770433200000,2059.46,2086.35,2058.44,2080.94,13906.210914
1770436800000,2080.93,2119.79,2079.0,2087.17,19541.402609
1770440400000,2087.17,2103.97,2077.96,2083.87,6737.977836
1770444000000,2083.86,2093.33,2047.21,2047.81,10112.997782
1770447600000,2047.91,2055.98,1993.61,2027.03,38123.908547
1770451200000,2027.19,2032.52,2015.39,2019.29,8537.147444
1770454800000,2019.3,2030.0,2005.24,2014.63,5868.578417
1770458400000,2014.62,2019.8,1999.91,2010.91,5812.449746
1770462000000,2010.71,2021.97,2007.0,2018.92,4359.371166
1770465600000,2018.93,2076.13,2017.08,2041.61,28017.986868
1770469200000,2041.75,2051.34,2028.58,2041.99,8918.164624
1770472800000,2041.99,2050.0,2009.41,2020.55,12327.855891
1770476400000,2020.55,2064.27,2014.51,2052.58,9657.248713
1770480000000,2052.58,2125.0,2006.88,2050.58,228955.901396
1770483600000,2050.4,2073.26,2032.2,2061.03,10283.447067
1770487200000,2061.03,2109.77,2058.57,2096.92,17544.057532
1770490800000,2097.0,2101.1,2083.78,2091.36,3562.445203
1770494400000,2091.21,2115.0,2084.44,2105.17,6055.059925
1770498000000,2105.17,2110.83,2097.68,2100.53,5155.287809
1770501600000,2100.62,2107.5,2087.21,2088.9,2307.605718
1770505200000,2089.03,2095.7,2071.53,2087.31,5912.360751
1770508800000,2087.34,2094.8,2076.83,2084.28,3201.572895
1770512400000,2084.35,2098.12,2082.39,2096.2,5237.907121
1770516000000,2096.23,2107.66,2082.36,2089.2,5441.964769
1770519600000,2089.25,2093.38,2077.15,2078.84,3466.547646
1770523200000,2078.85,2089.1,2066.23,2087.76,4998.392369
1770526800000,2087.76,2088.67,2078.61,2084.75,2653.035258
1770530400000,2084.75,2089.0,2077.07,2079.41,3122.50601
1770534000000,2079.55,2084.6,2068.33,2084.58,5886.418562
1770537600000,2084.58,2125.22,2078.16,2115.8,15129.698873
1770541200000,2115.96,2123.27,2095.22,2100.4,6265.028354
1770544800000,2100.5,2114.3,2083.91,2096.08,7684.167411
1770548400000,2096.1,2138.0,2094.23,2132.15,12499.62302
1770552000000,2132.16,2145.72,2125.69,2131.43,9777.917077
1770555600000,2131.43,2141.47,2117.39,2126.65,9798.36754
1770559200000,2126.64,2129.6,2116.0,2128.93,4993.009465
1770562800000,2128.99,2130.98,2097.17,2108.61,10372.298599
1770566400000,2108.64,2116.47,2072.86,2081.21,8475.965141
1770570000000,2081.02,2099.34,2080.27,2092.28,5081.663173
1770573600000,2092.35,2122.72,2090.69,2109.5,6755.17396
1770577200000,2109.31,2129.71,2107.71,2126.74,3141.909649
1770580800000,2127.0,2127.4,2100.21,2104.66,3207.11575
1770584400000,2104.65,2115.22,2090.0,2094.0,4390.733745
1770588000000,2094.01,2112.5,2093.75,2108.61,3228.069022
1770591600000,2108.69,2152.46,2071.37,2090.01,16110.70635
1770595200000,2090.0,2097.29,2076.3,2084.4,5280.919802
1770598800000,2084.31,2101.23,2054.19,2071.0,13914.68658
1770602400000,2071.0,2095.55,2065.82,2081.65,6247.760276
1770606000000,2081.65,2103.43,2081.36,2100.01,5165.690204
1770609600000,2100.0,2101.79,2086.66,2090.46,4072.306601
1770613200000,2090.45,2097.31,2083.68,2095.78,3695.088069
1770616800000,2095.99,2095.99,2072.63,2081.7,5632.51329
1770620400000,2081.69,2087.87,2065.06,2065.9,7371.957313
1770624000000,2065.9,2070.43,2034.67,2050.04,14176.775364
1770627600000,2049.99,2058.52,2034.67,2042.35,6397.040633
1770631200000,2042.34,2047.56,2013.66,2022.76,12806.49228
1770634800000,2022.83,2036.8,2020.84,2028.3,7967.148633
1770638400000,2028.31,2039.36,2027.42,2035.74,4059.698109
1770642000000,2035.74,2050.34,2022.66,2022.76,5568.828781
1770645600000,2022.76,2050.21,2009.0,2043.69,18117.352554
1770649200000,2043.7,2073.8,2032.6,2061.7,13792.736575
1770652800000,2061.56,2109.87,2047.66,2091.19,13274.772334
1770656400000,2091.11,2138.0,2077.96,2127.43,16670.239852
1770660000000,2127.51,2142.98,2109.41,2130.65,9409.11986
1770663600000,2130.65,2138.22,2119.1,2131.6,7042.971251
1770667200000,2131.59,2148.23,2118.36,2124.73,8834.339665
1770670800000,2124.73,2130.25,2088.67,2122.01,10588.102817
1770674400000,2122.01,2125.79,2111.48,2115.3,4450.455804
1770678000000,2115.31,2122.55,2101.25,2104.79,4124.925061
1770681600000,2104.9,2112.98,2096.41,2096.59,3881.83008
1770685200000,2096.59,2124.85,2096.41,2117.4,4200.011465
1770688800000,2117.3,2121.9,2102.47,2108.35,2864.923245
1770692400000,2108.2,2110.79,2051.65,2065.04,16250.254021
1770696000000,2065.05,2074.7,2063.1,2070.8,5360.633572
1770699600000,2070.81,2072.57,2045.59,2053.36,5816.07257
1770703200000,2053.35,2058.0,1998.01,2009.4,37083.834868
1770706800000,2009.41,2019.67,2000.11,2007.78,20569.804424
1770710400000,2007.8,2018.0,1995.65,2015.14,18405.805498
1770714000000,2015.1,2032.8,2010.33,2017.0,9134.113587
1770717600000,2017.0,2022.68,2010.0,2014.15,5133.203335
1770721200000,2014.15,2022.71,2001.01,2003.2,6592.061091
1770724800000,2003.28,2017.5,2002.93,2008.4,3804.103017
1770728400000,2008.3,2027.79,1997.35,2022.66,10035.364121
1770732000000,2022.65,2040.75,1987.9,2009.89,20968.937125
1770735600000,2009.71,2030.1,2003.85,2022.75,11089.121614
1770739200000,2022.8,2037.91,2012.23,2026.3,7692.285294
1770742800000,2026.21,2047.0,2019.8,2040.51,6623.768785
1770746400000,2040.51,2042.79,1996.0,2009.36,7962.402379
1770750000000,2009.36,2025.86,2003.64,2017.91,3566.554275
1770753600000,2017.91,2021.49,2004.63,2011.68,4256.307064
1770757200000,2011.68,2018.0,1997.01,2008.4,4412.417061
1770760800000,2008.5,2020.47,2007.01,2017.56,2814.232821
1770764400000,2017.55,2022.96,2012.77,2022.84,2209.628786
1770768000000,2022.85,2029.65,2019.42,2025.55,2866.340857
1770771600000,2025.56,2031.0,2016.66,2024.56,2886.057578
1770775200000,2024.55,2032.55,2014.3,2017.7,3724.514977
1770778800000,2017.7,2021.25,1997.59,2009.55,10254.364034
1770782400000,2009.53,2011.19,1963.28,1971.45,23327.057463
1770786000000,1971.55,1981.4,1971.51,1974.51,4194.637337
1770789600000,1974.51,1977.72,1939.0,1949.03,19666.994412
1770793200000,1948.91,1958.7,1945.47,1951.01,5879.363399
1770796800000,1951.06,1953.58,1936.83,1950.11,6963.738363
1770800400000,1950.11,1955.88,1943.16,1946.96,3464.95816
1770804000000,1946.95,1947.0,1932.0,1939.53,5146.400508
1770807600000,1939.44,1956.43,1937.4,1953.57,5965.315786
1770811200000,1953.57,1967.6,1948.78,1952.25,9990.969103
1770814800000,1952.3,1968.78,1942.17,1960.44,17398.820046
1770818400000,1960.45,2015.84,1936.0,1943.19,44484.016618
1770822000000,1943.28,1950.73,1902.23,1929.11,29610.101144
1770825600000,1929.22,1956.07,1909.76,1915.32,14397.328821
1770829200000,1915.32,1942.89,1909.0,1929.83,8552.282557
1770832800000,1929.94,1948.62,1915.79,1944.17,5332.342512
1770836400000,1944.17,1959.6,1938.0,1952.29,5309.56427
1770840000000,1952.29,1958.81,1940.01,1954.0,4424.39219
1770843600000,1954.14,1987.96,1950.75,1970.34,8425.345031
1770847200000,1970.34,1973.0,1946.01,1951.29,4466.518325
1770850800000,1951.29,1956.8,1932.07,1941.03,5560.302057
1770854400000,1941.2,1963.3,1941.2,1958.61,3038.623598
1770858000000,1958.82,1977.73,1958.82,1965.63,3431.197422
1770861600000,1965.62,1971.5,1955.58,1958.84,3652.587668
1770865200000,1958.84,1969.0,1957.14,1968.58,2410.316632
1770868800000,1968.51,1975.97,1960.41,1965.75,3839.382117
1770872400000,1965.7,1971.75,1953.17,1970.41,4652.901891
1770876000000,1970.4,1983.27,1965.71,1975.19,5161.572099
1770879600000,1975.1,1978.31,1966.21,1967.89,3695.834506
1770883200000,1967.89,1974.0,1957.51,1965.66,4176.845396
1770886800000,1965.66,1990.0,1963.34,1982.36,5463.176981
1770890400000,1982.36,1995.55,1976.66,1994.0,4356.204482
1770894000000,1994.14,2001.67,1984.15,1989.02,11074.729138
1770897600000,1989.0,1990.95,1975.02,1980.84,6354.724885
1770901200000,1980.74,1996.72,1975.7,1995.2,4273.11937
1770904800000,1995.08,1996.21,1973.41,1978.4,9204.725271
1770908400000,1978.67,1984.93,1945.23,1948.8,12855.923819
1770912000000,1948.81,1950.47,1896.4,1908.92,25294.015365
1770915600000,1909.04,1927.47,1902.54,1910.51,12879.795759
1770919200000,1910.51,1924.95,1901.92,1918.66,8912.963421
1770922800000,1918.71,1941.0,1911.45,1925.42,7950.39305
1770926400000,1925.41,1932.15,1909.5,1915.76,4104.118259
1770930000000,1915.86,1927.93,1914.3,1923.62,2959.119746
1770933600000,1923.61,1945.65,1920.41,1943.0,3328.188142
1770937200000,1943.0,1952.85,1939.21,1947.94,5371.602084
1770940800000,1947.99,1954.48,1927.77,1933.14,5875.659304
1770944400000,1933.32,1950.32,1933.14,1943.79,3570.425003
1770948000000,1943.8,1952.0,1940.96,1948.15,3477.277778
1770951600000,1948.15,1958.7,1944.25,1953.57,3321.496825
1770955200000,1953.59,1955.73,1943.51,1944.59,2996.133964
1770958800000,1944.6,1946.89,1931.66,1934.18,2867.177451
1770962400000,1934.16,1939.5,1924.72,1936.94,3720.942813
1770966000000,1936.94,1948.83,1932.91,1935.99,4553.91581
1770969600000,1936.0,1964.8,1934.0,1958.98,6514.774272
1770973200000,1958.97,1967.63,1953.2,1961.94,4625.943453
1770976800000,1961.98,1969.33,1956.6,1959.32,2958.818135
1770980400000,1959.32,1962.7,1945.26,1960.32,4336.843766
1770984000000,1960.25,1964.92,1952.73,1961.0,2682.852903
1770987600000,1961.01,1981.43,1956.01,1970.57,9820.714184
1770991200000,1970.55,2002.49,1963.21,1990.95,17718.964319
1770994800000,1991.0,2050.58,1987.01,2035.07,27733.870932
1770998400000,2034.81,2072.8,2031.26,2061.29,24108.805033
1771002000000,2061.19,2068.09,2049.0,2059.3,8601.881738
1771005600000,2059.29,2064.55,2050.59,2057.38,4226.562115
1771009200000,2057.38,2062.27,2052.58,2058.8,49041.910957
1771012800000,2058.8,2060.79,2038.75,2045.67,18137.618028
1771016400000,2045.8,2058.57,2045.19,2054.09,3412.438563
1771020000000,2054.01,2059.59,2045.22,2054.38,2583.054143
1771023600000,2054.39,2054.52,2046.57,2048.91,3595.783313
1771027200000,2048.82,2056.0,2042.23,2055.39,3463.017684
1771030800000,2055.15,2057.76,2050.66,2054.35,1212.915742
1771034400000,2054.36,2054.63,2048.26,2050.3,1568.526374
1771038000000,2050.3,2056.21,2048.61,2054.44,2847.469758
1771041600000,2054.45,2058.07,2052.6,2053.39,1612.640231
1771045200000,2053.39,2056.23,2050.81,2051.1,6114.218504
1771048800000,2051.11,2054.64,2048.49,2053.6,1574.633586
1771052400000,2053.6,2060.73,2050.66,2056.95,4919.056386
1771056000000,2056.96,2092.0,2056.96,2082.16,10724.129113
1771059600000,2082.15,2088.84,2075.77,2078.25,3323.158549
1771063200000,2078.3,2078.3,2072.7,2077.36,2183.087249
1771066800000,2077.36,2107.95,2077.36,2099.41,9601.7496
1771070400000,2099.41,2100.0,2068.08,2071.04,10153.814461
1771074000000,2070.96,2076.32,2064.8,2071.69,4204.146432
1771077600000,2071.75,2088.97,2069.3,2085.16,3863.362857
1771081200000,2085.17,2094.06,2081.08,2087.51,3013.182233
1771084800000,2087.51,2088.2,2067.78,2082.85,3816.855571
1771088400000,2082.95,2089.26,2077.61,2080.45,2179.749503
1771092000000,2080.46,2086.99,2078.95,2085.51,1256.978338
1771095600000,2085.55,2090.77,2078.71,2088.52,1262.389752
1771099200000,2088.53,2093.01,2081.3,2089.96,2241.552326
1771102800000,2089.96,2099.41,2078.5,2086.14,3546.989156
1771106400000,2086.15,2095.2,2083.84,2090.54,2296.44746
1771110000000,2090.54,2093.6,2083.91,2086.69,2095.763087
1771113600000,2086.7,2091.2,2072.08,2080.29,4892.028168
1771117200000,2080.21,2085.0,2053.76,2064.16,6270.784128
1771120800000,2064.15,2072.43,2045.28,2060.0,6275.900741
1771124400000,2059.97,2063.6,2036.0,2059.26,14567.809722
1771128000000,2059.26,2087.84,2059.26,2076.55,13808.665365
1771131600000,2076.6,2096.48,2075.26,2088.8,3996.396654
1771135200000,2088.8,2094.97,2082.86,2086.01,3019.997519
1771138800000,2086.02,2103.83,2082.58,2091.51,12294.409652
1771142400000,2091.5,2096.82,2056.0,2069.31,7964.995458
1771146000000,2069.31,2079.03,2066.25,2068.65,3473.341888
1771149600000,2068.65,2070.35,2054.45,2061.74,3343.589771
1771153200000,2061.73,2067.19,2058.65,2061.99,1329.865378
1771156800000,2062.0,2069.23,2010.81,2010.81,14163.68901
1771160400000,2010.82,2028.29,1993.99,2002.66,16906.01552
1771164000000,2002.65,2012.64,1993.0,2010.6,7910.80618
1771167600000,2010.59,2015.61,2002.6,2011.64,3522.100504
1771171200000,2011.61,2011.64,1993.0,2006.61,6745.890449
1771174800000,2006.61,2009.22,1957.26,1970.97,19801.191308
1771178400000,1971.31,1981.57,1953.36,1959.77,17760.646576
1771182000000,1959.67,1962.08,1929.39,1942.33,21006.57377
1771185600000,1942.34,1958.54,1934.5,1950.46,5160.40228
1771189200000,1950.47,1966.32,1950.14,1958.59,4273.254778
1771192800000,1958.48,1974.99,1956.7,1970.2,3926.603934
1771196400000,1970.39,1970.93,1944.76,1966.59,6825.316017
1771200000000,1966.59,1979.17,1963.37,1969.41,5050.606529
1771203600000,1969.41,1981.47,1956.88,1963.21,4381.781565
1771207200000,1963.21,1966.89,1952.73,1957.04,3944.480242
1771210800000,1957.1,1959.98,1948.94,1958.94,3505.436816
1771214400000,1958.95,1973.2,1958.68,1973.19,2555.761938
1771218000000,1973.19,1974.39,1953.0,1958.1,2593.141283
1771221600000,1958.06,1967.77,1955.97,1967.17,2022.852104
1771225200000,1967.17,1978.85,1964.66,1971.49,7473.084342
1771228800000,1971.49,1978.93,1969.97,1977.4,3031.962278
1771232400000,1977.4,1994.0,1976.31,1987.74,5343.636158
1771236000000,1987.65,1988.8,1977.38,1979.0,2243.237919
1771239600000,1979.01,1984.42,1957.4,1976.25,6930.609641
1771243200000,1976.26,2009.99,1972.69,2006.89,7395.375039
1771246800000,2006.55,2023.78,1961.29,1968.23,13376.038801
1771250400000,1967.82,1983.54,1951.26,1973.13,7188.901485
1771254000000,1973.13,1986.22,1937.36,1956.61,14751.843994
1771257600000,1956.76,1980.25,1956.28,1973.61,5521.644826
1771261200000,1973.6,1988.59,1964.37,1978.91,4645.319313
1771264800000,1978.91,1985.78,1966.97,1968.8,2073.289359
1771268400000,1968.8,1979.97,1966.0,1974.17,1466.898747
1771272000000,1974.3,1995.92,1971.33,1993.42,3908.981126
1771275600000,1993.28,2004.39,1986.45,1999.35,2654.098126
1771279200000,1999.35,2002.75,1984.86,1990.3,4252.730112
1771282800000,1990.26,2002.54,1989.05,1998.32,2197.834279
1771286400000,1998.32,2006.68,1993.35,1998.45,2180.741543
1771290000000,1998.45,2008.15,1990.82,1991.7,3459.852702
1771293600000,1991.69,2008.88,1979.71,1998.62,6598.546591
1771297200000,1998.7,1999.24,1984.44,1985.85,4143.453508
1771300800000,1985.86,1998.43,1982.38,1989.5,3269.488448
1771304400000,1989.49,1991.1,1964.67,1975.77,5502.30277
1771308000000,1975.78,1984.98,1975.68,1981.02,2206.760288
1771311600000,1981.0,1988.44,1973.51,1985.96,3579.956127
1771315200000,1985.99,1990.9,1973.81,1976.95,4080.452879
1771318800000,1977.0,1979.99,1970.0,1976.11,2139.491037
1771322400000,1976.1,1977.83,1961.54,1967.02,3627.822145
1771326000000,1967.25,1972.69,1964.28,1968.73,2586.816864
1771329600000,1968.72,1977.14,1967.32,1969.89,3302.127716
1771333200000,1969.95,1999.92,1965.0,1990.55,6746.787474
1771336800000,1990.56,2002.95,1944.2,1948.61,17223.480486
1771340400000,1948.73,1969.59,1941.67,1968.75,11251.619886
1771344000000,1968.78,2010.66,1967.7,1980.51,13100.09927
1771347600000,1980.51,1984.31,1954.06,1966.41,8293.820326
1771351200000,1966.32,2007.63,1961.93,1998.67,10265.839639
1771354800000,1998.68,2015.89,1995.2,1998.26,7629.398447
1771358400000,1998.26,2001.65,1987.38,1994.74,3854.245146
1771362000000,1994.74,2003.06,1991.8,1999.66,1927.606528
1771365600000,1999.76,2004.38,1992.8,1994.0,2696.520375
1771369200000,1994.0,1998.52,1989.66,1991.69,2551.602796
1771372800000,1991.8,1997.99,1981.25,1981.51,2278.622412
1771376400000,1981.55,1983.99,1968.57,1978.15,5490.448302
1771380000000,1978.16,1992.9,1977.61,1987.55,3526.453069
1771383600000,1987.61,2000.24,1986.61,1996.67,2580.818177
1771387200000,1996.67,2002.48,1993.24,1999.14,2646.348536
1771390800000,1999.14,2002.79,1995.8,1996.16,2575.264505
1771394400000,1996.16,2008.29,1995.4,2002.0,2479.33858
1771398000000,2002.0,2023.67,1996.4,2017.8,7838.823872
1771401600000,2017.86,2039.0,2017.03,2020.4,10639.25981
1771405200000,2020.43,2022.81,2014.9,2016.44,1981.729891
1771408800000,2016.45,2018.32,1995.51,1997.1,5358.648865
1771412400000,1997.15,1998.21,1976.5,1981.41,8166.475186
1771416000000,1981.41,1989.28,1971.63,1982.38,4047.48198
1771419600000,1982.39,1994.49,1961.56,1970.8,7244.325846
1771423200000,1970.79,1976.84,1954.0,1974.8,11525.318173
1771426800000,1974.95,2010.1,1973.61,1985.46,13607.2841
1771430400000,1985.46,1985.84,1965.04,1971.81,8732.624341
1771434000000,1971.81,1987.74,1970.81,1974.34,4746.588152
1771437600000,1974.4,1977.64,1949.5,1952.78,16018.373407
1771441200000,1952.76,1961.69,1923.44,1941.09,15313.170842
1771444800000,1941.1,1952.75,1935.79,1939.74,6016.963245
1771448400000,1939.75,1948.56,1936.0,1941.98,3154.011501
1771452000000,1941.99,1950.12,1939.76,1948.21,1889.821354
1771455600000,1948.4,1956.7,1944.46,1956.02,3568.909863
1771459200000,1956.06,1961.25,1950.51,1956.6,1654.978011
1771462800000,1956.36,1975.75,1956.35,1967.09,5247.356431
1771466400000,1967.15,1973.09,1962.63,1967.9,3487.134862
1771470000000,1967.95,1973.33,1963.2,1972.35,1814.845009
1771473600000,1972.4,1979.62,1969.1,1969.56,3233.856252
1771477200000,1969.56,1972.8,1964.25,1970.41,1720.663763
1771480800000,1970.4,1985.16,1970.16,1983.1,3174.204627
1771484400000,1983.11,1987.4,1979.01,1981.77,4892.120298
1771488000000,1981.75,1982.48,1966.36,1970.22,4937.272266
1771491600000,1970.59,1980.36,1961.96,1963.9,3598.926394
1771495200000,1963.9,1968.79,1957.7,1959.69,3408.404409
1771498800000,1959.88,1964.38,1948.0,1949.77,3585.729873
1771502400000,1949.67,1956.3,1945.12,1947.7,4038.667341
1771506000000,1947.7,1948.59,1911.36,1921.52,13495.857782
1771509600000,1921.52,1948.55,1912.37,1936.97,10341.809232
1771513200000,1937.0,1947.72,1913.23,1926.53,11952.481815
1771516800000,1926.47,1929.99,1906.2,1922.1,8775.767185
1771520400000,1922.12,1944.92,1910.62,1920.81,9232.423204
1771524000000,1920.78,1944.56,1916.8,1939.6,6813.113101
1771527600000,1939.72,1947.67,1927.86,1941.43,3366.050169
1771531200000,1941.18,1952.51,1934.87,1950.13,3520.613895
1771534800000,1950.11,1952.54,1945.7,1948.57,1880.473611
1771538400000,1948.61,1948.61,1936.81,1943.89,3367.40491
1771542000000,1944.09,1951.2,1942.16,1948.75,3156.74979
1771545600000,1948.83,1964.58,1947.2,1957.36,6244.307985
1771549200000,1957.4,1961.44,1949.55,1953.59,3576.417072
1771552800000,1953.69,1956.55,1947.48,1949.25,2941.824309
1771556400000,1949.39,1960.56,1949.36,1954.9,3341.506889
1771560000000,1954.89,1956.12,1930.86,1939.2,6390.420916
1771563600000,1939.23,1965.41,1936.32,1955.09,5984.683937
1771567200000,1955.11,1960.5,1949.59,1958.42,4500.941319
1771570800000,1958.43,1968.8,1957.04,1960.91,5494.184318
1771574400000,1960.9,1966.4,1957.04,1959.92,2953.237989
1771578000000,1959.89,1972.45,1959.89,1967.9,5419.125081
1771581600000,1967.9,1973.46,1956.54,1957.48,4704.866992
1771585200000,1957.49,1957.49,1940.54,1943.96,4924.063775
1771588800000,1943.97,1951.94,1942.37,1949.89,2214.241155
1771592400000,1949.89,1949.89,1923.23,1934.09,7128.394018
1771596000000,1934.09,1954.54,1933.16,1943.56,6188.0529
1771599600000,1943.7,1980.51,1935.15,1963.97,22974.37809
1771603200000,1963.83,1973.35,1953.87,1968.45,10379.291848
1771606800000,1968.44,1971.0,1939.2,1966.53,10685.21313
1771610400000,1966.53,1981.57,1959.5,1975.53,11232.059183
1771614000000,1975.54,1978.39,1961.4,1963.69,3676.389719
1771617600000,1963.7,1971.1,1961.6,1971.1,1013.42986
1771621200000,1970.79,1974.99,1967.05,1974.41,2278.27055
1771624800000,1974.41,1974.41,1964.2,1971.26,2332.012326
1771628400000,1971.2,1973.55,1963.41,1968.84,1987.429762
1771632000000,1968.85,1969.4,1961.29,1963.2,1296.006381
1771635600000,1963.25,1969.4,1963.0,1966.22,1726.976093
1771639200000,1966.25,1970.65,1964.66,1965.71,1292.79095
1771642800000,1965.71,1966.1,1955.62,1959.21,1600.994578
1771646400000,1959.25,1963.44,1956.25,1962.49,978.493198
1771650000000,1962.49,1964.6,1961.12,1962.95,787.914247
1771653600000,1962.95,1966.23,1960.64,1961.56,3061.165757
1771657200000,1961.56,1965.1,1960.0,1962.96,764.143554
1771660800000,1962.95,1971.32,1962.26,1969.02,1518.004907
1771664400000,1969.02,1977.77,1967.24,1970.28,3921.928099
1771668000000,1970.28,1974.99,1970.12,1974.0,3529.356005
1771671600000,1974.0,1988.5,1973.65,1977.09,4457.809504
1771675200000,1977.06,1978.26,1969.26,1975.95,2897.291112
1771678800000,1975.94,1981.6,1972.66,1981.23,1187.507157
1771682400000,1981.22,1996.26,1978.57,1987.4,7803.236033
1771686000000,1987.4,1993.35,1984.18,1987.95,2951.137991
1771689600000,1988.06,1989.88,1976.5,1986.44,5926.23901
1771693200000,1986.45,1992.54,1984.47,1988.94,1334.608968
1771696800000,1988.94,1995.5,1987.66,1991.98,3098.984412
1771700400000,1992.01,1994.85,1988.0,1988.54,1287.729484
1771704000000,1988.55,1990.64,1972.94,1974.4,4422.977588
1771707600000,1974.31,1982.87,1970.0,1982.3,2375.968472
1771711200000,1982.3,1982.74,1972.21,1974.37,1397.625153
1771714800000,1974.4,1978.01,1971.1,1973.6,1450.927256
1771718400000,1973.56,1975.51,1967.91,1973.04,2132.500325
1771722000000,1973.04,1980.0,1972.5,1977.53,1689.224036
1771725600000,1977.52,1983.29,1972.32,1972.51,1655.215237
1771729200000,1972.51,1976.5,1967.49,1975.01,1793.496234
1771732800000,1975.0,1976.44,1971.26,1973.96,1002.880682
1771736400000,1973.97,1975.34,1971.1,1975.25,747.501061
1771740000000,1975.26,1979.53,1974.33,1976.18,2272.640781
1771743600000,1976.19,1978.95,1974.42,1976.2,1241.153213
1771747200000,1976.19,1977.2,1970.6,1973.51,1218.522625
1771750800000,1973.51,1976.46,1971.86,1975.81,905.545172
1771754400000,1975.81,1980.8,1974.98,1977.64,1478.036218
1771758000000,1977.65,1983.21,1977.56,1980.7,1569.55955
1771761600000,1980.7,1981.48,1962.06,1966.55,5222.488618
1771765200000,1966.53,1968.82,1945.0,1951.37,7067.602523
1771768800000,1951.36,1954.86,1943.78,1950.78,4992.683143
1771772400000,1950.85,1959.0,1946.06,1954.05,3726.215289
1771776000000,1954.06,1955.82,1947.64,1952.76,2762.607308
1771779600000,1952.77,1953.8,1935.03,1940.44,4715.369446
1771783200000,1940.44,1944.38,1938.75,1943.09,1724.825429
1771786800000,1943.09,1946.04,1940.72,1944.04,627.812475
1771790400000,1944.05,1946.09,1940.16,1941.2,773.097806
1771794000000,1941.2,1952.58,1941.2,1950.65,1319.002322
1771797600000,1950.65,1962.14,1946.7,1958.6,2305.84316
1771801200000,1958.56,1961.21,1948.56,1957.97,3143.449498
1771804800000,1957.98,1958.4,1928.03,1929.26,5329.366687
1771808400000,1929.26,1929.26,1846.67,1856.54,73190.500459
1771812000000,1856.45,1868.92,1850.91,1863.3,12985.471855
1771815600000,1863.3,1871.79,1856.03,1862.9,7079.667142
1771819200000,1862.9,1864.97,1853.65,1859.86,4934.223153
1771822800000,1859.86,1870.5,1859.8,1865.76,7688.421316
1771826400000,1865.76,1882.69,1864.1,1879.2,10166.857253
1771830000000,1879.21,1888.85,1876.62,1885.26,9067.463503
1771833600000,1885.26,1890.0,1876.5,1880.56,5309.637189
1771837200000,1880.56,1918.7,1880.56,1918.01,13059.194875
1771840800000,1917.88,1928.0,1912.02,1913.75,7678.560442
1771844400000,1913.73,1920.51,1910.77,1915.26,12445.216248
1771848000000,1915.25,1926.49,1905.5,1919.94,16492.403612
1771851600000,1919.94,1935.36,1918.67,1921.6,10355.03982
1771855200000,1921.6,1925.29,1895.03,1906.92,20119.183546
1771858800000,1906.91,1913.21,1892.6,1895.61,10274.986442
1771862400000,1895.61,1900.0,1880.76,1884.61,9566.215883
1771866000000,1884.61,1888.14,1837.43,1864.09,22387.721984
1771869600000,1863.94,1874.35,1855.09,1857.7,5467.453485
1771873200000,1857.7,1864.8,1846.5,1857.11,4314.278059
1771876800000,1857.15,1862.56,1846.92,1860.75,4035.748697
1771880400000,1860.74,1869.2,1858.57,1863.61,3036.079671
1771884000000,1863.56,1870.13,1860.0,1860.16,3724.298275
1771887600000,1860.2,1867.14,1851.02,1856.51,4377.687161
1771891200000,1856.51,1869.69,1855.45,1867.9,3362.733668
1771894800000,1867.89,1867.95,1811.6,1840.65,26541.018145
1771898400000,1840.82,1854.58,1837.02,1843.56,5499.444361
1771902000000,1843.55,1843.55,1823.11,1831.95,8419.265824
1771905600000,1831.95,1834.07,1813.72,1830.9,10145.299217
1771909200000,1830.89,1840.6,1814.06,1826.38,7910.24554
1771912800000,1826.35,1831.41,1818.02,1820.87,4538.759003
1771916400000,1820.9,1832.01,1815.19,1825.85,8812.235789
1771920000000,1825.81,1836.36,1818.62,1831.7,6023.621364
1771923600000,1831.5,1834.6,1815.17,1827.11,8002.794993
1771927200000,1827.1,1829.5,1820.6,1825.92,6585.845104
1771930800000,1825.95,1827.55,1818.36,1826.81,4640.270565
1771934400000,1826.81,1830.52,1821.26,1824.01,3482.354277
1771938000000,1824.02,1827.64,1798.16,1815.69,18751.369174
1771941600000,1815.68,1848.0,1803.62,1834.75,16437.045327
1771945200000,1834.71,1850.0,1828.33,1847.35,9197.324543
1771948800000,1847.36,1863.42,1838.12,1858.6,13412.785742
1771952400000,1858.53,1865.29,1849.37,1855.33,9357.359825
1771956000000,1855.27,1860.42,1845.33,1854.95,3440.065421
1771959600000,1854.94,1862.6,1846.92,1852.32,2583.232521
1771963200000,1852.32,1862.35,1849.29,1858.51,1778.774787
1771966800000,1858.36,1858.5,1845.46,1853.95,2858.61144
1771970400000,1853.93,1864.16,1852.66,1860.45,2058.82668
1771974000000,1860.45,1860.55,1851.09,1851.8,2210.0174
1771977600000,1851.88,1856.54,1846.46,1851.8,2332.229006
1771981200000,1851.8,1924.33,1850.41,1918.35,34513.397603
1771984800000,1918.34,1945.38,1917.96,1920.86,13471.438111
1771988400000,1920.86,1922.8,1903.45,1906.24,12153.656546
1771992000000,1906.24,1914.44,1894.46,1906.6,10907.405259
1771995600000,1906.41,1908.49,1878.27,1888.02,7847.861519
1771999200000,1888.03,1896.49,1885.01,1885.39,1959.554675
1772002800000,1885.4,1895.22,1882.21,1893.42,4749.561356
1772006400000,1893.35,1913.98,1890.22,1910.37,4835.622527
1772010000000,1910.32,1917.84,1907.73,1915.45,4989.09748
1772013600000,1915.44,1923.98,1910.55,1912.72,5824.716348
1772017200000,1912.71,1928.56,1907.96,1926.51,6905.607698
1772020800000,1926.56,1956.73,1922.26,1953.55,14150.181064
1772024400000,1953.56,1977.15,1952.54,1964.58,15006.24309
1772028000000,1964.59,2002.62,1962.2,1997.54,18584.601336
1772031600000,1997.54,2028.77,1986.66,2013.73,30402.156862
1772035200000,2013.84,2049.76,2013.56,2046.79,24011.157106
1772038800000,2046.57,2087.41,2044.46,2074.13,31047.45174
1772042400000,2074.09,2081.58,2057.05,2073.88,10480.140182
1772046000000,2073.9,2075.0,2059.5,2071.05,7656.89139
1772049600000,2071.1,2084.54,2058.5,2075.23,13386.475224
1772053200000,2075.23,2150.0,2065.79,2100.56,47304.326675
1772056800000,2100.99,2115.61,2073.84,2083.24,14063.564563
1772060400000,2083.03,2087.25,2034.41,2057.5,21877.672122
1772064000000,2057.5,2076.54,2047.66,2062.38,9456.969585
1772067600000,2062.41,2066.94,2049.56,2058.45,5142.716094
1772071200000,2058.46,2059.14,2039.36,2053.36,7549.366709
1772074800000,2053.36,2059.27,2047.28,2054.19,3760.12435
1772078400000,2054.35,2082.74,2051.96,2074.93,5848.625397
1772082000000,2075.15,2075.58,2056.81,2066.55,5647.29554
1772085600000,2066.36,2076.5,2059.83,2062.78,4815.529036
1772089200000,2062.78,2068.66,2051.7,2053.13,7147.334547
1772092800000,2053.12,2059.43,2044.85,2054.7,8070.52834
1772096400000,2054.56,2077.36,2053.01,2075.02,6633.645476
1772100000000,2075.01,2083.62,2062.37,2065.47,4243.405509
1772103600000,2065.48,2067.58,2053.6,2057.55,2544.884711
1772107200000,2057.55,2071.98,2055.44,2070.0,2949.252808
1772110800000,2069.99,2073.8,2061.04,2065.25,3282.294804
1772114400000,2065.26,2077.99,2034.19,2051.35,15700.039589
1772118000000,2051.08,2053.13,2011.6,2033.32,21057.195741
1772121600000,2033.33,2037.85,1977.64,1983.94,21729.315073
1772125200000,1983.93,1999.21,1982.02,1988.22,8976.590595
1772128800000,1988.21,2009.95,1975.3,2004.03,11417.273184
1772132400000,2004.03,2034.04,2003.6,2029.96,11174.532318
1772136000000,2029.92,2041.94,2021.48,2023.49,5293.167952
1772139600000,2023.4,2034.79,2017.89,2030.24,3480.174114
1772143200000,2030.24,2037.5,2027.11,2033.09,1292.282694
1772146800000,2033.07,2033.39,2023.77,2027.62,2036.359381
1772150400000,2027.56,2030.49,2008.06,2014.83,5678.966976
1772154000000,2014.77,2022.64,2000.44,2021.83,16236.026128
1772157600000,2021.84,2034.37,2019.24,2025.9,3112.459454
1772161200000,2026.04,2049.53,2019.48,2045.2,3775.671596
1772164800000,2045.21,2063.65,2038.73,2042.59,10213.681905
1772168400000,2042.64,2049.24,2038.5,2041.61,3385.429908
1772172000000,2041.61,2042.74,2028.58,2036.13,3268.894152
1772175600000,2036.14,2041.66,2022.4,2032.6,5771.862816
1772179200000,2032.59,2045.89,2028.42,2033.93,5409.376235
1772182800000,2033.95,2042.3,2008.49,2010.36,5901.573856
1772186400000,2010.19,2013.81,1978.72,1980.81,14518.895914
1772190000000,1980.9,1984.35,1953.42,1962.06,13632.627578
1772193600000,1962.06,1969.0,1949.5,1960.1,8194.105537
1772197200000,1960.13,1967.95,1938.87,1963.37,11373.275167
1772200800000,1963.36,1964.44,1940.04,1942.92,9220.604122
1772204400000,1942.85,1959.19,1940.45,1948.65,7982.758075
1772208000000,1948.64,1948.89,1924.24,1927.13,11919.61206
1772211600000,1927.06,1935.11,1907.31,1932.26,9647.41727
1772215200000,1932.33,1933.17,1915.51,1918.18,2266.060084
1772218800000,1918.19,1923.5,1912.35,1921.3,1738.87996
1772222400000,1921.3,1929.4,1920.25,1923.23,1921.936107
1772226000000,1923.32,1933.97,1917.44,1921.35,1635.948046
1772229600000,1921.35,1927.4,1886.48,1921.48,8850.329651
1772233200000,1921.36,1933.03,1919.98,1929.81,3116.218299
1772236800000,1929.81,1937.0,1924.39,1932.44,3299.894479
1772240400000,1932.49,1936.17,1919.66,1924.56,2509.746913
1772244000000,1924.51,1932.39,1922.44,1930.24,982.501989
1772247600000,1930.24,1931.23,1920.62,1924.35,1960.244064
1772251200000,1924.36,1932.45,1914.47,1925.12,3238.357365
1772254800000,1925.23,1928.16,1914.32,1920.1,1483.684729
1772258400000,1920.1,1920.44,1835.47,1842.86,36283.517105
1772262000000,1842.86,1885.65,1835.7,1866.72,26252.073108
1772265600000,1866.73,1868.58,1848.93,1852.64,10115.382968
1772269200000,1852.62,1863.67,1845.0,1855.16,5973.538959
1772272800000,1855.15,1868.85,1848.93,1865.13,6700.955945
1772276400000,1865.13,1881.13,1861.6,1863.41,6857.638989
1772280000000,1863.46,1874.48,1862.61,1868.61,2586.801694
1772283600000,1868.73,1910.22,1865.29,1905.69,16683.653651
1772287200000,1905.46,1916.1,1883.15,1887.81,14561.783636
1772290800000,1887.81,1904.69,1873.49,1898.67,9043.762958
1772294400000,1898.67,1910.5,1891.81,1904.02,4619.019556
1772298000000,1904.0,1911.69,1885.71,1907.01,7168.124202
1772301600000,1907.0,1947.05,1900.95,1936.02,11811.133305
1772305200000,1936.02,1955.21,1920.45,1947.29,15006.505745
1772308800000,1947.23,1972.5,1938.78,1965.9,12120.765241
1772312400000,1965.9,1968.02,1945.36,1957.7,5453.110886
1772316000000,1957.7,1985.0,1955.36,1965.57,6021.595134
1772319600000,1965.37,1969.68,1956.92,1964.3,3176.482336
1772323200000,1964.31,1969.36,1954.53,1962.45,3298.633993
1772326800000,1962.37,2023.3,1943.54,2012.3,16684.789247
1772330400000,2012.54,2055.0,2008.66,2032.82,26787.246721
1772334000000,2032.57,2039.08,2016.62,2022.95,7088.142398
1772337600000,2022.98,2030.11,1998.28,2015.65,9528.046047
1772341200000,2015.66,2023.2,2009.53,2010.96,7849.155647
1772344800000,2010.96,2012.5,1988.92,1998.44,10336.756842
1772348400000,1998.44,2009.29,1992.66,2007.03,7473.732089
1772352000000,2007.02,2010.2,1980.53,1985.79,7054.355801
1772355600000,1986.0,1995.8,1973.76,1980.65,7239.148853
1772359200000,1980.65,1992.8,1972.02,1984.8,4595.406887
1772362800000,1984.66,1989.72,1982.04,1983.15,1825.489684
1772366400000,1983.16,1988.81,1976.3,1978.09,2629.992599
1772370000000,1978.1,2025.0,1968.5,2006.84,10677.001088
1772373600000,2006.79,2028.0,1993.47,2000.21,9544.596994
1772377200000,2000.34,2016.4,1992.1,1993.34,9697.46925
1772380800000,1993.35,2009.5,1960.55,1974.04,13862.973958
1772384400000,1974.04,1976.0,1952.87,1961.2,6504.337633
1772388000000,1961.2,1997.06,1960.38,1975.77,9116.26356
1772391600000,1975.77,1976.73,1947.0,1954.12,5843.347487
1772395200000,1954.11,1955.04,1907.4,1913.92,14094.311996
1772398800000,1913.94,1932.49,1912.55,1929.06,4006.83823
1772402400000,1929.06,1970.19,1914.6,1924.61,13920.258443
1772406000000,1924.68,1948.33,1918.75,1939.68,6778.945936
1772409600000,1939.7,1967.52,1937.41,1961.01,9616.462921
1772413200000,1961.0,1989.44,1959.74,1963.79,7163.76623
1772416800000,1963.84,1966.41,1939.57,1955.64,7015.936566
1772420400000,1955.61,1979.98,1948.07,1972.09,9980.720935
1772424000000,1972.1,1980.12,1968.07,1972.99,4174.61044
1772427600000,1972.98,1984.13,1962.48,1971.08,3305.551021
1772431200000,1971.09,1971.28,1937.44,1943.6,6790.646913
1772434800000,1943.61,1945.25,1925.76,1941.63,6036.664227
1772438400000,1941.69,1952.09,1919.71,1949.35,8898.423539
1772442000000,1949.21,1967.26,1946.65,1948.01,8480.920724
1772445600000,1948.0,1956.92,1944.0,1952.52,2664.853456
1772449200000,1952.49,1955.51,1935.72,1947.85,7416.755133
1772452800000,1947.79,1949.2,1930.79,1938.5,4347.607102
1772456400000,1938.42,1944.92,1922.78,1927.96,5091.885602
1772460000000,1927.95,1985.71,1921.7,1979.75,20092.287787
1772463600000,1979.58,2065.54,1974.42,2047.7,40874.798537
1772467200000,2047.73,2090.9,2043.35,2064.27,22887.501322
1772470800000,2064.21,2066.56,2025.65,2041.23,9856.805039
1772474400000,2041.01,2041.09,2024.23,2029.32,5614.321047
1772478000000,2029.33,2050.6,2016.72,2043.6,6539.114459
1772481600000,2043.51,2057.65,2025.12,2035.42,8383.390575
1772485200000,2035.52,2047.92,2029.38,2043.19,3170.4492
1772488800000,2043.19,2058.69,2041.43,2053.81,2983.267215
1772492400000,2053.82,2055.45,2024.94,2027.5,6924.619724
1772496000000,2027.5,2039.36,2018.71,2035.44,4679.946295
1772499600000,2035.45,2041.71,2019.78,2019.89,4859.887191
1772503200000,2020.04,2022.61,1998.04,2013.84,11392.844917
1772506800000,2013.96,2017.0,2005.56,2008.85,3618.26087
1772510400000,2008.85,2013.75,1997.3,1999.99,5093.685905
1772514000000,1999.99,2019.57,1987.5,1993.44,6766.485331
1772517600000,1993.55,2002.07,1988.38,1999.49,6016.841131
1772521200000,1999.48,2003.8,1993.36,1996.42,2205.731902
1772524800000,1996.43,2000.85,1948.19,1953.3,17014.402526
1772528400000,1953.46,1968.93,1939.41,1951.69,13837.751457
1772532000000,1951.57,1964.31,1945.36,1958.34,5845.697657
1772535600000,1958.34,1966.88,1951.88,1961.35,4432.192114
1772539200000,1961.36,1990.35,1960.9,1967.71,6393.479305
1772542800000,1967.71,1968.85,1943.86,1952.43,7006.183758
1772546400000,1952.36,1977.62,1929.0,1943.01,16504.901769
1772550000000,1943.0,1972.79,1931.89,1969.46,11721.200094
1772553600000,1969.17,2013.94,1958.73,1983.8,19872.261486
1772557200000,1983.88,1985.6,1959.19,1980.38,7755.142713
1772560800000,1980.42,2000.35,1969.66,1988.2,6247.935257
1772564400000,1988.25,1994.33,1977.01,1986.08,4083.753697
1772568000000,1986.09,1989.81,1969.7,1978.3,1985.777526
1772571600000,1978.34,1978.41,1959.35,1968.44,2763.800423
1772575200000,1968.49,1987.85,1968.21,1983.48,2655.600752
1772578800000,1983.11,2001.61,1981.17,1982.82,5716.748882
1772582400000,1982.82,1986.75,1962.0,1976.86,4971.004828
1772586000000,1976.67,1998.76,1970.07,1981.92,5065.409261
1772589600000,1981.46,1983.17,1968.88,1979.17,3985.945704
1772593200000,1979.17,1979.99,1945.01,1961.29,9408.399992
1772596800000,1961.17,1964.54,1950.63,1960.34,3580.825258
1772600400000,1960.4,1977.57,1955.77,1971.14,4331.841786
1772604000000,1971.19,1986.51,1963.22,1980.11,4408.910693
1772607600000,1980.12,2010.29,1974.71,2006.61,8734.793023
1772611200000,2006.64,2066.55,2000.49,2063.63,24933.480554
1772614800000,2063.62,2089.44,2055.31,2075.18,23082.009691
1772618400000,2075.11,2093.55,2065.13,2072.35,14307.948778
1772622000000,2072.35,2078.28,2046.66,2054.72,11390.672636
1772625600000,2054.89,2059.25,2036.37,2054.56,6459.315073
1772629200000,2054.64,2068.85,2053.09,2064.65,7629.400761
1772632800000,2064.64,2110.74,2063.01,2079.64,28975.123447
1772636400000,2079.8,2157.23,2078.67,2150.26,45891.619466
1772640000000,2150.25,2166.0,2126.56,2142.79,24848.611764
1772643600000,2142.51,2156.51,2129.81,2146.05,9425.019366
1772647200000,2146.0,2165.0,2138.07,2163.44,15128.330955
1772650800000,2163.5,2200.0,2161.35,2177.84,32152.677839
1772654400000,2177.85,2180.0,2150.0,2150.76,6731.574996
1772658000000,2150.29,2155.99,2142.13,2149.76,8033.767448
1772661600000,2149.66,2164.25,2127.03,2132.01,5586.815383
1772665200000,2131.85,2137.03,2116.67,2127.41,4986.015009
1772668800000,2127.3,2135.32,2121.57,2128.38,4259.57365
1772672400000,2128.33,2142.11,2107.5,2113.93,8618.793407
1772676000000,2113.73,2134.13,2113.01,2122.18,5079.151542
1772679600000,2122.18,2126.17,2107.53,2119.88,5028.401743
1772683200000,2120.14,2144.44,2118.56,2137.53,9468.716808
1772686800000,2137.53,2139.7,2114.04,2119.58,6596.821745
1772690400000,2119.72,2130.9,2110.28,2128.3,5347.153444
1772694000000,2128.37,2132.89,2095.8,2105.0,10396.055019
1772697600000,2105.15,2118.55,2093.78,2117.9,14553.225466
1772701200000,2117.9,2138.03,2116.83,2125.79,10847.287826
1772704800000,2125.8,2163.68,2120.38,2156.3,9413.018726
1772708400000,2156.31,2159.58,2133.75,2138.06,6775.622404
1772712000000,2138.06,2142.92,2123.34,2138.32,6668.048942
1772715600000,2138.32,2139.95,2107.76,2117.56,8909.578911
1772719200000,2117.56,2131.37,2096.2,2119.25,14057.439427
1772722800000,2119.32,2121.99,2067.0,2087.09,25478.708496
1772726400000,2087.09,2087.49,2056.58,2080.35,8892.56061
1772730000000,2080.35,2094.0,2054.35,2059.89,8429.912575
1772733600000,2059.85,2078.38,2057.45,2076.85,4668.245899
1772737200000,2076.84,2092.64,2072.3,2074.48,4499.677038
1772740800000,2074.6,2098.81,2070.11,2092.35,5377.917243
1772744400000,2092.25,2099.6,2075.93,2080.51,2831.87389
1772748000000,2080.51,2085.27,2077.56,2080.22,1790.651556
1772751600000,2080.47,2084.7,2068.98,2072.66,5033.920819
1772755200000,2072.66,2080.25,2067.47,2075.0,8553.232226
1772758800000,2075.0,2091.15,2061.77,2087.64,4942.411772
1772762400000,2087.67,2093.3,2080.2,2083.92,2217.254521
1772766000000,2083.69,2088.88,2075.02,2083.91,2081.303538
1772769600000,2083.91,2086.0,2059.47,2071.05,3842.487846
1772773200000,2071.05,2074.52,2059.47,2068.96,4185.201982
1772776800000,2068.96,2080.89,2063.7,2074.24,2817.749698
1772780400000,2074.24,2087.5,2068.77,2082.82,7297.01462
1772784000000,2082.84,2082.85,2074.53,2076.1,3835.723522
1772787600000,2076.1,2077.4,2045.7,2059.94,10925.5508
1772791200000,2059.92,2070.0,2058.59,2063.4,3989.952444
1772794800000,2063.4,2067.5,2050.0,2051.18,3356.315139
1772798400000,2051.19,2055.32,2038.0,2048.56,7822.170565
1772802000000,2048.55,2063.06,2019.35,2020.1,18277.235018
1772805600000,2019.96,2024.44,1971.96,1981.66,28487.205623
1772809200000,1981.65,1997.84,1966.0,1977.74,15378.498442
1772812800000,1977.73,1984.98,1966.5,1971.5,7544.388314
1772816400000,1971.49,1982.44,1955.96,1966.86,9088.594594
1772820000000,1966.85,1983.7,1966.56,1974.74,5881.247059
1772823600000,1974.58,1993.28,1974.58,1983.7,2859.887825
1772827200000,1983.71,1988.88,1969.01,1978.65,5541.464782
1772830800000,1978.8,1984.58,1971.59,1983.9,2288.817211
1772834400000,1983.91,1990.2,1981.6,1987.52,1926.62904
1772838000000,1987.65,1987.96,1977.1,1978.89,1475.332426
1772841600000,1978.79,1983.5,1977.0,1981.41,1979.487682
1772845200000,1981.41,1983.86,1975.31,1980.61,3989.497854
1772848800000,1980.51,1984.69,1972.28,1983.5,3463.376859
1772852400000,1983.65,1996.0,1979.76,1980.01,3384.606864
1772856000000,1980.11,1980.53,1964.1,1975.45,3365.481829
1772859600000,1975.44,1979.99,1972.51,1978.6,1337.600238
1772863200000,1978.6,1978.6,1968.43,1971.75,1761.303894
1772866800000,1971.8,1984.67,1967.06,1983.49,6925.181655
1772870400000,1983.5,1987.9,1975.59,1977.75,2343.278976
1772874000000,1977.75,1989.63,1975.23,1986.3,1893.290808
1772877600000,1986.55,1988.86,1983.2,1984.16,1025.014056
1772881200000,1984.16,1994.66,1982.15,1988.6,3126.919815
1772884800000,1988.6,1990.95,1979.1,1982.31,2304.816863
1772888400000,1982.34,1983.88,1977.51,1981.53,1791.879818
1772892000000,1981.5,1990.27,1970.01,1986.67,3360.754229
1772895600000,1986.92,1987.65,1976.12,1981.07,1736.167386
1772899200000,1981.08,1981.08,1974.53,1977.16,1128.957187
1772902800000,1977.2,1983.65,1976.26,1977.58,1247.707656
1772906400000,1977.57,1977.57,1965.76,1971.34,2993.500976
1772910000000,1971.34,1971.34,1947.38,1955.22,7024.40389
1772913600000,1955.14,1968.7,1955.0,1966.31,5629.071204
1772917200000,1966.31,1971.95,1963.74,1970.5,1887.987114
1772920800000,1970.51,1971.1,1958.87,1966.51,7833.890452
1772924400000,1966.52,1974.24,1965.61,1969.75,4025.68226
1772928000000,1969.75,1977.42,1966.51,1968.82,3836.848876
1772931600000,1968.77,1971.82,1963.52,1968.94,2580.805699
1772935200000,1968.95,1970.04,1935.6,1942.28,13834.638469
1772938800000,1942.3,1951.48,1941.47,1947.66,6026.969499
1772942400000,1947.63,1953.26,1929.37,1938.43,5429.169173
1772946000000,1938.42,1952.29,1938.11,1948.78,8815.860095
1772949600000,1948.77,1952.07,1942.88,1947.7,1547.693124
1772953200000,1947.71,1960.43,1947.0,1955.39,4216.929575
1772956800000,1955.2,1960.48,1949.06,1959.67,3445.141812
1772960400000,1959.67,1970.02,1956.7,1963.56,5321.511915
1772964000000,1963.43,1979.89,1963.37,1974.06,8031.156638
1772967600000,1974.05,1974.45,1944.7,1951.27,5368.184473
1772971200000,1951.3,1954.66,1925.14,1946.11,9464.065522
1772974800000,1946.11,1947.85,1922.85,1944.49,9770.321084
1772978400000,1944.49,1950.55,1937.43,1945.4,4090.656874
1772982000000,1945.41,1947.86,1937.3,1943.06,2985.122543
1772985600000,1943.06,1944.71,1933.4,1936.5,3101.32883
1772989200000,1936.51,1946.49,1933.06,1935.64,2725.013972
1772992800000,1935.71,1936.79,1927.18,1930.18,2161.118635
1772996400000,1930.05,1969.96,1928.06,1964.49,11582.223099
1773000000000,1964.49,1971.19,1953.37,1958.61,4488.81186
1773003600000,1958.75,1962.13,1943.8,1953.68,4001.284792
1773007200000,1953.8,1953.8,1910.0,1942.9,32647.419814
1773010800000,1942.9,1954.99,1935.15,1936.87,7082.452508
1773014400000,1936.87,1966.06,1928.86,1950.9,7824.116032
1773018000000,1950.87,1963.18,1942.66,1945.81,5229.75865
1773021600000,1945.66,1963.1,1938.22,1959.59,4218.438276
1773025200000,1959.58,2005.74,1958.95,1977.56,29957.00363
1773028800000,1977.6,1989.39,1973.09,1977.27,3683.98046
1773032400000,1977.35,2014.36,1976.3,2011.04,15660.031163
1773036000000,2010.81,2012.98,1983.44,1985.15,6623.077769
1773039600000,1985.15,1985.84,1963.41,1983.85,6623.421444
1773043200000,1983.94,1999.86,1978.87,1996.7,6552.318854
1773046800000,1996.75,2022.72,1986.76,2004.36,9110.618242
1773050400000,2004.36,2007.06,1992.5,1995.42,5913.643578
1773054000000,1995.45,1999.93,1980.33,1992.2,4605.460603
1773057600000,1992.2,2013.8,1992.2,2002.22,6731.05859
1773061200000,2002.22,2030.0,2000.61,2017.86,15962.082965
1773064800000,2018.01,2032.89,2007.96,2022.12,14992.056416
1773068400000,2022.19,2029.42,2013.82,2022.34,6615.304462
1773072000000,2022.46,2038.71,2018.7,2027.27,9077.355833
1773075600000,2027.2,2032.35,2005.42,2016.57,10811.214099
1773079200000,2016.56,2022.72,2006.1,2011.84,5665.733802
1773082800000,2011.85,2054.06,2009.82,2034.04,12548.008213
1773086400000,2033.92,2037.46,2018.75,2025.66,2997.198796
1773090000000,2025.6,2035.29,2022.17,2028.48,3907.372812
1773093600000,2028.48,2031.39,1998.98,2002.76,8535.687831
1773097200000,2002.76,2007.57,1989.3,1993.32,6492.15632
1773100800000,1993.25,2023.0,1991.11,2015.55,5540.11501
1773104400000,2015.51,2025.35,2006.72,2019.2,4498.495342
1773108000000,2019.19,2054.48,2014.04,2042.31,11193.892875
1773111600000,2042.31,2047.79,2022.85,2027.01,5180.933266
1773115200000,2027.02,2047.5,2026.51,2046.13,5827.850177
1773118800000,2045.9,2054.3,2039.48,2044.19,5047.095326
1773122400000,2044.2,2049.39,2036.4,2043.78,3861.207588
1773126000000,2043.71,2059.98,2040.4,2051.11,8092.125103
1773129600000,2051.12,2070.66,2051.12,2057.06,18192.840581
1773133200000,2057.05,2074.71,2055.49,2068.36,9685.167006
1773136800000,2068.35,2069.3,2055.67,2062.88,10581.080086
1773140400000,2062.91,2068.45,2052.21,2061.8,7013.834938
1773144000000,2061.81,2062.19,2047.08,2049.84,6371.822484
1773147600000,2049.89,2061.0,2024.5,2033.61,12087.187824
1773151200000,2033.61,2081.03,2008.11,2075.25,27732.880108
1773154800000,2075.33,2086.16,2059.18,2079.7,20035.039836
1773158400000,2079.66,2088.69,2069.65,2080.9,7826.811946
1773162000000,2080.65,2085.33,2057.73,2071.94,8381.644988
1773165600000,2071.86,2073.48,2035.03,2039.67,10283.322247
1773169200000,2039.68,2045.59,2027.17,2037.01,5366.60117
1773172800000,2037.01,2047.52,2035.2,2042.64,3233.042951
1773176400000,2042.64,2048.66,2019.49,2029.5,4555.603779
1773180000000,2029.4,2032.86,2020.21,2027.68,4203.346873
1773183600000,2027.68,2037.5,2027.31,2036.71,2024.023025
1773187200000,2036.71,2041.95,2028.84,2037.93,2949.960714
1773190800000,2037.95,2041.2,2028.95,2036.14,1769.157839
1773194400000,2036.14,2039.27,2018.75,2026.81,6557.16701
1773198000000,2026.81,2029.5,2018.21,2021.22,2185.132374
1773201600000,2021.21,2041.74,2018.03,2039.25,4728.029752
1773205200000,2039.14,2041.64,2010.56,2014.64,6570.118185
1773208800000,2014.63,2026.0,2013.81,2024.5,3298.515135
1773212400000,2024.46,2025.9,2007.36,2012.51,4394.596338
1773216000000,2012.52,2026.32,2009.41,2024.16,8457.253246
1773219600000,2024.07,2028.0,2014.61,2018.21,3687.498784
1773223200000,2018.21,2032.27,2017.51,2029.21,3842.368729
1773226800000,2029.1,2034.3,2015.3,2018.14,4603.271292
1773230400000,2018.1,2037.29,2013.0,2023.36,11995.087473
1773234000000,2023.14,2083.11,2021.8,2050.99,22884.3468
1773237600000,2050.99,2077.75,2043.41,2062.92,14936.314942
1773241200000,2063.0,2065.88,2030.23,2050.05,9664.037158
1773244800000,2050.05,2072.68,2046.41,2067.17,7653.416703
1773248400000,2067.17,2085.9,2057.81,2068.42,10159.985181
1773252000000,2068.41,2079.92,2064.49,2076.75,5596.779396
1773255600000,2076.71,2077.91,2068.75,2076.4,4516.826074
1773259200000,2076.39,2076.41,2065.9,2068.7,1982.059124
1773262800000,2068.7,2075.66,2062.82,2073.22,2701.57745
1773266400000,2073.23,2084.68,2059.13,2061.93,6397.616787
1773270000000,2061.93,2065.16,2045.56,2052.09,5317.253783
1773273600000,2052.08,2058.38,2047.9,2055.77,2896.661381
1773277200000,2055.76,2056.44,2043.0,2046.41,3745.880765
1773280800000,2046.2,2047.85,2021.99,2024.65,12111.207968
1773284400000,2024.71,2034.92,2017.95,2023.44,6171.814396
1773288000000,2023.5,2029.92,2021.55,2023.26,4566.622965
1773291600000,2023.25,2028.24,2019.15,2027.16,4977.216833
1773295200000,2027.16,2032.0,2024.8,2030.67,3166.78781
1773298800000,2030.71,2042.44,2025.78,2040.98,4943.920307
1773302400000,2040.8,2052.9,2038.62,2047.75,5634.977657
1773306000000,2047.75,2065.65,2038.06,2055.81,7020.262674
1773309600000,2055.81,2075.67,2052.69,2070.0,7057.64567
1773313200000,2069.99,2076.96,2057.53,2062.73,4848.058711
1773316800000,2062.72,2071.05,2057.85,2065.67,3939.311572
1773320400000,2065.68,2081.05,2051.46,2065.58,12742.481629
1773324000000,2065.63,2095.55,2037.99,2045.62,22172.482569
1773327600000,2045.32,2082.61,2039.02,2072.43,10265.402444
1773331200000,2072.34,2078.17,2056.26,2069.78,6278.725505
1773334800000,2069.78,2075.26,2055.22,2058.34,3259.190569
1773338400000,2058.34,2062.2,2046.41,2048.88,3498.079519
1773342000000,2048.92,2073.6,2045.34,2069.6,3697.528461
1773345600000,2069.6,2073.75,2060.39,2062.46,1563.376942
1773349200000,2062.51,2069.51,2057.65,2063.09,1167.125861
1773352800000,2063.09,2067.82,2055.64,2065.61,3073.849858
1773356400000,2065.6,2093.6,2064.88,2073.62,8277.577827
1773360000000,2073.62,2149.66,2070.14,2119.05,29979.107309
1773363600000,2119.05,2131.09,2111.46,2124.76,7550.436698
1773367200000,2124.76,2127.29,2102.51,2105.66,5246.942574
1773370800000,2105.66,2123.8,2102.3,2118.85,4444.675864
1773374400000,2118.86,2120.19,2110.0,2111.95,2209.712527
1773378000000,2111.86,2115.28,2103.59,2110.6,2630.499563
1773381600000,2110.61,2113.16,2090.0,2096.24,7725.908911
1773385200000,2096.15,2104.64,2092.76,2099.3,7000.901276
1773388800000,2099.3,2117.79,2091.41,2100.14,9171.005683
1773392400000,2100.14,2117.18,2096.26,2113.45,7192.05181
1773396000000,2113.46,2133.04,2112.76,2126.79,8371.118311
1773399600000,2126.79,2129.92,2116.16,2120.73,4066.501782
1773403200000,2120.72,2153.1,2120.38,2146.67,14866.153941
1773406800000,2146.56,2200.0,2141.59,2185.33,33303.858378
1773410400000,2185.32,2209.96,2145.75,2151.18,30889.619614
1773414000000,2151.2,2165.72,2125.36,2128.06,16509.15601
1773417600000,2128.16,2143.53,2110.59,2134.03,12427.729426
1773421200000,2134.03,2141.33,2091.0,2102.99,13356.027356
1773424800000,2103.11,2108.61,2090.62,2100.95,5168.395521
1773428400000,2100.96,2106.22,2096.4,2102.54,3525.521284
1773432000000,2102.71,2115.09,2101.11,2111.73,3091.007929
1773435600000,2111.74,2116.88,2101.26,2103.22,1946.560195
1773439200000,2103.22,2105.04,2078.57,2089.01,8531.389546
1773442800000,2089.2,2094.57,2085.71,2092.28,2478.909373
1773446400000,2092.26,2095.07,2082.87,2085.51,3203.418651
1773450000000,2085.47,2095.41,2081.5,2092.75,3037.924775
1773453600000,2092.66,2095.7,2089.55,2092.44,2197.115614
1773457200000,2092.45,2104.26,2092.45,2101.49,3351.98957
1773460800000,2101.5,2106.09,2087.86,2090.43,5503.563116
1773464400000,2090.42,2094.64,2085.87,2092.45,2315.092851
1773468000000,2092.45,2092.45,2068.52,2078.25,7381.813337
1773471600000,2078.3,2081.53,2074.98,2077.7,3753.718834
1773475200000,2077.73,2081.99,2073.0,2074.56,3410.393566
1773478800000,2074.56,2078.11,2063.8,2067.36,4645.293192
1773482400000,2067.36,2068.95,2061.62,2066.18,3870.407988
1773486000000,2066.15,2076.73,2065.8,2073.86,2553.030531
1773489600000,2073.85,2078.66,2069.9,2075.62,2241.169663
1773493200000,2075.62,2081.03,2072.91,2078.5,1841.00948
1773496800000,2078.5,2080.53,2069.7,2071.16,2158.348417
1773500400000,2071.07,2077.84,2070.19,2074.72,1606.667184
1773504000000,2074.7,2078.8,2069.04,2077.75,1839.527523
1773507600000,2077.75,2078.36,2073.61,2075.28,878.842788
1773511200000,2075.35,2078.48,2072.72,2077.02,672.54931
1773514800000,2077.02,2079.47,2074.85,2077.55,769.870478
1773518400000,2077.56,2087.6,2076.01,2085.9,2851.532706
1773522000000,2085.9,2088.87,2081.51,2086.91,1105.978342
1773525600000,2086.92,2088.44,2082.26,2084.6,1145.634178
1773529200000,2084.59,2099.91,2084.16,2096.29,4364.34846
1773532800000,2096.3,2096.75,2086.28,2087.82,2342.195474
1773536400000,2087.82,2091.41,2083.4,2088.36,1585.592312
1773540000000,2088.36,2108.05,2088.36,2101.76,6316.654048
1773543600000,2102.15,2105.19,2093.59,2096.25,2945.582933
1773547200000,2096.25,2104.24,2096.02,2104.24,2203.560267
1773550800000,2104.24,2115.68,2102.06,2107.81,5488.538727
1773554400000,2107.81,2111.2,2103.0,2107.55,1522.862485
1773558000000,2107.58,2113.5,2103.34,2105.65,1923.520723
1773561600000,2105.67,2113.15,2105.67,2113.1,2506.762721
1773565200000,2113.09,2124.04,2112.95,2117.14,4455.534095
1773568800000,2117.15,2121.9,2114.25,2119.08,1673.169447
1773572400000,2119.09,2121.19,2114.8,2119.7,1299.447404
1773576000000,2119.7,2119.95,2108.2,2109.43,2138.8986
1773579600000,2109.41,2112.59,2086.44,2097.5,8771.613882
1773583200000,2097.46,2099.62,2086.61,2096.9,3408.596263
1773586800000,2096.9,2097.15,2090.26,2093.84,1334.342382
1773590400000,2093.84,2098.87,2088.78,2091.65,1808.054818
1773594000000,2091.65,2118.25,2091.25,2110.81,3079.861196
1773597600000,2110.89,2113.71,2094.36,2099.16,2423.32766
1773601200000,2099.15,2114.27,2096.29,2113.57,4453.107143
1773604800000,2113.6,2139.0,2110.01,2129.45,5388.147934
1773608400000,2129.28,2145.14,2123.51,2139.11,4163.806268
1773612000000,2139.2,2192.65,2125.57,2184.5,19923.008093
1773615600000,2184.55,2202.8,2165.9,2178.17,15582.19563
1773619200000,2178.16,2187.39,2164.36,2171.19,5414.40963
1773622800000,2171.19,2190.43,2164.48,2185.84,5696.7019
1773626400000,2185.85,2189.18,2170.01,2180.67,4365.459297
1773630000000,2180.65,2253.75,2177.45,2235.64,32309.592963
1773633600000,2235.64,2278.22,2235.64,2263.04,25779.787056
1773637200000,2263.03,2288.46,2256.84,2280.03,18463.608277
1773640800000,2280.03,2281.1,2260.15,2261.19,6556.161542
1773644400000,2261.23,2269.46,2244.57,2248.5,12816.897427
1773648000000,2248.51,2258.66,2234.41,2243.2,8105.235491
1773651600000,2243.23,2265.99,2239.77,2260.46,6442.486188
1773655200000,2260.41,2278.84,2256.02,2277.99,11356.793578
1773658800000,2278.0,2280.34,2266.0,2269.9,9551.160164
1773662400000,2269.91,2305.0,2269.79,2279.3,22408.394461
1773666000000,2279.31,2308.0,2272.22,2288.6,20668.298557
1773669600000,2288.34,2304.17,2255.0,2288.29,29338.587077
1773673200000,2288.29,2299.0,2269.52,2273.37,12267.948851
1773676800000,2273.37,2300.0,2269.54,2296.95,13960.220076
1773680400000,2296.96,2323.18,2293.29,2314.41,11309.804892
1773684000000,2314.41,2346.9,2313.71,2321.41,19924.21749
1773687600000,2321.5,2348.18,2318.34,2331.08,8844.066777
1773691200000,2330.85,2347.63,2323.74,2345.26,3487.68567
1773694800000,2345.29,2377.0,2343.76,2360.96,15537.317527
1773698400000,2360.73,2387.23,2355.01,2357.95,10139.354072
1773702000000,2358.1,2363.8,2330.46,2352.68,10963.056226
1773705600000,2352.68,2377.0,2340.61,2357.69,18539.38553
1773709200000,2357.71,2374.94,2346.89,2360.93,15955.347833
1773712800000,2360.91,2361.85,2344.61,2351.09,7097.926504
1773716400000,2351.1,2355.89,2308.11,2320.16,15421.774761
1773720000000,2320.17,2330.53,2296.32,2311.5,15132.095618
1773723600000,2311.51,2319.83,2298.13,2307.41,6580.563923
1773727200000,2307.54,2324.54,2296.75,2315.29,6900.140963
1773730800000,2315.3,2339.83,2315.13,2327.94,6061.738304
1773734400000,2327.87,2335.47,2316.17,2320.78,5529.068254
1773738000000,2320.77,2329.55,2306.64,2315.99,7573.176593
1773741600000,2315.99,2317.14,2303.7,2313.2,7688.944819
1773745200000,2313.21,2333.3,2312.01,2326.86,4457.444019
1773748800000,2326.84,2335.12,2312.95,2315.62,5419.715721
1773752400000,2315.65,2346.66,2313.47,2328.93,17412.392984
1773756000000,2328.95,2348.85,2319.24,2343.44,10795.848671
1773759600000,2343.44,2357.74,2304.55,2316.24,12534.91007
1773763200000,2316.19,2337.79,2312.53,2327.07,4634.729525
1773766800000,2327.06,2343.26,2320.49,2340.18,3503.618646
1773770400000,2340.2,2342.83,2328.0,2333.47,3303.818841
1773774000000,2333.31,2340.48,2317.01,2320.44,3944.007791
1773777600000,2320.43,2330.98,2317.83,2328.06,2279.668491
1773781200000,2328.04,2345.15,2327.87,2338.43,6304.321453
1773784800000,2338.43,2342.29,2318.32,2329.68,2700.95636
1773788400000,2329.67,2333.15,2316.4,2317.54,2826.010281
1773792000000,2317.55,2325.75,2307.15,2324.2,4136.713753
1773795600000,2324.23,2335.41,2323.19,2325.0,3518.66668
1773799200000,2325.01,2341.17,2324.28,2331.28,3548.574928
1773802800000,2331.28,2350.0,2328.21,2340.73,3908.700576
1773806400000,2340.74,2342.2,2326.35,2327.45,2514.344571
1773810000000,2327.38,2330.89,2314.23,2318.53,3923.140713
1773813600000,2318.53,2331.24,2318.21,2322.83,2592.889931
1773817200000,2322.84,2323.54,2312.07,2317.65,2749.012605
1773820800000,2317.64,2325.67,2317.34,2322.76,1904.284599
1773824400000,2322.96,2333.45,2321.73,2329.2,1948.123788
1773828000000,2329.2,2331.99,2308.0,2312.96,6038.94753
1773831600000,2312.96,2319.36,2263.33,2269.19,26052.59422
1773835200000,2269.18,2270.5,2235.66,2237.51,17181.900855
1773838800000,2237.75,2244.74,2223.67,2235.74,11604.097184
1773842400000,2235.75,2237.25,2187.02,2190.54,17526.169332
1773846000000,2190.31,2197.06,2170.0,2187.77,19923.268373
1773849600000,2187.76,2191.25,2166.38,2181.39,9499.115399
1773853200000,2181.41,2211.88,2177.33,2204.15,9335.956272
1773856800000,2204.16,2220.45,2176.01,2181.12,13220.762244
1773860400000,2181.08,2196.87,2178.56,2186.04,4543.605433
1773864000000,2185.87,2195.24,2152.58,2187.4,11463.944842
1773867600000,2187.4,2207.12,2185.61,2202.57,4552.756145
1773871200000,2202.74,2203.92,2187.5,2194.47,3130.766035
1773874800000,2194.47,2207.08,2188.39,2203.42,3632.484319
1773878400000,2203.43,2208.88,2190.74,2193.06,3132.568015
1773882000000,2193.06,2202.16,2187.4,2196.87,2591.324057
1773885600000,2196.94,2205.0,2189.19,2196.6,2522.222107
1773889200000,2196.84,2234.08,2196.71,2212.08,12030.691659
1773892800000,2212.08,2213.14,2190.67,2193.42,5058.212026
1773896400000,2193.43,2198.65,2186.46,2189.25,2213.55687
1773900000000,2189.25,2195.61,2177.74,2180.69,5707.500393
1773903600000,2180.69,2181.88,2142.85,2166.68,20209.133761
1773907200000,2166.68,2171.22,2158.12,2160.63,5366.09279
1773910800000,2160.64,2190.89,2160.63,2189.54,8151.511082
1773914400000,2189.36,2192.69,2172.72,2172.73,3213.619259
1773918000000,2172.82,2177.56,2165.63,2166.94,2318.283419
1773921600000,2166.97,2167.37,2130.0,2132.45,10254.664875
1773925200000,2132.45,2143.79,2111.4,2137.73,19021.924082
1773928800000,2137.73,2147.76,2102.46,2121.76,13646.800159
1773932400000,2121.76,2137.0,2099.27,2118.88,13956.436862
1773936000000,2118.89,2122.26,2106.57,2115.54,8525.705678
1773939600000,2115.32,2131.91,2105.0,2127.4,4792.193542
1773943200000,2127.39,2129.59,2114.49,2125.41,3290.664407
1773946800000,2125.33,2157.01,2125.07,2141.45,8862.656497
1773950400000,2141.29,2152.9,2139.49,2146.31,2361.282337
1773954000000,2146.3,2155.8,2145.12,2150.18,2904.255094
1773957600000,2150.17,2152.43,2132.74,2139.87,2862.556986
1773961200000,2140.03,2147.48,2130.54,2137.87,2713.995424
1773964800000,2137.82,2149.51,2135.0,2145.79,2518.729194
1773968400000,2145.8,2160.75,2145.09,2150.96,4337.636869
1773972000000,2150.96,2151.83,2131.23,2144.64,2974.371825
1773975600000,2144.62,2157.31,2143.64,2151.57,2727.248518
1773979200000,2151.57,2159.3,2139.44,2148.48,3747.174315
1773982800000,2148.47,2152.06,2137.39,2140.27,2195.076745
1773986400000,2140.31,2141.78,2132.19,2136.73,2251.305291
1773990000000,2136.73,2153.43,2121.44,2150.69,8050.044065
1773993600000,2150.69,2176.57,2146.21,2164.09,9115.742982
1773997200000,2164.02,2164.03,2135.0,2141.66,4969.155212
1774000800000,2141.66,2151.54,2131.39,2148.25,3647.389526
1774004400000,2148.37,2158.68,2134.85,2141.56,3069.673168
1774008000000,2141.54,2152.9,2135.01,2141.16,2030.932534
1774011600000,2141.17,2152.77,2123.33,2127.5,6058.58386
1774015200000,2127.5,2147.75,2116.89,2129.4,10892.08631
1774018800000,2129.18,2138.8,2120.38,2134.01,4973.064097
1774022400000,2134.02,2144.64,2130.35,2137.41,2445.089479
1774026000000,2137.46,2141.32,2119.37,2136.68,3851.690652
1774029600000,2136.82,2137.71,2117.51,2123.5,4229.987895
1774033200000,2123.66,2135.01,2117.53,2133.32,2463.420017
1774036800000,2133.21,2137.25,2124.03,2133.41,1467.554004
1774040400000,2133.35,2157.73,2130.79,2147.77,3184.164749
1774044000000,2147.78,2168.0,2147.78,2154.79,3171.289584
1774047600000,2154.79,2155.69,2143.26,2146.28,1189.181303
1774051200000,2146.05,2156.54,2144.19,2153.43,1302.511231
1774054800000,2153.43,2159.73,2147.2,2147.52,1473.744985
1774058400000,2147.59,2156.34,2145.96,2155.13,873.662459
1774062000000,2155.13,2155.92,2150.86,2153.6,716.996639
1774065600000,2153.48,2158.36,2150.46,2151.84,1282.01146
1774069200000,2151.84,2157.94,2151.84,2153.32,1087.434086
1774072800000,2153.28,2156.46,2152.26,2155.75,705.720247
1774076400000,2155.76,2161.77,2153.47,2155.59,1563.344393
1774080000000,2155.58,2157.34,2148.82,2154.04,1167.31489
1774083600000,2154.04,2159.1,2153.63,2158.79,1432.384551
1774087200000,2158.79,2159.57,2153.1,2154.36,836.986558
1774090800000,2154.38,2158.0,2153.01,2157.41,639.069516
1774094400000,2157.41,2160.86,2156.77,2157.91,876.257337
1774098000000,2157.91,2159.79,2155.0,2155.86,665.472354
1774101600000,2155.87,2168.5,2150.61,2152.39,2906.690129
1774105200000,2152.4,2157.8,2146.74,2155.48,1862.469296
1774108800000,2155.49,2155.85,2144.79,2146.94,2597.952491
1774112400000,2146.93,2150.85,2142.02,2148.28,1191.212324
1774116000000,2148.29,2155.91,2147.66,2151.39,1045.454808
1774119600000,2151.4,2153.4,2149.26,2152.41,670.7224
1774123200000,2152.42,2156.97,2149.87,2155.61,1727.480928
1774126800000,2155.61,2157.0,2152.12,2153.65,960.621527
1774130400000,2153.64,2154.04,2149.51,2150.09,703.34555
1774134000000,2150.02,2150.15,2070.09,2084.7,22155.070203
1774137600000,2084.69,2095.87,2049.38,2087.55,29217.878642
1774141200000,2087.56,2094.67,2081.86,2091.52,5359.754972
1774144800000,2091.52,2109.38,2088.0,2102.3,5424.668121
1774148400000,2102.3,2126.88,2098.15,2113.84,6036.939246
1774152000000,2113.85,2123.07,2105.96,2119.24,5156.357852
1774155600000,2119.15,2120.71,2112.21,2112.74,2120.176338
1774159200000,2112.75,2113.34,2107.39,2108.58,1891.660989
1774162800000,2108.51,2111.99,2092.41,2093.33,3995.53874
1774166400000,2093.54,2095.75,2074.21,2086.61,7303.898479
1774170000000,2086.61,2096.72,2079.13,2085.16,3563.744368
1774173600000,2085.16,2087.1,2077.42,2081.5,1334.824109
1774177200000,2081.4,2083.79,2066.58,2069.84,3885.218346
1774180800000,2069.87,2088.42,2068.2,2082.54,2852.872816
1774184400000,2082.55,2092.6,2072.55,2078.57,3398.893703
1774188000000,2078.57,2085.34,2071.9,2078.13,2540.800599
1774191600000,2078.11,2084.71,2075.78,2083.2,2389.971144
1774195200000,2083.2,2084.61,2078.0,2082.21,1447.053116
1774198800000,2082.21,2084.6,2077.42,2079.72,1257.124447
1774202400000,2079.71,2080.59,2056.84,2072.11,4576.40441
1774206000000,2072.11,2072.69,2054.18,2063.11,3391.374531
1774209600000,2063.11,2072.07,2056.26,2058.55,2498.329451
1774213200000,2058.55,2060.47,2025.75,2045.97,17262.558989
1774216800000,2045.96,2065.81,2032.57,2062.74,11360.73889
1774220400000,2062.76,2074.72,2051.0,2053.9,4653.749943
1774224000000,2053.91,2063.27,2035.71,2043.42,4212.961075
1774227600000,2043.51,2062.85,2039.24,2047.68,3856.967555
1774231200000,2047.69,2070.26,2046.8,2063.36,5074.825467
1774234800000,2063.36,2072.37,2052.08,2052.7,2050.26404
1774238400000,2052.7,2066.87,2050.9,2065.63,2165.513879
1774242000000,2065.63,2072.02,2060.78,2069.47,2792.24381
1774245600000,2069.28,2069.28,2028.12,2037.49,7888.323513
1774249200000,2037.49,2049.95,2022.21,2044.73,6616.686818
1774252800000,2044.79,2059.09,2043.8,2047.91,3637.791383
1774256400000,2047.91,2049.22,2028.84,2043.74,3835.271623
1774260000000,2043.75,2054.0,2040.47,2049.01,3064.274489
1774263600000,2049.01,2198.34,2049.01,2134.92,86982.180277
1774267200000,2134.8,2148.26,2108.11,2144.39,17849.607951
1774270800000,2144.4,2188.91,2140.26,2185.75,15499.770825
1774274400000,2185.75,2192.22,2169.2,2181.0,14159.490979
1774278000000,2181.12,2187.99,2124.7,2128.6,15914.135
1774281600000,2128.55,2143.39,2118.0,2135.94,10788.93572
1774285200000,2135.94,2159.01,2124.6,2152.85,7000.995039
1774288800000,2152.9,2172.12,2145.8,2168.88,6758.568723
1774292400000,2168.85,2178.85,2149.66,2154.31,5837.523671
1774296000000,2154.32,2166.88,2150.24,2161.61,1606.429717
1774299600000,2161.61,2164.03,2154.37,2158.0,1926.005755
1774303200000,2158.06,2159.5,2143.76,2152.93,1749.50785
1774306800000,2152.92,2155.42,2140.32,2152.04,2170.301246
1774310400000,2152.05,2156.34,2130.12,2143.12,5640.348646
1774314000000,2143.12,2149.95,2124.46,2137.71,3899.316184
1774317600000,2137.71,2145.99,2132.6,2136.0,2476.102386
1774321200000,2136.0,2143.52,2130.6,2141.81,2282.359985
1774324800000,2141.75,2152.79,2131.25,2136.38,3066.313868
1774328400000,2136.39,2138.81,2129.04,2134.1,3126.843609
1774332000000,2133.9,2146.66,2132.06,2145.47,2358.510871
1774335600000,2145.48,2170.73,2144.18,2165.44,11749.97008
1774339200000,2165.43,2167.63,2152.21,2155.0,5678.243585
1774342800000,2154.99,2167.79,2145.86,2165.03,3935.39728
1774346400000,2165.03,2165.18,2155.55,2161.53,2366.626415
1774350000000,2161.49,2176.04,2152.16,2165.97,8976.356981
1774353600000,2166.0,2170.49,2158.99,2162.67,2086.605095
1774357200000,2162.67,2165.99,2130.4,2138.52,9416.250543
1774360800000,2138.37,2148.57,2120.09,2134.54,11968.926946
1774364400000,2134.57,2147.5,2131.64,2135.17,5617.941821
1774368000000,2135.12,2140.79,2120.27,2127.64,4949.311873
1774371600000,2127.64,2128.98,2102.86,2109.58,10467.680033
1774375200000,2109.49,2128.0,2105.12,2119.27,4427.538266
1774378800000,2119.27,2128.26,2114.43,2116.68,2496.725453
1774382400000,2116.99,2154.88,2115.42,2148.82,10385.381483
1774386000000,2148.85,2152.16,2140.68,2149.01,3469.609483
1774389600000,2149.01,2156.27,2140.85,2145.58,4062.554778
1774393200000,2145.58,2166.03,2143.25,2156.33,4943.632115
1774396800000,2156.33,2169.17,2145.8,2161.64,7644.218385
1774400400000,2161.66,2167.32,2156.8,2157.04,5524.212482
1774404000000,2157.05,2161.81,2153.8,2155.95,4554.921344
1774407600000,2155.96,2161.19,2146.6,2158.6,5277.482936
1774411200000,2158.61,2167.99,2156.65,2166.6,5297.04342
1774414800000,2166.6,2180.0,2164.5,2168.98,8223.084422
1774418400000,2168.98,2173.0,2163.19,2163.56,5432.531505
1774422000000,2163.57,2177.45,2159.57,2164.93,6082.201278
1774425600000,2164.93,2190.82,2164.48,2176.63,10250.84251
1774429200000,2176.62,2189.0,2175.1,2186.42,4857.215326
1774432800000,2186.42,2188.8,2181.11,2185.25,4260.425923
1774436400000,2185.24,2199.62,2180.0,2186.54,10076.610508
1774440000000,2186.35,2195.09,2165.01,2183.48,12800.105273
1774443600000,2183.69,2198.22,2179.65,2184.32,5832.695437
1774447200000,2184.29,2188.17,2173.33,2174.25,4310.658535
1774450800000,2174.26,2176.92,2148.0,2162.53,6778.395814
1774454400000,2162.5,2186.5,2156.19,2173.81,7322.872239
1774458000000,2173.81,2176.44,2160.24,2164.14,2625.595558
1774461600000,2164.14,2173.74,2157.72,2162.33,2321.319023
1774465200000,2162.38,2176.71,2159.43,2172.98,2320.269648
1774468800000,2172.98,2173.39,2159.39,2166.78,1915.568912
1774472400000,2166.79,2169.55,2162.07,2163.9,1312.482439
1774476000000,2163.9,2183.88,2161.44,2174.59,4099.619459
1774479600000,2174.56,2178.94,2164.71,2169.26,2458.623045
1774483200000,2169.28,2172.3,2162.52,2166.51,1495.037434
1774486800000,2166.51,2170.0,2160.29,2165.04,2522.863657
1774490400000,2165.04,2165.9,2143.73,2150.2,4765.176736
1774494000000,2150.01,2155.77,2144.72,2153.35,3513.80691
1774497600000,2153.36,2154.55,2148.02,2149.65,2678.656665
1774501200000,2149.66,2151.37,2113.8,2120.1,13129.253634
1774504800000,2120.01,2125.09,2112.5,2122.35,6094.752599
1774508400000,2122.36,2125.09,2113.18,2123.91,7474.097215
1774512000000,2123.9,2127.27,2113.84,2119.98,4346.891927
1774515600000,2119.85,2122.67,2075.0,2082.81,17255.616853
1774519200000,2082.82,2083.89,2073.06,2078.84,5346.846596
1774522800000,2078.84,2081.55,2063.08,2068.75,6433.495399
1774526400000,2068.76,2075.76,2066.01,2073.67,4538.51401
1774530000000,2073.65,2094.0,2070.07,2081.33,10244.618991
1774533600000,2081.21,2085.98,2067.21,2076.3,5857.287965
1774537200000,2076.25,2077.34,2051.71,2070.46,9500.680899
1774540800000,2070.44,2071.14,2060.0,2060.95,2793.901798
1774544400000,2060.95,2070.95,2045.0,2049.45,12008.793165
1774548000000,2049.27,2055.86,2034.2,2047.07,9152.204207
1774551600000,2046.99,2054.13,2039.04,2048.74,3672.42649
1774555200000,2048.74,2080.58,2046.34,2065.1,12490.488544
1774558800000,2064.82,2077.04,2060.25,2068.4,2738.744922
1774562400000,2068.4,2073.13,2054.15,2065.68,2789.395774
1774566000000,2065.68,2069.64,2055.94,2060.16,2832.505545
1774569600000,2060.16,2067.88,2056.75,2065.21,2060.992679
1774573200000,2065.21,2074.69,2063.45,2074.26,2385.952911
1774576800000,2074.3,2077.39,2067.13,2068.02,2036.776345
1774580400000,2068.02,2069.09,2059.35,2061.56,1962.829781
1774584000000,2061.6,2062.1,2042.2,2052.95,5505.680173
1774587600000,2053.05,2067.07,2051.92,2061.3,2374.633157
1774591200000,2061.31,2068.0,2058.51,2062.71,1515.235627
1774594800000,2062.71,2073.5,2058.99,2065.97,5830.616908
1774598400000,2065.86,2069.65,2033.57,2047.6,11152.067461
1774602000000,2047.79,2051.62,2035.68,2040.96,4410.624971
1774605600000,2041.02,2044.58,1980.25,1991.27,29337.203528
1774609200000,1991.2,1998.25,1981.99,1991.53,10181.805421
1774612800000,1991.58,1993.52,1981.51,1989.16,7570.799152
1774616400000,1989.17,1997.14,1966.88,1978.9,19458.902451
1774620000000,1978.91,1989.64,1971.75,1989.43,9703.507573
1774623600000,1989.32,2009.99,1983.16,1990.98,13589.73149
1774627200000,1990.88,1992.27,1980.05,1986.71,5297.091815
1774630800000,1986.71,1998.25,1974.69,1977.16,5735.162041
1774634400000,1977.16,1986.33,1974.48,1984.31,4183.366948
1774638000000,1984.31,1997.58,1978.93,1991.36,4400.449662
1774641600000,1991.56,1996.0,1979.98,1985.87,3900.980695
1774645200000,1986.0,1991.22,1984.41,1985.87,1046.946828
1774648800000,1985.87,1987.24,1981.81,1985.61,1245.25641
1774652400000,1985.6,1994.19,1980.54,1992.95,2128.311713
1774656000000,1992.81,1995.45,1989.61,1992.75,1609.18483
1774659600000,1992.75,1993.0,1984.81,1990.42,2014.54626
1774663200000,1990.43,1993.83,1982.6,1987.24,1534.433077
1774666800000,1987.26,1991.15,1987.0,1989.09,972.252106
1774670400000,1989.1,1992.49,1987.09,1990.64,811.674298
1774674000000,1990.64,1994.89,1988.15,1994.14,3468.192439
1774677600000,1994.16,2006.91,1993.11,2000.91,4329.497267
1774681200000,2000.91,2008.45,2000.55,2007.2,2864.334858
1774684800000,2007.21,2008.45,1998.2,1999.3,2252.702896
1774688400000,1999.3,1999.95,1995.06,1999.5,1033.266004
1774692000000,1999.5,2004.76,1992.65,1996.82,2320.585885
1774695600000,1996.83,2000.76,1995.87,1997.81,1218.997975
1774699200000,1997.62,2004.35,1992.0,1999.64,2690.58601
1774702800000,1999.65,2046.51,1999.39,2026.59,18199.753248
1774706400000,2026.6,2029.33,2016.05,2020.91,4931.837727
1774710000000,2020.81,2040.03,2018.7,2027.19,6493.483531
1774713600000,2027.2,2030.24,2021.0,2024.71,3139.553526
1774717200000,2024.68,2027.16,2016.7,2020.91,2040.076586
1774720800000,2020.91,2024.71,2020.5,2021.7,647.469534
1774724400000,2021.71,2023.01,2017.38,2020.63,575.674527
1774728000000,2020.63,2026.61,2020.63,2024.68,1574.04755
1774731600000,2024.67,2025.76,2005.76,2009.68,2645.889334
1774735200000,2009.68,2013.54,2005.47,2011.92,1244.21754
1774738800000,2011.91,2011.91,1989.0,1994.66,4731.671457
1774742400000,1994.66,1999.99,1991.47,1999.18,2932.301348
1774746000000,1999.11,2008.6,1997.73,2005.11,2389.275527
1774749600000,2005.15,2010.59,2002.6,2009.19,1316.444076
1774753200000,2009.2,2019.71,2007.07,2011.13,2790.488379
1774756800000,2011.14,2012.79,2004.43,2005.9,1281.514778
1774760400000,2005.9,2007.66,1997.7,2005.55,2225.217725
1774764000000,2005.46,2008.6,2000.13,2004.81,895.37884
1774767600000,2004.82,2009.89,2000.22,2006.06,1042.843833
1774771200000,2006.06,2007.57,2002.52,2004.46,753.771446
1774774800000,2004.47,2005.75,1994.6,1999.19,3145.202832
1774778400000,1999.19,1999.19,1991.72,1996.11,1856.771046
1774782000000,1996.11,2008.72,1995.36,2003.91,1359.010483
1774785600000,2003.91,2005.11,1998.02,2002.05,1202.170339
1774789200000,2002.04,2002.5,1983.33,1987.19,4785.254038
1774792800000,1987.2,2002.41,1984.0,1994.3,3189.737438
1774796400000,1994.31,2000.12,1986.5,1993.08,3451.920341
1774800000000,1993.15,2004.97,1991.81,1998.0,2755.129543
1774803600000,1998.0,2000.46,1987.85,1995.27,1599.350522
1774807200000,1995.5,2002.14,1991.56,1997.4,1839.209636
1774810800000,1997.41,2000.37,1994.51,1996.01,637.470333
1774814400000,1996.01,2009.67,1995.9,2002.7,1331.157516
1774818000000,2002.7,2007.33,2001.65,2006.39,892.672203
1774821600000,2006.4,2006.71,1938.36,1974.01,22001.801394
1774825200000,1974.02,1994.77,1973.77,1984.75,7615.873319
1774828800000,1984.86,2024.56,1980.12,1997.59,11113.140428
1774832400000,1997.6,2016.45,1997.39,2010.35,5747.475992
1774836000000,2010.36,2044.54,2007.7,2029.99,10523.232603
1774839600000,2029.99,2042.85,2027.85,2035.82,3736.622999
1774843200000,2036.11,2053.71,2036.1,2048.55,6475.776163
1774846800000,2048.55,2059.27,2044.77,2047.91,6897.599893
1774850400000,2047.86,2052.51,2040.74,2042.5,3774.059777
1774854000000,2042.51,2068.33,2041.5,2059.8,9518.415348
1774857600000,2059.82,2075.88,2058.31,2062.6,7029.265611
1774861200000,2062.5,2064.2,2054.01,2055.2,3052.28737
1774864800000,2055.21,2058.54,2048.49,2057.96,2834.041689
1774868400000,2058.05,2081.81,2057.71,2071.55,8577.240634
1774872000000,2071.61,2078.75,2069.01,2074.7,3799.479009
1774875600000,2074.71,2085.57,2058.2,2061.04,9376.222251
1774879200000,2060.85,2076.11,2044.01,2072.09,9653.208495
1774882800000,2072.0,2079.99,2062.06,2074.66,5896.541318
1774886400000,2074.55,2075.0,2059.13,2066.62,4374.450893
1774890000000,2066.46,2072.41,2032.06,2041.86,6349.108717
1774893600000,2041.77,2044.27,2028.18,2032.73,3842.945329
1774897200000,2032.59,2032.88,2013.59,2024.11,5211.187915
1774900800000,2024.2,2028.17,2021.35,2023.45,2478.974743
1774904400000,2023.45,2049.99,2021.36,2036.02,5688.06388
1774908000000,2036.11,2044.46,2029.46,2033.3,1744.394
1774911600000,2033.26,2033.3,2014.22,2026.73,3897.92691
1774915200000,2026.78,2041.24,2016.37,2037.13,7919.549028
1774918800000,2037.2,2092.64,2032.51,2073.22,21140.443925
1774922400000,2073.21,2083.09,2067.44,2073.13,3449.668202
1774926000000,2072.96,2076.74,2061.74,2066.89,2741.837952
1774929600000,2066.9,2072.51,2057.12,2060.8,3255.741007
1774933200000,2060.81,2069.2,2054.94,2064.34,2618.964123
1774936800000,2064.38,2065.0,2055.17,2062.4,1605.34155
1774940400000,2062.41,2063.2,2042.13,2055.86,6963.904664
1774944000000,2055.85,2059.12,2035.91,2039.87,5927.753299
1774947600000,2039.87,2044.59,2012.55,2018.61,10113.648593
1774951200000,2018.5,2030.5,2017.16,2026.64,3378.943745
1774954800000,2026.63,2044.78,2023.06,2041.3,10129.38885
1774958400000,2041.35,2058.19,2035.55,2047.78,5238.918616
1774962000000,2047.77,2080.0,2047.77,2075.07,7595.521468
1774965600000,2075.04,2092.0,2037.26,2045.9,18724.896389
1774969200000,2046.04,2078.0,2045.41,2055.0,5989.825922
1774972800000,2054.82,2108.95,2054.41,2091.86,20815.696172
1774976400000,2091.73,2124.78,2088.73,2093.5,17270.724354
1774980000000,2093.41,2115.3,2093.41,2099.99,6223.228668
1774983600000,2099.99,2104.0,2092.29,2096.8,3831.417251
1774987200000,2096.88,2110.77,2096.31,2107.95,2801.27077
1774990800000,2107.95,2109.49,2093.46,2102.4,3205.825327
1774994400000,2102.4,2104.76,2087.82,2096.86,7452.660148
1774998000000,2096.86,2109.39,2093.14,2105.79,5833.192151
1775001600000,2105.61,2117.88,2097.12,2114.93,6398.011228
1775005200000,2115.0,2116.27,2091.55,2093.06,6181.951962
1775008800000,2093.07,2097.1,2081.57,2088.7,5520.909618
1775012400000,2088.74,2106.96,2088.74,2102.96,4059.076741
1775016000000,2102.97,2116.94,2100.63,2111.48,4598.225442
1775019600000,2111.49,2136.61,2106.43,2122.91,9066.983964
1775023200000,2122.91,2156.27,2122.91,2151.11,11889.648329
1775026800000,2151.23,2158.5,2129.86,2130.74,11353.216515
1775030400000,2130.7,2143.2,2125.0,2136.93,7300.596774
1775034000000,2136.93,2140.41,2128.24,2136.54,4215.333373
1775037600000,2136.55,2138.0,2126.29,2132.66,4901.925852
1775041200000,2132.65,2140.15,2130.9,2135.7,5143.641947
1775044800000,2135.68,2149.71,2122.14,2131.3,10836.602068
1775048400000,2131.27,2135.2,2108.36,2119.39,14937.33592
1775052000000,2119.39,2130.5,2114.45,2126.85,8896.78988
1775055600000,2126.86,2138.22,2122.21,2135.07,6143.15238
1775059200000,2135.01,2152.97,2125.0,2146.1,7179.817452
1775062800000,2146.09,2168.0,2133.85,2137.29,10075.097961
1775066400000,2137.25,2137.9,2123.77,2128.93,5576.236818
1775070000000,2128.94,2145.64,2127.48,2141.29,3224.028869
1775073600000,2141.36,2147.45,2130.39,2143.61,4507.500358
1775077200000,2143.65,2165.43,2143.07,2156.81,6389.682859
1775080800000,2156.8,2158.48,2137.79,2139.91,5473.354625
1775084400000,2139.91,2145.96,2135.43,2140.22,2859.575932
1775088000000,2140.11,2159.07,2136.11,2155.92,4382.175686
1775091600000,2155.93,2155.93,2088.2,2100.0,23885.884716
1775095200000,2100.09,2100.09,2064.23,2074.1,13943.529043
1775098800000,2074.09,2076.84,2046.12,2056.21,12683.319139
1775102400000,2056.21,2058.71,2042.0,2044.82,6263.745679
1775106000000,2044.82,2051.68,2038.5,2050.14,4029.541497
1775109600000,2050.31,2054.05,2045.75,2050.17,3624.157084
1775113200000,2050.17,2056.92,2044.49,2056.31,6417.525378
1775116800000,2056.31,2056.31,2045.6,2046.35,3858.580562
1775120400000,2046.36,2048.32,2039.12,2044.1,3308.525364
1775124000000,2044.09,2045.1,2032.12,2039.09,4321.980271
1775127600000,2039.1,2040.63,2023.69,2033.2,4846.70676
1775131200000,2033.2,2033.85,2024.64,2027.24,4168.241651
1775134800000,2027.27,2041.38,2017.09,2039.34,9782.120402
1775138400000,2039.21,2072.27,2032.8,2063.77,16374.890763
1775142000000,2063.78,2067.93,2048.42,2059.51,6621.085197
1775145600000,2059.52,2076.54,2052.17,2063.25,6435.94177
1775149200000,2063.25,2072.62,2044.58,2047.2,5064.08803
1775152800000,2047.2,2063.17,2043.64,2058.45,1849.396367
1775156400000,2058.5,2066.65,2055.0,2065.39,2103.329112
1775160000000,2065.63,2074.15,2061.11,2068.16,2843.148058
1775163600000,2068.16,2070.6,2056.0,2063.5,1561.039495
1775167200000,2063.48,2065.0,2053.45,2060.06,1543.498432
1775170800000,2060.15,2062.34,2053.92,2057.09,1807.14106
1775174400000,2057.1,2059.59,2050.05,2053.02,1031.191945
1775178000000,2053.03,2062.49,2045.21,2050.51,2662.629961
1775181600000,2050.55,2060.16,2040.61,2052.54,2546.818553
1775185200000,2052.55,2057.25,2050.01,2053.95,1323.193606
1775188800000,2053.94,2057.95,2048.63,2054.64,1258.310727
1775192400000,2054.65,2064.86,2047.31,2057.05,2189.971845
1775196000000,2057.05,2066.89,2055.01,2063.75,2238.096449
1775199600000,2063.76,2075.52,2062.08,2066.27,2775.830869
1775203200000,2066.29,2072.33,2058.75,2061.04,5624.863481
1775206800000,2061.05,2064.44,2057.15,2061.45,1547.595128
1775210400000,2061.4,2061.4,2053.5,2060.1,1778.529758
1775214000000,2060.1,2065.37,2057.74,2063.16,2179.100341
1775217600000,2063.16,2082.38,2045.35,2050.19,7349.662054
1775221200000,2050.2,2051.4,2041.79,2048.21,2573.770963
1775224800000,2048.22,2057.3,2045.51,2054.56,2210.218093
1775228400000,2054.59,2057.95,2049.46,2051.4,1449.097857
1775232000000,2051.41,2056.79,2050.0,2054.98,1433.406103
1775235600000,2054.96,2055.5,2043.79,2050.31,1324.118567
1775239200000,2050.3,2053.48,2047.92,2049.5,1406.292378
1775242800000,2049.48,2054.62,2045.4,2052.8,1410.42583
1775246400000,2052.81,2055.25,2052.02,2052.77,445.172508
1775250000000,2052.78,2061.47,2052.66,2058.45,1544.495435
1775253600000,2058.51,2059.95,2049.74,2052.24,859.559089
1775257200000,2052.25,2054.5,2049.49,2054.02,738.715054
1775260800000,2054.02,2054.19,2051.66,2052.42,378.937982
1775264400000,2052.42,2054.02,2049.7,2051.7,685.596765
1775268000000,2051.7,2053.82,2048.06,2050.31,1363.203822
1775271600000,2050.34,2052.32,2049.55,2050.05,2993.416202
1775275200000,2050.05,2051.74,2048.51,2051.15,923.75514
1775278800000,2051.15,2055.03,2049.87,2053.82,1178.244999
1775282400000,2053.86,2058.06,2052.73,2056.46,995.222247
1775286000000,2056.46,2057.15,2051.57,2053.87,965.531073
1775289600000,2053.91,2055.44,2048.91,2050.45,885.535567
1775293200000,2050.5,2051.94,2049.2,2050.45,879.989655
1775296800000,2050.45,2054.99,2047.56,2054.23,1207.178942
1775300400000,2054.25,2055.0,2051.25,2052.02,905.095156
1775304000000,2052.02,2053.44,2048.12,2050.05,958.141706
1775307600000,2050.05,2054.98,2049.6,2053.61,1118.663136
1775311200000,2053.61,2054.89,2044.02,2053.05,1209.475044
1775314800000,2053.15,2062.17,2052.06,2056.29,2378.713502
1775318400000,2056.29,2062.18,2053.26,2055.59,2020.148261
1775322000000,2055.6,2058.12,2052.79,2056.98,771.472538
1775325600000,2057.02,2058.5,2055.02,2055.39,541.167526
1775329200000,2055.4,2084.05,2055.15,2064.66,5599.700869
1775332800000,2064.66,2065.0,2060.03,2062.99,1172.973466
1775336400000,2063.0,2071.93,2062.91,2068.87,1413.102964
1775340000000,2068.87,2072.32,2068.27,2069.19,838.792249
1775343600000,2069.15,2069.2,2062.61,2065.57,876.459338
1775347200000,2065.57,2065.7,2060.34,2062.29,920.92587
1775350800000,2062.3,2062.59,2056.87,2057.25,1568.389833
1775354400000,2057.26,2059.85,2053.61,2059.7,1365.717341
1775358000000,2059.7,2060.53,2055.1,2056.65,424.787148
1775361600000,2056.68,2058.18,2053.97,2055.2,573.2864
1775365200000,2055.2,2056.89,2047.22,2048.78,1738.938766
1775368800000,2048.8,2049.4,2026.84,2038.2,9085.137014
1775372400000,2038.21,2042.68,2033.28,2037.26,2224.086606
1775376000000,2037.25,2040.17,2035.81,2039.45,1175.639999
1775379600000,2039.45,2046.09,2039.1,2044.48,1715.6749
1775383200000,2044.46,2052.76,2042.32,2044.75,1489.479238
1775386800000,2044.75,2045.82,2040.35,2041.95,875.448248
1775390400000,2041.96,2041.96,2021.66,2028.6,5996.343491
1775394000000,2028.54,2037.75,2025.51,2036.5,1987.55257
1775397600000,2036.51,2043.19,2035.0,2038.59,2148.362515
1775401200000,2038.6,2070.0,2034.29,2053.84,9610.391129
1775404800000,2053.85,2059.13,2049.53,2051.95,2036.842582
1775408400000,2051.95,2062.5,2048.1,2062.37,1342.346753
1775412000000,2062.37,2066.85,2056.89,2062.86,1956.505832
1775415600000,2062.9,2069.88,2057.94,2061.95,1451.168635
1775419200000,2061.95,2074.85,2061.61,2068.85,1996.320456
1775422800000,2068.9,2069.05,2056.77,2060.1,2008.553443
1775426400000,2060.1,2087.9,2049.93,2085.69,8229.645334
1775430000000,2085.69,2123.47,2082.15,2110.0,12519.97398
1775433600000,2110.0,2135.44,2110.0,2121.83,11576.295687
1775437200000,2121.85,2124.6,2112.5,2114.98,4374.912715
1775440800000,2115.09,2147.4,2114.33,2133.44,6493.446691
1775444400000,2133.42,2137.31,2126.76,2129.15,4771.843393
1775448000000,2129.16,2134.57,2124.74,2130.9,3083.907823
1775451600000,2130.89,2134.49,2128.35,2131.31,1304.149111
1775455200000,2131.3,2138.95,2120.04,2127.24,5045.819349
1775458800000,2127.25,2141.38,2122.56,2134.84,7359.350124
1775462400000,2134.85,2147.61,2133.44,2138.54,5901.077048
1775466000000,2138.54,2174.38,2138.21,2150.9,14432.867938
1775469600000,2150.9,2157.42,2148.36,2153.22,5169.828581
1775473200000,2153.22,2153.69,2146.24,2151.34,3478.454842
1775476800000,2151.34,2154.42,2141.64,2143.14,3089.462728
1775480400000,2143.15,2149.16,2137.85,2146.07,5804.780344
1775484000000,2146.08,2165.0,2137.74,2156.56,15532.469942
1775487600000,2156.56,2169.55,2155.55,2164.75,8241.557834
1775491200000,2164.75,2168.58,2139.34,2140.4,5722.61579
1775494800000,2140.4,2140.84,2123.42,2135.1,9618.577351
1775498400000,2134.91,2149.04,2131.59,2144.89,4156.402534
1775502000000,2144.93,2146.4,2135.81,2144.69,3119.522117
1775505600000,2144.69,2155.11,2140.35,2148.75,2676.739143
1775509200000,2148.79,2148.79,2137.57,2139.58,2019.395702
1775512800000,2139.53,2140.92,2104.87,2105.14,7795.499111
1775516400000,2105.15,2110.65,2088.0,2107.25,9865.871662
1775520000000,2107.29,2120.15,2105.7,2112.65,3838.833768
1775523600000,2112.7,2120.0,2097.52,2099.35,4111.440801
1775527200000,2099.49,2111.68,2093.3,2106.95,2169.118392
1775530800000,2106.94,2109.98,2103.72,2108.15,1589.024773
1775534400000,2108.14,2119.37,2103.4,2114.07,1683.952853
1775538000000,2114.15,2114.46,2103.71,2105.97,1033.541332
1775541600000,2105.7,2106.64,2096.8,2104.06,2584.364148
1775545200000,2104.2,2106.51,2098.97,2104.1,1883.599428
1775548800000,2104.11,2117.23,2103.41,2114.97,3122.975627
1775552400000,2114.97,2133.98,2113.93,2128.22,4966.288332
1775556000000,2128.22,2131.65,2085.67,2089.24,11369.330078
1775559600000,2089.24,2094.1,2081.96,2089.61,5371.827349
1775563200000,2089.61,2093.45,2074.04,2087.06,9213.508162
1775566800000,2087.06,2093.36,2074.27,2075.01,4471.615271
1775570400000,2075.11,2081.78,2060.11,2069.6,8632.805795
1775574000000,2069.56,2084.3,2064.74,2080.61,6350.096202
1775577600000,2080.51,2090.3,2077.51,2083.99,3653.17916
1775581200000,2084.0,2114.67,2080.0,2099.26,8477.59842
1775584800000,2099.26,2101.63,2082.41,2086.32,3392.31414
1775588400000,2086.27,2117.17,2084.36,2113.55,8540.299486
1775592000000,2113.6,2125.75,2110.62,2115.48,5969.395305
1775595600000,2115.49,2152.8,2115.49,2145.1,13089.714343
1775599200000,2145.18,2219.49,2145.18,2219.48,32706.080648
1775602800000,2219.49,2273.44,2215.29,2240.01,39997.982397
1775606400000,2240.0,2250.82,2227.26,2235.96,15023.36782
1775610000000,2235.96,2242.36,2230.2,2234.04,5900.45303
1775613600000,2234.12,2247.74,2230.76,2237.26,6437.995967
1775617200000,2237.26,2239.65,2231.96,2234.63,3099.186313
1775620800000,2234.64,2252.77,2234.64,2240.64,6992.721974
1775624400000,2240.75,2245.08,2238.27,2240.49,2842.263151
1775628000000,2240.5,2253.81,2235.56,2245.84,4676.016199
1775631600000,2245.84,2260.59,2244.51,2253.55,14760.951714
1775635200000,2253.59,2259.25,2250.0,2256.49,3816.146486
1775638800000,2256.49,2263.37,2246.21,2249.69,4310.746032
1775642400000,2249.73,2254.05,2242.0,2242.65,2247.579592
1775646000000,2242.65,2254.85,2237.56,2247.44,4300.515062
1775649600000,2247.48,2259.44,2242.66,2255.86,4438.018661
1775653200000,2255.86,2270.29,2231.38,2236.1,15606.635083
1775656800000,2236.1,2241.14,2186.4,2195.4,27499.559469
1775660400000,2195.35,2218.12,2193.34,2215.62,7550.539995
1775664000000,2215.62,2225.48,2211.37,2221.01,5092.135148
1775667600000,2221.01,2239.47,2213.32,2232.0,7059.368884
1775671200000,2232.11,2232.74,2199.11,2201.3,7301.128958
1775674800000,2201.36,2211.9,2197.27,2211.0,4083.778323
1775678400000,2210.89,2216.98,2205.94,2209.98,1502.320144
1775682000000,2209.98,2223.0,2207.96,2214.68,2310.084255
1775685600000,2214.75,2215.5,2187.2,2190.03,5395.067858
1775689200000,2190.03,2194.1,2179.68,2190.1,4880.401201
1775692800000,2190.19,2193.89,2179.23,2183.18,4298.65267
1775696400000,2183.16,2185.38,2161.81,2178.97,6129.398712
1775700000000,2178.98,2185.67,2174.12,2181.63,2721.450979
1775703600000,2181.71,2184.0,2175.68,2182.71,2083.310001
1775707200000,2182.71,2182.71,2176.55,2177.69,1203.060461
1775710800000,2177.7,2188.85,2175.55,2182.18,3432.266091
1775714400000,2182.18,2186.28,2175.64,2181.66,1061.395937
1775718000000,2181.7,2185.88,2179.9,2181.08,3531.466602
1775721600000,2181.08,2191.53,2176.55,2186.11,2778.029033
1775725200000,2186.1,2197.0,2179.55,2194.2,4469.319196
1775728800000,2194.2,2196.47,2188.15,2190.72,2061.412167
1775732400000,2190.7,2192.99,2178.21,2180.1,3043.145374
1775736000000,2180.11,2187.86,2174.25,2183.56,3655.095797
1775739600000,2183.6,2186.37,2158.98,2165.31,6803.787651
1775743200000,2165.3,2182.5,2157.49,2177.85,8378.803491
1775746800000,2177.95,2225.0,2169.81,2218.05,15179.129585
1775750400000,2218.09,2230.0,2193.25,2208.34,10479.696806
1775754000000,2208.31,2225.5,2206.29,2223.1,6252.384144
1775757600000,2223.14,2224.0,2200.88,2206.91,4320.40291
1775761200000,2206.91,2224.99,2204.47,2216.49,4426.261963
1775764800000,2216.4,2221.99,2210.81,2213.06,1960.536293
1775768400000,2213.07,2226.95,2207.75,2211.05,2736.668051
1775772000000,2211.11,2246.15,2197.47,2197.75,8095.768605
1775775600000,2197.73,2201.19,2183.38,2190.14,4983.539064
1775779200000,2190.15,2197.38,2182.01,2195.29,3780.831654
1775782800000,2195.16,2204.63,2176.08,2194.71,5145.853893
1775786400000,2194.66,2198.73,2187.14,2189.12,2058.785001
1775790000000,2189.24,2192.59,2182.61,2186.37,1601.41954
1775793600000,2186.37,2199.69,2186.05,2195.71,2054.447449
1775797200000,2195.89,2203.73,2192.29,2197.17,2554.130193
1775800800000,2197.01,2198.69,2184.22,2186.5,2320.089886
1775804400000,2186.49,2188.67,2176.31,2179.78,4217.504117
1775808000000,2179.77,2190.34,2177.36,2185.96,4131.754506
1775811600000,2185.96,2198.1,2185.95,2196.22,3357.163647
1775815200000,2196.23,2198.48,2190.5,2197.35,1392.220976
1775818800000,2197.39,2224.13,2197.26,2215.56,8222.037735
1775822400000,2215.57,2228.74,2207.93,2218.73,8240.417026
1775826000000,2218.83,2225.38,2208.44,2223.14,3766.221703
1775829600000,2222.83,2253.0,2219.74,2242.4,14607.222758
1775833200000,2242.39,2257.99,2220.0,2224.45,9160.05971
1775836800000,2224.48,2247.58,2220.14,2245.54,6597.753337
1775840400000,2245.54,2249.35,2239.23,2248.5,4047.918911
1775844000000,2248.49,2252.13,2238.93,2249.1,5192.204727
1775847600000,2249.1,2255.71,2243.39,2252.93,4326.44585
1775851200000,2252.91,2257.5,2242.91,2255.32,4327.945895
1775854800000,2255.32,2255.93,2242.47,2254.8,2745.464079
1775858400000,2254.87,2255.37,2235.24,2242.31,3324.94069
1775862000000,2242.31,2245.75,2239.09,2245.25,1579.614058
1775865600000,2245.26,2245.26,2235.9,2238.96,1360.416241
1775869200000,2238.97,2246.49,2234.5,2244.43,1462.864636
1775872800000,2244.44,2252.24,2242.15,2248.27,1755.794309
1775876400000,2248.28,2250.86,2235.66,2237.31,2514.250246
1775880000000,2237.31,2243.05,2235.62,2241.1,1008.326767
1775883600000,2241.1,2241.95,2228.53,2232.94,1724.771251
1775887200000,2232.93,2236.81,2229.65,2235.99,1227.218142
1775890800000,2236.0,2236.84,2230.75,2232.7,1785.978442
1775894400000,2232.8,2235.7,2232.0,2232.62,2306.575631
1775898000000,2232.61,2249.0,2232.01,2243.72,3303.270251
1775901600000,2243.72,2245.22,2237.66,2240.25,1437.470583
1775905200000,2240.25,2246.79,2238.6,2246.07,1041.501086
1775908800000,2246.08,2246.74,2241.14,2245.3,830.184016
1775912400000,2245.3,2245.31,2232.29,2239.64,2229.412211
1775916000000,2239.66,2243.96,2238.28,2241.97,853.0035
1775919600000,2241.97,2256.15,2241.21,2249.46,3024.282012
1775923200000,2249.46,2274.26,2246.42,2258.82,6926.559548
1775926800000,2258.83,2265.26,2253.66,2259.77,2847.459852
1775930400000,2259.8,2312.6,2257.0,2305.31,15462.123594
1775934000000,2305.31,2330.34,2305.15,2315.97,12107.619003
1775937600000,2315.98,2317.07,2288.35,2298.31,4105.834687
1775941200000,2298.3,2304.48,2292.38,2299.43,2698.795908
1775944800000,2299.43,2308.2,2288.84,2297.04,2737.218304
1775948400000,2297.04,2297.04,2276.69,2285.05,3651.706262
1775952000000,2285.09,2290.0,2277.77,2285.84,2924.332512
1775955600000,2285.77,2288.6,2208.78,2219.28,18145.317667
1775959200000,2219.34,2234.73,2207.27,2223.73,8135.747985
1775962800000,2223.73,2227.4,2213.01,2214.18,3835.308125
1775966400000,2214.18,2216.72,2210.0,2212.34,3811.872158
1775970000000,2212.35,2220.08,2208.75,2217.38,2838.156492
1775973600000,2217.38,2221.05,2215.0,2216.35,1932.916219
1775977200000,2216.35,2220.94,2212.85,2218.49,1834.952276
1775980800000,2218.48,2219.3,2212.13,2214.37,1757.474348
1775984400000,2214.36,2216.43,2211.6,2214.45,1381.60464
1775988000000,2214.46,2217.59,2193.7,2201.73,12264.205008
1775991600000,2201.8,2207.44,2197.34,2204.51,2403.721838
1775995200000,2204.51,2208.23,2188.0,2195.0,10586.003664
1775998800000,2195.0,2199.34,2185.0,2187.05,11067.431782
1776002400000,2187.07,2193.71,2178.39,2180.61,8229.898342
1776006000000,2180.7,2188.95,2175.0,2186.65,4325.006384
1776009600000,2186.65,2190.33,2183.1,2187.49,3332.535287
1776013200000,2187.5,2205.42,2187.5,2203.61,5707.248982
1776016800000,2203.62,2207.57,2199.61,2200.48,2229.653767
1776020400000,2200.48,2205.31,2197.5,2198.36,1014.187771
1776024000000,2198.37,2217.94,2193.66,2213.54,4295.839543
1776027600000,2213.55,2217.69,2204.87,2211.32,2569.627266
1776031200000,2211.18,2211.4,2183.33,2199.33,9325.733013
1776034800000,2199.33,2199.41,2186.31,2191.21,2723.549795
1776038400000,2191.39,2207.98,2187.04,2205.06,4290.61237
1776042000000,2205.08,2208.89,2200.38,2203.38,2065.385784
1776045600000,2203.39,2205.55,2192.54,2194.37,2429.984128
1776049200000,2194.37,2195.88,2190.5,2194.25,1328.985893
1776052800000,2194.26,2199.36,2187.87,2190.19,1803.799519
1776056400000,2190.2,2191.7,2182.5,2191.54,2426.835743
1776060000000,2191.71,2201.61,2190.87,2198.36,2824.391358
1776063600000,2198.37,2200.0,2183.5,2187.14,5418.429042
1776067200000,2187.15,2189.99,2179.8,2185.42,3343.680132
1776070800000,2185.43,2195.6,2185.43,2188.14,2169.321508
1776074400000,2188.15,2188.91,2179.31,2183.69,2814.117646
1776078000000,2183.82,2191.19,2182.63,2187.45,2274.420288
1776081600000,2187.46,2198.87,2175.3,2192.6,6185.784355
1776085200000,2192.65,2215.38,2181.51,2215.26,14667.306779
1776088800000,2215.25,2234.99,2203.09,2234.09,13955.923669
1776092400000,2233.98,2236.36,2199.55,2209.46,11083.711195
1776096000000,2209.46,2234.66,2200.31,2225.79,11205.988044
1776099600000,2225.8,2242.97,2222.5,2224.92,6338.806719
1776103200000,2225.04,2233.79,2218.71,2232.32,4197.109553
1776106800000,2232.32,2269.0,2228.0,2262.47,24515.538976
1776110400000,2262.47,2263.79,2247.68,2252.5,7319.60631
1776114000000,2252.49,2267.14,2249.8,2259.99,3410.845189
1776117600000,2259.86,2363.46,2259.69,2352.82,55654.989015
1776121200000,2352.88,2394.5,2339.55,2369.44,37714.339478
1776124800000,2369.44,2376.35,2359.5,2360.81,10002.275303
1776128400000,2360.82,2373.0,2353.88,2368.4,7813.867932
1776132000000,2368.41,2378.35,2366.22,2367.41,5039.71022
1776135600000,2367.35,2370.0,2361.47,2365.15,3506.500699
1776139200000,2365.16,2367.8,2361.64,2364.0,5027.279482
1776142800000,2363.99,2368.68,2354.5,2355.4,4554.459497
1776146400000,2355.39,2376.47,2355.39,2372.84,4640.929107
1776150000000,2372.92,2390.0,2370.33,2377.44,13306.795373
1776153600000,2377.45,2395.55,2373.89,2387.4,15229.49958
1776157200000,2387.4,2394.26,2382.69,2386.98,6258.187235
1776160800000,2386.98,2387.48,2373.07,2374.7,3085.109127
1776164400000,2374.7,2377.72,2367.44,2374.01,3890.008509
1776168000000,2374.18,2377.9,2368.76,2373.93,3434.768221
1776171600000,2373.97,2395.88,2372.41,2391.5,12711.01358
1776175200000,2391.51,2415.5,2353.04,2353.26,28297.23316
1776178800000,2353.3,2372.22,2333.11,2364.81,28381.421263
1776182400000,2364.8,2371.86,2329.59,2333.8,7972.003803
1776186000000,2333.8,2345.53,2324.05,2338.59,6530.058814
1776189600000,2338.61,2344.74,2309.59,2314.23,8684.208659
1776193200000,2314.13,2322.98,2303.47,2313.25,7401.971034
1776196800000,2313.28,2323.11,2308.92,2315.3,3953.241857
1776200400000,2315.31,2326.48,2314.96,2323.97,3567.37978
1776204000000,2323.96,2332.25,2312.01,2315.08,3886.039066
1776207600000,2315.08,2326.69,2314.65,2322.21,3275.506991
1776211200000,2322.3,2344.38,2321.74,2333.71,4611.687289
1776214800000,2333.71,2342.68,2331.44,2335.82,3191.414763
1776218400000,2335.83,2338.16,2317.5,2324.99,2343.092205
1776222000000,2325.02,2329.5,2320.69,2328.9,1065.531095
1776225600000,2328.9,2334.74,2328.21,2333.14,1883.34139
1776229200000,2333.14,2338.73,2314.19,2319.7,3064.84901
1776232800000,2319.69,2321.29,2315.5,2317.31,1689.742903
1776236400000,2317.31,2323.99,2309.0,2316.54,5401.851697
1776240000000,2316.57,2333.11,2313.9,2327.7,4371.732053
1776243600000,2327.71,2330.26,2318.75,2320.15,1621.932619
1776247200000,2320.16,2328.69,2312.17,2317.04,2936.734818
1776250800000,2317.04,2339.83,2316.7,2337.25,4857.280964
1776254400000,2337.25,2340.2,2330.0,2332.86,3073.196154
1776258000000,2332.87,2335.01,2317.85,2327.16,4907.494546
1776261600000,2327.18,2345.95,2322.22,2338.53,6203.97233
1776265200000,2338.53,2349.77,2320.77,2331.9,8643.802655
1776268800000,2331.9,2349.78,2329.4,2341.66,5821.438236
1776272400000,2341.73,2359.48,2339.84,2348.99,7156.467604
1776276000000,2348.99,2360.0,2346.42,2358.67,3503.808308
1776279600000,2358.67,2385.92,2357.4,2375.02,9403.857486
1776283200000,2375.02,2376.48,2354.03,2362.95,3761.646192
1776286800000,2362.83,2363.65,2346.68,2361.29,5107.814912
1776290400000,2361.3,2380.37,2360.27,2363.53,5433.860399
1776294000000,2363.43,2363.6,2349.1,2360.0,3172.968127
1776297600000,2360.06,2363.66,2349.91,2360.77,1368.751426
1776301200000,2360.53,2360.53,2344.75,2352.21,2199.173514
1776304800000,2352.21,2369.49,2350.09,2356.68,3080.570404
1776308400000,2356.6,2365.77,2356.05,2357.98,1534.620085
1776312000000,2357.99,2364.08,2348.39,2354.38,2745.452929
1776315600000,2354.39,2361.73,2350.17,2357.21,1957.307728
1776319200000,2357.27,2360.89,2350.0,2356.2,1456.971056
1776322800000,2356.2,2357.37,2335.23,2341.66,5354.030802
1776326400000,2341.66,2346.15,2334.93,2339.14,3548.207066
1776330000000,2339.15,2348.34,2338.0,2338.24,4053.943277
1776333600000,2338.31,2340.42,2328.75,2332.31,3717.554937
1776337200000,2332.32,2336.54,2329.75,2336.25,2653.636335
1776340800000,2336.18,2348.35,2335.0,2340.62,4384.242191
1776344400000,2340.62,2352.39,2290.44,2308.39,15621.081473
1776348000000,2308.35,2316.31,2284.5,2309.87,18792.422694
1776351600000,2309.87,2350.0,2308.37,2339.07,11358.515461
1776355200000,2339.08,2348.92,2310.18,2316.71,7494.027777
1776358800000,2316.75,2329.4,2310.21,2325.62,4508.345366
1776362400000,2325.56,2347.13,2320.59,2343.29,3780.531843
1776366000000,2343.3,2361.96,2334.95,2359.74,6662.013706
1776369600000,2359.74,2364.96,2341.6,2349.92,5311.433579
1776373200000,2349.9,2356.81,2336.31,2341.26,3130.978426
1776376800000,2341.27,2350.73,2339.05,2342.39,4281.420168
1776380400000,2342.39,2354.85,2341.45,2348.15,2626.843799
1776384000000,2348.15,2350.88,2341.0,2344.18,2186.928727
1776387600000,2344.43,2348.79,2326.89,2335.31,3900.056862
1776391200000,2335.26,2338.89,2323.71,2331.81,1637.271506
1776394800000,2331.82,2332.0,2323.77,2325.63,1067.123671
1776398400000,2325.63,2333.93,2324.18,2329.17,940.479333
1776402000000,2329.17,2329.23,2317.01,2319.57,2488.830202
1776405600000,2319.57,2332.4,2318.0,2331.31,2107.187526
1776409200000,2331.6,2342.31,2330.04,2334.04,3121.258659
1776412800000,2334.09,2359.12,2332.93,2354.8,6202.167934
1776416400000,2354.83,2377.7,2348.07,2358.87,8704.448957
1776420000000,2358.87,2360.79,2336.17,2343.91,6090.770647
1776423600000,2343.8,2356.77,2343.27,2354.58,3125.864651
1776427200000,2354.65,2381.76,2349.0,2371.98,10592.502748
1776430800000,2371.83,2440.5,2366.75,2436.92,50033.218953
1776434400000,2436.93,2457.0,2425.01,2446.88,23639.398796
1776438000000,2446.91,2449.2,2432.54,2441.97,12619.618784
1776441600000,2442.0,2466.0,2441.28,2451.09,14241.902837
1776445200000,2451.08,2452.39,2422.77,2440.23,13913.125983
1776448800000,2440.18,2442.57,2415.5,2420.23,9225.284997
1776452400000,2420.2,2432.86,2417.15,2427.83,4422.177238
1776456000000,2427.73,2435.45,2416.96,2426.6,2362.236023
1776459600000,2426.53,2433.3,2419.5,2429.44,2401.784042
1776463200000,2429.44,2442.54,2422.91,2433.27,3927.479559
1776466800000,2433.27,2433.34,2415.8,2419.01,2975.349592
1776470400000,2418.88,2423.54,2409.09,2420.98,3099.106217
1776474000000,2421.11,2427.51,2417.01,2421.37,1452.488593
1776477600000,2421.37,2425.0,2416.97,2419.67,1327.236045
1776481200000,2419.67,2420.77,2400.0,2405.14,4455.219905
1776484800000,2405.29,2410.38,2400.0,2407.73,3016.068505
1776488400000,2407.73,2413.91,2406.0,2409.09,1691.329183
1776492000000,2409.1,2412.16,2405.5,2410.17,2992.339306
1776495600000,2410.18,2411.4,2402.0,2403.8,2875.86187
1776499200000,2403.8,2405.23,2368.0,2381.12,13214.716155
1776502800000,2381.13,2381.32,2369.86,2376.3,5423.407063
1776506400000,2376.41,2376.46,2354.84,2359.55,10927.355522
1776510000000,2359.6,2360.9,2343.94,2353.17,9853.960669
1776513600000,2353.17,2363.66,2350.56,2358.21,4750.642548
1776517200000,2358.2,2360.52,2345.55,2355.75,4644.042081
1776520800000,2355.74,2365.62,2349.72,2365.26,3342.884486
1776524400000,2365.27,2369.95,2358.63,2363.68,2674.683386
1776528000000,2363.69,2379.01,2354.62,2360.88,5526.902535
1776531600000,2360.88,2364.81,2352.26,2361.45,2467.768602
1776535200000,2361.47,2363.62,2338.77,2347.4,7941.4014
1776538800000,2347.41,2355.55,2346.38,2348.35,1853.427183
1776542400000,2348.35,2354.86,2344.8,2352.28,1807.776003
1776546000000,2352.28,2355.3,2347.08,2355.29,2136.73757
1776549600000,2355.12,2359.29,2348.45,2356.3,1917.148761
1776553200000,2356.3,2360.43,2349.66,2350.53,1357.190872
1776556800000,2350.54,2355.52,2344.5,2349.16,1180.799548
1776560400000,2349.17,2353.14,2341.51,2347.85,1759.359243
1776564000000,2347.86,2349.1,2333.11,2338.2,3147.201974
1776567600000,2338.24,2344.2,2332.15,2339.72,1362.344014
1776571200000,2339.72,2345.98,2321.4,2333.02,8832.613729
1776574800000,2333.02,2338.48,2329.01,2332.5,996.903635
1776578400000,2332.51,2333.23,2321.7,2327.26,4290.107273
1776582000000,2327.27,2327.27,2296.6,2316.1,14293.361055
1776585600000,2316.1,2320.95,2311.06,2318.3,4048.037789
1776589200000,2318.31,2319.14,2306.0,2309.97,8762.876891
1776592800000,2309.98,2319.83,2306.48,2317.84,6671.369496
1776596400000,2317.84,2331.09,2317.41,2329.11,2988.772729
1776600000000,2329.22,2336.99,2324.04,2331.05,3773.879118
1776603600000,2330.96,2349.75,2330.17,2338.49,8980.724422
1776607200000,2338.51,2343.12,2326.87,2337.88,4591.370487
1776610800000,2337.93,2341.51,2315.02,2330.45,4999.233766
1776614400000,2330.53,2331.48,2304.42,2311.63,4637.149995
1776618000000,2311.86,2317.37,2293.93,2296.49,7811.464381
1776621600000,2296.55,2301.84,2287.53,2295.81,8489.923514
1776625200000,2295.91,2304.92,2294.27,2299.82,4751.025845
1776628800000,2299.78,2300.4,2273.18,2280.72,10224.201613
1776632400000,2280.43,2291.01,2275.19,2276.37,3988.748008
1776636000000,2276.0,2277.46,2252.05,2270.27,15513.786651
1776639600000,2270.18,2271.1,2256.57,2263.6,4035.886297
1776643200000,2263.62,2283.19,2259.79,2279.83,4656.119678
1776646800000,2279.73,2294.43,2278.3,2286.14,5590.346763
1776650400000,2286.16,2287.04,2272.0,2277.56,2973.512575
1776654000000,2277.6,2288.76,2276.18,2286.28,1741.1807
1776657600000,2286.27,2286.28,2278.76,2283.54,1501.994485
1776661200000,2283.53,2283.54,2263.08,2270.32,2667.876997
1776664800000,2270.33,2289.19,2268.81,2285.94,2643.565928
1776668400000,2285.95,2332.55,2283.01,2298.13,11664.806586
1776672000000,2298.24,2308.13,2289.93,2294.04,3309.694148
1776675600000,2294.05,2314.45,2293.2,2308.97,2999.60051
1776679200000,2308.97,2320.0,2303.2,2303.28,2713.450436
1776682800000,2303.28,2312.27,2299.28,2308.23,2190.814049
1776686400000,2308.23,2323.32,2304.5,2318.86,4047.911864
1776690000000,2318.86,2326.72,2301.82,2310.81,7528.736819
1776693600000,2310.8,2322.1,2282.86,2290.84,11419.060852
1776697200000,2290.84,2319.22,2275.0,2313.85,10195.038454
1776700800000,2314.02,2314.69,2298.62,2300.01,2482.215539
1776704400000,2300.01,2322.53,2297.81,2317.1,4091.717939
1776708000000,2317.11,2344.03,2317.11,2334.53,8832.536724
1776711600000,2334.54,2335.99,2327.1,2331.62,2848.8041
1776715200000,2331.65,2340.28,2325.21,2337.3,4398.423284
1776718800000,2337.3,2346.67,2315.01,2321.45,5877.263733
1776722400000,2321.46,2328.39,2316.68,2319.55,1714.746661
1776726000000,2319.55,2319.55,2307.1,2313.62,2567.897268
1776729600000,2313.58,2324.59,2311.53,2321.99,1654.382368
1776733200000,2321.99,2326.86,2312.6,2315.0,1522.556829
1776736800000,2315.0,2315.5,2306.32,2308.3,1474.393294
1776740400000,2308.3,2312.83,2300.0,2311.52,2648.312939
1776744000000,2311.52,2316.12,2304.3,2314.87,1418.21294
1776747600000,2314.71,2320.7,2312.69,2314.29,1677.71294
1776751200000,2314.07,2327.07,2308.0,2317.58,1918.839881
1776754800000,2317.58,2324.53,2311.69,2318.21,3365.091588
1776758400000,2318.21,2338.88,2313.6,2323.4,4345.002955
1776762000000,2323.38,2327.5,2317.82,2325.46,2186.774531
1776765600000,2325.56,2337.15,2324.79,2330.91,2777.675127
1776769200000,2330.92,2331.32,2315.68,2320.0,4165.987072
1776772800000,2320.0,2324.96,2293.86,2308.26,6925.366265
1776776400000,2308.26,2317.22,2300.81,2312.65,4541.795107
1776780000000,2312.97,2327.68,2295.5,2299.32,8056.665834
1776783600000,2299.4,2310.99,2290.32,2310.41,8408.836771
1776787200000,2310.44,2324.87,2306.57,2307.52,4399.24839
1776790800000,2307.44,2319.98,2283.46,2306.27,8066.79356
1776794400000,2306.25,2313.33,2299.83,2313.0,2828.966239
1776798000000,2312.99,2331.82,2287.44,2298.66,8269.392911
1776801600000,2298.69,2326.18,2295.76,2314.44,9412.925464
1776805200000,2314.4,2318.17,2309.65,2312.47,991.857286
1776808800000,2312.43,2317.0,2300.74,2311.4,2497.177422
1776812400000,2311.3,2330.02,2310.98,2327.58,4485.446262
1776816000000,2327.58,2330.76,2322.19,2325.65,3844.689451
1776819600000,2325.58,2328.65,2313.22,2322.58,1852.787472
1776823200000,2322.77,2375.85,2320.4,2370.48,16046.625148
1776826800000,2370.51,2379.46,2358.28,2363.82,6615.583558
1776830400000,2363.73,2369.44,2358.39,2363.92,2856.251377
1776834000000,2363.93,2413.33,2361.9,2396.83,23219.549031
1776837600000,2396.82,2397.19,2389.61,2393.22,3213.512612
1776841200000,2393.22,2397.68,2384.01,2390.05,7788.442302
1776844800000,2390.05,2393.44,2383.1,2388.11,3821.196997
1776848400000,2388.0,2394.0,2384.0,2387.52,2080.672431
1776852000000,2387.45,2393.7,2385.0,2390.46,1416.16912
1776855600000,2390.36,2400.72,2386.64,2398.52,3617.249854
1776859200000,2398.52,2407.27,2395.91,2404.8,4751.111242
1776862800000,2404.8,2423.93,2401.45,2417.59,16807.614605
1776866400000,2417.71,2424.09,2392.0,2403.01,10984.607114
1776870000000,2403.02,2413.82,2390.51,2403.8,7027.808578
1776873600000,2403.8,2413.77,2384.09,2386.18,7549.027221
1776877200000,2386.27,2402.93,2386.27,2399.38,4547.943542
1776880800000,2399.39,2404.89,2395.25,2397.0,2460.441729
1776884400000,2397.05,2407.14,2389.24,2397.73,3237.238697
1776888000000,2397.74,2402.29,2390.6,2391.57,2142.352927
1776891600000,2391.57,2406.04,2391.56,2402.59,3715.749936
1776895200000,2402.58,2405.25,2394.11,2399.87,1613.34282
1776898800000,2399.98,2400.96,2373.92,2374.06,5257.192581
1776902400000,2374.07,2382.46,2343.29,2372.71,10348.695232
1776906000000,2372.76,2372.76,2360.68,2366.82,3536.923208
1776909600000,2366.89,2366.89,2344.0,2352.16,7399.494698
1776913200000,2352.29,2353.87,2331.73,2341.07,6021.596808
1776916800000,2341.07,2348.8,2336.97,2347.96,3455.837776
1776920400000,2347.86,2352.94,2340.34,2349.06,2748.226012
1776924000000,2349.07,2360.0,2349.07,2354.67,4814.87021
1776927600000,2354.67,2356.93,2340.68,2344.42,7895.003745
1776931200000,2344.46,2345.0,2335.14,2340.29,3437.501563
1776934800000,2340.3,2340.59,2312.68,2316.75,11502.989741
1776938400000,2316.7,2319.62,2306.21,2314.54,6612.714631
1776942000000,2314.61,2333.01,2314.61,2329.62,4310.38025
1776945600000,2329.62,2335.57,2321.0,2329.09,6473.944234
1776949200000,2329.1,2332.68,2314.65,2319.86,4114.655405
1776952800000,2319.86,2335.15,2316.2,2334.15,4242.967997
1776956400000,2334.27,2343.97,2324.0,2333.34,5178.248229
1776960000000,2333.4,2335.95,2323.26,2326.1,3486.105338
1776963600000,2326.1,2329.29,2285.01,2310.44,17806.414671
1776967200000,2310.54,2319.18,2304.32,2305.19,4476.05333
1776970800000,2305.32,2319.18,2300.76,2312.99,2600.885399
1776974400000,2313.06,2329.4,2312.86,2325.41,3766.959839
1776978000000,2325.42,2328.95,2320.66,2321.54,1758.109764
1776981600000,2321.52,2339.38,2321.38,2331.81,3793.303452
1776985200000,2331.81,2333.29,2324.0,2330.46,1340.05595
1776988800000,2330.46,2337.5,2326.72,2332.48,2512.151745
1776992400000,2332.49,2334.3,2318.54,2332.97,2685.81154
1776996000000,2332.86,2335.37,2315.19,2319.75,2586.873618
1776999600000,2319.73,2322.45,2301.06,2308.72,4138.87036
1777003200000,2308.72,2311.88,2300.32,2306.29,3160.910511
1777006800000,2306.28,2317.0,2299.99,2314.96,9519.731136
1777010400000,2315.03,2317.0,2308.37,2309.07,3114.373388
1777014000000,2309.08,2316.24,2308.56,2311.73,4681.24744
1777017600000,2311.77,2323.28,2307.49,2315.12,3457.019508
1777021200000,2315.11,2315.76,2303.6,2310.07,2716.149738
1777024800000,2310.23,2319.04,2306.01,2315.82,1780.56192
1777028400000,2315.82,2332.5,2315.82,2328.27,7697.620326
1777032000000,2328.23,2331.95,2318.17,2325.5,3698.784113
1777035600000,2325.32,2331.82,2310.78,2317.14,5251.710033
1777039200000,2317.24,2318.4,2304.0,2313.5,6510.44315
1777042800000,2313.56,2330.22,2301.68,2323.88,6830.93049
1777046400000,2323.87,2324.35,2310.0,2316.94,2406.192247
1777050000000,2316.8,2321.87,2308.81,2319.65,3244.618689
1777053600000,2319.66,2321.46,2309.92,2319.89,1828.545175
1777057200000,2320.22,2325.0,2319.1,2321.45,2419.008784
1777060800000,2321.5,2328.47,2314.14,2326.38,2671.015541
1777064400000,2326.37,2327.77,2312.15,2315.27,3195.982514
1777068000000,2315.22,2316.2,2307.6,2312.07,1678.136394
1777071600000,2312.2,2316.73,2312.2,2315.09,749.299438
1777075200000,2315.08,2316.06,2311.27,2315.9,1210.237754
1777078800000,2315.91,2321.32,2315.68,2318.06,766.849208
1777082400000,2318.05,2319.5,2314.46,2317.77,832.280728
1777086000000,2317.81,2320.99,2315.52,2318.61,657.570438
1777089600000,2318.61,2319.24,2316.11,2316.69,396.899342
1777093200000,2316.68,2316.69,2313.33,2316.18,685.473755
1777096800000,2316.18,2317.67,2314.67,2316.0,457.45325
1777100400000,2316.01,2318.85,2314.19,2316.43,620.931429
1777104000000,2316.42,2320.98,2315.96,2319.26,541.624225
1777107600000,2319.26,2323.14,2316.56,2318.84,1188.335506
1777111200000,2318.84,2322.65,2318.59,2320.39,934.106723
1777114800000,2320.38,2320.38,2311.0,2313.65,1387.275163
1777118400000,2313.65,2317.35,2310.71,2313.53,2571.455724
1777122000000,2313.54,2317.84,2313.54,2316.2,1056.679347
1777125600000,2316.21,2318.99,2315.0,2315.93,1192.233319
1777129200000,2315.93,2318.4,2303.0,2308.01,3386.756249
1777132800000,2308.01,2311.3,2300.69,2309.99,3056.974845
1777136400000,2309.99,2313.91,2307.38,2309.32,1682.978844
1777140000000,2309.23,2314.16,2308.41,2311.54,1345.09076
1777143600000,2311.74,2312.39,2307.44,2310.24,812.495796
1777147200000,2310.24,2313.42,2309.1,2313.13,852.117819
1777150800000,2313.13,2317.39,2313.12,2316.0,1705.475393
1777154400000,2316.0,2320.93,2315.23,2318.14,868.257413
1777158000000,2318.18,2319.99,2317.01,2319.71,736.433262
1777161600000,2319.72,2319.91,2311.78,2315.31,1289.056338
1777165200000,2315.31,2318.07,2313.45,2314.01,836.287771
1777168800000,2314.01,2318.66,2313.58,2315.17,622.609433
1777172400000,2315.14,2316.66,2306.77,2310.02,1155.024997
1777176000000,2310.01,2319.81,2309.22,2317.71,1385.891322
1777179600000,2317.71,2336.18,2317.7,2328.02,5623.124619
1777183200000,2328.02,2333.52,2325.78,2330.0,1291.210111
1777186800000,2330.0,2331.96,2327.98,2331.15,1404.178346
1777190400000,2331.15,2337.55,2330.38,2332.2,2257.543463
1777194000000,2332.2,2335.23,2329.4,2334.59,851.482425
1777197600000,2334.59,2336.22,2331.49,2332.68,828.579648
1777201200000,2332.67,2337.2,2332.67,2335.62,1942.364872
1777204800000,2335.61,2336.21,2324.64,2328.89,2858.271291
1777208400000,2328.9,2335.72,2328.19,2335.28,2369.669967
1777212000000,2335.27,2352.17,2333.45,2346.25,7275.578583
1777215600000,2346.25,2349.0,2344.12,2348.23,2667.303912
1777219200000,2348.23,2349.71,2342.81,2342.84,2435.983369
1777222800000,2342.81,2351.51,2340.45,2349.52,1995.017327
1777226400000,2349.52,2368.75,2347.41,2361.85,6855.603097
1777230000000,2361.85,2376.2,2359.54,2367.49,5819.995269
1777233600000,2367.5,2372.94,2362.08,2362.44,2156.912389
1777237200000,2362.52,2370.4,2348.28,2364.42,5360.04278
1777240800000,2364.41,2380.0,2353.45,2361.94,5365.689397
1777244400000,2361.93,2378.3,2356.82,2369.35,4779.64855
1777248000000,2369.36,2392.0,2358.84,2389.83,8893.367659
1777251600000,2390.0,2404.42,2377.51,2394.49,12152.507251
1777255200000,2394.78,2396.99,2387.5,2392.32,2286.999043
1777258800000,2392.32,2400.5,2390.59,2394.61,3519.603222
1777262400000,2394.61,2396.0,2380.5,2382.86,4361.611917
1777266000000,2382.88,2383.53,2318.95,2323.29,22983.802349
1777269600000,2323.29,2328.92,2312.59,2321.03,5679.224064
1777273200000,2321.01,2323.93,2315.18,2316.18,4224.481006
1777276800000,2316.18,2319.99,2309.22,2319.67,5201.159203
1777280400000,2319.72,2325.44,2315.57,2322.04,2704.520197
1777284000000,2322.03,2324.13,2318.63,2320.03,1338.515715
1777287600000,2320.03,2324.59,2317.0,2320.09,1946.490125
1777291200000,2320.04,2321.05,2312.11,2313.98,3387.790159
1777294800000,2313.98,2320.52,2303.34,2312.05,8849.476419
1777298400000,2312.06,2329.37,2308.54,2314.88,9108.595224
1777302000000,2314.94,2315.26,2265.68,2275.08,26327.646363
1777305600000,2275.08,2280.79,2270.31,2278.11,4139.552363
1777309200000,2278.12,2292.5,2278.12,2286.87,6066.889613
1777312800000,2286.86,2292.0,2284.34,2288.69,3966.555466
1777316400000,2288.68,2291.33,2275.11,2289.28,3574.775421
1777320000000,2289.37,2296.52,2289.37,2291.71,1673.108283
1777323600000,2291.71,2292.49,2287.0,2287.43,1769.420684
1777327200000,2287.43,2295.6,2284.55,2294.53,2527.323722
1777330800000,2294.52,2308.4,2291.17,2303.74,3613.881995
1777334400000,2303.72,2310.76,2299.58,2306.65,1928.742114
1777338000000,2306.63,2308.71,2297.78,2298.78,1719.507914
1777341600000,2298.78,2300.85,2280.39,2288.88,3959.560089
1777345200000,2288.85,2291.0,2282.48,2290.71,2018.546441
1777348800000,2290.71,2294.6,2283.37,2288.6,2509.712924
1777352400000,2288.61,2297.01,2286.67,2288.15,2530.179121
1777356000000,2288.11,2290.99,2270.0,2277.79,5052.0941
1777359600000,2277.79,2288.77,2270.4,2287.99,3068.57254
1777363200000,2287.99,2291.72,2283.1,2287.05,2119.29986
1777366800000,2287.05,2288.48,2276.78,2282.27,1848.968062
1777370400000,2282.27,2287.32,2280.69,2284.38,1368.186385
1777374000000,2284.4,2285.38,2270.57,2275.51,2598.296379
1777377600000,2275.53,2281.24,2272.0,2278.49,2751.287292
1777381200000,2278.45,2286.63,2258.48,2276.41,10273.466562
1777384800000,2276.55,2276.83,2261.1,2273.43,3672.263579
1777388400000,2273.45,2280.71,2269.27,2279.93,2993.236461
1777392000000,2279.96,2288.21,2274.26,2286.18,3559.233596
1777395600000,2286.19,2293.33,2279.0,2290.59,2134.799723
1777399200000,2290.59,2298.35,2287.66,2296.91,2383.84152
1777402800000,2297.1,2305.52,2290.34,2301.79,4024.728062
1777406400000,2301.8,2305.64,2295.3,2295.48,1269.443764
1777410000000,2295.48,2297.3,2285.69,2290.44,1869.683614
1777413600000,2290.4,2294.65,2285.32,2286.16,797.716389
1777417200000,2286.15,2290.18,2283.31,2289.24,1479.503239
1777420800000,2289.24,2294.53,2285.37,2292.49,1395.866869
1777424400000,2292.49,2297.29,2279.01,2292.4,4550.396271
1777428000000,2292.41,2295.48,2284.69,2288.8,2315.100195
1777431600000,2288.8,2316.74,2287.86,2311.63,8482.839224
1777435200000,2311.63,2342.79,2309.38,2327.26,10434.2482
1777438800000,2327.27,2332.3,2322.72,2329.03,4073.488316
1777442400000,2328.96,2336.96,2320.44,2324.7,4019.514395
1777446000000,2324.78,2330.71,2321.68,2323.8,4637.838369
1777449600000,2323.81,2329.0,2320.96,2325.52,2166.644364
1777453200000,2325.52,2347.08,2322.86,2339.72,5585.522953
1777456800000,2339.72,2346.62,2329.7,2333.45,7370.657429
1777460400000,2333.45,2336.52,2328.64,2331.7,2852.619854
1777464000000,2331.7,2332.09,2307.25,2316.43,6836.065254
1777467600000,2316.43,2318.59,2290.15,2303.13,7949.45788
1777471200000,2303.14,2308.41,2293.8,2299.48,3748.731875
1777474800000,2299.49,2301.37,2263.48,2272.88,9558.04392
1777478400000,2272.89,2279.37,2263.37,2267.43,4869.801411
1777482000000,2267.44,2284.0,2266.22,2283.57,3995.45708
1777485600000,2283.57,2286.53,2220.33,2239.56,32125.544159
1777489200000,2239.56,2243.49,2225.47,2233.59,6939.835961
1777492800000,2233.56,2248.59,2230.05,2240.67,6629.82093
1777496400000,2240.7,2266.11,2238.63,2253.01,5649.883804
1777500000000,2253.01,2260.86,2250.0,2257.96,4098.091802
1777503600000,2257.96,2260.73,2250.45,2253.09,2902.617026
1777507200000,2253.08,2275.68,2249.27,2272.55,5688.741245
1777510800000,2272.55,2279.34,2267.31,2269.47,3713.696095
1777514400000,2269.47,2273.57,2236.05,2245.51,6553.290973
1777518000000,2245.47,2257.29,2244.2,2253.67,4575.560977
1777521600000,2253.68,2254.55,2237.0,2239.5,3611.262138
1777525200000,2239.55,2248.72,2232.01,2242.92,3055.587938
1777528800000,2242.91,2252.79,2242.01,2248.03,1441.65686
1777532400000,2248.03,2262.83,2243.83,2260.68,8518.989996
1777536000000,2260.69,2262.5,2255.49,2256.67,2403.116111
1777539600000,2256.51,2271.98,2255.97,2261.92,2471.683316
1777543200000,2261.93,2265.81,2256.67,2261.81,1406.392367
1777546800000,2261.82,2273.5,2251.4,2258.37,3939.593573
1777550400000,2258.3,2271.1,2257.72,2265.45,2546.193456
1777554000000,2265.45,2272.7,2253.83,2264.16,3357.995479
1777557600000,2264.17,2270.99,2246.52,2262.18,5990.382805
1777561200000,2262.22,2275.46,2257.7,2265.71,4208.011759
1777564800000,2265.71,2267.29,2255.33,2257.03,2016.178431
1777568400000,2257.04,2260.69,2251.62,2258.11,2302.725518
1777572000000,2258.1,2265.51,2254.47,2259.81,1845.95603
1777575600000,2259.8,2266.94,2258.1,2261.8,1600.388856
1777579200000,2261.8,2267.32,2260.56,2264.27,1043.739589
1777582800000,2264.27,2264.85,2254.33,2256.27,1330.415023
1777586400000,2256.28,2261.57,2252.44,2254.4,1130.84195
1777590000000,2254.55,2259.38,2253.9,2257.95,689.87853
1777593600000,2258.0,2266.0,2257.41,2260.2,980.650146
1777597200000,2260.2,2270.57,2259.99,2267.6,1852.095715
1777600800000,2267.61,2270.26,2264.79,2267.19,1694.400077
1777604400000,2267.2,2295.56,2266.12,2282.79,9790.817484
1777608000000,2282.86,2285.59,2277.68,2280.04,2853.485274
1777611600000,2280.04,2286.59,2278.17,2283.5,1354.153764
1777615200000,2283.61,2286.59,2272.47,2277.33,1977.703924
1777618800000,2277.33,2281.15,2273.2,2279.63,4456.962081
1777622400000,2279.63,2288.59,2277.18,2286.74,3056.556478
1777626000000,2286.74,2286.96,2279.86,2282.02,1949.673789
1777629600000,2282.03,2286.0,2277.25,2282.65,3136.033024
1777633200000,2282.66,2293.08,2281.45,2286.56,10146.76096
1777636800000,2286.57,2312.16,2284.03,2301.03,14936.626458
1777640400000,2301.04,2324.06,2301.04,2317.99,11227.265885
1777644000000,2318.0,2325.56,2301.49,2307.97,7680.60858
1777647600000,2307.97,2316.69,2298.24,2307.86,5263.368624
1777651200000,2307.86,2314.28,2298.25,2301.91,5348.697758
1777654800000,2301.87,2313.8,2298.73,2311.81,2620.843725
1777658400000,2311.87,2312.77,2303.39,2304.49,2919.729658
1777662000000,2304.54,2307.89,2302.25,2304.81,2671.961643
1777665600000,2304.81,2306.4,2279.1,2284.78,7400.482533
1777669200000,2284.78,2294.2,2283.49,2292.62,3053.765599
1777672800000,2292.61,2299.59,2290.42,2293.25,1038.159661
1777676400000,2293.25,2296.45,2288.88,2295.57,1104.629185
1777680000000,2295.57,2299.36,2292.88,2297.54,1149.07564
1777683600000,2297.64,2300.54,2295.55,2298.77,945.745798
1777687200000,2298.81,2308.22,2295.14,2303.32,1707.068447
1777690800000,2303.32,2308.52,2301.01,2304.29,1151.621639
1777694400000,2304.52,2304.95,2299.42,2301.34,655.546164
1777698000000,2301.33,2301.59,2296.58,2299.51,603.517094
1777701600000,2299.54,2306.59,2297.0,2305.63,1428.944127
1777705200000,2305.63,2306.21,2300.58,2300.72,2631.381262
1777708800000,2300.72,2304.55,2298.73,2303.4,1664.942211
1777712400000,2303.4,2307.69,2303.22,2305.28,428.585506
1777716000000,2305.29,2306.01,2302.2,2303.47,624.321491
1777719600000,2303.46,2304.99,2300.33,2302.0,598.16465
1777723200000,2302.0,2305.47,2301.37,2303.55,753.157409
1777726800000,2303.56,2312.25,2303.56,2308.12,1855.529974
1777730400000,2308.12,2308.81,2305.46,2306.48,816.717046
1777734000000,2306.48,2309.85,2305.46,2309.1,697.033461
1777737600000,2309.11,2313.53,2307.61,2309.3,1061.058097
1777741200000,2309.3,2310.36,2305.46,2306.01,878.99042
1777744800000,2306.01,2311.48,2303.62,2309.99,736.569625
1777748400000,2310.0,2312.72,2308.92,2311.5,698.217177
1777752000000,2311.51,2311.99,2309.68,2311.61,696.126521
1777755600000,2311.65,2343.12,2310.77,2325.79,7618.60104
1777759200000,2325.8,2328.29,2317.8,2327.17,2435.211481
1777762800000,2327.15,2327.15,2314.16,2317.05,2053.319843
1777766400000,2317.17,2317.95,2309.22,2314.22,2142.097677
1777770000000,2314.22,2314.59,2303.39,2303.98,1708.475987
1777773600000,2303.98,2307.0,2299.16,2303.49,2930.047422
1777777200000,2303.49,2304.29,2299.76,2302.27,992.843576
1777780800000,2302.26,2304.77,2297.7,2301.68,1292.668575
1777784400000,2301.68,2305.23,2301.39,2304.34,389.405253
1777788000000,2304.33,2306.65,2299.9,2304.41,723.416555
1777791600000,2304.42,2314.07,2304.36,2309.47,1692.478777
1777795200000,2309.47,2312.75,2307.52,2308.18,549.072817
1777798800000,2308.19,2322.04,2307.51,2316.66,2176.344509
1777802400000,2316.66,2317.01,2311.32,2311.44,494.917455
1777806000000,2311.44,2327.51,2310.52,2319.63,2095.370655
1777809600000,2319.64,2332.99,2319.64,2325.5,3049.433315
1777813200000,2325.5,2328.7,2320.48,2321.86,3933.66334
1777816800000,2321.86,2329.33,2321.15,2327.9,2336.569134
1777820400000,2327.91,2333.66,2324.47,2328.31,6317.865834
1777824000000,2328.24,2335.0,2322.07,2328.15,9651.480868
1777827600000,2328.15,2335.28,2323.7,2331.96,3556.299641
1777831200000,2331.99,2333.63,2328.21,2330.96,614.913209
1777834800000,2330.96,2338.2,2328.4,2335.7,2667.273291
1777838400000,2335.56,2344.44,2328.45,2329.67,4409.31947
1777842000000,2329.67,2334.35,2314.82,2324.18,2763.80741
1777845600000,2324.24,2356.71,2324.05,2343.87,8952.741298
1777849200000,2343.86,2347.55,2320.01,2323.1,3980.620971
1777852800000,2323.12,2323.12,2309.23,2319.2,4233.111387
1777856400000,2319.21,2354.41,2312.66,2350.94,9441.040671
1777860000000,2350.94,2387.62,2345.44,2374.63,23454.768525
1777863600000,2374.83,2391.53,2371.76,2385.09,9602.294544
1777867200000,2385.09,2399.0,2384.27,2390.27,7158.6828
1777870800000,2390.31,2391.44,2375.04,2376.5,5153.751408
1777874400000,2376.51,2378.62,2354.43,2368.56,5982.739157
1777878000000,2368.56,2374.58,2362.38,2362.69,4819.204063
1777881600000,2362.69,2365.05,2357.79,2360.24,3117.041238
1777885200000,2360.24,2370.9,2358.14,2368.57,1951.829184
1777888800000,2368.57,2370.09,2314.49,2338.42,23325.094858
1777892400000,2338.41,2343.58,2332.53,2337.11,5657.083015
1777896000000,2337.11,2343.94,2332.55,2335.41,6509.342009
1777899600000,2335.41,2344.99,2325.76,2336.6,6476.587407
1777903200000,2336.6,2382.02,2327.4,2371.09,13449.089672
1777906800000,2371.13,2374.4,2335.2,2350.19,14481.596942
1777910400000,2350.24,2365.42,2336.71,2355.3,9055.127374
1777914000000,2355.29,2380.02,2353.88,2370.16,7058.956936
1777917600000,2370.17,2375.0,2357.18,2361.41,5541.365671
1777921200000,2361.42,2364.43,2353.76,2356.4,4284.912398
1777924800000,2356.54,2359.37,2347.66,2350.09,1684.717618
1777928400000,2350.1,2364.86,2350.0,2360.81,1465.798175
1777932000000,2360.81,2366.37,2353.84,2354.57,1749.167446
1777935600000,2354.57,2354.57,2344.69,2347.24,2328.533174
1777939200000,2347.25,2359.35,2344.94,2358.94,1478.289433
1777942800000,2358.94,2364.95,2355.03,2361.83,1993.558386
1777946400000,2361.83,2377.29,2358.97,2367.63,4840.201606
1777950000000,2367.63,2389.29,2364.32,2382.14,5641.11402
1777953600000,2382.13,2385.69,2375.73,2380.95,2511.379526
1777957200000,2380.93,2390.49,2377.29,2380.22,6108.056455
1777960800000,2380.23,2381.53,2367.26,2378.91,4110.797737
1777964400000,2378.91,2388.61,2375.84,2380.56,4849.598696
1777968000000,2380.55,2384.45,2372.73,2376.88,1974.155084
1777971600000,2376.87,2376.94,2367.0,2369.8,2250.625095
1777975200000,2369.8,2379.63,2367.36,2378.67,2364.454453
1777978800000,2378.66,2384.0,2373.0,2379.78,2505.468072
1777982400000,2379.79,2389.88,2376.22,2388.48,3293.606024
1777986000000,2388.49,2399.56,2383.36,2388.67,10468.470961
1777989600000,2388.67,2392.55,2369.27,2378.73,8932.680827
1777993200000,2378.73,2388.28,2375.45,2381.32,2782.178203
1777996800000,2381.43,2383.37,2360.67,2366.01,5386.881999
1778000400000,2366.01,2370.21,2359.81,2363.14,3489.257343
1778004000000,2363.15,2374.78,2363.0,2372.29,1928.748941
1778007600000,2372.29,2376.45,2369.27,2372.0,1493.476754
1778011200000,2371.99,2387.49,2371.28,2382.78,5133.351373
1778014800000,2382.78,2388.56,2368.64,2375.61,3144.426052
1778018400000,2375.6,2381.81,2354.36,2367.6,6293.486491
1778022000000,2367.59,2370.0,2354.58,2361.01,3826.775084
1778025600000,2361.0,2368.23,2354.17,2364.42,2970.304109
1778029200000,2364.55,2376.88,2362.49,2373.12,3792.405816
1778032800000,2373.13,2373.63,2360.01,2369.46,2268.152159
1778036400000,2369.5,2380.87,2368.0,2376.5,3435.534574
1778040000000,2376.5,2379.37,2361.0,2366.01,2953.824649
1778043600000,2366.0,2367.17,2354.7,2365.13,3246.387738
1778047200000,2365.13,2371.42,2361.25,2370.61,2054.785925
1778050800000,2370.62,2375.38,2368.62,2371.69,1956.282391
1778054400000,2371.68,2396.52,2369.4,2394.2,7097.568582
1778058000000,2394.31,2418.87,2384.83,2412.62,18717.934455
1778061600000,2412.8,2414.54,2405.71,2410.2,6699.196874
1778065200000,2410.15,2423.69,2407.64,2410.54,11656.730475
1778068800000,2410.55,2413.87,2400.19,2405.28,5622.859237
1778072400000,2405.22,2405.23,2364.44,2368.54,17540.543758
1778076000000,2368.62,2373.38,2346.0,2359.67,17513.595528
1778079600000,2359.75,2366.31,2354.38,2359.06,8117.553554
1778083200000,2359.06,2368.0,2350.3,2358.38,8590.90169
1778086800000,2358.24,2360.95,2348.0,2349.91,3931.668204
1778090400000,2349.91,2352.6,2337.78,2345.17,5661.839892
1778094000000,2345.16,2349.99,2342.56,2348.72,2202.637631
1778097600000,2348.69,2357.34,2345.45,2351.23,4936.22878
1778101200000,2351.22,2357.71,2346.31,2354.81,3611.679419
1778104800000,2354.9,2355.42,2345.47,2347.71,3319.630591
1778108400000,2347.71,2351.96,2338.72,2351.29,4404.880005
1778112000000,2351.29,2352.91,2329.4,2329.91,7730.54094
1778115600000,2329.91,2335.24,2313.81,2327.77,9242.899637
1778119200000,2327.73,2328.19,2314.11,2322.1,7994.888506
1778122800000,2322.1,2325.82,2315.52,2322.35,3083.623846
1778126400000,2322.36,2328.05,2317.8,2327.56,2100.001868
1778130000000,2327.56,2334.08,2327.11,2331.2,2611.888094
1778133600000,2331.2,2338.65,2319.94,2337.25,4413.269452
1778137200000,2337.25,2347.2,2336.77,2344.81,7038.953526
1778140800000,2344.8,2346.87,2332.01,2334.09,4323.708
1778144400000,2334.1,2337.48,2327.01,2329.3,3459.236344
1778148000000,2329.24,2331.99,2317.53,2327.01,3694.627224
1778151600000,2327.01,2332.1,2325.56,2330.23,2004.12586
1778155200000,2330.22,2337.55,2329.29,2333.19,3017.099523
1778158800000,2333.19,2333.19,2305.14,2314.56,9348.553994
1778162400000,2314.67,2318.96,2289.0,2299.37,19848.746928
1778166000000,2299.37,2304.71,2285.0,2295.17,8578.794579
1778169600000,2294.81,2298.55,2285.84,2291.81,4583.410468
1778173200000,2291.82,2302.04,2280.0,2300.19,5876.757634
1778176800000,2300.18,2304.44,2291.37,2296.34,4454.069439
1778180400000,2296.27,2297.48,2288.32,2296.19,4380.251252
1778184000000,2296.24,2303.04,2288.39,2289.65,3871.543252
1778187600000,2289.66,2294.51,2281.81,2288.17,4876.771815
1778191200000,2288.07,2290.77,2281.31,2287.47,5766.105839
1778194800000,2287.48,2293.66,2286.58,2291.55,2576.510648
1778198400000,2291.55,2294.72,2284.0,2287.11,2285.690462
1778202000000,2287.26,2289.72,2280.41,2285.35,1884.848758
1778205600000,2285.36,2285.89,2268.14,2279.2,6459.864731
1778209200000,2279.23,2281.81,2265.0,2278.97,4246.672307
1778212800000,2278.97,2284.92,2276.51,2281.75,1535.736434
1778216400000,2281.74,2284.17,2276.31,2276.36,1844.195687
1778220000000,2276.31,2278.61,2268.81,2275.44,1849.853268
1778223600000,2275.4,2282.53,2267.1,2281.54,9126.0874
1778227200000,2281.54,2289.51,2279.87,2283.4,4150.794508
1778230800000,2283.4,2292.13,2279.99,2284.51,4261.86049
1778234400000,2284.51,2290.9,2281.26,2287.96,1648.831509
1778238000000,2288.03,2298.29,2288.03,2295.51,4348.898225
1778241600000,2295.51,2303.03,2282.58,2284.89,5433.021448
1778245200000,2284.89,2287.26,2270.0,2276.42,5045.529848
1778248800000,2276.5,2292.9,2273.39,2285.98,4478.909201
1778252400000,2285.98,2294.64,2275.0,2293.57,3929.841617
1778256000000,2293.65,2294.56,2286.56,2290.05,2669.903993
1778259600000,2290.04,2315.97,2289.43,2305.09,7929.545126
1778263200000,2305.12,2321.51,2305.12,2313.77,7404.656988
1778266800000,2313.77,2320.77,2312.61,2316.25,2881.767946
1778270400000,2316.32,2317.24,2305.71,2307.18,2090.057603
1778274000000,2307.18,2315.39,2304.6,2314.92,1961.231811
1778277600000,2314.93,2319.33,2310.93,2311.06,1680.75164
1778281200000,2311.06,2311.46,2303.45,2307.54,1441.691256
1778284800000,2307.55,2312.47,2304.5,2308.85,1372.544376
1778288400000,2308.86,2318.44,2308.31,2314.47,1874.2914
1778292000000,2314.47,2320.57,2314.01,2317.03,1900.404984
1778295600000,2317.16,2321.2,2312.84,2315.38,1524.306738
1778299200000,2315.38,2325.42,2311.76,2312.8,2403.56442
1778302800000,2312.8,2318.56,2311.33,2314.95,849.601052
1778306400000,2314.96,2319.19,2312.67,2314.57,1388.305482
1778310000000,2314.7,2318.52,2311.28,2314.72,1839.439027
1778313600000,2314.72,2320.0,2314.0,2317.28,2250.802816
1778317200000,2317.28,2318.04,2311.35,2313.58,1975.281041
1778320800000,2313.59,2315.58,2310.25,2312.86,758.440923
1778324400000,2312.85,2316.31,2312.64,2314.82,897.14324
1778328000000,2314.83,2318.63,2313.35,2316.62,660.909078
1778331600000,2316.63,2316.76,2311.78,2314.55,767.865837
1778335200000,2314.56,2315.58,2305.2,2308.57,2444.132373
1778338800000,2308.5,2317.5,2299.87,2317.49,3394.93911
1778342400000,2317.5,2324.95,2315.12,2319.9,3968.624252
1778346000000,2319.9,2333.64,2319.9,2329.53,6684.075017
1778349600000,2329.54,2338.45,2328.94,2329.77,2861.271876
1778353200000,2330.13,2332.98,2326.75,2332.05,2247.656784
1778356800000,2332.05,2332.78,2327.06,2329.17,600.76764
1778360400000,2329.18,2331.8,2328.64,2330.86,1354.987354
1778364000000,2330.86,2333.5,2327.41,2330.03,728.290759
1778367600000,2330.0,2331.84,2324.46,2326.43,768.405685
1778371200000,2326.43,2329.95,2321.33,2323.96,1701.270885
1778374800000,2323.96,2324.99,2318.41,2323.95,1709.267846
1778378400000,2323.95,2328.28,2320.28,2327.96,940.292213
1778382000000,2327.99,2333.82,2323.85,2327.93,1497.683714
1778385600000,2327.93,2331.23,2326.14,2328.43,705.176086
1778389200000,2328.43,2330.4,2326.67,2327.33,747.713826
1778392800000,2327.34,2330.79,2327.04,2329.51,1759.839141
1778396400000,2329.52,2332.0,2327.5,2327.5,938.034991
1778400000000,2327.51,2332.0,2326.38,2330.14,978.22747
1778403600000,2330.15,2333.59,2327.01,2328.37,1592.733834
1778407200000,2328.38,2329.0,2323.52,2325.18,5422.852784
1778410800000,2325.36,2327.76,2319.0,2322.32,4060.938875
1778414400000,2322.32,2325.6,2320.76,2324.38,2086.852539
1778418000000,2324.29,2332.26,2323.44,2330.07,1939.491784
1778421600000,2330.08,2335.29,2327.16,2331.0,1740.678788
1778425200000,2331.0,2351.78,2331.0,2347.78,9105.455545
1778428800000,2347.82,2351.06,2340.24,2349.87,4370.019808
1778432400000,2349.87,2367.89,2345.46,2364.09,9322.184778
1778436000000,2364.09,2366.59,2356.6,2358.52,3950.72542
1778439600000,2358.52,2367.0,2351.26,2365.81,3925.201374
1778443200000,2365.81,2369.76,2311.46,2328.72,11936.068315
1778446800000,2328.72,2336.93,2324.02,2330.73,3883.222809
1778450400000,2330.71,2377.95,2327.78,2374.17,12328.1223
1778454000000,2374.18,2382.99,2368.07,2371.4,9830.819303
1778457600000,2371.4,2375.0,2344.44,2352.69,9477.469708
1778461200000,2352.84,2365.92,2345.5,2358.8,3356.072933
1778464800000,2358.8,2360.99,2343.53,2345.65,2353.216101
1778468400000,2345.46,2345.72,2320.01,2330.53,9745.65552
1778472000000,2330.68,2336.02,2326.78,2333.13,2208.10221
1778475600000,2333.08,2340.5,2332.01,2335.34,1282.228253
1778479200000,2335.34,2342.6,2330.4,2333.83,2362.733003
1778482800000,2333.76,2333.84,2328.22,2330.86,1218.511004
1778486400000,2330.86,2334.9,2326.96,2330.62,2113.468952
1778490000000,2330.58,2338.63,2330.57,2335.99,965.016718
1778493600000,2335.98,2339.9,2330.0,2330.0,1196.247702
1778497200000,2330.01,2336.1,2327.5,2336.1,1362.21441
1778500800000,2336.11,2339.14,2328.66,2329.62,15598.032574
1778504400000,2329.63,2333.35,2314.51,2322.22,25407.952334
1778508000000,2322.22,2329.2,2304.0,2316.37,22571.682443
1778511600000,2316.36,2335.68,2313.36,2333.49,9977.384413
1778515200000,2333.49,2341.57,2327.13,2329.93,5202.140149
1778518800000,2329.94,2343.84,2323.75,2336.64,2795.679529
1778522400000,2336.64,2344.33,2334.37,2335.65,2792.763675
1778526000000,2335.65,2344.07,2332.0,2340.59,1612.762589
1778529600000,2340.6,2345.45,2336.34,2337.93,3130.761545
1778533200000,2337.93,2342.36,2336.29,2341.02,1162.964021
1778536800000,2341.01,2345.76,2336.97,2341.33,1310.666656
1778540400000,2341.31,2342.11,2335.2,2339.85,897.602065
1778544000000,2339.89,2340.8,2332.08,2333.54,1743.867253
1778547600000,2333.54,2335.77,2295.2,2311.26,10534.077305
1778551200000,2311.25,2317.24,2307.47,2315.64,2459.902886
1778554800000,2315.63,2317.28,2307.15,2309.52,1776.18105
1778558400000,2309.6,2314.58,2305.16,2311.19,1501.979266
1778562000000,2311.14,2314.3,2309.82,2310.5,2376.823222
1778565600000,2310.51,2314.12,2302.77,2304.18,3478.20869
1778569200000,2304.18,2305.16,2291.1,2295.12,9246.976607
1778572800000,2295.24,2296.3,2280.08,2288.25,7672.16469
1778576400000,2288.24,2295.23,2281.39,2292.59,3892.938231
1778580000000,2292.79,2294.02,2281.51,2286.42,2351.468239
1778583600000,2286.5,2287.58,2278.0,2287.22,9493.949735
1778587200000,2287.12,2294.96,2281.42,2289.07,12526.79161
1778590800000,2289.05,2292.59,2268.72,2271.98,19830.190518
1778594400000,2272.07,2281.81,2262.0,2269.08,20575.642961
1778598000000,2269.07,2274.5,2256.76,2262.02,21710.948383
1778601600000,2262.03,2271.5,2256.24,2264.08,10163.176642
1778605200000,2264.09,2278.56,2264.09,2276.69,8177.128492
1778608800000,2276.69,2284.77,2274.26,2279.56,7652.051197
1778612400000,2279.56,2287.81,2279.15,2285.26,14545.988726
1778616000000,2285.26,2287.77,2280.89,2284.8,13259.508113
1778619600000,2284.8,2287.73,2283.0,2285.38,9690.766209
1778623200000,2285.38,2291.52,2282.21,2282.41,7666.727674
1778626800000,2282.41,2284.25,2273.53,2275.02,3696.616667
1778630400000,2275.03,2286.91,2273.34,2281.57,2210.886673
1778634000000,2281.57,2295.85,2281.21,2290.08,3762.929724
1778637600000,2290.08,2300.0,2287.31,2293.87,4024.899767
1778641200000,2293.88,2303.57,2292.27,2301.77,3886.894048
1778644800000,2301.77,2309.15,2298.48,2306.99,2419.094447
1778648400000,2307.0,2307.55,2295.68,2297.81,2347.034071
1778652000000,2297.81,2305.12,2297.37,2301.8,1455.738493
1778655600000,2301.81,2302.86,2296.95,2301.43,1638.730923
1778659200000,2301.42,2316.93,2300.51,2316.91,8200.828418
1778662800000,2316.92,2323.7,2314.78,2321.06,10497.660454
1778666400000,2321.06,2321.45,2305.6,2308.4,5397.111988
1778670000000,2308.4,2308.84,2298.78,2301.9,6155.841098
1778673600000,2301.9,2307.89,2270.42,2284.45,10788.749443
1778677200000,2284.45,2288.53,2259.0,2262.46,11690.279538
1778680800000,2262.46,2270.92,2251.0,2267.63,9946.989857
1778684400000,2267.64,2270.4,2234.45,2236.68,11599.68356
1778688000000,2236.69,2253.56,2235.48,2250.91,6052.183348
1778691600000,2250.92,2261.98,2250.92,2258.5,3054.370904
1778695200000,2258.61,2268.46,2258.61,2259.59,2153.13173
1778698800000,2259.68,2260.95,2250.52,2256.52,1791.957078
1778702400000,2256.53,2264.46,2256.53,2264.0,968.341188
1778706000000,2264.06,2264.29,2253.85,2256.0,1179.882319
1778709600000,2256.0,2260.65,2251.0,2259.26,1784.824095
1778713200000,2259.27,2261.8,2254.44,2258.78,1633.568879
1778716800000,2258.78,2269.63,2258.01,2266.69,2433.764431
1778720400000,2266.69,2269.37,2259.65,2264.84,2322.098541
1778724000000,2264.84,2266.86,2247.46,2251.4,9662.853417
1778727600000,2251.52,2255.0,2238.59,2242.15,7272.938561
1778731200000,2242.21,2258.32,2239.03,2256.51,4135.241494
1778734800000,2256.69,2273.49,2255.17,2268.17,4135.021571
1778738400000,2268.17,2275.09,2266.29,2267.5,6631.503439
1778742000000,2267.5,2270.79,2263.6,2265.44,4246.794387
1778745600000,2265.45,2271.17,2261.96,2266.44,4498.628646
1778749200000,2266.48,2268.1,2252.67,2258.01,2107.228115
1778752800000,2258.01,2265.44,2255.6,2262.22,2407.125888
1778756400000,2262.23,2264.23,2252.7,2254.01,2897.562455
1778760000000,2254.0,2263.47,2248.35,2261.59,2727.665727
1778763600000,2261.59,2265.61,2248.43,2249.3,9672.721551
1778767200000,2249.26,2289.5,2246.46,2286.8,11118.968913
1778770800000,2286.81,2299.5,2280.37,2298.39,12162.828409
1778774400000,2298.39,2318.55,2293.86,2316.13,13341.424448
1778778000000,2316.12,2319.26,2296.26,2308.24,9110.830473
1778781600000,2308.24,2316.79,2303.03,2309.54,5442.11783
1778785200000,2309.48,2312.37,2297.51,2298.37,3428.034093
1778788800000,2298.38,2301.4,2288.43,2298.07,2676.63959
1778792400000,2298.07,2300.6,2290.03,2296.97,2795.462692
1778796000000,2296.97,2302.13,2295.4,2298.13,1176.185266
1778799600000,2298.13,2298.14,2280.62,2283.59,4269.393277
1778803200000,2283.6,2300.29,2281.63,2291.3,3085.640448
1778806800000,2291.25,2294.87,2273.49,2275.89,4687.761319
1778810400000,2275.89,2279.55,2260.22,2276.93,7654.486977
1778814000000,2276.92,2279.76,2268.26,2273.52,2663.21336
1778817600000,2273.53,2274.06,2262.69,2263.3,2144.963953
1778821200000,2263.3,2267.0,2237.85,2245.39,12221.656233
1778824800000,2245.25,2256.98,2243.99,2255.38,3821.304855
1778828400000,2255.38,2272.36,2253.81,2265.15,5970.612852
1778832000000,2265.15,2265.56,2250.0,2257.57,5186.974914
1778835600000,2257.63,2260.0,2250.76,2254.59,2163.663732
1778839200000,2254.59,2264.39,2252.15,2262.26,2785.510784
1778842800000,2262.26,2264.14,2257.45,2257.46,1727.743089
1778846400000,2257.45,2260.52,2251.05,2254.17,2864.590024
1778850000000,2254.16,2254.16,2210.57,2213.87,22218.245492
1778853600000,2213.64,2224.02,2205.34,2213.31,15512.133072
1778857200000,2213.31,2223.9,2209.86,2222.78,4582.245915
1778860800000,2222.78,2231.0,2218.89,2224.65,3671.734353
1778864400000,2224.65,2233.01,2224.11,2229.51,2799.916279
1778868000000,2229.52,2233.24,2224.88,2228.22,4500.625276
1778871600000,2228.22,2228.49,2222.22,2223.11,1742.481801
1778875200000,2223.04,2225.93,2217.01,2220.02,2450.013242
1778878800000,2219.99,2225.52,2215.04,2217.03,1394.50862
1778882400000,2217.03,2225.0,2217.03,2223.97,855.637334
1778886000000,2223.97,2226.17,2222.58,2224.51,1107.563897
1778889600000,2224.64,2231.38,2223.5,2226.98,1807.56774
1778893200000,2227.1,2230.56,2223.33,2229.42,1244.45702
1778896800000,2229.42,2231.37,2226.75,2229.78,1366.55967
1778900400000,2229.78,2230.42,2226.75,2227.49,1098.383823
1778904000000,2227.5,2228.78,2217.9,2225.79,3341.932294
1778907600000,2225.81,2227.05,2222.52,2225.38,791.892172
1778911200000,2225.38,2226.69,2209.73,2215.55,3649.219374
1778914800000,2215.56,2216.0,2181.62,2194.85,23272.254311
1778918400000,2194.86,2196.86,2192.01,2193.16,3064.14657
1778922000000,2193.16,2193.71,2161.75,2173.57,16265.430668
1778925600000,2173.58,2175.24,2162.53,2174.09,5210.3057
1778929200000,2174.09,2181.36,2174.09,2176.26,2283.187921
1778932800000,2176.27,2179.5,2173.67,2176.42,1621.011499
1778936400000,2176.43,2180.39,2172.45,2177.08,2102.957583
1778940000000,2177.09,2188.57,2173.79,2180.04,2357.997564
1778943600000,2180.04,2183.88,2177.22,2180.14,1990.894445
1778947200000,2180.14,2183.63,2170.33,2174.36,3116.692135
1778950800000,2174.44,2181.15,2174.27,2178.86,1049.462131
1778954400000,2178.86,2185.0,2176.16,2181.43,767.272256
1778958000000,2181.44,2182.97,2178.97,2179.73,1384.11932
1778961600000,2179.73,2183.28,2179.73,2181.51,1950.048482
1778965200000,2181.27,2183.75,2180.77,2182.71,3327.414285
1778968800000,2182.7,2183.57,2179.73,2180.25,871.448495
1778972400000,2180.23,2183.0,2179.16,2180.74,1257.402881
1778976000000,2180.75,2185.65,2173.71,2177.66,7513.936149
1778979600000,2177.67,2183.66,2168.0,2169.17,4945.407972
1778983200000,2169.31,2176.21,2169.11,2174.37,1244.573456
1778986800000,2174.3,2184.31,2174.11,2181.58,1901.827095
1778990400000,2181.52,2189.8,2181.01,2187.31,1923.577151
1778994000000,2187.32,2195.21,2185.62,2185.8,1793.185192
1778997600000,2185.84,2187.98,2181.51,2185.13,927.331678
1779001200000,2185.13,2188.27,2182.24,2186.64,1669.747371
1779004800000,2186.57,2187.28,2182.81,2186.12,817.282323
1779008400000,2186.12,2191.47,2185.86,2190.14,2140.289905
1779012000000,2190.14,2198.57,2190.11,2194.28,4289.21504
1779015600000,2194.28,2194.68,2188.0,2192.16,3282.671171
1779019200000,2192.17,2198.39,2191.28,2194.53,2093.55486
1779022800000,2194.54,2195.3,2187.72,2192.05,1559.019313
1779026400000,2192.05,2192.5,2178.05,2186.62,2331.647466
1779030000000,2186.61,2188.69,2181.12,2186.28,1597.312761
1779033600000,2186.29,2188.99,2182.49,2182.69,1987.205989
1779037200000,2182.7,2185.25,2176.52,2183.89,1757.941903
1779040800000,2183.89,2188.56,2179.3,2188.54,1091.124678
1779044400000,2188.55,2193.62,2187.26,2192.4,717.656512
1779048000000,2192.41,2194.31,2186.68,2189.44,11584.387456
1779051600000,2189.38,2195.0,2187.24,2191.75,2091.445313
1779055200000,2191.74,2191.79,2173.21,2179.7,4621.106833
1779058800000,2179.7,2179.89,2084.46,2130.75,50174.23532
1779062400000,2130.63,2131.67,2104.71,2115.59,17089.204556
1779066000000,2115.59,2121.57,2106.77,2117.63,5772.707689
1779069600000,2117.72,2124.25,2112.43,2116.64,5710.705866
1779073200000,2116.65,2123.62,2115.65,2118.6,4953.852095
1779076800000,2118.6,2125.64,2114.3,2124.8,3032.883235
1779080400000,2124.79,2125.81,2117.01,2118.45,2030.155634
1779084000000,2118.38,2121.41,2110.0,2118.88,4192.830927
1779087600000,2118.88,2123.52,2111.94,2120.92,5158.23624
1779091200000,2120.92,2123.89,2117.28,2121.31,4052.548522
1779094800000,2121.31,2121.67,2115.73,2116.86,1540.800999
1779098400000,2116.87,2117.65,2112.44,2114.55,2932.968683
1779102000000,2114.61,2139.84,2110.48,2133.99,6448.061139
1779105600000,2133.99,2157.46,2133.83,2151.15,10087.854181
1779109200000,2151.15,2151.5,2120.24,2130.98,10168.496607
1779112800000,2130.89,2130.89,2097.43,2110.25,11351.394222
1779116400000,2110.27,2111.31,2093.73,2107.93,9876.704879
1779120000000,2107.94,2111.48,2090.36,2097.76,6570.955097
1779123600000,2097.76,2110.34,2095.41,2108.03,2980.697535
1779127200000,2108.03,2109.11,2077.83,2081.38,10767.763572
1779130800000,2081.38,2128.5,2079.49,2124.86,11597.207257
1779134400000,2125.32,2131.02,2115.02,2117.53,3365.933723
1779138000000,2117.54,2142.56,2114.55,2137.33,5245.918643
1779141600000,2137.34,2142.72,2130.46,2135.82,5405.069792
1779145200000,2135.82,2139.08,2127.77,2130.09,1595.117098
1779148800000,2130.08,2147.02,2128.35,2136.06,2899.379493
1779152400000,2136.15,2138.45,2123.69,2124.93,3245.724881
1779156000000,2124.92,2136.11,2119.36,2123.23,22119.174254
1779159600000,2123.23,2134.97,2122.08,2131.81,27931.414992
1779163200000,2131.8,2136.89,2128.1,2134.0,6472.704008
1779166800000,2134.0,2137.64,2123.44,2135.33,4428.316103
1779170400000,2135.34,2140.45,2132.52,2137.44,4989.45942
1779174000000,2137.43,2145.0,2135.32,2140.83,3038.005855
1779177600000,2140.83,2141.39,2131.01,2133.42,3770.498308
1779181200000,2133.41,2134.38,2111.36,2114.36,6919.815536
1779184800000,2114.36,2122.2,2107.1,2118.69,3782.19093
1779188400000,2118.66,2120.55,2109.36,2110.72,5366.415752
1779192000000,2110.71,2119.61,2108.75,2118.27,2783.624892
1779195600000,2118.28,2127.5,2107.64,2119.07,7496.317983
1779199200000,2119.12,2123.62,2093.98,2106.68,14031.701613
1779202800000,2106.61,2113.87,2103.81,2110.5,3249.353467
1779206400000,2110.58,2122.49,2107.15,2121.14,4260.966157
1779210000000,2121.14,2125.16,2112.86,2115.77,7041.359274
1779213600000,2115.78,2119.63,2110.62,2115.18,5028.191831
1779217200000,2115.23,2123.06,2110.38,2113.31,2993.63266
1779220800000,2113.31,2119.0,2112.26,2118.49,1431.107111
1779224400000,2118.49,2120.54,2116.58,2116.98,1686.29401
1779228000000,2116.95,2116.95,2102.67,2106.33,2900.858604
1779231600000,2106.33,2118.67,2104.72,2112.04,4143.435958
1779235200000,2112.03,2116.05,2103.36,2111.52,3335.849627
1779238800000,2111.52,2119.34,2103.3,2115.19,9504.112079
1779242400000,2115.19,2117.23,2106.22,2109.21,17277.164931
1779246000000,2109.23,2116.44,2106.22,2111.54,2656.594921
1779249600000,2111.54,2114.84,2107.12,2113.54,4347.499644
1779253200000,2113.54,2130.62,2113.54,2125.74,7214.052749
1779256800000,2125.73,2134.46,2125.53,2133.95,5728.351979
1779260400000,2133.96,2136.44,2128.41,2129.6,2984.546602
1779264000000,2129.59,2138.31,2128.6,2131.69,3964.778541
1779267600000,2131.7,2132.98,2127.46,2129.34,2151.579912
1779271200000,2129.35,2137.05,2129.35,2130.58,1425.506705
1779274800000,2130.58,2132.0,2124.01,2128.12,2183.148078
1779278400000,2128.12,2140.0,2126.81,2134.0,4692.482827
1779282000000,2134.0,2135.66,2115.5,2120.69,6020.720635
1779285600000,2120.7,2139.65,2113.57,2134.93,11455.175172
1779289200000,2134.86,2149.0,2129.09,2136.78,13138.788102
1779292800000,2136.78,2140.61,2124.0,2135.48,10819.980095
1779296400000,2135.48,2149.0,2132.15,2140.6,6799.686332
1779300000000,2140.59,2141.0,2131.31,2132.22,1869.019068
1779303600000,2132.22,2142.02,2129.15,2139.4,1640.361565
1779307200000,2139.39,2140.93,2129.4,2135.92,2821.827114
1779310800000,2135.91,2138.55,2130.45,2130.62,1421.657263
1779314400000,2130.62,2130.62,2118.45,2128.42,4497.740437
1779318000000,2128.38,2130.7,2122.46,2129.58,1554.111923
1779321600000,2129.58,2145.15,2128.5,2142.99,3591.571463
1779325200000,2142.99,2157.59,2138.91,2141.11,6190.240346
1779328800000,2141.12,2148.19,2139.27,2141.85,3678.565471
1779332400000,2141.85,2147.48,2140.84,2146.02,1592.378649
1779336000000,2145.97,2148.78,2142.5,2145.0,1424.960746
1779339600000,2145.0,2148.35,2132.96,2136.49,3261.755598
1779343200000,2136.5,2138.88,2127.79,2128.75,7870.968412
1779346800000,2128.76,2137.15,2124.42,2135.15,11469.814297
1779350400000,2135.15,2148.61,2135.13,2138.0,10837.123964
1779354000000,2138.0,2140.97,2127.83,2128.1,18653.703292
1779357600000,2128.1,2130.23,2110.0,2114.42,25863.338814
1779361200000,2114.42,2119.99,2111.87,2115.09,71366.102262
1779364800000,2115.09,2119.88,2112.02,2117.28,4240.233288
1779368400000,2117.27,2124.55,2105.14,2120.49,8700.947824
1779372000000,2120.49,2125.71,2110.79,2121.87,4780.397685
1779375600000,2121.86,2138.32,2119.26,2132.58,6204.35972
1779379200000,2132.6,2136.73,2122.53,2127.85,3061.352974
1779382800000,2127.86,2153.6,2125.85,2146.76,8441.642954
1779386400000,2146.76,2148.15,2121.06,2127.0,5487.882217
1779390000000,2127.02,2145.65,2126.46,2142.61,3836.237879
1779393600000,2142.91,2143.39,2137.01,2138.62,1681.302838
1779397200000,2138.63,2140.96,2134.23,2135.61,906.542677
1779400800000,2135.62,2136.96,2130.93,2131.88,1167.29198
1779404400000,2131.88,2136.99,2127.28,2133.93,1269.969156
1779408000000,2133.93,2135.09,2129.02,2129.23,1126.102914
1779411600000,2129.24,2137.02,2125.49,2135.9,2361.153405
1779415200000,2135.9,2140.0,2134.33,2137.82,1648.644848
1779418800000,2137.81,2141.34,2135.09,2137.94,746.3862
1779422400000,2137.94,2141.5,2132.72,2134.01,1056.160825
1779426000000,2134.01,2136.1,2127.07,2129.5,2679.939122
1779429600000,2129.5,2131.15,2124.12,2125.87,1878.430586
1779433200000,2125.88,2132.66,2122.34,2128.9,2704.929538
1779436800000,2128.9,2133.74,2120.08,2122.45,3974.626039
1779440400000,2122.44,2126.0,2119.15,2124.08,3240.849755
1779444000000,2124.09,2125.61,2120.94,2123.25,1987.129745
1779447600000,2123.37,2130.91,2120.16,2130.69,2055.708267
1779451200000,2130.7,2138.32,2129.41,2134.78,4173.162113
1779454800000,2134.78,2135.69,2123.81,2130.12,5692.157865
1779458400000,2130.14,2130.14,2112.5,2116.94,5287.396935
1779462000000,2116.94,2125.7,2112.5,2119.6,3168.324473
1779465600000,2119.61,2124.51,2118.18,2123.19,2360.3148
1779469200000,2123.19,2130.09,2119.38,2119.76,3720.041712
1779472800000,2119.77,2121.57,2084.44,2100.14,12581.763517
1779476400000,2100.14,2103.26,2057.27,2065.75,19899.360292
1779480000000,2065.75,2078.96,2064.57,2073.36,6134.337517
1779483600000,2073.36,2079.68,2071.54,2078.39,2044.007456
1779487200000,2078.49,2079.59,2066.5,2072.7,4309.250665
1779490800000,2072.7,2077.22,2057.5,2066.08,6654.603675
1779494400000,2066.09,2070.62,2052.03,2064.7,7209.073286
1779498000000,2064.62,2069.99,2062.72,2069.0,1971.39131
1779501600000,2068.99,2070.47,2065.0,2068.53,1550.596589
1779505200000,2068.52,2072.69,2068.11,2070.92,1260.220876
1779508800000,2070.92,2071.33,2065.44,2067.35,849.60862
1779512400000,2067.35,2067.99,2062.0,2065.0,1462.58644
1779516000000,2065.0,2065.93,2060.75,2061.96,1014.675404
1779519600000,2061.95,2063.27,2008.34,2028.79,34093.012433
1779523200000,2028.79,2032.24,2021.44,2030.56,8541.380561
1779526800000,2030.56,2031.47,2027.06,2027.41,4199.710634
1779530400000,2027.41,2033.53,2027.06,2031.62,1146.417834
1779534000000,2031.64,2035.63,2030.57,2031.49,1883.613453
1779537600000,2031.49,2032.1,2027.24,2030.98,1136.658263
1779541200000,2030.98,2046.08,2030.98,2044.84,7911.130146
1779544800000,2044.85,2065.2,2040.87,2061.3,6073.254401
1779548400000,2061.31,2068.54,2055.5,2060.23,4562.694268
1779552000000,2060.23,2064.96,2057.0,2061.44,2800.68003
1779555600000,2061.45,2065.49,2058.88,2064.0,1567.38806
1779559200000,2064.01,2083.8,2063.54,2074.01,6618.279638
1779562800000,2073.98,2080.78,2069.64,2077.4,3477.986451
1779566400000,2077.39,2147.0,2074.62,2146.2,29625.239196
1779570000000,2146.2,2149.99,2106.07,2116.74,10740.914851
1779573600000,2116.73,2120.28,2103.52,2116.72,3695.217974
1779577200000,2116.71,2121.88,2114.3,2117.86,2211.500378
1779580800000,2117.94,2121.4,2112.53,2119.35,1973.1779
1779584400000,2119.37,2125.9,2118.16,2122.44,2413.738772
1779588000000,2122.44,2125.49,2118.19,2122.54,1743.053198
1779591600000,2122.53,2127.29,2116.53,2119.01,1687.249902
1779595200000,2119.02,2123.71,2119.02,2120.32,790.008924
1779598800000,2120.33,2121.27,2113.53,2119.77,2426.094117
1779602400000,2119.74,2129.87,2117.43,2128.2,1913.129287
1779606000000,2128.21,2129.79,2119.14,2120.87,3570.927817
1779609600000,2120.91,2123.33,2119.03,2120.41,1939.532556
1779613200000,2120.42,2124.99,2119.01,2123.5,1961.968672
1779616800000,2123.5,2131.91,2119.31,2122.32,3839.110335
1779620400000,2122.31,2127.62,2122.07,2126.06,1693.748547
1779624000000,2126.07,2126.49,2117.15,2120.0,2209.255639
1779627600000,2120.0,2121.12,2105.83,2110.25,5212.243391
1779631200000,2110.28,2113.14,2079.79,2098.34,12452.433253
1779634800000,2098.34,2100.29,2094.0,2095.97,1958.230493
1779638400000,2095.97,2109.09,2095.2,2103.73,2959.369068
1779642000000,2103.73,2106.83,2101.47,2103.02,1043.629817
1779645600000,2103.02,2104.96,2097.83,2099.99,842.144356
1779649200000,2099.99,2102.76,2096.18,2100.98,846.81558
1779652800000,2101.04,2102.18,2091.91,2093.13,2030.640261
1779656400000,2093.14,2099.07,2062.13,2070.78,6571.252664
1779660000000,2070.81,2099.6,2070.51,2092.54,5552.258448
1779663600000,2092.56,2106.87,2091.49,2100.0,2725.430892
1779667200000,2099.97,2109.63,2099.82,2105.06,2556.496256
1779670800000,2105.09,2108.28,2093.41,2094.36,1734.998177
1779674400000,2094.36,2113.33,2094.36,2098.29,3224.353906
1779678000000,2098.29,2100.14,2092.49,2095.6,1347.842385
1779681600000,2095.6,2108.23,2092.41,2106.03,2594.440979
1779685200000,2106.04,2111.63,2104.35,2108.23,2388.328823
1779688800000,2108.31,2111.63,2099.53,2109.53,14368.122895
1779692400000,2109.53,2117.8,2106.47,2116.31,6402.108418
1779696000000,2116.32,2117.98,2111.63,2116.82,1633.258012
1779699600000,2116.74,2124.56,2116.18,2116.85,2889.327607
1779703200000,2116.85,2121.17,2114.61,2117.06,1478.577257
1779706800000,2117.06,2120.27,2113.73,2114.83,1930.559731
1779710400000,2114.84,2119.51,2112.05,2117.25,1965.621085
1779714000000,2117.25,2120.0,2114.29,2116.4,1303.307439
1779717600000,2116.41,2130.35,2115.51,2128.53,4863.44489
1779721200000,2128.54,2138.56,2122.77,2126.95,4256.980495
1779724800000,2126.9,2141.99,2124.87,2136.52,3336.214066
1779728400000,2136.52,2140.86,2128.44,2128.73,3089.857155
1779732000000,2128.74,2133.98,2126.91,2127.11,1180.708335
1779735600000,2127.12,2127.12,2116.71,2121.5,2559.864221
1779739200000,2121.49,2123.43,2107.5,2108.81,2519.100364
1779742800000,2108.92,2113.25,2107.92,2110.96,1252.359461
1779746400000,2110.97,2115.75,2102.52,2103.58,2336.141617
1779750000000,2103.58,2114.08,2102.45,2112.92,1709.943882
1779753600000,2112.92,2114.05,2085.0,2097.67,5222.389984
1779757200000,2097.63,2100.55,2088.04,2094.31,3319.699895
1779760800000,2094.3,2096.0,2084.75,2088.88,2778.658548
1779764400000,2088.88,2094.03,2084.69,2093.37,1766.907431
1779768000000,2093.37,2096.45,2088.64,2093.7,1796.585012
1779771600000,2093.69,2103.57,2092.01,2100.88,2128.388586
1779775200000,2100.88,2104.74,2095.01,2101.88,1992.389993
1779778800000,2101.98,2102.77,2090.9,2095.39,4308.793558
1779782400000,2095.39,2100.15,2095.02,2097.22,1299.914764
1779786000000,2097.25,2099.77,2094.11,2096.84,1296.305122
1779789600000,2096.84,2137.38,2094.32,2127.59,9745.724402
1779793200000,2127.6,2130.86,2118.65,2120.85,5733.657331
1779796800000,2120.85,2127.1,2111.41,2126.71,4579.265286
1779800400000,2126.71,2131.52,2109.71,2125.44,5540.050436
1779804000000,2125.46,2140.35,2105.82,2109.51,11402.377463
1779807600000,2109.51,2112.48,2078.57,2087.61,11135.71916
1779811200000,2087.61,2090.18,2073.35,2079.89,11156.129931
1779814800000,2079.93,2084.19,2055.23,2070.88,12124.551643
1779818400000,2070.78,2081.58,2066.54,2068.94,3830.343067
1779822000000,2068.95,2077.27,2065.8,2074.5,1828.914799
1779825600000,2074.68,2078.61,2073.66,2078.53,980.308985
1779829200000,2078.54,2078.61,2069.27,2073.1,1658.57688
1779832800000,2073.1,2076.73,2065.89,2068.84,2156.53491
1779836400000,2068.84,2077.0,2068.84,2073.85,1310.598155
1779840000000,2074.05,2084.59,2073.74,2083.46,2380.127924
1779843600000,2083.47,2084.01,2071.77,2074.55,2127.114418
1779847200000,2074.56,2076.09,2069.0,2076.06,1576.917658
1779850800000,2076.14,2080.0,2068.72,2069.81,1880.474788
1779854400000,2069.81,2073.33,2056.5,2072.21,3908.127839
1779858000000,2072.21,2079.01,2071.59,2077.45,2195.195036
1779861600000,2077.45,2081.42,2075.02,2079.79,1782.657173
1779865200000,2079.8,2084.4,2075.73,2083.83,2815.187543
1779868800000,2083.8,2096.59,2083.34,2084.87,5976.159052
1779872400000,2084.87,2087.88,2078.42,2083.65,3656.964103
1779876000000,2083.65,2088.1,2079.51,2079.57,3537.587667
1779879600000,2079.58,2085.5,2078.49,2080.64,2375.177125
1779883200000,2080.77,2097.39,2074.0,2078.91,5217.845823
1779886800000,2078.93,2080.91,2051.96,2064.79,9862.553207
1779890400000,2064.79,2072.01,2054.92,2062.75,6236.172539
1779894000000,2062.7,2079.68,2061.29,2071.67,5095.167923
1779897600000,2071.69,2074.56,2060.29,2070.4,3205.411526
1779901200000,2070.41,2070.6,2043.76,2052.35,6480.568671
1779904800000,2052.34,2057.04,2043.56,2056.81,3236.133408
1779908400000,2056.86,2061.28,2054.46,2057.64,1634.398144
1779912000000,2057.72,2066.12,2057.05,2063.29,2286.14632
1779915600000,2063.29,2063.29,2016.0,2021.43,13129.143786
1779919200000,2021.43,2035.28,2016.19,2025.78,8813.662715
1779922800000,2025.77,2030.49,2018.37,2025.11,6113.165979
1779926400000,2025.1,2029.33,2020.73,2028.5,3071.419673
1779930000000,2028.48,2029.42,2012.61,2020.58,4125.612435
1779933600000,2020.58,2022.63,2014.88,2017.82,2795.88588
1779937200000,2017.82,2021.04,1968.01,1981.67,36278.689991
1779940800000,1981.68,1986.49,1967.71,1982.24,13797.441003
1779944400000,1982.24,1983.5,1975.47,1978.77,4343.553946
1779948000000,1978.76,1984.65,1972.62,1984.29,5573.591027
1779951600000,1984.29,1996.59,1982.69,1995.48,9554.080626
1779955200000,1995.49,1996.59,1985.01,1988.49,3896.430079
1779958800000,1988.49,1995.44,1984.61,1994.02,2124.31409
1779962400000,1994.01,1998.59,1988.48,1990.25,2279.864525
1779966000000,1990.25,1992.82,1986.47,1989.86,2920.024858
1779969600000,1989.86,1994.73,1981.5,1992.03,2946.264792
1779973200000,1992.03,1995.39,1975.46,1981.39,7584.541349
1779976800000,1981.49,2002.37,1967.71,1993.7,20905.688863
1779980400000,1993.71,1999.67,1983.87,1990.72,5810.780273
1779984000000,1990.72,2015.16,1985.13,2013.54,6862.855264
1779987600000,2013.54,2027.05,2009.19,2019.39,8149.105213
1779991200000,2019.4,2030.4,2018.02,2025.03,3505.727327
1779994800000,2025.03,2025.09,2014.16,2014.71,2435.670611
1779998400000,2014.7,2020.25,2006.5,2014.2,3123.300009
1780002000000,2014.21,2024.49,2013.6,2020.08,1974.604383
1780005600000,2020.09,2023.0,2005.41,2005.67,1724.510636
1780009200000,2005.67,2012.28,2005.67,2009.77,1631.013932
1780012800000,2009.78,2017.22,2009.78,2012.5,1657.772752
1780016400000,2012.5,2016.65,2006.01,2008.34,1470.090133
1780020000000,2008.34,2010.74,1997.35,1999.25,2687.755397
1780023600000,1999.29,2008.0,1999.29,2002.86,1213.197413
1780027200000,2002.87,2008.51,1998.45,2008.51,1941.410535
1780030800000,2008.51,2015.48,2008.19,2014.5,2418.41645
1780034400000,2014.5,2021.58,2012.27,2018.22,2488.374218
1780038000000,2018.23,2019.88,2003.69,2007.88,6807.527813
1780041600000,2007.88,2013.99,2005.53,2006.51,3643.222946
1780045200000,2006.52,2016.41,2006.1,2014.81,1489.786845
1780048800000,2014.8,2014.96,2009.59,2011.05,1381.77249
1780052400000,2011.05,2014.58,2002.51,2007.68,2663.247254
1780056000000,2007.68,2007.68,1995.46,1999.79,4283.464062
1780059600000,1999.7,2006.42,1988.41,1999.93,4943.417559
1780063200000,1999.94,2004.54,1975.9,2001.98,10015.554963
1780066800000,2001.98,2046.25,1999.39,2031.6,20171.607361
1780070400000,2031.6,2043.0,2022.34,2040.31,6170.048859
1780074000000,2040.32,2044.15,2026.17,2028.29,4052.675206
1780077600000,2028.3,2031.79,2005.81,2011.6,5465.766015
1780081200000,2011.61,2022.22,2004.99,2016.96,2335.014204
1780084800000,2016.94,2023.61,2014.97,2018.3,2479.206398
1780088400000,2018.3,2023.96,2008.43,2009.73,2167.885393
1780092000000,2009.73,2017.38,2007.88,2013.96,1842.306882
1780095600000,2013.97,2015.7,2007.0,2014.47,2474.748569
1780099200000,2014.47,2016.5,2010.79,2014.86,1105.303469
1780102800000,2014.87,2021.51,2013.65,2019.59,1909.01667
1780106400000,2019.59,2021.49,2017.0,2021.48,548.231765
1780110000000,2021.49,2023.54,2014.79,2016.97,1340.07411
1780113600000,2016.98,2018.61,2002.0,2010.9,3158.689943
1780117200000,2010.89,2019.2,2008.05,2015.9,4064.20978
1780120800000,2015.91,2020.62,2012.81,2017.01,940.122184
1780124400000,2017.01,2017.8,2013.6,2016.35,614.249332
1780128000000,2016.35,2016.41,2013.86,2014.31,369.220461
1780131600000,2014.31,2017.41,2013.81,2016.73,521.532813
1780135200000,2016.74,2022.07,2016.48,2018.07,1918.944297
1780138800000,2018.12,2019.21,2015.47,2017.47,496.304307
1780142400000,2017.47,2020.5,2017.11,2020.0,797.957239
1780146000000,2020.0,2022.57,2017.25,2020.82,1022.083977
1780149600000,2020.83,2030.75,2020.41,2026.82,3798.201256
1780153200000,2026.82,2032.29,2024.38,2026.9,1916.258848
1780156800000,2026.9,2028.42,2024.48,2026.99,1113.937145
1780160400000,2027.0,2029.19,2019.52,2027.19,1549.900651
1780164000000,2027.19,2030.22,2024.4,2027.43,1137.945534
1780167600000,2027.43,2029.45,2024.52,2028.84,895.932484
1780171200000,2028.86,2029.82,2025.63,2027.1,905.640537
1780174800000,2027.14,2031.39,2027.14,2028.34,1070.828045
1780178400000,2028.34,2028.34,2020.53,2023.26,1175.648215
1780182000000,2023.27,2026.34,2020.1,2022.49,860.047145
1780185600000,2022.49,2027.98,2020.61,2026.91,888.88643
1780189200000,2026.92,2034.35,2026.68,2029.12,1717.313817
1780192800000,2029.12,2037.91,2027.81,2034.21,2824.716381
1780196400000,2034.21,2036.82,2031.96,2033.32,1226.545962
1780200000000,2033.33,2034.97,2031.27,2033.7,478.521805
1780203600000,2033.62,2033.86,2029.16,2030.11,601.185027
1780207200000,2030.12,2030.88,2028.48,2029.68,905.627609
1780210800000,2029.69,2029.69,2022.6,2023.81,1661.730706
1780214400000,2023.81,2029.04,2022.2,2027.67,2216.10705
1780218000000,2027.66,2028.42,2018.33,2020.98,2115.633441
1780221600000,2020.98,2021.68,2015.13,2021.03,2789.843837
1780225200000,2021.02,2024.25,2021.0,2023.16,526.679704
1780228800000,2023.16,2025.54,2019.25,2022.32,792.783756
1780232400000,2022.33,2026.49,2019.66,2020.22,698.119574
1780236000000,2020.22,2021.49,2006.0,2008.0,5480.385092
1780239600000,2008.0,2015.2,2007.51,2010.54,6583.09691
1780243200000,2010.55,2012.58,1998.5,2002.4,3664.0348
1780246800000,2002.4,2007.92,1997.34,2006.12,2580.199782
1780250400000,2006.14,2006.62,1999.16,2001.0,1012.603184
1780254000000,2000.94,2002.79,1994.02,1999.78,1994.289773
1780257600000,1999.79,2008.66,1999.79,2007.32,1668.788269
1780261200000,2007.32,2014.61,2005.5,2012.42,2779.600478
1780264800000,2012.5,2014.45,2004.56,2012.58,1464.618183
1780268400000,2012.7,2022.99,2000.0,2007.35,3297.948035
1780272000000,2007.36,2021.46,2006.19,2015.63,5808.487276
1780275600000,2015.62,2017.01,1994.46,1995.1,3030.264453
1780279200000,1995.09,2017.68,1991.5,2011.59,3842.902444
1780282800000,2011.41,2018.2,2008.75,2009.15,2270.310048
1780286400000,2009.15,2011.99,1994.04,1999.85,3126.196931
1780290000000,1999.85,2001.33,1991.94,1994.6,2300.833551
1780293600000,1994.6,1995.47,1980.22,1987.97,5813.077686
1780297200000,1987.98,1990.56,1971.78,1976.46,8470.736445
1780300800000,1976.45,1985.31,1972.0,1984.3,5263.416947
1780304400000,1984.35,1990.39,1983.85,1987.73,3120.278629
1780308000000,1987.73,1989.21,1981.0,1984.54,2164.173934
1780311600000,1984.55,1986.93,1977.05,1981.57,2249.201689
1780315200000,1981.58,1994.41,1967.4,1989.59,7335.621454
1780318800000,1989.53,1990.44,1956.42,1971.39,14383.232066
1780322400000,1971.5,1977.53,1964.99,1968.78,8440.728747
1780326000000,1968.79,1980.4,1960.47,1968.47,7717.341514
1780329600000,1968.47,1978.57,1958.68,1978.0,6250.071305
1780333200000,1978.0,1996.91,1977.67,1990.65,7115.145686
1780336800000,1990.5,1995.88,1983.23,1992.63,2736.177679
1780340400000,1992.59,2008.71,1991.85,2004.63,3820.023686
1780344000000,2004.63,2008.51,2001.01,2005.67,1684.449677
1780347600000,2005.68,2009.3,1992.64,1994.58,3304.170503
1780351200000,1994.57,2006.24,1984.49,2004.44,4102.52368
1780354800000,2004.44,2008.75,1997.86,2006.56,3236.899791
1780358400000,2006.55,2006.89,1995.03,1996.42,2210.538069
1780362000000,1996.43,1999.1,1979.4,1980.26,3385.691116
1780365600000,1980.25,1997.27,1963.01,1996.96,7976.191065
1780369200000,1996.96,2005.0,1995.09,2003.9,3221.597182
1780372800000,2003.91,2006.53,1995.65,1996.81,2552.83531
1780376400000,1996.8,2001.21,1984.6,1984.92,4360.309436
1780380000000,1984.92,1988.92,1978.51,1982.5,3559.703505
1780383600000,1982.6,1990.13,1974.07,1981.97,4582.661295
1780387200000,1981.96,1989.13,1976.71,1979.42,3608.132296
1780390800000,1979.47,1980.05,1966.68,1975.38,4636.274981
1780394400000,1975.39,1984.29,1971.64,1983.8,13286.178584
1780398000000,1983.8,1984.26,1975.77,1978.74,6335.908926
1780401600000,1978.74,1982.99,1972.43,1976.27,4606.398791
1780405200000,1976.45,1981.99,1970.87,1974.43,10940.072068
1780408800000,1974.43,1975.3,1925.17,1941.63,35694.632048
1780412400000,1941.63,1941.98,1888.29,1915.11,44150.784022
1780416000000,1915.04,1944.2,1909.76,1920.73,18782.820756
1780419600000,1920.73,1931.59,1919.53,1924.35,3799.226109
1780423200000,1924.35,1928.06,1903.7,1913.03,5130.707892
1780426800000,1913.03,1917.83,1880.93,1912.23,13682.056799
1780430400000,1912.49,1918.57,1895.72,1906.81,7602.939591
1780434000000,1906.82,1911.69,1897.32,1900.48,5408.636211
1780437600000,1900.48,1909.69,1862.16,1868.69,27566.674902
1780441200000,1868.9,1873.65,1838.88,1859.91,30301.806764
1780444800000,1859.91,1874.36,1854.78,1867.26,8501.340802
1780448400000,1867.27,1870.21,1849.61,1864.64,11296.906882
1780452000000,1864.64,1865.22,1851.21,1854.24,5457.010441
1780455600000,1854.24,1856.95,1816.85,1828.18,21021.202582
1780459200000,1828.18,1851.85,1827.67,1850.7,9087.105726
1780462800000,1850.71,1875.94,1849.89,1873.47,10811.188914
1780466400000,1873.46,1884.29,1870.36,1871.89,7129.395126
1780470000000,1871.89,1880.55,1868.0,1878.59,7746.127582
1780473600000,1878.58,1883.33,1873.16,1880.04,4566.201964
1780477200000,1880.02,1886.77,1870.0,1876.34,4439.231241
1780480800000,1876.34,1892.97,1875.03,1884.76,3624.54163
1780484400000,1884.75,1888.38,1876.21,1878.24,3454.296275
1780488000000,1878.3,1880.0,1868.06,1876.57,5202.654325
1780491600000,1876.58,1879.68,1861.42,1867.56,5699.936455
1780495200000,1867.56,1868.59,1852.78,1858.6,7971.961736
1780498800000,1858.61,1860.14,1835.0,1837.15,13987.008776
1780502400000,1837.16,1844.04,1810.96,1832.76,16200.253905
1780506000000,1832.8,1839.33,1818.23,1828.31,4546.046192
1780509600000,1828.31,1834.61,1821.76,1832.33,2927.305262
1780513200000,1832.34,1833.79,1795.34,1803.53,13634.425159
1780516800000,1803.53,1813.47,1768.11,1781.37,17169.695793
1780520400000,1781.36,1850.28,1777.65,1850.28,14344.783146
1780524000000,1850.28,1852.54,1822.75,1829.0,9221.78717
1780527600000,1829.02,1830.82,1812.59,1813.23,5427.6986
1780531200000,1813.25,1820.61,1782.46,1793.9,13028.747486
1780534800000,1793.91,1801.11,1755.28,1760.28,18153.91345
1780538400000,1760.13,1778.79,1717.0,1766.84,38177.552892
1780542000000,1767.2,1813.04,1766.54,1809.12,18244.328768
1780545600000,1809.12,1818.0,1802.45,1805.26,8574.848429
1780549200000,1805.26,1805.26,1780.61,1783.95,13700.676472
1780552800000,1783.94,1801.92,1782.0,1790.02,6913.2503
1780556400000,1790.19,1790.77,1773.51,1777.57,9693.202345
1780560000000,1777.57,1783.51,1764.06,1773.47,8941.396949
1780563600000,1773.48,1774.18,1744.82,1766.37,12424.193051
1780567200000,1766.51,1767.17,1730.32,1737.12,15718.966752
1780570800000,1737.12,1754.86,1732.83,1751.77,8002.632796
1780574400000,1751.41,1785.0,1744.4,1778.03,13514.856172
1780578000000,1778.14,1790.53,1755.45,1785.72,11297.492133
1780581600000,1785.72,1794.72,1766.47,1774.48,7447.16213
1780585200000,1774.47,1791.41,1770.68,1776.94,7761.354336
1780588800000,1777.01,1781.25,1766.25,1772.17,4990.065194
1780592400000,1772.15,1776.24,1754.0,1767.94,6263.52469
1780596000000,1767.94,1783.71,1760.0,1776.26,5853.946936
1780599600000,1776.24,1787.32,1771.16,1776.94,4497.413764
1780603200000,1777.04,1777.6,1764.6,1774.82,2901.258388
1780606800000,1774.85,1782.98,1757.07,1761.2,3876.937937
1780610400000,1761.19,1770.33,1752.65,1768.68,5416.908698
1780614000000,1768.63,1777.04,1757.51,1770.68,3523.708753
1780617600000,1770.72,1774.93,1758.79,1759.85,6940.88866
1780621200000,1759.64,1764.03,1746.81,1753.47,9362.078291
1780624800000,1753.44,1755.1,1727.72,1730.38,8285.167674
1780628400000,1730.38,1739.5,1722.44,1729.8,9589.54317
1780632000000,1729.81,1746.1,1718.63,1744.62,10127.509005
1780635600000,1744.62,1747.86,1681.41,1684.36,38912.856823
1780639200000,1684.36,1689.3,1622.0,1656.5,64782.840315
1780642800000,1656.47,1680.31,1633.58,1679.52,26771.239704
1780646400000,1679.54,1679.97,1659.4,1663.97,10229.624543
1780650000000,1664.09,1690.0,1662.66,1682.72,13696.79397
1780653600000,1682.72,1685.29,1672.0,1676.66,9751.48339
1780657200000,1676.58,1681.59,1662.89,1663.18,10515.011578
1780660800000,1663.14,1671.34,1645.91,1657.12,19646.766638
1780664400000,1657.09,1677.5,1612.31,1614.62,33869.608432
1780668000000,1614.62,1624.17,1590.12,1600.49,161122.829824
1780671600000,1600.4,1604.39,1571.61,1582.99,51961.211886
1780675200000,1582.98,1612.12,1547.21,1608.4,52417.710901
1780678800000,1608.39,1612.7,1587.77,1594.05,14950.834191
1780682400000,1594.2,1598.63,1545.0,1553.17,26128.283249
1780686000000,1553.18,1579.96,1539.28,1573.83,27296.488471
1780689600000,1573.92,1608.4,1557.31,1603.52,20926.083082
1780693200000,1603.48,1619.49,1602.36,1609.67,19188.222776
1780696800000,1609.82,1610.52,1589.88,1597.59,11746.719252
1780700400000,1597.48,1603.99,1560.98,1583.59,15191.531067
1780704000000,1583.59,1601.21,1582.68,1593.0,6776.446774
1780707600000,1593.01,1596.9,1578.0,1583.17,5123.983138
1780711200000,1583.06,1585.7,1566.6,1576.19,6708.711822
1780714800000,1576.19,1576.44,1555.0,1563.35,9161.182827
1780718400000,1563.33,1569.49,1509.58,1522.34,34778.292722
1780722000000,1522.34,1568.86,1504.4,1566.57,33313.170026
1780725600000,1566.58,1581.72,1555.05,1560.08,19187.500255
1780729200000,1560.04,1580.25,1556.05,1575.44,10252.69385
1780732800000,1575.44,1593.38,1570.06,1582.54,7669.348298
1780736400000,1582.54,1588.56,1565.61,1570.56,6426.40863
1780740000000,1570.57,1570.69,1535.59,1548.31,14916.019858
1780743600000,1548.23,1567.5,1547.41,1558.82,6405.870427
1780747200000,1558.82,1576.15,1551.52,1571.51,6726.326323
1780750800000,1571.44,1573.72,1554.27,1557.37,4210.556317
1780754400000,1557.37,1566.77,1556.19,1558.02,3409.342967
1780758000000,1558.02,1565.98,1545.0,1560.52,5428.104077
1780761600000,1560.52,1565.89,1553.17,1563.6,4052.440078
1780765200000,1563.6,1566.4,1546.87,1553.45,6933.806721
1780768800000,1553.45,1566.22,1550.0,1556.44,7806.37639
1780772400000,1556.45,1563.51,1553.45,1554.54,2394.619181
1780776000000,1554.53,1560.0,1551.02,1557.62,2801.19402
1780779600000,1557.63,1565.46,1557.57,1558.09,2651.205346
1780783200000,1557.96,1561.84,1551.53,1558.12,3606.742335
1780786800000,1558.13,1570.0,1556.83,1569.65,4126.637627
1780790400000,1569.65,1572.42,1564.03,1565.06,3314.764912
1780794000000,1565.01,1596.57,1564.14,1590.18,9047.916575
1780797600000,1590.18,1594.62,1582.23,1592.43,4783.728079
1780801200000,1592.52,1600.9,1589.6,1594.88,4161.660768
1780804800000,1594.88,1598.99,1584.66,1596.81,3164.182236
1780808400000,1596.81,1609.71,1593.21,1603.93,7367.240222
1780812000000,1603.82,1623.35,1598.39,1611.74,12381.091722
1780815600000,1611.75,1617.28,1607.33,1615.38,6885.109888
1780819200000,1615.23,1642.53,1608.54,1641.62,14458.785388
1780822800000,1641.63,1648.57,1628.68,1633.36,9690.398202
1780826400000,1633.36,1635.56,1624.33,1625.81,4808.640486
1780830000000,1625.81,1634.39,1622.21,1630.27,4648.588137
1780833600000,1630.28,1631.48,1606.67,1619.96,14647.152256
1780837200000,1619.96,1623.11,1613.28,1617.32,4100.655311
1780840800000,1617.31,1640.0,1616.69,1628.02,6690.439662
1780844400000,1628.01,1636.25,1620.8,1630.0,4681.521728
1780848000000,1630.0,1633.57,1623.21,1628.69,4466.374707
1780851600000,1628.76,1637.99,1627.63,1631.11,5078.927375
1780855200000,1631.12,1636.59,1628.82,1630.29,2384.752206
1780858800000,1630.35,1630.48,1603.3,1613.14,10069.52526
1780862400000,1613.14,1631.6,1609.35,1627.97,3845.322799
1780866000000,1627.98,1634.5,1623.5,1634.46,2140.908638
1780869600000,1634.5,1723.03,1629.06,1672.59,50200.388679
1780873200000,1672.52,1692.12,1670.66,1690.6,8676.26118
1780876800000,1690.56,1711.84,1683.33,1697.7,10413.531784
1780880400000,1697.71,1700.22,1671.28,1687.44,9804.994326
1780884000000,1687.62,1689.5,1677.33,1683.8,3595.693614
1780887600000,1683.98,1694.36,1677.01,1679.97,5215.344497
1780891200000,1679.97,1681.16,1656.17,1657.12,9115.668237
1780894800000,1657.16,1659.93,1645.0,1653.71,7530.91477
1780898400000,1653.71,1670.56,1652.83,1666.5,6351.351804
1780902000000,1666.55,1678.99,1661.52,1673.58,6230.303508
1780905600000,1673.46,1673.46,1658.79,1661.13,4641.956872
1780909200000,1661.13,1672.03,1656.29,1670.89,7600.024951
1780912800000,1670.89,1676.87,1661.94,1672.57,4562.850429
1780916400000,1672.57,1696.8,1667.9,1683.64,10410.518112
1780920000000,1683.65,1698.47,1666.59,1695.38,12537.172333
1780923600000,1695.38,1697.02,1678.58,1681.63,8773.428487
1780927200000,1681.69,1694.31,1676.52,1691.2,5966.508106
1780930800000,1691.44,1706.17,1688.77,1691.61,11038.33549
1780934400000,1691.61,1703.82,1682.47,1682.47,8451.886124
1780938000000,1682.48,1688.19,1675.61,1686.74,7984.637845
1780941600000,1686.74,1692.58,1678.73,1684.58,3890.795274
1780945200000,1684.58,1690.51,1681.31,1684.69,7040.154138
1780948800000,1684.69,1689.6,1678.85,1689.6,4338.657659
1780952400000,1689.6,1714.09,1689.6,1703.44,8669.27794
1780956000000,1703.44,1704.15,1688.18,1703.14,5365.156592
1780959600000,1703.14,1714.39,1686.73,1690.24,6455.202731
1780963200000,1690.22,1696.82,1660.0,1663.08,14089.546508
1780966800000,1663.03,1674.1,1658.63,1669.08,5440.658942
1780970400000,1668.96,1672.24,1654.58,1668.08,4344.508341
1780974000000,1668.08,1671.58,1663.84,1669.5,2735.524196
1780977600000,1669.49,1696.33,1664.45,1686.58,11048.795835
1780981200000,1686.57,1695.18,1681.56,1688.39,3687.081381
1780984800000,1688.4,1696.02,1683.76,1686.07,3401.071699
1780988400000,1686.07,1691.89,1675.31,1680.04,7259.551244
1780992000000,1680.05,1680.84,1668.43,1675.01,13268.503776
1780995600000,1675.01,1680.47,1664.9,1670.54,7952.836839
1780999200000,1670.55,1676.76,1666.81,1674.53,3760.689186
1781002800000,1674.48,1675.5,1666.14,1671.83,3173.796358
1781006400000,1671.73,1683.22,1670.98,1676.8,6937.913775
1781010000000,1676.79,1680.4,1662.98,1666.66,12294.768466
1781013600000,1666.74,1671.03,1633.59,1645.99,24841.67756
1781017200000,1645.94,1653.99,1634.44,1636.17,8888.448235
1781020800000,1636.35,1639.52,1614.19,1632.29,15381.893379
1781024400000,1632.29,1650.0,1632.25,1642.93,6823.332069
1781028000000,1643.04,1655.7,1640.0,1652.28,4506.621654
1781031600000,1652.28,1658.68,1646.79,1657.47,5388.015143
1781035200000,1657.48,1663.98,1655.41,1660.82,3402.209965
1781038800000,1660.86,1661.83,1647.29,1650.38,2907.387632
1781042400000,1650.39,1654.99,1639.45,1639.94,3179.934247
1781046000000,1639.95,1642.77,1630.48,1639.53,3759.580662
1781049600000,1639.53,1647.34,1629.47,1645.61,3413.868053
1781053200000,1645.61,1647.04,1633.65,1639.09,3002.42087
1781056800000,1639.14,1642.55,1621.68,1624.25,3771.95981
1781060400000,1624.19,1636.57,1623.54,1630.77,2044.845207
1781064000000,1630.77,1632.95,1622.42,1625.98,2063.024673
1781067600000,1625.98,1629.98,1616.48,1628.06,6303.675465
1781071200000,1628.09,1634.37,1622.68,1632.18,2453.464015
1781074800000,1632.17,1643.96,1630.81,1640.31,4057.803296
1781078400000,1640.32,1640.95,1618.28,1621.22,5522.864698
1781082000000,1621.5,1626.89,1606.04,1623.87,4717.70449
1781085600000,1623.87,1630.19,1618.13,1628.43,3085.302793
1781089200000,1628.41,1630.34,1611.99,1620.07,5763.174783
1781092800000,1620.1,1646.17,1615.81,1635.49,11507.278998
1781096400000,1635.49,1668.07,1631.85,1651.79,11309.117938
1781100000000,1651.8,1655.67,1637.35,1646.6,8598.582539
1781103600000,1646.53,1665.21,1636.0,1658.01,13613.975572
1781107200000,1658.01,1658.95,1632.4,1642.08,6554.877264
1781110800000,1642.08,1647.49,1622.6,1632.47,6434.829434
1781114400000,1632.47,1637.19,1622.78,1631.05,3892.548091
1781118000000,1631.15,1633.57,1623.2,1630.18,3042.403239
1781121600000,1630.22,1636.19,1623.33,1630.63,3326.80814
1781125200000,1630.53,1630.64,1603.66,1611.59,6831.804725
1781128800000,1611.42,1622.41,1604.62,1616.7,4638.769508
1781132400000,1616.71,1625.48,1609.35,1621.38,3782.156248
1781136000000,1621.56,1634.7,1621.56,1628.49,3835.162686
1781139600000,1628.5,1647.73,1628.4,1642.96,3646.277502
1781143200000,1643.05,1645.82,1630.65,1640.93,8868.099545
1781146800000,1640.93,1661.51,1636.17,1653.89,8058.339434
1781150400000,1653.95,1659.75,1650.0,1656.72,3054.126912
1781154000000,1656.72,1656.73,1647.51,1647.95,2949.687406
1781157600000,1647.93,1663.49,1646.22,1654.86,9156.664779
1781161200000,1654.8,1658.4,1651.67,1654.47,3861.203993
1781164800000,1654.47,1664.22,1654.44,1659.93,4905.16684
1781168400000,1659.93,1662.34,1656.27,1659.07,3774.361436
1781172000000,1659.11,1661.63,1654.02,1658.98,2900.207939
1781175600000,1658.97,1673.5,1656.07,1666.79,6393.531957
1781179200000,1666.79,1666.9,1642.48,1651.55,14165.750497
1781182800000,1651.55,1659.66,1644.38,1653.41,6890.702027
1781186400000,1653.34,1655.47,1638.92,1643.01,9622.10959
1781190000000,1643.01,1650.84,1636.17,1645.58,4351.740887
1781193600000,1645.56,1649.79,1638.23,1639.65,4040.131013
1781197200000,1639.65,1693.56,1632.8,1688.8,27918.833486
1781200800000,1688.61,1691.97,1677.11,1684.07,13699.056291
1781204400000,1684.08,1693.73,1676.19,1681.2,6325.077279
1781208000000,1681.18,1683.07,1667.25,1672.38,7749.55268
1781211600000,1672.33,1683.38,1672.15,1677.19,2727.921757
1781215200000,1677.19,1683.09,1675.37,1676.14,1780.828478
1781218800000,1676.14,1679.26,1670.21,1673.56,2891.239594
1781222400000,1673.56,1677.93,1670.0,1672.82,2643.109971
1781226000000,1672.82,1672.96,1660.5,1667.2,3939.256248
1781229600000,1667.2,1678.4,1666.89,1675.75,2231.779025
1781233200000,1675.76,1676.55,1668.77,1673.14,1734.059129
1781236800000,1673.15,1682.07,1669.26,1677.44,2415.180905
1781240400000,1677.49,1677.97,1661.95,1664.22,3888.367921
1781244000000,1664.26,1666.61,1652.12,1657.54,3506.170062
1781247600000,1657.57,1665.82,1656.16,1662.14,3824.309747
1781251200000,1662.14,1678.0,1662.08,1673.35,4317.084486
1781254800000,1673.35,1685.57,1671.12,1680.12,4636.814743
1781258400000,1680.13,1683.19,1671.67,1674.81,6037.413925
1781262000000,1674.81,1678.51,1672.01,1673.7,1446.438105
1781265600000,1673.71,1673.71,1663.0,1666.51,3247.384591
1781269200000,1666.52,1668.96,1653.6,1657.67,5047.650806
1781272800000,1657.69,1686.15,1656.07,1685.66,10068.410947
1781276400000,1685.66,1691.0,1658.67,1660.15,14798.845518
1781280000000,1660.18,1675.83,1657.4,1673.01,5573.566358
1781283600000,1672.92,1678.16,1667.49,1668.85,2757.782542
1781287200000,1668.9,1673.57,1663.71,1666.94,2885.856815
1781290800000,1666.95,1672.39,1664.9,1665.75,1681.228063
1781294400000,1665.74,1668.0,1662.08,1664.95,2234.180221
1781298000000,1664.96,1668.11,1662.8,1664.23,2012.485827
1781301600000,1664.16,1667.57,1661.63,1662.57,1278.597575
1781305200000,1662.57,1666.61,1658.79,1666.59,1335.551508
1781308800000,1666.6,1669.2,1665.37,1667.38,1873.489012
1781312400000,1667.68,1676.0,1666.57,1674.23,3518.579337
1781316000000,1674.24,1674.75,1665.63,1668.03,1025.632453
1781319600000,1668.12,1669.86,1663.2,1665.25,1318.211644
1781323200000,1665.26,1668.27,1663.68,1664.47,645.363496
1781326800000,1664.47,1665.89,1662.26,1665.2,903.140448
1781330400000,1665.29,1670.22,1663.76,1669.76,1358.964958
1781334000000,1669.75,1677.77,1668.39,1676.37,3823.932221
1781337600000,1676.31,1679.54,1673.69,1674.34,3852.405166
1781341200000,1674.3,1676.23,1672.69,1673.66,3837.509874
1781344800000,1673.64,1676.54,1672.69,1674.07,1199.215518
1781348400000,1674.07,1678.79,1673.2,1678.45,2026.530737
1781352000000,1678.46,1683.85,1676.82,1680.62,1723.251527
1781355600000,1680.68,1681.57,1676.49,1677.81,6027.470769
1781359200000,1677.77,1681.45,1677.38,1679.87,3898.405769
1781362800000,1679.88,1686.66,1678.0,1682.19,3582.481763
1781366400000,1682.19,1682.66,1670.81,1676.81,5985.368761
1781370000000,1676.78,1678.56,1673.4,1674.31,1487.375778
1781373600000,1674.35,1682.7,1674.18,1678.44,1136.232475
1781377200000,1678.43,1680.25,1675.94,1678.12,1572.276193
1781380800000,1678.45,1678.5,1675.17,1676.62,618.014671
1781384400000,1676.63,1697.51,1675.0,1686.57,4379.345384
1781388000000,1686.54,1686.82,1681.75,1681.75,1009.949837
1781391600000,1681.75,1684.57,1678.33,1681.47,1028.1268
1781395200000,1681.48,1683.59,1678.86,1682.09,1087.366729
1781398800000,1682.09,1690.85,1680.4,1683.85,1887.162871
1781402400000,1683.9,1685.82,1681.62,1682.33,1980.310364
1781406000000,1682.32,1683.33,1679.82,1681.75,2811.772305
1781409600000,1681.75,1682.71,1676.17,1677.93,1679.11876
1781413200000,1677.93,1679.29,1674.02,1678.05,1241.439898
1781416800000,1678.4,1682.48,1675.36,1676.59,3695.461661
1781420400000,1676.6,1677.83,1673.81,1675.81,1809.185577
1781424000000,1675.81,1678.77,1674.53,1675.44,1130.10533
1781427600000,1675.55,1679.14,1669.07,1678.47,2865.048065
1781431200000,1678.47,1678.69,1673.17,1673.2,1157.97511
1781434800000,1673.2,1677.47,1672.46,1673.72,1198.694552
1781438400000,1673.73,1674.66,1665.41,1667.08,2133.669478
1781442000000,1667.08,1669.25,1664.55,1666.54,1924.205401
1781445600000,1666.56,1670.3,1654.75,1659.83,5986.962798
1781449200000,1659.82,1665.04,1659.56,1662.97,2883.339146
1781452800000,1662.98,1668.61,1659.75,1661.28,3589.815659
1781456400000,1661.27,1666.56,1660.78,1662.08,3435.36442
1781460000000,1662.09,1663.41,1659.03,1661.96,1796.672578
1781463600000,1662.06,1668.0,1661.13,1665.43,1616.097287
1781467200000,1665.34,1674.25,1662.65,1670.45,3080.894746
1781470800000,1670.44,1732.47,1670.0,1718.89,22111.719033
1781474400000,1718.91,1729.35,1712.38,1722.74,12360.680651
1781478000000,1722.75,1726.43,1716.69,1725.66,5809.1382
1781481600000,1725.66,1733.0,1719.8,1720.97,8628.838505
1781485200000,1720.97,1721.81,1709.81,1716.0,4687.874773
1781488800000,1716.0,1726.99,1714.46,1716.84,2602.524164
1781492400000,1716.85,1724.17,1715.6,1720.83,3346.013871
1781496000000,1720.83,1722.25,1715.74,1717.1,3299.376823
1781499600000,1717.11,1722.62,1716.0,1720.69,2186.784947
1781503200000,1720.64,1723.33,1718.37,1720.05,2653.39227
1781506800000,1720.06,1723.82,1716.44,1716.61,3856.121535
1781510400000,1716.61,1721.92,1715.52,1720.52,2164.089795
1781514000000,1720.53,1726.99,1712.37,1718.79,4807.202001
1781517600000,1718.74,1750.0,1717.9,1737.73,10665.44612
1781521200000,1737.73,1769.27,1734.06,1764.86,16649.216788
1781524800000,1764.86,1777.93,1760.26,1777.54,10323.723244
1781528400000,1777.55,1827.51,1774.44,1814.38,27200.267253
1781532000000,1814.23,1818.53,1804.62,1814.38,10343.487913
1781535600000,1814.37,1849.4,1813.34,1845.61,17803.665454
1781539200000,1845.6,1847.22,1837.67,1842.73,10285.081858
1781542800000,1842.73,1842.74,1823.68,1829.23,9670.046948
1781546400000,1829.27,1835.68,1825.41,1828.13,3409.198756
1781550000000,1828.13,1834.44,1811.19,1821.95,7287.261929
1781553600000,1821.58,1826.52,1815.37,1816.99,3401.806941
1781557200000,1817.0,1822.28,1809.34,1811.37,3087.126419
1781560800000,1811.37,1813.45,1787.15,1789.62,7332.147291
1781564400000,1789.51,1797.51,1782.68,1796.02,4139.978721
1781568000000,1796.02,1802.78,1788.91,1789.6,3685.913976
1781571600000,1789.6,1797.35,1789.13,1792.27,2048.015737
1781575200000,1792.23,1794.15,1767.48,1770.16,8725.21784
1781578800000,1770.17,1780.6,1764.83,1779.21,4982.107155
1781582400000,1779.21,1783.31,1758.49,1760.6,6424.30856
1781586000000,1760.61,1766.05,1760.59,1762.19,3966.770757
1781589600000,1762.23,1774.22,1762.22,1771.64,5219.603437
1781593200000,1771.67,1776.79,1769.12,1774.26,4056.930893
1781596800000,1774.25,1807.99,1773.27,1803.3,11125.944518
1781600400000,1803.11,1805.7,1787.14,1789.7,8347.161589
1781604000000,1789.7,1800.55,1788.56,1794.14,5111.71771
1781607600000,1794.08,1800.23,1790.89,1799.63,2958.988923
1781611200000,1799.69,1839.5,1796.7,1814.73,15298.7949
1781614800000,1814.78,1817.29,1791.51,1797.89,10321.382234
1781618400000,1797.99,1805.6,1763.52,1780.66,18898.257691
1781622000000,1780.54,1788.58,1775.0,1782.46,11908.376587
1781625600000,1782.46,1785.66,1772.88,1778.04,4161.378036
1781629200000,1778.05,1799.67,1777.26,1795.36,6090.488439
1781632800000,1795.36,1809.33,1792.64,1799.44,7976.745923
1781636400000,1799.45,1801.13,1790.1,1795.4,4873.179758
1781640000000,1795.4,1798.72,1789.42,1797.99,2371.360151
1781643600000,1798.0,1800.56,1790.62,1796.54,2046.435119
1781647200000,1796.54,1799.55,1791.2,1796.34,1211.506766
1781650800000,1796.34,1798.93,1791.26,1793.12,1234.398871
1781654400000,1793.13,1799.1,1792.02,1794.23,2540.597898
1781658000000,1794.24,1799.17,1780.0,1797.75,4945.702548
1781661600000,1797.75,1810.23,1788.89,1795.67,5281.221995
1781665200000,1795.68,1797.31,1787.61,1793.63,3217.55849
1781668800000,1793.64,1802.5,1792.19,1794.3,1770.998235
1781672400000,1794.33,1799.22,1789.13,1794.04,1514.560865
1781676000000,1794.04,1797.25,1786.48,1790.47,2320.289338
1781679600000,1790.49,1792.39,1779.0,1785.32,4408.365931
1781683200000,1785.18,1786.48,1760.36,1765.51,6476.85567
1781686800000,1765.51,1777.85,1765.04,1773.1,3389.956169
1781690400000,1773.11,1776.01,1767.09,1768.45,1949.251047
1781694000000,1768.46,1770.94,1759.63,1764.19,3842.116778
1781697600000,1764.19,1766.13,1743.0,1759.37,9767.95034
1781701200000,1759.32,1771.88,1754.89,1761.08,7320.370438
1781704800000,1761.06,1765.5,1740.92,1754.88,8428.930231
1781708400000,1755.06,1777.14,1751.0,1773.27,5473.076634
1781712000000,1773.24,1791.66,1769.47,1771.96,6942.170942
1781715600000,1772.02,1796.69,1767.47,1789.3,5602.43196
1781719200000,1789.28,1789.51,1746.51,1770.25,21494.081206
1781722800000,1770.21,1775.94,1729.45,1734.78,19858.229233
1781726400000,1734.69,1747.99,1733.07,1747.46,5535.808487
1781730000000,1747.47,1748.0,1736.49,1738.83,2886.302531
1781733600000,1738.84,1746.63,1725.29,1740.26,3875.520268
1781737200000,1740.26,1751.93,1740.11,1750.47,1960.050418
1781740800000,1750.43,1759.58,1749.9,1752.89,2805.901335
1781744400000,1752.89,1763.18,1752.76,1755.05,2904.58337
1781748000000,1755.06,1759.08,1750.42,1755.86,2114.675983
1781751600000,1755.91,1756.2,1741.24,1744.24,2634.86264
1781755200000,1744.23,1746.08,1729.99,1730.73,5113.999971
1781758800000,1730.73,1733.19,1722.31,1730.93,4842.221287
1781762400000,1731.01,1737.04,1725.55,1735.48,3424.775914
1781766000000,1735.62,1753.46,1732.68,1749.93,8484.39925
1781769600000,1749.94,1753.69,1746.48,1747.78,3913.113364
1781773200000,1747.79,1752.16,1742.53,1746.1,2348.575341
1781776800000,1746.1,1753.15,1739.6,1746.97,3414.555299
1781780400000,1747.01,1749.45,1739.15,1743.27,2569.539324
1781784000000,1743.28,1753.17,1741.88,1750.33,2544.326461
1781787600000,1750.34,1752.5,1729.12,1736.92,7201.476244
1781791200000,1736.84,1745.56,1729.66,1739.96,5483.168327
1781794800000,1739.97,1740.3,1679.4,1682.34,23390.849424
1781798400000,1682.29,1693.15,1680.7,1686.99,9717.493213
1781802000000,1687.06,1687.77,1671.63,1679.38,6874.584678
1781805600000,1679.37,1689.17,1676.47,1685.26,3945.289856
1781809200000,1685.27,1707.69,1682.75,1705.55,4749.496547
1781812800000,1705.61,1717.46,1705.51,1710.58,3603.676683
1781816400000,1710.59,1712.22,1701.87,1708.38,3568.244259
1781820000000,1708.38,1708.67,1700.01,1707.0,1648.509727
1781823600000,1707.0,1712.46,1703.07,1711.12,1466.743047
1781827200000,1711.13,1716.3,1708.73,1713.93,2418.839555
1781830800000,1713.94,1719.51,1706.27,1713.56,2282.595815
1781834400000,1713.56,1715.37,1701.0,1706.95,2675.121674
1781838000000,1706.95,1708.26,1682.38,1697.6,9734.475201
1781841600000,1697.61,1702.99,1685.89,1689.69,3923.481278
1781845200000,1689.59,1697.6,1689.44,1697.59,2604.921531
1781848800000,1697.58,1703.5,1696.19,1700.37,4708.605602
1781852400000,1700.34,1701.09,1690.16,1695.95,4766.411923
1781856000000,1695.97,1699.12,1693.41,1697.98,2528.556379
1781859600000,1697.99,1699.99,1688.75,1689.07,3511.290501
1781863200000,1689.09,1694.67,1687.28,1692.55,1648.025459
1781866800000,1692.55,1694.4,1688.63,1691.71,1193.604965
1781870400000,1691.8,1696.0,1677.07,1695.3,5156.000832
1781874000000,1695.32,1711.44,1687.87,1703.47,6592.113547
1781877600000,1703.47,1709.99,1696.47,1707.02,5073.856993
1781881200000,1707.03,1712.49,1698.12,1707.63,5107.168451
1781884800000,1707.68,1711.88,1695.01,1696.66,3316.677923
1781888400000,1696.77,1706.38,1692.54,1704.72,3354.239874
1781892000000,1704.73,1705.5,1698.4,1702.77,1301.197681
1781895600000,1702.78,1704.7,1698.22,1701.18,4772.534079
1781899200000,1701.22,1709.48,1698.81,1708.85,1395.448811
1781902800000,1708.86,1708.86,1701.4,1701.86,1024.764988
1781906400000,1701.87,1710.45,1700.54,1707.61,1877.840811
1781910000000,1707.65,1715.05,1704.64,1710.95,2448.471876
1781913600000,1711.0,1718.28,1708.4,1708.82,3749.265993
1781917200000,1708.83,1713.5,1706.77,1709.83,3322.231458
1781920800000,1709.86,1710.67,1704.01,1705.01,1038.30468
1781924400000,1705.01,1709.5,1704.7,1708.26,772.867055
1781928000000,1708.26,1715.61,1706.67,1713.54,1999.24932
1781931600000,1713.54,1733.63,1712.55,1726.19,8267.126543
1781935200000,1726.19,1729.86,1724.13,1727.77,1524.142196
1781938800000,1727.77,1729.5,1723.04,1725.58,2704.358197
1781942400000,1725.75,1726.9,1721.37,1722.84,1919.503399
1781946000000,1722.84,1730.36,1722.84,1728.49,4047.639236
1781949600000,1728.5,1729.4,1725.46,1727.74,2025.817279
1781953200000,1727.74,1732.29,1725.98,1727.18,2090.75617
1781956800000,1727.19,1730.53,1723.7,1727.07,2706.776736
1781960400000,1727.07,1727.28,1712.54,1717.46,5438.421176
1781964000000,1717.45,1747.28,1708.02,1733.58,12345.64712
1781967600000,1733.68,1749.84,1729.5,1740.71,9551.64037
1781971200000,1740.8,1741.0,1730.83,1734.08,3033.025931
1781974800000,1734.1,1734.1,1721.21,1727.0,4458.316287
1781978400000,1727.0,1732.13,1726.06,1726.63,2268.343682
1781982000000,1726.63,1730.33,1725.01,1729.1,11191.131124
1781985600000,1729.1,1731.51,1726.28,1730.9,34089.128829
1781989200000,1730.9,1738.0,1730.35,1735.42,16074.457984
1781992800000,1735.41,1746.49,1733.07,1743.18,4412.398748
1781996400000,1743.28,1743.8,1740.33,1740.77,2159.624825
1782000000000,1740.78,1740.99,1736.23,1737.69,8371.553853
1782003600000,1737.69,1740.25,1734.23,1736.78,37143.966181
1782007200000,1736.76,1738.38,1735.4,1736.14,29744.421925
1782010800000,1736.15,1741.92,1733.5,1737.87,15739.836544
1782014400000,1737.88,1741.55,1731.55,1732.9,14213.833705
1782018000000,1732.91,1737.11,1728.79,1733.36,17128.236459
1782021600000,1733.35,1738.68,1732.39,1736.09,23519.422345
1782025200000,1736.09,1736.4,1731.61,1732.24,55884.638358
1782028800000,1732.23,1733.29,1724.04,1729.23,34476.832658
1782032400000,1729.23,1734.51,1725.85,1732.89,32718.320957
1782036000000,1732.89,1737.04,1730.8,1731.51,33804.519676
1782039600000,1731.52,1734.99,1718.8,1725.48,10085.919979
1782043200000,1725.49,1727.05,1716.89,1726.05,13297.091101
1782046800000,1726.04,1728.05,1721.77,1725.04,6915.34781
1782050400000,1725.04,1728.54,1721.69,1728.53,6113.38249
1782054000000,1728.54,1732.62,1726.98,1730.8,8027.116576
1782057600000,1730.8,1730.8,1722.14,1728.18,15823.525854
1782061200000,1728.17,1731.47,1725.83,1727.23,28440.710448
1782064800000,1727.22,1737.89,1721.45,1735.36,20181.088534
1782068400000,1735.5,1739.34,1733.69,1734.05,14037.028365
1782072000000,1734.09,1735.48,1717.27,1721.39,16470.007105
1782075600000,1721.4,1724.31,1701.68,1718.51,16954.250528
1782079200000,1718.5,1721.41,1708.71,1717.82,7258.242617
1782082800000,1717.83,1717.83,1704.4,1707.14,12872.199707
1782086400000,1707.15,1732.14,1707.14,1726.88,15097.993251
1782090000000,1726.97,1759.67,1724.57,1743.81,29031.704315
1782093600000,1743.81,1745.58,1737.17,1737.18,12413.822379
1782097200000,1737.18,1741.16,1726.59,1730.19,19602.602769
1782100800000,1730.19,1736.06,1727.61,1735.42,15290.781306
1782104400000,1735.43,1739.69,1734.04,1737.14,55694.10951
1782108000000,1737.14,1740.41,1733.16,1735.17,90398.605204
1782111600000,1735.17,1751.52,1734.66,1746.48,77918.575692
1782115200000,1746.48,1752.31,1743.6,1747.74,99613.571658
1782118800000,1747.75,1750.61,1743.71,1745.89,154131.345355
1782122400000,1745.9,1751.54,1745.16,1748.77,2586.411661
1782126000000,1748.77,1774.65,1747.28,1767.72,10548.649794
1782129600000,1767.73,1772.34,1761.01,1764.01,9462.590964
1782133200000,1764.01,1780.0,1762.08,1777.71,8761.217331
1782136800000,1777.73,1777.99,1750.0,1754.68,8762.857732
1782140400000,1754.66,1757.9,1742.48,1744.88,6032.897874
1782144000000,1744.9,1746.45,1733.33,1740.17,8073.647484
1782147600000,1740.17,1743.19,1731.43,1740.95,4563.074257
1782151200000,1740.96,1747.86,1729.67,1733.71,6636.489673
1782154800000,1733.59,1736.89,1729.29,1734.79,4988.954042
1782158400000,1734.79,1740.25,1731.26,1734.77,2662.440119
1782162000000,1734.78,1737.66,1727.0,1732.91,2777.149209
1782165600000,1732.96,1736.04,1717.01,1724.34,8253.288658
1782169200000,1724.34,1730.46,1721.35,1728.36,3292.692705
1782172800000,1728.36,1732.15,1719.79,1731.41,2450.586137
1782176400000,1731.42,1736.24,1721.24,1730.51,3253.853504
1782180000000,1730.68,1735.0,1726.26,1732.67,1405.031395
1782183600000,1732.68,1733.12,1725.66,1729.89,2059.19155
1782187200000,1729.9,1731.32,1718.16,1718.96,2781.511513
1782190800000,1719.13,1721.58,1710.01,1713.61,4725.564124
1782194400000,1713.48,1713.8,1680.43,1692.28,13759.533312
1782198000000,1692.27,1696.5,1681.38,1682.94,8315.543777
1782201600000,1682.94,1684.9,1635.0,1648.27,30882.841853
1782205200000,1648.26,1654.39,1648.0,1650.95,5876.119096
1782208800000,1650.86,1659.85,1649.3,1652.46,4699.141267
1782212400000,1652.46,1663.8,1652.46,1660.93,6171.004844
1782216000000,1660.94,1662.68,1653.76,1654.63,3394.825787
1782219600000,1654.64,1664.02,1645.11,1662.94,11978.465249
1782223200000,1662.88,1671.99,1657.87,1662.01,9420.489394
1782226800000,1662.07,1663.44,1651.35,1659.72,4538.711685
1782230400000,1659.73,1673.96,1657.79,1659.4,6336.742922
1782234000000,1659.35,1664.98,1654.58,1656.79,3467.663861
1782237600000,1656.87,1660.64,1649.86,1655.33,3102.664789
1782241200000,1655.33,1664.0,1655.33,1662.5,3225.41202
1782244800000,1662.82,1667.66,1661.17,1664.07,1554.044287
1782248400000,1664.03,1668.48,1663.49,1666.89,1567.361683
1782252000000,1666.87,1673.06,1663.02,1664.59,1472.996069
1782255600000,1664.6,1669.55,1660.37,1667.18,2744.094107
1782259200000,1667.2,1674.65,1666.92,1671.27,2349.228648
1782262800000,1671.27,1680.49,1666.23,1672.81,3128.797696
1782266400000,1672.81,1673.71,1663.45,1663.81,2262.602734
1782270000000,1663.86,1670.0,1658.01,1666.85,2909.962207
1782273600000,1666.83,1671.05,1658.33,1668.98,2026.505387
1782277200000,1668.99,1679.59,1667.96,1674.53,4945.048771
1782280800000,1674.54,1677.05,1670.48,1674.95,2007.534218
1782284400000,1674.96,1678.79,1670.87,1673.17,2892.488638
1782288000000,1673.2,1675.16,1669.26,1673.19,3280.978505
1782291600000,1673.26,1673.29,1665.28,1667.05,1876.598372
1782295200000,1667.03,1668.16,1662.77,1663.83,2952.902766
1782298800000,1663.81,1693.69,1655.7,1679.55,10083.072014
1782302400000,1679.56,1681.36,1670.51,1671.53,3607.977045
1782306000000,1671.52,1672.56,1641.27,1645.4,17315.455139
1782309600000,1645.51,1657.36,1638.13,1647.21,11437.821271
1782313200000,1647.24,1651.3,1617.02,1618.33,15665.77733
1782316800000,1618.33,1636.25,1585.0,1589.83,31512.176024
1782320400000,1589.84,1597.56,1552.53,1560.51,26784.270669
1782324000000,1560.56,1584.87,1556.49,1572.4,15533.431083
1782327600000,1572.41,1585.38,1567.04,1584.37,6889.913801
1782331200000,1584.47,1622.0,1579.73,1613.71,13003.706824
1782334800000,1613.8,1621.66,1605.8,1621.18,3458.165608
1782338400000,1621.23,1629.67,1613.52,1615.51,4047.540902
1782342000000,1615.42,1623.64,1613.54,1622.4,2275.237394
1782345600000,1622.4,1626.5,1616.3,1619.14,3231.789381
1782349200000,1619.14,1624.23,1614.27,1620.72,4654.321986
1782352800000,1620.73,1621.61,1615.01,1620.93,2147.964392
1782356400000,1620.91,1624.29,1616.23,1619.61,2599.95711
1782360000000,1619.61,1636.35,1617.13,1634.97,8424.069639
1782363600000,1634.87,1652.25,1633.52,1645.81,12130.412348
1782367200000,1645.82,1660.51,1644.29,1653.85,4822.360629
1782370800000,1653.93,1659.88,1651.3,1657.2,4016.849099
1782374400000,1657.18,1658.99,1650.89,1652.94,2002.453553
1782378000000,1652.95,1655.34,1646.68,1648.89,2068.642409
1782381600000,1648.82,1649.64,1633.45,1636.72,4541.207339
1782385200000,1636.72,1638.99,1627.73,1633.29,7256.239588
1782388800000,1633.29,1651.19,1624.56,1635.7,9622.716897
1782392400000,1635.67,1640.69,1532.0,1538.06,41351.055438
1782396000000,1537.99,1593.44,1537.98,1568.34,37717.645574
1782399600000,1568.34,1573.45,1544.2,1569.99,14438.781943
1782403200000,1570.04,1587.56,1558.15,1562.0,10348.304375
1782406800000,1562.01,1575.38,1557.41,1574.83,5744.709595
1782410400000,1574.89,1577.3,1560.09,1567.81,5462.992145
1782414000000,1567.8,1568.0,1554.51,1559.35,3752.476279
1782417600000,1559.55,1570.76,1556.85,1560.31,3242.05855
1782421200000,1560.31,1583.4,1560.3,1580.79,3557.221269
1782424800000,1580.68,1583.52,1566.67,1570.33,3082.760619
1782428400000,1570.32,1579.85,1564.43,1567.82,3494.666916
1782432000000,1567.83,1571.83,1563.71,1564.69,1704.122039
1782435600000,1564.69,1568.59,1555.29,1560.08,2779.700992
1782439200000,1560.08,1560.9,1519.27,1524.58,23542.647221
1782442800000,1524.61,1563.63,1512.04,1557.8,20290.918621
1782446400000,1557.81,1560.73,1547.62,1549.81,4072.639536
1782450000000,1549.81,1559.38,1548.42,1555.68,2985.634895
1782453600000,1555.69,1574.23,1543.21,1571.07,8654.786744
1782457200000,1571.12,1586.47,1570.76,1580.87,16224.473456
1782460800000,1580.87,1582.33,1563.61,1566.51,6466.711898
1782464400000,1566.59,1567.29,1549.24,1552.82,7786.255002
1782468000000,1552.92,1556.0,1544.91,1548.35,5669.874634
1782471600000,1548.35,1555.15,1540.78,1545.11,17794.072476
1782475200000,1545.12,1560.91,1527.41,1536.21,19171.80718
1782478800000,1536.33,1571.36,1521.52,1569.53,14897.066341
1782482400000,1569.56,1575.91,1553.58,1560.04,17615.645983
1782486000000,1560.09,1588.56,1559.44,1580.08,11393.843809
1782489600000,1580.14,1595.0,1572.3,1577.87,7033.7283
1782493200000,1577.88,1589.32,1576.65,1581.98,5596.346406
1782496800000,1581.91,1585.41,1570.48,1573.26,2359.595715
1782500400000,1573.28,1584.19,1570.32,1574.42,3998.628471
1782504000000,1574.63,1583.46,1567.36,1571.08,4355.899543
1782507600000,1570.92,1579.33,1568.31,1575.15,1256.106452
1782511200000,1575.16,1579.4,1569.41,1577.9,1932.036639
1782514800000,1577.86,1580.92,1574.23,1578.73,1809.260417
1782518400000,1578.71,1582.17,1571.54,1576.74,2335.513073
1782522000000,1576.78,1577.62,1573.93,1575.74,1088.462502
1782525600000,1575.74,1586.99,1574.51,1583.26,6557.995131
1782529200000,1583.26,1585.29,1578.48,1580.61,1725.145931
1782532800000,1580.62,1585.41,1579.2,1579.7,1047.330967
1782536400000,1579.71,1581.33,1577.01,1578.79,1390.649366
1782540000000,1578.79,1584.68,1575.47,1582.72,1557.097692
1782543600000,1582.72,1586.48,1580.55,1585.7,1363.739489
1782547200000,1585.7,1586.15,1581.8,1584.28,1621.865434
1782550800000,1584.28,1585.25,1579.6,1582.81,1343.271262
1782554400000,1582.81,1585.0,1582.0,1584.32,1091.532393
1782558000000,1584.32,1585.39,1578.9,1584.03,13780.909709
1782561600000,1583.94,1586.28,1581.3,1585.83,1450.349166
1782565200000,1585.81,1593.45,1584.95,1592.17,3505.671688
1782568800000,1592.13,1598.73,1589.32,1594.55,3810.511133
1782572400000,1594.59,1611.11,1593.84,1605.65,6097.2655
1782576000000,1605.66,1607.93,1601.54,1607.2,2224.849788
1782579600000,1607.05,1607.21,1588.45,1591.51,5563.195238
1782583200000,1591.51,1594.73,1589.19,1593.87,1013.431431
1782586800000,1593.95,1595.31,1573.33,1578.52,6044.225462
1782590400000,1578.51,1583.34,1578.43,1581.7,1769.516053
1782594000000,1581.78,1585.48,1574.42,1575.19,4055.076312
1782597600000,1575.19,1579.6,1562.78,1579.2,4356.27823
1782601200000,1579.22,1581.43,1570.71,1574.01,1958.280752
1782604800000,1573.99,1578.24,1572.69,1574.77,1399.943659
1782608400000,1574.78,1577.06,1570.0,1575.39,1515.754475
1782612000000,1575.39,1579.99,1569.23,1572.26,9308.604599
1782615600000,1572.27,1576.49,1572.27,1575.22,889.324951
1782619200000,1575.22,1577.53,1570.67,1574.47,1097.634699
1782622800000,1574.48,1574.63,1564.24,1569.25,9255.039524
1782626400000,1569.13,1570.52,1562.68,1567.86,1677.11208
1782630000000,1567.86,1577.22,1567.85,1576.03,1483.883699
1782633600000,1576.01,1585.34,1573.68,1581.45,2954.074364
1782637200000,1581.46,1586.0,1578.47,1579.02,1499.428019
1782640800000,1579.02,1581.47,1572.22,1577.36,1828.894747
1782644400000,1577.37,1583.99,1575.75,1582.81,1542.229053
1782648000000,1582.82,1589.14,1578.25,1583.63,2188.950985
1782651600000,1583.6,1583.69,1575.01,1579.71,2084.549031
1782655200000,1579.72,1586.28,1578.24,1581.6,1882.899979
1782658800000,1581.5,1585.49,1577.3,1580.7,2344.783181
1782662400000,1580.85,1582.0,1566.5,1572.81,4850.337294
1782666000000,1572.8,1577.52,1563.53,1572.4,3966.889577
1782669600000,1572.28,1575.25,1569.26,1571.9,1347.691478
1782673200000,1571.9,1574.48,1556.7,1564.69,4814.090629
1782676800000,1564.66,1576.65,1564.11,1573.39,2015.622515
1782680400000,1573.39,1573.9,1559.21,1563.85,1834.253393
1782684000000,1563.86,1582.26,1548.05,1557.0,8830.334455
1782687600000,1556.99,1580.0,1555.05,1571.93,4180.423758
1782691200000,1571.97,1574.7,1552.0,1573.23,7105.308465
1782694800000,1573.29,1574.38,1560.0,1568.43,2374.966348
1782698400000,1568.43,1579.04,1550.06,1576.61,6268.63588
1782702000000,1576.62,1589.6,1576.62,1584.81,3954.53787
1782705600000,1584.81,1585.0,1574.72,1575.55,1728.633471
1782709200000,1575.55,1583.33,1562.34,1583.22,4670.864728
1782712800000,1583.29,1589.0,1579.72,1582.86,3192.159427
1782716400000,1582.89,1584.9,1577.65,1580.29,2102.742289
1782720000000,1580.28,1582.47,1570.1,1573.01,2722.876024
1782723600000,1573.01,1580.45,1570.36,1576.26,2400.44949
1782727200000,1576.3,1587.11,1576.3,1578.5,2590.218999
1782730800000,1578.5,1582.34,1570.41,1574.9,4401.709166
1782734400000,1574.97,1597.0,1566.72,1576.23,16383.287076
1782738000000,1576.24,1588.8,1565.0,1572.97,9094.886076
1782741600000,1573.05,1579.25,1557.51,1573.02,8153.296888
1782745200000,1573.02,1585.57,1561.54,1580.25,9855.017699
1782748800000,1580.22,1587.87,1574.03,1585.33,3459.973627
1782752400000,1585.25,1637.92,1585.25,1627.95,20958.870598
1782756000000,1627.95,1628.83,1618.47,1621.25,3789.237925
1782759600000,1621.25,1627.4,1616.37,1625.74,3142.325788
1782763200000,1625.59,1626.7,1617.51,1617.82,2378.195575
1782766800000,1617.79,1623.13,1612.0,1620.33,2777.009025
1782770400000,1620.34,1621.99,1612.61,1612.99,1896.896766
1782774000000,1613.0,1614.1,1607.86,1613.03,1979.757665
1782777600000,1613.18,1614.5,1592.71,1594.67,5895.608628
1782781200000,1594.74,1599.98,1589.1,1593.95,4791.608017
1782784800000,1593.98,1594.13,1586.62,1590.96,2536.862259
1782788400000,1590.96,1596.39,1586.66,1587.24,1738.146702
1782792000000,1587.25,1591.15,1580.0,1587.96,4283.840545
1782795600000,1587.96,1592.12,1585.17,1591.52,2487.891913
1782799200000,1591.66,1594.81,1588.81,1593.93,2132.073201
1782802800000,1593.94,1596.37,1590.11,1592.33,1623.229183
1782806400000,1592.49,1594.36,1579.0,1584.07,6144.911437
1782810000000,1584.06,1587.25,1581.51,1585.47,1866.328262
1782813600000,1585.53,1587.09,1582.27,1584.61,1371.389086
1782817200000,1584.57,1586.33,1575.94,1578.59,3636.321393
1782820800000,1578.54,1578.6,1552.0,1552.91,11254.300508
1782824400000,1552.9,1567.84,1550.47,1567.43,11886.872736
1782828000000,1567.42,1578.24,1561.3,1563.59,9811.731652
1782831600000,1563.59,1577.0,1557.28,1565.41,6840.71671
1782835200000,1565.41,1575.03,1562.0,1572.56,3445.714636
1782838800000,1572.57,1577.4,1568.67,1570.99,2505.161428
1782842400000,1570.99,1582.26,1569.51,1579.02,3266.948289
1782846000000,1579.02,1581.99,1575.72,1580.74,2445.661955
1782849600000,1580.73,1583.16,1573.13,1576.01,2139.942399
1782853200000,1576.01,1577.4,1570.01,1571.82,1635.652092
1782856800000,1571.85,1575.47,1566.87,1567.73,1615.084847
1782860400000,1567.74,1572.9,1565.76,1572.04,1903.671439
1782864000000,1572.14,1576.99,1566.08,1574.89,2369.787468
1782867600000,1574.95,1586.43,1552.8,1577.86,12780.625235
1782871200000,1577.86,1589.46,1574.34,1586.25,6047.792874
1782874800000,1586.24,1599.17,1582.41,1594.69,6913.196424
1782878400000,1594.67,1604.0,1590.8,1599.47,6470.275471
1782882000000,1599.48,1601.0,1591.0,1592.63,4552.477617
1782885600000,1592.68,1593.15,1571.43,1576.18,9763.665395
1782889200000,1576.24,1581.27,1572.35,1578.46,9277.729252
1782892800000,1578.45,1582.34,1568.43,1582.34,4557.566519
1782896400000,1582.35,1585.34,1578.59,1581.16,3252.737524
1782900000000,1581.16,1581.72,1572.09,1573.25,2763.353414
1782903600000,1573.48,1576.13,1566.4,1570.0,2153.466754
1782907200000,1570.03,1572.81,1565.19,1570.0,5308.19141
1782910800000,1570.23,1598.18,1569.74,1597.31,10681.501166
1782914400000,1597.2,1617.39,1591.23,1601.34,13342.267451
1782918000000,1601.16,1631.27,1600.87,1620.15,16799.408065
1782921600000,1620.07,1629.68,1612.73,1614.5,11770.004888
1782925200000,1614.5,1624.95,1607.25,1622.82,4588.814839
1782928800000,1622.88,1624.6,1612.23,1616.67,4043.665445
1782932400000,1616.59,1624.3,1614.77,1618.2,2245.489544
1782936000000,1618.17,1620.71,1610.48,1617.82,2944.432723
1782939600000,1617.85,1639.0,1617.6,1632.03,6450.009758
1782943200000,1632.03,1646.26,1620.19,1621.79,9732.459772
1782946800000,1621.79,1621.79,1608.42,1609.65,4376.466991
1782950400000,1609.74,1609.97,1597.25,1603.57,5221.693788
1782954000000,1603.59,1625.0,1602.55,1620.49,4221.63447
1782957600000,1620.52,1624.59,1614.7,1620.87,2437.205104
1782961200000,1621.0,1642.6,1618.26,1639.56,7427.828292
1782964800000,1639.61,1640.12,1630.48,1632.76,3285.646955
1782968400000,1632.76,1635.0,1625.41,1626.79,3804.773435
1782972000000,1626.8,1629.99,1617.79,1619.17,4651.133149
1782975600000,1619.13,1620.25,1614.54,1616.07,7789.877763
1782979200000,1616.1,1626.41,1615.16,1625.13,5694.385859
1782982800000,1625.01,1651.83,1620.56,1643.21,17189.085283
1782986400000,1643.21,1649.57,1641.45,1646.44,5005.394621
1782990000000,1646.56,1655.0,1644.6,1650.4,5814.107853
1782993600000,1650.2,1670.0,1647.61,1662.69,15886.079931
1782997200000,1662.76,1714.0,1661.0,1710.76,35071.117108
1783000800000,1710.8,1724.88,1691.06,1701.61,27157.304761
1783004400000,1701.67,1703.75,1688.8,1697.2,9476.862697
1783008000000,1697.21,1704.06,1686.75,1699.64,9028.981935
1783011600000,1699.64,1705.56,1694.41,1695.74,3620.222482
1783015200000,1695.75,1707.85,1695.26,1702.1,3262.820281
1783018800000,1702.12,1705.52,1694.65,1700.03,3480.310029
1783022400000,1699.97,1706.66,1696.11,1705.71,3383.620427
1783026000000,1705.72,1706.15,1697.02,1700.1,2494.431479
1783029600000,1700.09,1700.9,1694.09,1696.79,1487.514673
1783033200000,1696.66,1701.8,1692.04,1700.7,1548.575561
1783036800000,1700.6,1703.06,1694.66,1696.88,2054.525672
1783040400000,1696.88,1718.92,1695.43,1712.39,5862.930427
1783044000000,1712.4,1715.5,1696.37,1704.84,3421.16659
1783047600000,1704.84,1712.13,1699.47,1706.55,3539.174786
1783051200000,1706.58,1708.7,1702.6,1703.5,10958.007263
1783054800000,1703.51,1722.0,1702.57,1715.04,6680.505244
1783058400000,1715.05,1721.5,1713.16,1716.25,3693.271966
1783062000000,1716.25,1722.24,1714.14,1718.02,6562.098111
1783065600000,1718.01,1734.93,1715.86,1720.0,7402.371628
1783069200000,1719.93,1731.33,1717.17,1726.42,3626.597258
1783072800000,1726.41,1749.0,1726.25,1742.39,9497.162896
1783076400000,1742.27,1747.99,1737.4,1742.45,4293.394062
1783080000000,1742.5,1745.11,1731.54,1736.56,3679.821015
1783083600000,1736.64,1753.48,1736.2,1748.37,6922.011961
1783087200000,1748.38,1748.38,1729.15,1737.48,6203.841372
1783090800000,1737.48,1746.0,1729.3,1731.3,5805.894078
1783094400000,1731.3,1735.56,1728.0,1733.69,2454.706076
1783098000000,1733.7,1742.08,1732.4,1738.38,2384.47169
1783101600000,1738.4,1741.32,1736.26,1738.96,1187.15665
1783105200000,1738.97,1753.21,1737.38,1745.41,5295.074208
1783108800000,1745.41,1773.89,1743.66,1766.34,10360.885544
1783112400000,1766.21,1775.86,1757.01,1763.31,5161.292481
1783116000000,1763.35,1764.31,1756.15,1757.46,2020.507732
1783119600000,1757.46,1762.03,1755.41,1758.18,1103.820283
1783123200000,1758.13,1764.07,1756.5,1758.61,1938.680802
1783126800000,1758.61,1758.61,1746.01,1747.93,9960.247973
1783130400000,1747.9,1751.05,1744.39,1749.41,8458.861787
1783134000000,1749.42,1756.58,1747.17,1753.79,1703.429404
1783137600000,1753.79,1764.53,1752.04,1761.8,2364.66672
1783141200000,1761.8,1761.8,1753.09,1756.0,3755.517149
1783144800000,1755.99,1761.21,1751.57,1754.84,1423.42942
1783148400000,1754.84,1759.5,1752.76,1757.99,4159.874208
1783152000000,1758.02,1765.77,1757.28,1762.3,2947.543582
1783155600000,1762.3,1763.13,1754.89,1758.06,3395.512031
1783159200000,1758.06,1761.02,1756.88,1759.21,1015.598774
1783162800000,1759.1,1760.39,1756.28,1758.04,997.613583
1783166400000,1758.03,1766.49,1758.03,1764.42,2301.510582
1783170000000,1764.47,1778.62,1761.57,1764.07,4723.158472
1783173600000,1763.95,1774.84,1763.85,1772.43,2143.224977
1783177200000,1772.43,1800.0,1772.41,1791.38,17403.106266
1783180800000,1791.3,1792.37,1783.46,1787.16,3662.631605
1783184400000,1787.15,1808.2,1779.14,1799.63,9680.406279
1783188000000,1799.74,1806.0,1791.73,1793.88,2791.346082
1783191600000,1793.89,1797.95,1788.58,1792.62,1594.370125
1783195200000,1792.63,1796.09,1783.86,1787.18,1752.280595
1783198800000,1787.18,1795.0,1786.29,1789.31,1321.969342
1783202400000,1789.25,1789.49,1782.06,1784.77,1199.031453
1783206000000,1784.78,1785.73,1772.38,1780.64,4067.446798
1783209600000,1780.66,1780.9,1769.09,1772.65,2792.120354
1783213200000,1772.66,1774.57,1761.22,1766.48,4885.691398
1783216800000,1766.51,1767.93,1756.89,1760.61,4153.56113
1783220400000,1760.62,1763.99,1757.74,1761.52,1834.911549
1783224000000,1761.52,1773.09,1760.07,1767.47,3308.406288
1783227600000,1767.51,1767.94,1760.51,1766.19,2083.131956
1783231200000,1766.2,1768.1,1762.07,1764.91,1554.209991
1783234800000,1764.72,1772.17,1762.01,1769.88,2543.083746
1783238400000,1769.88,1773.07,1766.61,1767.62,1190.860047
1783242000000,1767.62,1767.99,1748.11,1758.12,6368.143391
1783245600000,1758.02,1762.19,1755.0,1761.61,3155.663003
1783249200000,1761.61,1765.43,1758.73,1760.32,2958.113383
1783252800000,1760.32,1769.53,1756.42,1765.02,1948.445117
1783256400000,1765.03,1767.78,1761.16,1766.42,1695.455135
1783260000000,1766.42,1772.9,1765.0,1772.44,2241.738619
1783263600000,1772.58,1782.0,1770.29,1774.84,4858.268786
1783267200000,1774.85,1777.67,1770.28,1772.92,2228.207665
1783270800000,1772.91,1786.0,1772.91,1779.45,4298.37859
1783274400000,1779.4,1787.42,1777.96,1781.51,2043.37129
1783278000000,1781.3,1784.77,1777.89,1781.6,764.068341
1783281600000,1781.6,1783.75,1776.34,1777.42,1382.790259
1783285200000,1777.43,1793.33,1768.4,1786.88,4867.681296
1783288800000,1786.88,1808.18,1784.27,1789.97,9961.728157
1783292400000,1789.89,1802.58,1782.67,1785.77,4713.511474
1783296000000,1785.97,1794.1,1774.69,1793.47,5333.121109
1783299600000,1793.45,1799.0,1785.27,1786.27,2476.569449
1783303200000,1786.28,1790.45,1779.45,1783.82,2593.125651
1783306800000,1783.75,1785.2,1771.79,1779.96,4236.613577
1783310400000,1779.85,1785.26,1776.36,1778.07,2711.693719
1783314000000,1777.87,1778.58,1765.01,1774.06,4557.316093
1783317600000,1774.25,1775.48,1769.17,1769.51,2343.247206
1783321200000,1769.5,1775.45,1766.98,1772.39,5187.310932
1783324800000,1772.39,1778.68,1762.92,1765.8,2535.853287
1783328400000,1765.76,1766.27,1756.0,1758.79,3473.903679
1783332000000,1758.8,1774.14,1758.08,1771.25,10171.135757
1783335600000,1771.25,1775.56,1759.47,1759.88,11316.748777
1783339200000,1759.57,1760.94,1735.0,1740.78,55763.75527
1783342800000,1740.78,1753.5,1728.86,1744.9,250917.754677
1783346400000,1744.9,1763.0,1741.94,1751.83,333572.482169
1783350000000,1751.84,1789.18,1751.48,1788.56,399683.000707
1783353600000,1788.56,1804.94,1782.42,1792.65,25043.812187
1783357200000,1792.66,1800.63,1787.34,1788.33,5896.91876
1783360800000,1788.34,1796.58,1786.45,1792.84,3753.940498
1783364400000,1792.83,1798.99,1791.1,1792.52,3618.344597
1783368000000,1792.53,1796.43,1787.18,1793.07,3498.084116
1783371600000,1793.07,1834.0,1792.54,1815.26,26734.589832
1783375200000,1815.31,1817.0,1804.49,1806.22,17096.531557
1783378800000,1806.18,1810.16,1797.35,1799.63,3789.214831
1783382400000,1799.57,1810.18,1795.0,1803.52,5749.742452
1783386000000,1803.64,1803.64,1788.15,1792.41,5423.090668
1783389600000,1792.41,1794.5,1777.02,1778.41,5254.746297
1783393200000,1778.49,1781.81,1769.0,1771.46,3881.964838
1783396800000,1771.46,1773.8,1762.32,1766.54,3176.708469
1783400400000,1766.56,1774.0,1757.62,1770.71,4184.538534
1783404000000,1770.7,1782.56,1764.82,1779.08,5043.315685
1783407600000,1779.17,1782.56,1770.86,1771.29,3621.529951
1783411200000,1771.28,1775.59,1768.33,1770.63,4279.259912
1783414800000,1770.62,1784.68,1768.56,1778.09,3339.292622
1783418400000,1778.09,1784.95,1774.32,1775.94,3378.61879
1783422000000,1775.96,1785.0,1771.66,1780.85,3265.662984
1783425600000,1780.88,1794.63,1780.11,1781.97,5726.414974
1783429200000,1781.99,1783.38,1766.21,1769.01,8669.601029
1783432800000,1769.04,1793.0,1760.93,1789.35,12591.088048
1783436400000,1789.35,1803.03,1782.98,1797.56,8644.461733
1783440000000,1797.56,1813.2,1792.46,1802.26,7236.353386
1783443600000,1802.34,1810.57,1798.45,1810.4,5042.441403
1783447200000,1810.29,1810.44,1785.54,1786.41,5991.883275
1783450800000,1786.34,1792.44,1773.58,1790.58,6949.68196
1783454400000,1790.71,1793.27,1781.57,1784.24,2359.946566
1783458000000,1784.24,1789.54,1771.13,1773.72,5591.566932
1783461600000,1773.62,1778.57,1765.58,1775.52,4418.933341
1783465200000,1775.51,1781.24,1768.36,1771.44,2925.16137
1783468800000,1771.47,1785.58,1769.96,1780.4,4845.864727
1783472400000,1780.42,1780.92,1750.06,1755.92,7685.508849
1783476000000,1755.9,1760.0,1741.74,1757.87,7457.232995
1783479600000,1757.88,1763.94,1749.17,1751.78,3763.255863
1783483200000,1751.81,1758.05,1749.24,1756.3,2121.253887
1783486800000,1756.31,1759.57,1750.47,1754.26,2687.01279
1783490400000,1754.2,1755.32,1746.31,1751.75,2934.244842
1783494000000,1751.76,1757.49,1745.0,1756.8,6327.763521
1783497600000,1756.81,1758.75,1725.0,1735.45,14784.887081
1783501200000,1735.47,1740.8,1730.31,1736.3,4590.072296
1783504800000,1736.39,1742.45,1732.66,1739.47,3827.302055
1783508400000,1739.48,1751.56,1735.72,1748.09,10168.263079
1783512000000,1748.0,1751.38,1737.96,1738.51,16625.669591
1783515600000,1738.52,1744.42,1731.21,1737.83,43447.731858
1783519200000,1737.61,1741.07,1722.64,1729.78,50527.875153
1783522800000,1729.78,1730.73,1713.46,1722.85,63780.957899
1783526400000,1722.85,1738.33,1722.75,1736.4,5467.468229
1783530000000,1736.57,1746.65,1731.0,1733.22,4560.147201
1783533600000,1733.02,1741.07,1729.9,1737.32,3062.914047
1783537200000,1737.32,1741.57,1733.63,1741.14,1788.236723
1783540800000,1741.06,1741.57,1734.53,1736.6,2328.183831
1783544400000,1736.6,1739.99,1731.5,1738.07,1766.936895
1783548000000,1738.07,1743.91,1736.73,1741.35,3712.426894
1783551600000,1741.26,1745.26,1738.93,1743.5,5098.098751
1783555200000,1743.49,1744.71,1736.96,1738.3,1671.651468
1783558800000,1738.29,1757.08,1730.33,1731.84,7155.21686
1783562400000,1731.77,1739.39,1723.48,1727.26,2896.429634
1783566000000,1727.26,1734.48,1721.67,1730.58,2559.966354
1783569600000,1730.58,1743.72,1730.28,1742.42,3372.775835
1783573200000,1742.4,1749.51,1737.6,1749.4,3854.288601
1783576800000,1749.39,1755.66,1746.0,1755.31,4336.364234
1783580400000,1755.17,1762.66,1750.57,1753.29,4591.384775
1783584000000,1753.3,1758.74,1750.8,1754.3,1701.840685
1783587600000,1754.31,1756.41,1749.4,1755.7,1600.86637
1783591200000,1755.7,1757.43,1744.04,1746.27,2306.834032
1783594800000,1746.31,1748.38,1741.33,1744.07,2400.555131
1783598400000,1744.15,1747.4,1735.06,1741.77,10107.092147
1783602000000,1741.78,1752.19,1736.0,1747.06,4236.424167
1783605600000,1747.12,1749.96,1733.33,1743.18,5064.373968
1783609200000,1743.19,1749.39,1737.35,1739.48,3570.296097
1783612800000,1739.49,1743.99,1732.01,1739.1,2575.552378
1783616400000,1739.1,1752.49,1738.42,1748.53,3460.171304
1783620000000,1748.52,1759.68,1747.44,1751.44,4083.765233
1783623600000,1751.5,1753.11,1747.13,1748.61,1352.691274
1783627200000,1748.6,1750.52,1745.13,1748.81,2460.069736
1783630800000,1748.82,1751.06,1745.03,1748.21,1159.54084
1783634400000,1748.21,1751.18,1746.26,1747.45,1260.560487
1783638000000,1747.45,1749.35,1741.38,1745.2,1444.445702
1783641600000,1745.24,1746.56,1737.38,1742.99,3361.843994
1783645200000,1743.0,1777.57,1738.06,1767.79,13048.575705
1783648800000,1767.79,1775.0,1764.67,1772.81,6679.332716
1783652400000,1772.9,1779.9,1769.08,1776.31,4075.038367
1783656000000,1776.32,1780.25,1771.77,1774.8,3393.723134
1783659600000,1774.82,1779.95,1772.57,1779.1,4262.836124
1783663200000,1779.11,1779.95,1769.31,1771.2,3293.680326
1783666800000,1771.21,1777.54,1768.71,1773.23,3180.201332
1783670400000,1773.31,1789.66,1772.6,1783.98,6424.125203
1783674000000,1783.9,1795.0,1781.17,1792.61,5457.878198
1783677600000,1792.61,1803.0,1789.45,1796.97,6598.799319
1783681200000,1796.97,1802.49,1794.38,1801.41,4176.059482
1783684800000,1801.41,1807.73,1792.76,1793.96,6344.327836
1783688400000,1793.97,1813.0,1793.7,1803.9,5991.15764
1783692000000,1803.84,1804.68,1775.4,1785.03,11812.862259
1783695600000,1785.04,1796.88,1783.88,1791.2,7059.270307
1783699200000,1791.2,1799.56,1785.8,1797.46,3554.712297
1783702800000,1797.47,1799.25,1788.2,1788.21,3388.065772
1783706400000,1788.36,1793.85,1780.94,1785.02,3526.283416
1783710000000,1784.94,1797.34,1784.04,1792.67,3383.624956
1783713600000,1792.59,1794.52,1789.49,1790.07,1901.344829
1783717200000,1790.07,1797.22,1789.57,1794.52,1244.775414
1783720800000,1794.52,1796.96,1792.99,1795.26,1140.223428
1783724400000,1795.26,1798.22,1792.43,1796.9,1461.840435
1783728000000,1796.93,1797.22,1789.64,1793.19,1944.826946
1783731600000,1793.22,1799.3,1788.53,1789.07,1999.49143
1783735200000,1789.08,1796.0,1786.78,1795.5,1593.162401
1783738800000,1795.5,1798.24,1792.62,1796.61,1964.392898
1783742400000,1796.61,1800.67,1795.66,1796.52,1144.154296
1783746000000,1796.53,1802.44,1794.96,1799.38,1190.593422
1783749600000,1799.38,1803.6,1794.75,1799.31,1628.464461
1783753200000,1799.3,1801.83,1798.11,1799.75,1041.171313
1783756800000,1799.75,1803.49,1799.38,1801.51,2056.736898
1783760400000,1801.5,1802.75,1795.16,1795.57,2113.700781
1783764000000,1795.53,1799.44,1795.12,1798.36,1686.822689
1783767600000,1798.45,1800.99,1797.12,1800.5,1176.985956
1783771200000,1800.51,1801.5,1798.48,1800.16,842.454315
1783774800000,1800.16,1808.38,1798.85,1802.77,2347.234103
1783778400000,1802.77,1818.0,1802.59,1810.75,5823.753851
1783782000000,1810.73,1828.12,1808.72,1814.69,16282.994071
1783785600000,1814.7,1824.3,1810.65,1823.36,6403.670212
1783789200000,1823.37,1829.91,1818.18,1824.67,3168.170281
1783792800000,1824.64,1829.99,1823.64,1826.29,2353.05535
1783796400000,1826.3,1827.34,1819.41,1824.5,2451.403082
1783800000000,1824.51,1828.53,1823.94,1825.96,794.089503
1783803600000,1825.96,1829.46,1822.6,1823.95,1659.192218
1783807200000,1823.96,1824.31,1809.49,1813.76,4537.282286
1783810800000,1813.77,1815.73,1786.66,1787.77,9689.455827
1783814400000,1787.77,1791.2,1779.6,1789.19,5869.579585
1783818000000,1789.19,1808.32,1788.14,1806.69,5689.971127
1783821600000,1806.69,1807.44,1802.6,1805.24,2220.999522
1783825200000,1805.14,1813.61,1802.5,1811.58,3006.950527
1783828800000,1811.59,1812.54,1804.11,1805.69,1910.076776
1783832400000,1805.7,1807.3,1800.47,1803.15,1966.188367
1783836000000,1803.12,1803.12,1789.36,1795.24,3446.181356
1783839600000,1795.25,1799.14,1794.23,1798.88,1075.890633
1783843200000,1798.89,1809.0,1798.66,1805.26,3060.615357
1783846800000,1805.27,1805.98,1796.74,1802.48,2265.801888
1783850400000,1802.49,1802.61,1798.99,1799.45,2349.95794
1783854000000,1799.45,1806.61,1796.33,1803.64,1407.629342
1783857600000,1803.63,1809.64,1802.87,1807.07,1670.107924
1783861200000,1807.08,1809.83,1805.33,1805.88,1846.226411
1783864800000,1805.88,1823.0,1803.94,1819.56,4178.551712
1783868400000,1819.48,1826.7,1816.5,1820.89,4999.88939
1783872000000,1820.89,1824.28,1817.32,1821.81,3561.075087
1783875600000,1821.81,1822.5,1811.55,1818.26,3427.038421
1783879200000,1818.26,1822.22,1815.03,1821.53,915.501344
1783882800000,1821.54,1823.67,1818.64,1821.35,769.898961
1783886400000,1821.35,1824.16,1818.71,1821.26,1219.869351
1783890000000,1821.26,1823.58,1811.39,1812.52,1684.55863
1783893600000,1812.53,1812.53,1797.44,1805.01,5695.626283
1783897200000,1805.0,1809.0,1800.92,1806.8,1475.99024
1783900800000,1806.8,1846.04,1804.17,1826.48,19000.065525
1783904400000,1826.66,1829.9,1805.45,1806.84,7631.221751
1783908000000,1807.0,1814.94,1799.19,1807.02,6425.193918
1783911600000,1807.01,1807.01,1775.22,1780.74,16665.133481
1783915200000,1780.78,1785.27,1776.49,1779.01,3699.57441
1783918800000,1779.02,1786.69,1773.31,1781.89,7001.94612
1783922400000,1781.91,1783.7,1776.01,1777.87,2535.622935
1783926000000,1777.88,1791.25,1776.32,1787.5,4712.57188
1783929600000,1787.5,1793.49,1783.87,1790.33,3653.756251
1783933200000,1790.42,1790.55,1785.01,1785.72,1834.017396
1783936800000,1785.72,1786.89,1777.19,1779.54,3594.474606
1783940400000,1779.6,1784.99,1779.6,1780.7,2405.858229
1783944000000,1780.7,1783.44,1767.14,1772.29,9104.445762
1783947600000,1772.3,1776.55,1763.34,1771.36,6014.266936
1783951200000,1771.41,1782.0,1761.96,1781.89,13508.852181
1783954800000,1781.94,1786.49,1775.47,1776.82,2776.489463
1783958400000,1776.82,1780.82,1767.27,1771.97,5113.071993
1783962000000,1771.96,1776.54,1753.22,1753.59,7313.666098
1783965600000,1753.59,1767.31,1750.0,1764.82,5159.85244
1783969200000,1764.82,1775.34,1764.49,1774.89,3825.807751
1783972800000,1774.89,1777.4,1761.64,1767.43,2737.210114
1783976400000,1767.33,1767.33,1752.53,1761.66,2298.998157
1783980000000,1761.6,1768.42,1756.45,1758.28,2285.771006
1783983600000,1758.28,1778.17,1756.45,1776.61,4000.583172
1783987200000,1776.64,1788.68,1773.34,1786.09,3873.194273
1783990800000,1786.14,1794.63,1783.35,1784.77,2944.175566
1783994400000,1784.77,1789.1,1775.12,1782.62,3161.519777
1783998000000,1782.58,1783.99,1774.49,1783.61,2490.118409
1784001600000,1783.61,1789.71,1782.11,1785.8,2304.015922
1784005200000,1785.79,1793.06,1784.4,1787.02,1825.292109
1784008800000,1787.01,1787.44,1781.86,1783.19,1295.852695
1784012400000,1783.19,1786.54,1779.45,1781.07,2574.495869
1784016000000,1781.07,1789.5,1778.71,1785.95,1993.812991
1784019600000,1785.95,1789.4,1782.87,1785.92,1511.381394
1784023200000,1785.92,1804.99,1785.92,1800.15,5235.575941
1784026800000,1800.16,1802.97,1795.77,1797.98,1998.819214
1784030400000,1797.98,1867.23,1794.28,1860.98,34036.214696
1784034000000,1860.99,1882.98,1854.88,1871.62,44798.724309
1784037600000,1871.64,1884.94,1859.09,1881.26,16809.02641
1784041200000,1881.24,1888.99,1873.05,1875.08,14590.264471
1784044800000,1875.19,1877.3,1868.8,1874.03,4433.007648
1784048400000,1873.98,1873.98,1860.93,1871.6,3949.606826
1784052000000,1871.59,1876.88,1868.32,1874.82,1979.984508
1784055600000,1874.83,1881.72,1874.49,1877.0,2006.172722
1784059200000,1877.02,1878.79,1873.73,1875.46,1228.718705
1784062800000,1875.46,1879.8,1874.55,1876.53,2011.169602
1784066400000,1876.49,1897.54,1872.22,1882.02,6576.556554
1784070000000,1882.01,1893.48,1878.81,1892.02,2785.740705
1784073600000,1892.02,1893.49,1878.03,1881.78,3466.267482
1784077200000,1881.66,1882.22,1867.5,1870.41,2406.806227
1784080800000,1870.47,1873.13,1864.67,1864.67,1328.437597
1784084400000,1864.68,1879.22,1864.67,1876.4,2104.884146
1784088000000,1876.41,1880.55,1873.63,1876.52,1382.314669
1784091600000,1876.56,1883.52,1872.0,1882.84,1648.466499
1784095200000,1882.94,1891.99,1875.0,1875.68,5170.83947
1784098800000,1875.68,1877.23,1864.41,1869.95,5577.585719
1784102400000,1869.9,1879.78,1869.85,1879.26,2174.636533
1784106000000,1879.26,1886.56,1879.0,1879.74,1989.259709
1784109600000,1879.74,1886.47,1874.86,1878.03,2212.90469
1784113200000,1878.0,1885.69,1877.39,1884.47,2002.75497
1784116800000,1884.48,1931.87,1879.32,1927.24,16745.48246
1784120400000,1927.19,1946.4,1917.33,1925.94,23438.138484
1784124000000,1926.1,1935.31,1919.4,1933.16,8936.574674
1784127600000,1933.23,1938.0,1925.6,1931.85,3758.756573
1784131200000,1931.85,1933.0,1904.46,1919.71,8672.159327
1784134800000,1919.77,1931.38,1919.57,1928.01,3316.400616
1784138400000,1927.96,1936.8,1922.61,1924.23,3984.560095
1784142000000,1924.23,1929.29,1919.08,1923.95,1626.57559
1784145600000,1923.94,1930.7,1918.33,1923.57,1363.748735
1784149200000,1923.57,1925.71,1919.48,1922.12,1115.948866
1784152800000,1922.19,1928.64,1918.33,1923.21,1669.021666
1784156400000,1923.21,1927.18,1914.83,1917.73,2261.613666
1784160000000,1917.72,1924.99,1911.48,1914.91,4685.568004
1784163600000,1914.92,1926.0,1908.01,1922.69,3754.738589
1784167200000,1922.7,1926.09,1918.67,1925.13,1953.977722
1784170800000,1925.12,1929.2,1917.01,1918.65,2658.198487
1784174400000,1918.66,1920.87,1914.12,1918.29,1629.662854
1784178000000,1918.43,1927.64,1917.28,1925.62,1967.395928
1784181600000,1925.63,1929.98,1915.67,1922.63,2601.159567
1784185200000,1922.64,1922.64,1905.17,1910.62,4511.864717
1784188800000,1910.62,1912.99,1875.11,1886.24,17822.87486
1784192400000,1886.26,1889.41,1880.68,1884.7,2658.307575
1784196000000,1884.72,1891.72,1883.92,1888.53,2178.330163
1784199600000,1888.54,1888.71,1879.51,1885.29,2214.102954
1784203200000,1885.22,1885.24,1867.51,1872.62,5434.345548
1784206800000,1872.62,1890.2,1871.0,1882.58,7914.401457
1784210400000,1882.47,1892.97,1874.6,1883.51,6995.877027
1784214000000,1883.54,1894.29,1871.12,1881.93,6080.581083
1784217600000,1882.0,1883.23,1875.0,1879.08,2501.638465
1784221200000,1879.01,1879.52,1862.28,1869.06,5708.745738
1784224800000,1869.04,1879.82,1868.01,1875.92,1766.489833
1784228400000,1875.91,1877.76,1871.12,1875.77,877.659482
1784232000000,1875.76,1875.76,1871.61,1871.88,910.607058
1784235600000,1871.87,1881.46,1871.86,1878.8,1116.996239
1784239200000,1878.8,1881.55,1868.0,1868.96,2871.556924
1784242800000,1869.04,1870.71,1857.73,1864.55,4205.914594
1784246400000,1864.64,1866.66,1847.21,1865.76,8724.748339
1784250000000,1865.78,1871.17,1848.01,1851.24,4149.76345
1784253600000,1851.07,1855.72,1843.47,1848.21,5449.169057
1784257200000,1848.09,1859.61,1847.34,1852.55,3036.760205
1784260800000,1852.55,1852.98,1844.01,1850.03,3537.873497
1784264400000,1850.01,1850.01,1821.73,1823.9,11654.041911
1784268000000,1823.9,1836.58,1820.75,1832.48,5456.777311
1784271600000,1832.48,1833.51,1826.22,1828.42,3351.798591
1784275200000,1828.42,1832.64,1821.31,1830.2,3088.038578
1784278800000,1830.2,1836.32,1829.24,1835.02,1394.900824
1784282400000,1835.05,1840.34,1834.28,1836.92,2189.198234
1784286000000,1836.92,1843.2,1833.34,1839.28,1857.026216
1784289600000,1839.33,1840.45,1827.5,1828.44,2503.902219
1784293200000,1828.58,1829.13,1803.2,1825.5,10741.300177
1784296800000,1825.64,1833.96,1817.28,1822.22,4667.792332
1784300400000,1822.23,1831.23,1810.9,1830.99,4867.85765
1784304000000,1830.99,1840.55,1826.15,1836.01,6049.782545
1784307600000,1836.09,1856.4,1836.09,1843.74,4471.218113
1784311200000,1843.77,1849.6,1834.9,1847.01,3036.803021
1784314800000,1847.0,1847.0,1835.84,1843.92,1951.227862
1784318400000,1843.64,1846.14,1837.15,1842.94,1324.734854
1784322000000,1842.95,1846.76,1839.47,1841.53,1443.384115
1784325600000,1841.53,1843.73,1837.44,1840.02,859.99712
1784329200000,1839.95,1844.39,1835.14,1841.79,1299.632708
1784332800000,1841.89,1844.99,1840.01,1840.74,678.317766
1784336400000,1840.78,1843.54,1839.25,1842.6,627.303816
1784340000000,1842.61,1846.74,1840.79,1841.95,1418.349053
1784343600000,1841.94,1846.47,1841.52,1846.04,986.267514
1784347200000,1846.05,1846.18,1842.42,1844.77,660.097307
1784350800000,1844.79,1849.57,1843.01,1845.82,2058.647686
1784354400000,1845.84,1847.82,1843.01,1844.84,755.714298
1784358000000,1844.83,1845.97,1843.01,1844.22,547.096407
1784361600000,1844.22,1849.24,1842.35,1847.55,963.310774
1784365200000,1847.55,1848.0,1842.78,1845.14,722.92664
1784368800000,1844.99,1846.75,1843.62,1845.46,492.718316
1784372400000,1845.46,1846.75,1844.4,1845.49,423.059934
1784376000000,1845.5,1850.59,1840.01,1844.8,1947.541706
1784379600000,1844.8,1844.8,1837.5,1841.68,1989.416695
1784383200000,1841.69,1846.33,1840.75,1845.77,1078.610014
1784386800000,1845.8,1846.0,1842.04,1843.81,764.399732
1784390400000,1843.9,1847.2,1841.61,1846.12,1864.832605
1784394000000,1846.12,1853.27,1843.57,1852.67,2027.629413
1784397600000,1852.76,1867.5,1849.81,1857.4,5509.703842
1784401200000,1857.37,1861.53,1855.62,1858.45,1725.051306
1784404800000,1858.46,1863.46,1855.46,1857.12,1272.052458
1784408400000,1857.12,1863.29,1855.83,1860.86,999.410949
1784412000000,1860.85,1865.58,1859.9,1863.47,1525.104981
1784415600000,1863.43,1864.39,1859.79,1862.63,1160.745373
1784419200000,1862.64,1863.79,1859.26,1861.32,1198.547146
1784422800000,1861.34,1861.58,1858.39,1859.13,1559.622636
1784426400000,1858.96,1877.37,1858.19,1871.42,4984.507537
1784430000000,1871.43,1872.89,1863.74,1867.14,1447.18987
1784433600000,1867.23,1870.36,1864.23,1867.37,1023.245809
1784437200000,1867.37,1870.32,1865.63,1868.53,530.516949
1784440800000,1868.53,1871.52,1868.19,1869.26,790.409826
1784444400000,1869.26,1871.9,1867.03,1870.14,770.624471
1784448000000,1870.14,1875.33,1867.51,1873.65,1090.323123
1784451600000,1873.66,1874.03,1865.28,1866.32,1664.632813
1784455200000,1866.28,1879.99,1864.0,1872.39,2837.918221
1784458800000,1872.4,1879.0,1870.0,1871.31,1747.330265
1784462400000,1871.29,1874.39,1864.35,1870.48,2510.819204
1784466000000,1870.48,1873.92,1865.87,1871.76,1865.521645
1784469600000,1871.76,1879.94,1868.67,1874.8,2069.25106
1784473200000,1874.66,1876.23,1868.84,1870.94,1451.074563
1784476800000,1871.0,1873.6,1865.91,1866.7,1023.876572
1784480400000,1866.71,1874.04,1857.82,1867.32,2856.494042
1784484000000,1867.31,1867.83,1852.01,1861.07,3086.836108
1784487600000,1861.1,1862.89,1854.81,1862.4,578.016575
1784491200000,1862.41,1867.28,1862.22,1867.28,902.917773
1784494800000,1867.28,1868.52,1857.65,1861.99,1436.972073
1784498400000,1861.92,1877.09,1857.15,1870.61,3715.264172
1784502000000,1870.61,1875.37,1865.01,1872.19,2932.257664
1784505600000,1872.19,1892.0,1862.64,1872.21,7417.729279
1784509200000,1872.09,1889.98,1865.77,1869.47,5075.450594
1784512800000,1869.48,1883.33,1868.01,1878.94,2866.06638
1784516400000,1879.05,1882.32,1871.0,1879.94,1772.914488
1784520000000,1879.98,1880.0,1868.45,1868.86,1782.190214
1784523600000,1869.2,1869.88,1850.48,1855.4,4807.33721
1784527200000,1855.51,1859.97,1842.48,1849.62,5009.135728
1784530800000,1849.77,1865.45,1848.94,1863.88,3236.62987
1784534400000,1863.93,1868.33,1854.01,1860.67,4500.11872
1784538000000,1860.66,1867.37,1857.89,1864.19,1703.829589
1784541600000,1864.19,1872.53,1862.69,1869.0,2710.856001
1784545200000,1869.01,1896.56,1867.89,1893.22,9687.548006
1784548800000,1893.18,1893.97,1871.43,1873.37,5171.474955
1784552400000,1873.38,1880.53,1857.42,1862.57,9369.367252
1784556000000,1862.56,1871.99,1853.6,1868.23,3877.058446
1784559600000,1868.24,1905.0,1867.7,1902.48,11129.725695
1784563200000,1902.49,1907.0,1893.55,1899.37,6571.781079
1784566800000,1899.3,1909.67,1895.3,1907.84,5086.226453
1784570400000,1907.77,1918.0,1897.22,1899.5,7325.259839
1784574000000,1899.45,1901.15,1890.03,1898.31,2965.567212
1784577600000,1898.5,1906.54,1896.09,1904.79,1318.453265
1784581200000,1904.8,1907.57,1902.0,1902.31,1469.362988
1784584800000,1902.31,1902.57,1894.4,1895.71,1347.564645
1784588400000,1895.71,1905.35,1895.13,1904.66,982.059847
1784592000000,1904.61,1917.85,1900.62,1915.06,5171.384032
1784595600000,1915.0,1918.48,1907.0,1907.35,4674.640794
1784599200000,1907.53,1923.93,1904.55,1917.21,3779.959582
1784602800000,1917.13,1928.64,1916.74,1926.72,3739.857361
1784606400000,1926.71,1931.17,1922.26,1924.67,4361.756547
1784610000000,1924.63,1936.36,1921.88,1930.55,4001.736038
1784613600000,1930.54,1940.0,1927.78,1935.11,4749.152917
1784617200000,1935.1,1940.94,1933.1,1933.9,6496.868261
1784620800000,1933.86,1953.26,1931.62,1939.96,10771.043206
1784624400000,1939.93,1943.57,1936.46,1942.07,2750.426593
1784628000000,1942.08,1947.0,1931.92,1933.89,3854.004643
1784631600000,1933.89,1937.54,1926.75,1935.88,3168.310316
1784635200000,1935.89,1945.5,1933.02,1942.7,3918.647963
1784638800000,1942.63,1943.68,1927.23,1940.44,3961.502213
1784642400000,1940.46,1943.83,1927.7,1931.87,4311.068565
1784646000000,1931.82,1932.49,1923.41,1931.83,5202.601915
1784649600000,1931.79,1935.31,1921.52,1926.36,3084.029718
1784653200000,1926.35,1928.42,1910.64,1918.73,4241.359463
1784656800000,1918.71,1923.05,1915.0,1920.01,1734.35674
1784660400000,1920.01,1925.99,1918.29,1923.29,2012.539184
1784664000000,1923.25,1926.3,1921.51,1923.09,956.576342
1784667600000,1923.1,1926.5,1920.0,1924.17,2122.309766
1784671200000,1924.18,1924.18,1918.06,1920.83,2103.956671
1784674800000,1920.74,1931.9,1916.44,1930.2,2519.776811
1784678400000,1930.19,1944.18,1929.1,1939.07,4770.409257
1784682000000,1939.07,1940.57,1927.41,1933.44,3764.55483
1784685600000,1933.38,1936.17,1926.67,1930.02,3061.15089
1784689200000,1930.16,1935.82,1926.57,1928.46,1929.409074
1784692800000,1928.46,1939.18,1928.01,1936.45,2816.39496
1784696400000,1936.5,1936.92,1918.18,1919.56,5258.227557
1784700000000,1919.56,1921.2,1913.15,1917.43,3849.795706
1784703600000,1917.61,1919.05,1910.6,1914.34,4577.935995
1784707200000,1914.37,1925.34,1913.84,1921.11,2761.204835
1784710800000,1921.11,1926.78,1919.4,1924.48,2354.149092
1784714400000,1924.48,1933.54,1922.76,1930.63,3733.463278
1784718000000,1930.64,1931.68,1922.28,1927.36,1624.793581
1784721600000,1927.36,1927.37,1913.47,1917.14,2375.422721
1784725200000,1917.17,1942.64,1917.01,1939.9,6047.73572
1784728800000,1939.86,1956.27,1923.12,1933.0,9440.769977
1784732400000,1933.19,1952.17,1932.87,1942.69,6165.258493
1784736000000,1942.7,1957.1,1935.43,1949.73,8323.313359
1784739600000,1949.73,1950.0,1934.7,1938.51,2943.557036
1784743200000,1938.5,1939.99,1923.16,1930.62,4598.836862
1784746800000,1930.65,1932.16,1921.03,1924.98,2418.573914
1784750400000,1924.98,1930.34,1922.87,1926.83,2977.245516
1784754000000,1926.84,1939.74,1926.83,1938.8,2004.814033
1784757600000,1938.81,1939.4,1930.85,1938.4,1292.552622
1784761200000,1938.39,1938.57,1923.49,1934.3,3024.668469
1784764800000,1934.3,1941.56,1932.37,1932.46,2442.893305
1784768400000,1932.46,1936.75,1926.51,1928.35,3485.328175
1784772000000,1928.35,1929.62,1922.11,1927.63,2221.956568
1784775600000,1927.63,1928.02,1917.61,1920.61,2826.46656
1784779200000,1920.57,1926.15,1918.62,1919.84,1788.466341
1784782800000,1919.85,1928.88,1918.37,1922.83,2470.870924
1784786400000,1922.84,1926.79,1921.17,1925.4,1358.499361
1784790000000,1925.39,1925.39,1912.8,1915.79,4078.779621
1784793600000,1915.8,1927.31,1914.47,1926.5,2643.427694
1784797200000,1926.46,1931.5,1923.27,1924.15,3202.517315
1784800800000,1924.2,1930.39,1922.0,1928.02,1429.903147
1784804400000,1928.02,1929.15,1924.65,1925.76,1836.485614
1784808000000,1925.77,1927.74,1894.34,1904.52,11796.935732
1784811600000,1904.54,1908.98,1895.79,1898.64,8890.777805
1784815200000,1898.65,1907.3,1892.65,1896.53,6452.335448
1784818800000,1896.54,1897.99,1883.08,1895.38,9155.952866
1784822400000,1895.46,1895.59,1884.81,1888.06,4287.316949
1784826000000,1888.09,1892.3,1871.77,1878.42,4406.303008
1784829600000,1878.42,1884.52,1876.0,1881.18,2365.372704
1784833200000,1881.2,1883.5,1867.04,1875.4,2914.629241
1784836800000,1875.64,1889.16,1874.64,1885.99,2388.056066
1784840400000,1886.0,1889.16,1880.76,1882.59,1610.960364
1784844000000,1882.59,1883.95,1874.26,1883.37,2091.359994
1784847600000,1883.45,1884.59,1875.5,1878.27,1196.544383
1784851200000,1878.35,1878.99,1859.51,1871.43,5637.994576
1784854800000,1871.44,1877.64,1870.35,1872.78,1984.502817
1784858400000,1872.78,1878.34,1864.79,1869.61,2224.870844
1784862000000,1869.61,1881.45,1868.34,1880.74,2408.339784
1784865600000,1880.74,1882.0,1874.89,1876.35,1446.035206
1784869200000,1876.13,1882.14,1873.4,1880.96,2802.256884
1784872800000,1880.96,1888.39,1878.74,1887.94,2609.344046
1784876400000,1887.96,1909.68,1887.96,1896.06,12497.792709
1784880000000,1896.09,1896.3,1886.55,1888.25,2655.174335
1784883600000,1888.23,1889.57,1878.35,1888.12,3712.73698
1784887200000,1888.13,1888.74,1880.38,1883.64,1316.68824
1784890800000,1883.71,1884.5,1876.48,1883.85,3282.504341
1784894400000,1883.84,1886.0,1872.0,1872.63,3860.558831
1784898000000,1872.64,1875.34,1848.28,1858.06,14943.217229
1784901600000,1857.96,1863.5,1847.77,1862.81,8945.464505
1784905200000,1862.62,1869.32,1854.18,1861.94,7682.674812
1784908800000,1861.95,1866.17,1853.61,1857.51,3316.557873
1784912400000,1857.52,1866.56,1855.11,1866.56,2243.146764
1784916000000,1866.56,1866.79,1858.65,1862.71,1200.332121
1784919600000,1862.72,1864.82,1857.85,1863.91,1167.019192
1784923200000,1863.92,1865.44,1858.39,1860.95,1308.886575
1784926800000,1860.95,1861.9,1857.27,1857.67,1472.21701
1784930400000,1857.69,1861.62,1856.79,1859.57,991.489618
1784934000000,1859.57,1862.05,1859.0,1861.67,636.359571
1784937600000,1861.64,1864.85,1856.98,1860.29,1988.098899
1784941200000,1860.3,1863.65,1858.09,1860.09,1590.227505
1784944800000,1860.1,1861.71,1858.34,1859.52,722.167624
1784948400000,1859.52,1860.6,1855.88,1858.65,1162.811263
1784952000000,1858.73,1862.5,1858.52,1861.29,610.197577
1784955600000,1861.38,1862.95,1856.93,1858.57,1149.264128
1784959200000,1858.56,1860.3,1854.6,1858.63,1030.581996
1784962800000,1858.63,1858.74,1856.38,1856.4,2769.1942
1784966400000,1856.41,1856.41,1851.46,1853.69,1342.507591
1784970000000,1853.69,1858.99,1851.93,1858.44,656.470922
1784973600000,1858.44,1859.38,1856.86,1858.83,921.423701
1784977200000,1858.83,1860.13,1857.64,1857.84,513.594031
1784980800000,1857.84,1860.55,1857.05,1860.47,865.135812
1784984400000,1860.47,1872.4,1859.97,1867.34,2434.760335
1784988000000,1867.42,1869.3,1865.17,1868.84,860.82006
1784991600000,1868.84,1871.56,1867.1,1868.0,1050.256023
1784995200000,1868.01,1871.13,1864.65,1868.21,1356.664138
1784998800000,1868.21,1875.28,1868.19,1873.35,1660.402791
1785002400000,1873.35,1877.34,1872.56,1875.6,1645.502057
1785006000000,1875.61,1876.82,1874.35,1874.82,1100.064719
1785009600000,1874.83,1875.05,1870.76,1872.26,514.694192
1785013200000,1872.26,1875.63,1867.96,1872.63,1116.840741
1785016800000,1872.66,1876.95,1872.37,1875.95,559.641061
1785020400000,1875.98,1876.28,1873.41,1874.79,364.544083
1785024000000,1874.8,1881.72,1873.9,1881.13,1025.375858
1785027600000,1881.13,1882.31,1878.14,1878.84,777.575298
1785031200000,1878.85,1881.69,1876.97,1880.82,602.238065
1785034800000,1880.82,1884.34,1879.17,1882.42,876.1837
1785038400000,1882.42,1889.41,1880.4,1886.33,1688.023236
1785042000000,1886.34,1887.5,1882.42,1883.18,1173.494851
1785045600000,1883.28,1885.4,1878.44,1884.78,1188.5416
1785049200000,1884.9,1886.35,1880.36,1881.44,1547.556795
1785052800000,1881.61,1882.54,1878.83,1881.48,703.21149
1785056400000,1881.48,1885.79,1881.44,1883.86,603.564655
1785060000000,1883.88,1887.7,1882.34,1886.13,661.560475
1785063600000,1886.02,1887.71,1884.43,1885.72,910.453745
1785067200000,1885.72,1893.85,1885.42,1886.35,1755.239611
1785070800000,1886.35,1888.87,1881.99,1886.78,1589.345696
1785074400000,1886.78,1900.0,1886.64,1898.79,3550.857562
1785078000000,1898.79,1917.35,1898.01,1914.49,6901.485937
1785081600000,1914.59,1928.0,1908.74,1916.28,7397.476475
1785085200000,1916.17,1917.79,1911.1,1911.18,1891.16946
1785088800000,1911.23,1916.59,1911.12,1914.65,1002.550855
1785092400000,1914.66,1916.15,1912.1,1914.34,548.235073
1785096000000,1914.37,1914.83,1911.5,1913.69,664.778549
1785099600000,1913.69,1930.62,1913.68,1926.13,2906.078621
1785103200000,1926.15,1952.58,1926.15,1949.85,10710.873637
1785106800000,1949.84,1967.38,1945.31,1954.92,10921.511057
1785110400000,1954.93,1955.58,1939.54,1942.46,4731.18785
1785114000000,1942.47,1948.44,1936.41,1948.25,3533.546255
1785117600000,1948.3,1949.24,1941.84,1943.35,2744.576774
1785121200000,1943.36,1950.94,1942.74,1949.64,2019.926803
1785124800000,1949.64,1962.6,1948.64,1953.39,5416.387222
1785128400000,1953.51,1970.0,1952.64,1965.59,4792.112067
1785132000000,1965.59,1981.26,1963.67,1968.46,13709.524757
1785135600000,1968.45,1971.59,1960.99,1964.4,6222.587523
1785139200000,1964.45,1968.87,1961.85,1964.28,3595.9517
1785142800000,1964.18,1968.18,1956.7,1965.31,3878.855747
1785146400000,1965.2,1972.0,1963.76,1967.55,4357.087187
1785150000000,1967.55,1967.65,1958.3,1959.8,2748.461247
1785153600000,1959.81,1964.55,1943.0,1957.7,5924.277484
1785157200000,1957.65,1977.9,1950.7,1961.14,8960.665781
1785160800000,1961.15,1966.65,1918.8,1932.55,16695.408245
1785164400000,1932.58,1937.87,1924.78,1927.68,3851.630517
1785168000000,1927.88,1946.95,1922.8,1940.81,4400.460664
1785171600000,1940.69,1946.39,1935.32,1943.77,4601.732247
1785175200000,1943.72,1944.64,1929.29,1939.12,4165.824952
1785178800000,1939.3,1955.45,1937.6,1948.31,2896.531659
1785182400000,1948.46,1950.74,1943.47,1946.92,1070.984635
1785186000000,1946.91,1950.29,1940.35,1942.02,1316.225303
1785189600000,1942.04,1942.04,1892.12,1893.66,10387.899628
1785193200000,1893.67,1896.14,1882.27,1892.6,7869.117917
1785196800000,1892.57,1894.4,1876.9,1878.75,5544.606991
1785200400000,1878.68,1882.66,1866.59,1875.89,8057.932813
1785204000000,1875.91,1880.35,1872.39,1875.7,4845.727182
1785207600000,1875.67,1883.28,1872.81,1881.35,3037.88122
1785211200000,1881.33,1882.73,1876.45,1879.19,2237.650132
1785214800000,1879.2,1889.57,1878.36,1883.26,3086.584823
1785218400000,1883.26,1888.51,1878.57,1888.51,1990.148913
1785222000000,1888.51,1889.02,1880.66,1883.97,3719.417509
1785225600000,1883.97,1885.7,1880.3,1884.59,2312.280769
1785229200000,1884.58,1885.0,1874.66,1876.41,3786.334578
1785232800000,1876.41,1881.02,1873.74,1878.66,2618.067385
1785236400000,1878.67,1881.97,1872.0,1876.67,3785.117751
1785240000000,1876.68,1893.33,1874.48,1892.3,4895.748806
1785243600000,1892.3,1896.07,1856.94,1874.08,12701.83988
1785247200000,1873.94,1893.33,1867.44,1888.79,8770.995781
1785250800000,1888.8,1924.42,1884.41,1919.99,14016.530742
1785254400000,1920.0,1929.0,1914.5,1925.54,5788.443317
1785258000000,1925.62,1925.62,1892.98,1901.64,8725.585721
1785261600000,1901.67,1914.98,1901.27,1911.19,2422.086424
1785265200000,1911.23,1922.32,1911.11,1922.2,2308.720826
1785268800000,1922.2,1923.8,1916.31,1918.4,1711.479173
1785272400000,1918.39,1930.0,1918.28,1924.0,1608.734436
1785276000000,1924.02,1927.39,1910.06,1911.83,2165.207177
1785279600000,1911.8,1923.32,1904.11,1922.14,2849.783034
1785283200000,1922.01,1929.0,1916.87,1917.23,4338.591112
1785286800000,1917.21,1918.09,1904.9,1905.66,2774.945834
1785290400000,1905.48,1919.48,1901.08,1911.03,5643.907571
1785294000000,1911.02,1913.07,1891.16,1892.79,3402.469436
1785297600000,1892.86,1906.44,1884.11,1905.36,5209.05315
1785301200000,1905.5,1915.23,1903.61,1912.5,2453.588522
1785304800000,1912.5,1921.77,1908.93,1920.11,3271.348459
1785308400000,1920.13,1925.2,1913.98,1924.4,4641.935081
1785312000000,1924.49,1925.06,1911.92,1915.23,2135.132626
1785315600000,1915.14,1924.53,1914.91,1922.36,2009.185478
1785319200000,1922.21,1922.59,1910.25,1912.05,2552.101274
1785322800000,1912.02,1916.94,1910.2,1915.21,1319.430426
1785326400000,1915.2,1915.2,1903.0,1905.37,2326.905075
1785330000000,1905.35,1911.51,1895.29,1909.22,4639.465046
1785333600000,1909.23,1911.47,1891.33,1895.15,5855.830605
1785337200000,1895.31,1899.04,1887.45,1892.1,4642.732884
1785340800000,1892.1,1900.01,1887.8,1895.45,2811.076564
1785344400000,1895.5,1917.05,1894.66,1916.25,6083.60128
1785348000000,1916.25,1935.96,1894.43,1920.55,18384.347866
1785351600000,1920.58,1922.9,1884.0,1888.67,9991.660164
1785355200000,1888.8,1891.91,1878.38,1884.24,6556.021833
1785358800000,1884.21,1898.53,1874.0,1898.53,5641.45541
1785362400000,1898.53,1911.5,1898.16,1907.14,3938.998902
1785366000000,1907.15,1913.07,1902.53,1910.62,2342.28618
1785369600000,1910.61,1914.82,1894.0,1898.34,3348.930758
1785373200000,1898.36,1921.42,1897.45,1916.8,6439.275653
1785376800000,1916.85,1920.0,1910.45,1911.25,2380.493506
1785380400000,1911.27,1915.13,1907.0,1910.2,1562.194762
1785384000000,1910.27,1911.01,1901.58,1902.31,2366.014452
1785387600000,1902.31,1909.5,1900.38,1906.46,4484.186119
1785391200000,1906.41,1906.86,1899.76,1901.27,4034.989556
1785394800000,1901.26,1908.0,1900.46,1903.3,2355.149575
1785398400000,1903.48,1917.76,1900.47,1915.01,2536.862784
1785402000000,1915.03,1924.53,1914.08,1918.24,3163.090771
1785405600000,1918.24,1921.86,1916.46,1918.21,1695.979976
1785409200000,1918.2,1926.62,1916.42,1923.27,3008.731221
1785412800000,1923.15,1927.58,1920.0,1925.21,3089.602122
1785416400000,1925.21,1937.05,1917.23,1929.73,7185.424485
1785420000000,1929.71,1930.39,1913.68,1917.65,6108.437883
1785423600000,1917.7,1924.35,1914.9,1919.15,2028.677521
1785427200000,1919.03,1926.15,1916.3,1919.39,2063.792986
1785430800000,1919.43,1925.31,1916.32,1920.84,1297.219389
1785434400000,1920.84,1922.92,1914.98,1916.24,2475.021375
1785438000000,1916.25,1929.97,1916.05,1923.9,1929.416779
1785441600000,1923.91,1927.49,1920.12,1921.72,1616.968665
1785445200000,1921.73,1924.52,1917.49,1918.65,1097.032101
1785448800000,1918.65,1933.33,1916.33,1925.61,2953.543547
1785452400000,1925.61,1936.7,1918.1,1918.65,4894.960835
1785456000000,1918.66,1922.37,1915.2,1917.35,2917.568233
1785459600000,1917.03,1936.24,1907.0,1910.32,7836.426494
1785463200000,1910.36,1912.31,1901.92,1904.26,3320.964368
1785466800000,1904.26,1911.66,1899.22,1908.8,3242.656013
1785470400000,1908.8,1909.53,1903.37,1905.91,1261.347341
1785474000000,1905.92,1909.24,1901.62,1906.45,1397.553847
1785477600000,1906.45,1911.29,1900.35,1902.61,1652.590388
1785481200000,1902.6,1902.79,1884.41,1890.35,5934.055254
1785484800000,1890.34,1893.27,1888.47,1890.56,3312.531532
1785488400000,1890.57,1891.33,1881.48,1883.81,2652.037219
1785492000000,1883.86,1890.3,1877.9,1887.14,3236.059869
1785495600000,1887.14,1890.02,1882.52,1884.71,1235.739092
1785499200000,1884.67,1884.98,1873.49,1882.96,4051.267363
1785502800000,1882.96,1890.49,1865.0,1867.3,7864.857688
1785506400000,1867.21,1870.73,1848.73,1860.24,17768.316099
1785510000000,1860.24,1866.5,1854.86,1863.16,3735.28959
1785513600000,1863.16,1867.33,1861.04,1864.73,2014.973792
1785517200000,1864.72,1878.31,1863.54,1875.05,2579.314549
1785520800000,1875.04,1876.85,1865.01,1871.83,1616.18709
1785524400000,1871.82,1873.97,1865.53,1868.17,1540.586581
1785528000000,1868.41,1870.8,1861.63,1862.42,1529.835925
1785531600000,1862.42,1864.99,1859.54,1861.9,1300.849613
1785535200000,1861.91,1865.52,1858.7,1861.41,1288.245819
1785538800000,1861.41,1864.9,1861.17,1862.59,611.30485
1785542400000,1862.74,1867.68,1862.56,1864.85,873.445169
1785546000000,1864.86,1867.62,1864.85,1866.99,942.942306
1785549600000,1867.0,1869.94,1866.4,1868.32,1273.091898
1785553200000,1868.33,1869.98,1866.48,1869.97,642.029269
1785556800000,1869.98,1870.51,1868.02,1869.68,1424.830993
1785560400000,1869.69,1871.15,1865.39,1867.7,1804.100379
1785564000000,1867.71,1870.97,1866.41,1870.47,832.802834
1785567600000,1870.47,1871.9,1868.3,1870.08,2309.394125
1785571200000,1870.09,1870.3,1867.46,1869.21,1520.26314
1785574800000,1869.21,1870.79,1867.57,1867.92,626.831655
1785578400000,1867.96,1869.14,1863.15,1867.36,1235.236471
1785582000000,1867.4,1867.86,1866.0,1866.98,475.769525
1785585600000,1866.99,1870.0,1866.99,1869.01,754.821894
1785589200000,1869.01,1869.66,1867.42,1869.26,312.690421
1785592800000,1869.3,1875.3,1869.3,1874.98,1720.057817
1785596400000,1874.99,1875.7,1870.21,1870.21,646.713187
1785600000000,1870.21,1873.74,1866.54,1868.82,731.715627
1785603600000,1868.82,1870.26,1857.55,1862.08,2008.017962
1785607200000,1862.08,1862.88,1821.91,1836.7,15739.788837
1785610800000,1836.65,1840.54,1834.15,1837.05,2137.442598
1785614400000,1837.05,1840.47,1833.09,1838.3,1907.290598
1785618000000,1838.3,1845.87,1836.37,1845.81,2355.889766
1785621600000,1845.87,1849.19,1844.77,1847.41,903.314795
1785625200000,1847.42,1849.02,1843.0,1845.01,923.356632
1785628800000,1845.01,1849.73,1843.9,1846.73,1486.929147
1785632400000,1846.81,1859.5,1846.81,1856.98,3429.321816
1785636000000,1856.98,1884.56,1856.28,1876.97,7989.256662
1785639600000,1876.98,1880.22,1874.76,1877.63,2230.487533
1785643200000,1877.48,1882.48,1877.48,1881.05,1687.048749
1785646800000,1880.86,1882.5,1875.17,1876.39,1603.752226
1785650400000,1876.39,1879.4,1875.11,1877.59,1169.799129
1785654000000,1877.6,1878.79,1875.49,1875.99,831.834192
1785657600000,1875.99,1879.0,1867.09,1868.14,1552.719038
1785661200000,1868.14,1873.04,1862.61,1870.99,1069.182549
1785664800000,1870.99,1871.18,1865.5,1868.59,935.284835
1785668400000,1868.6,1869.76,1849.79,1852.73,4085.576606
1785672000000,1852.77,1860.76,1852.38,1856.96,1602.77416
1785675600000,1856.97,1858.28,1852.42,1855.05,1056.619302
1785679200000,1855.05,1859.86,1852.42,1855.0,1172.941234
1785682800000,1855.0,1863.59,1853.9,1858.72,1083.346276
1785686400000,1858.73,1866.1,1856.13,1863.28,1318.698585
1785690000000,1863.28,1870.49,1862.31,1868.84,1500.600033
1785693600000,1868.86,1887.58,1868.58,1876.02,5252.182065
1785697200000,1876.02,1884.0,1874.87,1882.34,1887.602612
1785700800000,1882.35,1885.68,1879.84,1883.73,966.783861
1785704400000,1883.73,1898.84,1882.09,1890.52,4264.159436
1785708000000,1890.52,1897.84,1880.13,1882.12,3848.265901
1785711600000,1882.11,1885.67,1876.61,1885.24,1690.219005
1785715200000,1885.25,1885.9,1871.35,1873.83,2198.804539
1785718800000,1873.92,1875.43,1866.0,1867.15,1893.577781
1785722400000,1867.15,1872.06,1862.91,1864.2,2247.635022
1785726000000,1864.19,1865.87,1851.4,1857.04,3075.814172
1785729600000,1857.04,1863.28,1854.78,1855.0,2371.931274
1785733200000,1855.01,1860.74,1853.74,1859.98,1261.816645
1785736800000,1859.93,1861.24,1846.66,1849.26,2946.317884
1785740400000,1849.26,1849.98,1840.21,1844.23,4839.68171
1785744000000,1844.22,1845.86,1828.81,1840.5,5391.615482
1785747600000,1840.5,1854.04,1839.31,1852.57,2647.491763
1785751200000,1852.57,1854.45,1841.12,1846.39,2397.805097
1785754800000,1846.4,1848.08,1838.61,1839.77,2461.746791
1785758400000,1839.78,1845.66,1836.71,1844.0,1999.290234
1785762000000,1844.0,1860.51,1838.58,1859.1,5356.853256
1785765600000,1859.2,1874.47,1851.52,1873.56,6683.030763
1785769200000,1873.56,1874.15,1860.44,1863.46,3953.23951
1785772800000,1863.47,1872.32,1861.68,1866.35,1846.784881
1785776400000,1866.36,1874.86,1863.48,1868.89,2111.129164
1785780000000,1868.77,1873.99,1866.71,1869.01,1359.331408
1785783600000,1869.01,1876.65,1868.25,1870.08,1170.140278
1785787200000,1870.08,1875.96,1866.72,1868.92,1680.459489
1785790800000,1868.92,1869.23,1863.51,1863.54,1306.769705
1785794400000,1863.54,1866.12,1852.0,1860.44,2423.775757
1785798000000,1860.44,1860.68,1856.3,1860.64,612.348967
1785801600000,1860.65,1863.23,1848.63,1851.46,2304.325323
1785805200000,1851.24,1869.62,1849.35,1867.62,2384.674149
1785808800000,1867.62,1872.2,1862.01,1866.08,1404.809198
1785812400000,1866.08,1867.13,1858.53,1864.32,1118.612895
1785816000000,1864.33,1874.85,1862.17,1868.11,1677.961243
1785819600000,1868.12,1870.93,1864.5,1864.68,820.428378
1785823200000,1864.69,1869.72,1854.89,1857.27,2879.541474
1785826800000,1857.28,1864.99,1853.67,1864.01,3111.518169
1785830400000,1864.01,1865.9,1856.79,1857.91,1576.758502
1785834000000,1857.91,1859.13,1854.09,1858.93,708.628311
1785837600000,1858.93,1872.84,1854.08,1866.89,1748.842135
1785841200000,1867.03,1874.73,1866.12,1872.68,1406.35323
1785844800000,1872.67,1882.0,1867.77,1875.17,2910.274355
1785848400000,1875.09,1877.6,1860.15,1861.98,4080.64046
1785852000000,1861.99,1875.56,1858.74,1873.14,3826.701685
1785855600000,1873.14,1877.96,1862.1,1873.08,3707.302087
1785859200000,1873.08,1874.21,1865.81,1869.93,1321.388262
1785862800000,1869.93,1877.68,1867.07,1869.65,1702.815228
1785866400000,1869.56,1880.8,1869.29,1875.24,2324.770282
1785870000000,1875.23,1882.24,1874.01,1875.08,1742.377871
1785873600000,1875.12,1879.7,1866.17,1876.52,1944.166881
1785877200000,1876.52,1876.61,1872.0,1872.22,2387.567006
1785880800000,1872.19,1876.92,1868.4,1875.79,1220.516288
1785884400000,1875.8,1881.5,1869.12,1869.83,1640.139314
1785888000000,1869.83,1873.76,1863.34,1864.06,1480.248901
1785891600000,1864.07,1874.46,1861.49,1873.43,938.586188
1785895200000,1873.41,1878.03,1872.27,1874.51,1373.099589
1785898800000,1874.51,1876.29,1864.16,1868.0,2323.349628
1785902400000,1868.03,1869.79,1865.05,1867.6,631.381602
1785906000000,1867.6,1877.93,1867.5,1873.36,1808.520579
1785909600000,1873.35,1873.76,1868.33,1869.93,773.68193
1785913200000,1870.0,1872.71,1863.32,1872.71,2527.914961
1785916800000,1872.7,1874.82,1867.91,1869.93,1337.000359
1785920400000,1869.94,1874.86,1868.86,1871.92,1329.638726
1785924000000,1871.93,1876.17,1865.81,1868.41,1585.123179
1785927600000,1868.44,1871.17,1867.28,1868.86,768.676113
1785931200000,1868.95,1885.29,1867.71,1876.1,3961.031425
1785934800000,1876.1,1879.59,1855.4,1878.66,7531.58265
1785938400000,1878.65,1883.0,1869.33,1875.84,3555.438184
1785942000000,1875.89,1882.6,1872.9,1873.71,2532.37994
1785945600000,1873.71,1897.31,1873.5,1895.81,6320.9734
1785949200000,1895.84,1917.99,1890.9,1917.03,9139.974584
1785952800000,1916.73,1928.1,1914.01,1918.11,10444.730684
1785956400000,1918.02,1921.23,1915.8,1917.02,2004.196045
1785960000000,1917.03,1924.76,1916.72,1917.1,2474.292991
1785963600000,1917.11,1917.54,1907.14,1908.78,2609.294567
1785967200000,1908.79,1913.51,1906.75,1907.03,1262.476429
1785970800000,1907.02,1912.45,1904.66,1909.18,1367.508316
1785974400000,1909.23,1913.99,1907.31,1910.45,1909.759411
1785978000000,1910.45,1911.32,1903.58,1906.94,1775.39451
1785981600000,1906.95,1910.99,1895.23,1899.35,4166.465282
1785985200000,1899.4,1899.68,1895.52,1898.91,1074.53254
1785988800000,1898.91,1908.31,1895.63,1907.82,2527.436314
1785992400000,1907.87,1918.61,1907.39,1914.29,3235.497545
1785996000000,1914.29,1914.79,1909.55,1913.69,1206.241546
1785999600000,1913.7,1915.35,1907.57,1909.27,2775.990471
1786003200000,1909.27,1920.0,1908.5,1916.39,2428.735235
1786006800000,1916.39,1916.93,1905.0,1907.97,2714.389778
1786010400000,1907.98,1907.98,1901.63,1902.79,1579.026099
1786014000000,1902.8,1909.28,1897.0,1907.79,4665.129786
1786017600000,1907.8,1908.19,1899.07,1899.14,2299.524775
1786021200000,1899.16,1911.41,1892.42,1907.43,4828.245403
1786024800000,1907.68,1918.7,1903.49,1914.97,4084.403324
1786028400000,1914.98,1919.8,1910.39,1910.86,3364.620281
1786032000000,1910.87,1916.77,1908.59,1915.64,1484.252754
1786035600000,1915.75,1918.51,1910.55,1914.06,1144.266925
1786039200000,1914.15,1914.4,1904.17,1906.17,1581.659902
1786042800000,1906.43,1911.21,1906.0,1909.94,703.156638
1786046400000,1909.84,1910.98,1906.03,1907.09,582.790517
1786050000000,1907.11,1909.75,1905.99,1906.26,906.634646
1786053600000,1906.27,1907.6,1902.56,1905.19,728.847576
1786057200000,1905.16,1905.94,1898.86,1904.13,1015.268514
1786060800000,1904.13,1905.57,1900.0,1903.95,902.02377
1786064400000,1903.98,1907.76,1899.14,1903.63,1224.968217
1786068000000,1903.6,1908.65,1897.78,1902.73,1763.624532
1786071600000,1902.83,1903.95,1896.3,1897.53,1361.033499
1786075200000,1897.54,1900.8,1894.54,1897.48,1451.617998
1786078800000,1897.49,1902.49,1895.57,1901.59,4677.211903
1786082400000,1901.6,1907.5,1900.2,1904.58,1759.951019
1786086000000,1904.57,1907.36,1902.44,1902.44,1212.13613
1786089600000,1902.44,1914.44,1901.9,1910.73,2537.025072
1786093200000,1910.74,1917.5,1910.45,1913.25,3135.622523
1786096800000,1913.21,1916.0,1912.53,1912.87,1372.800247
1786100400000,1912.89,1921.2,1912.64,1916.34,2193.814505
1786104000000,1916.35,1943.6,1916.35,1932.25,14344.267383
1786107600000,1932.25,1935.12,1921.76,1923.38,3993.175408
1786111200000,1923.38,1926.49,1910.71,1913.81,7798.688654
1786114800000,1914.0,1921.0,1913.11,1917.8,1746.711526
1786118400000,1918.0,1925.0,1909.69,1909.69,2860.901072
1786122000000,1909.69,1913.21,1905.3,1912.63,3423.950167
1786125600000,1912.54,1915.49,1906.38,1909.94,1014.854278
1786129200000,1909.95,1920.35,1909.95,1918.9,2611.809365
1786132800000,1918.84,1920.42,1914.37,1915.0,485.994911
1786136400000,1915.0,1929.41,1912.94,1916.74,6029.601037
1786140000000,1916.74,1916.78,1913.85,1915.1,608.810654
1786143600000,1915.1,1916.59,1914.07,1914.08,427.213133
1786147200000,1914.08,1914.99,1912.44,1914.46,618.282904
1786150800000,1914.51,1916.55,1914.13,1914.82,1003.408444
1786154400000,1914.82,1914.82,1912.44,1913.31,767.972236
1786158000000,1913.31,1919.4,1913.31,1918.05,737.557734
1786161600000,1918.05,1919.58,1916.42,1917.06,654.21672
1786165200000,1917.06,1918.98,1915.6,1917.55,598.151306
1786168800000,1917.56,1917.98,1916.27,1916.59,392.3138
1786172400000,1916.59,1916.95,1914.06,1915.21,465.574138
1786176000000,1915.22,1917.9,1914.77,1916.96,487.406004
1786179600000,1916.96,1923.3,1916.16,1918.9,1800.549114
1786183200000,1918.9,1922.75,1918.89,1921.09,702.900767
1786186800000,1921.09,1923.53,1919.08,1920.75,646.995379
1786190400000,1920.75,1922.59,1918.48,1919.17,731.431318
1786194000000,1919.17,1920.48,1918.51,1920.15,284.868933
1786197600000,1920.16,1926.58,1920.15,1923.76,1412.831281
1786201200000,1923.77,1924.4,1921.3,1922.61,660.689739
1786204800000,1922.61,1924.8,1921.48,1922.45,367.11411
1786208400000,1922.46,1926.26,1922.08,1923.81,546.625264
1786212000000,1923.81,1923.81,1919.71,1921.31,746.419413
1786215600000,1921.31,1921.85,1919.51,1920.59,550.571407
1786219200000,1920.59,1921.33,1919.86,1920.34,187.105196
1786222800000,1920.34,1922.62,1920.22,1920.95,407.414471
1786226400000,1920.96,1921.65,1916.33,1916.87,442.543889
1786230000000,1916.87,1919.15,1914.87,1917.07,497.458804
1786233600000,1917.08,1918.83,1916.37,1918.14,591.813464
1786237200000,1918.14,1920.41,1913.53,1916.37,1503.108342
1786240800000,1916.36,1917.09,1913.77,1915.02,419.050401
1786244400000,1915.02,1915.07,1912.41,1914.16,680.594704
1786248000000,1914.17,1916.17,1913.26,1913.5,703.092137
1786251600000,1913.5,1915.4,1913.2,1914.85,490.987219
1786255200000,1914.87,1919.65,1914.09,1919.38,1026.642742
1786258800000,1919.38,1919.38,1917.23,1919.0,735.958582
1786262400000,1919.0,1925.0,1914.08,1916.12,3169.779043
1786266000000,1916.12,1922.0,1913.61,1922.0,1241.551819
1786269600000,1921.64,1923.0,1919.24,1920.27,734.962392
1786273200000,1920.28,1921.61,1918.5,1919.23,513.01119
1786276800000,1919.24,1919.39,1916.39,1917.71,871.582733
1786280400000,1917.71,1926.0,1917.55,1923.48,2451.217768
1786284000000,1923.49,1926.58,1922.54,1925.09,1264.40206
1786287600000,1925.1,1927.24,1924.03,1926.39,1313.588994
1786291200000,1926.4,1927.08,1921.4,1924.13,703.635082
1786294800000,1924.13,1924.8,1923.07,1923.1,1261.058734
1786298400000,1923.1,1924.02,1920.33,1921.51,526.299993
1786302000000,1921.52,1922.67,1921.31,1922.12,325.192453
1786305600000,1922.11,1922.41,1918.08,1921.01,511.355292
1786309200000,1921.02,1926.8,1920.0,1924.73,851.32016
1786312800000,1924.74,1938.0,1915.12,1919.68,5508.33132
1786316400000,1919.62,1920.78,1907.64,1910.78,3378.459681
1786320000000,1910.77,1928.47,1906.24,1912.87,4485.598604
1786323600000,1912.87,1931.27,1908.0,1925.35,3739.55135
1786327200000,1925.36,1926.5,1913.09,1923.47,2437.141793
1786330800000,1923.46,1924.7,1913.8,1917.6,2185.076488
1786334400000,1917.56,1921.15,1912.63,1915.89,1317.133019
1786338000000,1915.89,1925.0,1915.26,1923.38,1596.683357
1786341600000,1923.38,1929.5,1923.1,1928.09,2387.144601
1786345200000,1928.1,1930.95,1924.78,1925.38,2403.590098
1786348800000,1925.38,1929.6,1923.3,1926.72,1655.202065
1786352400000,1926.71,1927.28,1916.05,1916.6,1729.970604
1786356000000,1916.6,1920.82,1916.29,1917.69,960.114078
1786359600000,1917.78,1921.3,1914.82,1920.47,1467.228435
1786363200000,1920.41,1923.29,1905.17,1906.12,4781.627449
1786366800000,1906.13,1910.69,1894.39,1897.73,11941.096881
1786370400000,1897.73,1902.84,1891.66,1893.64,6683.295812
1786374000000,1893.63,1893.63,1871.42,1877.09,11807.899936
1786377600000,1877.09,1878.93,1869.0,1872.47,5296.149591
1786381200000,1872.5,1877.37,1868.69,1873.85,2384.709632
1786384800000,1873.85,1875.41,1868.14,1872.87,2048.050853
1786388400000,1872.81,1880.59,1872.1,1878.54,1916.177835
1786392000000,1878.67,1881.36,1877.68,1879.87,865.171124
1786395600000,1879.88,1879.88,1873.51,1874.52,1308.863215
1786399200000,1874.52,1878.32,1872.2,1876.36,1027.19162
1786402800000,1876.36,1876.36,1870.33,1873.19,1375.508023
1786406400000,1873.19,1876.14,1870.92,1875.36,1014.2901
1786410000000,1875.35,1878.73,1873.63,1878.13,1528.347159
1786413600000,1878.04,1879.72,1877.31,1878.69,1169.127344
1786417200000,1878.7,1881.74,1878.7,1880.99,815.124857
1786420800000,1880.99,1881.99,1876.15,1876.16,1202.629784
1786424400000,1876.16,1877.11,1872.24,1874.26,1090.317691
1786428000000,1874.19,1875.36,1871.37,1874.51,1490.729312
1786431600000,1874.5,1879.61,1870.77,1878.1,3176.88341
1786435200000,1878.1,1880.52,1875.6,1879.31,932.720716
1786438800000,1879.3,1885.45,1877.51,1885.4,1591.866857
1786442400000,1885.43,1889.0,1882.82,1886.32,2982.872848
1786446000000,1886.32,1895.61,1886.26,1893.15,3402.934736
1786449600000,1893.16,1897.99,1887.4,1887.88,2858.369213
1786453200000,1887.83,1892.67,1883.29,1890.24,2433.491762
1786456800000,1890.11,1891.7,1870.33,1873.67,4502.974603
1786460400000,1873.66,1877.88,1853.76,1862.75,9418.193508
1786464000000,1862.9,1867.24,1859.85,1865.0,4118.117046
1786467600000,1864.9,1868.11,1863.01,1864.77,935.4771
1786471200000,1864.77,1866.82,1860.0,1866.0,1106.845984
1786474800000,1866.0,1884.8,1862.83,1881.66,2577.988295
1786478400000,1881.99,1885.44,1879.0,1882.39,1349.580258
1786482000000,1882.38,1885.47,1880.39,1884.66,1560.383681
1786485600000,1884.66,1887.56,1879.54,1882.26,1307.294333
1786489200000,1882.27,1884.5,1878.67,1882.73,834.017999
1786492800000,1882.71,1883.54,1880.65,1882.48,845.194296
1786496400000,1882.49,1886.62,1881.05,1884.69,1561.10087
1786500000000,1884.69,1887.96,1883.54,1884.46,1299.442958
1786503600000,1884.47,1887.47,1882.88,1886.66,803.627411
1786507200000,1886.67,1893.27,1885.46,1889.48,1928.381107
1786510800000,1889.49,1892.46,1886.6,1891.77,1387.678115
1786514400000,1891.71,1891.71,1885.47,1887.73,901.112023
1786518000000,1887.87,1891.82,1886.02,1891.7,1434.624787
1786521600000,1891.71,1895.99,1890.54,1890.86,1990.501277
1786525200000,1890.86,1909.58,1889.9,1905.83,5827.033091
1786528800000,1905.84,1915.38,1905.78,1909.23,3956.773252
1786532400000,1909.22,1916.0,1907.36,1915.72,2332.370094
1786536000000,1915.7,1925.01,1905.71,1911.28,10067.813567
1786539600000,1911.29,1912.53,1900.09,1901.15,3858.333219
1786543200000,1901.08,1903.51,1885.12,1887.85,6682.219792
1786546800000,1887.85,1896.35,1884.52,1892.81,2071.644735
1786550400000,1892.81,1895.74,1889.26,1890.71,1237.383297
1786554000000,1890.71,1891.92,1885.04,1888.18,1970.756094
1786557600000,1888.17,1891.4,1885.59,1885.62,1333.90689
1786561200000,1885.63,1886.98,1878.05,1879.7,2820.695092
1786564800000,1879.4,1887.82,1877.86,1886.83,1532.356652
1786568400000,1886.83,1889.54,1873.67,1878.17,3001.964625
1786572000000,1878.18,1881.4,1876.0,1878.59,842.812804
1786575600000,1878.57,1880.37,1875.0,1879.88,1209.327489
1786579200000,1879.88,1885.42,1877.39,1880.24,1618.63245
1786582800000,1880.24,1883.0,1875.17,1878.21,1416.236287
1786586400000,1878.2,1883.33,1873.38,1881.91,1744.967812
1786590000000,1881.9,1888.77,1881.78,1887.55,2168.215947
1786593600000,1887.53,1895.0,1885.58,1892.42,2095.505056
1786597200000,1892.43,1900.0,1891.75,1895.77,2289.990069
1786600800000,1895.77,1898.5,1891.94,1898.5,1313.844562
1786604400000,1898.5,1898.78,1895.14,1895.47,791.514384
1786608000000,1895.48,1897.06,1888.18,1889.9,2436.524717
1786611600000,1889.9,1890.59,1881.49,1889.66,1780.456392
1786615200000,1889.66,1890.4,1882.31,1883.32,2358.502886
1786618800000,1883.33,1883.86,1875.58,1880.4,1798.003211
1786622400000,1880.4,1890.08,1879.04,1888.93,2161.417022
1786626000000,1888.93,1895.5,1887.01,1890.4,2096.974157
1786629600000,1890.5,1897.65,1888.66,1893.36,1794.052997
1786633200000,1893.37,1896.0,1880.1,1880.22,2404.445668
1786636800000,1880.23,1884.92,1863.69,1874.94,8908.998771
1786640400000,1874.96,1881.1,1873.63,1876.98,1519.623861
1786644000000,1876.97,1887.5,1876.5,1885.58,1115.515401
1786647600000,1885.56,1892.66,1885.19,1887.4,1996.403889
1786651200000,1887.43,1889.76,1885.43,1886.42,943.388051
1786654800000,1886.43,1889.58,1886.11,1888.88,582.360439
1786658400000,1888.93,1893.44,1888.75,1889.44,1457.846172
1786662000000,1889.45,1889.56,1884.5,1886.38,785.522809
1786665600000,1886.39,1889.5,1883.77,1889.44,708.835435
1786669200000,1889.39,1890.33,1885.04,1889.56,809.75672
1786672800000,1889.57,1891.42,1886.04,1886.74,724.850665
1786676400000,1886.74,1889.25,1882.22,1883.11,1198.884484
1786680000000,1883.12,1888.05,1882.15,1885.03,617.354917
1786683600000,1885.03,1885.68,1880.8,1884.21,1133.481606
1786687200000,1884.21,1884.21,1872.76,1873.0,2133.148277
1786690800000,1873.0,1878.82,1872.49,1873.38,3205.995628
1786694400000,1873.38,1878.87,1869.56,1878.87,2899.812931
1786698000000,1878.88,1878.94,1871.43,1873.25,1671.639036
1786701600000,1873.26,1878.31,1872.34,1875.98,1611.042606
1786705200000,1876.0,1881.4,1875.12,1878.19,1654.878599
1786708800000,1878.21,1879.56,1873.0,1873.31,2228.851669
1786712400000,1873.49,1873.96,1866.5,1870.25,4698.955265
1786716000000,1870.12,1873.47,1864.32,1866.9,4740.331122
1786719600000,1866.9,1884.54,1866.1,1881.41,4618.81953
1786723200000,1881.4,1888.25,1879.37,1885.47,2846.059484
1786726800000,1885.51,1888.0,1876.64,1878.62,2712.308068
1786730400000,1878.63,1878.98,1873.77,1875.7,1917.921752
1786734000000,1875.71,1881.95,1873.81,1880.87,1542.477348
1786737600000,1880.77,1881.87,1878.72,1880.51,761.059822
1786741200000,1880.51,1881.39,1877.32,1879.42,740.725096
1786744800000,1879.43,1881.11,1876.0,1879.61,474.378485
1786748400000,1879.61,1882.62,1878.66,1882.15,811.472267
1786752000000,1882.15,1883.43,1881.69,1882.44,837.408092
1786755600000,1882.44,1884.57,1881.03,1884.05,775.422423
1786759200000,1884.06,1885.8,1884.06,1884.99,683.804288
1786762800000,1884.99,1886.6,1882.82,1882.82,848.875369
1786766400000,1882.83,1885.77,1882.83,1884.4,502.202471
1786770000000,1884.4,1885.31,1880.0,1880.84,857.472257
1786773600000,1880.84,1883.72,1879.99,1882.25,572.213995
1786777200000,1882.26,1882.51,1880.2,1880.54,828.985999
1786780800000,1880.55,1881.61,1876.66,1877.11,625.515553
1786784400000,1877.11,1881.42,1875.81,1880.54,722.251373
1786788000000,1880.56,1881.49,1878.28,1881.0,402.221809
1786791600000,1880.93,1881.36,1879.19,1879.34,378.452913
1786795200000,1879.34,1884.0,1878.24,1883.85,700.41597
1786798800000,1883.84,1885.0,1882.33,1883.67,965.014113
1786802400000,1883.67,1884.7,1881.51,1883.51,529.806342
1786806000000,1883.51,1885.94,1883.06,1884.94,513.694279
1786809600000,1884.94,1885.84,1883.85,1884.86,541.340898
1786813200000,1884.86,1886.48,1882.9,1884.5,586.748012
1786816800000,1884.51,1885.99,1882.64,1882.74,507.67897
1786820400000,1882.75,1885.05,1882.73,1884.66,377.842829
1786824000000,1884.67,1884.67,1882.81,1883.38,487.15175
1786827600000,1883.38,1885.57,1883.37,1885.08,433.574708
1786831200000,1885.09,1885.83,1884.28,1884.58,321.32309
1786834800000,1884.59,1884.64,1881.64,1882.89,529.371335
1786838400000,1882.9,1883.46,1881.82,1882.65,364.134965
1786842000000,1882.65,1882.65,1877.24,1880.64,651.300542
1786845600000,1880.66,1885.25,1879.08,1883.68,772.758517
1786849200000,1883.68,1884.32,1883.08,1883.28,245.980254
1786852800000,1883.29,1884.59,1880.79,1881.81,350.956656
1786856400000,1881.81,1882.11,1879.4,1879.9,506.357993
1786860000000,1879.92,1881.83,1879.0,1880.72,534.712115
1786863600000,1880.73,1881.92,1880.0,1881.56,256.204793
1786867200000,1881.56,1881.56,1880.52,1880.98,274.300014
1786870800000,1881.0,1882.39,1879.23,1880.31,560.129768
1786874400000,1880.32,1881.22,1879.74,1880.88,373.946077
1786878000000,1880.88,1881.33,1880.1,1880.87,805.743528
1786881600000,1880.87,1880.88,1879.3,1879.88,259.94033
1786885200000,1879.88,1882.0,1879.87,1881.77,583.560577
1786888800000,1881.78,1884.35,1881.77,1883.41,693.526778
1786892400000,1883.42,1884.9,1882.31,1883.99,734.442041
1786896000000,1884.0,1892.3,1884.0,1889.35,2300.10586
1786899600000,1889.35,1891.02,1883.93,1885.3,677.042283
1786903200000,1885.29,1886.59,1882.5,1885.59,444.929396
1786906800000,1885.6,1888.86,1884.5,1885.93,426.292834
1786910400000,1885.94,1887.59,1881.6,1882.06,443.826192
1786914000000,1882.1,1883.03,1869.82,1875.59,3083.996201
1786917600000,1875.6,1878.32,1869.41,1876.22,1282.338458
1786921200000,1876.3,1877.65,1873.61,1876.17,1429.983625
1786924800000,1876.26,1880.32,1872.61,1878.97,1556.423918
1786928400000,1878.96,1897.1,1878.18,1891.55,4979.552871
1786932000000,1891.56,1908.33,1888.62,1902.57,4516.342201
1786935600000,1902.59,1904.76,1898.0,1900.94,2015.91064
1786939200000,1900.95,1904.9,1900.95,1903.32,2402.150603
1786942800000,1903.38,1904.1,1898.2,1899.59,1662.259959
1786946400000,1899.57,1912.49,1897.99,1906.96,3275.539938
1786950000000,1906.97,1907.83,1900.57,1900.77,3539.318902
1786953600000,1900.74,1901.63,1891.61,1894.4,2994.152292
1786957200000,1894.41,1897.7,1893.12,1893.93,1507.748508
1786960800000,1893.93,1909.57,1892.29,1907.01,3887.63059
1786964400000,1907.0,1908.6,1903.91,1904.42,1096.637369
1786968000000,1904.42,1906.63,1896.85,1899.09,3043.563701
1786971600000,1899.09,1909.39,1895.82,1904.88,2893.156532
1786975200000,1904.94,1910.68,1898.52,1909.58,2279.956054
1786978800000,1909.6,1916.07,1904.54,1913.26,4061.514487
1786982400000,1913.26,1914.11,1905.5,1907.17,2176.508474
1786986000000,1907.17,1914.2,1904.46,1908.89,1625.56319
1786989600000,1908.88,1912.87,1907.19,1910.17,2045.048221
1786993200000,1910.17,1911.1,1906.64,1907.38,1630.010055
1786996800000,1907.37,1910.72,1905.09,1906.82,1720.295591
1787000400000,1906.82,1908.81,1906.01,1906.37,647.838622
1787004000000,1906.44,1908.0,1903.49,1904.48,645.159563
1787007600000,1904.51,1918.67,1904.01,1913.66,2866.431891
1787011200000,1913.66,1914.94,1908.77,1910.23,1334.740577
1787014800000,1910.26,1910.52,1900.0,1901.68,1926.256478
1787018400000,1901.67,1903.74,1889.34,1893.26,4719.246226
1787022000000,1893.27,1895.61,1885.84,1894.7,3412.277508
1787025600000,1894.7,1897.77,1891.5,1896.73,923.14062
1787029200000,1896.74,1898.95,1892.59,1895.6,2129.174909
1787032800000,1895.59,1906.8,1893.53,1902.82,2508.788182
1787036400000,1902.82,1903.19,1897.22,1898.57,1591.236314
1787040000000,1898.57,1902.07,1893.64,1900.48,2065.329673
1787043600000,1900.48,1900.48,1895.66,1896.87,1237.448266
1787047200000,1896.87,1899.2,1895.25,1898.11,656.218485
1787050800000,1898.1,1905.74,1897.72,1903.22,1189.225598
1787054400000,1903.22,1904.18,1899.04,1899.47,732.976046
1787058000000,1899.48,1900.27,1894.13,1898.06,2408.098686
1787061600000,1898.05,1923.23,1897.37,1911.2,10268.717512
1787065200000,1911.29,1919.51,1908.42,1917.79,5392.86894
1787068800000,1917.8,1922.21,1912.55,1918.49,2842.89132
1787072400000,1918.49,1918.79,1911.41,1911.42,2568.966105
1787076000000,1911.41,1917.54,1910.8,1916.57,931.716709
1787079600000,1916.56,1917.56,1913.03,1913.44,820.561599
1787083200000,1913.49,1915.81,1911.85,1912.86,1533.18674
1787086800000,1912.87,1914.98,1911.22,1912.21,644.904686
1787090400000,1912.22,1915.47,1911.88,1913.65,1090.338818
1787094000000,1913.66,1920.29,1913.05,1917.88,1394.444036
1787097600000,1917.88,1919.08,1911.95,1913.52,1737.642949
1787101200000,1913.52,1918.22,1912.41,1913.73,1880.421046
1787104800000,1913.77,1914.14,1907.34,1907.93,1964.266305
1787108400000,1907.94,1915.58,1906.09,1912.22,1930.781533
1787112000000,1912.21,1914.63,1910.36,1910.84,1113.900956
1787115600000,1910.77,1913.99,1910.0,1910.31,1019.308808
1787119200000,1910.31,1917.52,1906.51,1917.52,2158.462798
1787122800000,1917.52,1921.37,1915.45,1915.84,3869.685116
1787126400000,1915.85,1929.95,1915.25,1921.57,3575.146734
1787130000000,1921.58,1923.99,1918.3,1919.36,1148.145958
1787133600000,1919.37,1920.34,1917.56,1920.34,710.576694
1787137200000,1920.34,1926.21,1919.92,1923.03,1182.285315
1787140800000,1923.04,1943.12,1922.4,1937.31,7081.369768
1787144400000,1937.21,1941.6,1928.34,1932.8,5529.273052
1787148000000,1932.88,1980.0,1932.88,1970.72,17862.779825
1787151600000,1970.72,2119.65,1967.37,2085.9,93444.987845
1787155200000,2085.74,2107.95,2082.38,2089.5,24725.164705
1787158800000,2089.51,2092.95,2067.8,2090.86,11106.658308
1787162400000,2090.86,2092.72,2079.01,2091.79,5096.992157
1787166000000,2091.74,2105.52,2089.09,2101.82,6982.428935
1787169600000,2101.74,2245.28,2101.74,2218.36,46674.054511
1787173200000,2218.68,2335.0,2216.44,2286.37,71349.420393
1787176800000,2286.38,2290.32,2241.39,2250.0,18139.405564
1787180400000,2250.25,2262.0,2243.23,2252.67,10066.744867
1787184000000,2252.67,2273.66,2251.73,2262.4,11684.180549
1787187600000,2262.52,2270.64,2250.0,2266.56,6780.922578
1787191200000,2266.61,2270.63,2250.0,2251.9,4114.737423
1787194800000,2251.98,2257.92,2222.83,2251.35,10538.950886
1787198400000,2251.35,2258.46,2248.43,2250.11,3036.862245
1787202000000,2250.11,2256.83,2243.75,2248.26,3592.642588
1787205600000,2248.44,2267.32,2238.96,2262.7,8975.152728
1787209200000,2262.64,2263.98,2244.5,2251.72,7953.553461
1787212800000,2251.73,2286.64,2249.04,2282.34,14355.557357
1787216400000,2282.39,2298.49,2275.54,2279.0,12888.297511
1787220000000,2279.0,2295.68,2275.75,2287.06,5502.465392
1787223600000,2286.95,2319.19,2282.28,2296.43,13761.786231
1787227200000,2296.34,2300.57,2267.77,2290.31,13755.933437
1787230800000,2290.33,2298.08,2256.0,2276.77,14874.225058
1787234400000,2276.45,2289.06,2271.47,2281.18,4805.800562
1787238000000,2281.19,2337.94,2281.19,2325.77,20652.939571
1787241600000,2325.77,2359.45,2314.07,2344.44,15966.507462
1787245200000,2344.43,2351.16,2332.37,2343.98,7136.794564
1787248800000,2343.97,2347.67,2310.01,2315.9,10444.241945
1787252400000,2315.89,2332.35,2311.77,2323.72,4095.85068
1787256000000,2323.75,2331.42,2313.67,2318.33,3141.686436
1787259600000,2318.34,2325.68,2313.41,2318.71,2426.089398
1787263200000,2318.72,2319.19,2307.17,2314.32,2911.582381
1787266800000,2314.32,2340.49,2312.89,2326.96,3258.083954
1787270400000,2326.82,2351.42,2325.0,2340.59,8594.031918
1787274000000,2340.49,2381.76,2338.0,2359.24,17818.096253
1787277600000,2359.39,2364.99,2343.31,2345.63,7996.244329
1787281200000,2345.67,2354.51,2337.06,2341.05,4076.373143
1787284800000,2341.06,2355.87,2341.06,2354.47,2742.199634
1787288400000,2354.48,2368.64,2349.45,2368.32,4941.859937
1787292000000,2368.33,2382.49,2355.24,2372.53,8499.286887
1787295600000,2372.33,2398.82,2368.56,2371.84,23685.509672
1787299200000,2371.73,2448.12,2370.24,2444.52,31269.968779
1787302800000,2444.52,2446.52,2375.32,2403.88,34105.479782
1787306400000,2404.05,2411.49,2390.1,2395.35,6141.196241
1787310000000,2395.34,2399.0,2357.01,2370.62,13704.00759
1787313600000,2370.49,2397.53,2365.39,2388.96,11823.223289
1787317200000,2388.96,2406.36,2368.07,2387.34,12970.964771
1787320800000,2387.36,2397.65,2368.26,2393.5,12050.72644
1787324400000,2393.48,2408.16,2391.21,2393.53,7909.014622
1787328000000,2393.37,2412.71,2382.74,2405.81,5978.623676
1787331600000,2405.9,2427.73,2401.49,2423.52,11052.255721
1787335200000,2423.53,2431.99,2395.74,2420.51,8654.346695
1787338800000,2420.18,2420.87,2407.28,2413.29,3285.527814
1787342400000,2413.43,2447.24,2408.61,2440.87,7364.129534
1787346000000,2440.81,2521.99,2434.48,2513.24,33256.336823
1787349600000,2513.23,2547.28,2507.19,2521.76,21813.813062
1787353200000,2521.8,2546.25,2509.05,2515.91,11690.275503
1787356800000,2516.07,2523.05,2491.22,2522.2,9051.688782
1787360400000,2522.19,2528.59,2506.68,2506.68,5937.405226
1787364000000,2506.68,2522.78,2496.0,2515.99,6887.720037
1787367600000,2515.99,2527.21,2512.47,2514.91,6012.320755
1787371200000,2515.0,2529.9,2506.27,2514.49,8550.886403
1787374800000,2514.37,2518.42,2384.0,2440.26,55513.760397
1787378400000,2440.09,2443.75,2412.49,2437.88,8089.394349
1787382000000,2437.89,2447.53,2426.67,2432.75,7764.08503
1787385600000,2432.85,2440.96,2412.18,2425.66,5649.943913
1787389200000,2425.69,2429.17,2412.81,2421.94,4759.987629
1787392800000,2421.95,2422.88,2388.0,2412.77,15334.974619
1787396400000,2412.77,2426.8,2405.35,2423.89,3428.534019
1787400000000,2423.92,2437.88,2419.07,2428.15,3486.346277
1787403600000,2428.14,2433.32,2421.35,2430.15,2044.009107
1787407200000,2430.24,2431.76,2409.33,2413.66,4497.421712
1787410800000,2413.79,2416.59,2405.72,2410.95,3519.368536
1787414400000,2411.0,2429.79,2409.19,2422.76,5505.839535
1787418000000,2422.75,2431.69,2417.23,2426.67,3157.526287
1787421600000,2426.66,2434.63,2421.7,2427.31,4697.966439
1787425200000,2427.29,2444.72,2424.01,2439.14,1851.552891
1787428800000,2439.15,2443.6,2429.45,2431.96,4210.183764
1787432400000,2431.96,2432.2,2403.3,2407.43,6807.649157
1787436000000,2407.43,2425.33,2404.47,2414.27,3093.481762
1787439600000,2414.28,2426.99,2410.96,2422.86,1608.158292
1787443200000,2422.57,2435.7,2419.77,2430.92,3201.360719
1787446800000,2430.95,2433.32,2420.42,2423.07,2583.799301
1787450400000,2423.21,2424.54,2407.44,2417.38,2705.175269
1787454000000,2417.3,2419.15,2408.22,2413.99,2950.146225
1787457600000,2414.0,2417.14,2372.47,2378.77,13881.307175
1787461200000,2378.76,2387.06,2356.19,2373.2,12137.284787
1787464800000,2373.32,2396.9,2370.08,2389.79,5069.102927
1787468400000,2389.79,2397.2,2385.72,2388.44,2200.777291
1787472000000,2388.79,2426.0,2386.4,2412.5,7187.941997
1787475600000,2412.5,2416.24,2404.65,2411.19,3300.359678
1787479200000,2411.09,2421.53,2410.71,2415.11,2069.550542
1787482800000,2415.11,2438.37,2414.68,2433.6,4408.6026
1787486400000,2433.6,2433.73,2418.87,2426.89,2121.797963
1787490000000,2426.89,2483.94,2426.87,2459.42,12471.764212
1787493600000,2459.42,2468.85,2388.03,2438.67,14905.414064
1787497200000,2438.97,2452.7,2421.67,2438.59,4838.670117
1787500800000,2438.87,2459.19,2438.84,2451.01,5590.268004
1787504400000,2451.0,2454.59,2431.58,2440.33,9679.178641
1787508000000,2440.36,2449.51,2434.96,2448.9,5926.739638
1787511600000,2448.89,2454.59,2437.26,2444.81,3729.404817
1787515200000,2444.81,2450.87,2436.41,2450.59,3487.311503
1787518800000,2450.59,2484.93,2450.58,2469.96,8342.767648
1787522400000,2469.96,2474.94,2452.01,2455.14,4199.091647
1787526000000,2455.15,2470.75,2441.33,2463.43,6739.953049
1787529600000,2463.42,2465.9,2442.0,2465.37,9543.699796
1787533200000,2465.4,2466.75,2427.24,2429.48,5429.504859
1787536800000,2429.55,2451.51,2424.23,2443.68,3696.915527
1787540400000,2443.93,2445.26,2426.5,2430.76,2881.452049
1787544000000,2430.67,2446.74,2428.4,2438.18,4348.872866
1787547600000,2438.18,2459.86,2433.71,2449.04,6115.63834
1787551200000,2448.98,2464.07,2444.36,2456.67,4478.707651
1787554800000,2456.61,2474.18,2452.31,2454.62,5820.57474
1787558400000,2454.76,2459.41,2436.37,2454.51,4475.915698
1787562000000,2454.51,2465.18,2453.42,2462.99,2717.928003
1787565600000,2463.0,2490.0,2461.76,2465.27,8454.010557
1787569200000,2465.21,2508.68,2454.54,2494.07,9928.468873
1787572800000,2494.07,2518.59,2474.76,2512.99,10562.672259
1787576400000,2512.91,2519.91,2476.11,2493.71,14765.345654
1787580000000,2493.5,2532.0,2491.43,2515.93,19461.073059
1787583600000,2516.04,2533.33,2479.37,2487.87,14076.36683
1787587200000,2487.87,2506.52,2468.81,2478.19,9717.847834
1787590800000,2478.13,2484.19,2455.0,2468.93,9792.10282
1787594400000,2469.21,2483.33,2467.19,2474.15,4512.776085
1787598000000,2474.24,2477.81,2461.91,2471.09,3766.250733
1787601600000,2471.4,2479.21,2465.54,2475.72,2055.048311
1787605200000,2475.32,2489.0,2475.32,2483.79,2751.067747
1787608800000,2483.8,2485.67,2472.6,2474.38,1934.78924
1787612400000,2474.39,2487.13,2470.81,2482.2,2060.613757
1787616000000,2482.03,2504.99,2472.36,2493.59,5227.592324
1787619600000,2493.55,2504.57,2484.82,2495.76,4429.205292
1787623200000,2495.8,2533.0,2492.54,2507.65,15764.009453
1787626800000,2507.84,2514.58,2489.09,2499.07,5896.268017
1787630400000,2499.1,2503.97,2488.88,2494.78,4656.412323
1787634000000,2494.76,2511.81,2493.74,2508.8,3820.970962
1787637600000,2508.83,2515.38,2496.5,2501.12,4133.331948
1787641200000,2501.13,2512.99,2464.25,2479.3,7853.067793
1787644800000,2479.29,2498.21,2474.7,2484.95,4880.805753
1787648400000,2485.0,2492.6,2463.55,2474.73,4447.162234
1787652000000,2474.73,2486.16,2469.64,2482.06,2139.842363
1787655600000,2482.04,2486.3,2474.6,2477.96,2100.942086
1787659200000,2478.0,2481.4,2458.19,2473.58,5769.876612
1787662800000,2473.72,2477.14,2439.87,2461.14,12335.273793
1787666400000,2460.91,2484.24,2454.48,2477.0,7005.199034
1787670000000,2477.01,2483.97,2466.26,2482.94,4180.837187
1787673600000,2482.83,2485.64,2467.08,2470.79,2780.986182
1787677200000,2470.63,2471.55,2456.0,2471.2,3699.511106
1787680800000,2471.19,2474.99,2464.39,2467.45,2493.652684
1787684400000,2467.46,2470.16,2455.39,2463.3,3769.007833
1787688000000,2463.45,2464.22,2433.26,2436.5,5829.39993
1787691600000,2436.6,2444.03,2414.92,2441.99,10497.093558
1787695200000,2442.0,2455.69,2442.0,2453.72,2850.252281
1787698800000,2453.74,2456.77,2437.02,2442.6,2590.021709
1787702400000,2442.67,2450.39,2435.79,2446.47,2280.608619
1787706000000,2446.43,2462.5,2445.07,2456.1,3116.399825
1787709600000,2456.11,2470.0,2454.09,2465.25,2636.609851
1787713200000,2465.25,2468.19,2458.72,2465.74,1692.256921
1787716800000,2465.75,2472.67,2455.7,2456.97,4529.580155
1787720400000,2456.97,2468.18,2451.53,2465.0,3013.631561
1787724000000,2464.78,2467.71,2453.67,2459.84,2287.174422
1787727600000,2459.93,2468.51,2457.41,2461.81,1768.046383
1787731200000,2461.81,2469.51,2453.68,2456.46,1832.168387
1787734800000,2456.47,2461.0,2443.0,2447.96,2812.749257
1787738400000,2447.85,2475.85,2444.68,2468.75,5060.879669
1787742000000,2468.9,2473.24,2456.44,2463.12,3377.98959
1787745600000,2463.25,2472.17,2445.0,2455.22,9710.148951
1787749200000,2455.22,2463.12,2437.5,2457.52,7625.990097
1787752800000,2457.54,2462.0,2438.75,2439.36,4708.629859
1787756400000,2439.35,2455.34,2432.41,2450.08,5675.13671
1787760000000,2450.02,2455.96,2438.0,2444.81,4454.335382
1787763600000,2444.83,2467.18,2443.94,2460.8,3597.299025
1787767200000,2460.81,2474.47,2458.8,2472.76,3049.134945
1787770800000,2472.91,2484.04,2467.8,2470.8,4365.070037
1787774400000,2470.66,2474.54,2460.41,2472.48,1662.142437
1787778000000,2472.48,2505.17,2470.52,2496.81,5239.158728
1787781600000,2496.77,2515.0,2489.56,2493.51,5807.144039
1787785200000,2493.71,2512.57,2488.21,2507.01,4286.037086
1787788800000,2507.02,2510.56,2492.0,2492.01,3382.678702
1787792400000,2492.0,2506.0,2487.04,2497.85,4055.750108
1787796000000,2498.0,2505.0,2493.24,2494.89,1517.611519
1787799600000,2494.89,2499.16,2489.49,2493.09,1718.848207
1787803200000,2493.25,2495.79,2484.27,2487.75,1510.018711
1787806800000,2487.76,2497.85,2481.87,2496.9,2221.21971
1787810400000,2496.72,2496.72,2484.36,2493.2,1545.307939
1787814000000,2493.15,2499.03,2488.81,2497.4,1890.803182
1787817600000,2497.34,2546.0,2497.18,2531.04,19715.887881
1787821200000,2531.33,2566.46,2525.82,2534.74,14062.052337
1787824800000,2534.88,2539.99,2487.0,2503.8,10257.865416
1787828400000,2503.8,2510.36,2492.45,2501.81,4814.673272
1787832000000,2501.78,2507.5,2492.43,2495.21,2712.096773
1787835600000,2495.22,2507.12,2482.79,2496.64,5939.309415
1787839200000,2496.64,2523.61,2488.78,2517.44,7663.690561
1787842800000,2517.45,2532.11,2513.36,2521.74,7094.885666
1787846400000,2521.64,2533.22,2516.46,2522.25,4399.188521
1787850000000,2522.29,2533.61,2515.63,2518.04,2874.239619
1787853600000,2518.09,2518.57,2488.88,2507.03,7192.060817
1787857200000,2507.14,2514.19,2497.55,2498.22,6109.263938
1787860800000,2498.23,2507.99,2495.01,2507.99,1534.077275
1787864400000,2508.0,2509.04,2499.11,2504.2,2176.174561
1787868000000,2504.2,2517.4,2504.2,2515.08,3095.940255
1787871600000,2515.05,2517.24,2508.98,2511.07,2742.032623
1787875200000,2511.1,2519.75,2505.97,2515.58,2450.744258
1787878800000,2515.63,2535.57,2507.92,2512.36,5793.151447
1787882400000,2512.24,2512.67,2486.0,2492.35,7282.387722
1787886000000,2492.27,2495.75,2486.28,2490.04,2976.725628
1787889600000,2490.04,2496.2,2476.27,2486.16,4751.179622
1787893200000,2486.17,2497.62,2482.29,2493.49,2728.091984
1787896800000,2493.49,2505.23,2493.49,2503.02,2412.90035
1787900400000,2503.03,2503.49,2494.0,2496.56,6314.507291
1787904000000,2496.6,2503.99,2486.57,2488.36,2118.912481
1787907600000,2488.37,2493.39,2483.41,2489.77,2038.736202
1787911200000,2489.77,2509.0,2482.23,2506.62,2883.733139
1787914800000,2506.63,2511.49,2502.15,2505.16,1857.270848
1787918400000,2505.09,2508.18,2495.09,2499.25,1511.82128
1787922000000,2499.24,2519.0,2495.05,2509.51,3572.970465
1787925600000,2509.52,2526.0,2466.22,2513.2,17417.450331
1787929200000,2513.23,2519.68,2470.0,2472.03,7887.873259
