ts,o,h,l,c,v
1746054000000,147.14,148.11,146.95,147.53,32146.239393
1746057600000,147.54,148.46,147.54,147.94,26408.371746
1746061200000,147.95,149.0,147.95,148.92,28048.27234
1746064800000,148.92,149.59,148.51,148.68,68729.811219
1746068400000,148.68,149.22,148.37,148.71,23358.127596
1746072000000,148.7,149.05,148.0,148.55,18671.509244
1746075600000,148.55,149.45,148.27,149.13,22718.010258
1746079200000,149.14,149.28,148.22,148.69,17629.424897
1746082800000,148.67,150.22,148.41,149.76,32752.898536
1746086400000,149.77,150.99,149.55,150.72,35825.33714
1746090000000,150.73,151.8,150.31,151.16,44189.988377
1746093600000,151.16,152.19,151.16,152.0,45529.494244
1746097200000,151.99,152.46,151.43,151.73,40092.354299
1746100800000,151.73,152.27,151.22,152.04,31372.698506
1746104400000,152.05,152.55,150.59,150.61,86316.122933
1746108000000,150.61,153.17,150.61,153.03,68008.901483
1746111600000,153.01,153.97,151.57,151.81,98467.46854
1746115200000,151.81,152.84,151.61,151.64,30359.242661
1746118800000,151.65,152.71,151.0,151.29,51337.029982
1746122400000,151.29,151.4,150.07,151.1,50052.761981
1746126000000,151.12,151.16,150.15,150.26,30572.959034
1746129600000,150.26,150.8,149.88,150.21,38955.037552
1746133200000,150.21,150.96,150.19,150.51,10354.193438
1746136800000,150.52,150.75,150.05,150.23,13920.426954
1746140400000,150.25,150.91,149.97,150.85,12632.159629
1746144000000,150.84,151.69,150.53,151.46,18964.767143
1746147600000,151.44,151.72,150.14,150.54,24598.48996
1746151200000,150.54,151.0,150.08,150.63,23951.250765
1746154800000,150.63,150.93,150.14,150.79,23505.037426
1746158400000,150.8,151.05,150.14,150.19,25905.020664
1746162000000,150.18,150.36,149.4,149.53,33850.918514
1746165600000,149.52,149.78,148.58,149.0,27593.63588
1746169200000,148.99,149.19,148.37,148.54,24751.761503
1746172800000,148.54,149.64,148.42,149.34,13198.681727
1746176400000,149.34,149.82,149.13,149.48,8953.714996
1746180000000,149.49,150.31,149.46,149.93,11272.34602
1746183600000,149.94,150.8,149.93,150.7,14189.393208
1746187200000,150.71,150.99,149.36,150.95,37739.529787
1746190800000,150.95,150.99,150.14,150.58,32070.689539
1746194400000,150.58,151.92,150.56,151.57,38020.989061
1746198000000,151.57,151.78,149.63,149.9,32377.770604
1746201600000,149.91,151.41,149.91,150.17,27158.612302
1746205200000,150.19,150.31,149.48,149.84,25579.68503
1746208800000,149.84,150.52,149.5,149.52,21484.832601
1746212400000,149.5,149.53,147.73,148.08,50140.748123
1746216000000,148.1,148.41,147.4,148.29,29607.94723
1746219600000,148.28,148.67,147.33,147.71,24310.321999
1746223200000,147.72,147.92,147.34,147.76,15443.588518
1746226800000,147.75,148.12,147.64,148.06,11416.265984
1746230400000,148.06,148.47,147.73,148.12,19353.012029
1746234000000,148.12,148.23,147.53,148.04,14054.664619
1746237600000,148.05,149.0,148.0,148.75,17989.350221
1746241200000,148.78,149.06,148.05,148.29,13985.618581
1746244800000,148.29,148.57,148.11,148.13,8967.953982
1746248400000,148.12,148.18,147.62,147.78,12504.200919
1746252000000,147.79,147.93,147.44,147.87,13853.007551
1746255600000,147.87,148.2,147.41,148.14,10584.131067
1746259200000,148.14,148.39,147.68,147.93,11928.422731
1746262800000,147.94,148.01,146.95,147.28,22704.830608
1746266400000,147.3,147.66,146.7,146.82,24361.200092
1746270000000,146.82,147.42,146.79,147.15,13915.107199
1746273600000,147.14,148.12,147.14,148.09,15383.853432
1746277200000,148.09,148.57,148.06,148.43,18903.91197
1746280800000,148.42,148.82,148.07,148.49,11992.924187
1746284400000,148.49,149.0,148.36,148.44,21297.468575
1746288000000,148.45,148.46,147.27,147.39,22326.121489
1746291600000,147.38,147.39,145.85,146.79,34765.480227
1746295200000,146.8,147.4,146.46,146.72,13699.838721
1746298800000,146.7,147.51,146.55,147.45,10401.123077
1746302400000,147.46,147.8,147.2,147.52,12270.29424
1746306000000,147.52,147.92,146.94,147.63,13306.174685
1746309600000,147.64,147.76,147.31,147.41,9439.728098
1746313200000,147.41,147.41,146.65,146.74,10690.566038
1746316800000,146.74,147.13,146.03,146.43,24366.536983
1746320400000,146.43,147.22,145.9,147.05,15805.85335
1746324000000,147.06,147.71,146.06,146.33,14782.346506
1746327600000,146.33,146.33,145.52,145.64,19050.643121
1746331200000,145.64,145.95,145.24,145.46,18523.161506
1746334800000,145.46,146.55,145.37,146.26,21121.857803
1746338400000,146.27,146.4,145.6,145.69,13568.604464
1746342000000,145.7,146.05,145.19,145.66,17039.346196
1746345600000,145.67,145.97,145.09,145.32,11184.977622
1746349200000,145.33,145.33,144.69,144.92,29417.071513
1746352800000,144.95,145.59,144.78,145.44,13365.058807
1746356400000,145.42,145.99,145.19,145.44,13766.429182
1746360000000,145.44,146.08,145.42,145.54,11374.400775
1746363600000,145.55,145.84,144.96,145.58,10647.245175
1746367200000,145.59,146.67,145.51,146.51,12901.563896
1746370800000,146.51,147.24,146.43,146.82,30224.943606
1746374400000,146.8,147.15,146.45,146.84,24347.585253
1746378000000,146.83,147.34,146.34,147.16,17218.614018
1746381600000,147.16,147.8,146.53,146.54,16528.686922
1746385200000,146.54,146.8,146.0,146.18,19705.359887
1746388800000,146.19,147.14,146.11,146.98,10938.099809
1746392400000,146.98,147.1,146.36,147.09,11231.064547
1746396000000,147.1,147.12,145.01,145.15,31163.433201
1746399600000,145.13,145.24,143.65,143.95,44995.289928
1746403200000,143.94,145.45,143.75,145.16,18521.301414
1746406800000,145.17,145.24,142.89,143.23,47757.603514
1746410400000,143.22,145.03,142.51,144.74,31029.254709
1746414000000,144.75,145.3,144.34,144.9,22112.075863
1746417600000,144.9,146.53,144.89,146.31,28761.397802
1746421200000,146.33,147.18,146.03,147.02,22008.181866
1746424800000,147.03,147.38,146.58,146.81,15755.919432
1746428400000,146.81,147.24,146.53,146.88,18012.558984
1746432000000,146.88,147.07,146.34,146.62,16137.710991
1746435600000,146.62,146.79,146.09,146.14,10771.913246
1746439200000,146.14,146.2,143.72,144.21,26078.142454
1746442800000,144.22,144.66,143.6,144.22,22237.872977
1746446400000,144.22,144.99,143.9,144.62,18624.428686
1746450000000,144.63,144.93,143.44,144.91,22385.075396
1746453600000,144.92,145.42,144.2,144.53,35732.534031
1746457200000,144.54,144.8,143.15,143.77,30336.474658
1746460800000,143.76,145.42,143.66,144.99,28900.788322
1746464400000,144.99,146.0,144.69,145.8,14220.951467
1746468000000,145.81,147.13,145.61,146.68,44790.519227
1746471600000,146.69,147.08,146.33,146.49,29717.85133
1746475200000,146.5,146.61,144.96,145.6,20667.10241
1746478800000,145.61,147.0,145.58,146.68,19531.810344
1746482400000,146.67,147.74,146.67,147.32,14472.192104
1746486000000,147.32,147.56,146.59,146.72,20799.251627
1746489600000,146.72,146.85,145.81,146.15,18558.226647
1746493200000,146.16,146.45,144.68,144.75,22257.631436
1746496800000,144.78,145.0,143.8,144.41,27291.406254
1746500400000,144.41,144.84,144.13,144.65,26962.483858
1746504000000,144.66,145.05,144.34,144.97,13330.302684
1746507600000,144.97,145.27,144.41,144.5,7888.971657
1746511200000,144.5,145.34,144.49,145.33,10084.972131
1746514800000,145.32,145.88,144.92,145.25,21021.290294
1746518400000,145.26,145.27,143.69,144.61,20241.686713
1746522000000,144.61,144.61,143.52,144.35,17379.190913
1746525600000,144.36,144.36,142.9,143.1,18855.705913
1746529200000,143.1,143.65,142.0,142.59,45656.829269
1746532800000,142.6,143.18,142.49,143.02,21286.898364
1746536400000,143.03,143.07,141.41,141.95,57554.392857
1746540000000,141.97,143.98,141.92,142.73,35140.707185
1746543600000,142.7,143.95,142.17,143.2,21286.892593
1746547200000,143.2,143.87,142.43,142.45,28076.899353
1746550800000,142.46,144.37,142.45,143.69,23663.875898
1746554400000,143.69,144.93,143.6,144.85,19727.810449
1746558000000,144.86,145.29,144.52,144.85,17130.757423
1746561600000,144.85,145.05,143.65,144.0,17063.45486
1746565200000,144.0,144.69,143.54,144.47,21781.534627
1746568800000,144.46,146.75,144.44,146.12,80233.668319
1746572400000,146.12,147.24,145.59,146.87,49716.209074
1746576000000,146.9,149.19,146.65,149.03,85141.053917
1746579600000,149.03,149.53,148.08,148.35,46394.889846
1746583200000,148.34,148.59,146.66,146.78,32532.859372
1746586800000,146.77,146.85,145.45,146.25,45810.583044
1746590400000,146.26,146.77,145.85,146.18,27367.126706
1746594000000,146.17,146.29,145.44,145.58,19187.624831
1746597600000,145.57,146.28,145.53,146.04,20919.900831
1746601200000,146.05,147.29,146.02,147.26,23888.443672
1746604800000,147.26,147.96,146.92,147.83,20375.753399
1746608400000,147.85,148.3,147.55,147.85,15737.986427
1746612000000,147.84,147.94,147.39,147.75,20395.745526
1746615600000,147.75,147.86,147.46,147.6,21862.877251
1746619200000,147.62,147.77,146.83,147.22,19026.452069
1746622800000,147.22,147.44,146.29,146.88,20104.623491
1746626400000,146.88,147.57,145.81,146.11,27245.08105
1746630000000,146.11,146.38,145.45,145.78,19961.528428
1746633600000,145.77,146.47,145.11,146.27,23769.137977
1746637200000,146.28,146.64,145.17,145.68,20109.096279
1746640800000,145.68,147.34,144.68,146.6,77848.476055
1746644400000,146.63,146.88,145.14,145.77,31748.900709
1746648000000,145.77,146.38,145.49,146.38,7879.49139
1746651600000,146.38,147.88,146.2,147.33,29508.773831
1746655200000,147.35,147.94,147.2,147.74,30304.708232
1746658800000,147.75,148.3,147.05,147.32,24506.941507
1746662400000,147.33,148.9,147.09,148.84,24270.455641
1746666000000,148.83,149.98,147.93,148.13,60283.605315
1746669600000,148.13,150.32,148.04,149.79,59465.480547
1746673200000,149.8,151.19,149.58,150.88,88045.804483
1746676800000,150.89,151.96,150.76,150.84,90037.901467
1746680400000,150.85,151.32,150.02,150.16,33077.621933
1746684000000,150.17,150.68,150.1,150.63,20038.565319
1746687600000,150.63,151.97,150.56,151.58,54512.180065
1746691200000,151.58,153.35,151.53,152.83,64936.466876
1746694800000,152.85,154.9,152.51,154.65,81707.46331
1746698400000,154.66,155.28,154.37,154.88,68471.312679
1746702000000,154.87,154.97,153.71,154.57,55233.953767
1746705600000,154.57,155.88,154.2,154.57,47779.174409
1746709200000,154.57,155.73,154.51,154.99,60946.321973
1746712800000,154.99,158.72,154.26,157.08,187156.011217
1746716400000,157.1,163.08,156.92,160.23,281261.959129
1746720000000,160.23,161.08,159.42,159.99,66834.006735
1746723600000,159.99,160.27,158.56,158.72,57528.139141
1746727200000,158.74,160.4,158.74,159.96,57593.388258
1746730800000,159.96,160.79,159.7,160.54,48960.483543
1746734400000,160.55,163.5,159.78,162.86,94299.978764
1746738000000,162.85,164.03,160.19,160.98,87993.056387
1746741600000,160.99,161.67,160.39,161.47,24186.040073
1746745200000,161.47,164.6,161.13,164.46,50745.679771
1746748800000,164.45,164.46,162.37,162.42,49887.045195
1746752400000,162.41,163.66,162.08,163.58,50399.224075
1746756000000,163.58,163.63,162.23,162.55,42709.596127
1746759600000,162.53,163.38,161.36,161.39,35837.411883
1746763200000,161.37,162.04,161.09,161.86,40087.31323
1746766800000,161.87,162.87,161.74,162.87,22689.089852
1746770400000,162.87,164.32,162.5,164.28,39067.575307
1746774000000,164.27,166.97,164.07,165.1,112606.617682
1746777600000,165.11,169.98,164.71,166.39,196218.307588
1746781200000,166.38,168.0,164.27,166.45,95425.066203
1746784800000,166.46,174.73,166.17,173.99,190960.696751
1746788400000,173.99,176.19,171.26,172.33,216655.781981
1746792000000,172.33,172.8,169.56,172.49,82002.16318
1746795600000,172.49,173.42,170.85,172.71,59115.958305
1746799200000,172.7,172.72,167.42,169.32,135641.045097
1746802800000,169.32,171.7,168.55,170.76,66888.112374
1746806400000,170.78,170.93,168.49,169.06,56897.404801
1746810000000,169.05,172.12,168.69,171.98,53259.30974
1746813600000,171.96,172.49,171.26,171.75,24972.37995
1746817200000,171.76,172.6,170.7,171.9,15474.610325
1746820800000,171.92,173.03,171.53,173.01,26028.557377
1746824400000,173.01,173.05,171.13,172.66,33475.739986
1746828000000,172.66,173.6,172.08,173.3,13524.337165
1746831600000,173.31,173.84,172.38,172.79,19656.551424
1746835200000,172.8,175.21,170.69,171.36,65662.004984
1746838800000,171.36,172.54,171.23,171.71,17167.67851
1746842400000,171.72,172.7,171.27,172.14,23370.296238
1746846000000,172.13,172.18,171.12,171.61,15525.920769
1746849600000,171.62,171.63,170.18,170.87,24803.553789
1746853200000,170.88,171.32,169.76,171.2,39812.656357
1746856800000,171.21,172.34,171.12,172.12,67982.42937
1746860400000,172.13,172.58,171.24,172.36,36762.770245
1746864000000,172.36,173.46,171.18,171.64,68979.660725
1746867600000,171.65,172.05,170.57,171.7,53339.739204
1746871200000,171.71,172.34,170.33,170.34,26516.492636
1746874800000,170.34,170.73,168.75,168.98,67626.531912
1746878400000,168.99,171.35,168.99,171.16,30447.046016
1746882000000,171.16,172.0,170.98,171.74,25400.487127
1746885600000,171.74,172.03,170.26,171.7,22824.063862
1746889200000,171.69,171.85,170.9,171.05,36494.983888
1746892800000,171.07,172.5,170.85,171.85,32256.879416
1746896400000,171.84,173.84,171.55,171.82,77689.265756
1746900000000,171.82,172.56,171.13,172.53,30592.074459
1746903600000,172.53,172.8,171.6,172.21,20715.456465
1746907200000,172.2,172.95,171.41,172.7,18252.365497
1746910800000,172.73,174.5,172.41,174.15,34097.982289
1746914400000,174.15,175.17,173.02,174.96,45921.966472
1746918000000,174.97,178.96,174.57,177.9,121895.600963
1746921600000,177.9,179.78,172.92,179.15,157265.182778
1746925200000,179.17,180.3,175.56,177.0,114772.040705
1746928800000,176.99,177.9,174.74,175.82,43826.286525
1746932400000,175.8,176.73,174.94,175.86,43640.109225
1746936000000,175.87,177.7,175.74,177.28,39891.585701
1746939600000,177.28,177.59,176.16,176.22,48470.353856
1746943200000,176.21,176.3,173.87,174.76,83390.714941
1746946800000,174.79,174.79,172.31,172.62,64053.628359
1746950400000,172.62,173.97,172.6,173.0,30072.029928
1746954000000,173.0,175.04,172.83,174.43,26060.805801
1746957600000,174.42,174.83,173.3,174.65,25617.859968
1746961200000,174.63,174.91,173.97,174.78,13983.149751
1746964800000,174.79,175.23,173.6,174.08,29719.174356
1746968400000,174.09,174.73,170.81,170.96,54714.339953
1746972000000,170.98,172.16,170.82,171.91,32830.579093
1746975600000,171.92,172.99,169.33,170.48,54547.927087
1746979200000,170.48,171.73,169.41,170.54,29847.0106
1746982800000,170.55,171.92,170.21,171.87,33894.922352
1746986400000,171.88,173.27,170.85,172.68,24579.873051
1746990000000,172.68,173.47,172.18,172.74,11326.439571
1746993600000,172.74,172.83,171.74,172.35,11101.595567
1746997200000,172.34,173.25,171.66,173.17,10014.54237
1747000800000,173.17,173.84,171.27,171.94,23428.858278
1747004400000,171.95,173.25,171.89,173.21,15306.992234
1747008000000,173.23,175.78,173.05,174.51,41030.180351
1747011600000,174.51,176.04,171.75,173.72,42191.171964
1747015200000,173.73,176.93,172.96,174.04,73923.975405
1747018800000,174.01,174.9,173.04,174.9,30292.602943
1747022400000,174.9,176.2,174.1,175.85,51768.409118
1747026000000,175.84,176.18,173.65,174.56,37812.950094
1747029600000,174.56,176.1,173.85,175.73,45152.908959
1747033200000,175.74,179.79,174.89,176.1,308913.189547
1747036800000,176.11,177.02,173.66,176.58,84242.563129
1747040400000,176.58,176.94,175.49,175.69,31333.160767
1747044000000,175.69,176.15,174.8,175.96,23521.511816
1747047600000,175.93,176.41,173.8,174.09,46965.471085
1747051200000,174.08,176.92,174.01,176.39,37337.506811
1747054800000,176.39,180.65,175.8,179.34,154399.183132
1747058400000,179.31,181.43,175.3,175.87,166984.103739
1747062000000,175.88,177.24,174.04,174.38,96397.080347
1747065600000,174.38,176.29,173.28,175.95,68992.161098
1747069200000,175.94,176.64,171.79,172.1,46530.676828
1747072800000,172.11,172.75,168.28,170.45,89334.168388
1747076400000,170.44,171.63,169.77,171.24,46888.070616
1747080000000,171.21,172.84,170.44,172.26,23055.842321
1747083600000,172.26,172.95,171.93,172.7,10749.334819
1747087200000,172.69,174.67,172.14,173.74,17126.188483
1747090800000,173.72,174.83,173.65,174.23,21769.827942
1747094400000,174.24,174.4,171.6,171.71,45423.677051
1747098000000,171.71,172.59,169.63,171.07,61637.145292
1747101600000,171.07,171.49,168.18,169.01,84811.805394
1747105200000,169.01,169.68,166.9,166.96,49736.594345
1747108800000,166.97,170.05,166.14,169.87,41998.263984
1747112400000,169.87,170.43,168.81,169.81,21964.601064
1747116000000,169.83,171.78,169.83,171.15,43727.941386
1747119600000,171.16,172.4,171.0,171.5,19536.585819
1747123200000,171.5,172.87,170.95,172.53,25128.015316
1747126800000,172.56,174.01,172.32,173.72,38196.00071
1747130400000,173.75,174.33,173.01,174.05,26062.886693
1747134000000,174.04,175.17,173.6,173.99,36905.624655
1747137600000,174.0,175.58,172.92,174.21,96725.544557
1747141200000,174.21,175.84,173.68,174.36,43948.788829
1747144800000,174.36,174.6,172.13,173.27,52471.023482
1747148400000,173.25,176.35,173.13,176.05,45814.506683
1747152000000,176.05,177.82,175.69,176.58,75779.481528
1747155600000,176.59,179.06,176.46,178.33,53250.635674
1747159200000,178.34,179.24,177.97,179.05,29161.755531
1747162800000,179.06,184.4,178.25,182.09,152685.421456
1747166400000,182.08,183.42,180.37,183.13,49544.020427
1747170000000,183.12,183.38,181.68,182.76,37712.1996
1747173600000,182.75,183.25,182.21,182.92,35481.545299
1747177200000,182.93,184.9,182.36,183.74,63564.594701
1747180800000,183.75,184.02,181.68,182.07,35277.080862
1747184400000,182.08,184.88,182.0,182.9,52433.108873
1747188000000,182.89,183.1,179.07,180.46,87303.681703
1747191600000,180.45,180.75,179.15,180.29,22712.921254
1747195200000,180.29,182.04,179.85,181.65,21542.95142
1747198800000,181.66,183.3,181.01,182.81,21309.432025
1747202400000,182.8,183.97,182.4,183.7,31341.659435
1747206000000,183.72,183.86,180.59,181.72,29121.334589
1747209600000,181.73,182.64,178.18,178.44,64577.044753
1747213200000,178.45,179.85,177.56,179.79,45437.388216
1747216800000,179.78,181.18,179.26,179.36,22380.451004
1747220400000,179.37,181.95,179.37,181.02,27123.423209
1747224000000,181.05,181.88,179.83,180.26,22345.742647
1747227600000,180.26,181.08,177.4,178.91,81361.666268
1747231200000,178.93,178.98,176.47,177.0,37973.773602
1747234800000,177.0,177.4,175.6,177.36,45456.493274
1747238400000,177.36,177.67,174.93,175.97,38648.247711
1747242000000,175.96,176.09,173.26,175.9,37661.564057
1747245600000,175.9,176.78,175.16,176.7,17450.707511
1747249200000,176.69,177.61,176.37,177.08,18258.527019
1747252800000,177.09,177.42,176.6,176.83,9001.08529
1747256400000,176.82,177.72,175.8,177.5,10767.133801
1747260000000,177.51,177.57,175.26,176.07,12360.823806
1747263600000,176.08,176.9,175.21,176.64,13410.817931
1747267200000,176.64,178.32,176.62,177.68,28207.174517
1747270800000,177.67,177.89,174.06,174.59,27403.768769
1747274400000,174.57,176.45,174.32,175.89,18783.9333
1747278000000,175.9,176.3,174.03,174.06,17213.488453
1747281600000,174.06,175.29,173.87,174.97,16880.570908
1747285200000,174.97,175.07,172.77,173.17,24766.960114
1747288800000,173.19,174.47,172.88,173.18,27094.007889
1747292400000,173.18,173.56,169.77,170.4,57195.404616
1747296000000,170.4,173.07,170.22,172.82,32763.835017
1747299600000,172.8,172.81,169.57,170.77,41159.006787
1747303200000,170.77,170.95,168.7,170.03,37484.277857
1747306800000,170.0,171.5,169.83,171.08,19904.410598
1747310400000,171.06,172.89,170.21,171.0,49804.205369
1747314000000,171.01,171.95,168.14,169.75,62187.582856
1747317600000,169.73,170.68,166.93,169.56,73302.041752
1747321200000,169.55,172.56,168.78,172.21,59193.527716
1747324800000,172.21,173.99,170.81,173.97,67472.570434
1747328400000,173.97,174.47,172.75,173.1,29393.789146
1747332000000,173.09,173.29,169.21,169.55,43129.990365
1747335600000,169.56,170.81,167.75,169.75,35644.21729
1747339200000,169.76,170.65,168.5,169.66,48448.856345
1747342800000,169.65,169.76,166.69,169.04,36970.083274
1747346400000,169.03,170.34,168.22,168.24,22898.689566
1747350000000,168.24,169.56,167.0,169.18,32258.40353
1747353600000,169.16,172.2,168.7,170.28,26080.62404
1747357200000,170.29,172.0,169.01,171.87,23842.859276
1747360800000,171.87,173.66,171.86,172.65,42458.280523
1747364400000,172.66,172.92,171.88,172.62,14213.881535
1747368000000,172.63,173.18,171.07,171.93,19803.19681
1747371600000,171.94,173.5,171.94,172.9,12010.362483
1747375200000,172.92,173.14,172.27,172.45,18483.652436
1747378800000,172.46,173.01,171.6,172.15,19399.67807
1747382400000,172.16,172.41,169.39,170.11,28996.127031
1747386000000,170.15,172.8,170.12,172.67,24636.151217
1747389600000,172.68,173.47,172.02,173.22,30968.511564
1747393200000,173.23,174.22,172.43,172.82,34408.586454
1747396800000,172.83,173.45,172.14,172.14,23336.423498
1747400400000,172.17,174.13,171.9,173.82,25294.624824
1747404000000,173.81,173.81,170.86,171.51,52604.576587
1747407600000,171.55,173.27,171.51,172.12,47632.017751
1747411200000,172.11,172.76,170.03,171.11,24339.067491
1747414800000,171.1,172.23,169.97,170.35,16516.272913
1747418400000,170.35,171.39,169.75,170.33,26409.439278
1747422000000,170.31,171.55,169.79,171.41,45103.144928
1747425600000,171.41,171.41,168.78,169.6,41109.781231
1747429200000,169.61,170.31,168.63,169.06,18038.865247
1747432800000,169.06,169.1,166.4,167.45,58562.008335
1747436400000,167.46,168.47,167.08,167.45,21853.117205
1747440000000,167.43,168.31,165.7,166.81,46353.267498
1747443600000,166.8,166.8,164.01,165.13,59676.207076
1747447200000,165.11,167.04,164.17,166.57,35572.01954
1747450800000,166.58,168.61,165.35,168.25,28515.746466
1747454400000,168.26,169.53,167.94,168.89,22178.878304
1747458000000,168.88,169.19,167.26,167.53,33431.325096
1747461600000,167.54,169.37,167.54,169.11,20431.271347
1747465200000,169.11,169.99,167.97,168.58,13087.73211
1747468800000,168.57,169.4,168.02,168.07,24430.034738
1747472400000,168.07,168.84,167.02,167.75,22069.93696
1747476000000,167.75,168.68,167.04,167.55,12570.98555
1747479600000,167.56,168.16,166.74,167.61,14346.734512
1747483200000,167.61,168.09,167.15,167.24,8565.464516
1747486800000,167.25,167.67,165.82,166.5,24407.607398
1747490400000,166.48,168.11,166.47,168.01,20898.135182
1747494000000,168.0,168.21,167.32,167.32,10855.826223
1747497600000,167.31,167.55,164.42,165.27,37497.896247
1747501200000,165.26,166.79,164.92,165.75,24563.558762
1747504800000,165.74,167.05,165.66,165.77,36390.285642
1747508400000,165.76,166.34,164.98,165.24,11696.749075
1747512000000,165.23,167.95,164.73,167.5,31443.567345
1747515600000,167.51,167.69,166.71,167.03,19549.719901
1747519200000,167.02,167.08,164.36,165.31,26776.653998
1747522800000,165.31,166.13,164.77,165.96,10366.523171
1747526400000,165.96,167.45,165.86,167.25,17626.855152
1747530000000,167.26,167.8,166.09,167.25,13099.534113
1747533600000,167.23,167.65,166.55,167.04,8882.75053
1747537200000,167.05,167.9,166.55,166.9,16147.345836
1747540800000,166.92,168.63,166.86,168.53,11771.036623
1747544400000,168.53,170.14,168.52,169.92,24531.665744
1747548000000,169.91,169.95,169.02,169.29,10428.422523
1747551600000,169.3,170.77,169.14,170.66,15978.517169
1747555200000,170.67,171.98,170.67,171.17,36886.023351
1747558800000,171.18,171.56,170.56,171.0,11580.598442
1747562400000,171.0,171.55,170.65,171.35,8479.772605
1747566000000,171.35,171.71,170.71,170.77,8030.574488
1747569600000,170.77,171.67,170.17,171.65,9100.211703
1747573200000,171.65,172.93,171.42,172.81,33708.904997
1747576800000,172.84,174.86,172.31,174.35,66964.859372
1747580400000,174.36,176.68,173.63,176.27,53153.534387
1747584000000,176.28,176.79,174.99,175.84,46931.965454
1747587600000,175.84,175.86,172.15,172.25,54446.864202
1747591200000,172.25,172.39,168.93,170.26,67309.200356
1747594800000,170.25,170.7,166.46,166.63,69778.925486
1747598400000,166.63,167.41,164.53,167.18,87134.151567
1747602000000,167.18,168.96,167.16,167.59,30248.244462
1747605600000,167.59,170.18,166.18,170.08,46165.1673
1747609200000,170.07,174.32,169.05,173.31,58181.417937
1747612800000,173.33,173.93,167.73,168.08,82380.05519
1747616400000,168.11,168.73,166.52,167.88,55209.377429
1747620000000,167.88,168.53,165.91,166.83,46218.200759
1747623600000,166.83,167.02,165.0,165.39,27488.618519
1747627200000,165.37,166.85,162.56,163.44,99073.669534
1747630800000,163.44,163.79,162.29,162.71,46965.026749
1747634400000,162.7,163.38,159.45,159.67,79460.476258
1747638000000,159.67,162.44,159.45,161.93,64389.983433
1747641600000,161.92,162.37,160.83,161.54,28531.995967
1747645200000,161.53,162.64,160.47,161.65,42733.433406
1747648800000,161.65,162.04,160.77,161.69,33508.89911
1747652400000,161.69,162.68,161.19,162.18,25614.897199
1747656000000,162.19,162.31,160.14,160.91,38915.555221
1747659600000,160.92,163.62,160.59,162.67,67393.715373
1747663200000,162.65,164.11,161.63,163.71,53115.149623
1747666800000,163.7,164.74,163.28,164.2,32069.774044
1747670400000,164.21,165.71,162.76,165.66,80051.526745
1747674000000,165.66,167.36,164.98,165.52,75403.050161
1747677600000,165.51,166.06,163.65,164.83,34747.236591
1747681200000,164.83,166.89,164.35,166.6,26598.689885
1747684800000,166.58,167.79,165.6,165.93,29037.844682
1747688400000,165.95,166.75,165.28,166.66,17886.313795
1747692000000,166.66,166.66,165.14,165.79,16317.411495
1747695600000,165.8,167.02,165.69,166.84,14961.362932
1747699200000,166.85,169.44,166.71,167.09,65825.453556
1747702800000,167.07,170.68,166.89,169.92,56239.403244
1747706400000,169.95,173.09,169.95,170.59,107519.405873
1747710000000,170.59,170.83,168.25,169.17,57111.29365
1747713600000,169.2,170.59,168.49,170.0,29488.967096
1747717200000,170.01,170.63,169.24,169.26,20895.341745
1747720800000,169.25,169.58,167.73,168.41,30039.446022
1747724400000,168.4,168.51,167.08,167.37,24165.278121
1747728000000,167.36,168.08,166.19,167.75,34895.606803
1747731600000,167.75,168.15,167.14,167.31,10986.799104
1747735200000,167.32,167.74,165.54,166.34,229397.132889
1747738800000,166.35,166.77,165.21,166.47,57578.338357
1747742400000,166.45,166.52,165.16,166.03,22860.511581
1747746000000,166.04,166.52,164.84,165.39,48166.514893
1747749600000,165.39,166.72,164.54,165.62,42072.659579
1747753200000,165.61,167.38,165.52,166.64,37472.622676
1747756800000,166.64,167.14,165.26,165.53,34220.044829
1747760400000,165.54,168.28,165.46,167.88,37383.980588
1747764000000,167.91,167.97,164.57,164.93,59807.24576
1747767600000,164.92,169.13,164.64,168.19,43704.838595
1747771200000,168.2,169.23,166.92,168.48,69944.368393
1747774800000,168.49,169.39,166.89,168.05,29196.094785
1747778400000,168.07,168.45,166.29,167.84,18544.496417
1747782000000,167.85,169.22,167.63,168.59,34649.609601
1747785600000,168.6,169.15,167.56,168.11,25112.950603
1747789200000,168.11,169.14,167.85,168.42,39746.164712
1747792800000,168.42,168.95,166.8,168.77,39789.111404
1747796400000,168.78,170.92,168.66,169.99,50446.009388
1747800000000,169.97,171.39,169.12,170.26,46500.034342
1747803600000,170.27,171.75,170.25,170.68,48469.7577
1747807200000,170.7,171.64,169.78,170.99,61090.885055
1747810800000,171.0,171.33,168.31,168.77,45947.08928
1747814400000,168.82,169.53,168.04,168.09,26312.136354
1747818000000,168.09,168.61,167.39,167.77,23878.588264
1747821600000,167.77,168.58,167.5,168.15,14950.655856
1747825200000,168.16,169.64,168.0,169.32,22185.490141
1747828800000,169.33,170.27,168.68,169.34,24211.277677
1747832400000,169.34,170.37,168.34,169.51,34401.568967
1747836000000,169.51,172.8,169.03,172.78,82653.283533
1747839600000,172.77,173.66,171.18,172.17,110813.714493
1747843200000,172.17,174.94,171.37,173.2,60808.686426
1747846800000,173.21,173.98,165.51,167.11,205479.431864
1747850400000,167.11,169.63,166.3,167.9,59765.297258
1747854000000,167.9,171.53,167.25,171.22,36743.158129
1747857600000,171.19,171.36,169.2,169.72,26807.392935
1747861200000,169.75,170.8,169.14,170.11,13676.067287
1747864800000,170.11,172.28,169.75,171.72,31523.117506
1747868400000,171.73,175.98,171.15,173.56,101059.609685
1747872000000,173.59,174.97,173.26,174.93,60463.491056
1747875600000,174.93,175.75,172.57,173.26,55099.310262
1747879200000,173.26,174.9,173.11,174.44,29859.969696
1747882800000,174.44,177.5,173.88,176.81,73690.531859
1747886400000,176.82,177.41,175.79,176.9,82433.269947
1747890000000,176.88,177.77,175.69,175.86,56135.055433
1747893600000,175.87,176.56,175.26,175.87,32379.204323
1747897200000,175.87,178.75,175.5,178.48,50783.485976
1747900800000,178.49,179.8,178.01,179.77,64895.255817
1747904400000,179.78,180.83,179.1,179.68,69394.044902
1747908000000,179.7,179.82,178.07,178.21,38054.543222
1747911600000,178.2,178.85,177.21,178.09,26292.548316
1747915200000,178.08,178.82,177.45,178.67,29538.44081
1747918800000,178.67,179.09,176.97,177.23,48161.107339
1747922400000,177.24,179.62,177.17,178.76,48837.322334
1747926000000,178.77,179.9,178.53,179.01,23248.241936
1747929600000,179.02,180.36,177.92,178.33,37490.053523
1747933200000,178.33,179.9,177.97,179.07,33986.127705
1747936800000,179.08,179.99,178.52,179.35,16395.684428
1747940400000,179.36,179.5,177.52,177.84,60115.622221
1747944000000,177.85,178.7,177.57,178.55,17383.314969
1747947600000,178.54,178.54,177.29,178.08,11810.719046
1747951200000,178.09,179.35,178.04,178.1,20611.728983
1747954800000,178.12,180.0,178.12,179.67,20938.527378
1747958400000,179.68,181.88,179.28,180.76,67544.7095
1747962000000,180.77,183.58,180.37,183.15,64306.565175
1747965600000,183.15,185.38,183.12,183.73,110065.771468
1747969200000,183.75,185.39,183.71,185.0,44636.945368
1747972800000,184.98,185.33,181.95,182.62,64018.049265
1747976400000,182.61,183.08,181.34,181.94,38655.348358
1747980000000,181.93,182.04,180.0,180.84,48218.702593
1747983600000,180.84,183.12,180.84,182.54,41377.523721
1747987200000,182.55,186.8,182.55,186.19,91140.350844
1747990800000,186.19,187.68,185.8,186.83,62763.979221
1747994400000,186.83,187.17,185.49,185.92,33691.123385
1747998000000,185.93,186.14,177.11,177.91,171619.543856
1748001600000,177.9,178.68,173.28,176.92,256472.84023
1748005200000,176.92,180.34,175.6,180.15,108144.949827
1748008800000,180.15,183.78,179.13,182.25,100455.161386
1748012400000,182.24,183.28,180.62,180.66,98453.326315
1748016000000,180.68,182.24,179.07,181.2,117337.289551
1748019600000,181.19,182.17,180.66,181.44,40780.772467
1748023200000,181.44,181.75,178.38,178.86,51057.06752
1748026800000,178.87,180.16,178.72,179.17,36984.058765
1748030400000,179.16,179.28,176.88,177.23,36567.808993
1748034000000,177.23,178.5,176.48,177.16,47911.867676
1748037600000,177.19,178.07,175.46,175.69,33791.155313
1748041200000,175.7,176.03,173.3,174.01,59132.302611
1748044800000,174.01,175.3,172.59,172.76,86175.634622
1748048400000,172.75,174.78,172.64,173.8,29538.179447
1748052000000,173.78,175.1,173.24,174.91,25990.278983
1748055600000,174.91,176.03,174.38,175.1,33758.92241
1748059200000,175.12,176.28,174.58,176.09,19174.25011
1748062800000,176.09,176.4,174.5,175.17,16383.158356
1748066400000,175.17,175.48,173.64,174.59,24777.961585
1748070000000,174.58,175.43,173.49,173.99,24817.914262
1748073600000,173.97,174.99,173.26,174.95,17728.444216
1748077200000,174.96,175.91,174.78,175.34,16636.01664
1748080800000,175.34,177.74,175.08,177.4,34921.091219
1748084400000,177.42,178.31,176.77,176.89,28467.8828
1748088000000,176.9,177.13,176.05,176.55,26146.850915
1748091600000,176.56,176.77,175.09,175.37,23684.289515
1748095200000,175.37,177.0,175.22,176.72,18352.232139
1748098800000,176.72,177.04,175.8,176.32,12308.595768
1748102400000,176.33,176.69,175.32,176.4,11809.331859
1748106000000,176.4,177.44,176.4,176.85,19666.392778
1748109600000,176.84,177.7,176.72,176.82,20733.095019
1748113200000,176.81,177.55,176.64,177.15,7025.01311
1748116800000,177.15,177.9,176.92,177.78,6528.31317
1748120400000,177.78,177.84,176.31,177.35,13315.987282
1748124000000,177.36,177.38,175.86,176.12,11399.446916
1748127600000,176.13,176.54,175.38,175.9,15515.433903
1748131200000,175.91,176.9,171.69,172.3,91752.09953
1748134800000,172.3,172.69,170.68,171.57,48420.617908
1748138400000,171.57,172.66,170.38,172.38,34554.145641
1748142000000,172.39,174.03,172.3,173.63,27466.650571
1748145600000,173.64,174.34,172.72,174.32,20486.85838
1748149200000,174.31,174.39,173.4,174.02,19871.855979
1748152800000,174.02,174.02,173.13,173.45,9895.005254
1748156400000,173.46,173.47,171.91,172.36,16921.942022
1748160000000,172.36,172.37,170.17,170.81,42588.835409
1748163600000,170.82,172.15,170.35,172.03,29183.794909
1748167200000,172.04,172.27,170.91,171.18,29616.289871
1748170800000,171.19,171.99,171.08,171.96,15460.229072
1748174400000,171.96,172.65,171.41,172.59,27059.206406
1748178000000,172.58,172.63,171.05,171.98,26750.134147
1748181600000,171.98,172.34,170.32,171.07,31945.017483
1748185200000,171.07,171.39,169.15,170.31,50934.963872
1748188800000,170.31,170.47,169.18,170.08,22667.668708
1748192400000,170.08,171.12,170.07,170.98,17209.556043
1748196000000,170.98,171.98,170.71,171.62,9961.002106
1748199600000,171.62,172.76,171.54,172.51,7724.430837
1748203200000,172.52,172.58,171.54,171.92,16080.293412
1748206800000,171.92,172.63,170.95,171.5,13369.502733
1748210400000,171.51,174.9,171.34,174.89,37723.397583
1748214000000,174.87,175.84,173.84,175.74,29754.745649
1748217600000,175.74,177.59,175.12,177.52,42545.256594
1748221200000,177.54,177.78,176.11,176.55,21594.843779
1748224800000,176.56,177.11,175.71,176.06,19422.293248
1748228400000,176.07,177.6,175.99,177.0,28153.486075
1748232000000,177.01,177.3,176.6,177.18,15396.197888
1748235600000,177.17,178.0,177.11,177.6,19247.102603
1748239200000,177.58,178.19,177.24,177.92,20250.264691
1748242800000,177.93,179.0,177.21,178.16,27500.501559
1748246400000,178.15,178.35,177.18,177.38,15426.69164
1748250000000,177.38,177.89,176.64,176.8,16985.353561
1748253600000,176.8,177.33,176.35,176.75,17485.418299
1748257200000,176.75,177.95,176.46,177.87,13808.221525
1748260800000,177.88,178.51,177.24,178.16,12020.125871
1748264400000,178.16,178.75,176.15,176.69,24739.61988
1748268000000,176.7,177.4,175.94,176.72,25388.545038
1748271600000,176.73,178.79,176.25,177.48,34289.867653
1748275200000,177.49,178.07,175.2,175.66,39901.295923
1748278800000,175.65,176.22,173.77,173.99,33463.276996
1748282400000,174.0,175.03,173.46,174.19,21800.476568
1748286000000,174.2,174.59,173.71,174.06,10610.311334
1748289600000,174.05,175.38,173.65,175.38,17165.862468
1748293200000,175.36,175.57,174.29,175.04,18816.981619
1748296800000,175.05,176.05,174.0,174.22,14455.256223
1748300400000,174.22,174.99,173.93,174.92,15847.589645
1748304000000,174.91,175.79,174.02,174.12,22900.701223
1748307600000,174.13,174.14,171.22,172.09,71814.545784
1748311200000,172.09,173.18,171.79,172.35,19892.256098
1748314800000,172.36,174.11,172.34,173.51,26884.223006
1748318400000,173.51,174.22,172.99,173.17,21093.994173
1748322000000,173.17,174.0,172.5,173.57,25133.051413
1748325600000,173.58,175.25,173.54,173.57,98955.609576
1748329200000,173.58,175.91,173.58,175.45,43737.519785
1748332800000,175.46,176.59,175.37,175.85,45890.420854
1748336400000,175.85,176.07,175.02,175.88,20446.324076
1748340000000,175.89,176.28,175.72,176.15,14879.175493
1748343600000,176.15,177.17,175.47,176.79,50332.398115
1748347200000,176.78,177.4,176.29,177.01,24931.883426
1748350800000,177.0,179.4,176.76,177.68,119661.724587
1748354400000,177.69,178.41,175.04,177.16,86467.832212
1748358000000,177.17,178.71,176.65,178.43,42362.184186
1748361600000,178.44,179.1,177.5,178.19,41722.895453
1748365200000,178.18,179.3,177.95,178.41,39678.532479
1748368800000,178.42,179.15,178.0,178.55,32166.386349
1748372400000,178.55,179.25,177.37,177.5,37022.521036
1748376000000,177.5,178.64,177.2,178.05,24956.107409
1748379600000,178.05,178.28,175.96,176.41,23722.408478
1748383200000,176.42,176.99,175.56,176.63,20711.677873
1748386800000,176.64,177.01,176.12,176.71,10523.573882
1748390400000,176.72,177.37,175.87,177.26,18785.586426
1748394000000,177.26,177.44,175.2,175.48,23736.798673
1748397600000,175.47,175.47,174.4,174.63,39570.983606
1748401200000,174.63,175.31,174.25,175.14,26103.823079
1748404800000,175.15,175.34,174.36,174.92,20042.612769
1748408400000,174.91,175.16,174.51,174.61,14077.218957
1748412000000,174.6,174.62,173.71,174.05,23297.730093
1748415600000,174.06,174.54,173.81,173.9,18773.073689
1748419200000,173.91,174.47,173.46,174.11,26735.404565
1748422800000,174.11,174.15,172.9,173.42,27409.96987
1748426400000,173.41,174.31,172.88,174.02,38707.960727
1748430000000,174.01,174.55,173.67,174.51,16083.061513
1748433600000,174.52,175.13,174.13,174.25,28969.480296
1748437200000,174.26,174.52,172.42,172.58,42657.017011
1748440800000,172.58,172.93,170.09,170.2,102167.041596
1748444400000,170.2,170.58,168.89,169.7,84135.344461
1748448000000,169.71,171.07,169.6,171.07,30817.61054
1748451600000,171.07,172.02,170.25,170.88,27927.404882
1748455200000,170.88,171.49,169.82,169.96,28566.692352
1748458800000,169.96,170.86,169.15,169.4,40638.636766
1748462400000,169.4,170.79,169.17,170.78,24881.764805
1748466000000,170.78,171.6,170.55,171.56,9332.23441
1748469600000,171.55,171.59,170.36,170.92,10491.839003
1748473200000,170.92,172.65,170.92,172.23,32607.15295
1748476800000,172.24,173.69,171.28,173.63,52131.393839
1748480400000,173.63,173.68,172.54,172.98,31868.801719
1748484000000,172.99,175.1,172.29,175.02,44724.64068
1748487600000,175.05,175.32,173.3,173.71,40233.527541
1748491200000,173.71,173.96,170.13,171.96,77478.449584
1748494800000,171.97,172.5,171.66,172.05,26676.579391
1748498400000,172.05,172.83,171.8,172.57,14550.526821
1748502000000,172.57,173.0,171.92,172.23,23987.677444
1748505600000,172.24,173.41,171.65,173.07,26963.056546
1748509200000,173.07,173.22,172.4,172.7,9379.685645
1748512800000,172.72,172.85,172.11,172.6,7873.553743
1748516400000,172.59,173.52,172.51,172.88,24165.838396
1748520000000,172.88,172.92,171.51,171.84,26183.718858
1748523600000,171.84,172.49,170.52,170.82,61850.791762
1748527200000,170.81,171.02,169.03,170.71,75035.175464
1748530800000,170.72,170.96,169.6,169.75,19255.954935
1748534400000,169.76,170.3,167.8,168.37,52422.453853
1748538000000,168.36,169.47,168.0,168.8,41956.645964
1748541600000,168.8,169.81,167.86,167.89,49205.330136
1748545200000,167.89,168.33,166.02,166.82,65831.058026
1748548800000,166.82,167.6,166.75,167.29,30738.844953
1748552400000,167.3,168.56,167.21,168.41,11857.609132
1748556000000,168.43,168.44,167.06,167.06,12873.954357
1748559600000,167.07,167.55,166.0,166.71,24531.604952
1748563200000,166.71,167.49,160.0,161.82,201841.102222
1748566800000,161.83,164.11,161.67,163.46,70129.71765
1748570400000,163.46,165.32,163.38,165.07,35037.553852
1748574000000,165.08,165.76,164.82,165.14,23172.058758
1748577600000,165.15,165.47,164.53,165.36,16639.299024
1748581200000,165.36,165.89,164.78,165.26,31965.418934
1748584800000,165.26,165.3,162.57,163.48,41760.004131
1748588400000,163.49,164.35,162.64,162.69,57145.3918
1748592000000,162.69,163.98,161.88,163.59,37536.26635
1748595600000,163.6,164.15,161.5,163.17,53710.695587
1748599200000,163.17,163.87,162.22,163.85,41774.683877
1748602800000,163.86,164.17,163.36,163.83,15379.809675
1748606400000,163.83,163.96,161.77,162.98,34197.187624
1748610000000,162.99,163.43,160.75,160.89,39833.134095
1748613600000,160.9,162.08,160.11,161.01,55495.135016
1748617200000,161.0,162.27,160.86,161.23,61906.844268
1748620800000,161.24,161.78,155.86,157.88,219178.367894
1748624400000,157.88,159.19,157.71,158.56,39379.329855
1748628000000,158.56,160.76,158.34,160.43,35714.156245
1748631600000,160.42,161.47,160.07,160.81,21090.041615
1748635200000,160.81,160.91,159.85,159.89,17434.258943
1748638800000,159.9,160.98,159.79,159.97,15589.23044
1748642400000,159.98,160.27,156.74,156.76,41385.698767
1748646000000,156.76,157.47,155.21,156.19,53985.349237
1748649600000,156.19,157.23,154.47,155.83,56782.880931
1748653200000,155.84,156.81,152.56,153.3,109529.513004
1748656800000,153.28,155.13,152.16,152.55,53582.016815
1748660400000,152.57,154.5,152.14,154.13,33111.049503
1748664000000,154.15,155.73,153.0,155.67,32494.695082
1748667600000,155.67,155.87,154.16,154.23,18855.099057
1748671200000,154.23,155.49,154.07,155.12,26961.999273
1748674800000,155.12,155.26,154.2,154.86,11082.684009
1748678400000,154.86,155.28,154.21,155.02,14533.392964
1748682000000,155.02,155.17,153.57,153.89,19489.796074
1748685600000,153.89,154.77,152.72,153.51,21591.472094
1748689200000,153.52,153.65,152.62,152.93,11519.432744
1748692800000,152.93,155.13,152.66,155.1,27289.597889
1748696400000,155.1,156.02,154.5,154.85,29154.158767
1748700000000,154.85,155.93,154.75,155.68,35148.900107
1748703600000,155.69,156.77,155.37,155.63,39816.502753
1748707200000,155.63,156.85,155.2,156.65,40220.302905
1748710800000,156.64,156.76,155.52,155.67,31944.57104
1748714400000,155.66,156.63,155.58,156.44,8939.36314
1748718000000,156.44,157.96,156.44,157.52,23657.290596
1748721600000,157.52,157.68,157.14,157.38,5464.254186
1748725200000,157.39,157.99,157.09,157.8,31266.994832
1748728800000,157.82,158.0,156.82,156.87,17833.623729
1748732400000,156.87,157.69,156.31,156.44,22001.823606
1748736000000,156.45,156.68,155.7,156.19,15223.182783
1748739600000,156.2,156.78,154.69,155.16,26514.987846
1748743200000,155.17,155.35,154.28,154.81,30272.388447
1748746800000,154.82,154.93,153.4,154.71,19927.330571
1748750400000,154.72,155.96,154.57,155.49,20371.37778
1748754000000,155.49,155.93,155.12,155.39,16248.607107
1748757600000,155.38,155.43,154.61,154.82,9855.643107
1748761200000,154.82,154.92,154.13,154.46,9696.289967
1748764800000,154.45,154.65,152.91,153.36,32516.745043
1748768400000,153.37,153.81,150.81,151.49,54021.178291
1748772000000,151.5,151.89,150.5,151.62,34602.775269
1748775600000,151.61,152.34,151.38,152.05,16177.798105
1748779200000,152.05,152.35,150.66,151.1,17839.749656
1748782800000,151.1,152.36,151.03,152.02,12975.983647
1748786400000,152.02,153.93,152.02,153.28,27330.149129
1748790000000,153.28,154.56,152.98,154.17,15500.398004
1748793600000,154.17,156.68,154.05,155.88,52258.021231
1748797200000,155.89,156.73,155.55,156.35,15187.991192
1748800800000,156.35,156.35,153.45,154.68,47362.097229
1748804400000,154.7,155.94,154.54,155.9,19568.268586
1748808000000,155.9,156.33,155.17,155.7,16743.755762
1748811600000,155.69,157.26,155.59,156.91,16992.325745
1748815200000,156.9,157.41,156.39,157.21,17465.802254
1748818800000,157.2,157.93,156.97,157.69,26222.717561
1748822400000,157.68,158.24,157.21,157.81,21866.927371
1748826000000,157.81,158.96,157.8,158.04,24622.525064
1748829600000,158.05,158.27,156.66,156.87,25952.454194
1748833200000,156.87,156.93,155.39,155.47,29068.336222
1748836800000,155.47,156.23,155.09,155.3,21502.073481
1748840400000,155.31,156.22,154.71,155.35,13643.870828
1748844000000,155.35,156.15,154.64,155.74,16511.861716
1748847600000,155.73,156.72,155.36,155.52,19487.870843
1748851200000,155.51,156.55,154.39,154.85,32256.229242
1748854800000,154.87,154.9,153.17,153.54,37517.891844
1748858400000,153.54,154.24,152.95,154.04,27977.897556
1748862000000,154.04,154.68,153.33,153.44,28297.332572
1748865600000,153.45,154.38,153.15,154.23,20689.943536
1748869200000,154.23,154.53,151.95,152.25,55204.131737
1748872800000,152.24,154.26,151.66,153.02,75155.787464
1748876400000,153.01,153.87,152.05,153.17,34883.384699
1748880000000,153.18,153.34,152.0,153.05,18130.249666
1748883600000,153.05,153.86,152.46,153.67,14532.861937
1748887200000,153.68,155.12,152.94,153.2,40440.291969
1748890800000,153.21,153.64,151.8,152.95,20988.102694
1748894400000,152.96,154.55,152.95,154.32,17422.652641
1748898000000,154.31,155.48,154.21,155.41,13325.484251
1748901600000,155.42,156.8,155.41,156.24,33052.639392
1748905200000,156.24,157.22,156.18,156.81,36100.340601
1748908800000,156.82,158.99,156.35,158.85,40078.182689
1748912400000,158.86,162.25,158.86,161.97,76245.255985
1748916000000,161.98,162.4,159.63,159.84,64772.479467
1748919600000,159.84,160.17,158.36,159.43,29746.20914
1748923200000,159.44,159.58,158.19,158.45,14275.860825
1748926800000,158.46,159.73,158.46,159.53,16533.659966
1748930400000,159.53,159.93,158.94,159.92,10572.272415
1748934000000,159.92,160.18,159.37,159.81,12919.444134
1748937600000,159.81,159.9,158.3,159.26,20977.977355
1748941200000,159.26,160.11,158.72,159.89,14350.120638
1748944800000,159.91,161.33,159.82,161.23,41610.129793
1748948400000,161.23,161.65,160.46,160.56,26773.444662
1748952000000,160.57,161.53,160.23,161.17,15191.453591
1748955600000,161.17,161.61,160.02,160.72,44937.151952
1748959200000,160.72,163.3,159.48,163.19,55593.621739
1748962800000,163.17,163.63,161.84,162.21,38657.873434
1748966400000,162.21,162.42,160.63,160.66,35334.10093
1748970000000,160.66,161.95,160.43,161.18,41036.724534
1748973600000,161.19,161.22,160.01,160.4,25749.906291
1748977200000,160.38,161.19,160.22,160.57,15982.990332
1748980800000,160.59,160.61,156.64,157.7,59802.584947
1748984400000,157.7,157.89,154.15,154.83,48993.957602
1748988000000,154.83,156.36,154.45,155.84,31807.64759
1748991600000,155.85,156.26,154.99,155.21,23969.69811
1748995200000,155.2,155.74,154.19,155.47,37774.550817
1748998800000,155.48,157.33,155.23,156.8,31071.281055
1749002400000,156.81,157.62,155.95,156.03,19766.110607
1749006000000,156.04,157.49,155.97,156.58,23324.667269
1749009600000,156.58,156.92,156.19,156.43,15021.685594
1749013200000,156.44,156.83,155.74,156.47,12579.066095
1749016800000,156.48,157.03,156.02,156.45,10879.70379
1749020400000,156.48,156.88,156.04,156.43,11620.556959
1749024000000,156.44,157.19,156.44,156.71,11550.675194
1749027600000,156.71,157.79,156.28,157.52,16648.791691
1749031200000,157.54,157.89,156.43,156.65,18313.23743
1749034800000,156.64,156.87,155.73,155.93,20171.3893
1749038400000,155.93,156.36,155.14,155.68,23582.18725
1749042000000,155.67,156.88,155.32,155.74,32001.470309
1749045600000,155.73,156.86,154.59,156.82,75767.33292
1749049200000,156.82,157.96,156.56,157.1,45517.671135
1749052800000,157.11,157.55,156.39,157.36,22412.38249
1749056400000,157.35,157.44,155.55,156.06,18661.134381
1749060000000,156.06,156.53,155.53,155.63,6979.972189
1749063600000,155.64,155.99,155.28,155.37,24351.818722
1749067200000,155.35,155.51,154.0,154.5,31638.265054
1749070800000,154.53,155.59,153.85,155.07,27104.208432
1749074400000,155.1,155.24,153.34,153.53,25339.953583
1749078000000,153.56,153.77,153.0,153.26,26003.88317
1749081600000,153.26,154.11,153.01,153.83,16005.689126
1749085200000,153.82,154.19,153.05,153.36,21793.693216
1749088800000,153.37,154.62,153.36,153.52,47782.491789
1749092400000,153.52,154.01,153.08,153.84,12447.378167
1749096000000,153.83,154.03,153.19,154.01,22851.544565
1749099600000,154.01,154.13,151.88,152.47,63774.02181
1749103200000,152.48,152.96,152.08,152.17,30434.83294
1749106800000,152.17,153.0,152.05,152.44,24101.598851
1749110400000,152.45,152.96,151.78,152.06,24956.755262
1749114000000,152.07,153.03,152.06,153.02,13041.640585
1749117600000,153.02,153.03,151.35,151.92,25171.011292
1749121200000,151.93,152.4,151.28,152.37,22870.100864
1749124800000,152.38,154.35,152.16,153.92,51387.169364
1749128400000,153.93,154.39,149.78,150.38,110754.464093
1749132000000,150.4,151.64,148.55,151.23,117695.227915
1749135600000,151.24,151.68,150.48,150.9,32276.546351
1749139200000,150.92,151.12,148.34,148.66,63841.631916
1749142800000,148.66,149.87,148.55,149.45,32690.347498
1749146400000,149.45,150.04,148.37,149.44,31330.636975
1749150000000,149.46,149.62,144.07,146.22,279957.674145
1749153600000,146.24,146.63,141.48,141.83,174582.949025
1749157200000,141.83,144.72,141.62,144.31,88697.579416
1749160800000,144.3,144.93,143.11,144.48,29806.007505
1749164400000,144.48,145.05,144.14,144.3,41338.686895
1749168000000,144.31,145.56,144.11,145.43,39764.704183
1749171600000,145.43,145.64,144.68,145.54,19603.055694
1749175200000,145.55,146.62,145.07,146.59,22305.02002
1749178800000,146.59,146.86,145.89,146.82,27834.768561
1749182400000,146.83,147.91,146.61,147.55,25799.48737
1749186000000,147.56,147.69,146.81,147.51,21331.717382
1749189600000,147.5,148.27,146.92,147.13,31949.286901
1749193200000,147.13,147.95,147.0,147.39,22111.084489
1749196800000,147.39,148.05,147.22,147.88,26367.476386
1749200400000,147.89,148.64,147.44,147.46,42490.155336
1749204000000,147.47,148.88,147.47,148.52,30940.794397
1749207600000,148.53,149.59,148.25,149.1,38872.650683
1749211200000,149.1,152.4,149.1,150.57,97934.754527
1749214800000,150.6,152.27,150.6,150.78,50324.613818
1749218400000,150.77,151.89,150.54,151.31,25164.654767
1749222000000,151.31,152.38,150.27,151.07,35262.519358
1749225600000,151.08,151.55,149.85,150.07,29793.598084
1749229200000,150.08,150.31,149.23,150.12,31922.371943
1749232800000,150.12,150.2,148.47,148.92,22572.257637
1749236400000,148.9,149.72,148.83,149.09,11913.311195
1749240000000,149.1,149.97,148.68,149.35,10645.022185
1749243600000,149.35,149.78,149.1,149.23,10015.404923
1749247200000,149.23,149.26,148.16,148.49,18646.881827
1749250800000,148.48,148.56,147.68,147.84,11218.040092
1749254400000,147.85,148.72,146.89,148.71,21591.705999
1749258000000,148.7,148.88,147.36,147.72,12931.746832
1749261600000,147.73,148.65,147.49,148.33,16267.705768
1749265200000,148.33,149.74,148.02,149.49,64423.563293
1749268800000,149.5,149.94,149.02,149.78,11845.543207
1749272400000,149.78,151.3,149.56,150.92,17360.33913
1749276000000,150.92,152.31,150.42,152.1,27614.096566
1749279600000,152.11,152.85,151.51,152.37,28124.30175
1749283200000,152.37,152.69,151.77,151.86,17741.642549
1749286800000,151.87,152.28,151.48,151.48,17805.553361
1749290400000,151.48,152.07,151.23,151.85,27211.331082
1749294000000,151.84,152.16,151.34,151.44,14100.291792
1749297600000,151.44,152.4,151.36,152.11,15044.903184
1749301200000,152.12,152.41,151.42,151.81,21469.52669
1749304800000,151.82,151.99,151.42,151.46,12669.706781
1749308400000,151.47,151.64,150.7,151.0,9496.974246
1749312000000,151.0,151.59,150.46,150.7,11189.98528
1749315600000,150.71,151.24,150.25,150.31,8525.404884
1749319200000,150.32,151.17,150.15,150.57,7243.18931
1749322800000,150.57,151.19,150.45,150.59,12287.288876
1749326400000,150.58,150.99,150.48,150.88,9841.248363
1749330000000,150.87,151.42,150.81,151.2,11021.347697
1749333600000,151.18,151.49,150.85,151.09,9296.158851
1749337200000,151.1,151.15,149.76,150.07,11347.046165
1749340800000,150.08,150.11,149.18,149.47,13527.517186
1749344400000,149.47,150.32,149.16,150.31,13147.395686
1749348000000,150.32,150.35,149.66,149.77,6257.962923
1749351600000,149.77,150.08,149.59,149.88,6639.498008
1749355200000,149.88,150.34,149.45,150.1,8567.344603
1749358800000,150.1,150.4,149.75,149.88,7920.19391
1749362400000,149.88,150.51,149.85,149.91,7683.321322
1749366000000,149.92,150.24,149.14,149.3,12710.941933
1749369600000,149.3,149.68,148.94,149.04,12888.155186
1749373200000,149.04,149.13,147.87,148.46,34286.527225
1749376800000,148.47,148.98,148.17,148.86,10959.657039
1749380400000,148.86,149.8,148.83,149.64,19562.702837
1749384000000,149.64,149.99,149.0,149.55,23414.534736
1749387600000,149.56,151.21,149.16,149.69,31876.245033
1749391200000,149.7,150.42,149.51,150.35,12569.28903
1749394800000,150.37,150.99,150.3,150.72,17663.178807
1749398400000,150.72,152.23,150.63,152.23,20499.309003
1749402000000,152.22,153.89,152.22,153.16,53018.447208
1749405600000,153.16,154.19,152.95,153.86,27387.642231
1749409200000,153.86,154.54,153.7,154.48,17251.842242
1749412800000,154.48,154.73,153.91,154.26,30124.748595
1749416400000,154.28,155.3,153.98,154.42,18415.776824
1749420000000,154.42,154.53,152.82,152.92,30296.594369
1749423600000,152.92,153.02,152.14,152.44,30866.595026
1749427200000,152.45,153.16,151.85,152.39,26426.652972
1749430800000,152.39,152.69,151.74,151.96,13443.396356
1749434400000,151.96,152.48,151.57,151.72,13327.686113
1749438000000,151.71,151.83,150.8,151.58,21564.774972
1749441600000,151.56,151.86,150.66,150.84,21432.958285
1749445200000,150.86,150.87,149.8,149.82,17900.60826
1749448800000,149.83,151.05,149.6,150.91,21186.151961
1749452400000,150.91,150.95,150.01,150.88,16870.038426
1749456000000,150.88,151.8,150.41,151.75,16809.342598
1749459600000,151.76,154.46,151.33,153.42,68341.535773
1749463200000,153.44,155.58,153.19,155.34,67704.658433
1749466800000,155.35,156.73,154.91,155.59,78157.122703
1749470400000,155.59,155.79,154.74,155.69,30592.40043
1749474000000,155.68,155.82,153.07,153.38,52808.189717
1749477600000,153.38,154.8,153.26,154.12,45096.762877
1749481200000,154.13,155.55,153.91,155.03,43572.975052
1749484800000,155.03,156.63,155.0,155.58,45101.508944
1749488400000,155.59,157.0,155.37,156.29,41917.92447
1749492000000,156.3,156.74,156.0,156.49,15913.652917
1749495600000,156.5,156.63,155.05,155.74,22328.96924
1749499200000,155.75,156.65,155.7,156.5,10765.731215
1749502800000,156.49,159.7,156.48,159.03,84800.190698
1749506400000,159.04,160.32,158.94,159.82,35044.749049
1749510000000,159.84,161.72,159.59,161.17,38617.836817
1749513600000,161.17,161.83,160.37,160.67,40759.044356
1749517200000,160.66,160.96,159.81,160.04,17862.20995
1749520800000,160.04,160.05,159.16,159.54,22543.625536
1749524400000,159.57,159.72,158.7,159.18,18022.242701
1749528000000,159.19,159.54,158.74,159.32,23088.353259
1749531600000,159.32,159.62,157.66,158.12,38965.039367
1749535200000,158.13,158.59,157.41,158.37,20017.436973
1749538800000,158.39,158.81,157.8,158.47,16072.619215
1749542400000,158.48,159.0,157.75,157.77,14314.881005
1749546000000,157.79,159.04,157.57,158.97,32370.725685
1749549600000,158.98,159.31,157.7,158.15,22696.254725
1749553200000,158.16,161.54,157.15,160.85,103662.387596
1749556800000,160.85,161.54,159.36,161.47,48187.629067
1749560400000,161.49,162.0,158.13,159.15,81766.375982
1749564000000,159.14,159.19,156.64,157.2,56300.127413
1749567600000,157.18,158.71,156.33,158.05,53680.30184
1749571200000,158.06,158.47,157.13,157.22,45015.396913
1749574800000,157.22,158.68,157.2,158.24,27565.914867
1749578400000,158.25,165.0,157.75,163.96,146701.827235
1749582000000,163.96,165.49,162.77,163.63,157272.236193
1749585600000,163.63,165.63,162.87,165.56,39771.52531
1749589200000,165.57,165.68,163.13,163.89,90282.123596
1749592800000,163.91,165.16,163.61,164.92,60611.046144
1749596400000,164.94,165.31,163.99,165.12,49310.142994
1749600000000,165.12,165.79,163.88,164.61,70565.600364
1749603600000,164.61,165.13,163.44,164.13,44103.407736
1749607200000,164.14,165.84,163.68,164.34,49190.169478
1749610800000,164.34,167.44,164.28,166.66,83233.895029
1749614400000,166.67,166.78,164.76,165.09,29407.019907
1749618000000,165.11,165.27,164.34,164.94,14435.141202
1749621600000,164.95,166.57,164.95,165.95,42403.597556
1749625200000,165.96,167.13,165.26,166.64,41844.803837
1749628800000,166.64,167.2,165.53,165.74,59453.671277
1749632400000,165.75,167.09,164.76,164.95,94824.989603
1749636000000,164.95,165.25,164.15,164.49,54550.362008
1749639600000,164.5,165.2,163.97,164.51,55326.163415
1749643200000,164.51,167.5,163.72,167.23,174799.196698
1749646800000,167.22,167.39,165.17,165.75,87165.938992
1749650400000,165.76,168.33,165.51,167.06,92669.351104
1749654000000,167.03,167.64,165.87,167.25,78827.818307
1749657600000,167.26,167.45,166.08,166.65,48363.747263
1749661200000,166.65,166.65,163.84,163.86,60742.387444
1749664800000,163.85,164.12,162.36,163.32,80946.6463
1749668400000,163.34,163.55,162.46,162.66,32662.455543
1749672000000,162.64,163.74,161.9,163.15,19422.056562
1749675600000,163.16,163.89,160.24,160.39,47461.14748
1749679200000,160.39,160.75,159.22,160.14,74389.929719
1749682800000,160.08,161.15,159.93,161.0,24846.110399
1749686400000,160.99,161.31,159.65,160.83,32536.272136
1749690000000,160.81,161.01,159.26,160.41,24698.962266
1749693600000,160.41,161.0,159.6,160.04,25018.274544
1749697200000,160.04,160.63,159.28,159.86,20689.539113
1749700800000,159.86,160.57,159.41,159.97,17613.530282
1749704400000,159.96,160.17,158.72,159.52,29291.353231
1749708000000,159.52,159.97,158.91,159.3,19671.632883
1749711600000,159.31,159.67,158.29,158.81,22778.669367
1749715200000,158.8,159.6,158.18,159.49,35472.496962
1749718800000,159.5,159.93,159.21,159.63,15376.698954
1749722400000,159.63,159.67,158.45,159.13,17189.267896
1749726000000,159.13,159.17,157.43,157.74,46688.650532
1749729600000,157.75,159.15,157.31,158.67,40465.935177
1749733200000,158.69,159.06,157.85,158.79,27447.423651
1749736800000,158.8,160.65,158.8,159.94,49480.98376
1749740400000,159.94,160.32,156.45,157.05,66745.811349
1749744000000,157.05,158.66,156.78,158.33,39566.0095
1749747600000,158.34,160.46,158.11,160.04,35215.288248
1749751200000,160.04,160.11,156.93,157.74,41559.573476
1749754800000,157.74,158.08,154.49,154.84,64518.639555
1749758400000,154.83,155.44,152.3,153.21,81837.258748
1749762000000,153.21,153.7,152.2,152.36,61948.862203
1749765600000,152.35,152.95,152.05,152.51,22015.006701
1749769200000,152.48,152.94,152.1,152.31,21578.80559
1749772800000,152.33,152.59,142.29,145.59,418304.761985
1749776400000,145.58,145.61,140.88,143.32,214384.055019
1749780000000,143.31,143.34,140.9,142.68,112673.296751
1749783600000,142.68,145.34,142.64,144.75,127805.915702
1749787200000,144.78,144.78,143.48,144.28,59529.740975
1749790800000,144.28,144.34,143.55,143.8,67626.088233
1749794400000,143.8,144.95,142.6,144.95,59936.970708
1749798000000,144.95,145.47,144.21,145.01,66187.833707
1749801600000,145.01,146.66,144.29,144.84,95228.307919
1749805200000,144.83,145.09,144.36,144.79,66539.370029
1749808800000,144.8,145.02,143.66,144.98,56404.299477
1749812400000,144.99,145.71,144.25,145.45,54104.671138
1749816000000,145.44,146.24,144.89,145.14,58331.118596
1749819600000,145.15,146.48,144.62,145.27,71340.909106
1749823200000,145.28,146.37,143.93,146.16,102796.353992
1749826800000,146.2,147.76,145.67,147.15,98921.107842
1749830400000,147.15,148.53,146.31,147.43,85504.312682
1749834000000,147.42,147.42,145.3,146.47,77863.682682
1749837600000,146.46,146.62,144.27,145.5,72907.899813
1749841200000,145.51,146.0,144.47,145.16,49567.596487
1749844800000,145.14,147.7,144.73,147.29,47983.955428
1749848400000,147.28,147.64,146.43,147.08,29081.470943
1749852000000,147.1,148.05,147.03,147.79,21040.733616
1749855600000,147.8,148.91,147.69,148.59,21248.022706
1749859200000,148.59,148.73,147.63,147.81,39872.157001
1749862800000,147.82,147.84,146.73,146.92,30418.651545
1749866400000,146.91,147.34,146.44,146.53,15451.696019
1749870000000,146.55,147.23,146.51,146.72,24141.788469
1749873600000,146.73,147.16,146.52,146.8,14196.79446
1749877200000,146.81,147.06,146.36,146.88,10702.638333
1749880800000,146.88,147.08,146.06,146.23,21930.341279
1749884400000,146.24,146.45,145.55,146.17,17512.644551
1749888000000,146.17,146.22,145.2,145.82,17410.256344
1749891600000,145.85,145.95,144.95,145.16,13526.95188
1749895200000,145.16,145.92,145.1,145.63,7618.381607
1749898800000,145.63,146.09,145.46,145.85,7097.175522
1749902400000,145.85,145.96,144.93,145.53,12686.526586
1749906000000,145.52,145.92,145.01,145.52,12873.352661
1749909600000,145.52,145.77,144.98,145.27,14278.880276
1749913200000,145.28,145.47,143.82,144.56,29717.571859
1749916800000,144.56,144.96,142.95,143.36,36851.261504
1749920400000,143.35,144.66,143.03,144.49,26558.19145
1749924000000,144.49,145.14,143.09,144.11,25763.990825
1749927600000,144.11,144.49,143.48,143.52,19137.675289
1749931200000,143.53,143.72,141.96,142.91,32749.012217
1749934800000,142.92,144.83,142.69,144.58,22088.849189
1749938400000,144.59,144.9,144.0,144.33,14394.133705
1749942000000,144.33,145.03,144.26,144.66,10193.951208
1749945600000,144.66,145.79,144.57,145.63,22027.370848
1749949200000,145.63,145.69,144.8,145.06,20703.694689
1749952800000,145.06,146.08,145.06,145.54,14910.755937
1749956400000,145.55,145.89,145.5,145.75,6216.368037
1749960000000,145.75,146.45,145.7,146.27,10965.628663
1749963600000,146.27,147.4,145.74,147.36,29154.352665
1749967200000,147.37,148.1,146.33,146.49,36526.042104
1749970800000,146.48,146.54,145.76,145.89,16944.366391
1749974400000,145.89,146.08,145.11,145.44,13762.310095
1749978000000,145.45,145.45,144.24,144.34,19030.461237
1749981600000,144.35,145.93,144.33,145.87,23446.071215
1749985200000,145.87,146.72,145.52,146.35,20990.121997
1749988800000,146.35,147.86,146.16,147.68,22849.420003
1749992400000,147.68,148.35,146.97,148.33,44851.232941
1749996000000,148.33,152.47,147.93,151.92,104534.472483
1749999600000,151.92,152.96,150.54,150.85,90233.270962
1750003200000,150.85,152.0,150.18,151.92,49056.148265
1750006800000,151.93,152.64,151.48,152.24,27554.479473
1750010400000,152.24,152.84,151.3,152.72,32023.66349
1750014000000,152.7,153.58,151.89,152.2,34235.491028
1750017600000,152.24,152.33,148.17,148.86,72533.226455
1750021200000,148.84,150.79,148.17,150.54,33499.246142
1750024800000,150.53,152.58,150.24,152.08,40488.60567
1750028400000,152.09,153.03,151.63,152.96,24061.991387
1750032000000,152.98,153.28,151.56,152.01,30530.344651
1750035600000,152.0,156.66,150.95,156.53,108636.48494
1750039200000,156.53,157.36,155.44,155.7,65389.766124
1750042800000,155.73,156.25,155.53,155.57,20795.099673
1750046400000,155.58,157.17,155.51,156.76,36769.782915
1750050000000,156.78,157.93,156.45,156.73,38768.679134
1750053600000,156.74,157.15,156.3,156.49,26061.904908
1750057200000,156.5,157.57,156.5,157.26,25709.459847
1750060800000,157.27,157.5,156.53,156.95,21172.679614
1750064400000,156.96,157.0,155.94,156.5,29454.59394
1750068000000,156.51,157.1,155.89,156.1,28894.111593
1750071600000,156.12,156.88,154.81,156.46,54414.632644
1750075200000,156.45,156.75,155.18,155.27,26066.809852
1750078800000,155.29,156.75,154.68,156.6,70808.148495
1750082400000,156.58,157.79,155.65,156.46,79189.432714
1750086000000,156.48,157.5,156.12,156.55,43507.582308
1750089600000,156.59,158.24,156.36,157.55,46312.142191
1750093200000,157.54,158.06,156.99,157.21,41796.861015
1750096800000,157.22,158.2,157.01,158.18,16934.717886
1750100400000,158.2,158.75,157.19,157.8,24508.219218
1750104000000,157.81,157.87,156.81,157.29,23735.957461
1750107600000,157.29,157.57,156.38,156.69,21523.948013
1750111200000,156.69,157.22,151.74,153.02,118856.912187
1750114800000,152.97,154.13,150.29,150.74,81772.078161
1750118400000,150.75,151.99,147.51,151.99,141968.426527
1750122000000,152.0,152.28,151.02,151.62,34634.95052
1750125600000,151.64,153.41,150.92,153.21,31387.72222
1750129200000,153.26,154.0,152.61,153.36,27037.472807
1750132800000,153.37,153.7,152.42,153.06,17560.963421
1750136400000,153.04,153.89,152.7,153.61,18466.772156
1750140000000,153.6,154.32,152.68,153.06,30952.68999
1750143600000,153.07,153.37,152.51,152.68,29817.304156
1750147200000,152.67,152.88,151.48,151.58,21425.507191
1750150800000,151.59,152.02,151.04,151.55,27760.546586
1750154400000,151.51,151.54,150.32,151.22,58444.943025
1750158000000,151.21,151.21,150.21,150.55,32282.650624
1750161600000,150.55,151.43,149.53,149.68,33321.101203
1750165200000,149.68,150.53,149.11,149.62,34887.956965
1750168800000,149.62,150.83,148.71,148.86,37924.284032
1750172400000,148.85,149.04,146.55,147.64,98603.846307
1750176000000,147.64,148.02,146.0,146.02,91862.373945
1750179600000,146.01,147.4,145.62,146.3,82690.441835
1750183200000,146.29,148.17,145.66,148.15,31694.389708
1750186800000,148.15,150.39,147.82,148.88,79660.706872
1750190400000,148.89,149.26,148.11,148.66,25429.951973
1750194000000,148.65,148.98,146.52,147.77,65947.077542
1750197600000,147.8,147.93,146.29,146.47,13708.059454
1750201200000,146.47,148.38,146.39,147.58,21740.292632
1750204800000,147.6,148.28,146.55,148.26,55734.704592
1750208400000,148.26,149.12,147.51,147.56,25405.206983
1750212000000,147.59,148.19,147.21,147.57,20093.357886
1750215600000,147.57,148.55,147.4,148.37,14127.350028
1750219200000,148.37,149.29,148.2,148.78,22972.565918
1750222800000,148.79,149.08,148.22,148.3,21914.985405
1750226400000,148.3,148.34,146.89,147.22,40748.313814
1750230000000,147.2,147.98,147.01,147.98,23595.009965
1750233600000,147.98,148.52,147.07,147.65,32032.236838
1750237200000,147.65,148.35,147.19,147.42,18173.154338
1750240800000,147.41,147.52,145.35,145.72,47883.821475
1750244400000,145.69,146.77,145.5,146.52,26811.721826
1750248000000,146.5,146.58,145.0,145.18,40840.535671
1750251600000,145.19,145.48,143.8,145.29,71559.512176
1750255200000,145.29,146.77,144.66,145.3,59818.987431
1750258800000,145.3,146.13,144.65,145.77,29145.918504
1750262400000,145.77,145.77,144.45,144.84,23403.811661
1750266000000,144.83,145.9,143.94,145.56,39368.299086
1750269600000,145.58,146.5,143.98,143.98,51798.021818
1750273200000,143.97,146.06,143.65,144.72,56810.651636
1750276800000,144.74,147.88,144.11,147.47,31650.295509
1750280400000,147.48,147.86,146.28,147.57,30060.471584
1750284000000,147.56,147.91,147.19,147.39,13482.133643
1750287600000,147.41,147.82,145.89,146.36,23573.09737
1750291200000,146.36,147.9,145.82,146.92,34114.54706
1750294800000,146.95,146.99,145.43,145.7,23567.510678
1750298400000,145.7,146.19,144.98,145.52,31043.741603
1750302000000,145.52,146.72,145.52,146.62,11206.88631
1750305600000,146.62,146.68,145.59,146.55,15836.720935
1750309200000,146.55,147.17,145.81,145.97,23234.07934
1750312800000,145.96,146.2,145.04,145.14,17923.615824
1750316400000,145.14,145.61,145.03,145.09,12889.681981
1750320000000,145.09,145.96,145.09,145.18,11209.062651
1750323600000,145.18,146.23,145.06,146.12,14910.809343
1750327200000,146.12,146.49,145.77,146.09,11998.473677
1750330800000,146.09,146.11,144.86,145.07,16253.846839
1750334400000,145.08,145.51,144.51,145.23,18534.620076
1750338000000,145.23,145.35,143.82,143.96,24822.508426
1750341600000,143.97,144.67,142.96,143.16,41802.097501
1750345200000,143.17,143.98,142.93,143.17,21118.322315
1750348800000,143.16,144.19,143.14,143.33,18750.873666
1750352400000,143.34,145.24,143.13,144.8,32140.6424
1750356000000,144.8,146.07,144.71,145.37,24209.721624
1750359600000,145.37,145.87,145.08,145.51,12696.685039
1750363200000,145.51,146.19,145.04,145.35,14673.145469
1750366800000,145.35,146.02,145.22,145.67,18400.957018
1750370400000,145.68,147.48,145.68,146.71,25549.922973
1750374000000,146.73,147.25,146.41,147.04,14565.487226
1750377600000,147.05,147.54,146.61,146.96,16398.744204
1750381200000,146.96,147.25,146.19,147.13,11776.529737
1750384800000,147.14,147.16,145.66,145.98,17657.856629
1750388400000,145.98,146.06,145.43,145.47,10359.234246
1750392000000,145.46,145.63,144.3,144.51,23853.382915
1750395600000,144.51,145.51,144.49,145.34,14216.27953
1750399200000,145.36,145.72,145.0,145.5,11154.840965
1750402800000,145.5,147.79,145.25,147.45,41598.751168
1750406400000,147.47,148.27,146.93,147.43,44335.154802
1750410000000,147.43,147.82,147.17,147.76,18954.309745
1750413600000,147.76,148.8,147.59,148.57,27976.127408
1750417200000,148.56,148.63,147.89,148.17,16738.642958
1750420800000,148.17,148.35,147.43,147.49,17553.629036
1750424400000,147.49,147.95,146.04,146.66,42015.128157
1750428000000,146.65,146.87,143.78,144.0,73148.017987
1750431600000,144.04,144.43,142.36,142.86,72808.92626
1750435200000,142.87,143.0,141.89,142.34,57076.03901
1750438800000,142.34,142.69,135.65,138.4,434175.233604
1750442400000,138.37,139.53,137.96,139.3,71173.740873
1750446000000,139.3,139.93,138.04,139.81,55608.822523
1750449600000,139.81,141.73,139.79,140.96,45541.352409
1750453200000,140.97,141.03,140.03,140.15,25445.003113
1750456800000,140.16,140.19,138.68,139.1,22998.06838
1750460400000,139.09,140.18,138.81,140.11,12252.224832
1750464000000,140.12,140.47,139.54,139.94,11104.447773
1750467600000,139.94,140.61,139.89,140.25,34025.903342
1750471200000,140.27,140.46,139.6,139.98,11672.894605
1750474800000,139.99,141.4,139.98,140.77,46218.180022
1750478400000,140.77,140.98,140.04,140.11,10258.107232
1750482000000,140.12,140.58,139.97,140.39,13143.270533
1750485600000,140.41,140.54,140.11,140.44,13721.516139
1750489200000,140.44,140.72,139.85,140.62,8662.072017
1750492800000,140.65,141.9,140.31,141.6,14705.864702
1750496400000,141.64,142.03,140.99,141.87,30466.23209
1750500000000,141.87,142.59,141.71,142.21,19821.723367
1750503600000,142.21,142.52,141.94,142.07,14604.045874
1750507200000,142.07,142.46,141.47,141.72,15282.80804
1750510800000,141.75,142.21,140.25,140.71,25799.544862
1750514400000,140.71,141.4,140.22,140.41,25531.721714
1750518000000,140.39,140.78,139.16,140.31,36813.686791
1750521600000,140.31,141.08,139.8,140.14,34884.857691
1750525200000,140.13,140.92,138.28,138.67,24432.972986
1750528800000,138.71,139.64,137.39,137.71,51426.656568
1750532400000,137.72,138.32,137.25,137.28,31850.700323
1750536000000,137.31,138.9,136.85,138.44,46142.053598
1750539600000,138.45,138.63,130.8,132.77,221405.506838
1750543200000,132.76,134.76,132.69,134.18,43220.785566
1750546800000,134.19,135.62,131.9,135.39,143537.978803
1750550400000,135.41,137.59,134.06,136.5,103364.543897
1750554000000,136.53,137.17,134.9,135.04,41623.690573
1750557600000,135.07,136.1,133.23,134.72,62544.565546
1750561200000,134.7,135.55,134.06,135.12,29095.873779
1750564800000,135.11,136.31,134.62,135.81,25281.869364
1750568400000,135.81,136.48,135.48,136.22,16199.439255
1750572000000,136.23,136.5,135.57,135.92,18149.363753
1750575600000,135.92,135.92,134.64,134.82,31034.344556
1750579200000,134.85,135.09,134.12,134.93,20687.021832
1750582800000,134.94,135.36,132.28,132.31,43352.628816
1750586400000,132.33,133.75,131.97,133.17,53475.475797
1750590000000,133.17,134.01,132.45,133.23,68661.92033
1750593600000,133.22,133.86,132.51,133.49,63089.469138
1750597200000,133.49,133.74,126.8,128.73,364241.217154
1750600800000,128.74,130.23,126.53,129.86,209268.285597
1750604400000,129.87,130.41,128.22,128.54,64390.232771
1750608000000,128.55,129.91,128.29,129.81,91613.299601
1750611600000,129.8,131.45,129.32,130.51,70081.646956
1750615200000,130.49,131.12,129.28,129.43,23676.569318
1750618800000,129.42,129.5,128.53,129.1,31208.838308
1750622400000,129.12,130.14,126.0,129.53,117797.742395
1750626000000,129.58,130.07,127.98,129.0,33834.832285
1750629600000,129.02,132.46,128.82,132.18,91461.939417
1750633200000,132.18,132.55,131.43,131.72,30997.706483
1750636800000,131.71,133.52,131.53,132.52,47606.621875
1750640400000,132.52,133.15,131.72,133.04,31427.469226
1750644000000,133.04,133.23,132.53,132.85,19258.58986
1750647600000,132.85,133.13,132.3,132.67,13513.645569
1750651200000,132.68,133.72,132.35,133.15,19602.154234
1750654800000,133.18,134.76,133.12,134.4,37869.24609
1750658400000,134.41,134.75,133.52,134.29,38366.108063
1750662000000,134.3,134.99,134.01,134.37,35582.012492
1750665600000,134.37,134.87,133.94,134.34,27643.045086
1750669200000,134.35,134.47,133.41,134.34,29530.861877
1750672800000,134.34,134.5,133.29,133.82,19345.336295
1750676400000,133.83,134.43,133.24,134.11,21676.303875
1750680000000,134.12,135.54,133.77,135.53,38848.847896
1750683600000,135.52,136.97,132.93,136.64,140450.235902
1750687200000,136.64,137.47,134.6,134.79,99834.779036
1750690800000,134.79,135.47,133.15,133.43,64724.953238
1750694400000,133.44,133.66,130.69,132.51,146174.897056
1750698000000,132.52,137.27,132.28,136.79,161020.195206
1750701600000,136.79,139.36,136.77,138.12,135829.125541
1750705200000,138.11,140.24,138.06,139.79,60478.986497
1750708800000,139.81,142.33,139.24,140.63,84341.998694
1750712400000,140.63,141.74,140.47,140.94,34368.35909
1750716000000,140.96,146.93,140.95,144.9,237928.973888
1750719600000,144.9,145.23,144.21,144.5,49468.125444
1750723200000,144.52,144.76,143.02,143.32,54752.874468
1750726800000,143.32,144.38,143.0,143.82,25639.581657
1750730400000,143.8,143.8,142.29,142.51,39392.598295
1750734000000,142.52,143.56,142.49,143.23,43702.431307
1750737600000,143.23,143.53,142.83,143.27,23204.974419
1750741200000,143.28,145.74,143.17,145.45,50427.979611
1750744800000,145.48,146.78,144.78,146.07,43071.557435
1750748400000,146.06,146.39,143.87,144.0,45160.034785
1750752000000,144.0,144.89,143.43,144.27,30841.974782
1750755600000,144.25,145.83,143.72,143.98,43960.288233
1750759200000,143.98,144.2,143.31,144.07,24661.078195
1750762800000,144.07,144.71,143.02,144.54,20864.747795
1750766400000,144.57,144.91,143.72,144.43,32020.584228
1750770000000,144.43,145.02,143.45,144.02,53365.936806
1750773600000,144.02,145.71,143.91,145.01,82400.400284
1750777200000,145.02,145.63,143.64,144.34,34697.865013
1750780800000,144.35,146.64,143.79,146.47,60520.807888
1750784400000,146.48,146.65,143.93,144.79,29759.690721
1750788000000,144.8,145.19,143.51,143.7,22105.625265
1750791600000,143.71,143.93,142.85,143.64,34158.673658
1750795200000,143.63,145.15,143.2,145.09,16495.492826
1750798800000,145.08,145.7,144.42,145.43,15525.489176
1750802400000,145.41,145.41,144.41,145.01,11827.120286
1750806000000,145.01,145.93,144.5,145.93,20418.915636
1750809600000,145.94,146.39,145.04,146.11,17583.707484
1750813200000,146.11,146.23,145.1,145.83,18500.707741
1750816800000,145.83,146.94,145.64,145.92,50274.780399
1750820400000,145.91,146.36,145.52,145.52,22504.076001
1750824000000,145.53,145.64,144.89,145.42,20975.576586
1750827600000,145.42,145.82,145.13,145.43,14089.93122
1750831200000,145.41,146.45,145.21,146.33,12818.546363
1750834800000,146.33,147.55,146.02,147.01,38724.561599
1750838400000,147.02,147.12,145.02,145.86,31043.330654
1750842000000,145.88,146.83,145.05,145.51,46630.734903
1750845600000,145.52,146.25,145.13,145.92,28268.954617
1750849200000,145.91,146.38,145.2,146.26,25071.72283
1750852800000,146.27,146.46,145.46,146.43,27950.01701
1750856400000,146.43,147.99,146.16,147.37,87217.291927
1750860000000,147.38,147.43,144.76,145.66,82739.559936
1750863600000,145.66,145.68,143.13,143.69,59493.991131
1750867200000,143.7,144.29,142.82,143.43,43077.466331
1750870800000,143.43,144.59,143.09,143.93,23481.344766
1750874400000,143.89,143.98,143.14,143.32,25047.390999
1750878000000,143.32,144.72,143.26,144.72,22448.456558
1750881600000,144.73,145.17,144.19,145.08,17899.222571
1750885200000,145.08,145.61,144.08,144.4,28563.761435
1750888800000,144.39,144.39,142.91,143.19,39710.484796
1750892400000,143.19,143.61,142.27,143.56,26842.448741
1750896000000,143.56,144.36,143.4,144.17,12663.687127
1750899600000,144.17,146.21,143.69,145.32,34040.9475
1750903200000,145.32,146.5,144.96,146.25,48052.605456
1750906800000,146.25,148.0,145.69,145.93,61021.044071
1750910400000,145.93,146.09,144.96,145.45,22716.766939
1750914000000,145.44,145.72,144.04,144.5,35940.513798
1750917600000,144.49,145.14,144.21,144.88,20508.668119
1750921200000,144.85,145.92,144.76,145.15,30045.387459
1750924800000,145.16,145.82,144.7,144.86,18074.59342
1750928400000,144.91,145.16,143.65,143.81,27489.587886
1750932000000,143.82,144.22,143.19,143.53,21561.750822
1750935600000,143.54,143.96,143.12,143.64,14278.698784
1750939200000,143.65,143.95,142.75,142.99,31831.790917
1750942800000,143.0,143.25,141.37,141.81,56111.160779
1750946400000,141.81,143.76,141.52,143.12,49621.539541
1750950000000,143.12,143.57,141.56,143.01,44142.547404
1750953600000,143.01,143.25,142.14,142.32,15030.829855
1750957200000,142.34,143.06,141.6,141.7,75969.460672
1750960800000,141.73,142.53,140.85,141.53,30392.173754
1750964400000,141.55,142.64,141.22,142.3,14077.424672
1750968000000,142.28,143.98,142.04,142.99,27936.584234
1750971600000,143.0,143.25,139.37,140.44,55229.03332
1750975200000,140.41,140.9,138.94,139.05,26000.815345
1750978800000,139.06,139.34,138.66,139.07,31003.41282
1750982400000,139.07,139.34,137.87,137.88,32751.883624
1750986000000,137.88,139.88,137.17,139.48,46170.740856
1750989600000,139.48,141.04,139.25,140.89,15727.336565
1750993200000,140.9,141.59,140.73,141.35,15674.791637
1750996800000,141.35,141.56,140.83,141.35,22617.727425
1751000400000,141.35,142.13,140.53,140.67,16176.743925
1751004000000,140.67,141.41,140.31,141.29,14486.407708
1751007600000,141.28,142.2,140.2,140.33,17141.684176
1751011200000,140.34,142.8,140.34,142.23,32279.936458
1751014800000,142.24,142.3,141.53,142.08,22622.515136
1751018400000,142.09,142.23,141.49,141.89,11436.700487
1751022000000,141.89,142.34,141.58,142.13,42375.62805
1751025600000,142.13,142.79,141.14,141.36,23770.680955
1751029200000,141.36,142.96,141.14,142.75,29106.877029
1751032800000,142.76,143.48,141.32,141.89,49430.218461
1751036400000,141.88,143.85,141.61,143.46,38607.877586
1751040000000,143.47,144.88,143.09,143.74,53581.201094
1751043600000,143.72,143.86,140.81,141.58,31559.72703
1751047200000,141.56,141.76,140.12,140.65,29392.657139
1751050800000,140.63,142.06,140.51,141.81,30303.159157
1751054400000,141.8,142.88,141.64,142.86,15538.870095
1751058000000,142.87,143.36,142.36,142.6,18739.855828
1751061600000,142.59,143.02,142.59,142.66,5929.930207
1751065200000,142.66,142.66,141.86,142.11,8531.391261
1751068800000,142.12,142.49,141.47,141.77,26285.363265
1751072400000,141.77,142.64,141.15,142.58,19327.558079
1751076000000,142.59,143.42,142.53,143.02,12367.701947
1751079600000,143.02,143.55,142.83,143.4,8555.240387
1751083200000,143.41,143.44,143.09,143.23,5533.013164
1751086800000,143.23,144.13,143.23,143.91,22333.836226
1751090400000,143.9,144.82,143.81,144.81,17118.007271
1751094000000,144.82,146.8,144.57,146.55,50667.835344
1751097600000,146.56,147.24,146.14,146.37,43425.798597
1751101200000,146.37,147.54,145.59,147.19,32721.00783
1751104800000,147.18,147.5,146.78,146.94,13457.642547
1751108400000,146.96,147.51,146.92,147.12,9744.426476
1751112000000,147.13,147.31,146.37,146.43,21429.273332
1751115600000,146.43,146.82,145.88,146.12,15022.325849
1751119200000,146.12,147.11,146.12,146.82,25488.940861
1751122800000,146.84,148.71,146.75,148.17,44049.024037
1751126400000,148.18,149.91,148.1,149.17,72195.57648
1751130000000,149.16,152.72,149.09,152.17,77265.093249
1751133600000,152.18,152.32,150.4,151.28,53779.419603
1751137200000,151.28,151.58,150.66,150.69,22769.676457
1751140800000,150.68,150.93,150.08,150.09,13159.923916
1751144400000,150.09,151.23,150.06,151.03,13745.899087
1751148000000,151.08,151.39,150.73,150.82,12196.421847
1751151600000,150.83,151.3,150.57,150.72,8673.300113
1751155200000,150.73,151.11,150.28,150.66,19742.838576
1751158800000,150.67,150.89,150.24,150.27,9266.046725
1751162400000,150.27,150.35,149.42,149.87,63275.111952
1751166000000,149.88,150.18,149.48,149.5,15105.11485
1751169600000,149.5,149.97,149.37,149.79,11109.381272
1751173200000,149.79,149.9,149.42,149.73,9218.897651
1751176800000,149.74,150.22,149.61,149.78,15100.070414
1751180400000,149.78,150.35,149.58,150.35,11946.895237
1751184000000,150.35,151.01,149.96,150.79,24116.016859
1751187600000,150.79,152.26,150.53,151.11,55556.342752
1751191200000,151.11,151.81,150.85,151.4,23327.27371
1751194800000,151.41,151.74,150.92,151.7,16042.043483
1751198400000,151.69,152.0,150.92,151.88,23388.095021
1751202000000,151.89,152.0,151.14,151.77,23105.300893
1751205600000,151.78,152.56,151.17,151.3,34909.247245
1751209200000,151.3,151.79,150.71,150.75,17710.134226
1751212800000,150.76,150.96,149.72,150.55,40094.822795
1751216400000,150.54,151.42,150.34,151.42,16513.618662
1751220000000,151.41,152.22,151.16,151.85,22962.840422
1751223600000,151.86,151.9,150.95,151.19,10633.946126
1751227200000,151.19,151.39,150.85,150.85,16259.646589
1751230800000,150.86,152.02,150.36,151.66,16797.245239
1751234400000,151.66,154.76,151.62,152.93,94189.853848
1751238000000,152.95,153.77,152.54,153.31,28254.821504
1751241600000,153.31,154.1,152.49,152.6,58570.096859
1751245200000,152.63,152.64,151.62,152.05,38866.167924
1751248800000,152.06,152.66,151.94,152.01,13437.757521
1751252400000,152.02,152.19,151.31,151.79,31302.687597
1751256000000,151.79,152.04,150.98,151.13,22540.390389
1751259600000,151.11,151.42,150.52,151.32,27259.694252
1751263200000,151.32,151.38,149.93,150.45,23107.500754
1751266800000,150.43,150.77,149.69,150.65,30418.045594
1751270400000,150.65,150.84,149.43,149.83,32971.725552
1751274000000,149.84,150.54,149.65,149.91,106126.679885
1751277600000,149.9,150.42,149.9,150.32,27578.051659
1751281200000,150.33,151.09,150.1,150.37,26503.522613
1751284800000,150.38,150.71,149.76,149.94,13993.860094
1751288400000,149.92,151.78,149.84,150.89,52938.454555
1751292000000,150.9,152.35,149.96,151.33,71501.882988
1751295600000,151.34,159.97,150.84,157.83,531699.03571
1751299200000,157.84,158.45,156.34,157.03,196441.501733
1751302800000,157.03,157.44,156.47,156.74,57898.047717
1751306400000,156.75,157.67,155.35,155.75,57666.925217
1751310000000,155.77,157.98,155.66,157.78,54358.892621
1751313600000,157.77,157.81,156.1,156.59,31451.867843
1751317200000,156.59,156.83,155.41,155.55,50020.925106
1751320800000,155.57,156.02,155.03,155.17,27016.769597
1751324400000,155.18,155.8,154.52,154.83,22359.425807
1751328000000,154.83,155.65,153.4,154.78,42052.730534
1751331600000,154.78,155.25,154.32,154.4,13448.729244
1751335200000,154.39,154.39,153.16,153.32,30055.007924
1751338800000,153.33,153.95,153.18,153.89,42705.824
1751342400000,153.9,153.9,152.34,152.49,55083.925001
1751346000000,152.5,152.78,151.01,151.5,44127.037639
1751349600000,151.48,151.51,150.96,151.27,34270.135078
1751353200000,151.28,151.5,148.86,150.1,99019.07179
1751356800000,150.09,150.09,149.02,149.07,25915.220365
1751360400000,149.07,149.42,148.42,149.24,38117.601316
1751364000000,149.23,149.35,148.6,148.99,26296.235799
1751367600000,148.98,149.21,148.2,148.85,27103.079067
1751371200000,148.84,149.08,147.91,148.36,59793.764394
1751374800000,148.36,148.54,146.91,148.34,62278.717127
1751378400000,148.35,149.28,146.21,147.24,91111.336573
1751382000000,147.23,147.85,146.81,147.2,28764.684946
1751385600000,147.21,148.38,147.07,148.34,36403.727383
1751389200000,148.33,148.45,147.58,147.9,24853.935519
1751392800000,147.9,147.92,145.47,145.99,50468.448014
1751396400000,145.99,146.7,145.31,145.45,57297.118218
1751400000000,145.45,146.67,144.8,146.45,36093.414106
1751403600000,146.45,146.99,146.04,146.49,18391.478515
1751407200000,146.49,147.01,146.23,146.72,15274.547919
1751410800000,146.72,146.96,146.29,146.87,12236.985606
1751414400000,146.86,147.54,146.61,146.75,23557.476827
1751418000000,146.76,147.93,145.79,147.85,27240.059847
1751421600000,147.84,148.47,147.28,148.4,19814.763082
1751425200000,148.41,149.24,148.26,148.86,35636.852248
1751428800000,148.87,149.24,148.31,149.14,16129.23055
1751432400000,149.14,149.18,148.51,149.03,18996.088926
1751436000000,149.03,149.84,148.7,149.67,27267.289035
1751439600000,149.67,149.91,148.89,149.1,17332.327766
1751443200000,149.1,149.96,149.1,149.2,30690.169233
1751446800000,149.2,149.58,148.51,148.64,26821.510801
1751450400000,148.64,149.5,148.43,149.44,27480.712885
1751454000000,149.45,149.68,148.42,148.6,13455.056993
1751457600000,148.6,148.63,147.09,147.67,33805.104766
1751461200000,147.68,149.92,147.63,149.26,60391.29544
1751464800000,149.25,150.65,149.04,150.25,49772.863431
1751468400000,150.26,151.58,150.0,151.33,81934.955393
1751472000000,151.31,153.64,151.08,153.14,111251.679349
1751475600000,153.16,153.53,150.34,151.57,77273.271709
1751479200000,151.57,152.31,151.33,152.29,49061.674518
1751482800000,152.3,153.23,151.5,153.03,33746.506027
1751486400000,153.01,153.97,152.46,152.82,34996.86334
1751490000000,152.82,154.0,152.82,153.78,25062.359001
1751493600000,153.79,154.49,153.37,153.54,20500.693632
1751497200000,153.55,153.68,152.0,152.3,46016.99291
1751500800000,152.3,153.29,152.0,153.07,24977.362036
1751504400000,153.08,153.29,152.52,153.13,14251.800664
1751508000000,153.13,153.16,151.8,152.77,21963.762188
1751511600000,152.77,154.02,152.77,153.41,39541.519866
1751515200000,153.4,154.06,153.2,153.83,19317.239396
1751518800000,153.83,155.91,153.76,155.67,47512.802675
1751522400000,155.68,155.96,155.12,155.44,24661.642981
1751526000000,155.43,155.77,154.82,155.6,23311.354858
1751529600000,155.59,155.94,155.16,155.2,17616.463401
1751533200000,155.21,156.35,155.15,155.67,26305.338041
1751536800000,155.67,155.8,154.43,154.85,33052.179201
1751540400000,154.86,155.02,154.15,154.53,20514.807358
1751544000000,154.54,155.27,151.9,153.13,91625.707995
1751547600000,153.11,154.98,152.52,154.56,68382.370379
1751551200000,154.55,154.92,151.98,152.3,80516.891658
1751554800000,152.3,152.73,149.79,150.19,96297.304901
1751558400000,150.19,151.16,149.89,150.66,49212.142657
1751562000000,150.66,151.66,150.63,151.52,27209.079055
1751565600000,151.53,151.85,150.67,151.73,20294.029295
1751569200000,151.72,152.05,151.44,151.81,16913.084111
1751572800000,151.81,152.8,151.81,152.8,13942.162503
1751576400000,152.8,153.16,152.51,153.04,18438.985599
1751580000000,153.03,153.24,152.57,152.96,8218.3392
1751583600000,152.95,153.05,152.14,152.33,16971.7957
1751587200000,152.33,152.84,152.05,152.42,37278.793902
1751590800000,152.4,153.14,152.3,152.43,16452.21843
1751594400000,152.42,152.6,150.93,151.28,47591.670879
1751598000000,151.25,151.95,150.92,151.71,14287.926983
1751601600000,151.72,152.55,151.52,151.55,12363.988229
1751605200000,151.58,153.9,151.52,153.22,34689.345317
1751608800000,153.23,153.27,151.73,152.42,60889.779032
1751612400000,152.43,152.88,150.3,150.5,39328.395643
1751616000000,150.51,150.53,149.0,149.99,65902.437448
1751619600000,150.0,150.94,149.87,150.83,81305.349492
1751623200000,150.83,150.94,149.91,150.07,12174.132671
1751626800000,150.08,150.76,150.03,150.2,8866.572925
1751630400000,150.23,150.72,149.84,150.52,18940.24092
1751634000000,150.51,151.23,148.41,148.54,69441.005824
1751637600000,148.53,148.88,147.5,148.12,54324.990043
1751641200000,148.12,148.27,146.3,146.58,64967.946905
1751644800000,146.58,147.01,145.19,145.89,77910.646392
1751648400000,145.9,146.67,145.62,146.64,37367.305291
1751652000000,146.64,146.76,145.83,146.37,27646.434546
1751655600000,146.39,146.8,146.08,146.73,28102.099041
1751659200000,146.73,147.24,146.56,146.85,16032.161645
1751662800000,146.86,147.34,146.36,147.24,24221.494112
1751666400000,147.21,148.34,146.93,148.27,21978.398594
1751670000000,148.27,148.27,147.35,147.69,24479.223029
1751673600000,147.69,148.43,147.56,148.3,17405.274459
1751677200000,148.3,148.32,147.74,148.21,17261.960656
1751680800000,148.22,148.24,147.16,148.01,24231.893659
1751684400000,148.03,148.43,147.63,147.74,16558.580636
1751688000000,147.76,148.07,147.24,147.24,12483.13907
1751691600000,147.24,147.41,146.71,147.33,33391.967768
1751695200000,147.35,148.32,147.05,148.2,24681.486818
1751698800000,148.2,148.5,147.66,147.84,20040.581452
1751702400000,147.85,147.88,147.03,147.34,13853.537041
1751706000000,147.34,148.01,146.79,147.93,19033.584845
1751709600000,147.93,148.17,147.72,147.92,12375.081514
1751713200000,147.92,148.54,147.9,148.17,13508.591224
1751716800000,148.19,148.31,147.71,148.26,18104.38914
1751720400000,148.26,148.69,147.82,147.96,10926.104659
1751724000000,147.97,148.14,147.61,148.06,12601.985923
1751727600000,148.06,148.2,147.06,147.16,9850.572954
1751731200000,147.16,147.27,145.88,146.71,27465.148789
1751734800000,146.71,147.26,146.43,146.89,13162.057834
1751738400000,146.89,146.94,145.97,146.38,10948.568545
1751742000000,146.39,146.99,146.13,146.9,7967.767845
1751745600000,146.89,147.26,146.48,147.22,14404.585578
1751749200000,147.22,147.52,146.91,147.41,16845.904509
1751752800000,147.41,147.9,147.1,147.84,6577.929574
1751756400000,147.85,148.04,147.52,147.57,6643.632774
1751760000000,147.57,147.67,147.2,147.62,8323.504277
1751763600000,147.63,147.66,146.95,147.23,9069.774808
1751767200000,147.23,147.61,146.98,146.99,5697.899918
1751770800000,146.97,147.39,146.85,147.37,7395.217689
1751774400000,147.37,147.81,147.2,147.3,9956.954907
1751778000000,147.3,147.42,147.07,147.19,5353.574294
1751781600000,147.2,148.32,147.16,148.06,24024.804416
1751785200000,148.06,148.49,147.86,147.88,16570.876
1751788800000,147.89,148.0,147.23,147.55,16883.17626
1751792400000,147.55,147.7,146.81,146.84,13909.646215
1751796000000,146.85,147.65,146.75,147.33,17289.564413
1751799600000,147.33,148.03,147.11,147.97,8041.389383
1751803200000,147.97,148.98,147.82,148.98,13708.904668
1751806800000,148.98,152.1,148.37,151.34,83950.955495
1751810400000,151.36,152.04,150.68,151.56,52920.117524
1751814000000,151.6,151.87,150.83,151.53,23816.276941
1751817600000,151.54,153.27,151.22,153.15,71519.731124
1751821200000,153.13,153.21,152.28,152.5,68014.910926
1751824800000,152.51,152.59,151.01,151.41,15904.61696
1751828400000,151.41,151.77,150.7,151.3,10975.231548
1751832000000,151.3,151.98,151.25,151.47,6371.758925
1751835600000,151.48,153.9,151.48,152.24,43947.235252
1751839200000,152.25,153.46,152.25,152.47,22115.193572
1751842800000,152.47,152.54,151.46,151.86,22342.08246
1751846400000,151.87,151.97,150.84,151.14,16948.075923
1751850000000,151.14,151.41,150.26,151.26,19334.914579
1751853600000,151.26,152.77,151.24,152.04,26786.703931
1751857200000,152.04,152.9,151.79,151.89,16269.115249
1751860800000,151.89,152.16,151.77,151.78,9089.801193
1751864400000,151.78,152.13,151.56,151.92,16381.571149
1751868000000,151.92,151.99,151.03,151.19,18067.610137
1751871600000,151.2,152.5,150.88,152.37,15916.13098
1751875200000,152.37,152.94,152.22,152.65,22592.9637
1751878800000,152.65,152.66,152.05,152.18,12084.98104
1751882400000,152.17,152.49,151.66,152.26,11788.834378
1751886000000,152.27,153.63,152.13,152.79,27941.42208
1751889600000,152.79,152.87,151.42,151.71,28499.923005
1751893200000,151.71,153.42,151.21,153.07,39664.507493
1751896800000,153.03,153.37,151.58,151.68,34689.04878
1751900400000,151.68,152.38,151.02,151.1,35125.738758
1751904000000,151.09,151.57,149.67,150.35,55107.738934
1751907600000,150.35,150.87,149.64,149.99,56796.873674
1751911200000,149.99,150.34,149.04,150.11,71695.299571
1751914800000,150.12,150.65,148.65,148.96,126953.92383
1751918400000,148.94,148.95,147.78,148.37,43232.165256
1751922000000,148.38,148.81,147.78,148.6,23568.852176
1751925600000,148.61,148.65,147.7,148.48,12144.588771
1751929200000,148.48,148.92,148.43,148.91,13297.261029
1751932800000,148.91,150.09,148.76,149.15,37133.769568
1751936400000,149.15,149.32,148.62,148.73,15856.12949
1751940000000,148.73,149.29,147.86,147.99,28811.539764
1751943600000,147.98,148.99,147.93,148.66,10617.782322
1751947200000,148.66,149.08,148.22,149.04,9895.188109
1751950800000,149.04,149.37,148.6,149.25,9625.348699
1751954400000,149.23,149.62,149.07,149.27,12108.654989
1751958000000,149.26,149.76,148.85,149.64,16955.606432
1751961600000,149.65,150.27,149.53,149.92,22631.489485
1751965200000,149.91,150.59,149.71,150.21,32747.726901
1751968800000,150.2,151.35,150.2,151.13,50843.473729
1751972400000,151.14,151.69,151.0,151.31,45256.556111
1751976000000,151.32,152.5,151.3,152.43,62095.291457
1751979600000,152.42,152.89,151.52,152.03,53554.884725
1751983200000,152.01,152.08,150.53,150.84,37429.775434
1751986800000,150.82,151.14,149.8,149.87,26399.951101
1751990400000,149.88,150.59,149.42,150.54,36587.162751
1751994000000,150.55,152.25,150.46,152.07,40617.749609
1751997600000,152.06,152.84,151.72,152.81,22417.158944
1752001200000,152.81,152.82,151.35,151.64,35254.771078
1752004800000,151.65,151.7,150.01,150.01,24449.182904
1752008400000,150.02,150.92,149.95,150.81,23230.835943
1752012000000,150.84,151.58,150.53,151.58,11788.259251
1752015600000,151.57,151.93,151.28,151.67,12378.896497
1752019200000,151.68,151.74,151.09,151.72,14741.338425
1752022800000,151.71,152.39,151.15,151.49,39323.113044
1752026400000,151.49,152.22,151.38,151.82,33997.782924
1752030000000,151.83,152.23,151.21,151.32,47984.756827
1752033600000,151.31,151.49,150.55,151.19,23895.232017
1752037200000,151.19,153.9,151.17,153.15,102874.655698
1752040800000,153.15,153.47,152.37,152.9,44040.843208
1752044400000,152.9,153.35,152.61,153.01,34937.857654
1752048000000,153.02,153.16,152.34,152.51,36432.540262
1752051600000,152.52,153.0,152.34,152.89,36052.721936
1752055200000,152.89,153.25,152.6,153.17,32786.277263
1752058800000,153.18,154.47,153.07,153.74,60729.972534
1752062400000,153.74,154.67,153.35,154.06,82441.199609
1752066000000,154.06,154.88,153.62,153.76,76557.189868
1752069600000,153.76,155.55,152.88,153.77,99576.206868
1752073200000,153.77,154.56,153.38,153.99,46045.284538
1752076800000,154.0,155.04,153.71,154.89,27160.034517
1752080400000,154.88,154.93,153.24,153.64,28693.556817
1752084000000,153.63,155.28,153.56,154.65,56390.019884
1752087600000,154.66,157.85,154.58,157.29,89164.11863
1752091200000,157.29,157.55,155.47,156.02,110099.852399
1752094800000,156.02,157.6,156.0,156.74,37493.342827
1752098400000,156.75,157.99,156.75,157.69,34297.846689
1752102000000,157.67,157.94,157.01,157.07,21214.674515
1752105600000,157.07,157.54,155.96,155.97,46795.719107
1752109200000,155.97,157.9,155.97,157.63,64263.452982
1752112800000,157.64,159.36,157.63,158.32,93830.745456
1752116400000,158.31,158.38,157.24,157.39,48063.969738
1752120000000,157.38,157.71,156.91,157.71,36918.423224
1752123600000,157.71,157.81,156.95,157.27,34618.273496
1752127200000,157.27,157.51,156.69,157.44,23449.515252
1752130800000,157.44,158.67,157.38,157.93,68864.853504
1752134400000,157.93,159.19,157.84,158.93,57066.615818
1752138000000,158.94,159.1,157.98,158.1,36826.854294
1752141600000,158.1,158.17,157.4,157.93,31588.825783
1752145200000,157.92,157.92,157.21,157.68,31650.671545
1752148800000,157.68,157.68,157.04,157.49,49502.911527
1752152400000,157.49,158.39,156.75,157.07,77223.749646
1752156000000,157.08,157.72,156.24,156.86,40002.884219
1752159600000,156.87,157.03,155.61,156.45,46856.977585
1752163200000,156.45,158.74,156.16,158.39,95639.777945
1752166800000,158.39,161.25,157.94,160.92,108348.434583
1752170400000,160.91,161.03,158.34,159.08,62778.329905
1752174000000,159.07,159.68,158.69,159.32,31603.471226
1752177600000,159.3,160.53,159.21,160.4,34585.845023
1752181200000,160.39,164.53,160.3,163.86,264318.78806
1752184800000,163.86,165.41,163.35,164.71,99278.616689
1752188400000,164.72,165.22,163.3,164.34,59564.751896
1752192000000,164.37,164.4,161.96,163.07,44676.20653
1752195600000,163.07,164.8,162.97,164.52,58207.30845
1752199200000,164.51,165.26,164.09,165.02,70313.362578
1752202800000,165.0,165.5,164.03,165.29,190174.475908
1752206400000,165.3,165.34,164.07,165.05,39390.030637
1752210000000,165.04,166.86,164.96,165.3,83547.053827
1752213600000,165.3,166.01,163.47,163.64,61801.346542
1752217200000,163.64,164.31,163.15,163.26,47442.588367
1752220800000,163.27,164.06,163.27,163.9,28625.741933
1752224400000,163.89,165.38,163.66,164.81,40019.341254
1752228000000,164.84,165.24,164.21,164.82,26053.294476
1752231600000,164.83,165.07,163.62,163.88,23840.797555
1752235200000,163.88,165.23,163.32,165.23,52961.912881
1752238800000,165.22,166.92,164.29,166.4,92490.531151
1752242400000,166.4,168.21,165.44,166.65,120404.072972
1752246000000,166.65,166.87,161.77,162.33,218964.746345
1752249600000,162.35,163.24,161.27,163.23,132870.779807
1752253200000,163.22,164.49,163.0,164.49,44664.900542
1752256800000,164.48,165.04,163.61,164.4,25026.848924
1752260400000,164.4,164.63,163.27,164.59,30998.478129
1752264000000,164.59,164.86,162.64,162.75,29452.990354
1752267600000,162.75,163.12,161.37,162.14,55263.460381
1752271200000,162.13,162.62,159.52,161.67,93623.56405
1752274800000,161.65,162.97,161.61,162.94,17145.655607
1752278400000,162.92,163.4,161.8,163.01,39909.954258
1752282000000,163.04,163.82,163.02,163.44,20402.204231
1752285600000,163.44,163.9,162.86,162.96,17191.582151
1752289200000,162.96,163.65,162.83,163.45,31063.258791
1752292800000,163.45,163.63,162.24,162.51,18782.835993
1752296400000,162.52,163.18,162.0,163.0,19554.561241
1752300000000,163.0,163.61,162.43,163.45,13762.094166
1752303600000,163.45,163.85,162.74,163.19,20337.195519
1752307200000,163.19,163.41,162.11,162.63,222185.019933
1752310800000,162.62,162.97,162.24,162.63,13795.887245
1752314400000,162.62,163.14,162.28,162.99,20331.370429
1752318000000,162.99,163.02,161.39,161.59,27514.358774
1752321600000,161.6,161.78,158.74,159.82,68237.410157
1752325200000,159.81,159.82,158.32,159.7,65785.897661
1752328800000,159.71,160.48,158.84,159.12,43055.814024
1752332400000,159.11,159.59,157.77,158.14,74714.426585
1752336000000,158.14,159.48,157.9,158.76,29637.723226
1752339600000,158.75,160.63,158.69,160.48,28271.7832
1752343200000,160.47,160.72,159.79,160.29,50341.252517
1752346800000,160.3,160.76,160.21,160.73,13025.473774
1752350400000,160.73,160.78,159.0,159.0,10145.556672
1752354000000,158.99,160.63,158.96,160.59,18204.197388
1752357600000,160.6,160.66,159.63,160.44,16801.40373
1752361200000,160.43,160.93,159.88,160.7,11451.919768
1752364800000,160.7,161.75,160.18,160.9,28029.099153
1752368400000,160.92,161.74,160.78,161.51,13543.723985
1752372000000,161.5,161.77,160.64,161.4,14866.612103
1752375600000,161.43,161.49,160.82,161.19,15396.160274
1752379200000,161.21,162.16,161.03,162.0,126258.08627
1752382800000,162.0,162.32,161.34,161.39,76235.193409
1752386400000,161.4,162.17,161.29,161.62,15563.291685
1752390000000,161.62,162.83,161.47,162.67,81339.645281
1752393600000,162.68,162.77,161.66,162.23,24757.446587
1752397200000,162.25,162.5,161.61,161.92,10113.327501
1752400800000,161.92,162.09,161.6,161.82,8583.217982
1752404400000,161.83,162.72,161.55,162.02,234650.236798
1752408000000,162.02,162.85,161.75,162.63,32843.09444
1752411600000,162.64,162.98,161.93,162.91,28427.109666
1752415200000,162.89,164.16,162.33,162.78,67815.944985
1752418800000,162.79,163.45,161.83,162.02,34882.091972
1752422400000,162.03,162.45,160.89,160.92,34305.779048
1752426000000,160.93,162.77,160.51,162.65,27483.643393
1752429600000,162.67,163.26,162.38,163.05,14837.964448
1752433200000,163.05,163.53,162.5,162.54,20768.493591
1752436800000,162.55,163.06,161.95,162.57,10327.229303
1752440400000,162.58,162.58,160.12,160.55,33539.763996
1752444000000,160.54,161.11,159.64,160.8,33610.032459
1752447600000,160.8,161.44,160.3,161.15,20728.249287
1752451200000,161.16,162.3,160.62,161.68,17517.753716
1752454800000,161.68,162.86,161.48,162.8,21532.503309
1752458400000,162.8,165.47,162.62,164.91,90122.767951
1752462000000,164.91,168.25,164.69,167.07,153874.697688
1752465600000,167.08,167.89,166.73,167.48,155770.399202
1752469200000,167.49,168.66,165.46,166.78,124983.195544
1752472800000,166.78,166.82,165.36,165.71,59207.365991
1752476400000,165.7,168.0,165.67,167.26,78305.339879
1752480000000,167.28,167.5,166.05,167.45,35803.90249
1752483600000,167.46,168.13,167.02,167.38,49919.166814
1752487200000,167.38,167.68,166.48,167.57,51550.657536
1752490800000,167.57,167.67,166.32,166.55,41351.576315
1752494400000,166.54,167.41,166.4,166.92,24929.64995
1752498000000,166.94,168.49,166.2,167.93,64293.01536
1752501600000,167.93,168.63,165.44,166.71,94724.395812
1752505200000,166.71,166.71,163.04,163.95,111516.49501
1752508800000,163.95,165.34,163.31,165.24,60438.195228
1752512400000,165.25,165.25,163.54,164.33,27457.274688
1752516000000,164.34,164.49,162.62,162.71,45315.973584
1752519600000,162.7,164.28,162.41,164.25,30790.421086
1752523200000,164.26,164.26,161.91,162.97,25851.056807
1752526800000,162.96,162.96,162.18,162.5,18753.189629
1752530400000,162.5,162.77,161.77,162.32,24976.803091
1752534000000,162.31,162.42,161.68,162.22,17395.01806
1752537600000,162.22,162.92,161.16,161.39,34926.866202
1752541200000,161.41,162.36,160.33,161.1,51804.443649
1752544800000,161.11,161.54,159.13,160.57,87491.689121
1752548400000,160.55,160.7,158.16,159.13,87274.192763
1752552000000,159.13,160.21,158.24,160.11,48971.194846
1752555600000,160.1,160.58,159.81,160.25,16059.800641
1752559200000,160.24,160.86,159.99,160.38,25702.495409
1752562800000,160.39,160.71,159.35,159.53,25592.075738
1752566400000,159.54,159.61,158.36,159.2,34862.902707
1752570000000,159.2,159.92,159.05,159.09,15635.046507
1752573600000,159.09,159.84,159.05,159.54,13681.261946
1752577200000,159.53,160.13,158.93,159.83,17028.182745
1752580800000,159.87,161.01,158.32,159.89,73758.415457
1752584400000,159.88,162.05,159.71,161.24,84379.710632
1752588000000,161.25,162.17,157.22,157.78,122395.957189
1752591600000,157.79,160.94,157.31,160.46,76334.088208
1752595200000,160.48,161.59,160.27,160.98,59760.700117
1752598800000,160.95,162.85,160.86,162.8,43744.438493
1752602400000,162.8,163.7,160.81,161.89,213275.729168
1752606000000,161.88,162.9,159.97,160.25,50560.763182
1752609600000,160.24,161.28,159.64,160.71,25724.990977
1752613200000,160.7,162.68,160.57,161.93,34122.796108
1752616800000,161.94,162.56,161.39,162.56,24220.987642
1752620400000,162.56,164.29,162.56,164.01,57817.099859
1752624000000,164.0,165.27,163.56,164.76,45119.003273
1752627600000,164.76,164.8,163.78,163.92,38469.104311
1752631200000,163.92,164.11,161.53,162.11,62279.237583
1752634800000,162.12,162.78,161.9,162.51,17238.260242
1752638400000,162.53,162.87,161.8,162.47,22115.275849
1752642000000,162.47,163.54,162.47,163.17,19386.832138
1752645600000,163.17,164.11,162.6,164.09,36653.528448
1752649200000,164.1,164.64,163.6,164.05,26620.275305
1752652800000,164.04,165.61,163.78,165.5,36564.895397
1752656400000,165.51,167.58,165.48,167.25,138775.083455
1752660000000,167.26,167.45,165.96,166.0,55410.836014
1752663600000,165.99,166.85,165.99,166.65,40491.147069
1752667200000,166.65,167.46,166.51,166.56,43054.673744
1752670800000,166.59,167.35,166.2,167.29,106492.268451
1752674400000,167.29,167.97,166.62,167.54,139257.768417
1752678000000,167.55,168.85,165.38,168.43,148652.156413
1752681600000,168.43,173.29,168.39,172.55,277932.525704
1752685200000,172.55,174.63,172.08,173.64,159813.426462
1752688800000,173.65,174.72,172.97,173.4,125254.78957
1752692400000,173.41,174.5,172.57,174.17,89182.911356
1752696000000,174.16,175.1,173.79,174.68,150591.72943
1752699600000,174.69,176.05,173.91,174.47,69695.870883
1752703200000,174.47,175.86,173.45,173.81,48315.000098
1752706800000,173.81,173.97,172.41,173.64,86026.095867
1752710400000,173.66,174.87,173.0,173.0,38958.318955
1752714000000,173.0,173.39,169.55,171.5,93486.112087
1752717600000,171.49,172.09,170.24,171.33,40970.615117
1752721200000,171.35,171.45,168.74,169.55,51846.448209
1752724800000,169.53,171.36,169.26,171.35,31118.87993
1752728400000,171.34,172.13,170.47,172.02,43908.869691
1752732000000,172.02,174.07,171.31,173.9,129896.838436
1752735600000,173.85,174.16,171.76,174.02,74242.684406
1752739200000,174.02,174.12,172.64,173.69,44350.529095
1752742800000,173.67,178.16,173.46,177.16,115744.837812
1752746400000,177.15,177.79,175.72,176.38,70067.629199
1752750000000,176.38,176.8,175.21,176.17,53394.330648
1752753600000,176.18,177.53,174.57,176.77,106034.113325
1752757200000,176.76,176.97,172.78,174.36,120871.157576
1752760800000,174.35,175.31,173.47,174.85,61136.599944
1752764400000,174.86,175.13,172.81,174.12,96534.758173
1752768000000,174.11,174.42,171.21,172.84,77765.006915
1752771600000,172.85,174.38,172.27,174.22,36373.12444
1752775200000,174.23,174.79,173.58,174.77,27186.308055
1752778800000,174.78,175.43,172.84,173.15,56638.729402
1752782400000,173.11,173.71,171.34,173.51,44815.03259
1752786000000,173.52,176.54,173.46,175.51,114933.756042
1752789600000,175.51,177.42,174.91,175.51,67986.530915
1752793200000,175.5,176.9,175.2,175.89,51870.274391
1752796800000,175.88,179.9,175.28,179.82,122982.700004
1752800400000,179.81,181.2,179.0,180.62,186882.965579
1752804000000,180.64,180.67,178.89,179.66,58631.132102
1752807600000,179.69,181.04,179.58,180.83,58890.118531
1752811200000,180.84,181.97,179.86,181.87,50077.925441
1752814800000,181.87,184.68,181.25,183.63,184139.764072
1752818400000,183.62,183.89,182.26,183.48,58457.2038
1752822000000,183.5,184.18,180.91,180.98,61549.489313
1752825600000,180.97,181.98,178.58,179.41,88768.137826
1752829200000,179.41,180.05,178.73,179.95,41072.762772
1752832800000,179.95,179.95,177.94,179.39,25607.056195
1752836400000,179.39,179.48,177.06,178.42,41470.259075
1752840000000,178.44,180.19,178.3,180.15,50727.008604
1752843600000,180.17,182.03,179.1,180.75,64731.118623
1752847200000,180.75,181.52,176.69,178.52,120087.234179
1752850800000,178.49,178.77,174.86,177.02,118833.983056
1752854400000,177.01,179.11,176.16,178.4,115624.757711
1752858000000,178.41,179.17,177.71,178.5,23035.083852
1752861600000,178.52,178.81,177.54,177.91,81065.540426
1752865200000,177.91,178.52,176.15,177.01,76054.002429
1752868800000,177.0,177.13,173.21,175.34,72510.669536
1752872400000,175.34,177.05,175.21,175.96,26554.383973
1752876000000,175.95,176.98,174.84,175.93,36439.354834
1752879600000,175.93,177.68,175.13,177.27,35147.265517
1752883200000,177.28,177.43,175.11,175.16,20292.334146
1752886800000,175.22,176.77,174.01,176.61,20234.735001
1752890400000,176.65,177.28,175.72,177.13,13835.033484
1752894000000,177.15,177.66,176.87,177.43,86634.125752
1752897600000,177.45,177.64,177.0,177.26,57201.268348
1752901200000,177.27,178.01,176.76,177.57,278755.57724
1752904800000,177.56,177.68,175.95,176.19,222175.170429
1752908400000,176.18,177.31,175.94,177.0,34214.582948
1752912000000,177.0,177.14,175.34,176.0,20584.091235
1752915600000,176.02,176.99,175.81,176.68,10588.752266
1752919200000,176.68,177.62,176.46,177.36,21701.15567
1752922800000,177.38,177.78,176.16,176.57,22488.017176
1752926400000,176.57,177.4,175.68,177.33,38642.363268
1752930000000,177.31,177.84,176.91,177.47,29633.465127
1752933600000,177.48,177.87,174.79,175.0,54316.786573
1752937200000,175.0,177.44,174.86,177.37,31877.989459
1752940800000,177.36,177.83,176.46,177.53,25536.298468
1752944400000,177.53,177.88,176.13,176.32,12981.439184
1752948000000,176.31,177.51,176.18,176.8,8475.372861
1752951600000,176.82,178.11,176.21,177.04,25687.216914
1752955200000,177.02,178.59,176.96,177.43,56955.007263
1752958800000,177.41,177.79,175.1,175.93,35869.567181
1752962400000,175.92,176.57,175.29,176.42,12342.782481
1752966000000,176.4,177.08,176.21,176.98,13276.385382
1752969600000,176.98,177.94,176.34,177.67,16196.27733
1752973200000,177.68,179.77,177.63,177.86,346595.042639
1752976800000,177.88,177.93,176.97,177.55,27298.87742
1752980400000,177.55,178.76,177.15,177.97,35762.306521
1752984000000,177.96,178.56,177.46,177.57,21814.030549
1752987600000,177.58,177.98,177.07,177.8,13627.57879
1752991200000,177.8,177.8,176.89,177.34,12977.280046
1752994800000,177.34,178.66,177.21,177.93,33773.220799
1752998400000,177.93,180.73,177.93,180.72,56229.933604
1753002000000,180.72,181.53,179.63,179.76,61069.457798
1753005600000,179.76,180.45,179.42,179.59,23312.051002
1753009200000,179.61,181.03,179.34,180.43,25023.922255
1753012800000,180.43,182.0,179.95,181.78,55057.428261
1753016400000,181.78,183.18,181.6,183.01,76234.947917
1753020000000,183.01,183.08,180.75,180.88,80993.854931
1753023600000,180.89,182.04,180.1,181.98,58986.875318
1753027200000,181.99,183.28,181.66,182.13,65124.611701
1753030800000,182.13,182.13,180.3,180.57,81728.122494
1753034400000,180.59,182.61,180.25,182.23,48282.760423
1753038000000,182.26,183.68,181.68,182.0,52253.148012
1753041600000,182.05,182.26,180.52,181.28,25818.377923
1753045200000,181.28,182.33,180.68,182.32,26328.127568
1753048800000,182.32,182.4,177.77,180.53,102131.898829
1753052400000,180.52,181.68,179.45,181.47,35359.848938
1753056000000,181.49,181.79,178.42,180.28,53425.266747
1753059600000,180.28,180.56,178.27,180.13,29675.251448
1753063200000,180.14,184.66,180.1,184.36,94870.527677
1753066800000,184.36,187.06,183.96,186.7,151202.015613
1753070400000,186.71,187.27,185.76,185.76,33213.423508
1753074000000,185.76,188.99,185.06,188.31,97512.444941
1753077600000,188.31,189.83,187.94,189.26,112130.577989
1753081200000,189.28,191.08,189.2,190.09,87076.543032
1753084800000,190.08,192.04,189.59,190.86,140169.055994
1753088400000,190.82,191.76,190.05,191.58,134203.886843
1753092000000,191.58,192.0,190.8,191.22,154425.601551
1753095600000,191.21,193.0,190.67,191.36,184374.089698
1753099200000,191.39,191.9,190.24,191.58,150549.186032
1753102800000,191.58,193.4,190.27,192.47,107592.991208
1753106400000,192.47,195.38,191.39,195.28,111224.745186
1753110000000,195.27,199.3,195.11,196.81,308822.977969
1753113600000,196.82,197.05,193.0,195.19,159771.015626
1753117200000,195.17,196.7,194.49,196.13,98893.909316
1753120800000,196.15,197.29,193.44,193.82,92926.497246
1753124400000,193.78,195.59,193.03,194.71,80085.172744
1753128000000,194.71,196.6,193.73,193.93,72083.797266
1753131600000,193.91,196.64,193.65,196.13,30546.076985
1753135200000,196.12,197.82,195.56,197.32,37187.379371
1753138800000,197.32,197.54,195.57,195.74,41409.225003
1753142400000,195.75,199.14,195.75,197.67,96854.88936
1753146000000,197.65,202.48,193.73,202.09,360078.660624
1753149600000,202.1,204.69,201.05,201.98,178796.611764
1753153200000,201.97,203.08,197.47,200.14,244003.059649
1753156800000,200.1,200.22,194.14,194.29,183820.320969
1753160400000,194.3,199.13,194.29,196.57,123151.223951
1753164000000,196.58,200.74,195.98,199.03,79017.117128
1753167600000,199.04,201.25,197.41,198.09,94804.429181
1753171200000,198.08,198.08,194.02,196.99,139851.609761
1753174800000,196.97,199.15,194.38,197.27,101504.441744
1753178400000,197.24,199.15,197.16,199.11,41537.146576
1753182000000,199.1,200.17,197.68,199.9,44247.721386
1753185600000,199.92,203.69,199.08,203.09,100440.105839
1753189200000,203.04,204.15,198.21,199.04,263232.618939
1753192800000,199.04,202.3,196.91,202.18,137823.439092
1753196400000,202.17,205.06,201.34,201.84,198874.675006
1753200000000,201.84,204.28,200.78,203.82,103435.430124
1753203600000,203.82,203.95,200.81,202.87,93960.441786
1753207200000,202.87,203.98,201.19,202.55,116142.196434
1753210800000,202.54,202.77,198.38,198.91,96335.546926
1753214400000,198.9,201.37,198.41,200.67,55299.795184
1753218000000,200.7,201.97,199.86,201.45,27384.355366
1753221600000,201.45,202.91,201.43,201.96,57229.600469
1753225200000,201.97,206.38,201.96,205.71,94455.773307
1753228800000,205.73,205.79,203.43,204.25,72048.334571
1753232400000,204.26,204.54,202.64,203.05,38590.057528
1753236000000,203.06,203.42,201.62,202.31,44549.2853
1753239600000,202.31,202.76,200.98,201.38,33669.110309
1753243200000,201.39,202.26,201.0,201.65,29529.648157
1753246800000,201.67,202.03,200.81,201.57,25810.48858
1753250400000,201.56,201.93,199.73,200.61,51725.452407
1753254000000,200.61,201.12,198.87,199.47,64874.269174
1753257600000,199.46,199.81,198.61,199.81,58932.924832
1753261200000,199.81,199.99,197.48,197.62,51349.583139
1753264800000,197.62,198.0,195.92,197.94,105094.025062
1753268400000,197.92,198.19,196.9,197.41,36317.118899
1753272000000,197.41,197.56,193.55,194.14,113391.083148
1753275600000,194.14,194.85,187.62,189.17,398024.838079
1753279200000,189.17,192.35,188.61,191.61,153185.475824
1753282800000,191.61,192.8,189.65,192.7,81170.080806
1753286400000,192.71,192.76,188.13,188.3,112426.880852
1753290000000,188.3,189.29,186.01,188.71,140695.336515
1753293600000,188.72,190.37,188.21,190.26,56801.352611
1753297200000,190.22,190.3,188.04,188.12,47556.802163
1753300800000,188.12,189.78,184.49,186.78,132544.935861
1753304400000,186.79,188.28,184.01,188.0,87515.323903
1753308000000,187.98,189.72,186.53,189.07,36481.518681
1753311600000,189.1,190.13,188.89,189.38,24928.368775
1753315200000,189.41,191.02,188.5,190.97,67588.004156
1753318800000,190.98,191.56,189.27,191.54,40629.864468
1753322400000,191.54,191.66,190.38,191.14,37638.55981
1753326000000,191.13,191.86,189.69,189.86,30203.93501
1753329600000,189.89,190.13,185.31,186.04,99273.537099
1753333200000,186.03,186.19,181.27,181.86,165411.112542
1753336800000,181.9,184.1,179.79,181.08,157211.429329
1753340400000,181.08,184.31,179.14,184.19,129279.634482
1753344000000,184.17,186.34,183.25,186.02,69174.250868
1753347600000,186.03,186.5,184.46,185.21,63109.950958
1753351200000,185.21,186.26,182.92,184.87,63622.493382
1753354800000,184.87,186.91,184.87,186.41,51876.305773
1753358400000,186.4,186.87,184.65,186.01,64584.506111
1753362000000,186.01,187.4,184.32,184.57,72838.883465
1753365600000,184.58,190.46,183.39,189.56,107581.582081
1753369200000,189.56,191.75,187.58,188.54,122064.775914
1753372800000,188.55,188.89,184.86,185.84,76973.645805
1753376400000,185.86,189.64,185.7,188.79,45287.648646
1753380000000,188.76,189.92,187.79,189.29,44904.741947
1753383600000,189.21,190.07,187.9,188.0,29496.627867
1753387200000,187.99,189.06,187.58,188.87,18722.708088
1753390800000,188.88,188.89,185.6,185.61,39925.851289
1753394400000,185.6,185.87,183.4,183.73,63970.18971
1753398000000,183.71,183.71,182.0,182.86,53166.272802
1753401600000,182.87,183.16,180.6,181.93,61561.554797
1753405200000,181.92,183.56,180.8,182.98,62875.796888
1753408800000,182.98,183.48,178.54,178.82,106265.304925
1753412400000,178.84,179.77,175.63,177.75,132749.39314
1753416000000,177.74,179.67,176.07,179.5,99724.031375
1753419600000,179.48,179.78,177.95,178.73,33999.231575
1753423200000,178.73,178.93,177.31,178.14,43626.090177
1753426800000,178.14,178.9,175.89,177.53,51871.991459
1753430400000,177.55,179.37,176.88,177.88,58603.205538
1753434000000,177.9,180.9,177.4,180.83,69710.785765
1753437600000,180.84,181.69,179.77,180.75,42893.799029
1753441200000,180.75,182.12,180.75,181.11,36355.813106
1753444800000,181.12,181.89,180.0,180.78,31445.69011
1753448400000,180.82,181.49,179.55,181.16,45541.198818
1753452000000,181.17,181.36,176.37,176.62,147016.784568
1753455600000,176.63,178.61,176.25,178.23,54997.731708
1753459200000,178.22,179.95,177.47,179.71,39293.158592
1753462800000,179.7,181.08,179.32,180.67,44036.221891
1753466400000,180.7,182.73,180.68,182.32,38563.686299
1753470000000,182.33,182.84,181.77,182.17,18136.775419
1753473600000,182.16,184.45,182.06,183.8,22731.179022
1753477200000,183.8,185.29,183.8,185.07,31001.927918
1753480800000,185.07,186.19,185.01,186.09,27478.113924
1753484400000,186.09,186.84,185.58,186.74,15983.471304
1753488000000,186.74,186.91,185.65,185.86,18332.609525
1753491600000,185.87,186.12,184.46,184.46,27368.85335
1753495200000,184.47,186.83,184.46,186.52,26515.959855
1753498800000,186.5,186.64,185.7,185.97,17209.583853
1753502400000,185.97,186.41,185.7,185.93,7930.429622
1753506000000,185.96,187.1,185.65,186.72,27651.907984
1753509600000,186.72,186.76,185.85,186.08,11140.051809
1753513200000,186.09,186.84,186.05,186.42,10310.237757
1753516800000,186.42,188.0,186.42,187.99,21890.202324
1753520400000,188.0,189.21,187.46,189.02,32284.564624
1753524000000,189.01,189.77,188.18,188.24,25290.394362
1753527600000,188.25,188.55,187.28,187.72,28773.139804
1753531200000,187.72,188.48,187.26,187.92,14722.308227
1753534800000,187.92,188.22,187.28,187.56,20230.245682
1753538400000,187.57,187.94,186.25,186.42,28414.767188
1753542000000,186.44,187.71,186.05,187.57,18015.705002
1753545600000,187.57,187.82,186.48,186.81,19460.172836
1753549200000,186.81,186.91,185.36,185.62,30332.909487
1753552800000,185.62,186.38,185.06,186.01,18211.369914
1753556400000,186.0,186.62,185.81,186.42,10980.06028
1753560000000,186.44,186.5,185.31,185.9,10733.687324
1753563600000,185.9,186.48,185.41,186.33,12311.686163
1753567200000,186.34,186.76,184.83,185.09,26926.610745
1753570800000,185.08,185.09,184.24,184.88,13597.550798
1753574400000,184.9,185.5,184.54,185.5,7536.917779
1753578000000,185.49,186.57,185.13,186.31,13701.927332
1753581600000,186.32,187.16,185.83,187.14,15179.13007
1753585200000,187.14,187.66,186.26,187.21,28198.282525
1753588800000,187.22,187.6,186.66,187.47,17005.302919
1753592400000,187.5,188.36,187.32,187.87,35655.644491
1753596000000,187.87,188.05,187.04,187.06,20209.348331
1753599600000,187.07,187.91,186.64,187.25,17894.536466
1753603200000,187.23,187.5,186.25,186.72,17709.994644
1753606800000,186.71,187.35,186.21,186.37,10787.282492
1753610400000,186.38,188.47,186.34,187.65,27012.28728
1753614000000,187.66,188.6,186.81,187.01,19539.086856
1753617600000,187.02,187.35,185.52,186.44,24022.45524
1753621200000,186.43,186.79,185.51,185.77,18050.758832
1753624800000,185.76,186.52,185.16,185.79,25662.480178
1753628400000,185.79,186.5,184.9,186.48,25839.499642
1753632000000,186.49,189.76,186.4,187.67,71860.160292
1753635600000,187.67,188.35,185.97,188.08,42850.395282
1753639200000,188.07,188.78,187.48,188.39,21076.471045
1753642800000,188.37,188.6,186.9,186.94,13325.325421
1753646400000,186.95,188.21,186.7,187.14,11226.595444
1753650000000,187.15,187.97,186.46,187.97,12894.293873
1753653600000,187.97,190.73,187.83,188.93,57974.331835
1753657200000,188.93,189.12,187.18,188.65,30408.458916
1753660800000,188.66,191.13,188.09,189.68,53458.386827
1753664400000,189.71,190.16,187.66,188.31,37354.955834
1753668000000,188.32,191.98,187.89,191.57,64716.029484
1753671600000,191.57,193.8,191.28,193.35,90310.589719
1753675200000,193.35,194.04,192.5,193.09,42517.024562
1753678800000,193.1,195.29,192.71,194.38,52270.792773
1753682400000,194.37,194.55,193.58,194.08,34402.401226
1753686000000,194.07,194.17,191.63,192.37,42593.489177
1753689600000,192.37,192.93,191.23,192.64,30856.494817
1753693200000,192.63,193.33,191.83,193.15,24196.66759
1753696800000,193.17,193.31,191.71,192.29,19658.303391
1753700400000,192.3,192.32,190.64,192.0,29813.287298
1753704000000,192.0,193.52,191.36,192.88,34216.854113
1753707600000,192.89,192.98,189.29,190.19,82432.282868
1753711200000,190.19,190.68,186.71,187.48,120182.481606
1753714800000,187.46,189.07,186.58,187.2,40203.30347
1753718400000,187.2,188.02,186.14,186.68,43359.121531
1753722000000,186.67,187.45,185.35,185.87,41383.812457
1753725600000,185.9,186.27,183.45,185.2,92804.127173
1753729200000,185.2,186.46,183.66,185.27,47364.09881
1753732800000,185.31,185.58,182.66,184.22,56203.100892
1753736400000,184.21,185.23,183.36,184.28,26747.988906
1753740000000,184.27,184.65,182.18,183.67,37414.046949
1753743600000,183.68,184.11,182.25,183.13,24703.167651
1753747200000,183.14,184.74,181.0,182.82,65393.066622
1753750800000,182.82,184.07,181.65,181.75,42062.928428
1753754400000,181.76,182.43,180.66,182.29,40994.965701
1753758000000,182.31,184.7,182.25,184.32,38837.553889
1753761600000,184.34,184.78,183.24,183.41,15723.388459
1753765200000,183.42,184.88,183.24,184.88,18072.827223
1753768800000,184.87,185.56,184.5,184.82,18608.584288
1753772400000,184.84,186.6,184.84,186.05,28224.89401
1753776000000,186.06,186.49,184.87,184.89,39202.523279
1753779600000,184.91,185.21,184.25,184.59,35941.127656
1753783200000,184.59,184.76,182.26,182.38,38296.919852
1753786800000,182.38,183.49,182.34,182.93,19127.858928
1753790400000,182.95,184.54,182.56,183.92,26155.075492
1753794000000,183.91,185.0,182.17,182.69,44143.238825
1753797600000,182.69,182.8,179.63,180.4,128617.487058
1753801200000,180.38,181.45,179.23,180.8,100316.815369
1753804800000,180.79,180.97,178.27,180.1,85976.004561
1753808400000,180.1,181.72,179.84,181.5,31126.217949
1753812000000,181.49,182.11,180.72,181.47,16955.840763
1753815600000,181.48,182.4,180.41,181.09,39000.633722
1753819200000,181.12,181.89,179.58,180.07,32941.524146
1753822800000,180.08,181.61,179.29,181.23,18871.441965
1753826400000,181.24,181.84,180.42,181.71,15363.654185
1753830000000,181.72,182.0,180.91,181.48,10144.655109
1753833600000,181.48,181.58,179.3,180.22,18141.524563
1753837200000,180.21,181.92,178.82,181.38,37932.811554
1753840800000,181.39,182.38,181.1,181.76,17139.246115
1753844400000,181.76,182.25,181.32,181.72,14666.531618
1753848000000,181.72,182.11,180.2,180.31,12774.809714
1753851600000,180.3,181.24,179.19,181.03,21758.652785
1753855200000,181.02,182.05,180.8,181.98,13885.935467
1753858800000,181.98,182.55,180.35,180.82,25606.107259
1753862400000,180.82,181.49,179.81,180.55,26139.811151
1753866000000,180.56,180.91,178.65,179.12,33934.263014
1753869600000,179.13,180.13,177.67,177.99,60096.813805
1753873200000,178.0,178.7,176.42,177.29,86481.333647
1753876800000,177.3,178.11,176.67,177.52,43941.651779
1753880400000,177.51,178.27,176.67,178.0,40007.621432
1753884000000,178.01,180.57,177.73,180.11,43321.571283
1753887600000,180.12,180.4,178.26,179.18,29256.228536
1753891200000,179.18,180.01,178.36,178.65,26749.348385
1753894800000,178.66,179.36,178.26,179.35,18608.040432
1753898400000,179.35,180.19,175.8,175.94,68398.267993
1753902000000,175.9,176.46,170.19,176.13,280270.443053
1753905600000,176.12,177.46,175.7,176.18,30007.468094
1753909200000,176.18,176.64,174.74,175.84,21125.536075
1753912800000,175.84,176.44,175.13,176.34,14302.542849
1753916400000,176.33,178.07,176.25,177.75,21368.802059
1753920000000,177.75,179.71,177.62,179.44,30377.785439
1753923600000,179.45,180.09,178.89,179.47,19811.560481
1753927200000,179.45,180.32,179.17,180.3,13906.966703
1753930800000,180.29,180.53,179.95,180.29,20733.59287
1753934400000,180.3,180.86,179.8,180.83,21716.569083
1753938000000,180.82,181.2,180.57,180.74,24432.359859
1753941600000,180.73,181.6,180.29,181.25,38589.632124
1753945200000,181.26,181.39,180.89,181.23,16015.513178
1753948800000,181.21,182.1,181.05,181.68,25291.466322
1753952400000,181.69,182.69,181.55,182.49,24694.807934
1753956000000,182.5,182.62,181.35,181.36,17441.739252
1753959600000,181.37,181.56,180.13,180.75,40647.972992
1753963200000,180.75,180.89,178.73,179.32,40434.649461
1753966800000,179.34,179.36,176.7,177.7,69718.6604
1753970400000,177.7,178.23,175.55,175.7,74701.066082
1753974000000,175.7,177.48,175.24,177.35,44027.059057
1753977600000,177.34,179.75,177.18,179.25,42344.688802
1753981200000,179.26,179.29,176.84,177.28,31748.700145
1753984800000,177.27,178.1,175.6,177.78,33708.943957
1753988400000,177.79,178.21,174.79,175.34,52315.495961
1753992000000,175.32,175.73,174.22,175.47,61397.737645
1753995600000,175.47,175.65,172.71,173.8,54722.241367
1753999200000,173.81,174.38,172.4,172.89,38272.212438
1754002800000,172.91,173.74,171.44,172.25,44166.346816
1754006400000,172.23,172.28,167.45,170.33,186182.282669
1754010000000,170.3,170.9,167.95,169.56,134614.577381
1754013600000,169.56,171.86,169.23,171.44,43761.76793
1754017200000,171.42,172.17,170.84,171.11,39578.134212
1754020800000,171.12,171.12,169.29,169.65,31574.775805
1754024400000,169.67,170.29,168.21,169.13,30597.78875
1754028000000,169.13,169.63,167.96,169.52,43912.791217
1754031600000,169.52,169.92,168.25,169.4,41370.42315
1754035200000,169.4,169.4,166.14,167.62,100416.942006
1754038800000,167.62,168.93,167.19,167.34,37618.021128
1754042400000,167.36,168.75,167.06,168.61,16119.462046
1754046000000,168.62,169.22,167.8,169.18,26005.895554
1754049600000,169.17,170.34,168.36,169.02,74510.972214
1754053200000,169.03,169.8,164.86,165.7,83167.555893
1754056800000,165.69,169.7,164.58,169.36,80115.609832
1754060400000,169.42,169.49,167.08,168.6,48318.656049
1754064000000,168.59,169.78,166.51,166.91,35409.757226
1754067600000,166.92,167.68,165.43,166.56,36745.080953
1754071200000,166.54,167.21,165.11,165.74,79732.531027
1754074800000,165.73,167.57,165.36,166.46,106556.067995
1754078400000,166.45,166.82,161.7,163.79,136234.652497
1754082000000,163.79,164.87,163.51,163.89,34689.160302
1754085600000,163.9,163.99,159.15,161.28,143126.792904
1754089200000,161.28,163.04,160.95,162.69,32565.434469
1754092800000,162.7,164.63,162.54,164.63,39943.4712
1754096400000,164.64,164.84,163.66,164.75,23847.136363
1754100000000,164.76,165.0,164.24,164.53,21528.971693
1754103600000,164.54,164.88,164.13,164.37,17711.743842
1754107200000,164.37,165.25,163.95,165.14,22249.151473
1754110800000,165.12,165.2,164.57,164.67,12616.712318
1754114400000,164.68,164.78,161.81,162.78,37056.849005
1754118000000,162.77,164.46,161.89,164.42,21449.864911
1754121600000,164.43,164.82,163.46,163.73,17515.700698
1754125200000,163.73,164.33,163.36,163.77,22232.684286
1754128800000,163.78,163.93,162.25,163.04,16842.60598
1754132400000,163.04,165.11,162.24,164.49,28841.640238
1754136000000,164.48,164.59,163.49,164.37,12346.070544
1754139600000,164.38,164.93,163.62,164.45,13820.094817
1754143200000,164.46,164.75,162.26,162.69,24975.455272
1754146800000,162.68,163.75,161.0,161.5,31576.583158
1754150400000,161.5,162.04,160.19,161.54,41462.35822
1754154000000,161.52,162.18,158.25,159.32,65302.664184
1754157600000,159.32,159.73,155.81,156.62,161367.374007
1754161200000,156.63,158.51,155.97,157.44,38988.92264
1754164800000,157.46,158.98,157.32,158.98,33350.393697
1754168400000,158.98,159.56,158.07,158.86,26086.547834
1754172000000,158.87,159.78,157.72,159.05,41268.569979
1754175600000,159.05,159.3,157.04,158.48,44318.031675
1754179200000,158.49,159.78,156.28,159.69,65315.831253
1754182800000,159.68,160.22,159.16,159.55,31861.211204
1754186400000,159.54,160.75,159.54,160.56,14574.504404
1754190000000,160.57,161.06,160.4,160.85,13261.717456
1754193600000,160.86,160.93,160.01,160.44,22303.677071
1754197200000,160.45,160.95,160.17,160.35,20983.751449
1754200800000,160.36,160.81,160.05,160.56,7579.55565
1754204400000,160.58,161.6,160.58,161.36,16945.921353
1754208000000,161.37,161.76,160.85,161.39,20133.06226
1754211600000,161.39,161.49,160.68,161.17,7307.769361
1754215200000,161.17,161.8,161.07,161.64,26040.233716
1754218800000,161.65,162.9,161.37,161.44,40113.23945
1754222400000,161.45,162.21,160.9,161.77,34138.226117
1754226000000,161.76,162.32,160.61,161.32,44579.859646
1754229600000,161.32,161.57,160.36,161.3,69691.009209
1754233200000,161.3,162.29,160.76,162.07,54271.623656
1754236800000,162.08,162.32,161.1,162.18,20600.874755
1754240400000,162.17,162.74,161.73,162.16,23538.092602
1754244000000,162.17,162.23,161.3,161.99,28248.743363
1754247600000,161.99,162.64,161.39,161.63,33517.931515
1754251200000,161.64,161.73,160.74,161.46,16681.897881
1754254800000,161.46,162.2,161.22,162.05,21406.637943
1754258400000,162.04,162.43,160.98,161.9,25785.161459
1754262000000,161.91,163.15,161.63,161.95,31451.306875
1754265600000,161.96,164.64,161.42,164.54,37181.840607
1754269200000,164.54,164.95,163.12,163.32,40439.261812
1754272800000,163.31,164.33,162.62,164.31,32974.760133
1754276400000,164.32,164.39,162.87,163.0,24308.797867
1754280000000,163.01,163.43,162.21,162.32,31478.273002
1754283600000,162.32,162.43,161.49,162.24,33007.190986
1754287200000,162.25,162.44,161.28,162.22,24862.289752
1754290800000,162.22,163.28,162.05,163.02,23580.818215
1754294400000,163.02,164.05,162.65,163.74,40424.735979
1754298000000,163.74,164.06,162.42,162.47,17940.122883
1754301600000,162.47,162.99,162.12,162.39,21947.952303
1754305200000,162.38,162.59,161.64,162.38,17893.147858
1754308800000,162.39,163.69,162.15,163.68,31017.408956
1754312400000,163.69,165.81,163.22,165.47,69180.941365
1754316000000,165.48,166.9,164.51,165.06,120835.263299
1754319600000,165.05,166.0,164.56,165.5,64257.705522
1754323200000,165.5,168.18,165.49,168.0,60104.42673
1754326800000,168.02,169.8,167.63,167.84,90794.869814
1754330400000,167.83,168.14,166.45,166.65,31318.765678
1754334000000,166.64,166.64,165.02,165.65,26052.617681
1754337600000,165.66,168.42,165.32,167.28,59417.875242
1754341200000,167.28,168.75,167.27,168.53,44879.20619
1754344800000,168.53,169.55,168.23,169.46,40766.648556
1754348400000,169.46,169.8,168.93,169.56,48007.267614
1754352000000,169.57,169.74,168.58,169.3,47387.196673
1754355600000,169.3,169.96,168.18,168.24,34891.263745
1754359200000,168.24,169.65,167.97,169.42,45834.574678
1754362800000,169.43,169.44,167.6,167.9,56071.302465
1754366400000,167.91,168.48,167.21,167.47,23449.222629
1754370000000,167.48,168.56,167.41,168.41,17212.467431
1754373600000,168.41,169.28,167.31,167.71,89861.368867
1754377200000,167.7,168.52,165.78,166.23,60151.968707
1754380800000,166.23,167.24,165.65,166.81,38393.182468
1754384400000,166.81,169.37,166.76,168.87,34266.485261
1754388000000,168.87,171.73,168.43,171.02,56128.25412
1754391600000,171.03,171.64,170.59,170.88,32737.844557
1754395200000,170.88,171.05,166.75,167.24,86354.708895
1754398800000,167.24,168.15,166.65,167.77,59742.580947
1754402400000,167.77,167.8,163.55,164.28,169555.828447
1754406000000,164.28,165.32,162.94,163.77,75299.812086
1754409600000,163.75,164.73,162.78,163.85,44397.358995
1754413200000,163.86,164.93,163.4,164.81,18777.445942
1754416800000,164.8,164.95,163.02,164.0,20476.378761
1754420400000,164.01,164.53,162.28,162.77,24130.216075
1754424000000,162.78,163.69,162.36,162.6,21115.497865
1754427600000,162.6,163.45,161.58,162.38,24123.836426
1754431200000,162.35,163.87,161.3,163.86,23470.599465
1754434800000,163.87,164.55,163.61,164.07,23699.847322
1754438400000,164.08,164.14,162.55,162.75,20029.621901
1754442000000,162.75,163.11,161.72,162.87,32382.249081
1754445600000,162.87,163.28,161.9,162.69,12061.120535
1754449200000,162.71,162.79,161.14,161.86,21164.400786
1754452800000,161.86,162.56,161.26,162.45,15670.226721
1754456400000,162.45,164.79,162.14,164.24,35754.105057
1754460000000,164.25,164.3,163.41,163.92,17789.111262
1754463600000,163.93,164.6,163.62,164.24,37556.979806
1754467200000,164.25,164.5,162.77,163.35,45461.788235
1754470800000,163.34,164.55,162.98,164.0,27556.332864
1754474400000,163.99,164.18,162.91,163.65,18324.394278
1754478000000,163.66,164.64,163.25,164.18,13933.249995
1754481600000,164.19,164.69,162.62,163.28,28826.390096
1754485200000,163.29,164.7,163.12,164.29,53010.886847
1754488800000,164.3,168.0,163.94,167.88,83249.677663
1754492400000,167.88,169.43,167.2,169.05,74940.481963
1754496000000,169.05,169.48,167.31,167.74,56195.967189
1754499600000,167.74,169.14,167.18,169.13,31000.080171
1754503200000,169.12,169.94,168.39,168.54,24820.749033
1754506800000,168.54,169.14,167.96,168.84,28201.362061
1754510400000,168.84,168.86,167.77,168.01,13194.108155
1754514000000,168.01,168.6,167.34,168.04,16837.84535
1754517600000,168.05,168.53,167.85,168.42,11059.24969
1754521200000,168.42,168.44,167.93,168.11,17500.793066
1754524800000,168.11,168.45,167.52,167.89,16613.762092
1754528400000,167.89,169.0,167.72,167.88,26967.887344
1754532000000,167.89,168.03,166.79,167.08,20155.452202
1754535600000,167.09,167.46,166.7,166.91,13148.59916
1754539200000,166.91,167.61,166.78,167.15,8568.646916
1754542800000,167.15,168.76,166.92,168.75,12554.328156
1754546400000,168.75,169.73,168.6,169.19,32810.05015
1754550000000,169.2,170.38,169.18,169.99,41823.122068
1754553600000,170.0,170.53,169.25,169.37,26053.520113
1754557200000,169.38,169.75,169.06,169.63,10969.325668
1754560800000,169.62,173.34,169.43,173.14,115025.884626
1754564400000,173.14,173.52,172.57,172.82,46314.188179
1754568000000,172.84,173.18,171.54,172.43,60981.694419
1754571600000,172.43,172.62,171.28,171.69,88167.986278
1754575200000,171.7,171.76,169.93,170.29,46346.056663
1754578800000,170.29,170.83,169.7,170.49,29659.172794
1754582400000,170.48,170.6,167.02,168.24,48310.507917
1754586000000,168.23,169.53,167.98,169.41,40700.459961
1754589600000,169.4,169.96,168.78,169.81,19265.517118
1754593200000,169.81,171.9,169.8,171.77,34865.199098
1754596800000,171.77,173.17,171.55,172.91,32384.227211
1754600400000,172.92,174.21,172.53,173.55,85845.304807
1754604000000,173.56,175.16,173.56,175.1,46752.755736
1754607600000,175.1,175.52,174.39,175.38,28326.638706
1754611200000,175.38,175.55,173.59,174.28,148633.609035
1754614800000,174.28,174.85,173.38,174.55,117394.194988
1754618400000,174.53,175.28,173.88,174.85,65961.633255
1754622000000,174.84,175.98,174.5,174.74,29220.288208
1754625600000,174.72,175.18,173.88,174.37,20551.287423
1754629200000,174.39,174.78,174.02,174.18,13534.831659
1754632800000,174.18,175.11,173.87,175.05,17262.154033
1754636400000,175.07,177.88,174.31,177.15,188716.834746
1754640000000,177.14,177.82,174.9,175.36,49086.08945
1754643600000,175.37,176.19,175.01,176.06,23473.081003
1754647200000,176.05,177.06,175.75,176.63,23355.76573
1754650800000,176.66,177.99,176.57,177.66,30957.924272
1754654400000,177.66,177.66,176.11,176.44,31245.871291
1754658000000,176.43,178.8,175.44,178.64,62974.66806
1754661600000,178.65,179.13,175.46,176.51,90333.09339
1754665200000,176.5,176.66,174.22,175.22,42060.023989
1754668800000,175.23,176.34,175.22,175.89,37071.638391
1754672400000,175.89,179.4,175.54,179.37,72385.60555
1754676000000,179.38,179.68,177.22,177.61,82440.29948
1754679600000,177.59,178.5,177.41,178.5,40397.267499
1754683200000,178.51,178.76,177.25,178.24,30759.454391
1754686800000,178.22,178.63,177.42,177.58,24520.469872
1754690400000,177.58,178.05,177.07,177.64,17282.287045
1754694000000,177.65,177.93,176.64,176.79,17127.823777
1754697600000,176.8,177.24,176.63,176.96,15152.023489
1754701200000,176.96,179.03,176.7,178.7,26567.540156
1754704800000,178.71,178.71,177.57,177.59,14094.412599
1754708400000,177.6,177.78,177.06,177.3,18690.132797
1754712000000,177.31,178.85,176.94,178.67,39542.127236
1754715600000,178.67,182.16,178.27,180.83,110355.357555
1754719200000,180.84,180.91,179.32,179.62,53988.586055
1754722800000,179.59,180.74,179.46,180.63,24133.197247
1754726400000,180.63,181.69,180.4,181.4,29118.163266
1754730000000,181.4,182.7,181.1,182.27,33468.534875
1754733600000,182.27,183.34,181.8,181.91,53880.642257
1754737200000,181.91,182.01,180.7,180.81,30643.263954
1754740800000,180.8,182.17,180.37,182.17,41168.490361
1754744400000,182.16,182.47,179.81,179.83,44478.121801
1754748000000,179.83,181.22,178.94,181.16,48711.30207
1754751600000,181.15,181.64,179.78,180.08,41494.160174
1754755200000,180.08,180.82,179.39,179.64,33969.335536
1754758800000,179.64,182.0,179.61,181.59,28462.328477
1754762400000,181.6,182.22,181.25,181.91,23271.586079
1754766000000,181.91,182.69,181.44,182.12,18105.265359
1754769600000,182.13,183.44,181.47,183.03,37369.449255
1754773200000,183.04,183.32,180.68,181.24,41391.895132
1754776800000,181.24,182.46,179.9,180.14,45459.991203
1754780400000,180.14,180.44,179.73,179.93,41096.922245
1754784000000,179.92,182.8,179.8,182.43,37644.704
1754787600000,182.42,184.64,181.65,184.5,73171.794582
1754791200000,184.52,185.07,182.96,183.28,67523.631452
1754794800000,183.28,185.98,183.27,184.97,75407.456354
1754798400000,184.98,186.16,184.37,185.02,40207.042684
1754802000000,185.02,185.15,181.7,182.05,74152.347885
1754805600000,182.05,182.39,180.38,181.1,51604.870236
1754809200000,181.11,181.55,177.78,178.94,97922.296979
1754812800000,178.95,180.79,177.51,180.43,87910.497986
1754816400000,180.43,181.06,180.03,180.46,24889.198409
1754820000000,180.45,180.62,178.81,179.47,36672.692927
1754823600000,179.47,180.7,178.67,179.95,44183.114435
1754827200000,179.95,180.32,179.14,179.53,29637.273647
1754830800000,179.52,180.3,178.83,178.84,35559.722895
1754834400000,178.83,182.36,178.51,181.53,60912.713958
1754838000000,181.52,182.4,181.12,181.55,40589.150337
1754841600000,181.54,182.26,181.2,182.24,20285.514987
1754845200000,182.23,182.46,181.35,181.69,17480.550503
1754848800000,181.69,182.93,181.66,182.69,18326.532887
1754852400000,182.7,183.32,182.36,182.8,21538.146389
1754856000000,182.81,183.41,181.29,182.74,73526.712217
1754859600000,182.75,183.95,181.43,183.51,49825.146833
1754863200000,183.5,183.68,182.63,183.14,20987.630813
1754866800000,183.15,183.57,182.09,182.67,24756.948132
1754870400000,182.69,183.18,181.48,181.5,38631.436888
1754874000000,181.5,183.88,181.26,183.69,41359.847467
1754877600000,183.69,185.85,183.59,185.23,137488.921967
1754881200000,185.24,185.58,183.88,185.15,58312.631025
1754884800000,185.15,186.43,185.12,185.82,40691.342346
1754888400000,185.83,186.8,184.9,185.32,41712.016666
1754892000000,185.32,185.6,184.38,184.74,123318.468238
1754895600000,184.73,184.9,182.78,182.96,48997.64372
1754899200000,182.96,184.67,182.11,184.25,41784.306568
1754902800000,184.25,184.31,182.79,183.12,25031.374955
1754906400000,183.13,183.2,181.6,181.9,36316.746911
1754910000000,181.9,182.14,178.33,179.06,216816.669105
1754913600000,179.04,179.58,177.85,178.81,50467.77568
1754917200000,178.82,180.06,177.24,179.62,86792.829962
1754920800000,179.63,180.51,178.4,178.79,74730.244359
1754924400000,178.8,180.18,177.65,180.18,79344.251818
1754928000000,180.18,181.8,178.35,179.02,206690.730293
1754931600000,179.03,179.54,178.06,178.2,49007.892436
1754935200000,178.2,178.36,176.67,178.23,55188.853812
1754938800000,178.22,178.31,175.55,176.63,67009.284113
1754942400000,176.64,176.87,175.65,176.15,182671.362829
1754946000000,176.13,176.48,173.9,175.05,51526.087241
1754949600000,175.04,175.11,173.44,174.69,60682.501063
1754953200000,174.69,175.12,174.5,174.83,14953.535295
1754956800000,174.83,175.95,174.65,175.71,36565.837607
1754960400000,175.7,176.44,174.98,176.15,33193.993263
1754964000000,176.15,176.76,175.56,176.2,15159.22432
1754967600000,176.2,176.3,175.42,175.54,17019.795558
1754971200000,175.55,176.64,175.3,176.29,26376.282331
1754974800000,176.29,176.29,174.0,174.84,40833.789774
1754978400000,174.82,175.34,173.63,174.61,29807.572322
1754982000000,174.61,176.07,174.61,175.89,20777.299382
1754985600000,175.9,176.49,175.25,175.76,18898.156367
1754989200000,175.75,175.76,174.39,174.54,50308.192233
1754992800000,174.55,175.1,173.84,174.78,33723.55258
1754996400000,174.79,175.35,173.68,175.25,30511.987537
1755000000000,175.23,178.68,174.75,177.94,131799.179946
1755003600000,177.96,178.54,175.94,176.54,117434.933531
1755007200000,176.53,179.74,176.22,179.61,58821.025365
1755010800000,179.62,182.1,179.25,181.69,108928.503116
1755014400000,181.69,185.46,180.75,184.89,249526.579266
1755018000000,184.89,186.68,184.75,185.91,149950.663532
1755021600000,185.9,189.2,185.9,188.15,111066.386698
1755025200000,188.18,191.2,188.09,190.68,88818.932016
1755028800000,190.68,191.71,189.61,191.54,64216.013976
1755032400000,191.55,193.8,190.53,192.48,90973.919819
1755036000000,192.5,193.3,191.0,191.65,61653.64252
1755039600000,191.65,192.97,191.21,191.77,35492.002241
1755043200000,191.75,194.76,191.46,193.95,78496.92327
1755046800000,193.99,195.0,191.9,194.23,90338.241993
1755050400000,194.2,198.7,193.36,198.58,147602.282007
1755054000000,198.59,199.55,196.81,197.72,137258.416986
1755057600000,197.73,200.11,197.28,198.72,96514.601272
1755061200000,198.71,198.79,195.9,196.49,85119.906433
1755064800000,196.48,196.73,195.18,195.77,76302.586097
1755068400000,195.79,198.75,195.75,198.74,63936.618752
1755072000000,198.73,198.96,197.62,198.93,60002.931865
1755075600000,198.92,202.69,198.89,202.17,131957.823774
1755079200000,202.16,202.16,200.85,201.5,53917.648628
1755082800000,201.51,201.93,200.26,200.97,41233.804835
1755086400000,200.96,202.52,200.58,201.14,69863.986455
1755090000000,201.14,204.95,200.55,202.48,207180.835089
1755093600000,202.5,202.85,196.0,196.2,220204.01694
1755097200000,196.22,198.65,194.52,197.45,138304.169462
1755100800000,197.45,199.96,197.08,198.02,89071.951963
1755104400000,198.01,200.12,197.96,199.05,39117.612553
1755108000000,199.07,200.73,197.81,199.41,86041.887973
1755111600000,199.42,202.21,198.91,202.09,65469.962683
1755115200000,202.09,202.24,199.86,200.33,44755.360018
1755118800000,200.34,201.5,200.13,201.0,28790.796916
1755122400000,201.0,202.83,200.16,200.58,46283.738292
1755126000000,200.58,203.35,200.46,201.52,50691.362048
1755129600000,201.54,203.99,200.73,201.48,87182.571092
1755133200000,201.47,204.7,200.6,202.61,73626.64177
1755136800000,202.6,208.09,201.8,207.09,153355.999489
1755140400000,207.09,209.08,206.0,207.91,231767.283352
1755144000000,207.91,209.95,207.27,208.21,146137.574281
1755147600000,208.22,209.81,206.35,206.61,142746.769581
1755151200000,206.6,208.01,204.05,207.6,138280.150615
1755154800000,207.59,208.04,204.69,205.65,90650.022035
1755158400000,205.66,205.83,202.49,203.37,95318.774899
1755162000000,203.38,205.62,202.6,205.41,66377.133147
1755165600000,205.4,205.73,201.81,202.73,101977.330652
1755169200000,202.72,203.94,201.87,203.61,70537.848894
1755172800000,203.62,205.5,189.38,194.42,681106.775347
1755176400000,194.46,196.88,186.72,194.86,477398.000044
1755180000000,194.91,198.93,193.52,196.55,170519.895701
1755183600000,196.57,196.81,194.54,194.84,99597.394902
1755187200000,194.85,195.07,190.29,193.34,146975.864675
1755190800000,193.33,195.48,191.55,193.82,80398.360461
1755194400000,193.8,194.64,191.39,193.57,60351.454034
1755198000000,193.58,195.12,192.81,192.93,49611.906102
1755201600000,192.92,193.2,191.62,192.21,49972.697427
1755205200000,192.2,192.2,187.28,190.27,92366.780958
1755208800000,190.23,192.0,189.31,191.85,40541.408779
1755212400000,191.84,193.13,191.71,192.46,20963.714923
1755216000000,192.47,193.93,191.92,192.68,55156.095877
1755219600000,192.7,194.3,192.07,193.69,48011.512036
1755223200000,193.67,194.37,193.08,193.36,30028.427815
1755226800000,193.37,195.65,192.93,195.16,39795.362852
1755230400000,195.18,195.85,194.56,194.98,31833.690464
1755234000000,194.99,196.47,194.43,196.47,34519.299807
1755237600000,196.46,198.05,196.27,197.41,55487.637683
1755241200000,197.4,197.89,196.25,196.96,44565.871962
1755244800000,196.95,197.6,196.39,196.59,43967.438702
1755248400000,196.58,197.15,193.63,194.21,49199.06127
1755252000000,194.22,196.0,194.17,194.67,29203.281497
1755255600000,194.67,195.32,193.75,194.3,21855.496474
1755259200000,194.32,196.17,192.31,193.45,90143.553364
1755262800000,193.46,193.85,190.18,190.47,72805.002149
1755266400000,190.47,191.92,187.19,187.56,102171.994989
1755270000000,187.56,188.11,184.39,185.55,161897.362368
1755273600000,185.54,186.03,183.4,185.56,143562.800936
1755277200000,185.56,186.93,183.99,185.82,68329.056941
1755280800000,185.83,186.28,183.34,184.19,60543.952405
1755284400000,184.2,185.9,183.41,183.9,44158.435591
1755288000000,183.9,185.0,183.32,184.79,32287.626923
1755291600000,184.8,185.69,183.98,185.64,26993.096556
1755295200000,185.64,187.89,185.23,187.71,35266.51854
1755298800000,187.74,188.27,184.19,185.74,56994.041957
1755302400000,185.73,187.81,185.33,187.48,29004.025167
1755306000000,187.48,188.18,186.53,187.95,28817.553974
1755309600000,187.95,188.13,186.87,186.9,35940.514837
1755313200000,186.92,188.37,186.72,187.11,26688.185611
1755316800000,187.11,188.1,186.82,188.1,19916.667855
1755320400000,188.09,188.14,186.13,186.18,24142.3329
1755324000000,186.18,187.67,186.15,187.36,28112.718817
1755327600000,187.37,189.64,187.23,189.12,46516.100034
1755331200000,189.12,189.22,187.69,188.39,28650.101502
1755334800000,188.39,188.56,185.88,186.03,52483.576347
1755338400000,186.04,186.91,185.41,186.59,49113.670991
1755342000000,186.59,187.33,185.55,185.72,23817.536055
1755345600000,185.73,187.0,185.2,186.65,32706.443746
1755349200000,186.64,188.5,186.61,187.4,32820.308623
1755352800000,187.4,189.16,186.91,188.82,38866.329482
1755356400000,188.81,189.49,188.34,188.78,43940.808767
1755360000000,188.78,189.4,187.9,187.95,19363.017215
1755363600000,187.97,188.07,187.08,187.99,22364.645356
1755367200000,187.97,188.66,187.6,188.16,12138.792348
1755370800000,188.17,189.19,188.04,188.7,17343.046018
1755374400000,188.7,189.22,188.38,189.1,12272.455387
1755378000000,189.09,189.09,188.26,188.41,10399.77615
1755381600000,188.42,189.28,187.93,189.07,13399.026385
1755385200000,189.05,190.05,188.58,189.61,13764.034458
1755388800000,189.62,189.68,188.1,188.15,12458.833343
1755392400000,188.16,188.66,187.34,188.4,23001.429521
1755396000000,188.37,191.63,188.0,191.51,52288.251829
1755399600000,191.51,191.95,190.33,191.6,33326.308932
1755403200000,191.62,193.52,191.51,193.41,35641.208331
1755406800000,193.41,193.48,192.5,192.62,27953.342473
1755410400000,192.63,192.92,191.86,191.96,20325.244012
1755414000000,191.95,192.5,191.31,191.88,23088.571011
1755417600000,191.9,193.53,191.71,193.39,17704.880322
1755421200000,193.39,193.63,191.52,192.29,32302.801625
1755424800000,192.29,193.2,191.67,193.11,17259.87954
1755428400000,193.1,193.63,192.44,193.57,18707.70956
1755432000000,193.58,193.79,191.96,192.21,25600.275665
1755435600000,192.22,193.56,191.72,193.21,27292.96435
1755439200000,193.21,194.41,192.43,193.75,29571.71226
1755442800000,193.75,195.5,193.6,195.46,30817.80992
1755446400000,195.47,195.83,192.89,193.22,41302.924341
1755450000000,193.23,193.7,192.78,193.37,18370.43827
1755453600000,193.39,193.51,190.52,192.12,47156.527002
1755457200000,192.13,193.46,190.89,191.23,40037.519515
1755460800000,191.23,192.0,191.0,191.14,14866.492053
1755464400000,191.17,191.64,190.95,191.26,17709.946311
1755468000000,191.25,193.49,191.14,193.11,30117.289192
1755471600000,193.11,193.27,190.91,191.03,27140.174836
1755475200000,191.03,191.34,189.62,190.18,41655.362379
1755478800000,190.17,190.46,186.53,186.6,88381.574665
1755482400000,186.59,186.82,183.47,183.96,126282.674698
1755486000000,183.95,184.64,181.84,182.7,87917.016045
1755489600000,182.69,183.44,181.6,182.92,52753.214779
1755493200000,182.93,183.53,181.22,182.91,57058.039799
1755496800000,182.92,182.94,180.3,181.38,67689.498173
1755500400000,181.36,181.66,180.21,180.62,46815.106527
1755504000000,180.62,181.62,180.47,180.84,34218.987423
1755507600000,180.83,181.96,180.0,181.21,62923.11392
1755511200000,181.22,181.41,180.56,180.76,21045.912771
1755514800000,180.77,181.49,180.39,181.34,31094.325946
1755518400000,181.34,183.2,181.11,183.19,50717.413545
1755522000000,183.2,183.35,180.51,180.56,75185.762506
1755525600000,180.57,182.6,180.57,182.54,46408.012796
1755529200000,182.54,183.13,181.18,183.08,37369.96029
1755532800000,183.08,184.42,181.77,182.07,65467.432039
1755536400000,182.07,185.69,182.0,184.64,63083.661216
1755540000000,184.65,184.75,183.01,184.37,39235.760257
1755543600000,184.37,184.56,182.8,183.19,28840.583397
1755547200000,183.2,183.78,182.06,183.02,23638.729463
1755550800000,183.01,184.18,182.68,183.79,23448.008323
1755554400000,183.81,185.0,183.77,184.21,32397.685626
1755558000000,184.19,184.61,182.42,182.93,27864.35982
1755561600000,182.93,185.02,181.22,185.0,58166.098325
1755565200000,184.97,185.86,182.63,183.08,50193.344932
1755568800000,183.09,183.23,181.94,182.17,41365.191253
1755572400000,182.18,182.22,178.19,178.52,105720.525241
1755576000000,178.52,180.09,177.3,180.06,65473.458233
1755579600000,180.05,180.59,179.29,179.77,27112.190611
1755583200000,179.78,180.55,179.4,180.07,27772.718614
1755586800000,180.07,180.19,178.98,180.12,29848.705157
1755590400000,180.12,180.93,179.12,180.45,25918.324179
1755594000000,180.46,182.45,180.38,181.34,30650.469972
1755597600000,181.35,182.0,181.2,181.4,18471.309017
1755601200000,181.41,182.82,181.31,182.67,25017.676427
1755604800000,182.68,182.74,181.38,182.04,20132.046487
1755608400000,182.03,183.39,180.66,182.07,57594.007361
1755612000000,182.06,183.04,178.14,178.58,117056.861597
1755615600000,178.58,179.9,177.54,178.0,100145.027996
1755619200000,178.0,178.56,176.74,177.17,71975.957677
1755622800000,177.16,178.75,176.35,178.14,46262.361431
1755626400000,178.14,178.81,175.85,176.71,61652.484524
1755630000000,176.7,178.3,175.71,176.74,61185.2684
1755633600000,176.74,178.66,175.95,178.64,25525.329727
1755637200000,178.65,179.22,178.21,179.07,15380.301511
1755640800000,179.08,179.52,177.85,179.07,17392.104261
1755644400000,179.1,179.31,175.89,176.21,52603.396175
1755648000000,176.22,178.59,176.02,178.16,57492.248605
1755651600000,178.16,179.8,177.03,179.56,48122.622748
1755655200000,179.56,181.33,179.2,180.79,40918.108244
1755658800000,180.79,181.49,180.08,180.51,25037.498341
1755662400000,180.52,181.69,180.37,180.6,24094.668714
1755666000000,180.6,181.13,179.83,181.06,25336.512152
1755669600000,181.06,181.34,180.15,181.01,22067.949959
1755673200000,181.03,181.66,180.38,180.54,15247.579238
1755676800000,180.54,182.3,180.26,182.06,41410.837065
1755680400000,182.06,182.23,180.88,180.94,34547.364585
1755684000000,180.94,181.71,180.8,180.97,16187.748329
1755687600000,181.0,181.31,178.29,180.28,49234.003205
1755691200000,180.28,182.31,180.22,181.91,42467.23507
1755694800000,181.89,181.89,178.68,178.81,80611.3031
1755698400000,178.8,182.5,177.54,181.37,93180.055001
1755702000000,181.36,185.08,181.17,183.03,94252.81502
1755705600000,183.03,184.81,183.01,183.75,49209.570623
1755709200000,183.75,186.25,183.62,185.12,68857.780817
1755712800000,185.12,185.6,182.6,183.62,62525.336485
1755716400000,183.62,188.0,183.45,187.6,73119.69172
1755720000000,187.6,187.91,186.34,187.25,25413.766664
1755723600000,187.26,187.65,185.68,187.01,34162.960423
1755727200000,187.01,187.65,186.65,187.34,20130.302195
1755730800000,187.33,187.96,186.7,187.95,22117.444396
1755734400000,187.96,189.23,187.04,187.91,59317.479872
1755738000000,187.92,189.17,186.8,189.05,41076.953297
1755741600000,189.04,189.96,185.55,186.47,92486.389496
1755745200000,186.48,190.11,186.37,188.41,117616.104159
1755748800000,188.41,188.68,187.23,187.74,33436.758708
1755752400000,187.74,188.17,186.66,188.11,30145.122174
1755756000000,188.1,188.11,186.52,186.61,23757.215545
1755759600000,186.6,187.42,185.91,186.99,26059.525596
1755763200000,186.99,187.03,185.65,185.67,29478.857868
1755766800000,185.67,185.75,184.05,184.92,43384.684043
1755770400000,184.92,185.24,183.87,184.32,28765.080356
1755774000000,184.31,184.93,183.48,184.02,37821.255545
1755777600000,184.01,184.85,182.77,183.75,31953.285536
1755781200000,183.74,185.78,183.36,184.07,66608.870429
1755784800000,184.1,186.4,183.69,184.8,64695.743971
1755788400000,184.8,185.05,181.43,181.63,59952.196182
1755792000000,181.63,182.35,180.78,180.94,65786.546438
1755795600000,180.94,181.58,179.88,181.16,45990.029135
1755799200000,181.17,182.3,180.54,182.16,25760.215161
1755802800000,182.15,182.89,179.93,180.13,52373.699942
1755806400000,180.13,181.46,179.41,180.83,28446.067343
1755810000000,180.83,181.6,179.99,181.17,17288.854506
1755813600000,181.16,181.89,180.87,181.76,12138.416755
1755817200000,181.76,181.76,179.83,180.32,28410.842612
1755820800000,180.33,181.8,180.27,181.12,18296.90288
1755824400000,181.13,182.14,180.01,181.96,28062.053191
1755828000000,181.96,183.52,181.71,182.6,39955.003504
1755831600000,182.63,183.44,181.41,181.76,23925.409745
1755835200000,181.76,183.4,181.74,182.89,17441.708752
1755838800000,182.89,183.89,182.69,183.67,17731.147824
1755842400000,183.66,184.1,182.41,182.93,18104.193452
1755846000000,182.95,184.34,182.82,183.95,25998.016649
1755849600000,183.96,185.08,183.73,183.78,37439.728301
1755853200000,183.78,184.09,182.46,182.93,20519.661044
1755856800000,182.94,182.95,180.88,181.17,29223.639315
1755860400000,181.19,181.29,179.6,179.65,36876.254822
1755864000000,179.65,179.83,177.26,178.47,87508.105599
1755867600000,178.48,181.33,178.01,180.28,67205.14483
1755871200000,180.26,193.32,180.24,191.67,623015.551153
1755874800000,191.67,195.45,191.64,193.49,165828.309509
1755878400000,193.49,197.89,193.49,194.89,129789.024669
1755882000000,194.89,198.12,194.89,196.89,85683.110184
1755885600000,196.87,197.58,195.68,196.85,47519.933398
1755889200000,196.85,199.72,196.47,199.01,55990.980566
1755892800000,198.99,199.63,198.33,199.63,31604.236113
1755896400000,199.62,202.4,199.43,200.19,106842.693933
1755900000000,200.19,200.44,198.52,199.39,55094.125764
1755903600000,199.39,200.97,199.03,200.65,31144.73501
1755907200000,200.68,200.81,198.42,198.53,36766.01177
1755910800000,198.52,199.0,196.77,197.8,50280.133755
1755914400000,197.8,198.37,195.29,197.54,51079.003744
1755918000000,197.54,198.73,197.15,198.18,40919.711565
1755921600000,198.18,204.95,198.11,204.64,139905.347771
1755925200000,204.63,208.7,204.32,207.54,133453.671211
1755928800000,207.54,207.88,205.7,206.53,68783.113763
1755932400000,206.52,207.29,204.85,205.18,38161.141977
1755936000000,205.17,205.69,202.1,203.83,63318.785156
1755939600000,203.82,204.67,203.22,204.49,26337.085422
1755943200000,204.5,204.65,201.78,201.98,40565.281988
1755946800000,201.99,203.05,201.59,201.99,23297.951419
1755950400000,202.0,203.2,201.11,202.01,30986.275751
1755954000000,202.03,202.47,200.59,201.53,52180.313859
1755957600000,201.54,203.49,201.01,202.73,44406.819847
1755961200000,202.73,203.84,202.47,202.62,27470.204462
1755964800000,202.61,203.59,202.17,203.28,27341.467203
1755968400000,203.28,203.77,202.22,203.27,18949.486038
1755972000000,203.29,204.35,203.25,204.03,14713.918939
1755975600000,204.03,204.57,203.8,204.11,11513.578024
1755979200000,204.11,204.27,203.24,203.78,15054.160872
1755982800000,203.78,204.11,203.0,203.11,11930.750749
1755986400000,203.11,203.69,202.82,203.53,13616.969977
1755990000000,203.54,204.89,203.54,204.17,16829.998731
1755993600000,204.16,206.78,204.16,206.14,42823.622933
1755997200000,206.14,208.85,204.98,208.11,79523.867531
1756000800000,208.14,211.99,207.58,208.75,158124.96756
1756004400000,208.76,209.4,207.23,209.05,47694.847506
1756008000000,209.06,210.66,208.4,210.62,53831.786996
1756011600000,210.62,210.75,208.09,208.55,41282.094903
1756015200000,208.56,208.83,207.09,207.37,32821.955602
1756018800000,207.37,208.3,206.6,206.67,38736.647032
1756022400000,206.68,208.22,206.1,208.15,31846.737606
1756026000000,208.14,209.0,207.62,208.18,39437.491614
1756029600000,208.2,208.26,204.51,204.82,100164.899903
1756033200000,204.82,205.37,203.39,204.5,63965.400507
1756036800000,204.49,204.95,203.6,204.39,31601.304888
1756040400000,204.38,205.68,204.22,204.75,45909.336325
1756044000000,204.77,206.46,204.01,206.09,47881.404182
1756047600000,206.09,209.38,205.4,205.64,165645.551794
1756051200000,205.66,207.37,205.55,206.63,41368.544506
1756054800000,206.61,209.79,206.53,209.35,63450.772288
1756058400000,209.35,211.98,208.85,211.27,83021.425161
1756062000000,211.26,211.92,201.46,205.01,375758.164345
1756065600000,205.04,205.38,201.08,203.63,158227.302543
1756069200000,203.65,205.67,202.21,204.35,67637.670783
1756072800000,204.36,205.49,201.38,205.05,46065.274747
1756076400000,205.07,207.14,204.71,205.98,38506.588117
1756080000000,205.98,208.2,202.22,203.5,95911.976862
1756083600000,203.47,208.94,203.46,206.96,84630.407129
1756087200000,206.99,213.55,206.73,212.56,191438.091213
1756090800000,212.55,212.97,208.77,209.22,97930.963926
1756094400000,209.23,209.71,206.76,207.32,61853.802262
1756098000000,207.33,207.99,203.52,203.72,101779.979262
1756101600000,203.72,204.7,201.77,201.94,98744.336817
1756105200000,201.95,204.39,198.66,199.83,162698.298292
1756108800000,199.82,200.81,198.15,199.94,94282.741682
1756112400000,199.92,200.23,198.19,199.47,51895.728396
1756116000000,199.45,199.47,195.02,195.88,133236.566638
1756119600000,195.89,197.56,195.41,197.56,54466.440264
1756123200000,197.54,198.52,196.81,197.99,70798.871726
1756126800000,197.99,198.47,195.52,198.22,72908.028516
1756130400000,198.22,199.46,196.83,198.29,68973.876444
1756134000000,198.29,198.55,196.12,196.56,38891.391552
1756137600000,196.57,198.35,195.63,196.49,44659.106306
1756141200000,196.49,197.35,195.2,196.68,33026.223797
1756144800000,196.7,197.84,196.12,196.47,21666.287858
1756148400000,196.47,196.51,190.97,191.44,167361.0963
1756152000000,191.44,192.11,186.27,186.29,208295.361879
1756155600000,186.3,188.45,185.87,186.39,111621.376603
1756159200000,186.4,188.54,185.34,187.02,62134.099687
1756162800000,187.01,187.59,185.73,187.2,33115.005489
1756166400000,187.22,188.68,185.57,186.32,70619.591635
1756170000000,186.3,188.97,185.69,188.25,68288.998476
1756173600000,188.26,189.37,186.89,187.55,52385.404784
1756177200000,187.57,187.98,186.44,186.9,31859.570809
1756180800000,186.93,188.52,186.93,187.89,33227.350044
1756184400000,187.94,189.57,187.91,188.75,32037.09533
1756188000000,188.74,189.59,187.39,187.94,44640.034837
1756191600000,187.92,189.9,187.19,188.92,38686.549342
1756195200000,188.92,190.36,188.15,188.72,42919.726326
1756198800000,188.71,189.3,187.52,188.05,38715.363056
1756202400000,188.06,188.96,187.84,188.65,16196.971482
1756206000000,188.65,189.05,186.67,187.95,37434.037722
1756209600000,187.95,192.32,187.19,190.53,110386.048071
1756213200000,190.54,191.04,187.7,189.39,97202.145392
1756216800000,189.4,191.83,188.42,191.55,85778.511062
1756220400000,191.51,192.55,189.96,190.76,50539.113765
1756224000000,190.8,193.74,190.6,193.67,45686.30083
1756227600000,193.66,194.24,192.27,193.73,52369.363095
1756231200000,193.74,195.36,193.53,194.85,31167.817014
1756234800000,194.9,197.55,194.34,197.44,66529.60834
1756238400000,197.42,197.74,195.93,196.34,33946.382796
1756242000000,196.36,196.9,195.37,196.8,29250.398663
1756245600000,196.78,197.33,195.7,196.75,34699.021483
1756249200000,196.75,198.1,195.59,195.86,45187.222139
1756252800000,195.86,196.26,194.44,194.64,33715.681949
1756256400000,194.66,196.75,193.77,196.27,56584.584387
1756260000000,196.27,199.75,195.61,198.31,75246.5206
1756263600000,198.3,202.84,196.94,201.95,91605.973873
1756267200000,201.96,205.68,201.71,205.2,138913.761526
1756270800000,205.2,205.37,202.52,202.85,71576.855899
1756274400000,202.85,204.15,201.91,202.22,48434.060212
1756278000000,202.23,202.74,200.8,202.45,65978.385636
1756281600000,202.45,203.67,201.55,203.51,39845.223792
1756285200000,203.5,205.13,203.09,203.92,71927.702719
1756288800000,203.92,205.38,203.29,204.09,66757.689052
1756292400000,204.09,205.39,204.08,205.01,28764.396839
1756296000000,205.01,205.64,203.18,204.64,52576.028698
1756299600000,204.62,205.98,202.62,204.44,77099.032267
1756303200000,204.45,208.0,203.34,206.72,132784.823086
1756306800000,206.71,209.4,206.27,208.67,106534.777489
1756310400000,208.68,209.07,206.63,207.94,60198.201182
1756314000000,207.93,210.0,207.43,209.16,61667.776586
1756317600000,209.16,212.16,208.25,208.38,119258.01573
1756321200000,208.39,209.28,205.91,206.39,113655.317414
1756324800000,206.4,209.46,202.77,208.56,312009.305097
1756328400000,208.57,208.76,204.84,205.62,57047.329333
1756332000000,205.63,205.71,203.39,204.35,55447.432485
1756335600000,204.34,205.37,202.53,202.97,45467.421898
1756339200000,202.98,205.12,201.7,203.93,79416.088956
1756342800000,203.94,206.46,203.2,205.91,83214.294831
1756346400000,205.92,207.87,205.27,206.23,69197.451741
1756350000000,206.25,208.34,206.02,208.15,38294.96157
1756353600000,208.16,212.52,207.46,212.07,103905.697277
1756357200000,212.06,213.18,210.76,211.61,99203.778225
1756360800000,211.62,211.88,209.74,211.68,63882.94049
1756364400000,211.67,213.27,210.53,213.11,56977.082872
1756368000000,213.11,216.58,213.06,214.22,147030.00435
1756371600000,214.22,214.29,211.42,211.61,60369.850189
1756375200000,211.6,213.97,211.32,213.93,45691.327224
1756378800000,213.94,214.0,212.42,213.16,39586.149958
1756382400000,213.17,214.31,211.98,213.16,61976.286022
1756386000000,213.16,216.9,212.19,212.74,181933.820233
1756389600000,212.75,216.05,211.61,215.63,132452.815389
1756393200000,215.65,216.04,210.15,211.06,160406.766112
1756396800000,211.06,214.0,207.1,207.42,148662.309714
1756400400000,207.43,210.67,207.28,210.42,116595.248171
1756404000000,210.4,212.75,209.51,212.09,51742.95894
1756407600000,212.06,213.04,209.79,209.95,63997.50214
1756411200000,209.97,213.66,209.67,213.22,46503.89571
1756414800000,213.24,213.96,211.9,213.74,36642.306746
1756418400000,213.72,215.75,213.6,214.19,58216.70138
1756422000000,214.19,215.31,213.71,214.44,43225.354412
1756425600000,214.43,217.99,214.11,215.06,114845.458433
1756429200000,215.08,215.46,212.11,213.49,76355.888155
1756432800000,213.47,217.53,212.79,215.34,98460.108024
1756436400000,215.35,217.81,214.22,216.87,61977.516247
1756440000000,216.88,217.92,216.05,217.09,85317.771797
1756443600000,217.09,217.21,214.64,215.79,57770.735861
1756447200000,215.82,216.21,212.72,212.73,198666.377415
1756450800000,212.73,212.73,207.85,208.78,214408.109069
1756454400000,208.79,210.08,206.15,206.83,129386.89937
1756458000000,206.83,207.88,205.33,207.73,98530.042688
1756461600000,207.72,209.4,206.89,207.6,94781.802915
1756465200000,207.59,209.17,206.75,207.64,46652.804319
1756468800000,207.63,215.0,207.13,211.89,235539.272874
1756472400000,211.9,212.02,207.68,208.97,153547.487859
1756476000000,208.98,210.97,206.88,207.47,206723.722614
1756479600000,207.48,210.54,203.77,204.43,151067.427884
1756483200000,204.43,205.5,202.74,204.86,121132.064112
1756486800000,204.85,204.9,202.0,202.53,101165.976755
1756490400000,202.53,203.24,201.39,202.12,55016.93667
1756494000000,202.11,204.59,201.68,202.97,60690.080653
1756497600000,202.98,203.5,200.8,201.06,58889.751931
1756501200000,201.04,204.01,199.85,203.79,78190.213389
1756504800000,203.79,204.02,202.5,203.16,35765.324465
1756508400000,203.15,205.49,203.14,205.11,34219.50297
1756512000000,205.12,205.39,203.56,205.04,45876.199609
1756515600000,205.03,205.17,201.0,201.15,47091.33366
1756519200000,201.17,203.68,200.73,203.33,59671.721302
1756522800000,203.34,206.65,203.09,205.61,61027.298272
1756526400000,205.61,206.52,204.66,204.66,28892.020292
1756530000000,204.67,207.03,204.37,206.11,39459.048525
1756533600000,206.12,206.66,205.05,205.09,26634.662904
1756537200000,205.11,205.71,204.47,205.12,37975.038943
1756540800000,205.12,205.55,202.65,203.0,35002.237566
1756544400000,203.01,203.36,201.67,202.43,36601.732063
1756548000000,202.43,203.29,201.8,202.72,32467.696729
1756551600000,202.73,202.92,201.8,202.65,18176.199879
1756555200000,202.63,202.68,199.24,200.62,72932.333179
1756558800000,200.62,200.65,197.55,199.18,71190.480868
1756562400000,199.17,200.55,198.28,199.98,31543.285184
1756566000000,199.99,201.66,199.51,201.05,42633.385609
1756569600000,201.07,201.07,199.76,200.4,22587.450578
1756573200000,200.4,201.64,200.04,200.94,19263.552215
1756576800000,200.93,201.58,200.51,201.07,18643.025468
1756580400000,201.07,201.45,200.66,201.25,24199.44348
1756584000000,201.26,201.32,199.78,200.67,9727.359852
1756587600000,200.65,201.28,200.23,200.6,8816.033085
1756591200000,200.63,201.48,200.11,201.44,8046.864113
1756594800000,201.45,203.32,201.38,202.72,30948.833986
1756598400000,202.73,205.95,202.72,205.44,67237.463969
1756602000000,205.44,206.6,204.2,206.38,69736.490511
1756605600000,206.39,206.67,204.9,205.02,25593.517143
1756609200000,205.03,205.65,204.81,205.53,27207.447651
1756612800000,205.54,205.6,203.48,204.41,22912.572625
1756616400000,204.4,204.89,203.86,204.63,18038.361897
1756620000000,204.64,204.85,202.75,202.94,25782.228805
1756623600000,202.94,203.93,202.9,203.52,14757.791514
1756627200000,203.52,205.82,203.5,205.79,27965.019149
1756630800000,205.79,205.82,203.88,204.04,32386.12929
1756634400000,204.05,204.53,202.78,203.55,35077.627665
1756638000000,203.56,203.85,202.26,203.64,28738.215993
1756641600000,203.65,203.8,202.46,203.39,25974.443771
1756645200000,203.38,203.8,201.74,202.07,29064.011374
1756648800000,202.08,203.93,201.5,203.71,23537.7326
1756652400000,203.75,204.88,203.61,204.56,22644.485713
1756656000000,204.57,205.3,203.69,205.1,17170.101972
1756659600000,205.11,205.66,204.51,204.95,24806.994982
1756663200000,204.96,205.7,204.67,205.68,10916.781009
1756666800000,205.68,206.0,204.43,204.61,12741.027891
1756670400000,204.62,205.2,204.31,204.82,7570.631727
1756674000000,204.82,205.44,204.26,205.39,10418.745533
1756677600000,205.39,205.76,203.46,203.75,22983.634706
1756681200000,203.74,203.95,200.33,200.67,52327.340227
1756684800000,200.66,201.4,198.49,200.44,76123.108578
1756688400000,200.45,202.49,199.93,201.0,44531.20819
1756692000000,201.03,201.24,196.15,197.51,105505.075285
1756695600000,197.52,198.75,196.96,198.42,38402.607354
1756699200000,198.42,198.49,196.8,197.53,26161.334285
1756702800000,197.54,198.96,196.68,198.43,35267.592122
1756706400000,198.42,199.45,197.52,198.81,46034.676643
1756710000000,198.8,202.93,197.88,202.92,81091.104713
1756713600000,202.93,204.57,202.43,203.08,54542.555064
1756717200000,203.08,203.73,201.0,201.01,28408.27744
1756720800000,201.02,201.58,198.4,199.47,38482.319794
1756724400000,199.47,199.69,198.7,199.42,20696.669221
1756728000000,199.43,200.5,198.8,199.6,30632.079793
1756731600000,199.62,201.15,198.97,199.68,34621.458587
1756735200000,199.69,200.71,199.06,200.23,24139.501253
1756738800000,200.23,200.89,197.71,198.39,28832.522959
1756742400000,198.38,199.0,197.49,198.58,25359.722972
1756746000000,198.57,199.15,197.28,198.57,22743.846241
1756749600000,198.55,199.52,198.41,199.26,17503.632166
1756753200000,199.26,200.17,199.14,200.16,12104.300837
1756756800000,200.17,200.17,196.17,197.73,53904.565014
1756760400000,197.71,197.78,194.45,195.08,71307.63827
1756764000000,195.07,195.98,194.21,195.8,44723.136473
1756767600000,195.79,197.42,195.5,197.31,34371.254871
1756771200000,197.31,198.0,196.77,197.72,22592.032203
1756774800000,197.68,199.99,197.25,199.24,35806.028536
1756778400000,199.24,202.42,198.84,202.23,39211.283286
1756782000000,202.23,203.33,201.59,201.84,58055.986494
1756785600000,201.85,203.12,201.41,203.0,35547.486252
1756789200000,203.01,203.5,201.95,203.24,19885.704292
1756792800000,203.27,204.44,203.13,204.07,52529.207758
1756796400000,204.08,204.18,201.83,202.1,39396.268739
1756800000000,202.09,203.87,202.02,203.1,30680.5629
1756803600000,203.13,204.36,202.8,204.36,30777.696354
1756807200000,204.36,204.42,203.39,203.69,33608.926699
1756810800000,203.71,203.77,201.68,201.97,39959.541648
1756814400000,201.95,202.22,197.37,197.97,73502.666095
1756818000000,197.98,204.32,197.82,204.04,128253.224722
1756821600000,204.04,205.13,202.61,204.39,94873.885334
1756825200000,204.38,204.6,199.77,200.3,68788.855108
1756828800000,200.28,201.96,199.47,201.48,47979.916055
1756832400000,201.49,205.32,201.49,204.78,55145.877989
1756836000000,204.78,206.49,203.33,205.63,50366.046739
1756839600000,205.62,207.0,204.42,205.55,33290.306119
1756843200000,205.51,208.25,204.9,206.77,53647.021682
1756846800000,206.77,208.06,206.7,207.25,23682.667539
1756850400000,207.25,208.86,206.62,208.7,32009.38559
1756854000000,208.66,209.69,207.94,209.64,49656.483333
1756857600000,209.65,210.5,207.92,208.36,57414.600192
1756861200000,208.36,211.81,207.39,211.45,85082.268175
1756864800000,211.44,211.95,210.33,211.26,58186.717723
1756868400000,211.26,211.79,209.31,210.0,40698.655997
1756872000000,210.0,210.43,209.18,210.27,20107.442855
1756875600000,210.27,210.47,208.93,209.02,34959.446932
1756879200000,209.04,209.4,207.97,208.43,29040.0297
1756882800000,208.46,209.39,208.02,209.36,24427.273081
1756886400000,209.34,210.74,208.92,209.38,26256.224353
1756890000000,209.39,209.63,208.1,209.57,28810.261025
1756893600000,209.59,210.4,208.92,209.89,28060.98215
1756897200000,209.88,211.32,209.56,210.36,32907.841144
1756900800000,210.36,211.37,208.79,209.14,55104.557494
1756904400000,209.14,213.0,209.09,211.63,68777.798343
1756908000000,211.64,212.7,210.34,212.06,58346.56013
1756911600000,212.09,212.69,210.92,211.37,40840.736944
1756915200000,211.37,211.97,209.47,209.93,47042.32287
1756918800000,209.94,211.54,209.92,210.84,25264.52475
1756922400000,210.84,211.16,208.83,209.66,23549.988177
1756926000000,209.65,210.45,209.27,210.38,20393.611714
1756929600000,210.38,210.46,209.22,209.44,8681.933589
1756933200000,209.45,209.54,208.4,208.91,10689.21094
1756936800000,208.9,209.89,208.52,209.86,16973.775917
1756940400000,209.87,210.94,209.63,210.72,22791.974828
1756944000000,210.74,211.94,210.46,211.27,31241.054109
1756947600000,211.26,211.28,209.77,210.37,25013.57105
1756951200000,210.38,210.54,207.5,208.24,40199.673573
1756954800000,208.24,208.68,207.57,208.18,27412.407072
1756958400000,208.19,208.53,206.93,207.16,18907.865685
1756962000000,207.18,207.19,205.69,206.77,43651.29183
1756965600000,206.77,207.22,206.3,206.35,16620.182523
1756969200000,206.34,207.43,206.26,206.69,11866.757369
1756972800000,206.69,208.15,206.59,207.06,19061.160378
1756976400000,207.07,208.12,207.07,208.06,11355.886444
1756980000000,208.07,208.79,207.54,207.55,18397.727745
1756983600000,207.55,208.44,207.0,207.23,23311.78759
1756987200000,207.23,208.5,207.02,208.37,21509.291559
1756990800000,208.37,208.46,206.33,207.07,39683.519961
1756994400000,207.06,207.72,204.6,205.38,58929.541232
1756998000000,205.38,205.41,203.37,203.76,73281.565862
1757001600000,203.77,204.87,203.53,204.59,25714.950633
1757005200000,204.59,205.17,203.91,203.96,19715.828982
1757008800000,203.97,204.69,202.28,203.06,30573.898218
1757012400000,203.07,203.68,201.82,202.1,17877.790771
1757016000000,202.12,203.77,201.9,202.63,14935.602987
1757019600000,202.63,204.0,202.5,203.84,11791.921748
1757023200000,203.84,204.76,202.71,204.2,35560.35923
1757026800000,204.21,204.82,202.23,202.34,25265.284338
1757030400000,202.34,202.93,201.01,201.18,29058.768775
1757034000000,201.21,203.77,200.96,203.48,31053.261867
1757037600000,203.49,204.07,202.68,204.04,18990.379412
1757041200000,204.04,204.05,202.51,203.56,15022.232835
1757044800000,203.56,204.4,203.04,204.13,14396.403427
1757048400000,204.14,204.88,203.94,204.67,27523.040347
1757052000000,204.68,204.87,203.92,204.87,15758.979473
1757055600000,204.87,208.43,204.73,207.83,71232.214847
1757059200000,207.85,207.94,206.44,206.55,42516.51861
1757062800000,206.55,206.91,204.52,205.87,38143.502568
1757066400000,205.87,206.62,205.7,206.05,48306.546362
1757070000000,206.06,207.04,206.0,206.66,20607.734351
1757073600000,206.65,209.78,204.92,209.04,173244.89824
1757077200000,209.04,209.99,208.38,209.67,55568.39721
1757080800000,209.64,209.64,201.63,202.24,161573.550712
1757084400000,202.23,204.44,201.62,203.58,59406.162928
1757088000000,203.58,204.08,202.5,203.77,27415.834895
1757091600000,203.78,203.8,202.22,202.43,18915.997038
1757095200000,202.43,204.77,201.86,204.35,34574.973407
1757098800000,204.34,205.58,203.92,205.46,32812.690901
1757102400000,205.43,205.68,204.44,205.57,15918.864586
1757106000000,205.58,205.66,202.78,203.13,36661.792426
1757109600000,203.11,204.35,202.7,204.12,12154.192128
1757113200000,204.11,204.5,203.31,203.4,7780.056653
1757116800000,203.4,204.29,203.2,203.89,7113.569052
1757120400000,203.9,204.68,203.52,204.42,9156.812685
1757124000000,204.43,204.65,203.15,204.32,12455.684534
1757127600000,204.31,204.58,203.83,204.06,6399.730521
1757131200000,204.07,204.07,203.21,203.26,8999.81924
1757134800000,203.26,203.35,202.14,202.27,13326.34269
1757138400000,202.26,202.68,202.14,202.49,10960.742137
1757142000000,202.49,203.28,202.43,203.04,7595.024258
1757145600000,203.03,203.57,202.66,203.48,7877.324173
1757149200000,203.48,203.48,202.67,202.7,11194.906267
1757152800000,202.7,203.1,202.42,202.89,10340.862392
1757156400000,202.9,202.94,201.93,202.41,15451.758026
1757160000000,202.41,202.89,202.22,202.3,10164.012813
1757163600000,202.29,202.51,201.41,202.34,16954.24117
1757167200000,202.34,202.66,201.87,202.06,12109.479429
1757170800000,202.06,202.28,200.96,201.25,21951.578094
1757174400000,201.25,202.33,200.75,201.64,25469.309032
1757178000000,201.62,201.8,199.64,200.15,27921.749767
1757181600000,200.15,200.85,199.33,200.06,20308.989022
1757185200000,200.06,200.31,199.4,199.76,14462.578348
1757188800000,199.75,200.85,199.73,200.85,15192.484057
1757192400000,200.85,201.21,200.39,200.8,12055.930361
1757196000000,200.79,201.11,200.03,200.4,8192.00172
1757199600000,200.39,201.01,199.95,200.18,12215.921417
1757203200000,200.19,201.37,200.11,201.19,21608.509397
1757206800000,201.19,203.2,201.1,202.71,28261.319476
1757210400000,202.71,202.96,202.02,202.82,14190.366476
1757214000000,202.82,203.32,202.57,202.86,15254.040516
1757217600000,202.87,203.11,202.32,203.09,7360.908521
1757221200000,203.09,203.28,202.75,202.83,7158.435235
1757224800000,202.83,202.97,202.23,202.29,6919.056676
1757228400000,202.29,203.33,202.24,202.99,12814.081321
1757232000000,203.0,203.95,203.0,203.55,16881.23039
1757235600000,203.55,203.94,202.72,203.18,11582.755719
1757239200000,203.18,203.39,202.86,203.38,6691.285468
1757242800000,203.37,203.99,203.1,203.98,8802.310576
1757246400000,203.98,204.01,203.35,203.76,18735.916368
1757250000000,203.76,203.79,203.1,203.44,8726.303228
1757253600000,203.43,203.98,203.15,203.69,24415.684957
1757257200000,203.69,205.53,203.5,205.14,35460.557237
1757260800000,205.16,205.46,203.46,203.46,23424.60173
1757264400000,203.48,203.7,201.73,202.0,20801.191536
1757268000000,202.0,202.29,201.46,202.16,13140.603399
1757271600000,202.16,203.1,201.86,203.07,15640.205775
1757275200000,203.08,204.92,202.56,204.89,13496.26459
1757278800000,204.9,205.15,204.4,204.67,18799.303298
1757282400000,204.66,207.47,204.3,207.13,50614.649184
1757286000000,207.13,207.95,206.21,206.32,35782.261074
1757289600000,206.32,207.08,205.65,205.68,25436.583801
1757293200000,205.68,207.36,205.6,206.89,16650.677422
1757296800000,206.89,207.92,206.15,207.8,32134.242279
1757300400000,207.82,208.97,207.48,207.65,44108.862882
1757304000000,207.65,208.62,206.98,207.77,16781.248927
1757307600000,207.79,207.9,206.68,207.32,20883.965946
1757311200000,207.31,207.67,206.62,207.1,16700.442713
1757314800000,207.09,208.83,207.01,207.89,22494.978673
1757318400000,207.88,209.43,207.35,208.93,41231.338113
1757322000000,208.92,210.9,208.65,210.86,60792.312003
1757325600000,210.87,215.79,210.41,215.13,172383.353427
1757329200000,215.14,215.28,212.81,214.22,63225.614959
1757332800000,214.25,214.86,213.52,214.47,33038.064893
1757336400000,214.47,216.3,212.98,213.27,95415.414288
1757340000000,213.27,215.78,213.01,215.25,83152.349633
1757343600000,215.28,216.7,214.72,215.03,73286.305097
1757347200000,215.03,215.44,213.88,214.9,39156.647413
1757350800000,214.9,216.95,213.97,215.4,49021.545393
1757354400000,215.41,216.93,214.81,216.68,34133.058004
1757358000000,216.68,217.11,214.7,216.12,75886.159758
1757361600000,216.12,216.2,213.88,214.48,38079.588519
1757365200000,214.48,215.85,214.27,215.14,19311.861648
1757368800000,215.13,215.53,214.45,214.71,11311.169872
1757372400000,214.72,215.24,213.55,214.13,21298.484155
1757376000000,214.15,214.91,212.26,213.19,44443.337364
1757379600000,213.19,213.97,212.17,213.24,34433.765473
1757383200000,213.24,213.51,210.88,211.61,42968.200568
1757386800000,211.6,214.77,211.37,214.61,34142.29765
1757390400000,214.61,215.68,213.96,214.89,49036.763181
1757394000000,214.86,215.48,214.08,215.24,16496.263489
1757397600000,215.23,219.76,215.05,218.42,97871.272526
1757401200000,218.42,219.79,218.32,219.2,39796.601699
1757404800000,219.21,219.5,218.48,219.0,33458.234183
1757408400000,219.0,219.31,218.52,218.97,18106.298079
1757412000000,218.97,219.19,217.43,217.73,26549.4343
1757415600000,217.74,218.03,216.97,217.24,22215.579726
1757419200000,217.23,218.35,216.56,217.66,44184.029896
1757422800000,217.65,218.44,216.32,218.03,68309.548541
1757426400000,218.04,218.55,213.3,215.52,158725.490646
1757430000000,215.52,215.82,211.77,213.07,151968.135197
1757433600000,213.08,214.96,213.01,214.18,40380.796936
1757437200000,214.17,215.72,214.07,214.9,31624.363762
1757440800000,214.92,216.87,214.45,216.44,32807.145413
1757444400000,216.43,216.98,215.83,216.33,16397.819481
1757448000000,216.34,216.4,215.25,216.31,10193.062946
1757451600000,216.31,216.59,215.0,215.21,16186.88122
1757455200000,215.21,217.35,215.02,217.22,26778.923956
1757458800000,217.24,217.79,216.61,217.23,20970.388678
1757462400000,217.23,217.52,215.12,215.25,28783.779548
1757466000000,215.25,216.58,215.17,216.34,14625.660581
1757469600000,216.32,219.62,216.32,219.15,60561.144831
1757473200000,219.15,219.5,218.07,219.18,33001.776852
1757476800000,219.17,219.18,217.86,218.41,36310.338399
1757480400000,218.42,219.3,217.89,218.63,20527.437369
1757484000000,218.63,219.63,218.0,219.18,24551.173213
1757487600000,219.18,222.93,219.1,222.23,112121.563189
1757491200000,222.23,222.42,220.4,220.74,53812.262655
1757494800000,220.74,221.25,219.87,220.43,30170.871482
1757498400000,220.44,220.6,218.78,220.08,35108.304918
1757502000000,220.09,220.42,218.85,220.24,23318.507727
1757505600000,220.23,224.98,219.74,223.38,133176.424766
1757509200000,223.37,225.95,222.59,224.13,128947.234785
1757512800000,224.14,225.08,222.32,222.7,69344.6372
1757516400000,222.7,224.06,222.7,223.13,53081.841379
1757520000000,223.14,224.02,222.4,223.75,48167.667219
1757523600000,223.76,224.13,221.54,222.67,29493.40323
1757527200000,222.66,223.14,221.29,222.88,39710.844085
1757530800000,222.86,222.96,220.51,221.29,67749.941342
1757534400000,221.27,222.65,220.96,222.53,51590.303009
1757538000000,222.54,223.73,222.38,223.43,30356.864746
1757541600000,223.43,224.66,223.15,224.5,26980.451503
1757545200000,224.5,224.61,223.67,224.05,16608.510049
1757548800000,224.06,225.44,223.84,225.0,37056.05766
1757552400000,225.01,225.6,224.5,224.82,28237.072435
1757556000000,224.83,225.05,222.94,222.97,39672.130887
1757559600000,222.99,224.58,222.96,224.2,34059.738065
1757563200000,224.2,224.3,222.58,223.54,36653.038366
1757566800000,223.54,223.96,221.71,222.25,53664.97594
1757570400000,222.25,223.59,221.9,223.32,70092.574185
1757574000000,223.32,223.53,221.85,223.23,47498.563704
1757577600000,223.22,223.55,222.28,223.52,32149.439956
1757581200000,223.53,225.23,223.45,224.48,66686.530405
1757584800000,224.48,225.87,224.36,225.76,45947.44284
1757588400000,225.74,225.74,224.52,225.07,29137.623603
1757592000000,225.06,228.88,222.72,226.67,286958.934207
1757595600000,226.68,228.93,224.2,228.19,112804.908893
1757599200000,228.2,228.25,225.59,227.09,67375.186282
1757602800000,227.09,227.25,225.37,226.82,76476.145281
1757606400000,226.81,228.32,225.31,225.9,59916.354734
1757610000000,225.9,227.69,225.65,227.47,63039.891731
1757613600000,227.46,227.71,225.92,226.3,48045.916753
1757617200000,226.29,226.83,225.9,226.61,27081.019456
1757620800000,226.6,226.65,225.42,225.53,38555.999479
1757624400000,225.53,226.98,225.48,226.7,33648.808465
1757628000000,226.71,228.57,226.32,228.03,47928.123201
1757631600000,228.03,228.98,227.96,228.73,32471.916761
1757635200000,228.73,234.98,228.11,232.99,154581.103244
1757638800000,233.0,233.98,231.58,232.24,48655.262184
1757642400000,232.25,233.86,232.14,232.71,45279.709396
1757646000000,232.69,235.76,232.22,235.11,78511.288188
1757649600000,235.1,238.25,234.2,237.37,115080.83076
1757653200000,237.38,239.82,237.04,238.61,82671.924802
1757656800000,238.62,238.62,237.27,238.15,59163.807769
1757660400000,238.14,238.9,237.05,237.37,56838.914452
1757664000000,237.37,238.39,236.6,237.73,51612.280052
1757667600000,237.73,238.66,237.46,238.47,53868.246294
1757671200000,238.46,239.31,237.54,239.04,37001.008346
1757674800000,239.03,239.54,238.52,239.16,39198.645148
1757678400000,239.17,240.39,237.6,239.33,66083.547605
1757682000000,239.33,240.1,238.08,239.59,66355.685296
1757685600000,239.59,241.85,239.0,240.23,79506.733413
1757689200000,240.23,240.31,238.52,239.33,48932.208684
1757692800000,239.33,239.39,237.87,238.82,53453.39874
1757696400000,238.82,241.32,238.29,240.27,55095.665324
1757700000000,240.26,241.52,239.87,240.75,36220.091212
1757703600000,240.76,241.26,239.64,240.97,41711.297924
1757707200000,240.97,241.24,238.99,239.7,47783.253438
1757710800000,239.71,240.34,238.36,240.1,33811.080165
1757714400000,240.11,244.26,240.11,241.14,70226.587915
1757718000000,241.13,242.7,240.0,242.19,34145.310279
1757721600000,242.22,243.77,241.64,243.17,33707.301611
1757725200000,243.17,244.15,241.6,241.64,41381.615194
1757728800000,241.64,242.89,240.73,242.54,38717.939607
1757732400000,242.51,244.0,241.85,243.65,31104.953398
1757736000000,243.64,243.7,242.54,243.01,20054.880122
1757739600000,243.02,243.34,241.28,241.68,24374.239744
1757743200000,241.69,242.83,241.69,242.7,22031.067664
1757746800000,242.7,243.18,242.34,242.47,14601.421279
1757750400000,242.47,243.49,242.05,243.48,14671.707383
1757754000000,243.49,243.72,242.55,243.45,25028.405978
1757757600000,243.45,243.45,242.2,242.63,23270.745142
1757761200000,242.64,242.64,241.26,241.94,27931.505188
1757764800000,241.94,242.54,241.36,242.41,17603.834039
1757768400000,242.42,243.08,237.91,240.04,90435.369151
1757772000000,240.04,241.06,238.55,240.34,99420.254918
1757775600000,240.34,240.83,238.44,239.42,47983.096348
1757779200000,239.41,239.7,237.33,237.5,49376.177157
1757782800000,237.5,238.42,235.75,237.78,53746.50611
1757786400000,237.76,238.89,237.14,238.43,12878.534493
1757790000000,238.43,239.3,238.08,238.95,17844.226417
1757793600000,239.0,240.39,238.86,240.24,24168.022075
1757797200000,240.24,241.43,239.84,240.08,17165.242892
1757800800000,240.1,242.08,239.97,241.87,28083.010043
1757804400000,241.88,243.16,241.68,242.38,38024.245016
1757808000000,242.39,244.15,242.21,243.56,55514.633905
1757811600000,243.57,246.57,242.83,245.77,61977.57664
1757815200000,245.78,249.22,245.73,248.65,70986.110001
1757818800000,248.67,249.61,246.78,246.85,45400.854156
1757822400000,246.86,247.91,244.41,246.23,75791.115673
1757826000000,246.23,248.07,246.0,247.68,31134.189334
1757829600000,247.68,248.32,246.26,247.05,44834.320888
1757833200000,247.06,247.25,245.75,246.42,16474.768726
1757836800000,246.4,247.11,245.75,246.4,26513.402956
1757840400000,246.4,247.74,246.13,247.74,15895.284399
1757844000000,247.73,248.09,246.97,247.62,23414.950553
1757847600000,247.62,247.89,245.51,246.06,40089.167519
1757851200000,246.07,246.73,244.65,245.22,60938.562632
1757854800000,245.22,245.83,243.27,243.72,43958.97603
1757858400000,243.72,245.07,241.54,243.23,74680.77837
1757862000000,243.23,244.25,241.85,243.81,40249.177537
1757865600000,243.81,245.85,243.4,245.16,30310.348937
1757869200000,245.16,248.45,244.55,247.91,46700.405155
1757872800000,247.91,247.95,244.58,244.62,35389.35276
1757876400000,244.63,245.24,242.1,242.51,44688.387359
1757880000000,242.51,243.45,241.04,242.44,31339.833921
1757883600000,242.45,244.71,240.57,244.14,41971.525214
1757887200000,244.15,244.29,240.78,242.98,59180.118388
1757890800000,242.97,242.97,239.25,239.76,35522.365063
1757894400000,239.77,242.17,239.7,240.73,22137.244667
1757898000000,240.72,241.77,239.14,241.13,36474.949584
1757901600000,241.13,242.82,240.35,242.1,39703.910279
1757905200000,242.11,243.42,242.0,242.65,27637.460354
1757908800000,242.66,243.53,242.06,242.84,31497.021611
1757912400000,242.85,244.0,242.61,243.97,26266.419008
1757916000000,243.97,244.07,239.59,240.34,51250.136381
1757919600000,240.33,241.31,236.22,237.96,90770.842663
1757923200000,237.95,238.09,231.56,232.09,199783.909502
1757926800000,232.08,235.59,231.52,235.58,78731.950941
1757930400000,235.58,236.86,234.07,236.21,36928.908591
1757934000000,236.21,236.95,235.22,236.44,28471.211554
1757937600000,236.44,238.21,234.41,234.82,71120.80875
1757941200000,234.83,237.1,234.18,235.21,78861.902862
1757944800000,235.21,235.64,232.77,233.48,51594.740263
1757948400000,233.48,234.39,232.0,233.01,50402.373385
1757952000000,233.0,233.66,230.72,231.38,65282.3385
1757955600000,231.39,233.38,230.14,233.3,50395.228691
1757959200000,233.29,233.6,232.2,233.22,22740.445871
1757962800000,233.22,234.65,231.95,233.02,34374.429702
1757966400000,233.01,234.44,232.73,234.34,14413.127461
1757970000000,234.35,235.4,233.72,235.19,22192.478854
1757973600000,235.19,235.35,233.73,233.95,14599.111229
1757977200000,233.95,234.56,233.06,234.35,13020.07435
1757980800000,234.34,234.71,232.85,233.82,24069.085741
1757984400000,233.82,235.68,233.8,233.97,30072.520844
1757988000000,233.97,235.04,233.84,233.88,11643.598776
1757991600000,233.88,235.8,233.86,235.08,21431.798455
1757995200000,235.09,235.26,232.9,234.51,20703.438786
1757998800000,234.52,236.57,234.38,236.57,37715.663479
1758002400000,236.57,237.05,234.74,235.85,29888.909153
1758006000000,235.85,236.4,235.35,235.78,12783.226464
1758009600000,235.79,236.91,235.15,236.1,32888.664981
1758013200000,236.1,236.36,234.89,235.33,17077.38271
1758016800000,235.34,236.01,234.8,235.27,13610.874211
1758020400000,235.26,235.91,234.81,235.38,20151.915698
1758024000000,235.38,235.91,234.47,235.22,16000.31204
1758027600000,235.21,235.63,231.45,233.1,72788.463558
1758031200000,233.1,234.4,231.3,234.15,58488.552698
1758034800000,234.15,238.08,233.13,237.81,88205.015242
1758038400000,237.8,239.3,236.26,238.24,113745.223873
1758042000000,238.24,240.95,237.72,238.17,98285.334573
1758045600000,238.16,239.06,236.86,237.65,38838.677486
1758049200000,237.66,238.37,237.12,237.84,40660.575829
1758052800000,237.85,238.4,237.3,238.31,44836.97788
1758056400000,238.31,238.8,237.18,238.55,31583.696998
1758060000000,238.55,239.0,237.38,237.93,37336.099458
1758063600000,237.94,238.25,236.51,236.98,39010.768428
1758067200000,236.99,237.07,235.59,236.24,49038.667048
1758070800000,236.25,236.98,235.9,236.34,34484.834086
1758074400000,236.35,237.86,235.88,236.38,24166.325225
1758078000000,236.38,236.53,233.85,234.11,50144.665954
1758081600000,234.12,234.74,233.46,233.79,21653.13541
1758085200000,233.78,235.52,233.22,235.07,35431.305282
1758088800000,235.07,236.67,234.77,236.02,51582.105538
1758092400000,236.02,238.07,235.71,237.7,60084.612304
1758096000000,237.7,237.7,235.04,235.84,76389.371316
1758099600000,235.83,236.29,235.17,235.19,20133.21833
1758103200000,235.19,236.37,233.69,234.19,56399.670879
1758106800000,234.18,234.74,233.91,234.19,24397.598801
1758110400000,234.2,235.31,233.97,234.74,30529.275602
1758114000000,234.74,235.97,234.09,235.46,49683.171836
1758117600000,235.46,235.93,233.54,233.95,57808.026196
1758121200000,233.95,235.21,233.67,233.91,44829.324432
1758124800000,233.9,234.75,232.3,234.1,43059.262995
1758128400000,234.09,237.08,232.07,232.26,73257.084672
1758132000000,232.27,238.36,232.0,233.66,258848.916512
1758135600000,233.66,239.14,233.52,238.73,90474.462566
1758139200000,238.72,241.19,237.61,238.02,74907.367199
1758142800000,238.02,240.67,236.0,240.27,34154.601409
1758146400000,240.28,245.68,240.28,244.9,95398.930065
1758150000000,244.89,246.62,243.83,244.83,58215.130429
1758153600000,244.84,246.12,244.11,244.73,39110.974901
1758157200000,244.72,247.52,244.51,246.3,50209.104142
1758160800000,246.31,246.62,245.11,246.42,42994.04392
1758164400000,246.42,247.88,246.12,246.72,43532.401657
1758168000000,246.73,247.02,245.62,246.26,32631.340732
1758171600000,246.27,246.38,244.34,244.93,30906.479606
1758175200000,244.94,245.09,242.6,244.3,62054.63885
1758178800000,244.31,245.32,244.31,244.72,23157.886657
1758182400000,244.72,247.19,244.36,247.0,54875.976069
1758186000000,246.99,247.12,246.12,247.08,25129.996861
1758189600000,247.08,247.1,245.32,246.05,38214.240045
1758193200000,246.05,247.04,245.54,245.96,31913.228934
1758196800000,245.97,246.89,245.83,246.02,32782.31332
1758200400000,246.01,248.32,245.02,246.16,86317.845664
1758204000000,246.15,248.14,246.12,247.72,56459.051825
1758207600000,247.72,248.98,247.28,248.23,56038.377934
1758211200000,248.24,250.25,247.6,249.83,93433.055148
1758214800000,249.83,253.52,249.26,251.36,142154.117877
1758218400000,251.36,251.43,249.81,250.41,38287.244138
1758222000000,250.42,250.49,247.33,248.37,46626.101762
1758225600000,248.36,249.15,247.79,248.3,21433.662286
1758229200000,248.29,248.66,247.45,247.64,20545.390439
1758232800000,247.63,248.18,246.91,247.11,35091.020124
1758236400000,247.1,247.7,245.89,247.51,40321.637847
1758240000000,247.5,248.36,247.15,248.18,21500.484777
1758243600000,248.18,248.55,246.78,247.48,19748.111018
1758247200000,247.47,248.05,246.46,246.72,17529.26371
1758250800000,246.72,247.77,244.69,245.06,36103.835681
1758254400000,245.05,245.43,242.86,244.99,67819.975906
1758258000000,245.0,245.76,244.26,245.68,32307.735918
1758261600000,245.69,245.7,243.52,243.66,19205.30003
1758265200000,243.65,244.87,243.19,243.87,19644.605129
1758268800000,243.86,244.86,243.51,243.81,15747.887997
1758272400000,243.81,244.35,242.04,242.89,34016.950027
1758276000000,242.9,242.99,241.68,242.34,28208.27618
1758279600000,242.35,242.44,240.18,240.94,52019.941994
1758283200000,240.94,242.09,240.48,240.86,49136.779551
1758286800000,240.85,242.29,240.67,242.12,36274.973534
1758290400000,242.11,242.72,239.56,239.59,58741.569805
1758294000000,239.6,239.6,235.31,237.55,164411.282839
1758297600000,237.54,238.87,237.19,238.61,45193.082837
1758301200000,238.61,238.69,236.47,236.64,42420.216008
1758304800000,236.64,237.06,235.07,236.97,50919.111483
1758308400000,236.98,237.94,235.88,235.98,71514.345777
1758312000000,235.98,237.76,235.95,237.01,36235.604418
1758315600000,237.0,238.4,236.44,238.4,25227.882036
1758319200000,238.39,238.86,238.34,238.55,11292.448813
1758322800000,238.54,238.56,236.81,238.56,20747.672172
1758326400000,238.56,239.73,238.31,239.7,31726.888962
1758330000000,239.7,240.0,238.43,238.44,39647.981228
1758333600000,238.44,238.55,237.41,238.41,19176.287498
1758337200000,238.41,238.48,237.78,238.08,6694.62281
1758340800000,238.09,238.9,237.75,238.71,9164.491116
1758344400000,238.71,239.51,238.46,239.42,8493.241942
1758348000000,239.42,239.42,238.71,239.12,8193.640882
1758351600000,239.11,239.78,238.95,239.78,11985.349245
1758355200000,239.77,239.77,237.47,237.64,15144.130287
1758358800000,237.65,238.09,237.19,237.23,11229.560366
1758362400000,237.23,237.84,236.89,237.35,15261.002135
1758366000000,237.35,238.45,237.34,238.16,10228.785135
1758369600000,238.17,238.25,237.29,237.7,10790.956785
1758373200000,237.7,238.1,237.37,237.43,11199.204867
1758376800000,237.44,238.96,237.01,238.72,18108.398148
1758380400000,238.73,241.2,238.73,240.1,46036.032309
1758384000000,240.1,241.09,239.23,240.41,20065.912878
1758387600000,240.42,240.56,238.89,239.11,20096.934082
1758391200000,239.12,239.12,238.24,238.41,13050.470343
1758394800000,238.42,239.05,238.0,238.64,7347.603377
1758398400000,238.63,239.82,238.43,239.71,11064.104573
1758402000000,239.72,240.34,239.44,239.77,10246.537764
1758405600000,239.78,240.2,239.34,240.1,7454.558691
1758409200000,240.11,240.19,239.0,239.5,5401.416412
1758412800000,239.49,240.68,238.96,240.67,8325.425417
1758416400000,240.68,240.74,239.88,240.09,12841.215073
1758420000000,240.1,241.1,239.85,241.1,15598.211848
1758423600000,241.09,241.78,240.46,241.77,12714.078126
1758427200000,241.78,241.83,240.36,240.51,14261.866139
1758430800000,240.5,240.8,240.15,240.38,9604.17271
1758434400000,240.39,241.07,240.19,240.3,8831.409784
1758438000000,240.31,240.33,239.47,239.88,9129.256712
1758441600000,239.88,240.1,238.52,238.84,17540.211829
1758445200000,238.84,239.02,237.09,238.48,24700.060397
1758448800000,238.49,239.29,238.08,238.39,9564.075707
1758452400000,238.39,239.11,238.22,238.67,12667.537645
1758456000000,238.67,240.03,238.55,239.54,10753.707379
1758459600000,239.54,240.3,239.18,239.54,12433.779389
1758463200000,239.53,239.91,238.41,238.57,11253.289824
1758466800000,238.56,238.74,237.71,237.93,19506.784158
1758470400000,237.94,238.43,236.11,237.04,30707.066179
1758474000000,237.05,237.85,236.3,237.8,15950.019101
1758477600000,237.81,238.12,237.21,238.12,7996.872713
1758481200000,238.13,238.16,237.14,238.01,5585.486437
1758484800000,238.01,238.06,237.26,237.63,3079.0349
1758488400000,237.64,237.75,236.72,237.28,8354.305539
1758492000000,237.28,238.12,235.36,237.94,26258.633132
1758495600000,237.94,237.94,235.98,236.2,17443.858431
1758499200000,236.2,236.99,231.32,232.26,192595.296743
1758502800000,232.26,234.74,232.07,233.19,59757.792895
1758506400000,233.18,233.96,230.54,231.75,70727.388812
1758510000000,231.75,233.05,231.67,232.82,26451.385108
1758513600000,232.82,233.17,231.65,231.76,19552.252814
1758517200000,231.76,231.97,224.74,224.99,100420.495726
1758520800000,224.94,225.38,213.36,224.45,501597.794625
1758524400000,224.45,224.5,221.8,221.89,105921.819937
1758528000000,221.89,222.77,220.88,221.5,63703.287324
1758531600000,221.5,221.68,219.37,220.5,73605.304431
1758535200000,220.5,222.69,219.93,222.43,49048.048207
1758538800000,222.42,222.78,221.09,221.51,29789.289325
1758542400000,221.52,222.98,220.63,222.91,29752.972786
1758546000000,222.91,224.04,221.39,223.76,50238.680626
1758549600000,223.75,224.08,220.92,221.39,82070.135248
1758553200000,221.38,221.75,219.95,220.74,73600.160213
1758556800000,220.74,221.51,219.11,219.71,74848.79095
1758560400000,219.71,221.39,217.87,221.09,68608.081715
1758564000000,221.08,221.19,219.45,219.46,31740.637441
1758567600000,219.46,219.6,216.53,217.08,134477.392198
1758571200000,217.1,219.73,216.46,219.43,57526.613218
1758574800000,219.44,221.07,218.98,220.9,48165.098667
1758578400000,220.9,220.9,219.69,219.83,42324.81845
1758582000000,219.83,220.59,219.71,220.38,33397.538045
1758585600000,220.39,221.41,219.4,219.67,23499.505429
1758589200000,219.67,219.92,216.62,216.62,35215.967643
1758592800000,216.63,217.88,213.86,214.12,59651.04543
1758596400000,214.1,217.88,212.32,216.95,94710.460534
1758600000000,216.94,217.42,214.04,215.78,39713.396137
1758603600000,215.79,217.81,214.69,216.95,28807.971192
1758607200000,216.95,220.3,216.94,219.23,54752.993387
1758610800000,219.22,219.45,218.61,219.0,24104.573966
1758614400000,219.01,220.34,218.45,220.07,34725.342257
1758618000000,220.06,220.88,218.23,218.67,28455.085492
1758621600000,218.68,219.26,218.25,219.1,12942.139603
1758625200000,219.09,219.63,217.87,219.32,13398.808498
1758628800000,219.32,220.64,218.75,219.86,20514.196924
1758632400000,219.86,220.15,218.61,219.03,39055.451484
1758636000000,219.04,220.62,217.61,217.67,56294.72594
1758639600000,217.67,219.92,217.0,219.28,41198.534787
1758643200000,219.28,221.79,217.81,220.46,34559.641854
1758646800000,220.45,220.63,215.89,216.73,36858.651811
1758650400000,216.74,217.19,215.22,215.78,30767.982542
1758654000000,215.76,217.17,214.38,214.55,72031.244154
1758657600000,214.53,215.32,213.26,215.29,44707.197866
1758661200000,215.27,216.7,214.46,215.82,17135.451145
1758664800000,215.82,216.47,214.77,215.27,16185.28183
1758668400000,215.27,215.95,213.25,213.3,17388.665181
1758672000000,213.31,215.66,213.31,213.44,35308.422516
1758675600000,213.45,216.41,212.85,216.2,32069.061978
1758679200000,216.21,216.43,213.3,214.32,37541.232516
1758682800000,214.26,214.67,207.33,208.53,147992.569362
1758686400000,208.52,209.19,204.86,208.06,132968.792434
1758690000000,208.03,210.56,207.82,209.76,40972.35575
1758693600000,209.76,211.46,208.65,211.0,35404.815837
1758697200000,211.0,211.09,209.57,210.63,23954.19297
1758700800000,210.64,211.22,210.02,210.86,24882.816832
1758704400000,210.86,211.16,209.84,210.97,19877.958647
1758708000000,210.98,211.48,210.13,210.91,26348.079639
1758711600000,210.9,212.61,210.74,212.35,44123.960508
1758715200000,212.35,213.43,211.76,211.94,40677.119233
1758718800000,211.94,213.15,211.45,211.6,38602.232587
1758722400000,211.62,216.23,211.43,215.61,55486.076854
1758726000000,215.62,216.06,213.33,213.6,45114.843722
1758729600000,213.61,214.46,213.22,213.87,22851.454059
1758733200000,213.87,215.46,213.51,215.17,16790.26084
1758736800000,215.17,215.21,213.35,213.94,13362.967131
1758740400000,213.94,214.2,212.43,213.19,14536.579309
1758744000000,213.23,213.24,210.88,212.13,21846.945476
1758747600000,212.11,212.6,210.69,211.25,11403.571623
1758751200000,211.26,212.33,210.93,211.71,9360.639336
1758754800000,211.75,212.26,211.3,211.61,11283.204528
1758758400000,211.61,212.44,210.28,210.74,29809.805176
1758762000000,210.73,211.21,207.75,208.24,58565.582191
1758765600000,208.24,211.93,206.82,210.04,50726.763828
1758769200000,210.05,210.12,206.03,207.31,48645.072948
1758772800000,207.31,207.61,202.66,204.39,122034.863028
1758776400000,204.34,205.9,203.23,205.46,42042.008601
1758780000000,205.45,205.73,203.37,203.63,35954.701985
1758783600000,203.65,205.21,203.28,204.2,20190.191668
1758787200000,204.2,205.58,203.61,204.29,25748.561204
1758790800000,204.3,205.9,201.8,202.26,86852.967561
1758794400000,202.27,203.72,201.94,202.03,54454.03343
1758798000000,202.04,202.54,200.69,201.38,62861.861509
1758801600000,201.37,202.62,196.87,198.57,186758.534245
1758805200000,198.57,201.62,197.59,200.78,114428.104181
1758808800000,200.78,204.07,200.78,202.67,75025.661335
1758812400000,202.67,203.17,200.37,201.13,42904.845415
1758816000000,201.14,201.95,198.41,198.77,72684.78506
1758819600000,198.73,198.96,193.62,194.86,167559.860136
1758823200000,194.84,199.62,194.5,199.48,86455.542238
1758826800000,199.47,200.9,197.38,198.12,47508.57333
1758830400000,198.16,198.73,195.2,196.2,48826.197615
1758834000000,196.24,197.37,194.78,196.33,46494.525278
1758837600000,196.33,197.53,193.9,194.65,42296.831225
1758841200000,194.65,196.08,191.32,192.75,81316.02179
1758844800000,192.75,195.95,192.55,195.72,51922.370502
1758848400000,195.72,197.19,195.19,195.91,57711.337462
1758852000000,195.93,197.56,195.46,196.44,36326.026987
1758855600000,196.47,197.4,195.17,196.49,25694.607692
1758859200000,196.5,197.41,195.13,195.72,24459.188337
1758862800000,195.74,197.32,194.44,195.1,33599.620658
1758866400000,195.11,197.0,193.78,195.18,45984.725739
1758870000000,195.18,196.82,194.03,196.26,71949.022523
1758873600000,196.29,196.96,195.75,196.15,44824.927128
1758877200000,196.16,196.58,193.76,194.65,38737.881016
1758880800000,194.65,194.74,191.82,192.15,46543.340957
1758884400000,192.11,194.01,190.84,193.45,59900.75964
1758888000000,193.45,198.29,192.17,196.65,99052.619832
1758891600000,196.66,197.42,194.43,197.13,70139.854196
1758895200000,197.13,197.32,193.28,194.42,101380.183193
1758898800000,194.44,196.81,194.19,196.03,77846.072651
1758902400000,196.03,199.8,195.82,199.6,122000.015907
1758906000000,199.6,202.02,199.15,201.41,107042.4419
1758909600000,201.41,202.64,200.88,201.82,73956.800387
1758913200000,201.82,201.96,198.91,200.66,118905.78341
1758916800000,200.69,200.9,199.55,199.95,39101.683243
1758920400000,199.94,202.48,199.74,202.31,52201.132452
1758924000000,202.32,203.95,201.84,203.53,44460.149335
1758927600000,203.53,205.47,202.82,205.14,48000.604202
1758931200000,205.14,205.33,204.04,205.18,32509.021187
1758934800000,205.17,205.43,203.58,204.36,32794.878578
1758938400000,204.36,204.78,203.67,203.72,14206.935503
1758942000000,203.73,205.09,203.66,203.91,22616.030997
1758945600000,203.91,204.25,203.23,203.69,31221.536145
1758949200000,203.68,203.68,202.29,202.51,25740.236729
1758952800000,202.51,202.71,201.8,202.68,27812.715511
1758956400000,202.68,203.18,201.49,202.08,31442.075045
1758960000000,202.08,202.23,200.86,200.95,37378.143562
1758963600000,200.95,201.52,199.85,201.19,31283.524413
1758967200000,201.2,202.05,200.51,201.64,13980.962239
1758970800000,201.64,202.03,201.3,201.71,5215.653574
1758974400000,201.73,202.96,200.99,202.48,27369.311629
1758978000000,202.48,203.4,202.17,202.92,20965.858144
1758981600000,202.93,203.77,202.31,202.7,15730.427194
1758985200000,202.71,203.7,201.78,203.56,21365.131873
1758988800000,203.55,203.63,202.72,202.92,14729.791769
1758992400000,202.91,202.96,200.9,201.89,24176.899013
1758996000000,201.88,202.19,200.91,201.67,11736.585295
1758999600000,201.68,202.37,201.31,202.22,4620.605609
1759003200000,202.23,202.9,201.91,202.65,5371.419006
1759006800000,202.66,204.08,202.29,203.85,8774.249699
1759010400000,203.89,204.94,203.44,203.93,14087.009393
1759014000000,203.91,204.33,203.23,203.46,11961.214186
1759017600000,203.47,204.05,202.57,202.95,17617.277422
1759021200000,202.95,203.2,201.01,201.17,22240.564017
1759024800000,201.17,202.06,201.02,201.48,11042.05257
1759028400000,201.5,201.94,200.8,201.4,8575.529546
1759032000000,201.42,202.0,201.22,201.89,8346.423876
1759035600000,201.9,202.45,201.17,201.35,11998.692714
1759039200000,201.32,201.79,200.38,201.74,12433.786949
1759042800000,201.75,202.32,201.14,202.11,9789.9105
1759046400000,202.12,202.72,201.41,201.85,12290.401199
1759050000000,201.83,202.03,200.67,200.72,13728.813317
1759053600000,200.72,201.09,200.2,200.85,10200.711321
1759057200000,200.86,200.91,199.25,199.88,17844.068306
1759060800000,199.88,199.97,198.0,198.44,27311.752124
1759064400000,198.44,201.41,198.29,201.19,17174.419018
1759068000000,201.19,201.99,200.44,201.89,15291.120435
1759071600000,201.89,203.55,201.83,203.43,32500.409302
1759075200000,203.44,204.72,203.27,204.05,23098.497777
1759078800000,204.05,205.85,203.98,205.04,28911.701013
1759082400000,205.04,206.4,204.8,206.13,13524.123933
1759086000000,206.15,206.68,205.43,206.19,7005.396708
1759089600000,206.2,207.78,206.04,206.8,23056.699019
1759093200000,206.81,207.33,206.53,207.22,14241.661918
1759096800000,207.25,209.97,207.24,209.53,69865.485001
1759100400000,209.54,210.97,209.54,210.82,36135.45218
1759104000000,210.82,210.89,209.07,209.2,22907.575515
1759107600000,209.23,209.97,208.81,209.43,19508.682513
1759111200000,209.45,210.86,208.94,209.71,41524.840233
1759114800000,209.72,210.34,209.12,210.27,34355.905182
1759118400000,210.28,210.68,209.79,210.04,31261.881242
1759122000000,210.05,210.18,208.8,209.11,27828.196131
1759125600000,209.12,209.2,207.81,208.18,53949.147534
1759129200000,208.16,209.3,207.37,208.92,39563.773541
1759132800000,208.92,209.65,208.25,208.87,32190.188137
1759136400000,208.86,209.13,207.88,208.24,14603.138504
1759140000000,208.25,208.36,206.49,206.61,19952.925731
1759143600000,206.61,207.44,206.03,207.09,20060.152569
1759147200000,207.1,208.04,205.26,205.4,37735.309372
1759150800000,205.39,209.48,204.61,208.85,61348.692994
1759154400000,208.85,212.83,208.68,212.36,134980.581222
1759158000000,212.35,213.5,209.8,210.08,66944.955429
1759161600000,210.09,211.57,208.37,208.73,60790.983906
1759165200000,208.73,210.31,207.68,210.16,58990.115915
1759168800000,210.2,210.74,209.12,210.74,13843.38891
1759172400000,210.75,213.55,210.45,212.95,48647.400077
1759176000000,212.95,214.52,212.48,214.41,46539.27358
1759179600000,214.41,214.74,213.69,214.16,14550.828374
1759183200000,214.18,214.3,213.04,213.57,18901.720594
1759186800000,213.58,214.06,212.44,212.73,35382.949077
1759190400000,212.73,213.69,211.23,211.32,35314.938343
1759194000000,211.32,212.96,209.83,210.56,45685.665385
1759197600000,210.57,211.23,209.97,210.52,25748.049609
1759201200000,210.52,211.48,210.13,210.68,17594.403753
1759204800000,210.69,211.72,210.2,210.23,14426.062031
1759208400000,210.24,210.78,208.92,209.99,20836.772272
1759212000000,209.99,210.89,209.49,210.29,23749.215696
1759215600000,210.3,210.79,208.55,208.97,20544.70702
1759219200000,208.99,209.0,207.72,207.79,26069.908153
1759222800000,207.79,207.94,205.58,205.92,43271.266633
1759226400000,205.92,207.0,205.55,206.57,21456.466712
1759230000000,206.58,207.26,205.92,207.07,22948.699791
1759233600000,207.07,207.49,206.0,206.19,18502.482222
1759237200000,206.2,209.64,205.68,207.68,47435.33457
1759240800000,207.68,208.88,206.08,208.81,48916.141891
1759244400000,208.8,208.82,204.6,206.01,62784.586224
1759248000000,206.01,206.32,204.25,205.12,30832.378521
1759251600000,205.12,206.29,204.73,205.65,26880.310734
1759255200000,205.66,207.88,205.32,207.58,15103.158608
1759258800000,207.56,209.21,207.12,208.89,31081.141752
1759262400000,208.94,210.2,208.18,209.86,14695.321874
1759266000000,209.89,210.97,209.27,209.62,33511.390795
1759269600000,209.63,210.97,207.83,208.09,47833.639164
1759273200000,208.09,208.9,207.41,208.7,36856.418156
1759276800000,208.7,209.42,206.45,207.55,26821.999835
1759280400000,207.56,210.79,207.15,210.6,53117.149456
1759284000000,210.58,210.91,209.16,209.21,25921.588317
1759287600000,209.22,209.58,206.64,206.71,36930.097317
1759291200000,206.73,209.51,206.33,208.5,32141.020918
1759294800000,208.52,209.98,208.49,208.97,20075.784004
1759298400000,208.99,209.52,207.83,208.0,18950.918547
1759302000000,207.99,210.35,207.89,210.15,16647.316929
1759305600000,210.14,217.46,209.87,216.56,131376.778301
1759309200000,216.57,217.95,215.79,217.6,56923.390509
1759312800000,217.59,217.76,216.07,216.6,28905.152108
1759316400000,216.61,217.87,216.58,217.77,23114.898339
1759320000000,217.76,219.39,217.18,218.48,56694.465078
1759323600000,218.49,219.93,218.31,219.35,46986.587045
1759327200000,219.34,220.66,218.86,219.52,62497.410518
1759330800000,219.52,220.29,218.76,220.23,34902.764293
1759334400000,220.24,220.99,218.86,219.11,34246.494081
1759338000000,219.1,219.76,217.37,217.41,40512.297019
1759341600000,217.43,219.66,217.42,219.14,15884.769448
1759345200000,219.14,220.5,219.04,220.09,17853.178323
1759348800000,220.09,220.29,219.25,219.48,17855.302414
1759352400000,219.5,219.5,218.43,219.02,15910.581065
1759356000000,219.07,219.97,219.02,219.56,15286.961762
1759359600000,219.56,222.79,219.44,222.05,26023.06215
1759363200000,222.05,222.45,219.74,219.83,55457.887933
1759366800000,219.83,223.07,219.55,222.82,26729.114223
1759370400000,222.81,224.09,221.4,223.29,37762.737461
1759374000000,223.3,225.07,222.86,223.78,42007.397399
1759377600000,223.8,224.98,222.72,223.8,24211.89721
1759381200000,223.82,226.75,223.8,224.15,45748.331942
1759384800000,224.14,225.84,223.54,224.94,40054.577679
1759388400000,224.94,225.27,222.4,222.92,32016.323929
1759392000000,222.93,224.77,222.71,224.75,15628.154301
1759395600000,224.73,225.75,224.02,225.16,14310.115191
1759399200000,225.18,225.74,224.81,225.1,14784.886923
1759402800000,225.09,226.64,224.77,225.24,20259.1997
1759406400000,225.25,227.38,225.01,227.25,30741.383095
1759410000000,227.28,227.45,224.6,226.47,72721.30285
1759413600000,226.49,226.69,222.87,223.59,50930.922896
1759417200000,223.6,227.29,222.56,227.16,60127.077154
1759420800000,227.17,229.28,226.19,228.01,59351.158076
1759424400000,228.0,230.3,227.41,229.83,49365.549377
1759428000000,229.83,233.21,229.77,232.35,76166.209415
1759431600000,232.34,233.76,231.55,232.25,62151.167918
1759435200000,232.25,232.61,230.73,232.61,29975.871502
1759438800000,232.62,234.0,232.44,232.57,27385.365926
1759442400000,232.57,233.89,232.1,233.1,34935.902816
1759446000000,233.11,235.0,232.92,234.74,41162.83106
1759449600000,234.74,234.8,231.87,231.9,31530.121958
1759453200000,231.91,232.73,230.52,230.95,35197.325179
1759456800000,230.93,233.42,230.8,233.31,23453.523397
1759460400000,233.3,234.84,232.04,232.26,34662.934677
1759464000000,232.26,233.25,231.37,232.11,22741.840809
1759467600000,232.1,232.18,230.31,231.24,42429.602856
1759471200000,231.24,231.58,227.78,229.35,58874.806279
1759474800000,229.36,229.75,228.54,229.41,21306.079111
1759478400000,229.42,231.24,227.89,231.03,30145.112216
1759482000000,231.03,231.81,230.62,230.92,34723.295207
1759485600000,230.93,231.7,230.34,231.26,28775.631715
1759489200000,231.27,231.35,229.59,230.79,29506.921118
1759492800000,230.8,231.27,229.69,230.08,21380.010376
1759496400000,230.08,231.09,228.7,229.75,57465.253738
1759500000000,229.74,231.08,227.1,230.48,60766.767839
1759503600000,230.47,235.0,229.51,234.79,94491.666608
1759507200000,234.8,236.99,233.73,233.91,118269.986503
1759510800000,233.88,234.05,228.4,230.16,163326.944795
1759514400000,230.14,233.67,229.13,233.63,40821.223435
1759518000000,233.62,235.49,232.8,233.16,40771.071299
1759521600000,233.16,233.42,230.7,232.96,35161.405577
1759525200000,233.0,233.39,231.91,232.64,12492.43885
1759528800000,232.66,234.0,232.64,233.17,15483.455806
1759532400000,233.2,233.49,232.4,232.86,15576.212461
1759536000000,232.84,234.06,231.51,231.94,24046.720827
1759539600000,231.95,232.1,229.54,230.29,30991.657205
1759543200000,230.3,231.03,228.34,229.86,35728.810729
1759546800000,229.86,230.04,227.94,229.24,34864.638005
1759550400000,229.25,229.9,229.0,229.56,16559.706615
1759554000000,229.59,230.3,229.18,229.98,11766.121745
1759557600000,229.99,230.54,229.64,229.86,12120.657212
1759561200000,229.87,229.89,228.77,229.16,17370.860904
1759564800000,229.16,229.5,228.22,228.92,15244.744699
1759568400000,228.92,229.48,228.33,228.47,7108.610109
1759572000000,228.48,229.9,228.35,229.17,11948.990924
1759575600000,229.15,229.58,228.67,229.18,5461.511681
1759579200000,229.19,229.49,227.95,228.14,15962.053297
1759582800000,228.15,229.83,227.91,228.83,17589.916619
1759586400000,228.82,229.49,226.63,226.85,28570.432619
1759590000000,226.84,227.51,224.18,224.85,70125.544893
1759593600000,224.85,225.71,224.16,225.68,30401.522052
1759597200000,225.69,227.03,225.46,226.57,15988.932049
1759600800000,226.56,227.01,225.81,226.06,7752.798409
1759604400000,226.06,226.94,226.0,226.94,7821.090848
1759608000000,226.94,227.98,226.92,227.32,10207.892774
1759611600000,227.33,228.28,227.26,227.28,11113.679009
1759615200000,227.29,228.0,226.81,227.72,8541.56956
1759618800000,227.73,228.22,227.1,227.85,3983.963399
1759622400000,227.86,228.25,226.5,226.8,9804.203317
1759626000000,226.81,227.83,226.6,227.75,9127.235733
1759629600000,227.75,231.4,227.33,231.12,65349.076394
1759633200000,231.13,232.3,230.19,230.91,61349.35819
1759636800000,230.91,234.95,230.91,233.82,61381.972911
1759640400000,233.82,234.93,233.35,234.51,38835.270195
1759644000000,234.51,235.9,234.46,235.18,38980.67054
1759647600000,235.18,236.94,234.96,236.61,49278.318251
1759651200000,236.61,237.23,235.09,235.19,28178.696363
1759654800000,235.19,235.81,232.06,233.43,54534.742112
1759658400000,233.44,233.59,230.71,232.05,39187.726738
1759662000000,232.04,232.84,230.8,232.66,30020.995973
1759665600000,232.66,232.68,230.75,231.34,27750.59111
1759669200000,231.35,232.04,230.41,231.67,39055.062788
1759672800000,231.64,232.09,228.4,230.14,31446.608428
1759676400000,230.12,230.91,229.75,230.16,13125.279797
1759680000000,230.17,231.23,228.78,231.08,23294.331856
1759683600000,231.08,231.47,229.36,229.71,22946.980572
1759687200000,229.72,229.94,227.5,229.0,50664.193375
1759690800000,229.0,229.04,226.74,227.1,25092.564776
1759694400000,227.1,229.04,226.73,228.0,19591.000928
1759698000000,228.0,228.82,227.5,228.7,11789.855344
1759701600000,228.73,229.29,227.06,228.34,18938.774692
1759705200000,228.32,229.2,228.16,228.58,13010.888884
1759708800000,228.6,230.36,227.57,228.7,49539.358321
1759712400000,228.71,231.76,227.79,231.44,37738.465831
1759716000000,231.44,232.99,229.85,232.36,42981.855076
1759719600000,232.37,233.33,231.72,232.28,24283.507197
1759723200000,232.26,232.33,230.55,230.66,20916.327479
1759726800000,230.67,232.44,230.14,232.31,32549.970397
1759730400000,232.31,234.86,232.31,233.9,40815.72425
1759734000000,233.92,234.23,230.62,231.36,31682.011936
1759737600000,231.37,233.89,231.37,233.68,28524.937367
1759741200000,233.67,234.13,232.79,233.49,18538.609234
1759744800000,233.48,233.75,232.3,232.66,19583.882956
1759748400000,232.65,233.84,231.79,233.02,17856.896626
1759752000000,233.04,234.44,232.92,234.12,26088.537674
1759755600000,234.09,235.13,232.69,234.76,44883.01324
1759759200000,234.78,235.73,232.8,233.34,47381.66736
1759762800000,233.33,236.7,233.32,235.62,48771.742639
1759766400000,235.62,236.29,234.03,235.67,26341.885914
1759770000000,235.68,237.82,235.45,236.45,39561.876733
1759773600000,236.45,237.15,234.84,236.8,31329.2376
1759777200000,236.81,237.02,234.7,235.36,31089.349275
1759780800000,235.36,236.14,233.23,233.6,26485.677357
1759784400000,233.61,234.43,232.82,234.26,24124.076497
1759788000000,234.25,235.0,233.94,234.62,21270.333711
1759791600000,234.62,234.75,231.69,232.37,48731.098862
1759795200000,232.39,233.02,231.15,232.54,37143.426914
1759798800000,232.53,233.16,231.0,232.73,33889.251849
1759802400000,232.73,233.84,232.04,233.46,17535.556035
1759806000000,233.45,233.97,232.8,233.9,10334.183463
1759809600000,233.91,235.2,232.99,234.83,25838.729465
1759813200000,234.83,235.05,233.21,233.5,19776.476934
1759816800000,233.48,233.67,229.45,230.45,59690.748388
1759820400000,230.45,231.11,229.5,231.01,31007.9627
1759824000000,231.02,231.03,228.28,230.0,68510.41728
1759827600000,230.01,230.7,229.74,230.37,29421.063357
1759831200000,230.36,231.68,229.76,230.87,21762.907478
1759834800000,230.87,231.17,230.12,230.48,18396.864102
1759838400000,230.48,231.54,229.28,231.52,37171.101515
1759842000000,231.55,231.66,226.37,227.94,103684.948632
1759845600000,227.95,228.14,224.5,225.29,87800.129325
1759849200000,225.32,225.88,221.28,223.81,180871.817739
1759852800000,223.82,225.31,221.86,224.43,65164.200652
1759856400000,224.44,224.83,222.6,222.7,26228.129666
1759860000000,222.71,223.28,221.37,221.43,24808.492505
1759863600000,221.44,222.82,220.69,221.68,44966.480517
1759867200000,221.72,224.16,221.53,223.48,20253.214951
1759870800000,223.49,224.27,222.45,223.12,15900.447846
1759874400000,223.13,223.68,222.0,222.53,13801.372055
1759878000000,222.54,222.56,219.49,219.93,40906.962001
1759881600000,219.94,221.8,217.8,220.98,56111.705907
1759885200000,220.99,222.32,220.51,222.06,19860.229013
1759888800000,222.07,222.77,221.17,221.61,18774.585399
1759892400000,221.61,221.61,218.0,218.31,42466.893553
1759896000000,218.31,220.56,217.32,220.42,35314.292864
1759899600000,220.42,220.44,218.41,219.49,24562.634806
1759903200000,219.52,220.46,218.64,220.28,15090.205096
1759906800000,220.3,221.04,219.44,220.93,19748.002613
1759910400000,220.94,222.64,220.81,221.61,26654.512422
1759914000000,221.62,222.07,220.76,221.43,15721.630482
1759917600000,221.43,222.21,221.05,222.15,16048.972101
1759921200000,222.15,222.54,220.65,221.21,18612.609421
1759924800000,221.2,222.56,221.13,222.31,16515.867932
1759928400000,222.32,222.73,218.83,221.45,41834.106532
1759932000000,221.43,224.19,219.5,220.09,56174.491621
1759935600000,220.1,222.98,219.95,221.25,65891.411646
1759939200000,221.24,223.7,220.7,223.59,28731.352237
1759942800000,223.56,227.73,223.38,226.91,61512.449838
1759946400000,226.9,229.65,226.42,228.64,70295.980427
1759950000000,228.64,229.61,227.53,229.28,37582.142411
1759953600000,229.31,229.68,227.45,227.69,47517.973058
1759957200000,227.67,229.1,227.42,228.49,35252.795837
1759960800000,228.48,229.8,228.45,228.62,30174.417487
1759964400000,228.63,229.41,227.87,229.05,27335.11222
1759968000000,229.05,229.7,228.0,228.32,25816.485871
1759971600000,228.31,228.68,226.0,228.44,39537.968342
1759975200000,228.43,228.75,223.84,224.44,47061.864174
1759978800000,224.43,226.44,224.41,226.16,28185.479243
1759982400000,226.17,227.55,225.45,227.48,26166.004572
1759986000000,227.48,228.75,226.71,227.77,25696.269459
1759989600000,227.77,228.43,226.3,226.51,26096.355943
1759993200000,226.51,226.86,224.17,224.54,30900.915711
1759996800000,224.53,224.8,219.37,219.97,107761.068923
1760000400000,219.98,222.14,219.88,221.98,33463.93823
1760004000000,222.0,222.93,220.96,222.28,17908.674368
1760007600000,222.28,223.95,222.27,223.11,17551.706005
1760011200000,223.12,226.32,222.9,226.0,34324.893532
1760014800000,225.98,226.22,221.85,222.28,46502.490091
1760018400000,222.29,223.29,219.4,220.84,53536.976716
1760022000000,220.88,222.19,218.63,219.11,59250.091257
1760025600000,219.11,220.15,216.5,217.28,48986.366938
1760029200000,217.23,219.59,216.72,219.33,30692.006847
1760032800000,219.34,219.49,217.19,217.53,18782.210979
1760036400000,217.54,218.94,217.43,218.29,19275.543082
1760040000000,218.28,219.24,217.6,218.92,16552.422082
1760043600000,218.93,220.43,218.55,220.27,14388.394231
1760047200000,220.27,221.7,219.88,221.25,12828.667765
1760050800000,221.26,221.32,219.87,220.94,8234.922216
1760054400000,220.94,222.01,220.76,221.23,13509.43829
1760058000000,221.24,222.09,220.55,220.96,13455.508639
1760061600000,220.97,221.86,219.77,220.31,31817.99521
1760065200000,220.34,222.86,219.44,221.64,20885.930731
1760068800000,221.63,222.88,220.86,221.2,20556.619445
1760072400000,221.2,221.78,220.03,221.67,17659.672663
1760076000000,221.68,222.46,219.3,219.39,18004.144657
1760079600000,219.39,219.57,217.85,218.11,26389.14303
1760083200000,218.11,220.07,217.4,220.03,20523.163548
1760086800000,220.03,220.71,218.94,218.94,17150.140631
1760090400000,218.93,220.62,218.75,220.37,9086.549077
1760094000000,220.4,221.54,220.27,221.13,23340.239243
1760097600000,221.14,221.78,220.76,221.73,12772.540572
1760101200000,221.73,224.42,221.5,223.43,49294.228307
1760104800000,223.42,224.4,219.67,219.8,62471.746921
1760108400000,219.8,220.1,209.0,210.7,335713.52688
1760112000000,210.67,213.0,210.03,211.24,84362.803567
1760115600000,211.24,211.52,208.84,209.67,66809.219788
1760119200000,209.7,210.07,207.47,207.49,45719.046132
1760122800000,207.48,208.19,203.39,205.36,114779.045474
1760126400000,205.33,207.78,192.5,196.89,321326.195145
1760130000000,196.9,198.69,144.82,189.72,1347646.19296
1760133600000,189.75,191.0,182.46,188.52,513316.178719
1760137200000,188.55,193.26,186.61,187.79,318929.184879
1760140800000,187.77,190.26,184.41,187.74,232925.108466
1760144400000,187.74,187.93,181.9,182.81,227055.560754
1760148000000,182.83,190.66,182.57,188.3,169758.799634
1760151600000,188.28,188.86,182.33,184.36,201930.368305
1760155200000,184.35,186.64,183.73,186.05,111891.027306
1760158800000,186.06,186.27,180.0,182.31,126440.112064
1760162400000,182.34,185.97,182.12,183.16,92449.83012
1760166000000,183.19,183.92,181.67,182.78,121802.969217
1760169600000,182.77,187.3,182.0,186.6,92598.582086
1760173200000,186.57,188.27,184.09,184.49,78177.19673
1760176800000,184.48,186.0,182.85,183.8,138246.537491
1760180400000,183.81,184.19,181.69,183.75,64731.346785
1760184000000,183.73,184.57,181.69,183.1,64123.855837
1760187600000,183.09,184.56,180.72,184.2,81473.959534
1760191200000,184.23,184.73,181.66,182.66,50111.084987
1760194800000,182.66,185.09,182.6,183.73,93287.329387
1760198400000,183.74,184.71,181.79,182.68,60527.178226
1760202000000,182.67,184.66,182.45,183.06,33341.154512
1760205600000,183.06,183.12,182.26,182.55,33977.15081
1760209200000,182.56,182.65,176.56,177.55,138002.663219
1760212800000,177.55,178.1,173.98,175.49,94520.208981
1760216400000,175.52,177.5,172.57,176.95,89190.9323
1760220000000,176.96,178.12,175.9,177.39,58191.493625
1760223600000,177.38,178.76,176.75,177.62,43146.305388
1760227200000,177.64,177.76,173.01,173.29,64811.740544
1760230800000,173.31,175.45,173.2,174.03,60226.518949
1760234400000,174.03,176.58,173.49,174.8,66631.845129
1760238000000,174.8,178.48,174.33,177.04,71697.226812
1760241600000,177.04,180.84,176.63,180.07,97052.584722
1760245200000,180.08,182.0,179.43,181.43,67857.698474
1760248800000,181.44,182.62,180.78,182.53,184700.140603
1760252400000,182.53,182.98,181.46,182.55,56445.083139
1760256000000,182.54,182.77,181.37,181.8,46198.752549
1760259600000,181.82,182.25,180.3,182.0,73016.125523
1760263200000,182.01,182.72,180.67,180.73,27887.114491
1760266800000,180.75,181.92,180.5,180.97,30683.477144
1760270400000,180.96,183.18,180.8,181.73,75740.280273
1760274000000,181.73,181.79,178.23,179.19,63200.011198
1760277600000,179.22,189.0,179.11,186.25,248981.025035
1760281200000,186.29,191.79,185.55,191.22,262346.191741
1760284800000,191.23,195.5,191.21,193.79,245393.38201
1760288400000,193.79,196.11,193.32,194.58,105201.584417
1760292000000,194.6,195.56,191.77,193.8,56163.004507
1760295600000,193.81,196.58,193.5,195.86,36655.954964
1760299200000,195.86,199.0,195.38,196.78,64299.704222
1760302800000,196.75,197.93,193.12,195.58,106768.028208
1760306400000,195.6,198.07,195.54,197.39,83697.758349
1760310000000,197.41,197.46,195.34,197.02,56291.310828
1760313600000,197.03,199.27,195.76,197.25,96650.998906
1760317200000,197.26,199.48,196.02,199.46,61605.790508
1760320800000,199.44,199.99,195.61,196.48,59014.23024
1760324400000,196.49,197.22,194.35,194.83,51601.109251
1760328000000,194.83,196.47,194.2,196.2,39769.40871
1760331600000,196.2,196.33,193.61,194.09,67537.028703
1760335200000,194.09,197.41,192.96,197.11,52842.048948
1760338800000,197.12,199.54,195.96,196.84,94621.509034
1760342400000,196.84,198.69,196.19,198.25,40104.239849
1760346000000,198.25,198.25,196.7,197.02,36969.646147
1760349600000,197.02,197.06,194.92,195.44,47767.654898
1760353200000,195.44,195.57,190.0,192.59,161860.580627
1760356800000,192.58,194.49,191.39,191.89,77061.285418
1760360400000,191.88,197.01,191.34,196.28,198162.845253
1760364000000,196.26,196.82,192.51,193.38,95628.285028
1760367600000,193.39,197.67,193.28,196.42,86727.973249
1760371200000,196.43,200.36,196.26,200.08,152925.73395
1760374800000,200.08,205.92,200.03,205.02,153829.88729
1760378400000,205.03,206.69,203.96,205.98,133293.686794
1760382000000,205.98,208.78,205.6,207.11,82021.261694
1760385600000,207.12,208.8,206.81,208.61,76554.860641
1760389200000,208.62,209.1,207.72,208.03,67580.981476
1760392800000,208.03,209.31,207.67,208.43,66968.749303
1760396400000,208.43,209.23,207.33,208.7,41162.798688
1760400000000,208.71,211.3,208.09,209.32,86008.362362
1760403600000,209.32,210.14,207.92,208.43,73910.783824
1760407200000,208.43,208.6,205.82,206.32,96732.491816
1760410800000,206.33,206.96,204.9,205.72,76844.706148
1760414400000,205.73,205.91,201.12,202.12,116054.019353
1760418000000,202.12,203.87,198.9,199.7,166317.608317
1760421600000,199.72,200.83,192.0,195.35,286560.47588
1760425200000,195.35,197.3,193.4,194.49,175028.161633
1760428800000,194.47,197.12,193.2,196.16,95160.042808
1760432400000,196.2,197.58,194.09,194.88,90447.99418
1760436000000,194.87,194.89,191.07,194.26,124949.764767
1760439600000,194.28,197.07,194.03,195.35,67599.316412
1760443200000,195.36,195.38,192.42,193.37,76198.269226
1760446800000,193.36,195.71,191.55,195.05,129871.514882
1760450400000,195.04,198.88,194.4,195.91,159829.022952
1760454000000,195.9,202.65,194.56,202.18,149214.980153
1760457600000,202.22,206.47,200.0,202.53,325553.143323
1760461200000,202.52,204.69,199.2,201.76,210878.833264
1760464800000,201.78,204.23,200.56,201.56,96377.976794
1760468400000,201.57,203.8,196.8,198.49,194563.819761
1760472000000,198.55,200.63,198.16,200.63,48602.262224
1760475600000,200.62,201.54,198.35,201.23,42883.563766
1760479200000,201.24,202.2,200.32,201.48,29482.558598
1760482800000,201.48,203.47,201.46,202.47,25266.371274
1760486400000,202.47,204.08,201.28,203.99,50647.197004
1760490000000,204.0,204.15,201.14,203.72,56808.622605
1760493600000,203.72,205.85,203.09,203.43,58107.121018
1760497200000,203.41,203.75,200.94,201.67,47141.423366
1760500800000,201.68,203.59,200.51,203.49,31837.897359
1760504400000,203.5,204.83,202.8,204.38,50842.633987
1760508000000,204.42,205.37,201.96,204.62,72290.692461
1760511600000,204.62,205.06,203.24,204.67,40327.076253
1760515200000,204.66,208.91,204.47,206.17,117378.691123
1760518800000,206.17,207.39,205.36,206.02,50567.700872
1760522400000,206.02,206.36,203.5,203.94,59755.465008
1760526000000,203.93,204.84,202.06,202.61,57425.087102
1760529600000,202.6,203.72,201.63,203.11,48945.575174
1760533200000,203.09,204.37,198.14,201.2,134999.743399
1760536800000,201.2,204.93,198.4,199.5,133283.408779
1760540400000,199.54,200.36,196.22,197.17,122973.752981
1760544000000,197.18,198.8,196.89,197.42,45209.038978
1760547600000,197.43,198.17,195.22,198.16,77441.809337
1760551200000,198.16,198.34,196.34,198.06,40515.375495
1760554800000,198.06,198.09,194.2,194.82,60474.886838
1760558400000,194.83,196.59,192.24,194.21,71988.580411
1760562000000,194.21,195.27,192.05,192.88,38306.422855
1760565600000,192.9,194.61,192.62,193.38,33343.327328
1760569200000,193.37,194.83,193.04,193.85,25086.995674
1760572800000,193.85,194.62,193.15,193.92,26551.751281
1760576400000,193.92,195.47,193.83,195.12,34064.695619
1760580000000,195.14,196.18,194.25,195.48,38102.584887
1760583600000,195.5,196.12,193.41,193.63,39480.769291
1760587200000,193.64,194.59,192.31,192.46,48166.789525
1760590800000,192.46,194.39,191.39,192.46,39135.70498
1760594400000,192.49,195.6,192.46,195.2,37608.952638
1760598000000,195.22,195.35,192.34,192.89,39026.873207
1760601600000,192.9,193.45,191.91,192.46,26904.460289
1760605200000,192.46,194.65,186.26,193.89,260218.192913
1760608800000,193.89,196.7,193.63,195.74,75856.8839
1760612400000,195.75,197.18,194.52,196.81,58729.961889
1760616000000,196.82,198.07,195.9,197.0,85629.784616
1760619600000,196.98,198.41,195.2,195.8,72736.86146
1760623200000,195.8,196.53,191.48,194.07,171051.387044
1760626800000,194.07,194.31,186.55,187.6,190418.073241
1760630400000,187.62,192.26,186.34,192.25,162779.181975
1760634000000,192.26,192.3,188.85,189.6,103921.882174
1760637600000,189.61,189.82,186.89,189.34,100979.828286
1760641200000,189.37,189.49,183.63,185.05,135171.342574
1760644800000,185.05,186.09,182.02,182.79,110674.002145
1760648400000,182.8,185.75,182.78,185.62,32684.128159
1760652000000,185.63,185.96,183.1,183.12,30139.685755
1760655600000,183.12,185.19,182.94,184.85,50298.80592
1760659200000,184.85,186.44,184.28,186.29,35406.739653
1760662800000,186.3,187.53,184.74,185.67,37331.620848
1760666400000,185.68,187.35,184.7,186.78,29726.175007
1760670000000,186.78,187.44,186.25,187.06,26747.709597
1760673600000,187.06,187.41,186.33,187.05,21916.961718
1760677200000,187.05,187.46,185.41,185.67,48138.239319
1760680800000,185.69,186.48,179.88,180.42,121849.051991
1760684400000,180.42,180.87,177.38,177.78,171461.949285
1760688000000,177.78,178.98,175.44,175.58,162179.868523
1760691600000,175.59,180.46,175.4,176.82,103356.782647
1760695200000,176.79,177.94,174.07,177.41,99144.903833
1760698800000,177.42,182.68,177.24,181.46,152535.986847
1760702400000,181.45,182.6,179.97,180.06,52354.316645
1760706000000,180.07,182.16,177.96,180.67,125139.636088
1760709600000,180.66,181.06,176.3,178.4,128581.877493
1760713200000,178.41,182.82,178.05,182.73,89202.916041
1760716800000,182.76,185.03,181.75,182.35,100641.882875
1760720400000,182.36,184.55,182.16,183.75,40596.373996
1760724000000,183.8,185.4,183.21,183.45,40531.677331
1760727600000,183.46,184.17,181.44,181.95,64651.103889
1760731200000,181.97,184.01,181.47,183.66,43794.43734
1760734800000,183.65,186.18,183.47,185.38,39483.096991
1760738400000,185.4,185.94,183.22,183.96,20526.205495
1760742000000,183.98,183.98,181.82,181.97,21806.768138
1760745600000,181.97,183.54,181.77,182.89,19090.853294
1760749200000,182.9,184.92,182.68,184.63,24614.936824
1760752800000,184.64,185.57,183.43,183.7,23200.259815
1760756400000,183.72,185.48,183.72,184.81,17376.370402
1760760000000,184.81,184.81,183.14,183.45,27880.730765
1760763600000,183.45,184.8,183.43,184.56,18969.014897
1760767200000,184.57,186.61,184.25,186.33,38400.698669
1760770800000,186.32,188.27,185.81,186.28,79926.813231
1760774400000,186.27,187.16,185.8,185.92,21966.227407
1760778000000,185.92,186.62,185.38,185.94,26911.044727
1760781600000,185.95,186.29,184.36,185.16,51945.772845
1760785200000,185.17,186.1,184.63,186.09,28551.315977
1760788800000,186.11,187.35,185.67,186.04,21145.955783
1760792400000,186.05,186.12,184.76,185.19,29338.956501
1760796000000,185.2,186.21,183.96,185.72,26740.766016
1760799600000,185.74,185.96,184.62,185.03,19401.449683
1760803200000,185.03,185.56,183.26,184.23,37909.809905
1760806800000,184.23,186.12,183.8,185.94,27644.663531
1760810400000,185.96,186.19,185.28,185.87,17695.316053
1760814000000,185.86,186.42,185.66,186.36,17003.401709
1760817600000,186.36,187.74,186.15,186.6,17777.107379
1760821200000,186.59,187.3,185.89,187.14,13500.273525
1760824800000,187.15,187.86,186.82,187.28,8308.543972
1760828400000,187.28,187.79,186.93,187.57,10062.002886
1760832000000,187.56,187.87,185.3,185.77,20487.192683
1760835600000,185.78,185.88,184.92,185.84,11486.716246
1760839200000,185.85,185.95,185.25,185.79,10923.884613
1760842800000,185.79,187.1,184.98,187.04,23806.515079
1760846400000,187.04,187.14,186.37,186.82,12077.670645
1760850000000,186.83,187.67,186.33,186.53,9657.277896
1760853600000,186.54,186.91,185.17,185.56,14331.089485
1760857200000,185.57,186.14,185.23,185.91,15484.777117
1760860800000,185.91,187.5,183.8,184.17,81835.52088
1760864400000,184.18,188.69,183.18,187.21,95352.47801
1760868000000,187.21,189.95,186.71,189.09,63055.211989
1760871600000,189.07,190.09,188.61,189.01,46196.514935
1760875200000,189.02,189.38,188.15,188.91,30533.258733
1760878800000,188.91,191.0,188.33,190.61,48312.186371
1760882400000,190.63,191.73,189.81,191.58,63275.303817
1760886000000,191.58,191.68,190.24,190.78,49227.000405
1760889600000,190.78,191.62,189.92,190.88,36963.803066
1760893200000,190.87,192.29,189.73,190.03,59975.374315
1760896800000,190.03,190.39,189.19,189.94,32381.60722
1760900400000,189.95,189.95,188.32,188.89,22042.631179
1760904000000,188.9,189.88,188.65,189.69,17425.990545
1760907600000,189.69,189.84,188.4,189.31,18722.812877
1760911200000,189.32,190.16,188.93,189.84,23401.510854
1760914800000,189.85,189.85,186.83,187.86,39676.147208
1760918400000,187.88,187.88,183.83,185.63,67955.37197
1760922000000,185.63,186.34,185.01,185.67,21436.787489
1760925600000,185.64,187.35,184.12,186.89,44839.025782
1760929200000,186.9,191.75,185.84,191.21,76873.463274
1760932800000,191.22,192.46,190.6,192.18,70290.253831
1760936400000,192.19,193.36,191.6,192.98,43865.673125
1760940000000,193.0,194.3,192.76,193.91,48585.108777
1760943600000,193.91,194.5,192.79,193.01,31362.081201
1760947200000,193.0,194.14,192.2,192.98,29471.803393
1760950800000,192.99,193.67,192.59,193.22,22171.05095
1760954400000,193.22,193.79,191.4,191.62,35518.299208
1760958000000,191.61,192.34,191.02,192.23,23829.718681
1760961600000,192.23,192.76,191.71,192.76,16982.515677
1760965200000,192.76,193.03,191.6,192.43,31327.605663
1760968800000,192.43,192.61,190.8,191.41,50240.569417
1760972400000,191.42,192.39,190.4,190.54,44028.708029
1760976000000,190.54,190.54,186.72,187.58,97811.799592
1760979600000,187.56,188.6,185.51,187.69,62292.387896
1760983200000,187.7,188.53,187.19,188.21,24761.824122
1760986800000,188.2,189.46,187.55,188.84,33662.265628
1760990400000,188.84,190.52,188.23,190.52,22549.195429
1760994000000,190.53,191.2,188.8,189.0,16854.408424
1760997600000,189.0,190.89,188.79,190.76,19052.874324
1761001200000,190.78,190.85,189.48,189.72,23299.197161
1761004800000,189.71,190.28,188.71,189.01,34804.679239
1761008400000,189.0,189.28,186.23,186.74,64147.857482
1761012000000,186.77,186.94,185.52,186.07,49282.215119
1761015600000,186.07,186.64,185.31,185.59,23292.12389
1761019200000,185.58,185.64,183.15,183.74,91678.399543
1761022800000,183.75,184.37,182.74,183.88,38274.033745
1761026400000,183.89,185.03,183.17,184.47,34589.67952
1761030000000,184.47,185.21,183.69,184.99,29616.812176
1761033600000,185.0,185.0,183.75,184.25,24455.919778
1761037200000,184.26,184.54,183.78,184.38,10850.41928
1761040800000,184.38,186.72,184.18,185.91,32099.472616
1761044400000,185.91,186.5,185.05,186.25,23527.690855
1761048000000,186.27,187.74,185.9,186.48,40635.079976
1761051600000,186.48,186.97,183.92,185.09,61106.583228
1761055200000,185.1,192.83,184.98,192.74,188538.773209
1761058800000,192.75,197.16,191.93,196.28,186351.988692
1761062400000,196.26,197.74,192.14,192.68,152819.06498
1761066000000,192.68,195.47,192.16,194.85,117337.276427
1761069600000,194.86,195.46,193.56,194.18,64110.589696
1761073200000,194.18,194.56,193.12,193.97,36028.053996
1761076800000,193.99,194.24,190.77,191.45,69050.198556
1761080400000,191.43,191.75,188.0,191.3,76593.778416
1761084000000,191.32,191.48,187.8,188.55,69742.039427
1761087600000,188.57,188.93,185.11,185.66,67996.276897
1761091200000,185.66,186.78,184.16,185.68,68388.578177
1761094800000,185.68,187.24,185.62,187.02,43974.955905
1761098400000,187.02,187.47,185.9,185.91,25019.085165
1761102000000,185.92,185.98,184.44,185.23,47410.020075
1761105600000,185.24,186.27,185.04,185.87,30085.751027
1761109200000,185.87,185.96,183.25,184.59,67200.138313
1761112800000,184.6,184.93,183.89,184.04,34308.923558
1761116400000,184.05,185.12,183.4,185.0,81358.187947
1761120000000,184.99,185.21,184.22,184.74,27413.3713
1761123600000,184.73,184.94,183.4,184.06,29110.75043
1761127200000,184.08,184.49,183.2,183.58,24270.433836
1761130800000,183.58,186.0,181.89,185.08,102994.626714
1761134400000,185.1,186.92,184.48,185.79,33558.512999
1761138000000,185.8,186.92,184.17,186.57,64537.813928
1761141600000,186.57,186.66,181.29,185.5,157904.236729
1761145200000,185.51,186.04,182.33,183.98,78509.472742
1761148800000,183.99,184.98,182.54,183.65,75080.926209
1761152400000,183.66,184.25,181.35,181.68,58173.348841
1761156000000,181.67,182.32,180.07,180.89,68724.622879
1761159600000,180.9,182.53,176.97,180.17,138173.604816
1761163200000,180.18,180.76,179.14,180.15,52452.090876
1761166800000,180.15,180.24,176.98,178.38,105082.037891
1761170400000,178.38,179.61,177.78,178.85,37269.955521
1761174000000,178.85,180.5,178.77,180.1,34803.394905
1761177600000,180.11,181.13,179.68,181.03,29260.476903
1761181200000,181.04,182.07,180.62,181.8,31515.87224
1761184800000,181.8,182.5,181.41,182.32,24921.267301
1761188400000,182.29,183.37,182.15,182.89,21263.439168
1761192000000,182.89,184.28,182.67,184.02,37101.565652
1761195600000,184.03,184.85,183.82,184.84,25091.964395
1761199200000,184.84,187.6,184.56,187.42,62492.161231
1761202800000,187.42,187.99,186.2,187.47,63615.693904
1761206400000,187.48,188.8,187.48,187.97,48235.645895
1761210000000,187.97,188.92,187.42,188.36,47901.145051
1761213600000,188.4,189.33,188.22,188.22,32272.536948
1761217200000,188.23,189.5,187.5,187.97,51908.817914
1761220800000,187.97,189.4,186.66,189.34,100770.540725
1761224400000,189.33,192.61,188.43,190.36,139229.273079
1761228000000,190.37,191.29,188.11,189.75,70669.495134
1761231600000,189.77,191.87,189.45,191.03,53315.945708
1761235200000,191.04,192.45,190.44,191.93,43825.530678
1761238800000,191.93,193.45,190.08,192.51,70264.899708
1761242400000,192.5,192.87,190.84,191.52,33159.763388
1761246000000,191.53,191.85,190.6,191.16,21869.005688
1761249600000,191.15,191.3,188.32,188.83,53189.907749
1761253200000,188.81,189.45,188.53,188.76,22057.327642
1761256800000,188.77,190.59,188.68,190.41,21587.080364
1761260400000,190.43,191.51,190.41,191.34,19699.518502
1761264000000,191.35,193.92,190.8,192.55,47521.418538
1761267600000,192.55,193.37,192.16,192.94,23475.766913
1761271200000,192.95,193.08,191.4,192.22,22888.275287
1761274800000,192.22,192.34,190.85,191.32,22342.375785
1761278400000,191.31,194.65,190.79,193.49,64984.087167
1761282000000,193.49,193.92,192.93,193.3,25314.19325
1761285600000,193.31,193.68,192.61,193.31,23233.997335
1761289200000,193.32,193.46,191.47,192.18,29835.739214
1761292800000,192.18,193.48,191.73,192.98,27304.497867
1761296400000,192.97,193.39,191.91,192.14,22747.321393
1761300000000,192.13,192.18,191.44,191.8,23380.938623
1761303600000,191.8,192.21,190.6,192.14,32909.946846
1761307200000,192.15,196.88,192.15,193.65,165653.645247
1761310800000,193.66,194.29,190.78,192.47,115535.193348
1761314400000,192.47,192.51,189.5,190.18,82123.268773
1761318000000,190.19,190.92,188.83,189.45,57570.024904
1761321600000,189.46,190.72,188.8,190.68,31759.062805
1761325200000,190.68,191.75,190.45,191.14,20468.795429
1761328800000,191.17,191.98,191.01,191.82,18861.381007
1761332400000,191.84,193.63,191.81,193.07,31588.227105
1761336000000,193.1,194.15,192.83,193.59,30887.104676
1761339600000,193.58,194.03,193.27,193.79,19277.345896
1761343200000,193.79,194.16,193.2,193.79,14877.55507
1761346800000,193.79,193.8,193.11,193.58,6081.268782
1761350400000,193.58,193.65,192.43,192.98,25346.21155
1761354000000,192.99,194.49,192.89,193.77,24824.275229
1761357600000,193.77,194.19,193.35,193.86,9011.566776
1761361200000,193.85,194.0,193.29,193.44,11412.742761
1761364800000,193.45,194.47,193.4,194.19,19571.821385
1761368400000,194.2,194.75,193.46,194.46,19766.868513
1761372000000,194.47,194.72,194.01,194.06,14548.292
1761375600000,194.07,194.91,193.81,193.96,22790.621815
1761379200000,193.96,195.24,193.91,194.85,20376.184301
1761382800000,194.87,194.9,192.38,192.6,34389.553157
1761386400000,192.6,192.76,191.2,192.04,33589.202353
1761390000000,192.04,192.94,191.74,192.74,12520.702072
1761393600000,192.74,194.24,192.61,193.93,18395.907157
1761397200000,193.93,193.99,192.48,192.89,28117.729779
1761400800000,192.9,192.92,192.05,192.63,16519.463282
1761404400000,192.63,192.63,191.8,191.9,19791.650555
1761408000000,191.9,192.14,191.44,191.94,9132.741782
1761411600000,191.94,192.5,191.84,192.37,6360.755725
1761415200000,192.37,194.36,192.32,194.25,21680.150187
1761418800000,194.26,194.63,193.92,194.52,7643.640858
1761422400000,194.52,194.98,193.73,194.12,16025.326207
1761426000000,194.12,194.8,193.8,194.38,11012.108916
1761429600000,194.38,194.73,193.93,194.49,8135.933251
1761433200000,194.5,194.75,193.82,193.83,9504.832318
1761436800000,193.83,194.37,193.13,193.31,20504.720592
1761440400000,193.31,193.73,192.31,192.84,16637.836107
1761444000000,192.84,193.14,191.94,192.28,19430.590815
1761447600000,192.28,193.09,192.05,192.99,9018.343042
1761451200000,193.0,193.5,192.82,192.9,12298.187671
1761454800000,192.91,193.77,192.75,193.61,4402.201874
1761458400000,193.62,194.17,193.51,194.04,12773.374706
1761462000000,194.05,194.3,193.84,193.86,9245.79448
1761465600000,193.87,194.4,193.7,194.31,8224.808097
1761469200000,194.31,196.42,193.93,195.95,50971.02471
1761472800000,195.95,196.12,194.62,194.85,22540.199095
1761476400000,194.85,197.93,194.4,197.76,78483.317729
1761480000000,197.75,198.41,196.91,198.01,58998.032199
1761483600000,198.01,199.65,197.55,199.07,45073.934517
1761487200000,199.07,199.92,198.68,198.84,56007.697154
1761490800000,198.85,199.75,198.5,199.51,26155.908333
1761494400000,199.51,199.52,198.16,198.72,42977.706218
1761498000000,198.73,199.25,198.39,198.9,19513.390377
1761501600000,198.91,199.66,198.88,199.11,21123.906897
1761505200000,199.11,199.12,198.5,198.86,9341.379943
1761508800000,198.84,198.84,197.3,197.43,21471.681976
1761512400000,197.44,198.46,196.85,198.46,20764.510201
1761516000000,198.47,202.5,198.47,200.21,140278.467205
1761519600000,200.2,201.02,199.75,200.07,51309.990225
1761523200000,200.07,203.54,199.51,203.26,70706.382292
1761526800000,203.23,205.09,202.79,204.39,58078.411544
1761530400000,204.39,205.02,203.54,203.97,34881.151978
1761534000000,203.97,204.58,203.28,204.31,27100.745997
1761537600000,204.32,204.59,203.16,204.0,31106.097837
1761541200000,204.0,205.32,203.93,204.35,36055.512242
1761544800000,204.35,204.92,203.53,204.74,35881.924454
1761548400000,204.74,205.22,202.25,202.52,43969.683112
1761552000000,202.52,202.54,199.93,200.46,94611.252049
1761555600000,200.45,200.53,198.06,199.98,73806.100035
1761559200000,199.99,200.81,199.64,200.46,30515.621659
1761562800000,200.47,200.97,198.85,200.2,33044.052117
1761566400000,200.18,200.29,199.0,199.52,28292.432576
1761570000000,199.52,200.58,198.38,200.34,40995.82969
1761573600000,200.35,200.52,198.31,199.15,40842.55347
1761577200000,199.14,200.5,198.96,200.12,41899.306547
1761580800000,200.12,203.13,200.02,202.47,53921.718384
1761584400000,202.46,203.27,201.7,202.28,37140.796613
1761588000000,202.27,203.2,201.26,201.67,29273.452213
1761591600000,201.68,201.76,199.84,200.04,46571.356247
1761595200000,200.04,200.25,198.68,198.75,32261.153901
1761598800000,198.75,199.6,197.64,198.73,33777.07395
1761602400000,198.73,199.4,198.05,198.32,28606.897504
1761606000000,198.31,198.98,197.34,198.69,28168.223938
1761609600000,198.7,200.35,198.41,199.73,46137.888263
1761613200000,199.74,202.06,199.74,201.36,39271.257732
1761616800000,201.36,201.91,199.44,200.77,40295.181275
1761620400000,200.76,201.91,199.84,201.28,40532.581953
1761624000000,201.28,202.2,200.44,201.14,25332.461164
1761627600000,201.13,201.46,198.63,198.68,40313.042155
1761631200000,198.72,200.94,198.72,200.9,26868.405533
1761634800000,200.92,202.98,200.68,202.36,55312.530917
1761638400000,202.37,203.98,201.95,203.41,33126.74344
1761642000000,203.41,203.76,201.48,202.0,25132.311828
1761645600000,202.0,202.08,199.85,200.32,26923.599139
1761649200000,200.33,200.67,199.2,199.73,36603.963762
1761652800000,199.72,200.35,198.22,200.23,80896.604428
1761656400000,200.24,203.02,200.14,202.73,80964.444209
1761660000000,202.73,202.92,196.46,199.53,160835.941311
1761663600000,199.55,200.69,198.34,198.82,106764.046651
1761667200000,198.84,200.66,197.93,199.8,42900.260967
1761670800000,199.81,200.87,199.65,200.84,26659.525401
1761674400000,200.85,201.27,198.9,199.68,25096.67876
1761678000000,199.69,200.11,194.41,195.4,103772.575086
1761681600000,195.38,195.38,192.05,192.5,140119.832398
1761685200000,192.5,194.39,190.21,193.85,82015.651246
1761688800000,193.86,195.16,193.32,194.92,48710.149185
1761692400000,194.93,194.93,193.8,194.15,40536.606414
1761696000000,194.16,195.09,193.33,193.83,26356.40808
1761699600000,193.8,195.07,192.7,194.16,61379.170064
1761703200000,194.16,194.88,194.01,194.7,13155.820942
1761706800000,194.7,194.7,193.25,193.93,17868.575004
1761710400000,193.93,194.78,193.78,194.55,10504.214521
1761714000000,194.55,195.79,194.45,195.15,22391.091224
1761717600000,195.14,195.74,194.73,195.54,21837.985847
1761721200000,195.54,196.04,195.12,195.61,23471.317039
1761724800000,195.62,195.71,194.04,194.52,41402.06078
1761728400000,194.51,194.77,193.78,194.23,25537.06579
1761732000000,194.24,197.08,194.0,196.25,39572.969965
1761735600000,196.26,199.46,196.05,198.75,73585.276111
1761739200000,198.74,199.94,198.15,199.89,33179.621785
1761742800000,199.9,201.75,199.16,200.74,103942.950582
1761746400000,200.76,201.0,198.7,200.05,82040.58317
1761750000000,200.05,200.76,196.42,196.78,69032.923751
1761753600000,196.8,196.87,194.76,195.34,94539.305961
1761757200000,195.33,198.8,194.86,198.48,63112.154792
1761760800000,198.5,198.58,189.06,193.51,482446.195738
1761764400000,193.52,195.29,191.38,192.74,99819.891187
1761768000000,192.77,196.23,191.88,195.58,78216.435115
1761771600000,195.58,197.05,195.11,196.04,23190.957981
1761775200000,196.04,196.43,195.25,195.37,18513.115961
1761778800000,195.37,195.55,193.0,193.89,41995.341497
1761782400000,193.9,194.77,192.12,194.68,33141.456952
1761786000000,194.68,196.04,193.51,195.54,29408.027993
1761789600000,195.53,198.22,195.28,198.17,43195.686116
1761793200000,198.19,198.21,196.61,197.12,30696.600466
1761796800000,197.12,197.22,190.32,191.81,164760.621034
1761800400000,191.82,195.65,191.41,195.18,56389.010481
1761804000000,195.17,195.44,193.37,194.19,45172.201066
1761807600000,194.19,196.19,193.92,195.82,36276.203194
1761811200000,195.81,196.14,194.62,195.37,21447.349212
1761814800000,195.37,195.45,192.32,192.4,34241.748111
1761818400000,192.41,192.49,191.1,192.18,46404.778449
1761822000000,192.18,192.69,191.26,191.85,35363.869176
1761825600000,191.86,192.05,186.25,187.85,202906.500119
1761829200000,187.85,188.71,184.84,185.74,123648.664902
1761832800000,185.76,187.84,185.68,187.3,49562.036402
1761836400000,187.29,187.67,184.44,185.05,54513.571816
1761840000000,185.05,186.33,183.93,185.31,48270.475525
1761843600000,185.31,185.35,181.42,183.81,81249.15633
1761847200000,183.81,183.94,180.83,181.32,48918.270949
1761850800000,181.31,181.93,178.62,179.03,100873.959412
1761854400000,179.02,182.55,178.68,182.24,161198.176049
1761858000000,182.25,182.71,181.2,182.41,30453.790965
1761861600000,182.42,183.65,182.1,183.65,43393.10974
1761865200000,183.65,184.75,182.6,184.66,52831.887036
1761868800000,184.67,186.51,184.06,185.47,43147.012776
1761872400000,185.48,186.89,185.04,186.27,44224.23619
1761876000000,186.27,186.33,183.66,184.63,44745.888788
1761879600000,184.64,185.72,184.13,185.16,28277.303385
1761883200000,185.16,187.07,184.96,186.61,51474.986256
1761886800000,186.61,186.61,185.32,185.69,35514.839707
1761890400000,185.7,185.87,184.94,185.54,18342.221073
1761894000000,185.54,186.12,184.76,185.32,27220.381163
1761897600000,185.33,186.6,184.59,186.5,29037.147524
1761901200000,186.5,187.02,186.0,186.61,29797.427601
1761904800000,186.62,187.36,186.22,186.4,25118.369953
1761908400000,186.41,189.18,186.23,188.86,47397.777085
1761912000000,188.87,189.4,186.36,186.51,57050.833303
1761915600000,186.51,188.59,186.0,188.38,47090.736084
1761919200000,188.39,189.46,186.98,189.05,51690.908148
1761922800000,189.06,190.29,187.93,188.15,64220.071614
1761926400000,188.13,188.62,184.68,185.07,50578.011745
1761930000000,185.06,185.96,184.39,185.36,24842.156744
1761933600000,185.37,186.58,184.52,185.97,38855.228855
1761937200000,185.96,189.06,185.01,188.39,61147.814375
1761940800000,188.38,188.8,186.73,186.93,29188.161945
1761944400000,186.92,187.7,186.55,187.26,12515.692534
1761948000000,187.27,187.88,187.0,187.3,8257.630359
1761951600000,187.29,187.84,187.12,187.2,10292.809662
1761955200000,187.21,187.33,186.03,187.14,20165.311409
1761958800000,187.13,187.45,186.11,186.15,9772.775477
1761962400000,186.14,186.73,185.51,186.61,12923.260017
1761966000000,186.62,187.51,186.6,187.2,17429.873944
1761969600000,187.2,187.55,186.3,187.05,14409.931916
1761973200000,187.05,187.13,186.16,186.21,7825.138082
1761976800000,186.21,186.37,185.0,185.72,16592.921681
1761980400000,185.72,186.39,185.35,185.81,8884.637482
1761984000000,185.81,186.55,185.69,186.55,9622.308478
1761987600000,186.55,186.72,185.76,185.83,9747.566508
1761991200000,185.84,186.39,185.29,186.11,25549.82169
1761994800000,186.12,186.6,185.63,186.19,10547.454457
1761998400000,186.19,186.62,186.19,186.38,11540.202654
1762002000000,186.39,186.48,184.77,185.3,18357.839357
1762005600000,185.28,185.57,183.74,185.02,41107.540225
1762009200000,185.03,186.41,184.86,186.4,18465.809646
1762012800000,186.42,187.12,185.97,186.42,23722.446939
1762016400000,186.42,186.55,184.89,184.97,12729.774974
1762020000000,184.96,185.8,184.88,185.74,16505.046552
1762023600000,185.75,186.3,185.41,186.25,9250.706105
1762027200000,186.26,186.96,186.14,186.52,8020.48538
1762030800000,186.52,186.6,185.33,185.36,15215.419474
1762034400000,185.38,186.27,185.0,186.14,10007.718437
1762038000000,186.15,186.61,185.86,186.38,9717.891781
1762041600000,186.39,186.42,185.1,185.13,8429.274011
1762045200000,185.12,185.54,184.69,184.82,17619.538672
1762048800000,184.82,186.03,184.8,185.4,14081.482377
1762052400000,185.41,185.55,185.0,185.32,9274.153492
1762056000000,185.32,188.04,185.06,187.87,37639.9646
1762059600000,187.85,187.86,186.53,187.09,19974.189646
1762063200000,187.1,187.67,186.66,187.41,9904.135522
1762066800000,187.42,188.33,186.7,187.7,24055.937013
1762070400000,187.72,187.93,186.96,187.14,14770.04631
1762074000000,187.13,187.91,185.82,185.91,19934.435248
1762077600000,185.92,186.18,184.43,185.05,29240.28097
1762081200000,185.05,186.38,184.88,186.15,17070.251043
1762084800000,186.15,186.5,185.28,185.54,16714.864351
1762088400000,185.55,185.58,184.0,185.12,23384.433467
1762092000000,185.1,185.35,183.53,184.4,30401.785937
1762095600000,184.4,185.06,183.76,183.81,20620.45922
1762099200000,183.8,184.45,182.02,184.3,57040.31979
1762102800000,184.31,184.6,183.59,184.4,19357.421549
1762106400000,184.41,184.68,183.97,184.27,9307.87435
1762110000000,184.28,184.32,183.08,184.03,14161.071515
1762113600000,184.03,184.54,183.62,184.54,5632.12604
1762117200000,184.55,185.99,184.54,185.48,15029.477067
1762120800000,185.48,185.68,184.34,184.96,14469.664883
1762124400000,184.97,188.1,184.97,187.75,50058.1074
1762128000000,187.75,189.08,186.57,186.59,54177.373169
1762131600000,186.59,187.19,185.36,185.53,43830.200488
1762135200000,185.53,185.93,183.02,183.5,46421.598728
1762138800000,183.51,183.69,176.74,177.56,167947.201123
1762142400000,177.56,178.4,175.81,177.93,84609.31241
1762146000000,177.93,178.77,176.49,176.81,53493.959493
1762149600000,176.8,177.25,174.24,176.1,83130.230805
1762153200000,176.1,177.13,175.44,176.48,45132.106617
1762156800000,176.48,176.59,174.41,175.66,65302.391897
1762160400000,175.66,176.9,174.66,174.94,49405.282326
1762164000000,174.95,175.91,173.58,174.12,42712.234082
1762167600000,174.14,176.07,174.13,175.29,32265.551586
1762171200000,175.31,176.56,175.02,175.55,37114.669217
1762174800000,175.55,176.33,174.98,175.8,43992.277375
1762178400000,175.81,176.94,174.81,176.41,43650.257241
1762182000000,176.42,176.75,164.52,166.8,660057.406399
1762185600000,166.81,169.17,165.62,168.39,135163.435262
1762189200000,168.39,170.99,168.1,169.93,80150.600361
1762192800000,169.94,170.13,167.78,167.89,57855.036066
1762196400000,167.88,168.34,166.6,166.72,38320.775107
1762200000000,166.74,167.23,163.22,164.37,91815.619464
1762203600000,164.37,166.22,163.27,165.96,61938.369549
1762207200000,165.96,166.29,164.22,165.75,39736.264408
1762210800000,165.75,166.28,164.5,166.07,23375.649334
1762214400000,166.07,167.24,164.2,166.59,42803.573093
1762218000000,166.6,168.39,165.91,167.86,45059.837634
1762221600000,167.85,168.39,166.44,166.7,33590.876485
1762225200000,166.7,168.3,166.25,167.67,30115.056721
1762228800000,167.68,168.11,164.75,165.02,50134.410982
1762232400000,165.02,165.49,157.16,157.71,299878.01618
1762236000000,157.72,161.29,157.65,158.6,102636.888433
1762239600000,158.58,158.91,155.88,157.05,112275.985819
1762243200000,157.07,160.48,156.41,159.26,100094.835077
1762246800000,159.26,160.46,158.66,160.37,50439.469792
1762250400000,160.37,161.37,159.95,160.5,45149.973325
1762254000000,160.49,162.24,160.32,161.72,51952.926696
1762257600000,161.72,162.51,160.82,161.41,43358.203723
1762261200000,161.41,162.65,160.51,161.26,52033.556461
1762264800000,161.27,164.76,159.34,164.38,113451.406165
1762268400000,164.4,165.27,161.32,161.48,78645.311456
1762272000000,161.48,162.36,158.17,158.21,92596.593176
1762275600000,158.22,158.24,153.06,156.22,243082.990133
1762279200000,156.2,156.56,152.29,156.42,137047.624861
1762282800000,156.4,157.43,154.21,154.63,74784.626573
1762286400000,154.63,155.1,148.16,153.38,273385.59291
1762290000000,153.42,154.07,145.81,151.18,231606.16979
1762293600000,151.19,155.59,150.5,155.22,94283.869226
1762297200000,155.22,155.93,153.89,155.03,68397.694385
1762300800000,155.03,155.63,152.51,153.36,54804.346592
1762304400000,153.36,153.54,147.27,152.66,147886.657722
1762308000000,152.65,156.24,152.61,156.12,115907.063038
1762311600000,156.11,157.46,155.07,156.92,62325.618471
1762315200000,156.93,157.93,155.65,157.06,41225.183574
1762318800000,157.07,158.53,156.83,157.55,48067.520346
1762322400000,157.54,158.14,156.6,158.03,42009.527291
1762326000000,158.02,158.11,155.96,156.47,38384.028977
1762329600000,156.47,156.49,153.68,155.7,48178.347898
1762333200000,155.7,157.36,155.58,157.03,39100.63295
1762336800000,157.03,157.08,154.7,154.88,31348.974811
1762340400000,154.88,157.62,154.86,157.48,31487.703673
1762344000000,157.48,158.71,156.76,158.29,59816.658992
1762347600000,158.29,159.92,157.59,159.45,76488.189441
1762351200000,159.43,159.67,156.9,158.74,67768.025213
1762354800000,158.75,160.52,157.88,160.48,65970.903924
1762358400000,160.49,162.07,158.53,161.81,123052.785111
1762362000000,161.83,162.48,160.92,162.04,57947.192452
1762365600000,162.04,163.93,161.67,163.1,55850.641294
1762369200000,163.1,163.39,162.18,162.54,39682.395267
1762372800000,162.54,163.96,162.33,162.57,36108.63233
1762376400000,162.56,162.56,161.11,161.85,41335.926049
1762380000000,161.86,162.9,161.35,162.82,38984.336893
1762383600000,162.81,163.07,162.14,162.37,20778.342326
1762387200000,162.37,162.37,160.44,161.4,40096.824893
1762390800000,161.4,161.73,159.73,160.84,59565.708149
1762394400000,160.84,162.4,160.14,161.76,45850.633912
1762398000000,161.77,162.94,161.64,162.46,28755.390287
1762401600000,162.49,162.77,161.75,162.15,21391.846386
1762405200000,162.14,162.14,158.93,159.34,47295.476493
1762408800000,159.34,160.01,158.77,158.81,28089.419246
1762412400000,158.81,160.02,158.25,158.88,26287.945903
1762416000000,158.86,159.67,158.53,159.35,15486.283787
1762419600000,159.34,159.91,158.78,158.8,15901.441249
1762423200000,158.81,159.78,157.66,159.09,25825.7837
1762426800000,159.09,159.43,158.21,158.87,16542.295046
1762430400000,158.85,159.42,157.09,157.51,39904.511671
1762434000000,157.51,161.33,157.51,160.66,58517.633817
1762437600000,160.66,161.58,157.4,157.78,81591.439363
1762441200000,157.79,159.01,155.4,155.95,115898.279754
1762444800000,155.92,156.99,153.82,155.4,96271.298203
1762448400000,155.39,157.64,154.84,157.26,50207.528025
1762452000000,157.25,158.66,155.46,157.5,32420.467538
1762455600000,157.47,157.82,156.13,156.88,29578.494421
1762459200000,156.9,157.82,154.63,155.28,59148.747414
1762462800000,155.31,156.92,154.66,156.48,25753.759911
1762466400000,156.49,156.8,154.27,155.59,23877.810621
1762470000000,155.58,155.58,153.45,155.28,37602.324343
1762473600000,155.28,157.15,154.91,156.74,49554.871222
1762477200000,156.77,157.26,154.22,157.04,53868.162982
1762480800000,157.03,158.13,156.18,158.03,31504.603314
1762484400000,158.03,158.6,156.81,156.88,30935.119959
1762488000000,156.88,157.09,155.27,156.19,31274.205702
1762491600000,156.18,158.24,156.17,158.12,33925.617652
1762495200000,158.12,158.27,156.81,156.82,22693.833053
1762498800000,156.83,157.86,156.38,157.78,16338.364353
1762502400000,157.79,158.2,156.88,157.32,27069.666803
1762506000000,157.32,157.34,154.12,154.73,32083.072749
1762509600000,154.73,155.76,153.63,154.28,39335.661654
1762513200000,154.26,154.26,151.63,153.87,68707.290112
1762516800000,153.86,154.17,150.94,151.64,54246.20082
1762520400000,151.65,153.19,151.01,152.32,48226.274481
1762524000000,152.31,155.13,149.82,154.7,95848.985147
1762527600000,154.72,156.3,153.33,155.42,122559.553933
1762531200000,155.42,158.13,154.41,157.27,72206.119863
1762534800000,157.24,161.52,156.52,161.17,100432.887696
1762538400000,161.17,162.94,160.91,162.12,69147.896681
1762542000000,162.12,164.46,161.49,164.17,43090.18052
1762545600000,164.17,164.39,162.08,163.37,42600.811472
1762549200000,163.36,163.8,162.67,163.5,60282.241762
1762552800000,163.5,163.89,162.79,163.21,50201.252936
1762556400000,163.22,163.27,161.6,161.81,45171.732243
1762560000000,161.81,162.63,160.62,160.88,52251.174018
1762563600000,160.89,162.49,160.84,162.08,29212.251977
1762567200000,162.06,164.46,161.94,163.42,40515.778533
1762570800000,163.42,164.9,162.5,162.52,48353.724935
1762574400000,162.54,163.69,162.53,162.74,44194.814276
1762578000000,162.7,163.08,161.04,161.39,35238.063891
1762581600000,161.39,161.96,160.19,161.12,43081.401509
1762585200000,161.13,161.18,159.59,161.04,28659.285529
1762588800000,161.04,162.05,160.31,161.55,24111.612049
1762592400000,161.56,162.35,160.98,161.15,30842.249229
1762596000000,161.15,161.22,160.53,160.82,17453.669633
1762599600000,160.81,161.18,159.14,159.37,33715.074408
1762603200000,159.38,159.69,158.76,159.43,23397.184602
1762606800000,159.43,159.47,158.14,158.21,23259.736294
1762610400000,158.22,158.53,156.82,157.71,50706.497566
1762614000000,157.71,157.87,155.85,156.69,52214.585297
1762617600000,156.7,157.39,155.83,156.76,35317.444821
1762621200000,156.78,157.66,156.06,157.6,18449.669049
1762624800000,157.59,158.21,156.92,157.93,35539.513493
1762628400000,157.94,158.03,156.22,157.34,26787.770642
1762632000000,157.35,158.25,157.22,157.69,12545.199057
1762635600000,157.68,158.24,157.61,158.03,10699.614126
1762639200000,158.04,158.4,157.63,158.02,10122.001392
1762642800000,158.02,158.42,157.85,158.0,9203.575306
1762646400000,158.02,158.03,156.58,156.85,13670.041961
1762650000000,156.84,158.29,156.79,158.15,12163.019174
1762653600000,158.16,158.16,155.71,156.03,27589.794467
1762657200000,156.03,156.51,155.07,155.88,37118.131668
1762660800000,155.9,157.49,155.86,157.21,56676.061873
1762664400000,157.2,158.32,157.11,158.09,15555.350941
1762668000000,158.09,159.14,157.86,158.24,14409.127063
1762671600000,158.22,159.55,157.8,159.28,30060.153008
1762675200000,159.28,159.68,158.74,159.44,16547.335695
1762678800000,159.44,159.94,158.17,158.25,16927.419878
1762682400000,158.26,158.44,157.28,158.43,16021.703646
1762686000000,158.44,159.46,158.44,159.04,17286.670727
1762689600000,159.04,159.88,158.59,159.11,18201.72771
1762693200000,159.12,160.5,159.0,160.07,29970.542291
1762696800000,160.06,163.15,159.27,160.17,117327.086047
1762700400000,160.17,163.97,159.82,162.54,72984.875216
1762704000000,162.54,163.18,161.79,162.94,32812.365033
1762707600000,162.94,163.02,161.25,161.81,24860.026739
1762711200000,161.82,164.1,161.37,163.99,22270.979776
1762714800000,163.98,166.3,163.37,166.17,45906.178284
1762718400000,166.18,166.34,165.05,165.36,25129.915287
1762722000000,165.36,165.81,164.38,165.23,20310.424122
1762725600000,165.23,165.68,164.13,165.44,24599.136509
1762729200000,165.46,166.59,163.92,164.56,38665.962022
1762732800000,164.54,168.38,163.35,167.48,71772.889161
1762736400000,167.48,168.3,166.34,167.08,53351.25567
1762740000000,167.1,167.99,166.4,167.75,33081.458275
1762743600000,167.74,168.74,167.15,168.11,36183.289117
1762747200000,168.12,168.91,166.66,168.04,48778.864978
1762750800000,168.05,168.59,166.89,167.54,20549.729525
1762754400000,167.55,167.73,166.39,166.94,20496.374145
1762758000000,166.94,168.18,166.77,167.4,17435.165762
1762761600000,167.39,167.44,166.14,166.65,21870.159773
1762765200000,166.65,169.82,166.35,169.47,38427.635347
1762768800000,169.48,169.67,167.99,168.36,47318.805054
1762772400000,168.37,168.84,168.05,168.34,39096.456723
1762776000000,168.33,168.51,166.92,168.13,24480.391663
1762779600000,168.12,170.5,168.0,169.73,43006.363373
1762783200000,169.75,169.76,165.26,166.15,69755.337252
1762786800000,166.15,167.29,165.09,166.27,56930.555052
1762790400000,166.27,167.07,165.25,166.11,34728.842922
1762794000000,166.1,168.47,165.96,167.81,22333.020323
1762797600000,167.81,168.14,165.66,165.68,18534.379054
1762801200000,165.67,167.68,165.61,167.22,19852.752992
1762804800000,167.21,168.42,166.86,167.82,22992.45682
1762808400000,167.85,167.88,164.83,165.51,44440.383347
1762812000000,165.52,167.81,165.15,167.63,24060.828874
1762815600000,167.64,168.11,167.2,167.32,20311.541933
1762819200000,167.33,167.61,166.01,167.48,20347.722886
1762822800000,167.49,171.01,166.57,167.4,73729.761944
1762826400000,167.42,171.03,166.27,170.29,106599.010825
1762830000000,170.28,171.94,169.5,169.98,50360.993286
1762833600000,169.97,170.12,166.58,166.93,50052.952754
1762837200000,166.93,166.95,165.02,165.17,59650.605401
1762840800000,165.17,165.31,163.57,164.96,90379.183848
1762844400000,164.95,165.24,163.88,163.99,30351.683501
1762848000000,163.98,164.87,163.59,164.0,25590.05085
1762851600000,164.0,164.96,163.13,164.0,38398.316735
1762855200000,163.99,164.35,162.68,163.77,48390.637305
1762858800000,163.78,164.58,163.01,163.68,25913.540489
1762862400000,163.69,164.37,162.56,163.33,39419.389804
1762866000000,163.31,163.93,162.43,162.81,28882.254247
1762869600000,162.83,163.23,161.12,162.98,69076.133417
1762873200000,162.98,162.98,160.02,160.91,88490.276379
1762876800000,160.9,161.24,159.77,160.67,47654.750798
1762880400000,160.69,161.08,158.21,159.52,37614.955684
1762884000000,159.51,159.8,158.38,158.97,33457.838546
1762887600000,158.97,158.97,157.42,157.61,30601.528488
1762891200000,157.61,157.88,156.26,156.78,45738.62656
1762894800000,156.78,157.41,155.67,156.08,32499.501849
1762898400000,156.08,157.28,155.54,156.72,34181.959513
1762902000000,156.71,156.86,153.9,154.6,58552.270799
1762905600000,154.61,155.33,153.6,153.83,38827.35308
1762909200000,153.84,155.53,153.7,155.43,40326.988396
1762912800000,155.42,155.6,153.78,154.28,32119.942584
1762916400000,154.29,155.03,153.96,154.58,26131.642621
1762920000000,154.57,155.04,154.2,154.93,12683.970126
1762923600000,154.94,156.07,154.9,155.48,34506.869709
1762927200000,155.47,156.5,155.35,155.89,23518.699264
1762930800000,155.89,156.57,154.71,155.01,49972.430661
1762934400000,155.02,158.09,155.01,157.99,51600.024479
1762938000000,157.99,158.9,157.77,158.06,39118.451546
1762941600000,158.07,160.51,158.01,160.28,66928.043312
1762945200000,160.26,161.11,159.49,160.04,56963.218228
1762948800000,160.01,160.76,159.09,159.82,34146.621944
1762952400000,159.82,161.03,158.83,160.55,31468.517056
1762956000000,160.55,161.08,157.09,158.59,83643.013369
1762959600000,158.58,159.62,155.24,155.73,127937.552229
1762963200000,155.74,156.25,152.17,152.83,148367.626915
1762966800000,152.83,154.86,152.4,153.33,60492.485854
1762970400000,153.34,154.22,152.76,152.77,43810.197849
1762974000000,152.76,153.78,151.2,153.04,67753.356702
1762977600000,153.04,154.66,152.53,153.74,36435.782763
1762981200000,153.75,154.29,153.37,154.12,14385.523392
1762984800000,154.13,154.13,152.73,153.86,74246.287679
1762988400000,153.86,153.9,152.8,153.42,23381.596222
1762992000000,153.42,154.41,152.39,153.01,37879.463395
1762995600000,153.0,154.46,152.28,152.75,62833.53144
1762999200000,152.76,153.4,152.42,152.91,26649.541453
1763002800000,152.91,155.81,150.41,154.32,110592.127389
1763006400000,154.35,154.92,153.39,154.3,47597.961718
1763010000000,154.29,156.79,153.76,156.14,50430.344989
1763013600000,156.15,157.15,155.74,156.74,40606.232485
1763017200000,156.73,157.24,154.88,155.3,58013.942256
1763020800000,155.29,156.51,154.96,155.95,24248.631878
1763024400000,155.95,156.08,153.85,155.01,51080.852513
1763028000000,155.02,156.16,154.86,155.4,18089.515002
1763031600000,155.41,156.48,155.4,156.28,22537.016165
1763035200000,156.27,156.98,155.8,156.41,33651.771421
1763038800000,156.42,156.54,153.65,153.82,63570.081348
1763042400000,153.82,156.73,152.26,155.32,95314.158375
1763046000000,155.31,155.84,152.51,153.12,70074.372293
1763049600000,153.11,153.36,150.77,151.11,73684.631058
1763053200000,151.12,151.25,146.79,147.12,118838.007765
1763056800000,147.11,147.8,144.55,145.46,138707.393832
1763060400000,145.47,146.37,142.0,142.74,129816.830651
1763064000000,142.74,143.29,141.04,142.74,101185.720648
1763067600000,142.74,143.71,141.26,142.09,67598.592717
1763071200000,142.08,144.83,141.71,144.6,62520.744665
1763074800000,144.61,146.22,143.92,144.73,82826.442222
1763078400000,144.74,145.26,142.93,143.31,59761.001765
1763082000000,143.31,144.55,142.75,143.69,38983.653704
1763085600000,143.7,145.67,143.68,145.3,39487.170896
1763089200000,145.3,145.56,143.62,144.29,37466.906947
1763092800000,144.29,144.39,138.7,141.91,218720.911265
1763096400000,141.91,143.64,141.42,143.14,96223.160559
1763100000000,143.15,144.11,139.97,143.91,128025.240047
1763103600000,143.93,144.44,142.4,142.84,148174.863353
1763107200000,142.84,142.97,141.41,142.49,43262.606513
1763110800000,142.49,143.19,140.5,140.93,51918.446835
1763114400000,140.93,142.92,140.85,141.96,38885.739672
1763118000000,141.95,142.22,139.84,140.76,87380.950129
1763121600000,140.75,140.75,135.77,138.73,235374.450917
1763125200000,138.74,139.79,135.92,138.96,115518.187361
1763128800000,138.97,142.84,137.56,142.21,150496.948553
1763132400000,142.21,143.76,140.23,142.24,84541.136983
1763136000000,142.23,144.22,141.59,143.44,88618.122376
1763139600000,143.44,143.96,140.58,141.4,53788.869671
1763143200000,141.42,142.92,140.73,141.29,34044.97051
1763146800000,141.28,143.6,140.96,143.14,26262.315385
1763150400000,143.15,143.25,139.28,139.62,37762.629621
1763154000000,139.63,141.23,139.11,140.67,33592.504994
1763157600000,140.67,141.8,139.64,140.33,24719.796197
1763161200000,140.34,140.35,137.18,138.92,57566.370479
1763164800000,138.92,141.3,138.75,141.1,32072.597239
1763168400000,141.1,142.36,140.28,142.04,30229.811872
1763172000000,142.04,143.17,141.62,143.11,33603.281575
1763175600000,143.1,143.36,142.42,142.53,29277.688757
1763179200000,142.54,143.1,141.81,142.39,26944.344797
1763182800000,142.4,143.2,142.33,142.85,14923.684433
1763186400000,142.86,143.59,142.36,142.69,20569.722618
1763190000000,142.69,143.39,142.32,142.75,19839.516109
1763193600000,142.76,142.85,140.5,140.8,31942.006655
1763197200000,140.79,141.7,140.51,140.96,18488.77596
1763200800000,140.97,141.43,140.62,141.27,21659.995294
1763204400000,141.25,141.39,139.98,140.22,16028.055518
1763208000000,140.22,141.03,140.0,140.9,13700.713197
1763211600000,140.88,141.96,140.65,141.65,19370.982205
1763215200000,141.66,141.74,140.76,141.51,16951.589215
1763218800000,141.5,142.27,141.27,141.72,15197.451
1763222400000,141.72,142.82,140.81,142.73,27026.900893
1763226000000,142.75,144.66,142.45,143.44,48649.817359
1763229600000,143.44,143.44,142.18,142.49,15556.077429
1763233200000,142.49,142.9,141.72,141.79,13946.041784
1763236800000,141.79,141.97,140.14,140.41,24120.859924
1763240400000,140.4,140.82,138.62,138.97,26556.834755
1763244000000,138.97,140.02,138.63,139.86,25686.398105
1763247600000,139.85,140.2,139.48,139.6,12568.74289
1763251200000,139.62,139.79,138.6,139.25,17959.619328
1763254800000,139.25,139.53,137.38,138.8,40328.830519
1763258400000,138.78,140.83,138.46,140.8,38877.27084
1763262000000,140.83,141.49,140.29,141.41,23260.185871
1763265600000,141.4,141.61,140.69,141.35,26545.717394
1763269200000,141.34,142.22,141.26,141.43,19934.688448
1763272800000,141.43,142.17,141.32,141.66,14977.076165
1763276400000,141.67,142.47,141.24,142.31,18396.654727
1763280000000,142.32,142.63,141.64,142.2,13073.222444
1763283600000,142.2,143.35,141.37,143.28,31629.063006
1763287200000,143.27,143.35,142.65,142.92,19418.65973
1763290800000,142.94,143.1,139.55,139.96,40715.853722
1763294400000,139.97,140.64,139.13,140.06,35422.115689
1763298000000,140.05,140.6,138.8,139.46,48354.819558
1763301600000,139.47,140.87,139.43,140.42,25511.143298
1763305200000,140.44,140.49,137.13,137.49,57741.486904
1763308800000,137.47,138.24,135.33,135.71,106272.660905
1763312400000,135.71,136.41,134.42,135.84,101394.890873
1763316000000,135.83,138.52,135.25,135.83,67978.562648
1763319600000,135.84,138.02,135.73,136.86,40154.76927
1763323200000,136.84,138.16,136.65,136.65,17599.590261
1763326800000,136.66,136.78,135.45,136.44,27335.710373
1763330400000,136.44,137.98,135.11,137.33,40710.720995
1763334000000,137.34,138.16,134.91,137.19,123371.100867
1763337600000,137.19,139.53,136.1,139.19,62685.953242
1763341200000,139.19,139.47,138.14,138.29,45956.250944
1763344800000,138.29,139.34,137.97,138.9,32281.002806
1763348400000,138.91,140.63,138.88,140.28,43878.699079
1763352000000,140.29,140.8,139.68,140.36,31275.746352
1763355600000,140.37,140.85,139.88,140.59,20493.037638
1763359200000,140.6,141.58,140.12,141.38,28385.6215
1763362800000,141.4,141.86,141.12,141.33,28423.040121
1763366400000,141.34,141.79,141.0,141.35,48320.423734
1763370000000,141.36,142.6,140.96,142.01,41651.313549
1763373600000,142.01,142.51,141.79,142.27,18784.417258
1763377200000,142.27,142.82,141.74,141.89,26845.405073
1763380800000,141.89,142.66,141.59,141.8,31141.643485
1763384400000,141.81,142.0,137.18,138.07,109641.062108
1763388000000,138.06,143.32,136.85,140.15,180633.824076
1763391600000,140.16,140.81,136.87,137.17,97044.514184
1763395200000,137.17,137.22,133.18,135.85,175418.295552
1763398800000,135.87,135.94,131.74,132.03,105311.427759
1763402400000,132.04,133.15,130.39,130.53,116944.794339
1763406000000,130.51,131.34,129.27,129.65,152413.220756
1763409600000,129.66,130.87,128.81,130.31,90816.517024
1763413200000,130.33,130.98,129.82,130.72,66941.737454
1763416800000,130.72,131.95,130.3,131.31,54921.412089
1763420400000,131.31,131.78,130.24,131.0,45062.591467
1763424000000,131.0,131.53,129.01,131.31,70871.69581
1763427600000,131.32,132.4,130.97,131.97,110716.146864
1763431200000,131.96,134.7,130.46,132.41,258708.761847
1763434800000,132.42,135.26,131.44,134.52,155427.79037
1763438400000,134.52,136.13,132.52,135.55,139469.701962
1763442000000,135.57,136.73,134.92,135.95,137760.967662
1763445600000,135.96,137.11,135.01,135.7,78957.496146
1763449200000,135.7,137.85,135.0,136.95,115664.977261
1763452800000,136.96,138.26,136.96,137.77,68243.487186
1763456400000,137.75,138.18,136.48,137.86,34801.577591
1763460000000,137.85,139.12,137.62,138.0,55007.149144
1763463600000,137.99,138.23,137.3,137.85,24185.468994
1763467200000,137.86,138.6,136.99,138.23,43634.133364
1763470800000,138.23,138.4,136.84,138.28,36530.12752
1763474400000,138.28,139.88,137.5,137.5,99714.532692
1763478000000,137.5,142.14,137.19,139.69,144679.572402
1763481600000,139.71,142.0,138.78,141.08,90811.138384
1763485200000,141.08,141.2,139.32,140.05,33929.111924
1763488800000,140.07,141.81,140.0,141.47,33607.29258
1763492400000,141.47,142.13,140.92,141.45,22799.535175
1763496000000,141.45,142.12,141.14,141.14,16270.325312
1763499600000,141.15,141.57,139.68,139.76,20706.035299
1763503200000,139.78,141.87,139.74,141.44,19739.635364
1763506800000,141.44,141.62,140.48,140.7,11923.237801
1763510400000,140.7,141.62,139.29,141.18,40412.256997
1763514000000,141.18,141.8,139.82,140.39,33674.011177
1763517600000,140.39,142.83,140.06,142.21,42842.730125
1763521200000,142.22,142.45,139.44,139.82,88784.157854
1763524800000,139.82,140.27,138.42,138.68,61499.370967
1763528400000,138.7,139.13,137.1,137.99,70632.038578
1763532000000,138.0,139.33,137.59,139.06,54767.267283
1763535600000,139.05,141.18,138.96,140.58,58555.201182
1763539200000,140.57,141.04,139.79,140.17,27256.603964
1763542800000,140.17,140.22,138.85,139.72,35626.15575
1763546400000,139.72,140.32,139.26,139.56,14683.065464
1763550000000,139.55,139.82,138.38,138.58,20492.820843
1763553600000,138.58,139.22,138.16,138.96,17789.465685
1763557200000,138.96,138.98,136.71,136.74,37231.833421
1763560800000,136.74,137.85,136.0,137.22,66149.145065
1763564400000,137.23,139.08,134.37,134.61,125366.084048
1763568000000,134.59,135.44,132.87,133.39,89971.377129
1763571600000,133.38,133.81,131.36,132.21,62682.735286
1763575200000,132.19,132.53,130.55,131.5,52518.268442
1763578800000,131.5,132.1,130.84,131.74,33989.7689
1763582400000,131.76,133.57,131.36,133.2,56363.236758
1763586000000,133.23,135.99,132.72,135.45,80272.959489
1763589600000,135.44,135.71,134.21,135.56,25718.166323
1763593200000,135.56,137.1,135.41,137.08,44310.552471
1763596800000,137.07,138.15,136.36,137.71,35566.279411
1763600400000,137.73,139.82,137.49,139.66,56049.403189
1763604000000,139.67,144.21,139.38,143.66,201216.824456
1763607600000,143.65,144.45,142.95,143.19,57727.027221
1763611200000,143.19,144.76,142.35,144.67,68202.839076
1763614800000,144.66,144.8,143.64,144.12,39010.621953
1763618400000,144.11,144.34,142.17,142.86,59633.19759
1763622000000,142.85,143.96,142.73,143.8,42195.862958
1763625600000,143.81,143.98,142.97,143.4,30502.387817
1763629200000,143.41,143.43,141.41,142.03,71897.580985
1763632800000,142.03,142.36,141.13,142.27,32681.365134
1763636400000,142.28,142.52,141.56,142.14,18146.224678
1763640000000,142.13,142.39,141.38,142.03,31717.91034
1763643600000,142.04,143.44,140.53,140.72,93885.229232
1763647200000,140.73,141.59,139.0,140.95,90612.133906
1763650800000,140.97,141.1,138.36,138.58,55510.580624
1763654400000,138.58,138.74,131.57,132.64,371180.913421
1763658000000,132.64,133.13,131.15,132.82,160195.345597
1763661600000,132.82,134.59,132.01,132.59,101642.676351
1763665200000,132.57,134.46,131.64,133.92,80506.481783
1763668800000,133.92,134.68,132.66,133.71,82748.898039
1763672400000,133.71,135.37,133.54,134.14,61645.837203
1763676000000,134.12,136.66,133.95,136.43,43661.515843
1763679600000,136.42,136.54,133.32,133.65,52049.50589
1763683200000,133.66,135.08,133.63,134.22,47364.532563
1763686800000,134.2,135.04,133.62,134.25,32788.9493
1763690400000,134.26,134.66,131.0,131.35,89963.371934
1763694000000,131.38,133.67,131.38,132.65,53153.196164
1763697600000,132.63,133.07,130.48,132.66,62766.631044
1763701200000,132.65,133.12,131.61,132.09,30023.151865
1763704800000,132.13,132.37,130.56,130.88,46338.72427
1763708400000,130.86,131.38,121.35,127.56,645778.902504
1763712000000,127.56,129.44,126.88,128.09,109776.006185
1763715600000,128.09,128.93,125.5,125.52,110273.083165
1763719200000,125.51,126.61,124.86,125.12,119624.221333
1763722800000,125.12,126.36,123.81,124.35,81123.068828
1763726400000,124.34,127.29,121.61,126.26,194009.708937
1763730000000,126.25,128.31,125.57,127.21,125595.184362
1763733600000,127.2,129.58,126.21,128.59,164611.366117
1763737200000,128.6,128.98,124.77,125.41,122569.397716
1763740800000,125.41,128.82,123.59,128.66,154135.082174
1763744400000,128.67,130.61,128.38,129.19,76589.601701
1763748000000,129.24,130.41,126.53,129.55,74009.672654
1763751600000,129.54,129.88,127.56,128.13,41630.113094
1763755200000,128.13,128.5,125.99,127.19,72776.53942
1763758800000,127.19,129.31,126.69,128.88,29190.260096
1763762400000,128.88,129.35,125.46,125.49,43020.568378
1763766000000,125.5,128.85,125.12,128.68,59691.437514
1763769600000,128.68,129.42,127.99,128.45,43767.427959
1763773200000,128.47,129.92,128.39,129.49,29674.90988
1763776800000,129.5,129.63,127.29,128.05,25856.936372
1763780400000,128.05,128.42,126.85,127.15,34213.179119
1763784000000,127.15,127.41,125.69,127.0,34765.297482
1763787600000,127.01,127.29,125.39,126.24,31749.834569
1763791200000,126.25,128.28,125.36,128.06,32815.901288
1763794800000,128.06,128.36,127.36,127.72,20620.247461
1763798400000,127.72,127.73,125.52,125.93,32237.239393
1763802000000,125.94,127.54,125.67,126.46,26459.385021
1763805600000,126.46,127.2,125.56,125.92,26315.258915
1763809200000,125.94,127.48,125.3,126.7,22571.80445
1763812800000,126.7,126.74,125.23,125.83,20728.729719
1763816400000,125.85,126.43,125.12,125.61,16574.189559
1763820000000,125.63,127.51,125.56,127.13,39330.610773
1763823600000,127.12,127.77,126.16,127.11,27712.303248
1763827200000,127.13,128.6,126.86,128.21,25166.410382
1763830800000,128.2,128.43,127.29,127.61,32226.983842
1763834400000,127.6,128.06,127.34,127.77,12458.34163
1763838000000,127.77,128.09,126.8,127.2,11220.192292
1763841600000,127.2,127.67,126.12,126.45,14183.445394
1763845200000,126.46,126.85,126.13,126.63,9723.291614
1763848800000,126.64,128.91,126.21,128.24,18715.116105
1763852400000,128.24,128.46,127.32,127.59,20647.133881
1763856000000,127.59,128.65,127.57,128.03,17364.004483
1763859600000,128.04,129.86,127.9,129.46,34717.316982
1763863200000,129.46,130.82,129.11,130.04,61927.754119
1763866800000,130.04,130.42,129.35,129.94,19860.190426
1763870400000,129.94,131.91,129.94,130.74,46692.297514
1763874000000,130.74,130.95,130.21,130.53,26268.012459
1763877600000,130.54,130.93,129.17,129.34,47106.598241
1763881200000,129.35,129.43,128.12,128.86,34467.122669
1763884800000,128.86,129.77,128.83,129.68,21788.892841
1763888400000,129.68,130.86,129.44,130.09,44802.451502
1763892000000,130.1,130.19,129.42,129.96,14586.540509
1763895600000,129.95,130.01,129.03,129.77,12097.299424
1763899200000,129.77,131.72,129.68,130.87,51653.942182
1763902800000,130.88,131.73,130.36,131.58,29222.370301
1763906400000,131.59,132.75,130.51,130.75,43799.982065
1763910000000,130.76,133.12,130.42,132.91,41159.193977
1763913600000,132.89,133.51,131.77,131.79,43538.251947
1763917200000,131.79,131.9,130.86,131.4,26271.8792
1763920800000,131.4,132.93,131.4,132.22,24268.20696
1763924400000,132.21,133.08,131.98,132.38,16105.675814
1763928000000,132.39,132.85,132.1,132.65,12880.916946
1763931600000,132.65,133.54,131.53,133.15,17771.755951
1763935200000,133.16,133.34,132.27,132.67,16816.698954
1763938800000,132.67,132.87,130.5,130.58,34707.250886
1763942400000,130.58,132.09,129.32,130.82,45793.813846
1763946000000,130.82,131.74,130.0,131.49,28459.138312
1763949600000,131.5,134.39,131.43,133.4,58895.670426
1763953200000,133.39,134.42,132.82,133.44,32335.1696
1763956800000,133.44,133.54,130.63,131.41,41843.780501
1763960400000,131.4,133.92,131.24,132.95,45088.164892
1763964000000,132.96,133.04,130.69,131.19,57859.487788
1763967600000,131.18,131.43,130.2,130.34,37419.535444
1763971200000,130.33,130.75,129.64,130.58,55080.552124
1763974800000,130.58,130.66,128.44,128.89,49133.389773
1763978400000,128.9,129.47,128.77,129.25,18373.79263
1763982000000,129.23,129.95,128.79,129.63,20767.499103
1763985600000,129.61,130.01,129.03,129.53,25812.927658
1763989200000,129.52,130.6,129.4,129.75,30734.510209
1763992800000,129.74,131.6,128.53,130.77,69272.673489
1763996400000,130.78,132.61,130.04,131.96,75062.34525
1764000000000,131.96,134.44,131.84,133.71,90695.532684
1764003600000,133.71,137.19,133.57,136.91,114865.75299
1764007200000,136.93,138.0,136.48,137.4,61833.676694
1764010800000,137.39,137.83,136.68,137.24,45770.266607
1764014400000,137.25,139.34,137.25,138.99,88267.705381
1764018000000,138.97,139.16,138.03,139.0,37353.271935
1764021600000,138.98,139.84,138.42,139.02,40722.216971
1764025200000,139.03,139.2,138.21,138.42,24848.325225
1764028800000,138.42,139.0,137.58,138.41,34812.005639
1764032400000,138.42,138.97,137.77,137.82,23683.666359
1764036000000,137.82,138.39,137.24,138.17,29902.391824
1764039600000,138.18,138.68,137.29,137.81,17497.185608
1764043200000,137.81,138.95,137.73,138.55,24686.236868
1764046800000,138.54,138.84,137.88,138.59,17363.076409
1764050400000,138.59,138.63,137.41,138.16,20917.93255
1764054000000,138.18,138.2,136.31,136.34,32654.915232
1764057600000,136.35,136.72,135.17,135.48,33227.332988
1764061200000,135.48,136.36,134.76,136.31,28651.902271
1764064800000,136.31,136.86,135.88,136.65,26187.078015
1764068400000,136.65,136.74,135.95,136.3,19035.946619
1764072000000,136.3,136.98,135.65,136.29,36173.205971
1764075600000,136.3,136.97,135.15,135.47,48243.507427
1764079200000,135.46,136.24,133.12,134.68,115396.210683
1764082800000,134.7,135.5,133.46,134.86,72794.598161
1764086400000,134.86,137.08,134.56,136.09,30525.127634
1764090000000,136.09,138.0,135.75,136.93,29060.442446
1764093600000,136.91,137.73,136.3,136.34,33165.959377
1764097200000,136.34,136.72,134.23,136.7,34676.49971
1764100800000,136.7,138.01,136.26,137.75,33744.667707
1764104400000,137.76,138.11,137.0,137.18,22360.93706
1764108000000,137.17,139.57,136.0,138.98,39924.245224
1764111600000,138.97,140.53,138.55,138.96,55488.087411
1764115200000,138.97,139.88,138.81,139.06,28229.760284
1764118800000,139.06,140.69,138.59,140.01,30360.835078
1764122400000,140.01,140.23,139.08,139.26,19306.808609
1764126000000,139.26,139.77,137.94,138.16,33976.671231
1764129600000,138.16,138.57,137.75,138.01,26504.180458
1764133200000,138.0,139.28,137.97,139.02,14100.484496
1764136800000,139.01,139.77,138.42,139.57,20789.594716
1764140400000,139.57,139.95,139.11,139.89,16713.284753
1764144000000,139.88,139.92,137.92,137.95,24306.779547
1764147600000,137.95,138.12,136.21,136.73,68047.620384
1764151200000,136.73,137.46,136.62,137.28,28378.589341
1764154800000,137.29,137.39,136.59,136.87,23508.702876
1764158400000,136.86,137.11,135.57,135.65,28784.217906
1764162000000,135.65,136.95,135.53,136.76,26760.844878
1764165600000,136.76,138.31,135.7,136.36,95844.732431
1764169200000,136.35,137.43,135.79,136.67,55571.638701
1764172800000,136.68,138.14,136.47,137.05,44309.594833
1764176400000,137.06,141.1,136.76,140.74,74640.882001
1764180000000,140.75,144.76,140.69,144.63,177421.594978
1764183600000,144.62,144.74,143.67,143.99,38605.229294
1764187200000,143.99,144.01,142.54,142.89,37131.225565
1764190800000,142.9,144.23,142.84,143.52,26747.304028
1764194400000,143.52,144.07,142.82,143.08,22713.989165
1764198000000,143.06,143.45,142.5,143.03,14904.270704
1764201600000,143.01,143.73,142.23,142.83,32681.845021
1764205200000,142.84,143.68,142.04,143.3,36728.442286
1764208800000,143.29,144.08,142.77,142.99,57595.586715
1764212400000,142.98,143.71,142.35,142.53,30014.053698
1764216000000,142.54,143.02,142.31,142.86,13621.306443
1764219600000,142.86,143.48,142.57,142.76,15380.175935
1764223200000,142.77,144.1,142.77,143.93,25434.552538
1764226800000,143.94,144.24,143.6,143.76,14996.844025
1764230400000,143.76,143.89,142.13,142.58,27465.310855
1764234000000,142.58,143.03,141.66,141.74,28838.881726
1764237600000,141.74,142.33,141.52,142.3,23961.41319
1764241200000,142.31,142.33,141.69,142.06,13228.34995
1764244800000,142.06,142.18,141.0,141.14,20837.220824
1764248400000,141.14,141.52,140.71,141.25,19561.76192
1764252000000,141.26,141.82,140.89,141.28,18514.664736
1764255600000,141.27,142.56,141.1,142.18,28866.286247
1764259200000,142.17,142.47,141.61,142.2,28277.632179
1764262800000,142.21,142.28,141.42,141.61,21175.07846
1764266400000,141.6,143.15,141.51,142.93,21772.623765
1764270000000,142.92,142.93,142.25,142.72,10252.743885
1764273600000,142.71,142.9,142.41,142.47,15617.894887
1764277200000,142.47,142.54,141.79,141.92,10680.722531
1764280800000,141.92,142.05,140.5,140.81,23891.346224
1764284400000,140.8,141.45,140.47,140.85,20617.204992
1764288000000,140.85,141.45,140.5,140.97,12681.404047
1764291600000,140.97,141.03,138.83,139.04,37699.725457
1764295200000,139.05,139.64,138.6,139.47,28563.305819
1764298800000,139.49,139.75,139.16,139.68,24661.083565
1764302400000,139.68,140.25,139.55,140.04,16729.411361
1764306000000,140.04,140.55,139.83,140.35,29660.41612
1764309600000,140.36,140.36,139.2,139.44,16700.498429
1764313200000,139.44,140.03,138.95,138.98,24714.771548
1764316800000,138.98,141.63,138.94,141.45,31570.94222
1764320400000,141.44,142.65,141.0,141.67,45455.187615
1764324000000,141.68,142.36,141.55,142.05,20163.973577
1764327600000,142.05,142.06,139.94,141.0,45893.828265
1764331200000,140.98,141.54,140.79,140.79,22964.996629
1764334800000,140.8,143.43,140.45,142.51,53162.057919
1764338400000,142.51,143.55,141.73,142.58,65260.784566
1764342000000,142.59,143.64,141.33,141.63,68292.836978
1764345600000,141.63,141.65,138.74,138.81,69291.654365
1764349200000,138.82,138.86,136.75,137.17,79640.666305
1764352800000,137.18,137.56,136.0,137.2,39331.359136
1764356400000,137.19,137.99,137.06,137.53,19601.368035
1764360000000,137.53,137.98,136.93,137.91,15670.723602
1764363600000,137.91,138.04,137.28,137.4,7721.937569
1764367200000,137.4,137.89,136.63,137.8,17673.233661
1764370800000,137.82,138.3,137.25,137.34,13310.202879
1764374400000,137.33,137.88,137.13,137.66,8454.663114
1764378000000,137.66,137.83,137.27,137.42,6483.851156
1764381600000,137.43,137.72,136.92,137.23,14774.50932
1764385200000,137.23,137.42,136.79,136.85,9382.09204
1764388800000,136.86,137.73,136.82,137.66,15369.95279
1764392400000,137.66,137.66,137.14,137.21,6342.141401
1764396000000,137.22,137.62,136.25,137.09,31051.246344
1764399600000,137.1,137.55,136.94,137.29,20397.844058
1764403200000,137.28,137.5,136.7,136.98,18411.000524
1764406800000,136.98,137.14,136.62,136.7,11688.112596
1764410400000,136.7,137.04,136.42,136.84,22117.102615
1764414000000,136.83,137.38,136.67,137.35,9361.399537
1764417600000,137.34,137.48,136.88,136.93,7368.025515
1764421200000,136.93,137.07,136.67,136.91,7663.730916
1764424800000,136.9,136.9,136.5,136.54,5759.754199
1764428400000,136.54,137.66,136.54,137.55,16034.273737
1764432000000,137.55,137.8,137.04,137.66,22588.747191
1764435600000,137.67,138.04,136.14,136.2,27033.746521
1764439200000,136.21,136.37,134.8,135.69,47813.578258
1764442800000,135.69,136.26,135.42,135.69,11110.073669
1764446400000,135.69,136.35,135.34,136.24,9323.823365
1764450000000,136.24,136.52,135.78,136.48,11146.806779
1764453600000,136.47,136.47,135.43,135.82,13675.018665
1764457200000,135.83,136.21,135.4,135.93,21048.40713
1764460800000,135.94,136.45,135.75,135.96,8411.679725
1764464400000,135.97,136.63,135.9,136.32,10951.316551
1764468000000,136.32,136.79,135.88,135.93,13112.136405
1764471600000,135.95,136.49,135.26,136.4,19074.612751
1764475200000,136.42,136.94,136.24,136.36,16933.384715
1764478800000,136.35,136.35,135.55,135.77,12985.401601
1764482400000,135.78,136.5,135.54,136.34,12159.312716
1764486000000,136.33,136.71,136.21,136.51,8399.42033
1764489600000,136.52,137.07,136.15,136.78,13995.00073
1764493200000,136.78,137.11,136.46,136.82,11507.989403
1764496800000,136.82,136.96,136.54,136.68,6555.437253
1764500400000,136.68,136.91,136.2,136.44,11885.804146
1764504000000,136.45,137.69,136.19,137.56,16202.393256
1764507600000,137.56,140.17,137.34,139.26,74163.70788
1764511200000,139.25,139.48,138.17,138.52,40573.066972
1764514800000,138.51,138.54,137.52,138.36,32455.493923
1764518400000,138.36,139.83,138.31,139.54,29163.058166
1764522000000,139.53,139.53,138.37,138.48,25260.47759
1764525600000,138.48,138.66,137.87,138.63,21597.041909
1764529200000,138.63,138.69,137.41,137.64,24797.824175
1764532800000,137.64,137.99,136.84,137.29,13994.453228
1764536400000,137.28,137.4,136.63,137.06,13851.309094
1764540000000,137.06,137.88,137.0,137.74,12396.778112
1764543600000,137.74,137.81,133.27,133.46,85430.470744
1764547200000,133.46,133.74,127.53,127.6,240650.391908
1764550800000,127.59,129.32,127.45,127.97,65437.866645
1764554400000,127.99,128.65,127.49,127.57,65085.759528
1764558000000,127.57,127.58,126.53,126.99,53858.522833
1764561600000,126.99,127.05,126.19,126.38,29116.678227
1764565200000,126.37,126.57,125.83,126.13,28098.753546
1764568800000,126.13,126.85,126.03,126.7,18535.694474
1764572400000,126.71,127.45,126.32,127.4,29276.525304
1764576000000,127.39,127.82,127.0,127.74,25641.289805
1764579600000,127.72,128.02,126.87,127.02,38844.393695
1764583200000,127.02,127.55,126.96,127.23,11565.221403
1764586800000,127.25,127.38,126.88,127.12,14805.176663
1764590400000,127.12,127.19,125.41,126.6,51986.998187
1764594000000,126.59,127.71,126.15,126.48,41009.554549
1764597600000,126.49,127.08,125.52,126.13,43005.989175
1764601200000,126.14,126.31,123.14,125.12,145013.704952
1764604800000,125.12,125.34,123.4,123.54,67588.510509
1764608400000,123.54,124.99,123.53,124.45,28926.85433
1764612000000,124.46,125.33,123.78,124.51,32245.836283
1764615600000,124.52,124.6,123.28,123.85,39155.530551
1764619200000,123.84,125.36,123.82,124.42,36155.274759
1764622800000,124.43,126.24,124.22,126.1,70691.304648
1764626400000,126.1,127.42,125.84,126.82,39801.775859
1764630000000,126.82,127.39,126.53,126.63,37121.513842
1764633600000,126.65,127.56,126.46,127.36,28577.974243
1764637200000,127.35,128.54,126.82,127.01,24453.372851
1764640800000,127.0,128.13,126.64,126.98,25989.182091
1764644400000,126.97,127.74,126.0,127.26,32560.574119
1764648000000,127.24,127.88,126.89,126.92,17928.49245
1764651600000,126.91,127.09,126.41,126.72,20865.326275
1764655200000,126.73,127.86,126.45,127.68,19242.852447
1764658800000,127.68,127.72,126.97,127.3,49625.218055
1764662400000,127.3,127.35,126.0,126.16,93141.740352
1764666000000,126.16,127.18,126.12,126.76,23190.396587
1764669600000,126.75,128.83,126.71,128.32,32258.424975
1764673200000,128.3,128.51,127.83,128.3,26001.461693
1764676800000,128.3,129.03,128.19,128.86,29248.79676
1764680400000,128.87,131.01,128.44,130.6,85314.271363
1764684000000,130.62,133.45,130.4,132.99,97678.119846
1764687600000,132.98,139.72,132.94,137.81,242024.752619
1764691200000,137.82,139.71,137.38,139.36,145121.590437
1764694800000,139.37,140.9,139.26,139.48,71379.159572
1764698400000,139.47,140.29,139.4,139.86,51747.397707
1764702000000,139.86,140.65,139.77,140.26,49147.074602
1764705600000,140.26,140.38,138.23,138.76,88654.509797
1764709200000,138.75,139.3,138.4,139.13,19503.389521
1764712800000,139.12,139.99,138.88,139.92,28185.358048
1764716400000,139.93,139.93,138.41,138.69,24749.307493
1764720000000,138.69,138.95,137.77,138.17,45833.891361
1764723600000,138.18,139.24,137.9,138.89,36712.123338
1764727200000,138.89,140.34,138.79,140.05,50034.064367
1764730800000,140.06,140.65,139.79,140.34,31360.955903
1764734400000,140.34,142.48,140.21,142.28,71169.190772
1764738000000,142.27,143.26,142.18,143.06,53317.377347
1764741600000,143.06,144.29,142.36,142.47,61615.017799
1764745200000,142.46,142.57,141.82,141.86,27699.502028
1764748800000,141.87,142.68,141.48,142.16,25969.612566
1764752400000,142.15,142.44,141.56,142.12,30469.684288
1764756000000,142.12,142.28,141.2,141.29,18428.242519
1764759600000,141.3,141.8,140.72,141.73,20249.501237
1764763200000,141.73,142.08,141.12,141.92,17342.329411
1764766800000,141.93,142.45,141.5,141.87,20979.586083
1764770400000,141.88,143.53,138.78,140.94,130122.195077
1764774000000,140.94,142.09,140.17,140.99,42718.383036
1764777600000,141.0,141.83,139.83,140.72,37413.925283
1764781200000,140.72,142.09,140.47,141.84,49640.942579
1764784800000,141.83,142.36,140.68,141.18,40913.091323
1764788400000,141.17,141.6,141.03,141.26,10975.236659
1764792000000,141.28,142.26,140.76,141.69,23838.66378
1764795600000,141.7,146.11,141.62,145.5,77496.694534
1764799200000,145.52,145.97,143.13,144.53,76030.217713
1764802800000,144.54,145.62,144.48,144.66,56308.402231
1764806400000,144.66,145.38,143.66,145.04,32724.549258
1764810000000,145.04,146.91,144.11,144.17,64381.413425
1764813600000,144.17,146.11,143.97,145.61,31242.906981
1764817200000,145.6,145.63,144.34,144.66,16879.810355
1764820800000,144.67,144.88,143.74,144.18,23878.739375
1764824400000,144.18,144.24,142.86,143.24,27494.697221
1764828000000,143.24,144.36,143.11,143.97,20776.408838
1764831600000,143.97,144.02,142.63,143.46,26506.211199
1764835200000,143.46,144.06,142.75,142.9,17291.023998
1764838800000,142.91,144.18,142.9,143.9,28629.932804
1764842400000,143.9,144.18,143.31,143.35,10555.896875
1764846000000,143.35,143.47,142.7,143.05,16051.077626
1764849600000,143.05,143.49,142.33,142.88,19930.591885
1764853200000,142.89,143.17,141.82,142.24,34644.230955
1764856800000,142.24,143.38,141.45,141.84,48980.625019
1764860400000,141.84,144.32,141.81,143.21,73534.401048
1764864000000,143.21,143.84,142.25,142.63,35573.159079
1764867600000,142.62,142.81,141.03,142.15,30985.512417
1764871200000,142.15,142.23,140.3,140.74,31382.620089
1764874800000,140.75,140.87,137.77,139.67,71486.006498
1764878400000,139.68,140.5,139.19,140.39,39442.994568
1764882000000,140.38,140.43,138.55,138.73,30452.435781
1764885600000,138.74,139.79,138.74,139.4,20031.764163
1764889200000,139.4,139.43,138.71,139.01,11549.36621
1764892800000,139.02,139.75,138.92,139.25,11387.622032
1764896400000,139.26,140.22,139.16,139.84,19337.188459
1764900000000,139.81,140.16,139.24,139.81,18718.500434
1764903600000,139.8,140.17,138.32,138.56,32915.162566
1764907200000,138.55,139.14,138.08,138.52,20618.5048
1764910800000,138.53,138.75,137.75,138.07,21174.593054
1764914400000,138.07,139.11,138.04,138.89,24200.778712
1764918000000,138.89,140.72,138.76,139.66,63794.907844
1764921600000,139.66,139.66,137.82,138.21,38327.967613
1764925200000,138.22,138.28,136.3,136.38,54418.997876
1764928800000,136.36,137.98,136.16,137.71,37781.716245
1764932400000,137.71,138.07,136.87,137.02,19006.609891
1764936000000,137.02,137.14,136.33,136.68,41067.778179
1764939600000,136.68,137.07,135.77,135.95,45487.491459
1764943200000,135.96,136.31,134.43,134.76,56684.288724
1764946800000,134.76,137.21,134.64,135.04,88540.194665
1764950400000,135.05,135.2,131.19,132.21,121415.656616
1764954000000,132.21,132.73,131.13,132.18,51100.82684
1764957600000,132.17,133.06,131.19,131.36,40232.496476
1764961200000,131.36,132.95,130.72,132.5,35641.525949
1764964800000,132.5,132.92,131.97,132.57,16020.951038
1764968400000,132.57,133.13,132.0,132.4,20382.255927
1764972000000,132.42,132.9,132.12,132.72,13776.702252
1764975600000,132.72,133.36,132.28,133.3,9915.860341
1764979200000,133.29,133.7,132.81,133.47,25175.649979
1764982800000,133.47,133.84,133.22,133.49,10953.447765
1764986400000,133.49,133.5,132.88,133.44,11638.585264
1764990000000,133.43,134.12,133.32,133.74,19726.999603
1764993600000,133.73,133.75,133.0,133.2,19732.740439
1764997200000,133.2,133.41,132.9,133.07,7272.610095
1765000800000,133.07,133.24,132.79,132.95,6991.370859
1765004400000,132.96,133.2,132.56,132.72,8954.172201
1765008000000,132.73,132.86,131.88,131.98,10105.07507
1765011600000,131.98,132.84,131.98,132.52,13732.494549
1765015200000,132.51,132.98,132.42,132.72,4876.033294
1765018800000,132.72,133.28,132.68,133.23,9134.494347
1765022400000,133.22,133.23,132.63,132.65,5949.382607
1765026000000,132.65,133.27,132.6,132.95,6727.135187
1765029600000,132.95,134.0,132.85,133.74,28667.173975
1765033200000,133.74,133.79,132.24,132.86,41289.499743
1765036800000,132.88,133.54,132.8,133.08,20588.240582
1765040400000,133.07,133.38,132.68,132.97,10095.570307
1765044000000,132.97,133.22,132.63,132.81,9658.573804
1765047600000,132.8,132.98,131.79,132.08,28669.568898
1765051200000,132.07,132.6,132.07,132.5,4796.839306
1765054800000,132.49,132.92,132.24,132.41,6759.965932
1765058400000,132.41,132.6,131.8,132.17,15399.365681
1765062000000,132.17,132.36,131.31,132.21,14950.4335
1765065600000,132.21,132.7,131.95,132.39,12079.478066
1765069200000,132.39,132.79,132.32,132.33,6859.49584
1765072800000,132.34,133.45,132.29,133.27,9496.268053
1765076400000,133.26,133.58,133.02,133.49,5164.133062
1765080000000,133.5,133.54,132.87,133.03,7149.701766
1765083600000,133.03,133.24,132.67,132.83,9012.622032
1765087200000,132.83,133.24,132.76,133.09,4620.81981
1765090800000,133.09,133.13,131.93,132.12,10904.851678
1765094400000,132.11,132.58,131.7,131.91,8279.350385
1765098000000,131.92,132.11,131.56,131.9,6423.092073
1765101600000,131.89,132.55,131.72,132.27,10938.333824
1765105200000,132.27,132.52,132.16,132.42,11321.754192
1765108800000,132.42,133.07,132.36,132.91,19918.464925
1765112400000,132.91,133.03,131.52,131.74,17239.209347
1765116000000,131.74,131.83,127.7,128.17,126913.617959
1765119600000,128.16,132.19,128.03,132.02,72635.203227
1765123200000,132.02,132.03,130.5,131.97,32082.118544
1765126800000,131.97,135.55,131.3,134.81,69665.684765
1765130400000,134.81,136.29,134.81,136.03,45763.799906
1765134000000,136.04,136.16,135.2,135.72,22435.317641
1765137600000,135.74,136.38,135.65,136.21,26372.880844
1765141200000,136.21,136.21,132.46,133.12,46670.178375
1765144800000,133.12,133.12,129.78,131.26,65689.989169
1765148400000,131.25,132.4,130.63,132.27,20073.537291
1765152000000,132.27,132.74,131.53,131.61,30662.620352
1765155600000,131.61,134.5,131.52,133.36,42373.765607
1765159200000,133.37,134.19,133.09,134.02,25701.008627
1765162800000,134.03,134.69,133.7,134.31,24457.980192
1765166400000,134.31,135.22,134.05,135.06,15705.839
1765170000000,135.06,135.41,134.6,135.19,14126.630349
1765173600000,135.19,135.99,134.7,135.72,27557.587486
1765177200000,135.73,135.99,134.89,135.85,41674.587288
1765180800000,135.85,136.96,135.63,136.7,24482.166193
1765184400000,136.7,138.91,136.67,138.16,59394.270148
1765188000000,138.16,139.35,138.06,138.77,36354.455352
1765191600000,138.77,139.14,138.15,138.38,33334.941117
1765195200000,138.38,138.59,137.26,137.85,48231.401069
1765198800000,137.86,139.33,137.56,138.14,44561.700865
1765202400000,138.13,139.0,136.9,137.2,55207.462554
1765206000000,137.2,137.58,135.25,135.55,80149.88919
1765209600000,135.55,136.55,134.88,135.6,40085.329254
1765213200000,135.61,136.32,134.75,135.83,33018.117943
1765216800000,135.83,136.25,133.0,133.62,54139.448933
1765220400000,133.6,134.65,133.47,133.66,34393.988169
1765224000000,133.65,134.92,133.43,134.09,50576.716124
1765227600000,134.08,134.57,133.17,134.48,47743.172886
1765231200000,134.48,134.54,133.38,133.6,27103.207929
1765234800000,133.59,133.81,132.41,133.26,36694.00126
1765238400000,133.26,133.6,132.58,133.02,20073.061349
1765242000000,133.04,133.33,132.62,133.13,21737.927648
1765245600000,133.13,133.65,132.76,132.78,15900.426237
1765249200000,132.79,134.4,132.5,134.17,43458.744873
1765252800000,134.19,134.28,132.35,132.66,42947.340116
1765256400000,132.66,133.01,131.79,132.1,32078.768477
1765260000000,132.12,132.78,132.0,132.63,13903.328654
1765263600000,132.63,133.3,132.39,133.23,17599.092515
1765267200000,133.23,133.44,132.66,133.14,20722.857228
1765270800000,133.13,133.14,132.32,132.35,13069.441813
1765274400000,132.36,132.88,132.04,132.76,19312.447076
1765278000000,132.76,133.05,132.47,132.96,9840.16048
1765281600000,132.95,133.6,132.75,133.13,19981.416029
1765285200000,133.12,133.29,132.03,132.41,25657.636564
1765288800000,132.41,132.84,131.61,132.52,28708.465227
1765292400000,132.52,138.49,132.41,138.44,130373.058501
1765296000000,138.44,144.67,138.44,143.69,270897.885706
1765299600000,143.71,144.95,142.53,143.14,147462.555529
1765303200000,143.15,143.3,141.67,142.49,76196.729561
1765306800000,142.49,142.84,141.71,142.12,39874.160681
1765310400000,142.11,142.35,139.64,140.16,46829.98435
1765314000000,140.16,140.47,136.75,137.75,52658.979335
1765317600000,137.76,139.44,137.46,138.75,39149.541003
1765321200000,138.77,138.8,137.7,137.89,35109.884334
1765324800000,137.88,138.33,137.21,137.28,28413.562632
1765328400000,137.28,138.48,137.19,137.87,33246.876579
1765332000000,137.86,138.12,137.21,137.74,19384.488883
1765335600000,137.74,138.6,137.56,138.16,17196.048545
1765339200000,138.16,140.23,138.05,139.07,51216.611753
1765342800000,139.05,139.58,138.67,139.14,26310.054385
1765346400000,139.15,139.44,138.75,139.22,18510.237233
1765350000000,139.21,139.23,138.36,139.19,20634.387156
1765353600000,139.2,139.45,138.43,138.5,21952.060717
1765357200000,138.5,139.1,138.14,138.97,40466.067811
1765360800000,138.96,139.83,136.83,136.97,81721.775923
1765364400000,136.97,137.52,136.34,137.22,42660.03157
1765368000000,137.22,138.17,136.85,137.91,25755.660507
1765371600000,137.89,138.17,137.49,137.7,22549.206591
1765375200000,137.69,137.76,136.53,137.19,35061.078162
1765378800000,137.16,137.66,135.71,136.15,54723.355141
1765382400000,136.15,137.45,135.74,136.14,84650.574548
1765386000000,136.13,137.17,135.89,136.81,45852.113721
1765389600000,136.82,139.5,136.41,137.68,103451.815251
1765393200000,137.7,139.63,136.2,138.66,234075.806592
1765396800000,138.67,142.64,137.44,138.36,194570.544085
1765400400000,138.32,138.86,136.8,137.15,44730.775738
1765404000000,137.17,137.84,135.29,137.61,54264.198106
1765407600000,137.61,137.85,136.12,136.25,41028.020598
1765411200000,136.25,136.42,133.43,133.88,104828.965736
1765414800000,133.88,134.2,132.65,132.87,52493.520259
1765418400000,132.88,132.94,130.52,130.81,121476.020136
1765422000000,130.81,130.81,129.01,129.4,113946.791258
1765425600000,129.39,131.53,129.05,131.03,80921.259707
1765429200000,131.04,131.28,130.48,131.19,35237.373911
1765432800000,131.2,131.43,130.37,131.06,27659.690887
1765436400000,131.06,131.35,130.65,131.02,23032.75937
1765440000000,131.03,131.14,130.18,131.11,24768.576136
1765443600000,131.11,131.4,130.84,130.94,19122.271286
1765447200000,130.94,131.11,130.52,130.85,14609.208059
1765450800000,130.84,131.23,130.78,130.92,9515.354003
1765454400000,130.92,131.88,130.74,131.23,14516.014906
1765458000000,131.25,131.52,130.89,131.32,14811.818771
1765461600000,131.33,131.52,129.85,130.66,78155.829577
1765465200000,130.65,132.81,130.33,131.19,52180.224261
1765468800000,131.18,131.99,130.13,131.34,39761.814566
1765472400000,131.34,132.57,130.82,132.35,28184.345104
1765476000000,132.36,135.56,132.01,134.46,92273.19615
1765479600000,134.46,135.46,133.6,133.89,51368.304067
1765483200000,133.89,137.0,133.81,136.09,67669.437699
1765486800000,136.1,137.8,136.1,137.03,114563.840901
1765490400000,137.04,137.5,135.85,136.18,91141.135189
1765494000000,136.18,136.78,135.7,136.44,40486.506927
1765497600000,136.44,137.49,135.37,135.5,62306.33179
1765501200000,135.5,137.24,135.5,136.73,37292.709115
1765504800000,136.74,137.95,136.5,137.19,28577.658398
1765508400000,137.22,137.44,136.6,137.09,20764.164986
1765512000000,137.08,137.2,136.78,137.07,17181.740579
1765515600000,137.07,138.93,136.58,138.9,66910.385483
1765519200000,138.91,140.15,138.73,139.16,113551.704027
1765522800000,139.16,139.44,138.81,139.1,23674.054583
1765526400000,139.09,139.15,137.59,137.95,51862.426421
1765530000000,137.94,138.48,137.25,138.27,19934.569055
1765533600000,138.26,138.58,137.97,138.39,16291.473746
1765537200000,138.39,138.78,137.9,138.73,25608.295501
1765540800000,138.73,139.84,138.35,139.64,21202.369848
1765544400000,139.64,139.64,138.74,138.98,21659.721084
1765548000000,138.99,139.58,138.1,138.5,34433.721168
1765551600000,138.49,138.52,132.85,133.48,201278.575423
1765555200000,133.48,133.99,131.5,132.18,147488.435089
1765558800000,132.19,133.58,131.34,132.15,71531.24257
1765562400000,132.15,133.25,131.46,132.74,55848.444718
1765566000000,132.75,132.84,130.32,131.26,66564.919095
1765569600000,131.25,131.92,131.01,131.56,29544.388811
1765573200000,131.57,132.06,131.24,131.84,18996.257589
1765576800000,131.85,132.86,131.82,132.75,21554.372908
1765580400000,132.75,133.04,132.2,132.26,23643.632787
1765584000000,132.27,132.76,132.27,132.63,9320.980695
1765587600000,132.64,132.99,132.38,132.67,17037.499975
1765591200000,132.66,133.02,132.57,132.62,11820.417008
1765594800000,132.63,133.01,132.55,132.88,8589.080067
1765598400000,132.89,132.94,132.58,132.88,8433.690937
1765602000000,132.87,133.0,132.34,132.69,13694.25972
1765605600000,132.68,132.96,132.4,132.87,5717.426029
1765609200000,132.88,133.02,132.8,132.95,7514.509089
1765612800000,132.95,134.21,132.95,134.0,29866.837168
1765616400000,134.0,134.27,133.5,133.58,16794.670501
1765620000000,133.59,134.26,133.48,133.94,24222.182723
1765623600000,133.95,134.05,133.18,133.31,20429.06926
1765627200000,133.3,133.68,132.63,132.97,21525.504247
1765630800000,132.96,133.37,132.62,133.12,15126.741178
1765634400000,133.15,133.41,132.62,133.18,15726.074277
1765638000000,133.19,133.66,133.1,133.28,22820.234255
1765641600000,133.28,133.83,132.88,133.19,9312.636585
1765645200000,133.19,133.21,132.08,132.2,31402.532659
1765648800000,132.21,132.8,132.06,132.33,23173.249105
1765652400000,132.32,132.95,132.3,132.75,8028.07911
1765656000000,132.74,132.99,132.24,132.3,7359.071685
1765659600000,132.29,132.73,131.61,132.69,14264.239764
1765663200000,132.7,133.06,132.21,132.84,17116.67366
1765666800000,132.83,133.26,132.61,133.14,9720.386012
1765670400000,133.14,133.66,132.71,133.25,19789.894529
1765674000000,133.25,133.56,133.03,133.31,8610.700719
1765677600000,133.3,133.54,133.09,133.34,5939.894751
1765681200000,133.34,133.47,132.84,132.95,12622.066077
1765684800000,132.96,133.2,132.41,132.5,13402.520157
1765688400000,132.49,132.71,132.11,132.68,13513.953657
1765692000000,132.67,133.05,132.49,132.94,13348.864132
1765695600000,132.94,133.39,132.84,133.26,8702.587735
1765699200000,133.26,133.5,132.65,132.69,15639.502742
1765702800000,132.68,132.82,132.34,132.35,18036.004119
1765706400000,132.34,132.62,130.98,131.79,75908.354549
1765710000000,131.8,131.97,130.14,131.47,50067.17338
1765713600000,131.48,131.9,130.89,131.38,34177.164934
1765717200000,131.37,131.65,130.92,131.62,19576.695787
1765720800000,131.62,131.8,130.42,130.89,25411.37295
1765724400000,130.9,131.07,130.31,130.68,18881.131741
1765728000000,130.67,131.61,130.5,131.03,16884.993928
1765731600000,131.03,131.21,129.4,130.04,37881.073144
1765735200000,130.05,130.72,129.91,130.64,11405.930797
1765738800000,130.63,130.64,129.99,130.31,7001.074111
1765742400000,130.31,130.72,129.85,130.05,18857.583249
1765746000000,130.06,130.32,129.57,129.88,10241.344884
1765749600000,129.9,130.29,129.59,130.2,11158.055488
1765753200000,130.21,130.85,127.91,129.4,66475.356246
1765756800000,129.39,130.38,129.31,130.15,29691.614504
1765760400000,130.15,131.59,129.85,131.17,25343.209218
1765764000000,131.19,133.23,131.19,131.52,40039.074205
1765767600000,131.51,131.8,130.94,131.18,40976.086518
1765771200000,131.19,132.01,130.88,131.82,20886.79909
1765774800000,131.85,132.15,131.68,131.99,8969.352579
1765778400000,132.0,132.7,131.7,132.4,17295.698908
1765782000000,132.4,132.65,131.83,132.35,12214.869336
1765785600000,132.35,132.71,132.11,132.39,11200.287141
1765789200000,132.4,133.02,132.12,132.78,22990.797919
1765792800000,132.74,133.03,132.33,132.63,17560.852262
1765796400000,132.64,132.8,132.06,132.28,12485.129245
1765800000000,132.28,133.15,131.8,132.78,22971.777779
1765803600000,132.78,133.29,131.74,132.68,70352.970078
1765807200000,132.68,135.5,129.5,130.51,198670.491757
1765810800000,130.51,130.75,126.44,126.9,252454.164894
1765814400000,126.9,127.29,125.58,126.49,101007.567684
1765818000000,126.48,126.78,124.51,124.94,67468.419502
1765821600000,124.94,125.29,123.62,124.9,63454.257446
1765825200000,124.89,125.84,124.7,124.99,52825.667957
1765828800000,125.01,125.63,123.9,125.01,34191.52305
1765832400000,125.02,126.43,124.97,125.84,32544.934275
1765836000000,125.87,126.42,125.63,126.38,17733.399048
1765839600000,126.37,127.89,126.3,127.84,48220.637957
1765843200000,127.83,128.04,126.17,126.21,42658.850706
1765846800000,126.22,126.86,125.58,126.4,28800.569036
1765850400000,126.41,127.32,125.98,126.77,18222.546761
1765854000000,126.78,126.95,124.93,126.52,26625.645697
1765857600000,126.52,126.83,124.88,126.14,37492.999621
1765861200000,126.15,126.68,125.92,126.41,16421.823253
1765864800000,126.41,127.48,126.3,127.35,14917.624313
1765868400000,127.35,127.39,125.56,125.58,20525.124288
1765872000000,125.59,126.61,125.45,125.99,11566.139475
1765875600000,125.99,126.5,125.9,126.3,11545.564313
1765879200000,126.32,128.9,126.16,128.47,35005.311323
1765882800000,128.48,129.06,127.9,128.62,69756.293935
1765886400000,128.62,128.99,128.23,128.63,18133.839737
1765890000000,128.62,129.92,126.75,126.77,93171.96882
1765893600000,126.76,129.8,126.14,128.59,106238.024233
1765897200000,128.59,130.16,127.29,129.75,65278.347348
1765900800000,129.75,129.86,127.79,128.34,37554.455153
1765904400000,128.34,128.59,127.14,127.28,25644.575976
1765908000000,127.29,128.61,126.98,128.03,21804.316898
1765911600000,128.03,128.09,126.77,127.74,12732.901486
1765915200000,127.73,128.93,127.46,128.42,17992.38847
1765918800000,128.41,128.74,128.01,128.49,11191.867184
1765922400000,128.49,129.02,128.27,128.61,9027.271485
1765926000000,128.63,129.52,128.16,129.17,11783.585446
1765929600000,129.18,129.18,128.29,128.91,13164.971596
1765933200000,128.92,129.83,128.79,129.18,18346.185891
1765936800000,129.17,129.5,128.46,129.3,18838.029147
1765940400000,129.31,129.64,128.22,128.27,15548.408319
1765944000000,128.27,128.47,127.44,127.89,21507.01178
1765947600000,127.88,128.12,127.04,127.64,20316.273276
1765951200000,127.64,128.07,127.59,127.78,10783.278894
1765954800000,127.78,128.59,127.66,128.29,14569.482125
1765958400000,128.29,128.29,126.82,126.93,12089.813009
1765962000000,126.93,127.05,125.96,126.75,26395.906209
1765965600000,126.75,126.99,126.31,126.6,16024.403747
1765969200000,126.6,127.94,126.51,127.6,15730.356235
1765972800000,127.61,128.18,127.41,127.95,14391.044699
1765976400000,127.97,129.47,127.54,129.22,27926.106802
1765980000000,129.22,132.68,127.0,132.64,170340.955869
1765983600000,132.63,134.0,126.61,126.77,298898.225208
1765987200000,126.75,128.07,123.81,124.93,176314.735524
1765990800000,124.9,125.2,122.57,123.05,163972.053989
1765994400000,123.08,123.97,121.7,122.11,83369.67806
1765998000000,122.12,122.5,121.39,122.41,55798.411311
1766001600000,122.42,123.78,122.04,123.01,45403.25701
1766005200000,123.01,123.14,122.0,122.42,21443.223234
1766008800000,122.44,123.55,122.09,123.5,30173.465301
1766012400000,123.5,123.52,122.81,123.26,24211.10385
1766016000000,123.27,123.78,123.04,123.71,17245.830554
1766019600000,123.71,123.81,123.01,123.41,24866.052828
1766023200000,123.41,124.14,123.1,123.73,31046.7454
1766026800000,123.72,123.96,123.04,123.66,23639.795762
1766030400000,123.66,124.13,123.59,123.65,24134.929728
1766034000000,123.65,123.65,122.37,122.39,50173.131133
1766037600000,122.4,122.86,122.22,122.8,14899.159373
1766041200000,122.81,123.38,122.45,122.83,16909.399146
1766044800000,122.85,123.42,122.45,123.03,23732.75741
1766048400000,123.03,123.9,122.67,123.68,14831.371158
1766052000000,123.69,124.14,123.37,123.94,22720.622326
1766055600000,123.95,124.04,123.21,124.04,22786.316471
1766059200000,124.04,124.5,123.66,123.95,27230.647432
1766062800000,123.95,126.87,123.95,126.4,173835.89434
1766066400000,126.4,127.9,124.77,125.86,155077.834651
1766070000000,125.87,129.03,125.61,127.4,162775.634913
1766073600000,127.41,127.5,126.1,126.87,48862.56956
1766077200000,126.87,126.92,120.57,122.96,233441.876268
1766080800000,122.97,123.93,121.2,121.55,104690.017479
1766084400000,121.54,121.64,117.44,117.58,218171.42536
1766088000000,117.57,119.02,116.85,117.23,103599.256637
1766091600000,117.24,120.19,117.08,120.08,109458.961724
1766095200000,120.1,120.11,119.2,119.79,35781.754898
1766098800000,119.8,119.96,119.3,119.6,28106.17091
1766102400000,119.62,119.89,117.91,118.45,78422.352124
1766106000000,118.44,118.57,117.62,118.38,31584.353475
1766109600000,118.37,119.22,117.91,118.96,32041.648303
1766113200000,118.97,122.52,118.92,121.58,113735.130024
1766116800000,121.59,123.06,121.35,122.85,99743.351713
1766120400000,122.85,123.4,121.98,122.62,57282.697841
1766124000000,122.63,123.66,122.21,123.46,41934.584636
1766127600000,123.46,125.37,123.46,124.45,86110.331954
1766131200000,124.43,125.63,123.88,124.98,45643.474518
1766134800000,124.97,125.07,124.38,124.73,35518.810289
1766138400000,124.73,125.03,124.54,124.76,25830.655733
1766142000000,124.76,125.76,124.7,125.37,27963.003516
1766145600000,125.37,126.2,124.92,125.78,50440.019836
1766149200000,125.79,126.51,125.62,125.91,38938.735831
1766152800000,125.91,126.93,124.68,126.02,108895.344601
1766156400000,126.01,127.65,124.78,125.07,85953.991251
1766160000000,125.07,127.02,124.85,125.29,41762.192488
1766163600000,125.3,126.12,123.64,123.67,54933.037904
1766167200000,123.67,125.36,123.61,124.8,34658.048235
1766170800000,124.8,126.65,124.79,126.27,31052.580024
1766174400000,126.25,127.89,126.09,127.17,43871.295247
1766178000000,127.18,127.41,126.5,126.76,19891.814614
1766181600000,126.8,127.33,126.76,126.88,12071.917596
1766185200000,126.87,126.87,126.18,126.27,8746.732188
1766188800000,126.29,126.35,125.63,125.8,10031.183058
1766192400000,125.81,126.04,125.53,125.59,11423.555145
1766196000000,125.59,126.18,125.31,125.86,9857.316256
1766199600000,125.85,126.5,125.53,126.2,10385.082319
1766203200000,126.21,126.41,125.87,126.25,8121.23374
1766206800000,126.27,126.66,126.08,126.38,19465.645492
1766210400000,126.39,126.65,126.24,126.27,7220.144654
1766214000000,126.28,126.36,125.9,126.17,12257.01387
1766217600000,126.17,126.9,126.13,126.49,18722.77995
1766221200000,126.47,126.76,126.24,126.26,8539.601303
1766224800000,126.27,126.4,126.02,126.06,6708.400727
1766228400000,126.05,126.52,125.9,126.48,10245.672429
1766232000000,126.49,126.49,126.1,126.29,5545.080764
1766235600000,126.29,126.4,125.46,126.12,36938.36303
1766239200000,126.13,126.39,125.58,126.36,9771.359658
1766242800000,126.36,126.66,126.0,126.57,10465.843556
1766246400000,126.57,126.71,126.12,126.3,9498.663199
1766250000000,126.3,126.46,126.0,126.02,4715.321187
1766253600000,126.02,126.13,125.76,126.03,4363.216421
1766257200000,126.03,126.19,125.79,126.06,2467.62482
1766260800000,126.06,126.45,125.94,126.44,2955.233219
1766264400000,126.44,126.55,126.25,126.33,4867.004877
1766268000000,126.34,126.38,125.78,126.04,7646.469559
1766271600000,126.04,126.08,125.64,125.82,10001.951646
1766275200000,125.82,126.12,125.71,126.04,8733.794108
1766278800000,126.04,126.05,125.11,125.13,20105.342014
1766282400000,125.13,125.38,124.7,124.92,17267.892312
1766286000000,124.92,125.57,124.87,125.24,9494.896092
1766289600000,125.24,125.45,125.15,125.21,8261.554484
1766293200000,125.21,125.48,125.1,125.3,7619.472851
1766296800000,125.3,125.49,125.17,125.42,9434.299999
1766300400000,125.42,125.54,125.22,125.31,4358.091689
1766304000000,125.31,125.94,124.81,125.58,18260.495613
1766307600000,125.59,126.58,125.48,126.27,20711.064867
1766311200000,126.31,126.63,125.61,125.84,18315.358331
1766314800000,125.85,125.9,125.35,125.51,8554.464591
1766318400000,125.51,126.09,125.12,125.59,11079.579586
1766322000000,125.58,125.6,123.42,123.66,45325.528622
1766325600000,123.65,124.73,123.52,124.42,20622.208645
1766329200000,124.43,125.28,123.95,125.04,40911.609526
1766332800000,125.05,125.6,124.8,125.49,23036.313251
1766336400000,125.49,126.35,125.4,125.51,22740.514658
1766340000000,125.5,125.5,124.37,125.15,26125.599217
1766343600000,125.16,125.86,125.09,125.67,10136.155337
1766347200000,125.67,125.79,125.33,125.36,4245.395613
1766350800000,125.36,125.37,124.7,124.88,6106.417218
1766354400000,124.88,125.9,124.78,125.81,9799.203628
1766358000000,125.83,126.3,125.52,126.03,11746.317257
1766361600000,126.03,128.54,125.99,126.26,72601.40897
1766365200000,126.26,127.34,125.81,126.04,24265.975648
1766368800000,126.04,126.07,124.52,125.26,46668.404233
1766372400000,125.26,126.53,124.94,126.05,28537.43877
1766376000000,126.05,126.74,125.86,126.54,24094.137982
1766379600000,126.55,126.7,126.09,126.34,12892.371897
1766383200000,126.33,126.58,125.77,125.77,14032.05129
1766386800000,125.77,126.52,125.57,126.33,15974.174171
1766390400000,126.31,127.37,125.62,125.64,43654.145198
1766394000000,125.64,126.37,125.5,126.23,30002.954786
1766397600000,126.24,126.94,125.9,126.71,22295.886298
1766401200000,126.72,127.47,126.38,127.01,29918.775189
1766404800000,127.01,127.74,126.7,127.0,41036.162167
1766408400000,127.0,127.13,126.32,127.04,30264.675483
1766412000000,127.04,128.28,126.52,127.85,81716.461584
1766415600000,127.86,128.78,126.47,128.08,64427.891935
1766419200000,128.09,128.37,127.16,127.25,41535.801031
1766422800000,127.25,127.33,126.48,126.93,20287.391843
1766426400000,126.93,127.5,126.37,126.51,25194.052764
1766430000000,126.5,126.51,124.64,124.67,49080.152522
1766433600000,124.68,125.27,124.21,124.41,52490.727257
1766437200000,124.41,125.59,124.36,125.18,33134.182536
1766440800000,125.18,126.03,125.0,125.87,27824.330658
1766444400000,125.88,125.97,125.46,125.92,18261.782339
1766448000000,125.94,126.91,125.8,126.71,25371.280705
1766451600000,126.73,126.8,125.95,126.2,14243.150696
1766455200000,126.2,126.62,125.5,125.65,21127.058533
1766458800000,125.65,126.15,124.91,125.67,25766.650608
1766462400000,125.67,126.09,125.44,125.45,11235.429725
1766466000000,125.46,125.53,124.61,125.0,26479.457782
1766469600000,125.0,125.31,124.15,124.38,43464.760678
1766473200000,124.38,124.64,123.79,124.22,46199.452312
1766476800000,124.23,124.67,124.04,124.21,13201.223034
1766480400000,124.21,124.41,123.96,124.19,15221.075383
1766484000000,124.19,124.88,124.13,124.85,15920.084167
1766487600000,124.85,125.23,124.72,124.87,13697.906653
1766491200000,124.86,124.93,123.94,124.2,17912.218511
1766494800000,124.19,124.64,122.74,123.36,71686.301056
1766498400000,123.36,123.74,122.15,122.7,68167.323823
1766502000000,122.7,123.51,122.38,123.37,50780.099938
1766505600000,123.37,124.91,123.03,124.63,49358.524936
1766509200000,124.61,124.84,122.78,122.85,49511.02079
1766512800000,122.86,124.16,122.84,123.99,27838.816553
1766516400000,123.99,124.54,123.49,123.99,18789.108221
1766520000000,123.98,125.65,123.47,124.69,31587.554773
1766523600000,124.71,124.75,123.97,124.29,12238.065184
1766527200000,124.29,124.49,123.6,123.87,14513.545446
1766530800000,123.88,124.18,123.46,124.01,12009.299308
1766534400000,124.01,124.3,123.57,123.89,16970.007874
1766538000000,123.89,124.22,122.96,123.1,25149.498002
1766541600000,123.12,123.15,121.8,122.32,30214.661421
1766545200000,122.32,122.82,121.77,122.73,22880.256516
1766548800000,122.73,123.07,121.52,121.63,27759.681938
1766552400000,121.64,122.04,121.15,121.46,27860.719904
1766556000000,121.47,121.6,120.63,121.6,26819.183325
1766559600000,121.6,121.87,121.3,121.32,14975.552576
1766563200000,121.32,121.69,121.12,121.39,14466.362967
1766566800000,121.4,121.75,121.32,121.43,19312.526831
1766570400000,121.44,122.23,121.4,121.77,15453.515357
1766574000000,121.76,122.24,121.76,122.06,11271.391404
1766577600000,122.06,122.54,121.94,122.45,12458.020726
1766581200000,122.45,122.45,121.64,121.97,21161.17675
1766584800000,121.97,122.31,120.7,121.48,33251.657771
1766588400000,121.5,122.94,121.33,122.75,26655.732217
1766592000000,122.74,123.46,122.43,122.71,23829.679542
1766595600000,122.71,122.99,122.0,122.03,30185.272915
1766599200000,122.05,122.69,121.81,122.48,17941.230831
1766602800000,122.48,122.88,122.01,122.88,14160.311026
1766606400000,122.88,123.13,122.59,122.66,14013.718499
1766610000000,122.68,123.1,122.62,123.01,6533.69813
1766613600000,123.0,123.4,122.93,123.31,11876.197577
1766617200000,123.32,123.35,122.48,122.53,13971.493846
1766620800000,122.54,122.7,122.09,122.18,17020.819352
1766624400000,122.18,122.78,122.14,122.75,7398.839902
1766628000000,122.75,123.14,122.46,123.05,7067.711986
1766631600000,123.04,123.14,122.56,122.69,11777.899719
1766635200000,122.7,122.86,122.61,122.79,5716.649775
1766638800000,122.78,122.78,122.23,122.37,12303.753876
1766642400000,122.38,122.52,122.2,122.48,11164.006468
1766646000000,122.48,122.48,122.11,122.29,8830.145241
1766649600000,122.29,122.65,121.65,122.11,21018.031537
1766653200000,122.1,122.19,121.8,122.11,11911.262772
1766656800000,122.1,122.1,121.31,121.56,15894.116282
1766660400000,121.56,121.87,121.53,121.66,10434.331192
1766664000000,121.66,122.06,121.6,122.06,6603.450368
1766667600000,122.06,122.35,121.7,122.07,10329.002729
1766671200000,122.07,122.35,121.78,122.12,11704.469569
1766674800000,122.13,124.07,121.9,123.67,59259.364185
1766678400000,123.68,124.44,123.34,123.51,40527.365242
1766682000000,123.51,123.61,122.8,123.07,22649.513508
1766685600000,123.08,124.17,123.08,124.0,38062.934605
1766689200000,124.0,124.08,123.36,123.47,8368.273797
1766692800000,123.47,123.49,122.96,123.29,10303.569706
1766696400000,123.3,123.51,123.12,123.21,5506.696733
1766700000000,123.22,123.44,121.39,121.84,31895.354809
1766703600000,121.83,122.13,119.76,120.07,86387.233516
1766707200000,120.06,120.34,119.24,120.34,61694.46041
1766710800000,120.34,121.21,120.19,120.82,33022.987526
1766714400000,120.82,124.34,120.81,123.44,151704.041147
1766718000000,123.45,123.73,122.47,122.68,36442.529142
1766721600000,122.68,122.99,121.78,122.84,24178.635179
1766725200000,122.85,123.49,122.68,123.3,18279.72713
1766728800000,123.3,123.76,123.3,123.48,21988.971367
1766732400000,123.49,123.97,122.58,122.71,30263.575731
1766736000000,122.72,123.13,122.31,122.69,11867.595686
1766739600000,122.69,124.11,122.54,123.68,40051.134672
1766743200000,123.68,123.91,123.45,123.76,11810.569014
1766746800000,123.76,123.93,123.34,123.84,14433.949264
1766750400000,123.84,124.2,123.75,123.96,16610.606238
1766754000000,123.96,125.12,123.9,124.88,32935.013098
1766757600000,124.9,124.98,122.06,122.24,66958.666599
1766761200000,122.25,122.25,120.48,121.56,98269.392549
1766764800000,121.57,122.24,121.18,121.23,31102.346677
1766768400000,121.24,122.38,121.24,121.81,26861.48711
1766772000000,121.86,122.23,121.73,122.09,11324.492055
1766775600000,122.09,122.39,121.73,122.18,9009.06104
1766779200000,122.18,122.66,121.89,122.42,18724.033952
1766782800000,122.42,122.63,122.05,122.05,8400.718332
1766786400000,122.07,122.43,121.82,122.43,8682.71773
1766790000000,122.43,122.55,122.18,122.27,6186.923767
1766793600000,122.28,122.38,121.9,122.1,9333.620065
1766797200000,122.11,122.33,121.89,122.32,6075.466816
1766800800000,122.33,122.44,122.15,122.34,4718.220098
1766804400000,122.34,123.84,122.3,123.67,31620.706253
1766808000000,123.67,123.74,122.92,122.99,25300.107242
1766811600000,122.99,123.3,122.98,123.19,8033.972668
1766815200000,123.2,123.2,122.79,123.04,8450.668404
1766818800000,123.05,123.44,123.04,123.17,11048.809967
1766822400000,123.17,123.34,122.83,122.86,4897.504606
1766826000000,122.86,123.22,122.85,123.0,5155.020029
1766829600000,123.01,123.14,122.53,122.88,8634.067943
1766833200000,122.89,123.2,122.84,122.99,4842.476341
1766836800000,123.0,123.2,122.75,122.89,4082.87286
1766840400000,122.88,123.28,122.74,123.01,8232.038454
1766844000000,123.01,123.33,122.86,123.32,5365.187196
1766847600000,123.33,123.69,123.16,123.32,13066.997797
1766851200000,123.32,123.44,122.92,123.0,6657.921319
1766854800000,122.99,123.45,122.77,123.39,9653.39013
1766858400000,123.4,123.45,123.02,123.21,5074.559434
1766862000000,123.21,123.45,123.06,123.28,4568.642493
1766865600000,123.28,123.79,123.28,123.57,13717.073229
1766869200000,123.58,124.61,123.57,124.55,21553.290477
1766872800000,124.56,124.97,123.66,123.91,30794.554942
1766876400000,123.91,125.09,123.91,124.72,22386.890978
1766880000000,124.73,124.89,124.28,124.37,9500.397213
1766883600000,124.38,124.62,123.97,123.99,9809.204257
1766887200000,123.99,124.41,123.91,124.24,8521.603088
1766890800000,124.24,124.3,123.98,124.13,4705.222692
1766894400000,124.13,124.32,123.99,124.09,4363.970218
1766898000000,124.1,124.1,123.65,123.79,9503.65821
1766901600000,123.79,124.2,123.75,124.12,5736.19251
1766905200000,124.12,124.38,123.85,124.24,10171.001803
1766908800000,124.25,124.68,124.17,124.29,11696.656768
1766912400000,124.29,124.4,123.99,124.08,6768.096923
1766916000000,124.08,124.62,124.02,124.52,11768.063563
1766919600000,124.52,124.84,124.4,124.65,8889.753418
1766923200000,124.66,124.77,124.39,124.41,7103.696461
1766926800000,124.41,124.8,124.3,124.64,9876.362488
1766930400000,124.65,124.98,124.39,124.57,16116.822519
1766934000000,124.57,125.01,124.41,124.42,10393.456067
1766937600000,124.43,124.68,124.2,124.32,8698.152014
1766941200000,124.32,124.8,124.32,124.44,6075.734556
1766944800000,124.47,124.52,123.14,123.16,24913.103288
1766948400000,123.17,123.66,123.09,123.31,13055.75382
1766952000000,123.31,123.7,123.11,123.44,8017.418037
1766955600000,123.43,123.88,123.3,123.86,8988.965951
1766959200000,123.87,124.33,123.54,124.23,8281.219966
1766962800000,124.24,125.64,123.95,125.27,36909.47392
1766966400000,125.27,128.21,125.0,127.02,115910.115005
1766970000000,127.02,130.16,126.24,128.71,147193.58424
1766973600000,128.71,129.48,128.16,128.73,57317.569713
1766977200000,128.73,129.53,128.51,128.58,59627.265302
1766980800000,128.58,129.2,128.23,128.6,69325.816762
1766984400000,128.6,128.6,127.61,127.73,32939.025981
1766988000000,127.74,128.06,127.51,127.79,39447.103651
1766991600000,127.8,128.0,127.22,127.88,33621.499525
1766995200000,127.89,128.53,127.7,127.91,40089.445114
1766998800000,127.91,128.02,125.44,126.1,67432.047589
1767002400000,126.08,126.39,125.51,125.71,33651.782832
1767006000000,125.72,125.72,125.05,125.1,35832.536235
1767009600000,125.1,125.41,122.93,123.73,130454.138026
1767013200000,123.73,124.09,122.94,123.28,91254.653206
1767016800000,123.28,124.54,122.3,123.44,101553.640028
1767020400000,123.45,124.11,123.12,123.45,34266.62164
1767024000000,123.43,123.73,122.65,123.49,35577.079551
1767027600000,123.49,123.9,123.05,123.9,25479.822204
1767031200000,123.9,123.97,122.97,123.12,31159.819909
1767034800000,123.12,123.5,122.86,123.07,19484.184563
1767038400000,123.07,123.61,122.87,123.35,17248.108228
1767042000000,123.34,123.6,123.15,123.47,9466.714312
1767045600000,123.47,123.61,123.19,123.42,10277.635958
1767049200000,123.42,123.61,123.21,123.27,10357.37363
1767052800000,123.27,123.35,122.9,123.11,8849.313144
1767056400000,123.13,123.46,122.78,123.2,11664.482908
1767060000000,123.2,123.25,122.6,123.01,18772.731893
1767063600000,123.02,123.92,122.76,123.78,20499.201895
1767067200000,123.78,124.25,123.59,123.95,13609.695234
1767070800000,123.94,124.01,123.2,123.42,12722.649984
1767074400000,123.43,124.07,123.39,123.91,12041.917928
1767078000000,123.91,124.33,123.8,124.01,21797.139535
1767081600000,124.02,125.14,123.99,124.78,38003.733828
1767085200000,124.78,125.08,124.39,124.83,26775.657228
1767088800000,124.81,124.96,124.48,124.58,14775.902556
1767092400000,124.59,124.64,124.03,124.29,16381.340345
1767096000000,124.29,124.64,124.12,124.3,13482.702168
1767099600000,124.29,124.45,123.94,124.28,23316.703801
1767103200000,124.28,125.37,123.55,125.04,55771.769257
1767106800000,125.03,125.29,124.0,125.16,48573.514213
1767110400000,125.16,126.64,124.88,125.66,60587.835218
1767114000000,125.67,125.99,124.44,124.71,43645.322047
1767117600000,124.71,124.72,124.21,124.56,25259.371626
1767121200000,124.57,124.85,123.79,124.72,29807.076127
1767124800000,124.71,124.81,123.88,124.06,17743.149926
1767128400000,124.06,124.22,123.52,124.02,15344.496617
1767132000000,124.03,124.6,123.89,124.44,10732.307711
1767135600000,124.43,125.14,124.27,125.01,21012.648689
1767139200000,125.02,125.08,124.43,124.93,21206.201052
1767142800000,124.93,125.95,124.85,125.55,42980.466917
1767146400000,125.55,126.11,125.29,126.02,34408.705659
1767150000000,126.02,126.09,125.17,125.81,20414.66339
1767153600000,125.82,125.96,125.39,125.45,35064.709504
1767157200000,125.46,125.77,125.4,125.65,16953.619629
1767160800000,125.66,126.09,125.62,125.9,21262.156354
1767164400000,125.9,126.05,125.64,125.99,19309.090671
1767168000000,125.98,126.29,125.45,125.58,23986.567182
1767171600000,125.56,126.39,125.56,126.29,20783.953188
1767175200000,126.29,126.43,126.0,126.39,36454.220986
1767178800000,126.39,126.85,126.21,126.75,38315.326128
1767182400000,126.72,126.77,126.08,126.19,18923.55249
1767186000000,126.19,126.53,125.95,126.3,18981.374097
1767189600000,126.3,127.46,125.4,125.8,64644.389512
1767193200000,125.79,125.84,125.01,125.6,59493.665157
1767196800000,125.61,125.75,124.31,124.86,45344.54329
1767200400000,124.86,125.26,124.59,125.06,22051.466252
1767204000000,125.07,125.54,124.65,124.8,20326.552273
1767207600000,124.79,125.23,124.39,124.4,13321.171432
1767211200000,124.4,125.15,123.5,124.21,94906.161862
1767214800000,124.23,124.49,124.01,124.48,22284.67237
1767218400000,124.48,125.19,124.27,124.88,12971.425504
1767222000000,124.88,125.04,124.61,124.66,7133.918157
1767225600000,124.67,125.25,124.61,125.15,9623.522683
1767229200000,125.15,125.82,124.93,124.99,31022.461972
1767232800000,125.0,125.24,124.81,125.19,11860.709123
1767236400000,125.17,125.41,125.03,125.2,7960.010597
1767240000000,125.2,125.27,124.81,124.96,5513.20685
1767243600000,124.96,125.32,124.95,125.3,7213.015974
1767247200000,125.31,125.33,124.88,124.89,5293.433358
1767250800000,124.89,125.0,124.25,124.27,14100.898272
1767254400000,124.28,124.73,124.16,124.7,11448.308672
1767258000000,124.7,125.11,124.61,125.05,14330.251603
1767261600000,125.04,125.28,124.93,125.02,9161.830227
1767265200000,125.02,125.2,124.76,125.19,6828.617869
1767268800000,125.19,125.26,125.0,125.0,12599.089835
1767272400000,125.0,125.13,124.7,124.76,11130.921296
1767276000000,124.76,124.92,124.42,124.73,30621.569122
1767279600000,124.73,125.22,124.59,124.94,15242.824247
1767283200000,124.95,125.03,124.29,124.46,25397.378482
1767286800000,124.46,125.61,124.31,125.19,39413.975677
1767290400000,125.19,125.38,125.03,125.34,12599.865923
1767294000000,125.35,125.78,125.21,125.76,12555.555577
1767297600000,125.76,125.95,125.33,125.38,11716.042796
1767301200000,125.38,125.68,125.3,125.42,5856.654128
1767304800000,125.42,126.25,125.38,126.09,18249.705677
1767308400000,126.08,127.25,125.75,126.87,58343.162251
1767312000000,126.88,127.14,126.45,126.78,28024.042045
1767315600000,126.79,126.94,126.08,126.19,24699.255392
1767319200000,126.2,126.67,125.87,126.58,17108.307359
1767322800000,126.58,128.0,126.45,127.53,53079.9761
1767326400000,127.54,127.71,126.96,126.98,14750.422038
1767330000000,126.99,127.44,126.75,127.33,11798.28318
1767333600000,127.33,127.73,127.27,127.33,21465.863823
1767337200000,127.34,127.57,126.91,127.15,11409.869943
1767340800000,127.15,127.97,127.13,127.94,23106.365276
1767344400000,127.94,129.88,127.81,129.38,72036.119644
1767348000000,129.4,129.99,128.84,128.92,36586.29861
1767351600000,128.94,128.97,127.99,128.22,25318.480495
1767355200000,128.21,128.64,127.91,128.43,14796.653144
1767358800000,128.42,128.79,128.27,128.36,14678.788925
1767362400000,128.35,129.65,126.84,128.72,60689.022206
1767366000000,128.74,129.53,127.44,128.98,46502.720114
1767369600000,128.97,131.79,128.67,130.92,102999.01561
1767373200000,130.91,132.3,130.68,131.41,65239.970238
1767376800000,131.41,132.02,130.33,130.79,38790.124964
1767380400000,130.78,131.79,130.64,131.6,20793.578123
1767384000000,131.62,132.13,130.83,131.12,23821.056712
1767387600000,131.13,132.13,131.13,131.92,13685.291255
1767391200000,131.93,133.27,131.91,132.63,39531.805647
1767394800000,132.62,132.74,131.91,132.29,22149.10122
1767398400000,132.28,132.93,132.24,132.53,12235.314233
1767402000000,132.54,132.97,132.35,132.64,13171.780235
1767405600000,132.65,133.09,132.07,132.86,20391.13815
1767409200000,132.86,133.15,132.19,132.85,23051.889886
1767412800000,132.84,132.92,132.2,132.36,12685.904764
1767416400000,132.37,132.54,131.63,131.91,21949.356089
1767420000000,131.91,132.3,131.07,131.18,18863.257916
1767423600000,131.17,131.4,129.64,130.12,56444.42076
1767427200000,130.11,131.06,129.83,130.7,28828.56318
1767430800000,130.7,131.45,130.4,131.14,21024.282572
1767434400000,131.15,131.24,130.81,130.95,15486.319223
1767438000000,130.96,130.98,130.47,130.71,8700.427748
1767441600000,130.7,130.95,130.5,130.9,14977.983175
1767445200000,130.9,131.4,130.81,131.3,16734.542845
1767448800000,131.3,132.16,131.14,131.99,25130.396033
1767452400000,132.0,132.0,131.12,131.48,28917.20392
1767456000000,131.49,131.99,131.48,131.76,19909.941437
1767459600000,131.77,132.02,131.65,131.89,9577.006343
1767463200000,131.89,132.11,131.61,131.96,12222.350522
1767466800000,131.95,131.95,131.67,131.78,6633.66336
1767470400000,131.79,132.02,131.34,131.99,7460.071129
1767474000000,132.0,133.03,131.81,132.87,21248.978911
1767477600000,132.87,133.97,132.59,133.43,28346.649389
1767481200000,133.43,133.74,133.1,133.35,12663.350402
1767484800000,133.36,134.96,133.32,134.56,49201.908493
1767488400000,134.57,134.75,133.43,133.95,23337.952809
1767492000000,133.95,134.0,133.5,133.74,14647.875933
1767495600000,133.74,134.69,133.66,134.62,20913.142351
1767499200000,134.62,134.84,134.24,134.31,20860.530586
1767502800000,134.31,134.62,134.27,134.56,10612.544382
1767506400000,134.56,134.99,133.68,133.77,31618.584128
1767510000000,133.78,134.15,133.67,133.83,17594.208428
1767513600000,133.82,134.18,133.21,134.12,29226.734197
1767517200000,134.11,134.57,133.85,134.33,17366.435848
1767520800000,134.32,134.88,134.23,134.67,14939.124356
1767524400000,134.68,134.68,134.14,134.39,11711.11759
1767528000000,134.38,134.89,134.21,134.33,16448.757961
1767531600000,134.33,134.55,133.75,134.53,18583.817418
1767535200000,134.52,134.98,134.25,134.96,25878.364586
1767538800000,134.96,135.34,134.28,134.9,34254.898758
1767542400000,134.9,135.55,134.76,135.12,25929.006176
1767546000000,135.13,135.37,134.81,134.81,12097.754063
1767549600000,134.84,134.89,133.72,134.2,26364.537787
1767553200000,134.21,134.21,133.1,133.58,27074.439413
1767556800000,133.58,134.24,133.4,134.01,12764.460748
1767560400000,134.04,134.58,133.72,133.93,9716.938523
1767564000000,133.93,134.43,133.81,134.18,8031.373747
1767567600000,134.17,134.85,133.66,134.1,38364.784359
1767571200000,134.11,135.8,134.0,135.52,39413.992101
1767574800000,135.53,137.73,135.31,136.75,80902.470791
1767578400000,136.76,137.22,135.73,136.87,32003.637641
1767582000000,136.88,137.32,136.58,136.65,28666.167468
1767585600000,136.65,136.79,135.0,135.69,34603.471645
1767589200000,135.7,136.3,135.0,135.07,24174.123736
1767592800000,135.06,135.71,134.64,135.63,31992.845864
1767596400000,135.63,135.76,135.13,135.43,17201.599907
1767600000000,135.42,135.94,135.19,135.22,20536.000106
1767603600000,135.23,135.67,134.76,135.45,26218.250733
1767607200000,135.44,136.03,135.26,135.81,20710.610596
1767610800000,135.82,135.82,135.25,135.75,20270.341078
1767614400000,135.75,135.82,134.9,135.12,22360.018672
1767618000000,135.12,135.38,133.25,133.8,70235.851594
1767621600000,133.8,135.6,133.17,134.97,121934.362943
1767625200000,134.97,136.47,134.16,136.12,61713.491711
1767628800000,136.12,136.29,134.98,135.4,32016.597786
1767632400000,135.41,136.83,134.32,136.52,42525.282374
1767636000000,136.53,137.55,135.68,137.37,38222.435389
1767639600000,137.36,138.83,137.08,138.24,58407.546421
1767643200000,138.23,139.88,137.75,137.86,61663.514361
1767646800000,137.9,138.72,137.88,138.38,18084.49249
1767650400000,138.38,139.17,138.28,138.77,20040.80985
1767654000000,138.8,138.97,137.88,137.9,18623.420536
1767657600000,137.91,138.2,136.89,137.73,35287.96205
1767661200000,137.71,138.52,137.34,137.57,34326.376057
1767664800000,137.58,138.0,137.32,137.61,17318.923634
1767668400000,137.61,138.61,137.56,138.38,17815.050637
1767672000000,138.38,138.99,138.2,138.44,27820.403867
1767675600000,138.43,140.04,138.1,139.54,57015.923007
1767679200000,139.55,139.75,138.84,139.02,38653.658657
1767682800000,139.02,139.1,137.36,137.61,49923.995791
1767686400000,137.6,138.16,137.4,137.6,27105.049794
1767690000000,137.6,138.41,137.5,137.78,28287.174043
1767693600000,137.77,138.11,137.4,137.74,36021.111669
1767697200000,137.74,139.67,137.66,139.49,55576.545917
1767700800000,139.5,139.61,138.88,139.08,26988.62626
1767704400000,139.08,139.42,138.72,139.1,37960.574504
1767708000000,139.1,143.47,139.1,141.99,180300.369679
1767711600000,141.99,143.18,141.12,141.61,70634.702474
1767715200000,141.61,141.96,138.18,138.93,112620.667778
1767718800000,138.93,139.19,136.41,136.56,82337.00597
1767722400000,136.54,138.04,136.22,137.59,43616.592876
1767726000000,137.59,138.08,137.3,137.55,19968.520133
1767729600000,137.56,139.17,137.52,138.97,25714.707859
1767733200000,138.95,141.98,138.68,140.23,64482.341964
1767736800000,140.22,141.01,139.55,140.05,24341.346443
1767740400000,140.04,141.36,140.03,141.08,25948.503038
1767744000000,141.09,141.39,139.76,139.85,24352.284847
1767747600000,139.85,140.63,138.83,138.92,33751.882418
1767751200000,138.91,140.12,138.52,139.96,43102.169531
1767754800000,139.99,140.55,139.37,139.59,23141.683003
1767758400000,139.59,139.72,138.76,138.79,21748.901462
1767762000000,138.8,139.34,138.2,138.52,38693.318811
1767765600000,138.52,139.08,138.48,138.8,15111.409379
1767769200000,138.8,139.44,138.8,139.39,15298.683201
1767772800000,139.4,139.8,139.1,139.41,26069.336909
1767776400000,139.42,139.49,136.58,136.9,87851.463339
1767780000000,136.9,137.73,136.76,137.59,28234.093491
1767783600000,137.59,138.22,137.51,137.94,28692.650366
1767787200000,137.94,138.21,137.62,137.94,14875.937137
1767790800000,137.94,138.51,137.55,138.13,23738.193849
1767794400000,138.14,138.23,136.63,138.03,48118.151049
1767798000000,138.04,138.13,135.27,135.7,103279.167766
1767801600000,135.71,136.66,135.32,135.7,44155.210033
1767805200000,135.72,136.47,135.41,135.6,20661.88302
1767808800000,135.59,135.9,134.77,135.24,53757.650317
1767812400000,135.23,135.98,134.41,135.75,37373.817095
1767816000000,135.75,135.99,135.01,135.8,16786.482213
1767819600000,135.8,136.35,135.67,136.19,10007.366268
1767823200000,136.19,136.87,135.76,136.48,24756.064176
1767826800000,136.48,137.06,135.87,136.39,51077.726611
1767830400000,136.39,136.97,135.99,136.82,23068.867235
1767834000000,136.84,137.42,136.7,136.81,16264.708077
1767837600000,136.82,137.99,136.58,137.91,66598.983853
1767841200000,137.92,138.28,136.59,136.74,32740.331066
1767844800000,136.75,138.31,136.44,137.64,34635.516086
1767848400000,137.66,138.05,136.5,136.64,35615.663345
1767852000000,136.64,136.76,134.72,134.84,71808.754921
1767855600000,134.86,135.98,133.77,135.88,68386.128038
1767859200000,135.88,136.2,135.04,135.1,16789.573739
1767862800000,135.1,135.51,134.34,134.47,28988.766141
1767866400000,134.47,135.43,133.92,135.1,32777.503572
1767870000000,135.1,135.28,134.28,134.78,26484.61408
1767873600000,134.78,134.83,133.72,134.14,25035.131194
1767877200000,134.12,134.58,133.69,134.47,19137.438505
1767880800000,134.46,134.48,132.69,134.03,97204.835761
1767884400000,134.03,136.53,133.38,136.41,68970.53482
1767888000000,136.4,138.2,136.22,138.17,76421.516682
1767891600000,138.18,138.8,137.25,138.73,54778.440541
1767895200000,138.72,139.06,137.9,138.1,35274.265193
1767898800000,138.09,138.4,137.19,137.53,21043.976922
1767902400000,137.51,137.85,136.52,137.7,21802.853053
1767906000000,137.7,139.85,137.7,139.61,34888.945066
1767909600000,139.61,140.04,138.3,138.86,49606.143363
1767913200000,138.86,139.19,138.24,138.37,27651.532742
1767916800000,138.37,139.32,138.28,139.11,20417.595584
1767920400000,139.11,139.59,137.7,138.29,50973.240047
1767924000000,138.27,139.53,138.22,138.95,23862.386054
1767927600000,138.95,141.18,138.91,140.79,51719.393399
1767931200000,140.8,141.07,139.65,139.74,21581.707183
1767934800000,139.75,140.15,139.46,139.92,15499.492097
1767938400000,139.92,140.85,139.64,140.67,23241.544008
1767942000000,140.67,140.7,139.51,139.54,31035.558633
1767945600000,139.56,139.68,137.04,137.95,64740.597228
1767949200000,137.94,139.07,137.91,138.46,35941.684518
1767952800000,138.47,138.99,138.16,138.74,20774.197322
1767956400000,138.73,138.91,138.07,138.27,18950.953821
1767960000000,138.28,138.64,137.58,137.72,17823.102304
1767963600000,137.72,139.44,137.67,138.64,51811.611704
1767967200000,138.65,138.65,136.48,136.88,46812.451435
1767970800000,136.9,140.87,136.22,138.81,112764.927983
1767974400000,138.82,140.24,138.73,139.95,43858.867025
1767978000000,139.96,140.07,137.35,138.46,43893.247564
1767981600000,138.45,138.46,135.81,136.85,55479.586176
1767985200000,136.84,136.84,135.45,135.81,28125.067032
1767988800000,135.8,136.06,134.97,135.63,39751.012332
1767992400000,135.63,136.47,135.41,136.0,21809.568207
1767996000000,136.01,136.23,135.57,136.17,17226.730536
1767999600000,136.16,136.46,135.8,135.98,22565.999758
1768003200000,135.98,136.13,135.71,135.91,9584.278046
1768006800000,135.91,136.5,135.8,136.49,14770.887793
1768010400000,136.49,136.69,135.94,136.4,13708.732247
1768014000000,136.41,136.41,135.93,136.16,8861.020185
1768017600000,136.16,136.19,135.76,135.86,8237.024962
1768021200000,135.86,136.35,135.76,135.96,8083.977094
1768024800000,135.96,136.26,135.77,136.01,13441.485577
1768028400000,136.01,136.27,135.97,136.11,6088.684627
1768032000000,136.11,136.46,136.01,136.22,11541.709008
1768035600000,136.23,136.64,136.09,136.63,8856.131796
1768039200000,136.64,137.04,136.42,137.0,13037.352424
1768042800000,136.99,136.99,136.41,136.6,9507.375488
1768046400000,136.6,137.02,136.55,136.65,9982.921899
1768050000000,136.63,136.65,136.1,136.36,8798.863923
1768053600000,136.35,136.48,136.01,136.16,7866.616823
1768057200000,136.16,136.54,136.09,136.43,7138.011174
1768060800000,136.43,136.64,136.18,136.44,4269.727186
1768064400000,136.44,136.7,136.13,136.15,7180.906196
1768068000000,136.16,136.33,135.91,136.16,11170.000198
1768071600000,136.17,136.28,135.96,136.23,9923.142678
1768075200000,136.23,136.3,136.0,136.1,3179.308439
1768078800000,136.09,136.18,135.74,135.77,9159.811252
1768082400000,135.77,135.94,135.4,135.59,19078.502602
1768086000000,135.59,136.07,135.53,135.86,11196.197369
1768089600000,135.87,136.45,135.76,136.39,8940.057823
1768093200000,136.4,136.5,136.09,136.29,8437.141659
1768096800000,136.3,136.46,135.96,136.02,9026.321176
1768100400000,136.02,136.34,135.85,136.25,11430.195191
1768104000000,136.27,136.4,135.99,136.21,15587.614188
1768107600000,136.21,136.41,136.0,136.28,10588.132629
1768111200000,136.28,136.4,135.88,136.17,11609.10797
1768114800000,136.17,136.26,135.99,136.2,10233.440697
1768118400000,136.2,136.89,136.11,136.75,18951.174076
1768122000000,136.76,136.8,136.35,136.47,11140.533623
1768125600000,136.48,136.72,136.29,136.57,9133.945569
1768129200000,136.57,136.78,136.48,136.56,4189.765003
1768132800000,136.56,137.27,136.5,137.09,14339.66084
1768136400000,137.1,137.35,136.93,137.25,16634.321121
1768140000000,137.25,139.43,137.24,139.22,46237.46333
1768143600000,139.23,139.58,137.84,138.43,48385.55827
1768147200000,138.44,141.59,138.44,140.02,115003.713652
1768150800000,140.03,140.22,138.76,139.67,30176.167425
1768154400000,139.67,140.2,139.14,140.04,21163.564316
1768158000000,140.03,140.16,139.07,139.45,24058.877787
1768161600000,139.44,139.44,137.98,138.55,34074.701993
1768165200000,138.55,138.94,137.99,138.7,14323.159802
1768168800000,138.7,138.7,137.73,138.19,17977.395704
1768172400000,138.2,139.75,137.53,139.69,42123.493556
1768176000000,139.69,141.33,138.9,141.3,62427.900259
1768179600000,141.3,141.97,140.71,141.02,61753.292401
1768183200000,141.03,142.75,140.93,142.4,55419.804311
1768186800000,142.41,144.38,142.4,142.53,79317.720145
1768190400000,142.55,143.07,142.44,142.76,26559.7802
1768194000000,142.76,143.21,142.5,142.79,15961.419405
1768197600000,142.79,143.33,141.86,142.01,34405.486062
1768201200000,142.01,142.45,141.36,141.41,32282.234141
1768204800000,141.41,142.04,139.05,140.08,68912.287221
1768208400000,140.08,140.29,139.16,139.58,41380.297454
1768212000000,139.59,140.2,139.06,139.26,20733.595585
1768215600000,139.26,140.17,139.18,140.01,15324.939886
1768219200000,140.02,140.31,139.68,139.76,15910.259271
1768222800000,139.77,140.14,139.36,139.77,21812.395273
1768226400000,139.77,140.82,138.71,140.46,57615.836399
1768230000000,140.44,142.75,140.05,142.59,77258.159051
1768233600000,142.58,144.25,142.09,142.96,76619.19296
1768237200000,142.96,143.69,141.16,141.94,46774.684067
1768240800000,141.94,142.85,140.5,141.22,47326.874516
1768244400000,141.22,141.49,140.65,140.97,26899.273762
1768248000000,141.01,141.84,140.0,140.26,30228.53943
1768251600000,140.21,140.24,138.34,138.79,42579.721682
1768255200000,138.81,139.83,138.78,139.17,27172.637554
1768258800000,139.17,139.51,138.67,139.23,22062.438274
1768262400000,139.23,139.42,138.72,139.29,29778.237687
1768266000000,139.29,139.57,138.49,138.9,33635.747499
1768269600000,138.9,139.31,138.14,138.38,64066.601566
1768273200000,138.38,138.8,137.86,138.76,53553.885062
1768276800000,138.75,139.17,138.4,139.14,22963.775763
1768280400000,139.14,140.52,138.82,139.95,53825.770348
1768284000000,139.95,140.75,139.84,140.6,21489.189047
1768287600000,140.63,140.69,139.97,139.97,16113.660008
1768291200000,139.96,141.82,139.96,141.6,29144.190559
1768294800000,141.58,143.1,141.23,141.93,62499.406658
1768298400000,141.94,142.64,141.7,142.08,34807.210037
1768302000000,142.08,142.25,141.53,141.85,21592.90294
1768305600000,141.85,142.37,141.42,142.25,38029.242238
1768309200000,142.24,143.5,141.81,142.45,98026.11215
1768312800000,142.45,143.82,141.69,142.06,69818.045449
1768316400000,142.05,143.53,141.24,143.51,58896.049699
1768320000000,143.49,144.53,142.87,143.17,61587.815307
1768323600000,143.17,143.61,142.45,142.89,32436.144602
1768327200000,142.88,143.88,142.68,143.47,21343.797058
1768330800000,143.48,144.43,143.08,144.24,35165.740347
1768334400000,144.25,144.43,143.04,143.82,25808.851742
1768338000000,143.84,144.29,143.38,143.39,23105.877578
1768341600000,143.39,148.71,143.39,146.96,223848.726114
1768345200000,146.97,147.6,144.65,145.53,73573.683614
1768348800000,145.53,145.87,144.35,145.06,60596.955204
1768352400000,145.05,146.19,144.93,145.66,43282.695118
1768356000000,145.7,146.58,145.32,145.5,43005.452745
1768359600000,145.49,146.38,145.17,146.29,26457.694292
1768363200000,146.29,146.45,144.83,144.94,39381.087641
1768366800000,144.93,145.22,144.38,144.48,27323.7327
1768370400000,144.48,144.73,143.95,144.71,25150.199254
1768374000000,144.72,145.09,144.18,144.86,22232.652132
1768377600000,144.87,145.19,144.65,144.91,15871.485109
1768381200000,144.92,145.61,144.88,145.5,14532.288516
1768384800000,145.51,145.76,144.55,144.74,19742.095093
1768388400000,144.74,144.74,143.55,143.77,30418.094947
1768392000000,143.76,144.77,143.39,144.58,23808.201281
1768395600000,144.59,144.92,144.08,144.25,18836.196728
1768399200000,144.24,147.55,144.24,146.64,69785.570753
1768402800000,146.64,147.54,145.93,147.07,68808.930317
1768406400000,147.08,148.42,146.84,147.08,79097.39666
1768410000000,147.08,147.65,145.72,145.98,43567.656115
1768413600000,145.98,147.43,145.35,146.35,36066.945914
1768417200000,146.34,147.58,146.13,146.77,34445.527062
1768420800000,146.78,147.74,146.54,147.57,62648.37545
1768424400000,147.56,147.56,146.29,146.94,19755.723435
1768428000000,146.91,147.16,145.83,146.18,20910.775026
1768431600000,146.19,147.1,146.06,146.7,20614.36465
1768435200000,146.69,146.72,145.49,146.04,27307.008177
1768438800000,146.05,146.5,144.81,145.16,34269.610321
1768442400000,145.16,145.54,144.31,144.53,37467.292068
1768446000000,144.54,144.71,143.24,143.5,49356.626091
1768449600000,143.48,144.48,143.32,144.47,21796.786729
1768453200000,144.46,144.85,144.32,144.61,18135.133204
1768456800000,144.59,144.87,144.06,144.2,17143.045019
1768460400000,144.21,145.28,144.1,145.01,17445.450853
1768464000000,145.01,145.24,144.0,144.88,30357.171931
1768467600000,144.86,145.99,144.48,145.61,30879.671729
1768471200000,145.62,145.67,145.22,145.42,16338.70187
1768474800000,145.42,145.67,144.81,144.85,41631.948938
1768478400000,144.84,145.06,144.33,144.92,19543.339565
1768482000000,144.88,145.34,144.51,145.2,19445.517303
1768485600000,145.2,145.65,143.25,143.95,47570.502171
1768489200000,143.93,144.36,141.81,143.52,97024.408416
1768492800000,143.51,144.01,142.8,143.53,27111.241801
1768496400000,143.54,144.19,142.49,142.65,26656.731484
1768500000000,142.67,143.03,141.44,141.56,30040.812004
1768503600000,141.56,141.85,140.79,141.53,33004.287342
1768507200000,141.53,141.91,141.03,141.42,16961.754966
1768510800000,141.46,142.28,141.31,142.11,7909.516312
1768514400000,142.11,142.58,142.0,142.42,10481.864923
1768518000000,142.39,142.68,142.09,142.42,8963.343987
1768521600000,142.42,142.83,142.25,142.46,11665.217458
1768525200000,142.47,142.73,142.0,142.36,8242.144799
1768528800000,142.37,142.37,141.7,142.21,11889.692656
1768532400000,142.22,142.48,141.87,141.95,7543.666411
1768536000000,141.96,142.73,141.41,141.68,23858.12631
1768539600000,141.67,143.58,141.48,143.17,45269.319231
1768543200000,143.18,143.39,142.73,143.33,15490.696341
1768546800000,143.32,143.33,142.62,142.94,13857.153875
1768550400000,142.94,143.46,142.92,143.16,15492.978145
1768554000000,143.14,143.45,142.89,143.05,12809.279244
1768557600000,143.04,143.16,142.7,143.1,9510.510114
1768561200000,143.1,143.53,142.8,143.13,15357.862566
1768564800000,143.12,143.84,143.09,143.67,29022.671319
1768568400000,143.66,143.66,142.68,143.07,13821.082607
1768572000000,143.08,143.73,142.7,143.02,27356.25439
1768575600000,143.01,143.68,140.27,140.78,70219.065463
1768579200000,140.79,142.0,140.66,141.92,32447.902363
1768582800000,141.93,143.39,141.42,143.31,28872.281622
1768586400000,143.32,144.18,143.0,143.52,25126.861176
1768590000000,143.52,144.52,143.0,144.18,17073.144984
1768593600000,144.17,145.0,143.49,144.96,18249.650542
1768597200000,144.97,145.59,144.7,145.03,29371.365835
1768600800000,145.05,145.15,144.61,144.94,24199.888732
1768604400000,144.94,145.2,144.74,144.92,11198.673632
1768608000000,144.92,145.0,144.19,144.3,18644.243708
1768611600000,144.32,144.8,144.21,144.65,26743.270855
1768615200000,144.65,144.67,144.24,144.57,8667.400833
1768618800000,144.57,144.61,144.22,144.36,7705.784952
1768622400000,144.36,144.48,144.22,144.32,6800.036622
1768626000000,144.32,144.35,143.92,143.96,9979.532743
1768629600000,143.95,144.08,143.74,143.84,11444.164334
1768633200000,143.84,143.96,143.64,143.64,7835.396216
1768636800000,143.64,144.25,143.6,144.2,13736.753798
1768640400000,144.2,144.64,143.98,144.45,14185.258937
1768644000000,144.45,144.63,143.92,143.97,15529.989697
1768647600000,143.96,144.18,143.33,144.0,29106.484127
1768651200000,144.0,144.07,143.66,143.76,10270.358395
1768654800000,143.75,144.05,143.59,144.01,18478.462615
1768658400000,144.0,144.25,143.74,143.93,17672.439424
1768662000000,143.93,144.35,143.69,144.33,22780.383314
1768665600000,144.32,144.32,143.66,143.88,22263.89817
1768669200000,143.88,144.25,143.83,144.08,6750.269679
1768672800000,144.08,144.29,143.99,144.27,4248.276256
1768676400000,144.28,144.53,144.12,144.27,13669.400195
1768680000000,144.26,144.57,144.2,144.5,6212.236669
1768683600000,144.49,144.58,144.22,144.26,7041.369983
1768687200000,144.26,144.26,143.51,143.76,16491.21828
1768690800000,143.76,144.07,143.66,143.7,11217.415633
1768694400000,143.73,143.99,143.11,143.24,30884.536174
1768698000000,143.25,143.4,142.11,142.79,45364.231833
1768701600000,142.78,143.06,141.99,142.57,25444.838694
1768705200000,142.57,142.94,142.39,142.83,9453.176672
1768708800000,142.83,142.94,142.56,142.84,9078.007273
1768712400000,142.85,142.98,142.57,142.86,6856.691028
1768716000000,142.86,143.03,142.51,142.7,12820.380658
1768719600000,142.7,142.72,142.06,142.14,12819.254782
1768723200000,142.14,142.48,141.95,142.46,20500.787848
1768726800000,142.45,142.66,142.34,142.54,8628.389837
1768730400000,142.55,142.56,142.17,142.43,9779.00777
1768734000000,142.43,142.52,142.21,142.43,11199.627736
1768737600000,142.42,142.53,142.2,142.24,6200.396915
1768741200000,142.25,142.53,142.0,142.4,16101.981946
1768744800000,142.39,142.78,141.66,141.74,22730.804217
1768748400000,141.73,142.15,141.51,142.0,13635.236988
1768752000000,142.0,142.25,141.76,142.04,13431.690932
1768755600000,142.04,142.48,141.87,142.39,21390.910952
1768759200000,142.38,142.93,142.09,142.76,13847.850086
1768762800000,142.77,143.24,142.12,142.28,13055.033007
1768766400000,142.28,142.56,141.95,142.48,8711.703089
1768770000000,142.48,142.78,142.41,142.67,2919.904941
1768773600000,142.67,143.03,142.46,142.88,15577.99468
1768777200000,142.86,142.86,137.77,137.88,133404.654551
1768780800000,137.87,137.87,130.0,133.77,559332.256997
1768784400000,133.76,134.47,133.44,133.81,59612.222042
1768788000000,133.82,134.12,133.48,133.83,30941.053796
1768791600000,133.83,134.13,133.62,133.93,26047.821222
1768795200000,133.94,134.1,133.55,133.71,20320.784937
1768798800000,133.71,133.99,133.35,133.35,45687.988898
1768802400000,133.36,133.44,132.71,133.28,26171.593444
1768806000000,133.28,133.56,133.2,133.46,16174.018285
1768809600000,133.46,134.06,133.29,133.87,32040.186232
1768813200000,133.87,134.04,133.55,133.75,16188.94328
1768816800000,133.75,133.85,133.53,133.8,10443.351353
1768820400000,133.81,134.37,133.63,134.12,17753.928599
1768824000000,134.12,134.19,133.71,134.13,15279.446339
1768827600000,134.12,134.13,133.58,133.72,13837.64829
1768831200000,133.73,133.78,133.28,133.51,15106.088133
1768834800000,133.51,133.96,133.44,133.54,24399.492462
1768838400000,133.54,134.64,133.48,134.46,16906.663712
1768842000000,134.46,134.53,134.08,134.28,16751.253592
1768845600000,134.29,134.41,133.88,134.27,9012.01425
1768849200000,134.26,134.7,134.17,134.45,12817.590946
1768852800000,134.44,135.15,134.44,134.69,17328.07659
1768856400000,134.7,134.97,134.07,134.09,7475.648156
1768860000000,134.09,134.21,132.93,132.96,24001.475315
1768863600000,132.96,133.91,132.74,133.46,25123.257264
1768867200000,133.46,133.94,133.08,133.73,20207.811576
1768870800000,133.73,134.27,133.3,133.87,10237.773929
1768874400000,133.89,134.15,133.37,133.86,15802.167767
1768878000000,133.86,134.63,133.52,134.26,33685.640174
1768881600000,134.26,134.27,133.23,133.43,24637.152082
1768885200000,133.42,133.54,132.41,133.04,38573.093223
1768888800000,133.03,133.03,131.01,131.23,68075.969058
1768892400000,131.25,131.79,130.58,130.64,36871.536815
1768896000000,130.64,130.82,128.38,129.13,147847.626731
1768899600000,129.12,129.21,128.57,128.92,32354.5962
1768903200000,128.93,129.36,128.77,128.92,21952.277808
1768906800000,128.92,129.48,128.72,128.81,34028.191071
1768910400000,128.81,129.47,128.74,129.35,20059.113901
1768914000000,129.34,129.37,128.4,128.45,28798.581991
1768917600000,128.44,129.78,127.97,128.89,82294.13123
1768921200000,128.88,128.97,127.25,127.86,68354.020674
1768924800000,127.86,128.58,126.31,127.08,58227.111952
1768928400000,127.07,127.97,126.38,126.98,38723.640211
1768932000000,126.98,127.72,126.86,127.0,25318.549192
1768935600000,126.98,127.52,126.6,127.24,15393.963471
1768939200000,127.24,128.09,127.0,127.84,26967.988369
1768942800000,127.84,127.97,126.98,126.99,7866.448864
1768946400000,126.99,127.5,124.67,126.09,56428.598668
1768950000000,126.1,126.51,125.63,125.8,23480.662502
1768953600000,125.81,127.5,125.75,127.31,26046.027305
1768957200000,127.32,127.85,127.21,127.38,20806.413527
1768960800000,127.37,127.8,126.78,126.94,15492.635911
1768964400000,126.94,127.85,126.88,127.61,15805.319587
1768968000000,127.61,128.03,127.45,127.77,13169.75246
1768971600000,127.77,128.75,127.74,128.51,24027.099383
1768975200000,128.51,128.63,128.02,128.25,12016.737579
1768978800000,128.24,128.46,127.52,127.6,15005.80313
1768982400000,127.61,127.7,127.01,127.17,20682.306427
1768986000000,127.17,127.78,127.06,127.48,20542.270419
1768989600000,127.47,128.19,127.42,127.73,13717.685955
1768993200000,127.74,127.92,126.81,126.94,26214.43473
1768996800000,126.94,127.46,126.17,127.42,30105.168995
1769000400000,127.43,127.64,126.83,127.11,24967.65598
1769004000000,127.1,129.76,126.98,129.56,83469.370661
1769007600000,129.55,131.19,129.38,130.44,59723.526114
1769011200000,130.44,130.47,125.52,125.59,92557.789508
1769014800000,125.57,127.04,125.26,126.92,48587.36713
1769018400000,126.91,127.86,126.36,127.62,32298.263212
1769022000000,127.63,131.68,127.2,131.49,92591.245635
1769025600000,131.49,131.65,130.02,131.15,36319.366766
1769029200000,131.15,132.15,130.75,131.06,29891.657053
1769032800000,131.07,131.75,130.59,130.6,19670.859445
1769036400000,130.6,131.05,129.18,129.53,21459.826721
1769040000000,129.55,130.35,129.55,129.99,15370.431513
1769043600000,130.0,130.61,129.91,130.25,16136.703212
1769047200000,130.25,130.61,129.75,129.8,12455.166617
1769050800000,129.81,130.29,129.57,129.85,10521.593482
1769054400000,129.85,130.47,129.81,130.34,9006.473484
1769058000000,130.35,130.44,129.96,130.11,7202.688074
1769061600000,130.12,130.43,129.74,130.34,9779.313147
1769065200000,130.35,130.43,129.76,129.79,16261.756312
1769068800000,129.8,130.11,129.33,129.94,15683.075868
1769072400000,129.94,130.26,129.6,130.16,15662.581099
1769076000000,130.16,130.41,130.01,130.18,9914.828031
1769079600000,130.17,130.34,129.72,130.11,12060.363001
1769083200000,130.11,130.44,129.99,130.09,10032.629452
1769086800000,130.09,130.95,129.11,129.37,27492.177363
1769090400000,129.37,129.51,127.85,127.93,48071.796876
1769094000000,127.92,128.56,126.75,127.42,58360.711391
1769097600000,127.42,128.29,126.93,127.92,39857.172554
1769101200000,127.91,128.83,127.57,128.71,32098.839557
1769104800000,128.71,128.82,127.65,127.76,20763.900746
1769108400000,127.76,129.38,127.49,129.26,60791.881389
1769112000000,129.25,129.76,128.34,128.48,28813.83336
1769115600000,128.49,129.06,128.21,128.32,16884.303148
1769119200000,128.32,128.77,128.03,128.72,14441.076569
1769122800000,128.7,128.73,128.13,128.48,7750.473758
1769126400000,128.49,128.51,128.09,128.35,6932.295853
1769130000000,128.36,128.93,128.29,128.91,10891.816654
1769133600000,128.91,128.97,128.21,128.21,10502.218001
1769137200000,128.22,128.75,128.16,128.74,17517.615669
1769140800000,128.74,129.28,128.61,129.11,36883.66234
1769144400000,129.11,129.11,128.37,128.68,19848.708824
1769148000000,128.68,129.13,127.25,127.5,29985.476151
1769151600000,127.5,128.09,127.5,127.9,19164.340232
1769155200000,127.91,128.0,127.0,127.13,15386.287838
1769158800000,127.13,127.39,126.95,127.09,22209.356308
1769162400000,127.09,127.49,127.02,127.3,14986.468785
1769166000000,127.3,127.76,127.25,127.54,11062.615497
1769169600000,127.54,127.54,127.17,127.2,14396.501464
1769173200000,127.19,127.44,126.77,126.83,21945.827569
1769176800000,126.84,127.37,125.29,126.13,51197.582269
1769180400000,126.14,128.12,125.53,127.92,31487.080955
1769184000000,127.92,129.21,127.47,128.45,69723.367032
1769187600000,128.45,130.2,127.89,128.43,54702.89923
1769191200000,128.43,129.56,128.26,129.04,29001.703396
1769194800000,129.06,129.15,127.79,128.07,44766.63443
1769198400000,128.1,128.26,126.54,126.98,38144.275656
1769202000000,126.97,127.56,126.91,127.14,9832.14432
1769205600000,127.13,127.9,127.12,127.66,9082.469336
1769209200000,127.66,127.66,127.28,127.44,13675.904111
1769212800000,127.44,127.74,127.38,127.42,10369.329933
1769216400000,127.41,127.58,127.29,127.56,7521.301433
1769220000000,127.56,127.8,127.5,127.72,5603.917037
1769223600000,127.72,128.12,127.6,127.9,9332.422898
1769227200000,127.91,128.1,127.69,127.85,6771.599648
1769230800000,127.86,127.88,127.64,127.82,6090.835031
1769234400000,127.82,127.84,127.55,127.66,4361.368017
1769238000000,127.66,127.68,127.04,127.13,15000.717448
1769241600000,127.13,127.4,127.0,127.36,13107.657125
1769245200000,127.35,127.37,127.01,127.11,6211.109386
1769248800000,127.11,127.27,126.95,127.2,5685.998298
1769252400000,127.2,127.4,127.11,127.18,5885.160058
1769256000000,127.17,127.4,127.09,127.31,8100.93906
1769259600000,127.3,127.31,126.95,126.95,12205.625202
1769263200000,126.96,127.28,126.83,127.18,11000.053476
1769266800000,127.18,127.43,126.81,126.85,17656.22692
1769270400000,126.86,127.13,126.66,127.02,11230.861826
1769274000000,127.03,127.3,126.97,127.25,6037.81922
1769277600000,127.26,127.47,127.16,127.39,7138.476794
1769281200000,127.39,127.5,127.24,127.3,14466.520996
1769284800000,127.31,127.51,127.27,127.3,3332.561118
1769288400000,127.3,127.35,127.11,127.15,5132.872087
1769292000000,127.15,127.72,127.15,127.65,17912.847629
1769295600000,127.66,127.76,127.18,127.2,6501.178759
1769299200000,127.21,127.46,126.83,127.33,20682.325059
1769302800000,127.34,127.43,126.97,127.15,8485.621361
1769306400000,127.15,127.43,126.95,127.06,6919.083683
1769310000000,127.06,127.14,126.35,126.65,20126.300732
1769313600000,126.65,127.01,126.54,126.79,12713.208328
1769317200000,126.79,126.96,126.61,126.93,9048.893431
1769320800000,126.94,126.94,126.44,126.72,8815.255185
1769324400000,126.72,126.72,126.37,126.48,7348.744958
1769328000000,126.48,126.82,125.99,126.23,20673.137645
1769331600000,126.24,126.89,126.11,126.7,15708.460029
1769335200000,126.71,127.19,126.61,126.95,13597.345655
1769338800000,126.94,126.98,126.56,126.77,7612.970508
1769342400000,126.77,127.04,126.58,127.04,16259.609052
1769346000000,127.03,127.12,126.45,126.97,13692.96042
1769349600000,126.97,126.99,125.69,126.1,22022.173968
1769353200000,126.09,126.31,125.48,125.59,21758.218402
1769356800000,125.59,125.59,122.2,122.8,193758.799981
1769360400000,122.77,123.0,121.61,122.22,58208.362579
1769364000000,122.23,122.32,120.73,121.69,98960.172046
1769367600000,121.7,121.85,117.16,117.97,220605.869235
1769371200000,117.96,118.7,117.45,118.34,141927.087797
1769374800000,118.33,118.97,117.6,118.84,98813.980151
1769378400000,118.84,118.84,117.9,118.43,33773.818742
1769382000000,118.43,119.43,117.5,118.86,74754.872584
1769385600000,118.86,119.8,118.56,119.65,49334.983433
1769389200000,119.65,122.76,119.59,122.39,73941.704695
1769392800000,122.43,122.68,121.28,122.04,32782.564833
1769396400000,122.05,122.33,121.12,121.56,26667.800349
1769400000000,121.57,123.58,121.57,122.58,36375.559298
1769403600000,122.58,122.88,122.42,122.48,15726.354166
1769407200000,122.48,122.78,122.19,122.48,20456.6854
1769410800000,122.48,123.01,122.22,122.91,30375.935234
1769414400000,122.9,123.58,122.27,122.7,46910.65212
1769418000000,122.7,122.74,121.7,121.95,30673.694158
1769421600000,121.95,122.69,121.92,122.46,20501.607128
1769425200000,122.46,122.69,122.41,122.51,9231.922357
1769428800000,122.51,122.97,122.37,122.69,18116.310605
1769432400000,122.69,123.28,122.55,123.15,20824.750913
1769436000000,123.15,124.29,122.67,123.79,83791.156665
1769439600000,123.79,125.23,123.06,123.53,89702.938404
1769443200000,123.54,124.86,123.19,124.3,92849.789327
1769446800000,124.3,124.66,123.05,124.28,40559.906514
1769450400000,124.29,125.6,123.98,124.91,63588.241404
1769454000000,124.92,125.15,124.18,124.33,21343.298625
1769457600000,124.33,124.46,123.41,123.68,19561.462147
1769461200000,123.7,124.8,123.53,124.53,22045.062344
1769464800000,124.53,124.87,124.26,124.54,17793.631321
1769468400000,124.53,124.86,124.13,124.24,20703.203818
1769472000000,124.24,124.4,123.87,124.09,11322.27282
1769475600000,124.09,124.57,123.74,124.35,16625.872649
1769479200000,124.36,125.12,124.35,125.05,22423.199225
1769482800000,125.03,125.17,124.42,124.52,32343.592088
1769486400000,124.51,125.14,124.27,124.42,12666.366924
1769490000000,124.43,124.53,124.16,124.48,15231.570703
1769493600000,124.49,124.73,124.01,124.22,13132.284518
1769497200000,124.22,124.64,124.11,124.51,14335.628066
1769500800000,124.51,124.79,124.05,124.09,21997.457784
1769504400000,124.09,124.1,123.6,123.75,24939.315708
1769508000000,123.75,124.16,123.7,123.71,11236.117937
1769511600000,123.72,124.28,123.63,124.14,10598.174509
1769515200000,124.13,124.37,123.85,123.89,12598.210656
1769518800000,123.9,123.94,123.14,123.21,17155.598804
1769522400000,123.21,124.62,123.19,123.65,53171.620436
1769526000000,123.67,125.05,123.46,125.02,32602.092767
1769529600000,125.02,126.8,124.99,126.32,78232.466278
1769533200000,126.31,126.34,123.57,124.05,52574.769529
1769536800000,124.05,126.3,123.84,125.81,49573.394152
1769540400000,125.83,126.27,125.43,125.85,21810.296225
1769544000000,125.85,127.53,125.73,127.37,45250.40019
1769547600000,127.37,127.84,126.93,127.06,31583.622983
1769551200000,127.07,127.8,126.99,127.6,18275.794147
1769554800000,127.62,127.66,127.12,127.18,13436.700494
1769558400000,127.18,127.3,126.65,127.25,19232.336862
1769562000000,127.26,127.51,126.72,127.09,15356.595096
1769565600000,127.1,127.42,126.71,127.07,30515.277323
1769569200000,127.08,127.25,126.72,126.97,7908.805461
1769572800000,126.97,127.05,126.47,126.84,16093.952006
1769576400000,126.84,126.99,126.39,126.75,19572.474202
1769580000000,126.75,127.52,126.75,127.41,18976.834266
1769583600000,127.4,127.52,126.95,127.09,7611.541864
1769587200000,127.1,127.27,126.66,126.68,13351.319055
1769590800000,126.69,127.61,125.98,127.6,39546.26374
1769594400000,127.6,128.13,127.31,127.32,42814.618561
1769598000000,127.32,128.33,127.18,128.19,21270.51261
1769601600000,128.15,128.23,127.05,127.26,27033.065717
1769605200000,127.26,127.87,126.87,127.35,34561.049913
1769608800000,127.34,127.36,126.49,126.87,33034.613658
1769612400000,126.86,127.15,125.52,126.08,52470.280225
1769616000000,126.08,126.65,125.6,126.09,20850.811478
1769619600000,126.1,127.03,125.28,126.52,41661.618525
1769623200000,126.54,126.54,125.68,126.09,19966.553949
1769626800000,126.07,126.69,125.33,126.02,35065.937598
1769630400000,126.01,126.67,125.33,125.43,41319.50219
1769634000000,125.43,125.85,124.8,125.49,29862.052714
1769637600000,125.5,125.86,125.17,125.73,12236.336122
1769641200000,125.74,125.79,125.07,125.36,17332.80983
1769644800000,125.36,125.5,124.57,125.11,15347.581457
1769648400000,125.12,125.23,124.12,124.33,23882.447127
1769652000000,124.34,124.78,123.13,123.53,78602.779814
1769655600000,123.53,123.75,122.68,123.07,39703.530799
1769659200000,123.07,123.5,122.5,123.46,22072.557216
1769662800000,123.46,123.83,123.16,123.26,19292.515141
1769666400000,123.27,123.81,123.11,123.73,25100.791657
1769670000000,123.73,123.99,123.66,123.79,11353.139436
1769673600000,123.79,123.96,123.19,123.3,17328.938031
1769677200000,123.29,123.39,123.0,123.05,10258.007819
1769680800000,123.05,123.3,122.93,123.24,9638.451587
1769684400000,123.23,123.3,122.7,122.77,26735.421836
1769688000000,122.77,123.2,122.43,122.86,13849.799295
1769691600000,122.85,123.16,122.65,122.91,9120.883949
1769695200000,122.92,123.09,120.37,120.38,85799.481061
1769698800000,120.42,120.47,116.12,117.7,325696.157016
1769702400000,117.69,118.98,116.76,118.96,111521.88309
1769706000000,118.96,119.98,117.71,117.91,67587.220092
1769709600000,117.93,118.18,115.38,115.76,187191.377353
1769713200000,115.77,117.24,115.43,116.83,86115.835969
1769716800000,116.83,117.48,116.57,116.96,46057.080008
1769720400000,116.98,117.75,116.94,117.48,34724.841765
1769724000000,117.49,117.82,117.34,117.58,27309.566283
1769727600000,117.59,117.92,117.28,117.81,28598.278381
1769731200000,117.82,118.24,117.49,117.64,43277.199281
1769734800000,117.65,117.9,111.9,115.22,420975.937231
1769738400000,115.22,115.37,112.78,114.13,103827.578988
1769742000000,114.13,114.65,113.55,114.42,71036.818396
1769745600000,114.42,115.81,114.28,115.57,51653.448085
1769749200000,115.58,116.1,115.44,115.48,24248.499789
1769752800000,115.47,115.47,113.01,113.87,53536.213823
1769756400000,113.87,116.14,113.87,115.79,59683.427029
1769760000000,115.79,116.17,115.16,115.4,24546.765628
1769763600000,115.42,116.04,114.67,115.38,43934.622515
1769767200000,115.37,115.99,115.11,115.93,27055.672177
1769770800000,115.92,117.28,115.79,117.09,35353.907238
1769774400000,117.08,117.34,115.96,116.29,34570.188747
1769778000000,116.27,116.39,115.16,115.81,51469.546068
1769781600000,115.81,117.77,115.8,116.36,67537.548882
1769785200000,116.37,117.13,114.58,116.84,95734.07624
1769788800000,116.8,118.0,116.23,117.13,69221.531506
1769792400000,117.14,117.96,116.55,116.66,42440.303194
1769796000000,116.65,118.59,114.35,118.1,130279.455
1769799600000,118.1,119.12,118.1,118.28,90897.831405
1769803200000,118.28,118.46,116.54,117.01,103870.672754
1769806800000,117.0,118.02,116.85,117.39,43342.344007
1769810400000,117.39,117.56,116.58,117.39,18891.951206
1769814000000,117.38,117.64,116.9,117.6,16932.581321
1769817600000,117.61,117.99,117.4,117.55,22880.932193
1769821200000,117.55,118.38,117.54,118.18,19585.832969
1769824800000,118.18,118.54,117.61,118.32,18736.373749
1769828400000,118.32,118.63,118.18,118.39,13482.975153
1769832000000,118.39,118.85,118.27,118.45,14322.442662
1769835600000,118.45,118.77,118.02,118.62,18787.792496
1769839200000,118.63,118.79,117.9,118.56,23291.926134
1769842800000,118.56,118.61,117.21,117.39,25855.850575
1769846400000,117.4,117.55,114.29,115.62,182514.201827
1769850000000,115.63,116.83,115.4,116.35,26152.70575
1769853600000,116.36,116.93,116.06,116.79,17171.594472
1769857200000,116.8,116.8,115.98,116.06,27020.006645
1769860800000,116.06,116.19,115.04,115.19,38503.108743
1769864400000,115.21,115.22,113.62,114.17,54015.744354
1769868000000,114.15,114.43,108.24,109.14,400310.534405
1769871600000,109.13,110.21,108.41,108.67,112405.974415
1769875200000,108.67,109.84,105.62,106.29,244731.211356
1769878800000,106.28,106.71,100.25,103.32,596161.453842
1769882400000,103.32,103.9,96.42,101.93,480014.334443
1769886000000,101.93,103.46,101.5,101.76,192430.205151
1769889600000,101.77,102.55,100.39,101.99,105088.392992
1769893200000,101.98,103.77,101.32,103.48,149969.252695
1769896800000,103.49,104.36,103.3,104.12,104530.960208
1769900400000,104.1,106.53,103.85,105.55,158994.824483
1769904000000,105.55,106.41,105.3,105.66,61118.411529
1769907600000,105.66,105.79,104.21,104.98,59999.251629
1769911200000,104.99,105.96,104.77,105.55,47998.890622
1769914800000,105.55,105.69,104.54,104.97,21742.290949
1769918400000,104.97,105.5,104.79,105.2,22331.627409
1769922000000,105.2,105.68,104.48,104.68,29085.585616
1769925600000,104.68,105.43,104.52,105.08,28563.751937
1769929200000,105.08,106.0,103.96,105.21,50590.026383
1769932800000,105.21,106.05,104.8,105.52,38378.367711
1769936400000,105.53,105.94,104.97,105.8,28832.840956
1769940000000,105.8,105.85,103.61,103.76,43641.572089
1769943600000,103.76,105.4,103.74,105.03,27937.256741
1769947200000,105.03,105.18,104.12,105.05,29299.849078
1769950800000,105.05,106.68,104.09,104.47,55206.116646
1769954400000,104.43,104.8,101.75,102.94,140638.624014
1769958000000,102.96,102.96,100.22,101.69,114297.433123
1769961600000,101.71,102.88,100.94,101.74,90381.926651
1769965200000,101.74,102.49,101.15,102.45,36259.134731
1769968800000,102.46,104.27,102.44,103.45,63718.555626
1769972400000,103.45,103.77,101.57,101.97,37214.669092
1769976000000,101.96,102.85,100.21,101.59,61367.146273
1769979600000,101.59,101.71,100.14,100.87,59228.686825
1769983200000,100.87,102.86,100.84,101.8,51843.538164
1769986800000,101.79,102.05,98.02,100.78,179074.944138
1769990400000,100.78,102.92,99.67,102.3,133429.136738
1769994000000,102.3,103.13,100.44,102.1,64030.960626
1769997600000,102.11,102.72,100.61,100.77,52867.100549
1770001200000,100.77,100.89,95.94,100.07,311226.07574
1770004800000,100.09,101.78,98.66,100.32,82999.136401
1770008400000,100.32,100.45,97.68,98.31,83400.553053
1770012000000,98.3,101.39,97.08,100.71,169923.527492
1770015600000,100.72,102.44,100.46,101.43,91801.228991
1770019200000,101.44,102.48,101.4,101.71,56396.048606
1770022800000,101.71,103.21,101.43,102.8,78271.819916
1770026400000,102.81,103.47,102.64,102.9,95233.447762
1770030000000,102.9,103.43,102.66,102.79,28988.981212
1770033600000,102.79,103.77,102.79,103.3,27043.66671
1770037200000,103.28,103.7,102.84,103.34,31524.753859
1770040800000,103.33,105.14,102.43,103.98,114037.912851
1770044400000,103.97,106.12,103.59,104.7,92888.243291
1770048000000,104.7,105.75,104.29,105.01,42734.606445
1770051600000,105.0,105.6,104.45,104.82,35820.92186
1770055200000,104.81,105.02,103.87,104.73,34983.195648
1770058800000,104.72,104.83,103.47,103.84,78478.515868
1770062400000,103.84,104.24,103.31,103.82,52156.890508
1770066000000,103.82,104.98,103.79,104.83,18715.946419
1770069600000,104.83,105.19,104.59,105.02,14779.581703
1770073200000,105.04,105.07,104.4,104.54,12217.410596
1770076800000,104.55,104.68,103.7,104.18,33758.77644
1770080400000,104.18,104.39,103.56,104.38,27278.279436
1770084000000,104.39,104.4,102.35,102.44,50747.443612
1770087600000,102.44,104.4,102.19,104.15,69027.612324
1770091200000,104.16,105.1,103.87,104.68,25597.305781
1770094800000,104.68,104.75,103.66,103.71,18214.599702
1770098400000,103.72,104.1,102.98,103.99,29186.689011
1770102000000,103.98,104.9,103.73,104.68,19722.659837
1770105600000,104.7,105.03,104.07,104.11,23163.789652
1770109200000,104.11,104.21,102.54,103.12,71528.148338
1770112800000,103.13,103.33,102.5,102.9,38148.906765
1770116400000,102.9,103.43,102.84,103.0,20592.804417
1770120000000,103.02,103.36,102.52,103.13,25426.135465
1770123600000,103.12,103.58,102.75,103.42,24021.654358
1770127200000,103.41,103.63,100.77,100.86,85830.326734
1770130800000,100.83,102.78,100.41,102.56,126943.512215
1770134400000,102.55,102.56,99.93,100.74,88122.823343
1770138000000,100.74,100.98,99.03,99.11,70962.647747
1770141600000,99.12,99.44,96.66,96.83,140864.731439
1770145200000,96.82,100.14,96.7,99.03,154874.920745
1770148800000,99.02,102.09,98.32,101.17,160145.998448
1770152400000,101.15,101.84,100.0,100.21,67714.18489
1770156000000,100.23,100.28,98.15,98.49,54822.045361
1770159600000,98.47,98.59,97.22,97.87,126469.883323
1770163200000,97.87,98.8,97.15,97.99,83848.383521
1770166800000,97.99,99.67,97.99,99.13,48606.157423
1770170400000,99.13,99.21,97.43,97.94,35462.199421
1770174000000,97.94,99.6,97.92,99.12,64593.699993
1770177600000,99.12,99.33,98.05,98.1,51043.387695
1770181200000,98.1,98.44,96.42,97.0,96193.729828
1770184800000,96.99,98.78,96.77,98.23,142675.758928
1770188400000,98.23,98.24,97.4,97.88,113852.898341
1770192000000,97.89,97.96,96.8,97.73,71247.318325
1770195600000,97.72,97.8,96.78,97.15,49597.646239
1770199200000,97.15,97.29,96.77,97.04,30758.979179
1770202800000,97.04,97.08,94.7,96.12,238642.319568
1770206400000,96.13,96.73,95.86,96.48,33551.026131
1770210000000,96.47,96.49,94.17,94.39,96903.431309
1770213600000,94.38,95.03,92.96,93.11,198728.093216
1770217200000,93.12,94.21,91.31,92.79,215868.375986
1770220800000,92.79,93.14,90.85,91.99,148801.872424
1770224400000,91.98,92.61,90.0,91.44,121307.504128
1770228000000,91.45,93.26,90.35,92.33,164155.232724
1770231600000,92.31,94.72,92.3,94.38,241479.316553
1770235200000,94.37,94.53,93.01,93.26,51543.682555
1770238800000,93.25,93.39,90.75,91.33,131824.813483
1770242400000,91.34,92.92,89.32,90.85,151812.005889
1770246000000,90.83,92.93,90.27,92.13,110645.880313
1770249600000,92.12,92.79,91.37,91.75,60771.517655
1770253200000,91.75,92.92,90.53,91.95,99100.407274
1770256800000,91.93,92.74,90.71,90.92,121406.34086
1770260400000,90.93,91.69,90.25,91.15,85308.824762
1770264000000,91.16,91.92,90.33,91.13,110334.6255
1770267600000,91.13,92.09,89.91,91.17,152982.838252
1770271200000,91.18,91.26,89.72,90.23,132027.942594
1770274800000,90.22,91.69,90.17,90.55,93383.155771
1770278400000,90.56,92.46,90.56,91.77,54977.434423
1770282000000,91.78,93.43,91.75,92.5,78790.05115
1770285600000,92.52,92.64,89.78,90.31,112418.088962
1770289200000,90.31,90.8,88.68,89.98,174297.657941
1770292800000,89.99,90.75,88.7,89.51,123600.906346
1770296400000,89.51,90.06,88.15,88.49,89454.581023
1770300000000,88.48,91.43,88.33,88.61,175977.818069
1770303600000,88.61,88.99,83.41,84.61,516687.977875
1770307200000,84.61,86.21,83.69,85.56,213997.061176
1770310800000,85.56,85.73,82.4,82.7,271080.90929
1770314400000,82.7,83.35,81.22,82.96,194828.301318
1770318000000,82.97,83.31,81.41,81.68,103699.994833
1770321600000,81.7,82.3,77.64,78.83,592133.909309
1770325200000,78.84,81.21,78.39,79.01,261346.428122
1770328800000,79.02,80.69,77.56,79.8,226507.366461
1770332400000,79.8,81.63,78.08,78.36,173778.624311
1770336000000,78.35,78.8,67.44,75.52,2021354.585782
1770339600000,75.51,79.77,75.5,79.58,368952.480261
1770343200000,79.59,80.28,76.39,76.94,404702.210365
1770346800000,76.95,77.4,75.73,76.71,202412.285065
1770350400000,76.71,78.03,76.21,77.76,164673.222569
1770354000000,77.76,81.65,77.58,81.16,178610.663308
1770357600000,81.15,81.59,79.4,79.5,186308.377074
1770361200000,79.51,80.66,78.75,79.6,168629.587719
1770364800000,79.59,80.24,78.68,79.06,155233.94817
1770368400000,79.07,81.68,78.95,81.33,144305.581442
1770372000000,81.33,82.06,80.74,80.82,103841.63621
1770375600000,80.81,81.73,80.45,81.36,104802.467697
1770379200000,81.35,81.97,80.86,81.9,69322.222843
1770382800000,81.91,83.86,81.7,83.1,220353.936895
1770386400000,83.11,85.18,81.9,84.15,273767.023395
1770390000000,84.17,85.05,83.37,84.48,258898.68028
1770393600000,84.47,87.22,83.7,86.74,220494.771292
1770397200000,86.73,88.72,86.16,86.69,235693.003837
1770400800000,86.7,86.86,85.24,86.16,106301.613361
1770404400000,86.16,87.45,85.57,87.09,114991.887041
1770408000000,87.1,87.97,86.62,86.9,85697.466733
1770411600000,86.91,88.21,86.57,88.03,82409.612852
1770415200000,88.08,89.83,87.95,89.18,81234.649704
1770418800000,89.17,89.6,87.35,87.46,145076.135463
1770422400000,87.45,87.48,86.12,86.56,186513.594742
1770426000000,86.56,87.5,85.9,87.13,110521.369977
1770429600000,87.12,87.61,86.81,87.34,60786.467134
1770433200000,87.34,88.4,87.24,88.1,79327.264616
1770436800000,88.1,89.05,87.3,87.74,102593.48137
1770440400000,87.74,88.63,87.56,87.8,52520.932986
1770444000000,87.8,88.24,86.22,86.25,59439.803596
1770447600000,86.25,86.64,84.08,85.29,208394.345332
1770451200000,85.29,85.72,84.75,85.35,71103.530244
1770454800000,85.36,85.72,84.82,85.24,44984.95415
1770458400000,85.24,85.5,84.51,85.0,39094.229967
1770462000000,85.0,85.2,84.58,84.92,29126.493163
1770465600000,84.91,87.22,84.86,86.22,94131.192088
1770469200000,86.23,86.66,85.57,86.13,32698.083492
1770472800000,86.13,86.6,85.5,85.76,37051.994047
1770476400000,85.77,86.96,85.66,86.56,62994.70493
1770480000000,86.56,88.13,86.17,87.06,657588.151207
1770483600000,87.06,87.72,86.44,87.64,29105.386915
1770487200000,87.64,89.2,87.44,88.72,42366.618288
1770490800000,88.72,88.78,88.03,88.29,35569.416977
1770494400000,88.28,89.19,88.0,88.89,29487.130997
1770498000000,88.9,89.2,88.11,88.2,23665.147473
1770501600000,88.22,88.76,88.17,88.27,24669.067307
1770505200000,88.28,88.35,86.87,87.57,33585.13901
1770508800000,87.58,87.67,87.1,87.36,19421.605732
1770512400000,87.36,87.99,87.32,87.89,13966.128636
1770516000000,87.89,88.22,86.94,87.28,27893.810266
1770519600000,87.28,87.53,86.7,86.8,21800.683234
1770523200000,86.81,87.4,86.62,87.39,19924.554773
1770526800000,87.4,87.54,87.04,87.28,11016.471251
1770530400000,87.29,87.49,86.93,87.15,17954.403906
1770534000000,87.16,87.4,86.69,87.4,24627.625973
1770537600000,87.41,88.81,86.94,88.62,55222.401726
1770541200000,88.63,88.98,87.54,87.6,44196.010015
1770544800000,87.59,88.13,86.44,86.89,54299.246964
1770548400000,86.9,88.31,86.75,88.25,56826.536627
1770552000000,88.25,88.37,87.7,88.16,43653.929416
1770555600000,88.15,88.87,87.78,88.58,77092.99723
1770559200000,88.58,88.74,88.01,88.43,28871.778829
1770562800000,88.42,88.75,87.36,87.78,41679.456446
1770566400000,87.77,87.9,85.78,86.23,59515.939898
1770570000000,86.21,87.11,86.19,86.95,21651.329855
1770573600000,86.96,88.6,86.94,87.84,35215.189646
1770577200000,87.84,88.58,87.82,88.4,21666.2512
1770580800000,88.4,88.42,86.77,86.9,25329.707032
1770584400000,86.9,87.34,86.24,86.61,22147.538684
1770588000000,86.61,87.26,86.47,87.13,16427.265413
1770591600000,87.12,89.1,86.05,86.98,110140.752583
1770595200000,86.98,87.45,86.4,87.08,39119.483326
1770598800000,87.06,87.98,85.81,86.41,72239.043751
1770602400000,86.42,87.85,86.21,87.02,49000.259792
1770606000000,87.02,87.91,86.84,87.68,34139.058986
1770609600000,87.67,87.71,86.98,87.11,19501.941328
1770613200000,87.11,87.45,86.89,87.25,27217.873228
1770616800000,87.25,87.25,85.97,86.46,37983.852883
1770620400000,86.45,86.58,85.21,85.49,62124.06689
1770624000000,85.5,85.64,83.87,84.58,76017.8794
1770627600000,84.57,84.91,83.95,84.33,32661.151833
1770631200000,84.32,84.47,82.88,83.23,98533.926253
1770634800000,83.24,83.71,83.23,83.48,57775.134282
1770638400000,83.49,84.42,83.44,84.05,36337.941849
1770642000000,84.05,84.62,83.76,83.77,26577.688128
1770645600000,83.77,85.23,83.58,84.96,73566.692638
1770649200000,84.95,85.8,84.32,85.28,63211.803508
1770652800000,85.28,86.87,84.82,86.11,57119.605721
1770656400000,86.11,88.1,85.66,87.78,119670.043095
1770660000000,87.77,88.69,87.05,87.51,73951.142932
1770663600000,87.5,88.24,87.14,87.98,30666.326094
1770667200000,87.96,88.32,87.21,87.76,26673.371291
1770670800000,87.75,87.89,86.54,87.34,32667.64787
1770674400000,87.35,87.59,86.97,87.1,17620.347498
1770678000000,87.09,87.4,86.64,86.76,15826.39285
1770681600000,86.77,86.94,86.29,86.39,17079.237373
1770685200000,86.39,87.49,86.38,87.28,17860.386096
1770688800000,87.28,87.32,86.41,86.66,25637.621425
1770692400000,86.67,86.84,85.19,85.85,117001.948271
1770696000000,85.85,86.66,85.78,86.56,24936.445701
1770699600000,86.55,86.58,85.62,85.95,20822.615567
1770703200000,85.93,86.03,84.32,84.6,59169.694808
1770706800000,84.6,85.14,84.42,84.63,26217.725731
1770710400000,84.64,84.87,84.19,84.65,32156.163501
1770714000000,84.65,85.09,84.29,84.59,27418.117009
1770717600000,84.59,84.75,84.21,84.23,20289.217039
1770721200000,84.22,84.62,83.76,83.84,29173.572001
1770724800000,83.85,84.36,83.7,83.96,29118.979821
1770728400000,83.96,84.79,83.67,84.66,47948.208184
1770732000000,84.65,85.23,83.22,83.74,87241.943674
1770735600000,83.73,84.52,83.43,84.29,53965.794284
1770739200000,84.3,84.94,83.78,84.46,33668.718542
1770742800000,84.45,85.15,84.2,84.91,23106.840205
1770746400000,84.91,84.98,82.73,82.94,57173.332403
1770750000000,82.93,83.52,82.46,83.1,36497.862928
1770753600000,83.08,83.23,82.28,82.64,38734.026031
1770757200000,82.64,82.94,81.88,82.46,31889.797321
1770760800000,82.46,82.99,82.37,82.62,18725.070905
1770764400000,82.59,82.99,82.36,82.99,16412.069818
1770768000000,82.99,83.71,82.93,83.48,25534.284277
1770771600000,83.48,83.79,83.2,83.77,15415.332961
1770775200000,83.77,84.39,83.54,83.55,34199.883609
1770778800000,83.55,83.85,82.59,83.35,103283.535354
1770782400000,83.35,83.53,81.71,81.97,74327.092952
1770786000000,81.98,82.39,81.72,81.9,27221.735087
1770789600000,81.91,81.98,80.59,80.87,83308.204288
1770793200000,80.86,81.37,80.29,81.0,39059.923728
1770796800000,81.01,81.2,80.55,81.09,33567.868183
1770800400000,81.09,81.3,80.66,80.8,33428.204632
1770804000000,80.81,81.0,80.39,80.69,29300.106027
1770807600000,80.7,81.48,80.66,81.26,26161.267321
1770811200000,81.26,81.5,80.96,81.17,40931.545592
1770814800000,81.19,81.81,80.66,81.64,100087.539792
1770818400000,81.65,83.19,79.72,79.95,226901.055746
1770822000000,79.96,80.34,78.58,79.71,142550.883456
1770825600000,79.7,80.92,78.69,78.74,92442.73898
1770829200000,78.73,80.03,78.02,79.01,87032.481544
1770832800000,79.01,79.99,78.52,79.82,54059.089911
1770836400000,79.81,80.37,79.32,79.73,43136.35063
1770840000000,79.71,80.0,79.0,79.64,44949.738178
1770843600000,79.65,81.1,79.64,80.15,106956.959042
1770847200000,80.16,80.24,79.37,79.5,43689.540499
1770850800000,79.49,79.73,78.73,79.29,58374.616189
1770854400000,79.3,80.22,79.27,79.98,37351.335132
1770858000000,79.98,80.78,79.98,80.42,38730.768364
1770861600000,80.43,80.72,79.94,80.33,23854.140458
1770865200000,80.33,80.66,80.08,80.62,18991.951013
1770868800000,80.62,80.96,80.3,80.32,35431.960333
1770872400000,80.32,80.6,79.46,80.57,46762.398151
1770876000000,80.58,80.99,80.37,80.58,19434.833691
1770879600000,80.57,80.93,80.28,80.77,20665.134074
1770883200000,80.77,80.92,80.33,80.76,15015.98577
1770886800000,80.77,81.91,80.57,81.8,55722.085673
1770890400000,81.81,82.24,81.34,82.17,25117.518766
1770894000000,82.18,82.24,81.7,81.87,35083.652545
1770897600000,81.86,81.96,80.85,81.1,33865.997769
1770901200000,81.09,82.12,80.71,81.97,55932.288798
1770904800000,81.96,82.0,81.01,81.13,49891.291173
1770908400000,81.14,81.51,80.04,80.14,87276.820018
1770912000000,80.13,80.21,78.19,78.32,117842.228967
1770915600000,78.3,78.67,77.5,77.9,95398.212797
1770919200000,77.91,78.47,77.17,77.6,48765.538872
1770922800000,77.61,78.62,77.03,77.62,62999.415734
1770926400000,77.62,77.93,76.58,76.91,62224.486454
1770930000000,76.92,77.55,76.92,77.33,23951.937484
1770933600000,77.32,78.12,76.96,78.1,37609.648161
1770937200000,78.12,78.51,77.82,78.41,48957.876693
1770940800000,78.41,78.75,77.53,78.03,29074.65867
1770944400000,78.05,78.84,78.03,78.59,30162.854899
1770948000000,78.6,79.33,78.44,79.12,27936.214634
1770951600000,79.14,79.47,78.82,79.04,27016.524132
1770955200000,79.05,79.25,78.44,78.51,19401.893672
1770958800000,78.52,78.75,78.17,78.29,23503.956274
1770962400000,78.29,78.66,77.86,78.61,27611.532805
1770966000000,78.62,79.23,78.53,78.98,32509.732522
1770969600000,78.99,79.91,78.85,79.72,45489.682894
1770973200000,79.72,79.96,79.41,79.88,23138.788962
1770976800000,79.89,80.64,79.75,80.36,54337.499935
1770980400000,80.37,80.4,79.79,80.3,33129.316208
1770984000000,80.3,80.3,79.86,79.98,21623.425139
1770987600000,79.98,80.9,79.73,80.29,88813.870883
1770991200000,80.29,81.96,79.85,81.34,123103.462225
1770994800000,81.34,84.35,81.1,83.2,137691.251908
1770998400000,83.2,85.0,82.92,84.22,84481.241711
1771002000000,84.22,84.72,83.56,84.34,54940.774717
1771005600000,84.35,85.6,84.12,85.39,88974.734284
1771009200000,85.4,85.62,84.55,84.64,34823.075467
1771012800000,84.66,85.08,84.17,84.78,44529.350369
1771016400000,84.77,85.19,84.57,84.86,26381.186244
1771020000000,84.86,84.93,84.45,84.66,17702.257505
1771023600000,84.65,84.65,84.12,84.33,18156.892847
1771027200000,84.34,85.09,84.22,84.96,27197.717734
1771030800000,84.94,85.21,84.8,84.99,13615.116962
1771034400000,84.99,85.01,84.6,84.89,19783.440532
1771038000000,84.9,85.3,84.81,85.06,14260.267673
1771041600000,85.06,85.1,84.81,84.82,8994.317898
1771045200000,84.82,85.04,84.62,84.62,9714.810858
1771048800000,84.63,84.93,84.35,84.86,8282.376073
1771052400000,84.86,85.26,84.77,85.18,21680.173422
1771056000000,85.17,86.42,85.14,86.21,71530.797405
1771059600000,86.22,86.37,85.84,86.0,43593.057848
1771063200000,86.02,86.02,85.73,85.82,10938.199284
1771066800000,85.83,87.33,85.82,87.29,69480.751939
1771070400000,87.28,87.31,86.25,86.41,61236.074159
1771074000000,86.4,86.89,86.01,86.43,38292.839544
1771077600000,86.44,87.5,86.36,87.25,41849.954106
1771081200000,87.25,87.69,87.1,87.43,36953.103459
1771084800000,87.43,88.23,87.01,88.12,83648.138063
1771088400000,88.12,88.45,87.84,88.05,40918.522514
1771092000000,88.05,88.29,87.8,88.02,27290.667183
1771095600000,88.02,88.32,87.55,88.2,15670.329814
1771099200000,88.21,88.44,87.67,88.16,32212.332242
1771102800000,88.15,88.43,87.26,88.06,46699.391272
1771106400000,88.06,88.88,87.9,88.49,43722.769254
1771110000000,88.49,88.9,88.05,88.05,23773.804803
1771113600000,88.06,88.42,87.79,88.19,28430.624688
1771117200000,88.18,88.73,87.6,88.28,28313.777035
1771120800000,88.27,88.49,87.5,87.99,32982.400235
1771124400000,88.0,88.78,87.35,88.6,49526.683187
1771128000000,88.6,89.8,88.39,88.79,92622.59462
1771131600000,88.78,90.06,88.75,89.67,36113.381894
1771135200000,89.67,90.15,89.33,89.6,34113.077264
1771138800000,89.6,90.97,89.4,90.74,50108.800756
1771142400000,90.74,91.25,89.24,89.67,80488.869913
1771146000000,89.66,90.52,89.48,90.01,31732.389147
1771149600000,90.01,90.1,89.11,89.53,42226.129763
1771153200000,89.53,89.82,89.02,89.18,15997.177749
1771156800000,89.18,89.62,87.31,87.32,52195.522828
1771160400000,87.32,88.37,86.81,86.96,70949.195202
1771164000000,86.96,87.6,86.66,87.35,39935.089398
1771167600000,87.35,87.67,86.94,87.41,28662.211016
1771171200000,87.41,87.65,86.69,87.56,44694.014619
1771174800000,87.55,87.88,85.77,86.42,108387.000353
1771178400000,86.42,86.86,86.01,86.22,47838.113232
1771182000000,86.22,86.34,85.22,85.34,46789.114245
1771185600000,85.34,85.97,84.9,85.87,31573.111107
1771189200000,85.88,86.44,85.88,86.17,34654.955729
1771192800000,86.17,86.7,86.05,86.37,23643.016426
1771196400000,86.37,86.37,85.1,86.15,55951.6943
1771200000000,86.15,86.51,85.6,86.17,23100.069086
1771203600000,86.17,86.63,85.38,85.76,29932.825949
1771207200000,85.76,86.2,85.24,85.39,28258.734744
1771210800000,85.4,85.55,84.8,85.13,27289.169866
1771214400000,85.15,85.82,85.09,85.8,15995.37528
1771218000000,85.8,85.89,84.45,84.69,34389.901836
1771221600000,84.7,85.21,84.53,85.05,17088.492969
1771225200000,85.05,85.5,84.81,85.06,23541.347669
1771228800000,85.07,85.49,85.03,85.38,22928.543485
1771232400000,85.39,86.27,85.39,86.0,38610.347537
1771236000000,85.99,86.04,85.62,85.76,16899.111654
1771239600000,85.76,85.97,84.5,85.51,43747.75847
1771243200000,85.52,86.41,85.28,86.19,47128.671034
1771246800000,86.19,86.93,83.76,84.17,160651.990341
1771250400000,84.17,84.68,83.49,84.05,85723.690675
1771254000000,84.06,84.59,82.58,83.21,84339.405369
1771257600000,83.21,84.09,83.12,83.99,73135.092754
1771261200000,83.98,84.81,83.91,84.52,36451.874311
1771264800000,84.52,85.15,84.48,84.51,33611.201346
1771268400000,84.52,85.11,84.25,84.62,20144.047453
1771272000000,84.62,85.48,84.49,85.37,25230.015111
1771275600000,85.37,86.12,85.12,86.01,20736.896174
1771279200000,86.02,86.23,85.6,85.72,24083.261567
1771282800000,85.71,86.66,85.67,86.44,36111.552238
1771286400000,86.45,87.15,86.28,86.62,35019.409664
1771290000000,86.63,87.07,86.13,86.19,22692.996766
1771293600000,86.18,87.68,85.71,87.29,43774.284961
1771297200000,87.3,87.37,86.34,86.37,24975.091864
1771300800000,86.37,86.67,85.93,86.37,30628.237142
1771304400000,86.37,86.49,85.46,86.23,33063.733282
1771308000000,86.23,86.79,86.22,86.5,22584.778858
1771311600000,86.48,86.53,85.93,86.48,19557.925474
1771315200000,86.49,86.75,85.91,85.96,30709.207818
1771318800000,85.97,86.18,85.68,85.95,13285.874527
1771322400000,85.94,86.05,84.87,85.04,26926.452979
1771326000000,85.05,85.3,84.76,85.1,24980.065242
1771329600000,85.11,85.57,84.52,84.63,36964.581884
1771333200000,84.63,85.51,84.39,84.99,47450.81107
1771336800000,84.99,85.44,83.0,83.26,107535.601383
1771340400000,83.26,83.9,82.92,83.79,74764.259405
1771344000000,83.81,85.46,83.71,84.18,65844.756281
1771347600000,84.17,84.31,83.13,83.7,51068.305754
1771351200000,83.71,85.43,83.57,85.11,49779.01783
1771354800000,85.12,85.75,84.64,84.86,47228.460615
1771358400000,84.86,85.28,84.5,84.99,43352.042612
1771362000000,84.98,85.44,84.85,85.22,15120.288382
1771365600000,85.22,85.44,84.98,85.04,11466.917898
1771369200000,85.03,85.34,84.9,85.08,26379.793341
1771372800000,85.09,85.49,84.81,84.86,20354.122098
1771376400000,84.87,84.97,83.94,84.26,26949.02026
1771380000000,84.25,85.0,84.24,84.66,12300.60543
1771383600000,84.66,85.46,84.51,85.32,21280.634474
1771387200000,85.32,85.54,84.91,85.15,18772.280469
1771390800000,85.15,85.25,84.71,84.9,18096.753084
1771394400000,84.89,85.3,84.79,84.91,8074.17247
1771398000000,84.92,85.42,84.68,85.27,13159.488899
1771401600000,85.29,86.08,85.23,85.46,26397.089524
1771405200000,85.48,85.73,85.27,85.32,15581.508467
1771408800000,85.31,85.38,84.19,84.28,27666.206143
1771412400000,84.28,84.28,82.83,82.85,66440.28242
1771416000000,82.86,83.36,82.36,83.0,157406.00758
1771419600000,83.01,83.3,82.32,82.65,35878.980529
1771423200000,82.63,82.88,81.68,82.58,89804.688865
1771426800000,82.57,84.0,82.52,83.0,148364.524961
1771430400000,83.0,83.09,82.03,82.3,65728.760608
1771434000000,82.3,82.99,82.1,82.19,37478.698319
1771437600000,82.2,82.36,80.96,81.27,79216.450986
1771441200000,81.27,81.59,80.49,80.93,53142.636324
1771444800000,80.93,81.58,80.85,81.32,27113.721183
1771448400000,81.32,81.64,81.0,81.26,24795.927898
1771452000000,81.28,81.56,81.06,81.43,11470.17145
1771455600000,81.46,81.64,81.26,81.62,12705.357239
1771459200000,81.62,81.73,81.25,81.51,11437.908471
1771462800000,81.5,82.05,81.49,81.9,14405.188002
1771466400000,81.9,82.07,81.34,81.66,20638.650119
1771470000000,81.66,81.93,81.44,81.78,8380.797297
1771473600000,81.78,82.01,81.45,81.51,23052.651987
1771477200000,81.51,81.97,81.38,81.88,18751.622485
1771480800000,81.89,82.48,81.84,82.37,15320.816162
1771484400000,82.37,82.67,82.03,82.41,39951.000765
1771488000000,82.4,82.41,81.52,81.72,28910.562456
1771491600000,81.73,82.01,81.11,81.21,30376.039125
1771495200000,81.2,81.82,80.92,81.52,25961.786548
1771498800000,81.53,81.9,81.11,81.25,14819.669676
1771502400000,81.24,81.3,80.69,80.8,35591.761671
1771506000000,80.8,80.92,79.61,80.03,80142.409878
1771509600000,80.01,81.32,79.96,80.78,47875.880623
1771513200000,80.78,81.31,79.98,80.65,36137.465484
1771516800000,80.64,80.97,79.94,80.8,52738.863751
1771520400000,80.81,81.94,80.23,80.49,56598.331149
1771524000000,80.47,82.04,80.4,81.98,38827.026789
1771527600000,81.99,82.21,81.06,81.95,28835.103824
1771531200000,81.95,82.37,81.69,82.09,39636.209954
1771534800000,82.09,82.19,81.82,82.08,13471.787629
1771538400000,82.08,82.59,81.91,82.34,30645.61
1771542000000,82.34,82.57,82.13,82.5,20859.622057
1771545600000,82.51,83.55,82.32,82.9,35393.708639
1771549200000,82.91,83.16,82.72,83.02,20558.411677
1771552800000,83.03,83.32,82.81,82.92,17648.392337
1771556400000,82.91,83.37,82.84,83.04,41946.954909
1771560000000,83.04,83.11,82.4,82.68,34084.905936
1771563600000,82.69,83.74,82.5,83.27,26076.697341
1771567200000,83.28,83.72,83.15,83.71,18534.740713
1771570800000,83.7,83.91,83.4,83.45,16638.547441
1771574400000,83.45,83.79,83.29,83.66,8881.556802
1771578000000,83.65,84.5,83.64,84.2,30948.875058
1771581600000,84.2,84.84,84.02,84.1,29043.909165
1771585200000,84.1,84.26,83.34,83.58,33383.448963
1771588800000,83.59,84.03,83.38,83.72,29806.003689
1771592400000,83.72,83.72,81.76,82.19,69743.833794
1771596000000,82.19,83.39,82.12,83.06,42823.86727
1771599600000,83.07,84.79,82.69,84.38,107044.019084
1771603200000,84.4,84.95,83.75,84.49,46390.18522
1771606800000,84.5,84.6,82.81,84.49,66994.016177
1771610400000,84.5,85.49,83.98,85.24,71499.128597
1771614000000,85.25,85.39,84.38,84.77,27619.020351
1771617600000,84.78,85.24,84.41,84.63,18183.659996
1771621200000,84.62,84.78,84.31,84.55,15841.219685
1771624800000,84.55,84.77,84.12,84.6,17100.259536
1771628400000,84.58,84.72,84.3,84.67,6740.16501
1771632000000,84.68,84.75,84.35,84.43,8500.170623
1771635600000,84.44,84.85,84.44,84.68,6095.620748
1771639200000,84.68,85.03,84.53,84.82,6808.412005
1771642800000,84.82,84.84,84.22,84.35,12147.852793
1771646400000,84.36,84.5,84.16,84.41,11691.194659
1771650000000,84.4,84.59,84.39,84.48,4475.460336
1771653600000,84.48,84.78,84.04,84.13,25763.986009
1771657200000,84.12,84.33,83.97,84.24,10968.880733
1771660800000,84.25,84.74,84.2,84.73,10107.293942
1771664400000,84.73,85.21,84.67,84.91,17063.736117
1771668000000,84.92,85.28,84.9,85.16,7266.324819
1771671600000,85.15,85.68,85.15,85.4,16687.966933
1771675200000,85.4,85.54,85.01,85.33,14175.02674
1771678800000,85.33,85.98,85.18,85.87,15577.95069
1771682400000,85.86,86.67,85.63,86.31,57753.979499
1771686000000,86.32,86.74,86.18,86.6,26108.86003
1771689600000,86.6,86.68,85.88,86.15,58890.848872
1771693200000,86.15,86.46,85.84,86.25,14936.794835
1771696800000,86.24,86.72,86.19,86.57,12372.063516
1771700400000,86.57,86.69,86.19,86.22,6861.2874
1771704000000,86.22,86.22,85.3,85.48,30311.306678
1771707600000,85.48,85.86,85.42,85.85,7710.789012
1771711200000,85.84,85.9,85.37,85.47,14948.641075
1771714800000,85.45,85.56,85.14,85.17,17576.917884
1771718400000,85.17,85.22,84.77,85.07,15039.440023
1771722000000,85.08,85.42,85.05,85.32,14825.237366
1771725600000,85.32,85.59,84.85,84.97,21485.961156
1771729200000,84.97,85.16,84.71,85.08,19735.936999
1771732800000,85.08,85.34,84.97,85.16,8590.267341
1771736400000,85.16,85.21,84.79,84.97,7488.045879
1771740000000,84.99,85.33,84.94,85.29,14036.608657
1771743600000,85.3,85.59,85.13,85.24,15027.60007
1771747200000,85.25,85.25,84.87,84.97,16886.075473
1771750800000,84.99,85.19,84.93,85.03,6835.139759
1771754400000,85.03,85.3,85.0,85.21,8458.383685
1771758000000,85.22,85.46,85.17,85.27,7401.239584
1771761600000,85.26,85.32,84.34,84.47,25262.193684
1771765200000,84.47,84.62,83.71,83.98,84006.919534
1771768800000,83.98,84.06,83.41,83.66,24487.902305
1771772400000,83.65,83.71,83.0,83.49,38114.436348
1771776000000,83.49,83.63,83.2,83.58,11548.253361
1771779600000,83.58,83.61,82.83,83.05,24440.624867
1771783200000,83.06,83.29,82.96,83.23,7630.471673
1771786800000,83.23,83.41,83.03,83.3,11291.80169
1771790400000,83.3,83.37,82.95,83.02,11990.100135
1771794000000,83.03,83.59,83.03,83.51,9652.587044
1771797600000,83.51,83.73,83.08,83.58,29326.187845
1771801200000,83.58,83.65,82.47,82.79,53956.120798
1771804800000,82.8,82.85,81.33,81.38,37709.328312
1771808400000,81.38,81.38,77.5,77.98,288583.079251
1771812000000,77.97,78.44,77.52,77.88,76009.964875
1771815600000,77.88,78.32,77.27,77.66,66070.279549
1771819200000,77.67,77.74,77.14,77.38,37136.560164
1771822800000,77.39,78.08,77.33,77.85,61706.619673
1771826400000,77.85,79.17,77.68,79.07,97936.044637
1771830000000,79.08,79.68,78.92,79.39,65571.867399
1771833600000,79.39,79.4,78.52,78.77,86301.298057
1771837200000,78.77,80.54,78.77,80.44,106975.824898
1771840800000,80.45,80.68,80.1,80.25,45266.03244
1771844400000,80.26,80.53,79.97,80.05,35855.494122
1771848000000,80.06,80.96,79.85,80.7,80137.940409
1771851600000,80.71,81.11,80.43,80.53,83331.330148
1771855200000,80.53,80.79,79.42,80.13,78398.860469
1771858800000,80.14,80.33,79.21,79.4,93030.667299
1771862400000,79.4,79.8,78.62,78.96,94239.980024
1771866000000,78.97,79.15,77.25,78.32,103470.345835
1771869600000,78.31,79.31,78.04,78.64,70332.732189
1771873200000,78.64,78.92,78.0,78.29,58954.804065
1771876800000,78.29,78.54,77.85,78.32,36491.470235
1771880400000,78.3,78.71,78.18,78.37,23515.510651
1771884000000,78.38,78.93,78.26,78.26,32829.706828
1771887600000,78.26,78.54,77.64,77.91,20122.963753
1771891200000,77.91,78.52,77.91,78.46,17429.760623
1771894800000,78.45,78.46,75.75,77.67,146420.405814
1771898400000,77.66,78.42,77.51,77.64,30122.47762
1771902000000,77.64,77.64,76.49,76.88,52405.487476
1771905600000,76.89,77.07,76.12,76.86,40690.163472
1771909200000,76.87,77.35,76.22,76.63,53742.202134
1771912800000,76.64,76.93,76.4,76.58,25501.421755
1771916400000,76.59,77.22,76.51,76.85,42258.048048
1771920000000,76.85,77.2,76.5,77.04,22653.007109
1771923600000,77.04,77.13,76.0,76.64,30644.92639
1771927200000,76.65,76.82,76.42,76.76,15017.725124
1771930800000,76.75,76.9,76.49,76.77,18827.331202
1771934400000,76.77,77.04,76.51,76.6,23211.641836
1771938000000,76.61,76.82,76.03,76.56,60070.065944
1771941600000,76.55,77.42,75.64,76.87,85824.136956
1771945200000,76.88,77.49,76.6,77.29,64701.734275
1771948800000,77.3,78.23,77.23,78.13,78254.061169
1771952400000,78.13,78.49,77.8,77.97,54111.955104
1771956000000,77.97,78.33,77.57,78.19,24634.977088
1771959600000,78.2,78.5,77.89,78.39,25337.886617
1771963200000,78.38,78.89,78.35,78.67,29682.436012
1771966800000,78.65,78.73,78.14,78.55,29063.638283
1771970400000,78.54,79.37,78.45,79.07,33817.413982
1771974000000,79.07,79.61,78.65,78.98,40567.697748
1771977600000,78.99,79.43,78.74,79.2,16298.817285
1771981200000,79.19,82.58,79.11,82.01,255610.784318
1771984800000,81.99,82.99,81.98,82.47,121021.486368
1771988400000,82.47,82.58,81.62,81.74,97487.624578
1771992000000,81.75,82.43,81.28,81.95,72450.724301
1771995600000,81.95,82.16,80.95,81.29,75944.797491
1771999200000,81.3,81.89,81.16,81.56,34171.760616
1772002800000,81.57,82.43,81.49,82.18,55955.590207
1772006400000,82.18,82.55,81.92,82.48,50014.479569
1772010000000,82.48,82.69,82.22,82.53,38647.022778
1772013600000,82.53,82.95,82.44,82.53,33824.075162
1772017200000,82.54,83.4,82.31,83.38,51040.204667
1772020800000,83.38,84.1,82.88,83.67,55551.558778
1772024400000,83.68,84.44,83.38,83.83,67649.162919
1772028000000,83.84,85.8,83.81,85.65,105194.231682
1772031600000,85.63,86.46,85.04,86.0,137861.089123
1772035200000,85.99,87.7,85.95,87.55,122176.640241
1772038800000,87.55,88.96,87.41,88.57,147352.000648
1772042400000,88.56,89.17,88.01,88.96,83100.716766
1772046000000,88.96,89.65,88.34,89.44,61662.523134
1772049600000,89.44,90.11,88.99,89.39,102667.932892
1772053200000,89.39,92.15,89.38,89.86,184319.870618
1772056800000,89.86,90.54,88.38,89.12,65266.469435
1772060400000,89.11,89.33,87.09,88.04,80872.785393
1772064000000,88.04,89.26,87.83,88.61,71159.8995
1772067600000,88.63,89.14,88.22,88.42,35187.060573
1772071200000,88.42,88.49,87.56,88.2,34155.34564
1772074800000,88.2,88.36,87.77,87.94,22054.068387
1772078400000,87.95,89.05,87.85,88.75,21880.610265
1772082000000,88.74,88.75,87.23,87.77,39962.125081
1772085600000,87.77,88.01,87.38,87.65,25286.129383
1772089200000,87.64,87.88,87.25,87.25,21985.896591
1772092800000,87.26,87.88,87.26,87.31,31359.791824
1772096400000,87.3,88.7,87.23,88.34,53426.62471
1772100000000,88.33,88.58,87.29,87.46,32191.961385
1772103600000,87.47,87.62,86.6,86.82,43284.435131
1772107200000,86.82,87.78,86.72,87.69,23345.271131
1772110800000,87.69,88.08,87.49,87.63,26864.975898
1772114400000,87.63,88.26,86.28,87.02,95036.327059
1772118000000,87.01,87.1,85.28,86.57,140944.401113
1772121600000,86.58,86.75,84.32,84.56,135486.069425
1772125200000,84.58,85.33,84.5,84.91,71835.819605
1772128800000,84.9,85.7,84.45,85.36,93476.940398
1772132400000,85.37,86.66,85.33,86.47,84467.539047
1772136000000,86.46,86.86,85.84,86.02,44154.940817
1772139600000,86.01,86.29,85.7,85.93,29359.326335
1772143200000,85.94,86.26,85.8,86.14,21313.968825
1772146800000,86.13,86.14,85.75,85.89,18067.99004
1772150400000,85.9,86.02,85.17,85.83,30215.826018
1772154000000,85.83,86.14,85.3,86.12,38956.487928
1772157600000,86.13,86.79,85.94,86.57,23853.236885
1772161200000,86.59,87.81,86.36,87.62,28337.063354
1772164800000,87.63,88.29,87.49,87.54,48837.325491
1772168400000,87.54,87.86,87.39,87.54,20344.74233
1772172000000,87.54,87.63,86.86,87.34,29303.713258
1772175600000,87.33,87.44,86.82,87.32,29168.303556
1772179200000,87.31,87.93,87.23,87.57,39000.176243
1772182800000,87.57,87.83,86.23,86.32,47552.732559
1772186400000,86.33,86.5,84.55,84.72,86360.645914
1772190000000,84.72,84.96,83.3,83.6,75068.73446
1772193600000,83.59,83.75,82.66,83.12,46720.978851
1772197200000,83.11,83.55,81.99,83.07,120987.868529
1772200800000,83.07,83.34,82.1,82.39,72024.700025
1772204400000,82.37,83.06,82.31,82.7,45096.567585
1772208000000,82.69,82.69,81.33,81.37,67052.265327
1772211600000,81.37,81.9,81.1,81.85,47191.15053
1772215200000,81.85,82.03,81.41,81.49,20165.881749
1772218800000,81.48,81.73,81.14,81.57,11739.271834
1772222400000,81.58,81.87,81.23,81.45,18889.251666
1772226000000,81.46,81.81,80.88,81.2,26650.797219
1772229600000,81.21,81.6,80.32,81.42,45202.248569
1772233200000,81.43,82.11,81.35,81.85,34829.109932
1772236800000,81.85,82.15,81.6,82.11,25956.502316
1772240400000,82.12,82.25,81.73,81.77,25222.83558
1772244000000,81.78,82.19,81.69,82.13,21109.720086
1772247600000,82.13,82.13,81.54,81.72,18258.258293
1772251200000,81.73,81.89,81.21,81.64,24150.177983
1772254800000,81.63,81.8,81.28,81.55,16614.073233
1772258400000,81.55,81.55,77.12,77.56,281912.434036
1772262000000,77.55,79.63,77.13,78.71,138575.639721
1772265600000,78.7,78.72,77.86,78.01,55618.308862
1772269200000,78.01,78.71,77.75,78.42,56711.629681
1772272800000,78.41,79.18,77.97,79.11,103377.044352
1772276400000,79.12,79.59,78.66,78.77,36945.152781
1772280000000,78.77,79.23,78.61,78.93,26692.496033
1772283600000,78.94,80.99,78.71,80.83,109837.703278
1772287200000,80.82,81.51,80.02,80.25,93946.434462
1772290800000,80.25,81.11,79.62,80.92,58876.872191
1772294400000,80.92,81.32,80.51,81.08,29132.561056
1772298000000,81.08,81.53,80.58,81.37,33916.29423
1772301600000,81.37,82.9,81.1,82.36,53653.086964
1772305200000,82.36,82.77,81.46,82.22,58946.150055
1772308800000,82.22,85.03,81.97,84.88,102074.533698
1772312400000,84.89,85.04,83.59,84.48,57471.507542
1772316000000,84.48,85.66,84.26,84.29,61533.582822
1772319600000,84.27,84.73,83.92,84.37,23286.353229
1772323200000,84.36,85.0,84.32,84.87,30147.60025
1772326800000,84.87,87.5,84.25,86.74,125981.822914
1772330400000,86.76,88.91,86.76,87.99,158098.690909
1772334000000,87.96,88.33,87.65,88.01,63622.526541
1772337600000,88.02,88.27,86.9,87.54,127966.072677
1772341200000,87.55,88.03,87.22,87.26,22904.175935
1772344800000,87.27,87.38,86.16,86.68,54181.907382
1772348400000,86.68,86.9,86.3,86.62,21041.682947
1772352000000,86.63,86.83,85.06,85.21,44590.243888
1772355600000,85.21,85.85,84.8,84.98,54249.315123
1772359200000,84.98,85.67,84.71,85.22,32848.755405
1772362800000,85.22,85.52,85.0,85.18,12701.157345
1772366400000,85.18,85.39,84.77,84.87,23168.1547
1772370000000,84.88,87.0,84.52,86.09,91741.675883
1772373600000,86.08,86.89,85.44,85.8,56335.380453
1772377200000,85.81,86.68,85.61,85.67,34702.041062
1772380800000,85.68,86.08,83.66,84.01,80833.499666
1772384400000,84.01,84.28,83.2,83.89,49630.254154
1772388000000,83.89,85.03,83.86,83.94,56733.617731
1772391600000,83.94,84.02,83.05,83.23,33604.565766
1772395200000,83.22,83.26,81.69,81.99,58764.613083
1772398800000,81.99,83.02,81.94,82.95,28777.819299
1772402400000,82.94,84.1,82.37,82.71,80836.411665
1772406000000,82.71,84.08,82.52,83.61,49131.20145
1772409600000,83.61,85.24,83.49,85.01,42952.339365
1772413200000,85.01,86.17,84.4,84.61,64042.571501
1772416800000,84.63,84.77,83.47,84.14,33124.167386
1772420400000,84.16,85.13,83.84,84.77,34556.018461
1772424000000,84.78,84.83,84.1,84.31,23891.617899
1772427600000,84.31,84.69,83.84,84.22,18319.708371
1772431200000,84.23,84.25,82.9,83.25,38078.769402
1772434800000,83.25,83.31,82.39,82.94,30018.997438
1772438400000,82.96,83.62,82.38,83.44,41202.811055
1772442000000,83.45,84.13,83.32,83.64,59886.583055
1772445600000,83.64,84.1,83.36,83.89,34369.420673
1772449200000,83.88,84.29,83.47,83.89,33470.248629
1772452800000,83.9,84.15,83.55,83.7,18171.203509
1772456400000,83.7,83.84,82.93,83.08,39082.547882
1772460000000,83.07,85.97,82.79,85.67,132599.355942
1772463600000,85.66,88.97,85.49,88.77,268443.373955
1772467200000,88.77,90.3,88.43,88.85,140580.932963
1772470800000,88.84,88.99,86.4,87.61,91380.511426
1772474400000,87.6,87.83,86.71,87.31,48935.783462
1772478000000,87.32,87.81,86.84,87.64,43453.048096
1772481600000,87.65,88.07,86.86,87.55,51338.387056
1772485200000,87.57,87.72,87.16,87.54,29909.487523
1772488800000,87.55,88.28,87.3,88.02,31366.16542
1772492400000,88.01,88.08,86.3,86.64,67767.66421
1772496000000,86.64,87.3,86.09,86.91,73107.501519
1772499600000,86.91,87.18,86.15,86.17,29943.125075
1772503200000,86.16,86.35,85.21,86.2,35321.085298
1772506800000,86.21,86.62,85.91,86.3,16082.307243
1772510400000,86.3,86.46,85.65,85.85,14235.18874
1772514000000,85.84,86.81,85.4,85.8,35165.048816
1772517600000,85.79,85.97,85.4,85.84,24205.886742
1772521200000,85.83,86.29,85.4,85.58,40965.352587
1772524800000,85.57,85.76,83.95,84.26,56852.536784
1772528400000,84.27,84.99,84.02,84.31,41994.443609
1772532000000,84.29,84.56,83.7,83.93,41550.356414
1772535600000,83.92,84.4,83.77,84.2,42694.84664
1772539200000,84.21,85.35,84.14,84.41,56372.534596
1772542800000,84.43,84.47,83.19,83.64,49722.19379
1772546400000,83.63,84.42,82.5,83.25,82866.339764
1772550000000,83.25,85.16,83.05,85.03,81738.73011
1772553600000,85.02,87.34,84.32,85.39,157295.665331
1772557200000,85.41,85.48,84.16,85.18,45846.603253
1772560800000,85.18,86.0,84.52,85.38,37855.664521
1772564400000,85.39,85.77,84.67,85.08,54717.162854
1772568000000,85.08,85.45,84.67,84.87,27685.799743
1772571600000,84.85,85.17,84.18,85.12,30412.157231
1772575200000,85.12,86.65,85.12,86.28,36979.48612
1772578800000,86.27,87.46,86.19,86.97,105150.824377
1772582400000,86.97,87.4,86.27,86.61,53822.737116
1772586000000,86.61,88.08,86.5,87.26,70161.250068
1772589600000,87.26,87.47,86.56,87.08,29949.92678
1772593200000,87.06,87.09,85.19,85.77,65310.884849
1772596800000,85.76,85.91,84.84,85.41,43809.385266
1772600400000,85.41,85.97,84.77,85.67,57190.582284
1772604000000,85.68,86.05,84.98,85.62,56021.978409
1772607600000,85.62,87.5,85.47,87.4,45455.804819
1772611200000,87.41,89.93,86.98,89.72,108910.890084
1772614800000,89.71,91.47,89.22,90.53,177521.699602
1772618400000,90.53,91.04,89.89,90.15,99640.334428
1772622000000,90.16,90.66,89.42,89.76,60865.967451
1772625600000,89.76,89.88,88.7,89.44,53121.491394
1772629200000,89.44,90.15,89.32,89.99,37097.85686
1772632800000,89.98,91.77,89.48,90.17,132071.762304
1772636400000,90.16,93.12,90.15,92.93,193712.325995
1772640000000,92.93,93.15,90.95,91.54,112112.777662
1772643600000,91.56,92.23,90.64,91.55,91109.336402
1772647200000,91.55,92.5,91.14,92.39,43718.703099
1772650800000,92.39,94.07,92.3,93.19,134075.444043
1772654400000,93.19,93.76,92.76,92.86,67526.795703
1772658000000,92.88,92.98,92.16,92.34,31910.794333
1772661600000,92.34,92.86,91.13,91.33,48422.332758
1772665200000,91.33,91.43,90.27,90.86,41545.870741
1772668800000,90.87,91.39,90.75,90.78,21813.118545
1772672400000,90.79,91.42,89.73,89.99,72246.441144
1772676000000,89.99,90.68,89.97,90.2,26307.714137
1772679600000,90.2,90.53,89.62,90.04,34361.915272
1772683200000,90.04,90.74,89.91,90.41,24356.501212
1772686800000,90.41,90.64,90.04,90.18,21284.080102
1772690400000,90.19,91.02,89.63,90.88,25466.173991
1772694000000,90.91,91.31,89.73,90.17,35562.747238
1772697600000,90.17,90.72,89.68,90.64,28111.848441
1772701200000,90.66,91.94,90.62,91.17,76126.456927
1772704800000,91.21,92.95,91.01,92.65,49119.53262
1772708400000,92.66,92.79,91.65,91.83,39825.727541
1772712000000,91.85,92.21,91.31,91.99,56292.554996
1772715600000,91.99,92.07,90.42,90.84,85916.615295
1772719200000,90.86,91.49,89.84,91.01,87231.622301
1772722800000,91.03,91.16,88.81,89.61,129320.117581
1772726400000,89.61,89.63,87.92,88.97,96931.023851
1772730000000,88.97,89.42,87.92,88.12,44836.670478
1772733600000,88.11,88.88,88.01,88.81,18929.846381
1772737200000,88.81,89.38,88.68,88.74,33805.474685
1772740800000,88.74,89.57,88.56,89.22,26454.646011
1772744400000,89.2,89.84,88.89,89.11,24187.321643
1772748000000,89.14,89.41,88.88,89.11,16607.465785
1772751600000,89.11,89.21,88.62,88.77,14035.189236
1772755200000,88.78,89.03,88.59,88.85,18671.153766
1772758800000,88.86,89.28,88.03,89.13,31911.156675
1772762400000,89.13,89.31,88.21,88.37,60476.719565
1772766000000,88.36,88.7,88.13,88.41,25468.247816
1772769600000,88.41,88.6,87.68,88.15,25770.237384
1772773200000,88.16,88.25,87.52,87.9,23150.474922
1772776800000,87.9,88.44,87.67,88.08,15696.82336
1772780400000,88.1,88.91,87.8,88.71,49798.761096
1772784000000,88.7,88.7,88.21,88.35,14188.19125
1772787600000,88.36,88.49,87.18,87.5,43480.084449
1772791200000,87.5,87.96,87.41,87.71,21753.314259
1772794800000,87.7,87.99,87.08,87.26,24977.218604
1772798400000,87.26,87.27,85.92,86.48,66397.315244
1772802000000,86.48,87.1,85.56,85.58,103029.174559
1772805600000,85.58,85.74,83.97,84.35,115736.863475
1772809200000,84.34,85.33,84.2,84.65,45105.591049
1772812800000,84.64,85.04,84.1,84.37,28653.844788
1772816400000,84.36,84.7,83.65,84.21,43601.937222
1772820000000,84.21,85.59,84.19,85.29,36172.520085
1772823600000,85.29,85.88,85.09,85.21,29326.954591
1772827200000,85.21,85.46,84.58,85.0,29104.3864
1772830800000,85.02,85.11,84.44,84.73,11867.558892
1772834400000,84.73,85.05,84.53,84.95,11065.307466
1772838000000,84.97,85.04,84.62,84.69,7506.537443
1772841600000,84.69,85.07,84.41,84.75,29771.479674
1772845200000,84.76,84.88,84.57,84.7,9576.986694
1772848800000,84.71,84.74,84.32,84.65,14302.611462
1772852400000,84.67,85.06,84.35,84.53,16374.967943
1772856000000,84.53,84.56,84.0,84.26,24484.174226
1772859600000,84.26,84.5,84.09,84.35,9877.33848
1772863200000,84.34,84.34,83.89,84.02,11816.605093
1772866800000,84.05,84.46,83.88,84.32,18546.110452
1772870400000,84.32,84.66,84.13,84.37,16230.527314
1772874000000,84.37,84.69,84.21,84.58,6292.864272
1772877600000,84.58,84.76,84.4,84.49,7443.740147
1772881200000,84.48,84.94,84.26,84.65,15067.333209
1772884800000,84.66,84.77,84.21,84.3,10683.645314
1772888400000,84.29,84.55,84.11,84.31,15497.965075
1772892000000,84.3,84.41,83.63,84.22,31611.034457
1772895600000,84.22,84.22,83.37,83.75,25731.392972
1772899200000,83.75,83.8,83.5,83.58,12432.034973
1772902800000,83.58,84.08,83.55,83.61,18919.760753
1772906400000,83.62,83.64,83.02,83.37,25496.629007
1772910000000,83.38,83.38,82.29,82.52,46825.79461
1772913600000,82.51,83.11,82.5,83.03,11794.327821
1772917200000,83.03,83.28,82.9,83.27,10096.839018
1772920800000,83.28,83.32,82.67,82.98,10894.228959
1772924400000,82.97,83.25,82.92,83.2,8084.72111
1772928000000,83.22,83.47,82.92,83.07,12128.427599
1772931600000,83.07,83.21,82.7,82.98,14722.86155
1772935200000,82.98,83.09,82.11,82.39,30440.821916
1772938800000,82.4,82.75,82.27,82.35,21643.710413
1772942400000,82.35,82.55,81.72,81.96,26260.09278
1772946000000,81.95,82.79,81.94,82.5,19947.970766
1772949600000,82.51,82.62,82.27,82.46,11593.624313
1772953200000,82.46,83.09,82.41,82.95,19956.838108
1772956800000,82.94,83.12,82.51,83.1,15497.362556
1772960400000,83.1,83.38,82.78,83.17,21718.402739
1772964000000,83.17,84.11,83.16,83.66,27014.633728
1772967600000,83.65,83.66,82.65,82.82,25985.344494
1772971200000,82.82,83.0,81.62,82.32,71365.77577
1772974800000,82.31,82.45,81.18,82.07,39918.996424
1772978400000,82.08,82.38,81.94,82.33,17124.443562
1772982000000,82.32,82.4,81.84,82.06,13822.232777
1772985600000,82.05,82.16,81.35,81.54,18379.082624
1772989200000,81.53,81.99,81.38,81.68,21758.758206
1772992800000,81.69,81.79,81.3,81.61,9739.598946
1772996400000,81.61,82.66,81.51,82.48,25734.957609
1773000000000,82.49,82.96,82.1,82.32,19756.449724
1773003600000,82.34,82.44,81.7,82.25,18250.371695
1773007200000,82.24,82.51,80.24,81.99,104227.980145
1773010800000,81.99,82.43,81.48,81.59,25285.586762
1773014400000,81.6,83.28,81.54,82.35,36611.202208
1773018000000,82.35,82.89,81.88,82.09,30395.795422
1773021600000,82.11,82.92,81.66,82.67,25092.135411
1773025200000,82.67,84.5,82.62,83.17,97541.892319
1773028800000,83.16,83.89,83.1,83.2,37625.804382
1773032400000,83.21,84.61,83.15,84.27,53001.401598
1773036000000,84.28,84.31,83.11,83.13,46424.323783
1773039600000,83.14,83.32,82.33,83.17,56509.913223
1773043200000,83.19,83.86,82.94,83.71,39432.496582
1773046800000,83.72,84.59,83.33,84.04,51344.643489
1773050400000,84.05,84.24,83.5,83.74,32325.257963
1773054000000,83.74,83.93,83.11,83.57,29577.962132
1773057600000,83.58,84.21,83.4,84.0,34474.995449
1773061200000,84.01,85.74,84.0,85.15,131548.172333
1773064800000,85.14,85.71,84.57,85.29,62988.069537
1773068400000,85.29,85.44,84.63,85.05,35508.845584
1773072000000,85.06,85.65,84.72,85.13,35444.215436
1773075600000,85.13,85.41,84.31,85.08,75450.897424
1773079200000,85.07,85.56,84.47,85.19,53140.518925
1773082800000,85.2,87.08,85.07,85.97,101098.197995
1773086400000,85.98,86.18,85.29,85.81,32094.134445
1773090000000,85.8,86.36,85.7,86.02,27720.895936
1773093600000,86.02,86.3,85.58,85.72,37561.322962
1773097200000,85.72,85.99,84.84,84.95,36147.536591
1773100800000,84.94,85.96,84.83,85.57,34602.684785
1773104400000,85.57,85.97,85.11,85.74,18077.989946
1773108000000,85.73,86.93,85.47,86.62,55546.809122
1773111600000,86.61,86.74,85.51,85.56,37722.524041
1773115200000,85.57,86.65,85.34,86.54,40527.839758
1773118800000,86.55,86.97,86.34,86.41,25664.845821
1773122400000,86.41,86.7,86.0,86.36,24440.948747
1773126000000,86.35,86.9,86.18,86.7,40698.764403
1773129600000,86.7,87.43,86.59,86.71,67382.105231
1773133200000,86.71,87.5,86.66,87.24,48832.491366
1773136800000,87.23,87.68,86.81,87.1,34622.72008
1773140400000,87.1,87.21,86.64,86.79,26165.618146
1773144000000,86.81,86.85,86.3,86.69,19958.939958
1773147600000,86.7,87.3,85.76,86.09,56856.124529
1773151200000,86.11,88.22,84.93,88.09,142422.873787
1773154800000,88.09,88.62,87.27,88.35,81057.421385
1773158400000,88.35,88.71,87.67,88.4,75444.533068
1773162000000,88.39,88.8,87.64,87.94,52338.762576
1773165600000,87.95,88.01,86.09,86.24,63106.633129
1773169200000,86.28,86.48,85.66,86.02,33521.668578
1773172800000,86.0,86.39,85.94,86.25,21170.601255
1773176400000,86.25,86.44,85.26,85.71,37500.177775
1773180000000,85.7,85.85,85.01,85.52,33568.659471
1773183600000,85.52,85.9,85.35,85.87,22081.299336
1773187200000,85.87,86.22,85.6,86.02,27694.868045
1773190800000,86.03,86.27,85.67,86.1,13348.621179
1773194400000,86.1,86.2,85.49,85.91,26454.098844
1773198000000,85.92,86.17,85.52,85.62,16286.232875
1773201600000,85.62,86.85,85.49,86.73,62265.6768
1773205200000,86.73,86.89,85.61,85.72,59932.318455
1773208800000,85.71,86.18,85.67,86.03,18710.648304
1773212400000,86.03,86.13,85.14,85.44,23367.768213
1773216000000,85.45,85.61,85.09,85.49,73334.037295
1773219600000,85.49,85.58,84.7,84.89,29648.291976
1773223200000,84.88,85.53,84.85,85.26,19190.264303
1773226800000,85.26,85.32,84.37,84.53,55701.784004
1773230400000,84.54,85.7,84.34,85.19,90271.117988
1773234000000,85.19,87.4,85.12,85.97,106311.427753
1773237600000,85.98,87.17,85.73,86.53,59642.982951
1773241200000,86.54,86.64,84.56,85.4,49881.679769
1773244800000,85.41,86.59,85.3,86.43,31710.430631
1773248400000,86.44,87.86,86.44,87.27,81620.478547
1773252000000,87.27,88.1,87.17,87.81,59848.86174
1773255600000,87.8,87.86,87.03,87.3,22988.726561
1773259200000,87.29,87.43,87.02,87.29,15184.284452
1773262800000,87.29,87.61,87.15,87.53,13010.96872
1773266400000,87.55,87.93,86.83,87.04,18691.368985
1773270000000,87.05,87.21,86.46,86.57,18327.116265
1773273600000,86.58,86.77,86.39,86.68,12709.879533
1773277200000,86.68,86.71,85.95,86.04,19201.925347
1773280800000,86.03,86.16,85.17,85.21,54693.750197
1773284400000,85.21,85.42,84.68,85.02,30502.629083
1773288000000,85.01,85.41,84.88,85.11,29141.771401
1773291600000,85.1,85.32,84.89,85.14,13018.114163
1773295200000,85.13,85.4,84.96,85.37,15933.901496
1773298800000,85.39,85.9,84.99,85.81,26097.467308
1773302400000,85.82,86.15,85.38,85.95,29732.253273
1773306000000,85.95,86.7,85.45,86.18,27354.75829
1773309600000,86.19,87.05,86.02,86.75,33290.953282
1773313200000,86.76,87.12,86.64,86.8,28203.63673
1773316800000,86.81,87.52,86.55,87.24,58932.345896
1773320400000,87.25,87.71,86.35,86.74,71137.470911
1773324000000,86.75,87.65,85.22,85.54,76090.172975
1773327600000,85.54,87.03,85.1,86.58,65521.929217
1773331200000,86.58,87.09,85.79,86.81,34735.219976
1773334800000,86.81,87.0,86.33,86.6,18471.451861
1773338400000,86.6,86.82,85.82,85.87,22830.459793
1773342000000,85.87,86.94,85.68,86.79,25720.041617
1773345600000,86.79,86.94,86.41,86.45,14750.631169
1773349200000,86.45,86.69,86.18,86.54,12020.006584
1773352800000,86.53,86.61,85.96,86.29,19342.905232
1773356400000,86.28,87.23,86.27,86.84,27237.560625
1773360000000,86.83,91.14,86.72,89.78,223955.513974
1773363600000,89.77,90.73,89.77,90.47,50818.412048
1773367200000,90.49,90.58,88.95,89.09,55354.125476
1773370800000,89.11,89.97,88.9,89.7,30408.947056
1773374400000,89.7,89.74,89.21,89.36,28746.468514
1773378000000,89.36,89.49,88.91,89.09,32575.3082
1773381600000,89.11,89.23,88.28,88.42,41066.515547
1773385200000,88.42,88.97,88.16,88.69,40246.015728
1773388800000,88.68,89.65,88.34,89.15,53031.947056
1773392400000,89.14,89.65,88.8,89.5,28840.060833
1773396000000,89.51,90.35,89.46,90.19,54308.80835
1773399600000,90.19,90.44,89.94,90.31,40840.626979
1773403200000,90.31,91.37,90.13,90.99,63389.643944
1773406800000,90.99,92.34,90.93,91.86,145317.392189
1773410400000,91.86,92.98,90.45,90.69,206294.020544
1773414000000,90.7,91.23,89.3,89.48,86067.533729
1773417600000,89.5,89.98,88.84,89.62,59076.232013
1773421200000,89.61,90.15,88.57,88.89,62840.318189
1773424800000,88.9,89.15,88.36,88.82,50585.33991
1773428400000,88.83,89.04,88.38,88.91,42157.349987
1773432000000,88.92,89.11,88.55,88.91,37718.484784
1773435600000,88.91,89.14,88.32,88.57,18131.63309
1773439200000,88.58,88.67,87.75,88.01,34283.394866
1773442800000,88.02,88.25,87.8,88.18,18338.581627
1773446400000,88.17,88.38,87.84,87.95,13996.780403
1773450000000,87.95,88.38,87.81,88.25,19242.922904
1773453600000,88.25,88.32,88.0,88.23,7571.511091
1773457200000,88.23,88.62,88.21,88.42,18032.258171
1773460800000,88.42,88.71,88.22,88.26,21051.139478
1773464400000,88.25,88.4,87.86,88.1,27818.134343
1773468000000,88.08,88.1,86.91,87.24,47574.832664
1773471600000,87.25,87.43,87.15,87.32,20423.184317
1773475200000,87.31,87.55,87.08,87.15,18144.966727
1773478800000,87.15,87.3,86.64,86.85,25737.831718
1773482400000,86.84,86.93,86.51,86.66,14067.389352
1773486000000,86.65,87.01,86.64,86.96,16889.647483
1773489600000,86.95,87.12,86.81,87.11,14995.145241
1773493200000,87.09,87.36,87.03,87.12,14917.006334
1773496800000,87.12,87.24,86.63,86.72,19963.761202
1773500400000,86.72,86.93,86.63,86.73,14807.144359
1773504000000,86.73,87.13,86.63,87.07,11402.385224
1773507600000,87.07,87.09,86.84,86.9,8884.878402
1773511200000,86.9,87.11,86.79,87.05,7502.871143
1773514800000,87.04,87.1,86.9,87.01,6412.092862
1773518400000,87.02,87.17,86.87,87.09,11101.248294
1773522000000,87.09,87.34,86.85,87.3,8029.284536
1773525600000,87.28,87.45,87.22,87.31,8579.225299
1773529200000,87.32,88.17,87.32,88.04,28981.449423
1773532800000,88.04,88.2,87.67,87.75,20253.404646
1773536400000,87.75,87.91,87.59,87.69,10344.205817
1773540000000,87.69,88.64,87.69,88.29,29927.749388
1773543600000,88.29,88.43,87.71,87.87,18884.180451
1773547200000,87.86,88.33,87.86,88.32,13167.335359
1773550800000,88.3,88.66,88.11,88.33,35949.154152
1773554400000,88.33,88.61,88.12,88.35,28113.707333
1773558000000,88.34,88.52,88.12,88.22,13543.836532
1773561600000,88.22,88.52,88.14,88.48,10936.585081
1773565200000,88.5,88.87,88.41,88.53,19588.829148
1773568800000,88.53,88.7,88.38,88.48,14308.961483
1773572400000,88.48,88.67,88.26,88.56,9879.626805
1773576000000,88.57,88.57,88.19,88.26,9353.292614
1773579600000,88.27,88.4,87.37,87.84,36571.673482
1773583200000,87.84,88.0,87.57,87.98,24821.134713
1773586800000,87.98,88.12,87.77,87.91,10324.370827
1773590400000,87.91,88.05,87.47,87.56,16298.355293
1773594000000,87.56,88.84,87.52,88.43,23600.041773
1773597600000,88.43,88.7,87.85,87.91,20103.906717
1773601200000,87.91,88.29,87.83,88.18,9068.763214
1773604800000,88.19,89.0,87.98,88.76,19439.49262
1773608400000,88.76,90.3,88.57,90.03,48831.316439
1773612000000,90.01,92.93,89.82,92.65,172388.833521
1773615600000,92.65,93.24,91.62,92.3,118089.668679
1773619200000,92.31,93.06,91.88,92.0,64001.834206
1773622800000,92.02,92.23,91.49,92.09,42577.164118
1773626400000,92.1,92.28,91.18,91.49,30881.060953
1773630000000,91.49,93.96,91.29,93.17,148678.999724
1773633600000,93.17,94.24,92.91,93.62,118089.807858
1773637200000,93.62,94.31,93.21,94.05,71017.303348
1773640800000,94.04,94.04,93.16,93.41,38638.581236
1773644400000,93.41,93.87,93.33,93.56,40988.029188
1773648000000,93.56,94.02,92.57,92.87,46519.649002
1773651600000,92.87,93.46,92.73,93.3,26578.908961
1773655200000,93.31,93.95,93.26,93.9,29379.766964
1773658800000,93.91,93.99,93.51,93.74,18271.66636
1773662400000,93.75,94.19,93.4,93.76,54290.950619
1773666000000,93.77,95.13,93.43,93.67,123601.803565
1773669600000,93.68,94.52,92.38,93.6,119163.075152
1773673200000,93.61,94.34,93.09,93.2,54148.577974
1773676800000,93.19,94.04,93.13,93.81,41895.510209
1773680400000,93.81,94.42,93.7,94.08,47620.855639
1773684000000,94.08,95.1,94.05,94.38,47312.151906
1773687600000,94.38,95.5,94.17,95.21,57346.205922
1773691200000,95.2,95.97,95.06,95.79,36635.917265
1773694800000,95.8,96.89,95.51,96.18,51307.511826
1773698400000,96.19,97.67,96.17,96.37,75155.279815
1773702000000,96.36,96.47,95.42,96.21,43381.587637
1773705600000,96.2,96.97,95.13,95.52,84577.141323
1773709200000,95.51,96.1,94.97,95.7,76936.9809
1773712800000,95.71,95.78,94.89,95.15,25410.04387
1773716400000,95.14,95.29,93.71,94.07,71654.295783
1773720000000,94.08,94.26,93.19,93.79,39949.577603
1773723600000,93.79,94.09,93.34,93.81,26453.633099
1773727200000,93.81,94.31,93.48,93.9,26506.917182
1773730800000,93.9,94.65,93.86,94.42,22744.02477
1773734400000,94.42,94.95,94.27,94.4,28527.956324
1773738000000,94.4,95.1,93.69,93.9,58410.667566
1773741600000,93.9,94.05,93.23,93.57,32953.566136
1773745200000,93.57,93.93,93.41,93.65,26880.650106
1773748800000,93.66,94.08,93.16,93.42,19793.532449
1773752400000,93.41,94.57,93.36,93.79,51911.984325
1773756000000,93.8,94.69,93.51,94.5,50004.080778
1773759600000,94.5,95.18,93.26,93.84,66613.649352
1773763200000,93.83,94.79,93.73,94.39,23609.230041
1773766800000,94.38,94.71,94.15,94.57,12903.224863
1773770400000,94.58,95.61,94.43,95.32,27809.910361
1773774000000,95.33,95.55,94.62,94.67,18609.828578
1773777600000,94.66,95.03,94.41,94.89,17878.617222
1773781200000,94.9,95.44,94.84,95.27,13129.748686
1773784800000,95.27,95.61,94.58,95.31,31177.268338
1773788400000,95.3,95.42,94.58,94.61,18461.356825
1773792000000,94.61,94.91,94.09,94.52,20626.74054
1773795600000,94.54,94.92,94.32,94.42,14888.763728
1773799200000,94.41,95.22,94.39,94.94,14545.538388
1773802800000,94.94,95.65,94.82,95.04,19509.094668
1773806400000,95.04,95.1,94.0,94.12,45925.106974
1773810000000,94.13,94.39,93.74,93.93,35949.81613
1773813600000,93.93,94.64,93.93,94.24,11685.057431
1773817200000,94.24,94.3,93.83,93.96,15494.267063
1773820800000,93.96,94.25,93.96,94.03,21311.311264
1773824400000,94.02,94.42,93.94,94.27,24337.990369
1773828000000,94.27,94.42,93.46,93.87,19102.220887
1773831600000,93.85,94.07,91.8,92.01,115541.808773
1773835200000,92.01,92.05,90.32,90.41,98910.269818
1773838800000,90.42,90.75,89.87,90.31,79402.335879
1773842400000,90.33,90.4,88.85,88.96,98483.406601
1773846000000,88.95,89.46,88.53,89.38,52173.981036
1773849600000,89.37,89.37,88.64,88.98,54645.412249
1773853200000,88.98,90.36,88.82,89.94,44838.180707
1773856800000,89.94,90.85,89.36,89.58,64516.900876
1773860400000,89.57,90.06,89.45,89.7,18194.759671
1773864000000,89.7,90.13,88.99,90.0,35401.915223
1773867600000,89.99,90.61,89.94,90.46,20650.639161
1773871200000,90.45,90.49,89.93,90.03,34129.014029
1773874800000,90.03,90.17,89.69,90.09,13772.757653
1773878400000,90.05,90.3,89.83,90.12,14044.786483
1773882000000,90.13,90.39,89.93,90.18,14883.03407
1773885600000,90.2,90.4,89.79,89.98,10997.592619
1773889200000,89.99,91.4,89.93,90.73,37722.800492
1773892800000,90.74,90.74,89.69,89.9,39309.547057
1773896400000,89.92,90.1,89.68,89.76,12760.372778
1773900000000,89.77,90.14,89.53,89.88,23855.024716
1773903600000,89.86,90.03,88.63,89.41,47521.70419
1773907200000,89.42,89.62,89.1,89.35,11983.785049
1773910800000,89.35,90.4,89.16,90.2,32578.744989
1773914400000,90.19,90.48,89.78,89.81,14376.539057
1773918000000,89.8,90.03,89.47,89.62,7466.353482
1773921600000,89.61,89.62,88.04,88.11,39757.519107
1773925200000,88.11,88.73,87.55,88.5,84907.123915
1773928800000,88.52,88.92,87.45,88.24,39556.08873
1773932400000,88.23,88.75,87.16,87.62,77392.088913
1773936000000,87.64,87.8,87.0,87.7,58515.808101
1773939600000,87.69,88.35,87.08,88.14,46553.162244
1773943200000,88.14,88.32,87.67,88.15,22258.963666
1773946800000,88.13,89.27,88.12,88.71,37426.952088
1773950400000,88.7,89.2,88.68,88.98,9138.122357
1773954000000,88.98,89.32,88.84,89.14,16523.879167
1773957600000,89.12,89.18,88.4,88.77,17930.366436
1773961200000,88.78,89.21,88.59,88.89,23596.106741
1773964800000,88.91,89.42,88.87,89.41,19912.072776
1773968400000,89.42,89.84,89.33,89.48,18762.643351
1773972000000,89.48,89.59,88.88,89.32,13212.236464
1773975600000,89.32,89.71,89.25,89.55,12656.5342
1773979200000,89.56,89.76,88.73,89.29,15101.394768
1773982800000,89.29,89.53,88.88,89.35,26131.057825
1773986400000,89.36,89.37,88.93,89.09,21785.473685
1773990000000,89.09,89.5,88.51,89.38,14641.183537
1773993600000,89.39,90.46,89.31,89.8,29245.846559
1773997200000,89.8,89.8,88.65,88.97,20945.469413
1774000800000,88.98,89.49,88.61,89.32,21454.206684
1774004400000,89.32,89.59,88.89,89.15,15568.935981
1774008000000,89.16,89.52,89.04,89.14,20900.140643
1774011600000,89.15,89.63,88.63,88.82,39848.655477
1774015200000,88.81,89.76,88.52,88.93,32719.28965
1774018800000,88.93,89.33,88.63,88.96,23135.324015
1774022400000,88.96,89.21,88.63,88.92,14502.572114
1774026000000,88.93,89.04,88.15,88.91,17313.321355
1774029600000,88.92,89.0,88.17,88.56,13927.326983
1774033200000,88.59,89.06,88.24,88.98,11427.078766
1774036800000,89.0,89.36,88.67,89.02,8741.19859
1774040400000,89.02,90.03,88.93,89.6,15805.19014
1774044000000,89.6,90.29,89.59,90.1,13665.763886
1774047600000,90.11,90.15,89.73,89.86,9962.787722
1774051200000,89.86,90.23,89.84,90.03,8644.107271
1774054800000,90.03,90.34,89.7,89.87,13014.882797
1774058400000,89.88,90.69,89.77,90.46,20323.499401
1774062000000,90.47,90.61,90.33,90.44,9031.718768
1774065600000,90.45,90.81,90.17,90.28,15818.424408
1774069200000,90.27,90.53,89.98,89.98,9881.654712
1774072800000,89.98,90.31,89.91,90.17,7449.495273
1774076400000,90.16,90.41,89.95,90.13,10216.366766
1774080000000,90.14,90.14,89.83,90.0,6669.532143
1774083600000,90.0,90.44,89.99,90.19,15984.346127
1774087200000,90.19,90.24,89.86,89.98,7399.631235
1774090800000,89.99,90.02,89.84,89.95,6681.292835
1774094400000,89.96,90.25,89.88,90.19,8078.160805
1774098000000,90.18,90.28,89.99,90.03,10552.823414
1774101600000,90.04,90.43,89.64,89.68,15906.015964
1774105200000,89.68,89.94,89.4,89.84,12104.487439
1774108800000,89.84,90.01,89.57,89.68,9570.342157
1774112400000,89.69,89.71,89.41,89.57,7624.695507
1774116000000,89.57,89.94,89.55,89.78,6240.889805
1774119600000,89.78,89.92,89.7,89.8,2732.628503
1774123200000,89.81,90.32,89.78,90.16,13534.519326
1774126800000,90.17,90.22,89.9,90.01,10476.814214
1774130400000,90.01,90.07,89.82,89.91,5839.694691
1774134000000,89.9,89.9,87.14,87.56,94052.897239
1774137600000,87.56,87.77,86.28,87.34,88437.287048
1774141200000,87.34,87.73,86.99,87.45,39054.99349
1774144800000,87.46,88.48,87.41,88.16,28007.625389
1774148400000,88.16,89.15,87.77,88.67,28357.311432
1774152000000,88.67,89.19,88.61,89.02,29673.079622
1774155600000,89.0,89.01,88.45,88.46,15310.108645
1774159200000,88.47,88.47,88.15,88.2,10272.021832
1774162800000,88.19,88.33,87.67,87.71,10042.317873
1774166400000,87.71,87.74,86.87,87.38,23667.738101
1774170000000,87.38,87.66,87.18,87.32,12619.718682
1774173600000,87.32,87.5,87.24,87.34,6781.562727
1774177200000,87.33,87.47,86.84,86.84,16544.190625
1774180800000,86.85,87.48,86.82,87.26,12469.050523
1774184400000,87.27,87.73,87.02,87.33,9852.077849
1774188000000,87.33,87.59,87.05,87.2,7384.152561
1774191600000,87.21,87.6,87.18,87.58,14882.623554
1774195200000,87.58,87.71,87.25,87.49,19585.692804
1774198800000,87.48,87.56,87.21,87.27,6898.863936
1774202400000,87.26,87.32,86.47,87.03,14945.504573
1774206000000,87.02,87.02,86.58,86.87,8274.454607
1774209600000,86.87,87.18,86.55,86.58,11753.597605
1774213200000,86.59,86.63,85.11,85.99,62730.92433
1774216800000,85.99,86.78,85.52,86.73,31665.184681
1774220400000,86.75,87.01,86.02,86.21,15463.016665
1774224000000,86.22,86.61,85.46,85.9,19603.554659
1774227600000,85.9,86.62,85.76,86.09,15145.680009
1774231200000,86.1,86.97,86.05,86.69,13257.450854
1774234800000,86.7,87.21,86.37,86.4,13988.799301
1774238400000,86.4,86.92,86.33,86.89,14620.494861
1774242000000,86.91,87.31,86.84,87.19,35749.973673
1774245600000,87.17,87.17,85.45,85.76,31974.72846
1774249200000,85.76,86.23,85.1,85.99,44463.501493
1774252800000,86.0,86.46,85.86,85.96,17383.100973
1774256400000,85.97,86.02,85.18,85.76,13129.348366
1774260000000,85.77,86.32,85.65,86.06,18377.099455
1774263600000,86.08,91.96,86.04,88.79,525103.037924
1774267200000,88.78,90.5,88.32,90.23,76600.927097
1774270800000,90.23,91.49,89.89,91.33,64824.628202
1774274400000,91.33,91.73,91.07,91.52,52474.608627
1774278000000,91.53,92.28,89.77,89.95,73075.566021
1774281600000,89.96,90.44,89.41,90.34,61117.716242
1774285200000,90.37,91.4,89.71,91.28,71965.50701
1774288800000,91.28,91.8,90.94,91.62,29556.720323
1774292400000,91.62,91.9,91.25,91.39,18528.199403
1774296000000,91.38,92.03,91.25,91.78,15831.622383
1774299600000,91.8,91.97,91.52,91.62,8503.947473
1774303200000,91.63,91.9,91.19,91.53,16825.17038
1774306800000,91.52,91.58,90.99,91.44,14445.666225
1774310400000,91.44,91.68,90.61,91.0,23989.642431
1774314000000,91.0,91.05,90.15,90.42,13696.006701
1774317600000,90.42,90.78,90.12,90.16,7909.845266
1774321200000,90.16,90.35,89.94,90.34,15735.788436
1774324800000,90.34,90.81,90.15,90.35,19385.924223
1774328400000,90.37,90.41,90.0,90.13,19736.912408
1774332000000,90.13,90.52,90.06,90.46,17065.150461
1774335600000,90.46,91.88,90.41,91.73,40973.718106
1774339200000,91.71,92.0,91.27,91.57,80255.379745
1774342800000,91.58,92.16,91.01,92.13,64653.964073
1774346400000,92.13,92.23,91.73,91.86,34303.532929
1774350000000,91.85,92.17,91.36,91.77,31510.046646
1774353600000,91.79,91.86,91.38,91.58,23763.637107
1774357200000,91.59,91.76,89.57,89.86,77052.788013
1774360800000,89.86,90.23,88.68,89.55,93899.650983
1774364400000,89.56,90.29,89.5,89.74,33625.225603
1774368000000,89.74,89.97,89.06,89.28,16318.254708
1774371600000,89.29,89.39,88.72,89.17,22036.50285
1774375200000,89.18,89.73,88.88,88.89,32872.124675
1774378800000,88.89,89.29,88.4,88.51,30890.372766
1774382400000,88.53,90.24,88.5,90.03,30149.468219
1774386000000,90.04,90.62,89.69,90.37,18357.711579
1774389600000,90.38,90.77,90.09,90.34,16768.767868
1774393200000,90.34,91.14,90.23,90.79,24166.883593
1774396800000,90.8,91.61,90.7,91.31,21435.835945
1774400400000,91.32,91.47,90.92,90.92,16030.40844
1774404000000,90.95,91.52,90.82,91.12,27978.634773
1774407600000,91.13,91.95,90.79,91.69,29348.56432
1774411200000,91.7,92.12,91.59,92.05,24334.131104
1774414800000,92.05,92.96,91.96,92.42,42254.018416
1774418400000,92.43,92.92,92.27,92.38,25838.807021
1774422000000,92.39,92.5,91.77,91.82,20687.056658
1774425600000,91.82,92.74,91.82,92.34,43336.275795
1774429200000,92.34,92.65,92.13,92.54,37808.199615
1774432800000,92.56,92.69,92.38,92.65,20960.215451
1774436400000,92.64,93.48,92.42,92.98,56557.828239
1774440000000,92.99,93.44,92.35,93.04,45556.393222
1774443600000,93.04,93.42,92.71,92.74,42806.412798
1774447200000,92.74,92.91,91.93,91.96,50312.04712
1774450800000,91.96,92.09,91.0,91.79,49449.656771
1774454400000,91.78,92.76,91.61,92.22,31280.601123
1774458000000,92.22,92.35,91.61,91.71,27285.929647
1774461600000,91.72,92.2,91.46,91.69,12998.604396
1774465200000,91.7,92.0,91.41,91.76,11371.378651
1774468800000,91.76,91.78,91.1,91.49,17253.610209
1774472400000,91.5,91.61,91.16,91.26,8774.132249
1774476000000,91.27,91.95,91.02,91.76,37763.685932
1774479600000,91.75,91.85,91.47,91.71,9837.234109
1774483200000,91.71,91.98,91.5,91.72,15656.841087
1774486800000,91.72,91.96,91.62,91.84,12334.116384
1774490400000,91.83,91.86,90.65,90.96,21588.771792
1774494000000,90.95,91.15,90.6,91.07,18256.038743
1774497600000,91.07,91.07,90.68,90.81,10900.555829
1774501200000,90.82,90.86,89.13,89.25,84405.346391
1774504800000,89.25,89.31,88.88,89.06,55445.150228
1774508400000,89.05,89.37,88.8,89.1,41352.476119
1774512000000,89.09,89.1,88.64,88.89,25080.203648
1774515600000,88.88,89.02,87.75,88.11,50167.206768
1774519200000,88.11,88.34,87.78,87.95,26896.484738
1774522800000,87.96,88.12,87.45,87.57,33930.873377
1774526400000,87.57,87.85,87.41,87.59,21291.861493
1774530000000,87.59,88.28,87.33,87.92,39383.650465
1774533600000,87.93,88.18,87.17,87.55,26808.298916
1774537200000,87.55,87.82,86.71,87.54,34274.183744
1774540800000,87.54,87.73,87.14,87.22,26418.863911
1774544400000,87.22,87.5,86.53,86.61,33489.216039
1774548000000,86.61,86.82,85.74,86.05,59340.038528
1774551600000,86.07,86.09,85.43,85.46,35597.491618
1774555200000,85.47,87.13,85.43,86.34,65944.794762
1774558800000,86.35,87.13,86.21,86.84,21936.197668
1774562400000,86.84,86.9,86.24,86.82,13782.31908
1774566000000,86.82,86.96,86.21,86.53,26778.57072
1774569600000,86.53,86.79,86.2,86.55,18183.654941
1774573200000,86.55,86.9,86.46,86.88,10544.813524
1774576800000,86.9,87.04,86.55,86.7,11121.399929
1774580400000,86.71,86.79,86.35,86.43,12037.049381
1774584000000,86.43,86.44,85.75,86.18,20001.744511
1774587600000,86.17,86.76,85.95,86.11,22276.767634
1774591200000,86.11,86.39,85.91,86.07,18176.364092
1774594800000,86.07,86.36,85.7,85.93,23453.925312
1774598400000,85.93,86.13,84.32,85.1,94746.795
1774602000000,85.1,85.25,84.43,85.07,27599.177073
1774605600000,85.08,85.15,82.64,83.01,148271.768509
1774609200000,83.01,83.64,82.65,83.38,46869.490691
1774612800000,83.38,83.42,83.04,83.1,36906.224284
1774616400000,83.1,83.54,82.47,82.92,55430.048971
1774620000000,82.92,83.33,82.61,83.17,45958.960242
1774623600000,83.18,84.0,82.97,83.33,74738.017094
1774627200000,83.34,83.37,82.63,83.02,42635.406951
1774630800000,83.02,83.44,82.1,82.24,44102.406686
1774634400000,82.24,82.49,81.85,82.4,26972.871266
1774638000000,82.39,82.9,82.07,82.81,13938.447225
1774641600000,82.82,82.96,82.38,82.78,11277.045395
1774645200000,82.79,83.05,82.69,82.75,9179.998107
1774648800000,82.76,82.84,82.53,82.74,6941.202494
1774652400000,82.74,83.13,82.46,83.1,15840.01779
1774656000000,83.1,83.1,82.72,82.86,10863.925362
1774659600000,82.86,82.88,82.25,82.66,13282.826621
1774663200000,82.67,82.92,82.39,82.57,9247.041185
1774666800000,82.57,82.72,82.52,82.59,8194.962557
1774670400000,82.6,82.77,82.42,82.56,13583.388786
1774674000000,82.58,82.79,82.29,82.76,32595.323442
1774677600000,82.76,83.27,82.66,83.18,21611.347123
1774681200000,83.18,83.66,83.18,83.61,13550.021978
1774684800000,83.61,83.71,83.38,83.39,15133.303239
1774688400000,83.39,83.39,82.91,83.04,16829.609747
1774692000000,83.05,83.34,82.73,83.02,34103.324807
1774695600000,83.01,83.07,82.91,82.96,7103.101029
1774699200000,82.95,83.21,82.61,82.69,13953.635323
1774702800000,82.69,84.12,82.69,83.38,48117.922861
1774706400000,83.37,83.53,83.0,83.26,22689.997193
1774710000000,83.24,84.29,83.2,83.83,52496.08022
1774713600000,83.83,83.95,83.45,83.55,24083.73636
1774717200000,83.54,83.73,83.15,83.31,13555.273877
1774720800000,83.31,83.52,83.29,83.37,6776.489237
1774724400000,83.37,83.42,83.02,83.27,8541.759264
1774728000000,83.28,83.5,83.28,83.4,9025.102541
1774731600000,83.41,83.44,82.37,82.7,38788.129755
1774735200000,82.69,82.89,82.47,82.79,10210.735828
1774738800000,82.78,82.79,81.69,82.08,26486.71406
1774742400000,82.09,82.26,81.87,82.21,13435.002449
1774746000000,82.21,82.51,82.08,82.47,15694.577425
1774749600000,82.47,82.84,82.42,82.77,7436.702849
1774753200000,82.78,83.24,82.68,83.0,10661.37925
1774756800000,83.0,83.03,82.71,82.78,14608.693436
1774760400000,82.76,82.86,82.4,82.7,23381.59087
1774764000000,82.71,82.81,82.28,82.48,23881.458238
1774767600000,82.48,82.61,82.23,82.45,10118.621927
1774771200000,82.45,82.62,82.34,82.45,5896.613051
1774774800000,82.46,82.52,82.16,82.35,20811.037443
1774778400000,82.34,82.34,81.98,82.12,12827.281628
1774782000000,82.12,82.83,82.11,82.58,12485.410468
1774785600000,82.58,82.63,82.22,82.43,6018.375159
1774789200000,82.43,82.45,81.69,81.92,23463.174397
1774792800000,81.92,82.43,81.71,81.92,26602.553085
1774796400000,81.93,82.15,81.32,81.82,31386.83842
1774800000000,81.82,82.12,81.63,81.7,9653.442386
1774803600000,81.7,81.85,81.13,81.55,25606.978219
1774807200000,81.55,81.92,81.4,81.8,17172.811897
1774810800000,81.8,81.87,81.55,81.61,5749.312851
1774814400000,81.61,82.21,81.6,81.93,15613.994861
1774818000000,81.92,82.21,81.83,82.14,13701.294971
1774821600000,82.15,82.15,78.88,80.93,165624.976381
1774825200000,80.93,81.7,80.89,81.42,47800.738121
1774828800000,81.43,83.01,81.16,81.89,46410.179272
1774832400000,81.89,82.87,81.89,82.71,23371.829235
1774836000000,82.72,83.97,82.48,83.35,46654.979019
1774839600000,83.35,83.54,82.94,83.27,24116.899334
1774843200000,83.28,83.89,83.26,83.77,33094.99768
1774846800000,83.77,84.17,83.47,83.64,61305.024235
1774850400000,83.63,83.87,83.41,83.46,17413.627108
1774854000000,83.46,84.26,83.35,84.03,26625.940698
1774857600000,84.02,84.89,84.0,84.5,66850.218942
1774861200000,84.5,84.51,84.1,84.13,21024.356535
1774864800000,84.15,84.21,83.58,83.92,29531.145277
1774868400000,83.93,84.69,83.88,84.26,31121.418017
1774872000000,84.28,84.61,84.13,84.51,29846.352738
1774875600000,84.51,85.0,83.92,84.01,50865.192065
1774879200000,84.0,84.64,83.66,84.39,55188.600565
1774882800000,84.39,84.75,83.89,84.5,26674.850654
1774886400000,84.5,84.55,83.94,84.22,21053.777243
1774890000000,84.24,84.42,83.08,83.27,31276.190744
1774893600000,83.27,83.43,82.47,82.7,20294.221464
1774897200000,82.7,82.71,81.98,82.4,40690.735344
1774900800000,82.39,82.9,82.36,82.81,20732.352722
1774904400000,82.78,83.68,82.7,83.17,27581.855
1774908000000,83.17,83.5,82.65,82.82,21800.223486
1774911600000,82.81,82.82,82.14,82.55,16305.273388
1774915200000,82.56,82.95,82.16,82.73,23676.64617
1774918800000,82.74,84.62,82.61,83.85,51090.880051
1774922400000,83.86,84.1,83.6,83.83,13246.469448
1774926000000,83.83,83.92,83.28,83.6,9194.6633
1774929600000,83.62,83.9,83.31,83.34,21552.915826
1774933200000,83.34,83.77,82.89,83.77,27229.581084
1774936800000,83.77,83.85,83.06,83.41,34897.414496
1774940400000,83.42,83.44,82.69,83.1,24947.775257
1774944000000,83.11,83.34,82.24,82.25,27635.346818
1774947600000,82.25,82.47,80.11,80.56,83561.689459
1774951200000,80.56,80.96,80.35,80.47,44711.411145
1774954800000,80.48,80.97,80.28,80.86,60230.519071
1774958400000,80.88,81.1,80.4,80.8,34284.045034
1774962000000,80.82,82.04,80.76,81.87,42397.916063
1774965600000,81.84,82.58,80.4,80.63,65998.153247
1774969200000,80.64,81.67,80.64,80.87,34554.62336
1774972800000,80.87,82.91,80.87,82.38,60400.036563
1774976400000,82.37,83.47,82.2,82.39,70319.227092
1774980000000,82.39,83.09,82.39,82.89,20946.674618
1774983600000,82.9,82.98,82.47,82.71,17373.770154
1774987200000,82.69,83.41,82.63,83.18,28336.013522
1774990800000,83.18,83.19,82.63,82.86,20599.72842
1774994400000,82.86,82.92,82.34,82.77,25432.677086
1774998000000,82.78,83.27,82.67,83.19,21234.32199
1775001600000,83.2,83.6,82.85,83.42,20326.501638
1775005200000,83.42,83.48,82.73,82.75,23169.712041
1775008800000,82.75,82.91,82.48,82.64,17069.887939
1775012400000,82.66,83.49,82.66,83.44,19330.784326
1775016000000,83.43,83.85,83.25,83.75,38894.772316
1775019600000,83.75,84.37,83.37,84.14,53992.523138
1775023200000,84.13,84.73,84.04,84.45,38477.213563
1775026800000,84.44,84.74,83.8,83.83,30168.44643
1775030400000,83.83,84.05,83.42,83.63,32209.807435
1775034000000,83.63,83.75,83.15,83.39,37257.449594
1775037600000,83.38,83.49,83.07,83.38,18817.641174
1775041200000,83.37,83.58,83.17,83.38,10749.336855
1775044800000,83.37,83.73,82.81,83.04,44978.429103
1775048400000,83.06,83.45,82.4,82.67,46049.216299
1775052000000,82.67,83.56,82.51,83.38,33859.402779
1775055600000,83.38,83.87,83.08,83.64,41685.424668
1775059200000,83.62,85.31,83.02,85.26,85857.340074
1775062800000,85.26,86.62,84.24,84.44,136335.453777
1775066400000,84.44,84.5,83.55,83.65,36929.361176
1775070000000,83.67,84.42,83.65,83.84,29830.190854
1775073600000,83.85,83.89,82.29,82.56,72555.154891
1775077200000,82.58,83.18,81.41,81.87,52955.764113
1775080800000,81.86,81.96,80.79,81.17,71269.890548
1775084400000,81.17,81.46,81.03,81.2,36852.895119
1775088000000,81.2,81.77,80.94,81.65,35816.296268
1775091600000,81.64,81.65,78.97,79.35,179372.767858
1775095200000,79.35,79.35,78.31,78.88,116039.375276
1775098800000,78.88,79.42,78.69,79.01,73153.583116
1775102400000,79.01,79.21,78.77,78.84,53954.573377
1775106000000,78.84,79.41,78.62,79.26,42407.333198
1775109600000,79.27,79.43,78.96,79.14,24251.736366
1775113200000,79.14,79.68,79.01,79.64,21800.867524
1775116800000,79.62,79.62,79.05,79.13,17696.148656
1775120400000,79.13,79.37,78.93,79.27,16768.004637
1775124000000,79.28,79.31,78.81,78.89,14417.669538
1775127600000,78.9,78.99,78.17,78.33,37001.685562
1775131200000,78.33,78.6,77.88,77.98,66199.147255
1775134800000,77.99,78.27,76.7,77.76,98942.942776
1775138400000,77.76,79.72,77.53,79.07,120020.713984
1775142000000,79.08,79.25,78.36,79.05,53207.806491
1775145600000,79.05,79.88,78.71,79.44,73617.432555
1775149200000,79.43,79.67,78.56,78.59,34077.641639
1775152800000,78.59,79.28,78.44,79.13,26064.405885
1775156400000,79.14,79.26,78.71,78.99,23240.461856
1775160000000,79.0,79.37,78.75,79.16,22280.43843
1775163600000,79.17,79.24,78.64,78.98,20315.869491
1775167200000,78.96,79.14,78.74,78.98,9843.497857
1775170800000,78.99,79.15,78.8,78.95,25942.967762
1775174400000,78.96,79.39,78.88,79.23,11966.971729
1775178000000,79.22,79.79,78.95,79.18,31424.640129
1775181600000,79.18,79.6,78.87,79.35,22510.082106
1775185200000,79.35,79.47,79.01,79.01,25648.698259
1775188800000,79.01,79.55,79.0,79.32,41486.232885
1775192400000,79.32,79.67,79.07,79.32,14674.009422
1775196000000,79.32,79.71,79.21,79.66,14363.972227
1775199600000,79.65,80.15,79.44,79.94,22065.831671
1775203200000,79.95,80.14,79.64,79.76,20591.876729
1775206800000,79.77,80.25,79.7,79.96,35854.380315
1775210400000,79.97,80.2,79.71,80.18,42474.784936
1775214000000,80.18,80.46,79.89,80.18,42875.411559
1775217600000,80.18,80.91,79.24,79.33,71532.006042
1775221200000,79.35,79.63,79.17,79.62,22380.554397
1775224800000,79.61,80.34,79.44,80.26,26985.341442
1775228400000,80.24,80.67,80.16,80.33,37989.009012
1775232000000,80.33,80.68,80.2,80.56,37066.830159
1775235600000,80.56,80.56,79.91,80.2,15856.554782
1775239200000,80.19,80.46,80.09,80.13,11351.28924
1775242800000,80.12,80.29,79.87,80.19,13563.067408
1775246400000,80.21,80.32,80.15,80.2,6155.317419
1775250000000,80.2,80.74,80.11,80.4,20153.760956
1775253600000,80.4,80.5,79.95,80.16,14640.454618
1775257200000,80.16,80.59,80.13,80.4,21097.095623
1775260800000,80.39,80.42,80.13,80.23,6745.470489
1775264400000,80.23,80.34,80.05,80.14,9592.265049
1775268000000,80.13,80.29,80.06,80.16,11531.723341
1775271600000,80.18,80.29,80.15,80.17,12521.913623
1775275200000,80.17,80.3,80.14,80.24,11347.629429
1775278800000,80.24,80.28,80.1,80.18,13557.905667
1775282400000,80.19,80.54,80.13,80.45,6808.34851
1775286000000,80.46,80.48,80.21,80.32,3587.702301
1775289600000,80.32,80.41,79.93,79.98,10734.985642
1775293200000,79.99,80.09,79.91,80.04,7722.235037
1775296800000,80.05,80.29,80.01,80.22,17428.088598
1775300400000,80.22,80.28,80.03,80.19,11416.868042
1775304000000,80.19,80.25,80.02,80.09,5184.735856
1775307600000,80.08,80.24,79.93,80.03,10581.926126
1775311200000,80.03,80.38,79.55,80.34,23691.067054
1775314800000,80.36,81.61,80.27,81.09,72453.554779
1775318400000,81.08,81.35,80.73,80.74,29790.687639
1775322000000,80.75,81.03,80.62,80.93,9317.502734
1775325600000,80.94,81.13,80.72,80.85,11311.908314
1775329200000,80.85,81.33,80.75,80.86,23419.194692
1775332800000,80.85,80.87,80.62,80.8,6230.740802
1775336400000,80.81,81.03,80.78,80.92,13595.124376
1775340000000,80.92,81.07,80.88,81.01,11238.919853
1775343600000,80.99,80.99,80.72,80.85,6950.11308
1775347200000,80.84,80.86,80.54,80.69,11469.290177
1775350800000,80.69,80.78,80.49,80.49,9470.114026
1775354400000,80.49,80.64,80.37,80.57,14628.368285
1775358000000,80.58,80.62,80.4,80.54,8317.574583
1775361600000,80.55,80.6,80.28,80.32,18873.05448
1775365200000,80.33,80.42,80.14,80.33,13617.596059
1775368800000,80.32,80.43,79.41,79.6,59936.66081
1775372400000,79.6,79.87,79.52,79.6,21798.602417
1775376000000,79.6,79.73,79.55,79.63,8506.110343
1775379600000,79.63,79.88,79.63,79.85,8471.301749
1775383200000,79.84,80.27,79.8,79.85,12251.86206
1775386800000,79.86,79.93,79.78,79.92,8311.706796
1775390400000,79.92,79.96,78.8,79.03,50584.613857
1775394000000,79.03,79.25,78.51,79.2,42038.323951
1775397600000,79.21,79.48,79.14,79.29,10780.049402
1775401200000,79.3,80.33,79.0,79.6,46896.219651
1775404800000,79.6,79.82,79.39,79.47,16084.722269
1775408400000,79.47,79.93,79.39,79.89,14238.628866
1775412000000,79.89,80.12,79.71,79.96,10579.073716
1775415600000,79.97,80.22,79.54,79.82,9192.245098
1775419200000,79.82,80.21,79.8,80.18,12712.900956
1775422800000,80.17,80.2,79.5,79.74,18428.865907
1775426400000,79.74,80.68,79.1,80.58,39539.770369
1775430000000,80.57,82.12,80.46,81.89,68302.608746
1775433600000,81.89,82.97,81.89,82.33,71683.115566
1775437200000,82.35,82.42,81.68,81.7,38610.187273
1775440800000,81.69,82.8,81.67,82.41,28349.090192
1775444400000,82.41,82.47,81.95,82.09,46723.8745
1775448000000,82.1,82.38,81.8,82.0,32165.98129
1775451600000,82.0,82.07,81.84,81.9,13962.049296
1775455200000,81.89,82.12,80.96,81.5,43767.381393
1775458800000,81.52,81.97,81.33,81.81,40750.292763
1775462400000,81.82,82.26,81.7,82.0,34012.16676
1775466000000,81.99,83.2,81.88,82.45,72699.600597
1775469600000,82.46,82.89,82.46,82.68,34763.836659
1775473200000,82.67,82.67,82.32,82.43,20709.211792
1775476800000,82.44,82.52,82.17,82.29,17059.876033
1775480400000,82.29,82.66,82.16,82.47,17903.500417
1775484000000,82.46,82.8,81.74,82.24,41853.803255
1775487600000,82.24,82.45,82.01,82.28,24610.378328
1775491200000,82.28,82.46,81.57,81.6,27119.257606
1775494800000,81.61,81.78,81.19,81.65,24506.12442
1775498400000,81.65,82.21,81.56,81.89,14663.656834
1775502000000,81.88,81.96,81.56,81.89,10882.24173
1775505600000,81.91,82.14,81.81,81.99,10525.242565
1775509200000,81.99,81.99,81.38,81.49,13067.993775
1775512800000,81.46,81.51,80.17,80.18,40789.910501
1775516400000,80.18,80.25,79.6,80.02,76178.22076
1775520000000,80.01,80.23,79.6,79.9,47431.036812
1775523600000,79.9,80.13,79.38,79.52,39051.660514
1775527200000,79.52,79.89,79.46,79.71,24631.726838
1775530800000,79.72,79.9,79.69,79.8,13752.97207
1775534400000,79.79,80.17,79.67,79.92,12056.647575
1775538000000,79.93,79.96,79.46,79.61,26407.688142
1775541600000,79.6,79.65,79.3,79.52,29803.124124
1775545200000,79.55,79.95,79.45,79.87,36174.178509
1775548800000,79.87,80.35,79.81,80.13,57807.503176
1775552400000,80.14,80.57,80.14,80.37,29338.761345
1775556000000,80.38,80.44,79.23,79.37,47830.184806
1775559600000,79.38,79.55,78.96,79.23,45943.971147
1775563200000,79.23,79.39,78.68,79.14,57891.639759
1775566800000,79.14,79.25,78.83,78.88,27452.573733
1775570400000,78.9,79.07,78.4,78.59,38972.75019
1775574000000,78.59,79.0,78.38,78.87,41729.776244
1775577600000,78.87,79.2,78.66,78.89,31450.160048
1775581200000,78.9,80.98,78.83,80.05,122121.836047
1775584800000,80.05,80.18,79.52,79.92,32596.726292
1775588400000,79.91,81.83,79.87,81.62,100886.364419
1775592000000,81.62,82.42,81.62,81.94,79468.339663
1775595600000,81.94,83.26,81.87,82.91,122825.693736
1775599200000,82.92,85.23,82.92,85.23,194655.772384
1775602800000,85.24,87.03,85.07,85.54,235063.144555
1775606400000,85.54,85.89,84.24,84.74,85152.240429
1775610000000,84.74,84.96,84.43,84.68,36963.835707
1775613600000,84.69,84.96,84.39,84.59,61709.336399
1775617200000,84.6,84.67,84.37,84.56,53943.015448
1775620800000,84.56,85.06,84.45,84.47,82928.99724
1775624400000,84.49,84.75,84.12,84.2,67259.89535
1775628000000,84.2,84.7,83.85,84.54,70467.637456
1775631600000,84.54,84.7,84.19,84.49,47389.878526
1775635200000,84.5,84.87,84.4,84.85,40530.177188
1775638800000,84.84,84.97,84.53,84.64,36476.568909
1775642400000,84.64,84.78,84.49,84.51,30471.103336
1775646000000,84.5,84.84,84.15,84.47,30874.182231
1775649600000,84.47,84.68,84.11,84.55,26235.427112
1775653200000,84.56,84.99,83.92,84.07,57747.909745
1775656800000,84.07,84.15,82.52,82.9,74434.460359
1775660400000,82.9,83.47,82.81,83.35,36293.294539
1775664000000,83.33,83.61,83.05,83.49,17465.130186
1775667600000,83.5,84.22,83.31,84.0,36529.33721
1775671200000,84.01,84.03,82.81,82.92,48813.114453
1775674800000,82.92,83.33,82.78,83.21,23143.904574
1775678400000,83.2,83.39,83.03,83.28,8293.67801
1775682000000,83.28,83.63,83.2,83.42,11284.085993
1775685600000,83.43,83.46,82.6,82.64,11739.970281
1775689200000,82.63,83.03,82.25,82.57,25590.631366
1775692800000,82.57,82.67,82.06,82.21,25153.762785
1775696400000,82.21,82.38,81.71,82.23,67870.387973
1775700000000,82.24,82.44,82.07,82.13,14448.282249
1775703600000,82.14,82.19,81.87,82.04,23280.544351
1775707200000,82.03,82.04,81.83,81.85,16454.740111
1775710800000,81.85,82.32,81.74,82.16,14392.473976
1775714400000,82.16,82.35,81.86,82.18,16050.991566
1775718000000,82.18,82.47,82.18,82.28,20330.80014
1775721600000,82.28,82.64,82.16,82.46,17409.271676
1775725200000,82.46,82.67,82.1,82.59,31794.885145
1775728800000,82.6,82.66,82.36,82.58,14957.89444
1775732400000,82.58,82.71,82.03,82.16,34912.868014
1775736000000,82.17,82.39,81.97,82.27,29289.087584
1775739600000,82.28,82.41,81.58,81.85,31151.728142
1775743200000,81.86,82.3,81.42,82.18,26747.165181
1775746800000,82.19,83.93,81.91,83.76,111236.924103
1775750400000,83.76,84.24,82.93,83.69,67461.147465
1775754000000,83.7,84.71,83.67,84.67,70979.049839
1775757600000,84.68,84.72,83.45,83.85,105402.540384
1775761200000,83.84,84.31,83.43,84.17,40923.007184
1775764800000,84.14,84.53,84.1,84.27,21712.101735
1775768400000,84.28,84.74,84.16,84.27,20647.43176
1775772000000,84.28,85.96,83.96,84.0,74582.018072
1775775600000,83.99,84.07,83.15,83.34,37257.985636
1775779200000,83.36,83.37,82.9,83.13,25673.208615
1775782800000,83.13,83.79,82.83,83.15,46017.367062
1775786400000,83.15,83.45,83.04,83.27,19597.654473
1775790000000,83.26,83.3,82.66,82.9,27775.508376
1775793600000,82.9,83.52,82.9,83.34,26373.309896
1775797200000,83.35,83.6,83.11,83.39,17153.949985
1775800800000,83.4,83.47,83.11,83.19,10058.94114
1775804400000,83.2,83.27,82.89,82.97,19466.675859
1775808000000,82.97,83.11,82.73,82.92,33060.417632
1775811600000,82.93,83.59,82.91,83.52,35362.988953
1775815200000,83.52,83.55,83.12,83.32,22095.38191
1775818800000,83.32,83.74,83.32,83.53,24941.01931
1775822400000,83.54,84.43,83.35,84.11,71462.29581
1775826000000,84.11,84.38,83.58,84.26,47331.439076
1775829600000,84.26,85.23,84.18,85.09,67157.723334
1775833200000,85.08,85.58,84.07,84.23,50180.035154
1775836800000,84.24,84.91,84.13,84.85,21938.317795
1775840400000,84.85,84.91,84.47,84.88,7553.232132
1775844000000,84.88,85.27,84.63,85.22,22256.255608
1775847600000,85.22,85.48,85.11,85.45,14588.904252
1775851200000,85.47,85.69,85.07,85.46,26421.838002
1775854800000,85.46,85.46,84.97,85.24,14094.043885
1775858400000,85.25,85.29,84.64,84.88,15326.954394
1775862000000,84.88,84.95,84.74,84.82,5748.607256
1775865600000,84.82,84.85,84.52,84.68,8889.100088
1775869200000,84.68,84.72,84.38,84.66,8956.081286
1775872800000,84.67,84.91,84.58,84.8,9992.185064
1775876400000,84.8,84.9,84.3,84.41,13040.609756
1775880000000,84.4,84.62,84.23,84.39,11073.353886
1775883600000,84.39,84.41,84.09,84.1,19850.78487
1775887200000,84.1,84.16,83.88,84.13,13905.832044
1775890800000,84.14,84.35,84.07,84.27,9700.25726
1775894400000,84.28,84.43,84.18,84.18,13322.187239
1775898000000,84.18,84.79,84.16,84.5,30320.851752
1775901600000,84.5,84.52,83.6,84.04,59381.647004
1775905200000,84.03,84.26,83.78,84.24,17425.632232
1775908800000,84.25,84.53,84.07,84.22,23227.906912
1775912400000,84.23,84.3,83.83,84.1,13902.899174
1775916000000,84.11,84.41,84.02,84.37,20730.570133
1775919600000,84.38,84.9,84.23,84.66,36436.018805
1775923200000,84.67,85.38,84.6,84.98,33916.323935
1775926800000,84.98,85.0,84.68,84.8,9921.879658
1775930400000,84.8,85.85,84.64,85.48,32969.577314
1775934000000,85.49,86.26,85.42,86.0,41158.439896
1775937600000,86.01,86.08,85.12,85.39,22926.083113
1775941200000,85.4,85.53,85.19,85.35,14839.880035
1775944800000,85.29,86.17,85.07,85.28,37816.806349
1775948400000,85.26,85.26,84.53,84.93,16159.475559
1775952000000,84.94,85.1,84.72,84.9,18945.594612
1775955600000,84.9,84.98,82.03,82.29,114611.312456
1775959200000,82.28,83.0,81.88,82.67,76057.993654
1775962800000,82.66,82.79,82.32,82.33,27935.913412
1775966400000,82.32,82.47,82.16,82.2,23924.270184
1775970000000,82.21,82.46,82.06,82.4,27555.01758
1775973600000,82.39,82.49,82.2,82.27,31690.606819
1775977200000,82.26,82.45,82.23,82.28,12024.313561
1775980800000,82.28,82.3,82.15,82.3,15002.173724
1775984400000,82.3,82.42,82.12,82.21,19916.140404
1775988000000,82.21,82.34,81.96,82.05,28574.028881
1775991600000,82.05,82.4,81.96,82.22,22195.092401
1775995200000,82.22,82.56,81.88,82.03,47058.525938
1775998800000,82.02,82.22,81.76,81.9,42381.395939
1776002400000,81.9,82.13,81.31,81.56,67918.536461
1776006000000,81.57,81.82,81.32,81.6,36945.169136
1776009600000,81.59,81.89,81.53,81.88,15703.156274
1776013200000,81.89,82.31,81.76,82.19,13181.287883
1776016800000,82.2,82.32,82.04,82.13,15729.323043
1776020400000,82.14,82.32,81.93,81.98,9171.488354
1776024000000,81.98,82.87,81.93,82.69,20915.451757
1776027600000,82.69,82.87,82.43,82.8,16971.558626
1776031200000,82.79,82.8,81.38,82.0,78178.703627
1776034800000,81.99,81.99,81.3,81.54,28677.078528
1776038400000,81.53,82.22,81.4,82.15,20034.521719
1776042000000,82.15,82.35,81.97,82.33,24886.265659
1776045600000,82.33,82.44,81.88,81.93,16150.639116
1776049200000,81.94,82.06,81.75,81.91,12322.605448
1776052800000,81.91,82.25,81.84,81.91,20103.253819
1776056400000,81.91,81.98,81.54,81.84,14318.386823
1776060000000,81.85,82.63,81.82,82.35,39067.931739
1776063600000,82.36,82.41,81.87,82.16,13730.413694
1776067200000,82.16,82.28,81.73,81.87,29758.969892
1776070800000,81.87,82.21,81.81,81.87,21129.120528
1776074400000,81.87,81.97,81.66,81.73,17529.873201
1776078000000,81.74,82.05,81.7,81.86,18342.352734
1776081600000,81.86,82.77,81.82,82.53,50530.264779
1776085200000,82.54,83.67,82.28,83.6,86290.768252
1776088800000,83.62,83.82,82.76,83.77,72270.4642
1776092400000,83.76,83.82,82.36,82.67,54310.880238
1776096000000,82.67,83.61,82.34,83.35,64057.551002
1776099600000,83.36,83.84,83.02,83.05,38276.888411
1776103200000,83.06,83.27,82.59,83.21,41570.824105
1776106800000,83.22,84.24,83.09,84.1,114706.326825
1776110400000,84.11,84.36,83.82,83.94,59924.402239
1776114000000,83.94,84.13,83.81,83.94,37003.29471
1776117600000,83.95,86.46,83.94,86.2,140810.791814
1776121200000,86.22,86.8,85.9,86.51,114999.030679
1776124800000,86.5,86.73,85.72,85.9,95068.449003
1776128400000,85.9,86.1,85.66,85.94,51304.109518
1776132000000,85.94,86.39,85.83,86.2,80622.600027
1776135600000,86.21,86.25,85.97,86.03,39829.259112
1776139200000,86.05,86.05,85.55,85.89,54584.949748
1776142800000,85.89,85.92,85.43,85.5,36832.03474
1776146400000,85.51,86.07,85.51,85.95,37194.996616
1776150000000,85.95,86.18,85.79,85.89,77718.647586
1776153600000,85.89,86.37,85.72,86.14,33918.968922
1776157200000,86.14,86.26,85.98,86.1,22179.121421
1776160800000,86.1,86.56,86.01,86.02,47272.847441
1776164400000,86.02,86.1,85.59,85.77,72352.61682
1776168000000,85.78,86.0,85.58,85.95,29856.993246
1776171600000,85.96,87.4,85.91,87.3,86860.838467
1776175200000,87.32,87.65,85.99,85.99,114648.179459
1776178800000,85.99,86.31,85.26,85.97,81202.757237
1776182400000,85.97,86.17,84.76,85.04,117855.106697
1776186000000,85.03,85.44,84.7,85.26,47924.866162
1776189600000,85.26,85.41,83.91,84.09,39826.135694
1776193200000,84.08,84.32,83.7,83.94,48624.808719
1776196800000,83.95,84.15,83.38,83.61,39991.699306
1776200400000,83.61,83.94,83.54,83.81,28876.082877
1776204000000,83.81,83.94,83.29,83.5,59499.518338
1776207600000,83.5,84.09,83.44,83.71,44176.214249
1776211200000,83.7,84.08,83.55,83.78,66403.894786
1776214800000,83.77,84.02,83.56,83.92,37883.144693
1776218400000,83.91,84.0,83.14,83.41,37263.734195
1776222000000,83.41,83.52,83.29,83.46,14883.144673
1776225600000,83.45,83.66,83.33,83.61,21306.038964
1776229200000,83.61,83.8,82.96,83.13,45505.385477
1776232800000,83.12,83.14,82.86,83.01,20562.519527
1776236400000,83.01,83.25,82.65,82.93,42798.02582
1776240000000,82.93,83.29,82.74,83.14,19324.954128
1776243600000,83.14,83.25,82.88,83.17,16849.501126
1776247200000,83.16,83.65,82.91,83.16,38307.372399
1776250800000,83.18,83.71,83.05,83.61,28761.900058
1776254400000,83.61,83.88,83.39,83.72,19984.669085
1776258000000,83.72,83.82,83.21,83.63,30702.731326
1776261600000,83.64,84.49,83.42,84.3,38513.584036
1776265200000,84.31,84.46,83.52,84.01,49724.604252
1776268800000,84.0,84.7,83.9,84.54,50677.045057
1776272400000,84.55,85.17,84.46,84.71,45755.061698
1776276000000,84.7,85.06,84.6,85.03,22225.135084
1776279600000,85.03,85.82,84.94,85.5,37446.383722
1776283200000,85.51,85.57,84.63,84.79,24675.481054
1776286800000,84.78,84.88,84.2,84.77,23721.885663
1776290400000,84.77,85.59,84.73,85.0,37315.72196
1776294000000,85.02,85.02,84.62,84.9,29329.830849
1776297600000,84.9,85.09,84.48,84.92,31584.902571
1776301200000,84.92,84.93,84.42,84.84,14256.386858
1776304800000,84.84,85.59,84.71,85.1,34863.453997
1776308400000,85.1,85.49,85.07,85.28,20046.261803
1776312000000,85.28,85.56,85.0,85.25,22027.517838
1776315600000,85.24,85.52,85.04,85.39,14069.569407
1776319200000,85.4,85.54,85.18,85.48,16236.987369
1776322800000,85.47,85.68,85.11,85.21,38321.787677
1776326400000,85.2,85.3,84.91,85.04,30933.516317
1776330000000,85.05,85.5,84.96,85.21,50951.739977
1776333600000,85.2,85.24,84.63,85.05,44989.097269
1776337200000,85.05,85.17,84.94,85.08,11846.070141
1776340800000,85.08,85.49,85.07,85.38,26381.601292
1776344400000,85.37,86.27,83.81,84.79,109295.191719
1776348000000,84.79,85.68,84.04,85.4,73135.831817
1776351600000,85.39,87.14,85.31,86.62,105582.452591
1776355200000,86.62,87.09,85.63,85.95,94509.43593
1776358800000,85.94,86.8,85.72,86.66,69245.128203
1776362400000,86.65,89.08,86.51,89.0,168255.900098
1776366000000,89.0,90.14,88.66,90.1,106988.733917
1776369600000,90.1,90.5,89.26,89.58,75311.152191
1776373200000,89.58,89.74,88.74,88.94,44396.03329
1776376800000,88.94,89.45,88.88,89.0,24041.984926
1776380400000,88.99,89.23,88.83,89.05,17026.570008
1776384000000,89.06,89.18,88.58,88.83,27859.274365
1776387600000,88.81,89.01,87.91,88.23,39678.715511
1776391200000,88.22,88.35,87.55,87.86,29098.724883
1776394800000,87.86,87.95,87.47,87.72,29615.59181
1776398400000,87.73,88.28,87.69,87.99,22062.863706
1776402000000,88.0,88.0,87.41,87.41,31005.377705
1776405600000,87.41,88.09,87.36,88.02,14229.353555
1776409200000,88.03,88.47,87.98,88.15,17533.098225
1776412800000,88.15,89.09,88.13,88.95,48313.479023
1776416400000,88.96,89.52,88.29,88.72,52926.635337
1776420000000,88.72,88.75,87.36,87.68,55140.260005
1776423600000,87.68,88.32,87.63,88.21,25760.238882
1776427200000,88.21,88.93,87.93,88.89,55040.601511
1776430800000,88.9,90.52,88.59,90.13,212622.644476
1776434400000,90.14,90.74,89.65,90.02,101222.750298
1776438000000,90.04,90.19,89.47,89.95,59446.197841
1776441600000,89.96,90.6,89.9,90.43,47430.560957
1776445200000,90.43,90.43,89.1,89.75,69346.886794
1776448800000,89.75,89.83,88.88,89.18,34791.578104
1776452400000,89.18,89.5,88.92,89.22,17372.199877
1776456000000,89.24,89.38,88.5,89.01,26150.890883
1776459600000,89.01,89.27,88.81,89.12,24068.350984
1776463200000,89.11,89.47,88.95,89.21,19633.105238
1776466800000,89.21,89.21,88.5,88.77,18068.223531
1776470400000,88.77,89.14,88.67,88.97,12195.673572
1776474000000,88.97,89.15,88.7,88.88,13678.614166
1776477600000,88.88,89.1,88.68,88.92,9196.121788
1776481200000,88.94,88.94,88.24,88.33,18481.046071
1776484800000,88.34,88.56,88.25,88.36,17536.237444
1776488400000,88.34,88.65,88.18,88.42,29277.878229
1776492000000,88.42,88.63,88.33,88.5,16161.777297
1776495600000,88.5,88.56,88.32,88.46,12488.99207
1776499200000,88.47,88.51,87.12,87.54,68910.116177
1776502800000,87.54,87.68,87.16,87.64,36079.408006
1776506400000,87.64,87.64,86.77,86.98,51035.795454
1776510000000,86.98,86.99,86.29,86.54,50231.680901
1776513600000,86.55,86.97,86.51,86.91,21922.499149
1776517200000,86.91,86.99,86.43,86.76,18704.119732
1776520800000,86.76,86.87,86.45,86.84,24107.642237
1776524400000,86.85,86.96,86.58,86.77,25705.546885
1776528000000,86.77,87.01,86.47,86.71,24377.829918
1776531600000,86.7,86.85,86.52,86.77,12552.077265
1776535200000,86.76,86.76,85.79,85.97,44640.185823
1776538800000,85.97,86.28,85.94,86.13,12209.448658
1776542400000,86.13,86.3,86.01,86.17,11251.25489
1776546000000,86.18,86.27,86.04,86.21,6441.663149
1776549600000,86.22,86.36,85.93,86.29,12250.340973
1776553200000,86.3,86.46,86.12,86.15,7823.450702
1776556800000,86.15,86.38,85.87,86.02,10378.770886
1776560400000,86.02,86.23,85.61,85.75,11102.900707
1776564000000,85.76,85.86,85.27,85.54,19720.371939
1776567600000,85.54,85.79,85.32,85.6,8528.770471
1776571200000,85.61,85.95,85.14,85.58,16964.999657
1776574800000,85.58,85.79,85.39,85.49,19600.561216
1776578400000,85.48,85.67,85.14,85.44,23983.071489
1776582000000,85.45,85.45,84.42,84.87,70100.236676
1776585600000,84.86,85.17,84.63,84.8,27572.73094
1776589200000,84.81,85.04,84.58,84.59,21957.811482
1776592800000,84.6,84.91,84.44,84.8,14607.965565
1776596400000,84.81,85.71,84.77,85.6,22258.932741
1776600000000,85.6,85.94,85.55,85.8,20698.290155
1776603600000,85.78,86.94,85.77,86.35,70333.291288
1776607200000,86.34,87.13,86.0,86.55,54956.150739
1776610800000,86.54,86.67,85.61,86.36,29840.376932
1776614400000,86.37,86.51,85.74,85.86,13440.150938
1776618000000,85.86,86.0,85.02,85.14,36158.856526
1776621600000,85.16,85.3,84.89,85.12,10862.523291
1776625200000,85.13,85.56,85.13,85.34,13144.780603
1776628800000,85.34,85.37,84.76,84.96,15604.383849
1776632400000,84.97,85.25,84.61,84.71,13508.909278
1776636000000,84.7,84.7,82.93,83.78,130222.265731
1776639600000,83.77,83.78,83.35,83.48,28394.259049
1776643200000,83.49,84.2,83.34,84.0,35009.514876
1776646800000,84.01,84.55,83.96,84.36,34983.209257
1776650400000,84.36,84.4,83.72,84.21,22773.561446
1776654000000,84.21,84.6,84.12,84.58,9548.082171
1776657600000,84.58,84.61,84.25,84.57,9401.919016
1776661200000,84.57,84.59,83.76,83.84,24484.270164
1776664800000,83.85,84.75,83.77,84.46,34824.017041
1776668400000,84.46,85.76,84.43,84.73,63505.583919
1776672000000,84.73,85.12,84.56,84.68,23848.489248
1776675600000,84.68,85.25,84.63,85.07,18900.737353
1776679200000,85.08,85.4,84.8,84.84,29680.622836
1776682800000,84.86,85.36,84.77,85.04,37625.778789
1776686400000,85.05,85.54,84.85,85.33,51830.172962
1776690000000,85.32,85.57,84.89,85.32,39077.447941
1776693600000,85.31,85.82,84.55,84.78,58903.574883
1776697200000,84.8,85.88,84.43,85.87,41552.003811
1776700800000,85.86,85.88,85.26,85.3,23376.511282
1776704400000,85.31,86.12,85.26,85.69,26764.32378
1776708000000,85.7,86.23,85.7,86.07,39436.548461
1776711600000,86.08,86.14,85.77,85.8,18001.236276
1776715200000,85.8,86.17,85.67,85.96,18184.218729
1776718800000,85.95,86.2,85.58,85.81,29894.134747
1776722400000,85.81,86.06,85.61,85.71,10569.784591
1776726000000,85.7,85.7,85.22,85.29,24207.522681
1776729600000,85.3,85.78,85.26,85.67,15665.58062
1776733200000,85.67,85.82,85.37,85.44,13253.38233
1776736800000,85.44,85.47,85.19,85.27,12920.475467
1776740400000,85.27,85.53,84.9,85.16,42297.265699
1776744000000,85.17,85.46,85.01,85.43,31970.509355
1776747600000,85.42,85.84,85.41,85.68,35057.306207
1776751200000,85.68,85.94,85.18,85.67,23467.996268
1776754800000,85.68,85.98,85.42,85.7,24231.038239
1776758400000,85.71,86.42,85.64,85.81,31134.538667
1776762000000,85.82,85.92,85.53,85.88,20541.388319
1776765600000,85.89,86.32,85.84,86.14,29253.617528
1776769200000,86.15,86.17,85.72,85.83,40279.654266
1776772800000,85.84,86.02,85.18,85.52,35678.860337
1776776400000,85.53,85.85,85.3,85.82,21788.729974
1776780000000,85.83,86.89,85.61,85.77,45829.099914
1776783600000,85.77,86.27,85.4,86.06,43034.578092
1776787200000,86.06,86.29,85.65,85.68,28823.757056
1776790800000,85.69,85.82,84.71,85.32,67163.044731
1776794400000,85.32,85.42,84.75,85.24,37100.316762
1776798000000,85.24,85.73,84.31,84.59,36567.241871
1776801600000,84.58,85.74,84.45,85.4,46578.009176
1776805200000,85.4,85.57,85.02,85.15,10084.476598
1776808800000,85.15,85.44,85.0,85.37,20241.565163
1776812400000,85.36,86.13,85.35,86.04,26241.834508
1776816000000,86.05,86.53,86.02,86.5,36306.568512
1776819600000,86.5,86.55,86.1,86.28,18545.245241
1776823200000,86.29,87.56,86.21,87.42,85119.137114
1776826800000,87.41,87.87,87.12,87.26,49959.060554
1776830400000,87.26,87.36,86.99,87.08,20998.201469
1776834000000,87.09,88.34,87.03,88.02,98080.843964
1776837600000,88.02,88.19,87.8,87.96,34067.172715
1776841200000,87.96,88.27,87.71,88.07,54423.412866
1776844800000,88.07,88.29,87.62,88.0,34697.140673
1776848400000,88.0,88.86,87.85,88.31,39481.368953
1776852000000,88.31,88.41,88.13,88.34,13601.044831
1776855600000,88.34,88.49,88.16,88.31,13991.752287
1776859200000,88.32,88.67,88.21,88.57,22878.876058
1776862800000,88.57,89.17,88.44,89.09,58936.35727
1776866400000,89.1,89.31,88.49,88.74,57860.252734
1776870000000,88.74,88.79,88.04,88.2,47814.886306
1776873600000,88.2,88.47,87.54,87.66,47192.076206
1776877200000,87.66,88.04,87.63,87.85,16404.10866
1776880800000,87.85,88.41,87.79,87.81,20132.860729
1776884400000,87.82,87.84,87.09,87.38,43414.873595
1776888000000,87.38,87.49,87.09,87.13,16033.493093
1776891600000,87.13,87.64,87.11,87.59,15019.931995
1776895200000,87.58,87.71,87.27,87.41,20087.10152
1776898800000,87.41,87.46,86.81,86.87,26075.474242
1776902400000,86.87,87.15,85.94,86.84,67366.182515
1776906000000,86.86,86.86,86.12,86.43,34665.330977
1776909600000,86.44,86.45,85.72,85.94,46532.543745
1776913200000,85.95,86.08,85.47,85.79,24336.825821
1776916800000,85.77,85.99,85.65,85.96,24373.347605
1776920400000,85.96,86.12,85.52,85.88,38575.841855
1776924000000,85.89,86.23,85.84,86.18,29853.561538
1776927600000,86.18,86.23,85.84,85.89,33349.518473
1776931200000,85.9,85.93,85.56,85.7,35967.062255
1776934800000,85.71,85.71,85.29,85.54,24805.641025
1776938400000,85.53,85.61,85.2,85.42,25723.519865
1776942000000,85.44,85.9,85.37,85.82,24442.932795
1776945600000,85.82,86.09,85.67,85.96,25590.899023
1776949200000,85.96,86.03,85.57,85.77,30356.065507
1776952800000,85.76,86.18,85.55,86.06,27131.968969
1776956400000,86.06,86.64,85.79,86.34,68420.133446
1776960000000,86.35,86.4,85.78,85.81,20967.528692
1776963600000,85.82,85.87,84.49,85.34,86404.069478
1776967200000,85.33,85.66,85.21,85.25,30562.0034
1776970800000,85.25,85.55,85.14,85.29,29131.037466
1776974400000,85.3,85.84,85.29,85.6,13242.330105
1776978000000,85.6,86.0,85.51,85.8,12548.833465
1776981600000,85.81,86.25,85.81,85.97,24937.564457
1776985200000,85.96,86.19,85.63,86.13,17125.222514
1776988800000,86.14,86.35,86.05,86.19,14834.823775
1776992400000,86.2,86.32,85.83,86.28,16622.911823
1776996000000,86.27,86.35,85.78,85.9,9834.220899
1776999600000,85.89,85.94,85.41,85.69,18416.211561
1777003200000,85.7,85.71,85.18,85.32,25003.100147
1777006800000,85.31,85.85,85.15,85.69,45604.728227
1777010400000,85.72,85.74,85.32,85.43,21437.115941
1777014000000,85.43,85.61,85.34,85.49,13237.184652
1777017600000,85.5,85.73,85.3,85.36,21124.808814
1777021200000,85.36,85.47,84.95,85.46,24353.927609
1777024800000,85.47,85.76,85.2,85.7,18656.05662
1777028400000,85.72,86.26,85.71,86.18,39512.326064
1777032000000,86.18,86.79,86.06,86.34,51955.137163
1777035600000,86.34,86.62,85.86,86.09,26052.045574
1777039200000,86.08,86.22,85.68,86.05,23921.738679
1777042800000,86.04,86.56,85.55,86.52,27586.116881
1777046400000,86.52,86.58,86.1,86.34,17267.835007
1777050000000,86.33,86.57,86.12,86.48,22480.395464
1777053600000,86.49,86.54,85.97,86.37,10258.268522
1777057200000,86.38,86.53,86.26,86.32,8600.554619
1777060800000,86.32,86.92,86.23,86.87,26406.349582
1777064400000,86.87,86.94,86.37,86.44,17063.284879
1777068000000,86.44,86.44,86.08,86.18,14405.883095
1777071600000,86.18,86.29,86.1,86.18,8440.419567
1777075200000,86.17,86.25,86.03,86.23,7232.343708
1777078800000,86.24,86.35,86.13,86.27,6722.088908
1777082400000,86.28,86.39,86.16,86.27,4340.711683
1777086000000,86.29,86.5,86.27,86.47,12420.95923
1777089600000,86.47,86.51,86.29,86.34,7969.166953
1777093200000,86.33,86.33,86.14,86.21,3666.582412
1777096800000,86.22,86.66,86.22,86.44,21721.434404
1777100400000,86.44,86.51,86.26,86.37,27005.68742
1777104000000,86.36,86.81,86.3,86.62,21600.669297
1777107600000,86.62,86.79,86.56,86.58,9036.700024
1777111200000,86.58,86.72,86.58,86.63,7221.727557
1777114800000,86.63,86.63,86.25,86.36,17101.218691
1777118400000,86.36,86.43,86.23,86.38,8665.918069
1777122000000,86.37,86.67,86.37,86.59,6998.618759
1777125600000,86.6,86.66,86.45,86.45,7797.191956
1777129200000,86.46,86.63,86.11,86.23,10506.894339
1777132800000,86.22,86.33,85.62,85.88,23547.808832
1777136400000,85.89,85.89,85.53,85.55,21013.549895
1777140000000,85.55,85.83,85.54,85.69,37693.302074
1777143600000,85.69,85.72,85.57,85.67,11026.051476
1777147200000,85.68,85.92,85.61,85.9,6207.630529
1777150800000,85.91,86.1,85.73,85.9,12212.852448
1777154400000,85.9,86.16,85.86,86.1,3769.720712
1777158000000,86.1,86.17,86.02,86.16,5377.232509
1777161600000,86.17,86.2,85.94,86.03,7209.310785
1777165200000,86.03,86.12,85.97,85.98,5326.713168
1777168800000,85.98,86.38,85.97,86.38,13069.943358
1777172400000,86.38,86.45,85.84,85.99,29603.210942
1777176000000,85.99,86.72,85.93,86.44,31781.036026
1777179600000,86.44,86.71,86.14,86.45,29545.805241
1777183200000,86.46,86.59,86.39,86.5,5222.136978
1777186800000,86.5,86.64,86.45,86.64,7675.946598
1777190400000,86.64,86.77,86.52,86.58,14532.418473
1777194000000,86.58,86.59,86.46,86.53,5509.702177
1777197600000,86.54,86.61,86.43,86.48,3961.043418
1777201200000,86.48,86.64,86.46,86.48,10719.939437
1777204800000,86.49,86.5,85.9,86.09,27627.748904
1777208400000,86.1,86.3,85.98,86.13,44259.426438
1777212000000,86.12,86.5,86.07,86.4,13850.20637
1777215600000,86.41,86.58,86.36,86.55,10294.27501
1777219200000,86.56,86.59,86.39,86.43,10491.071266
1777222800000,86.43,86.58,86.28,86.54,6800.800555
1777226400000,86.53,86.99,86.43,86.82,23277.928173
1777230000000,86.82,87.26,86.69,86.88,22493.830665
1777233600000,86.88,86.93,86.6,86.7,14461.99696
1777237200000,86.71,87.14,86.18,86.84,39174.295917
1777240800000,86.82,87.33,86.33,86.72,30261.994196
1777244400000,86.72,87.17,86.53,86.93,13204.010372
1777248000000,86.93,87.4,86.56,87.34,42521.359124
1777251600000,87.35,87.88,87.26,87.82,46485.565001
1777255200000,87.82,88.1,87.37,87.82,34088.629002
1777258800000,87.81,88.07,87.68,87.73,13514.05699
1777262400000,87.73,87.85,87.41,87.53,12226.79705
1777266000000,87.54,87.55,85.8,85.96,83389.465102
1777269600000,85.95,86.04,85.42,85.73,34631.010729
1777273200000,85.73,85.79,85.25,85.26,38301.500948
1777276800000,85.26,85.55,85.04,85.5,32387.491444
1777280400000,85.52,85.63,85.17,85.47,43558.685536
1777284000000,85.47,85.57,85.15,85.18,39592.960797
1777287600000,85.18,85.27,85.06,85.26,12696.252063
1777291200000,85.26,85.26,84.92,85.1,33761.749181
1777294800000,85.1,85.38,84.72,85.14,31729.863523
1777298400000,85.13,85.83,84.99,85.22,38055.002742
1777302000000,85.22,85.26,83.63,84.17,90604.933731
1777305600000,84.17,84.39,84.04,84.28,18920.701514
1777309200000,84.29,84.7,84.27,84.47,26987.843569
1777312800000,84.46,84.68,84.41,84.58,6991.930963
1777316400000,84.57,84.65,83.84,84.19,25136.634458
1777320000000,84.19,84.35,84.16,84.29,11195.029672
1777323600000,84.28,84.5,84.12,84.27,14136.834713
1777327200000,84.27,84.64,84.2,84.54,10226.132213
1777330800000,84.53,84.91,84.47,84.82,15986.841542
1777334400000,84.83,84.94,84.43,84.83,18362.817457
1777338000000,84.83,84.88,84.4,84.41,13060.969485
1777341600000,84.41,84.65,83.92,84.18,24432.812441
1777345200000,84.18,84.2,84.02,84.18,10529.473752
1777348800000,84.19,84.42,83.83,84.07,36198.959307
1777352400000,84.07,84.45,84.04,84.21,41314.677806
1777356000000,84.21,84.32,83.69,83.95,21149.784657
1777359600000,83.96,84.07,83.65,84.03,16079.934209
1777363200000,84.03,84.2,83.77,83.95,13937.982631
1777366800000,83.95,83.98,83.42,83.64,15685.686406
1777370400000,83.65,83.82,83.63,83.8,7004.701775
1777374000000,83.8,83.85,83.29,83.42,21202.019856
1777377600000,83.43,83.74,83.26,83.69,22353.720425
1777381200000,83.69,84.0,83.17,83.54,27885.421421
1777384800000,83.54,83.54,82.99,83.42,45196.509626
1777388400000,83.41,83.51,83.22,83.48,18584.346604
1777392000000,83.48,83.75,83.33,83.59,28277.702636
1777395600000,83.6,83.82,83.38,83.62,12463.310431
1777399200000,83.63,83.84,83.6,83.82,10876.85697
1777402800000,83.81,84.05,83.71,83.9,10533.266915
1777406400000,83.9,84.0,83.77,83.79,9206.564769
1777410000000,83.78,83.96,83.63,83.72,16166.711101
1777413600000,83.74,83.96,83.57,83.72,24464.075307
1777417200000,83.72,84.16,83.63,84.07,41841.417268
1777420800000,84.07,84.2,83.81,84.06,29816.838052
1777424400000,84.06,84.2,83.8,84.08,11626.053951
1777428000000,84.1,84.23,83.94,84.05,10295.083594
1777431600000,84.05,84.73,84.05,84.58,28911.28
1777435200000,84.59,85.06,84.43,84.96,30510.03337
1777438800000,84.97,85.02,84.7,84.84,29765.994173
1777442400000,84.85,85.0,84.54,84.62,21065.463333
1777446000000,84.63,84.86,84.6,84.71,10125.031212
1777449600000,84.71,84.76,84.36,84.51,12949.372549
1777453200000,84.52,85.58,84.48,85.29,54983.146706
1777456800000,85.31,85.54,85.14,85.16,42297.977063
1777460400000,85.15,85.18,84.81,84.91,18608.135692
1777464000000,84.92,84.92,83.94,84.26,53107.280899
1777467600000,84.25,84.29,83.65,83.99,39078.378032
1777471200000,84.0,84.05,83.67,83.85,27127.024188
1777474800000,83.85,83.92,82.99,83.26,67391.597787
1777478400000,83.25,83.63,82.95,83.11,49825.274482
1777482000000,83.12,83.37,82.73,83.36,32915.856001
1777485600000,83.36,83.44,81.41,82.29,123376.086534
1777489200000,82.29,82.4,81.99,82.2,42731.547757
1777492800000,82.21,82.8,82.17,82.63,23683.725136
1777496400000,82.63,83.22,82.53,82.91,20932.362201
1777500000000,82.9,83.15,82.8,83.06,20842.23463
1777503600000,83.06,83.11,82.83,83.05,10583.113263
1777507200000,83.06,84.02,83.06,83.8,49205.410444
1777510800000,83.81,84.01,83.67,83.75,18748.11239
1777514400000,83.76,83.97,82.69,82.98,28616.626778
1777518000000,82.98,83.23,82.87,83.05,8845.901762
1777521600000,83.05,83.09,82.38,82.4,21571.195335
1777525200000,82.4,82.99,82.17,82.58,35049.453306
1777528800000,82.57,83.06,82.54,82.94,17949.824597
1777532400000,82.94,83.4,82.89,83.35,24451.466052
1777536000000,83.35,83.43,83.12,83.12,13668.734966
1777539600000,83.12,83.56,83.07,83.15,17168.874494
1777543200000,83.16,83.22,82.91,83.0,12085.633983
1777546800000,83.01,83.38,82.8,83.01,18036.475691
1777550400000,83.01,83.47,83.0,83.21,12595.868515
1777554000000,83.21,83.56,82.88,83.2,21170.584276
1777557600000,83.2,83.43,82.7,83.24,35160.330998
1777561200000,83.24,83.84,83.02,83.36,30592.24983
1777564800000,83.36,83.45,82.94,83.03,13512.959393
1777568400000,83.03,83.15,82.87,83.04,16982.913275
1777572000000,83.04,83.3,83.0,83.07,8525.219283
1777575600000,83.06,83.29,83.01,83.04,13664.391457
1777579200000,83.03,83.2,82.98,83.1,7750.421442
1777582800000,83.11,83.16,82.86,82.89,6912.807961
1777586400000,82.89,83.05,82.8,82.87,10169.30849
1777590000000,82.88,83.1,82.86,83.09,4649.762095
1777593600000,83.09,83.42,83.08,83.21,11563.324893
1777597200000,83.21,83.68,83.19,83.62,17360.933419
1777600800000,83.62,83.86,83.47,83.63,21814.320078
1777604400000,83.63,84.39,83.57,83.9,31715.417101
1777608000000,83.91,84.07,83.7,83.82,15925.879517
1777611600000,83.82,84.25,83.76,84.06,18828.241079
1777615200000,84.07,84.2,83.71,83.86,11392.347967
1777618800000,83.87,84.0,83.68,83.97,48017.165803
1777622400000,83.97,84.3,83.9,84.19,20625.361752
1777626000000,84.19,84.19,83.93,83.97,11669.329522
1777629600000,83.97,84.09,83.74,83.95,14507.361803
1777633200000,83.96,84.22,83.88,84.03,5715.184574
1777636800000,84.03,84.59,83.93,84.27,27186.820082
1777640400000,84.28,84.86,84.25,84.6,42605.516552
1777644000000,84.61,84.74,83.87,84.2,31188.994738
1777647600000,84.21,84.62,84.01,84.46,32433.228677
1777651200000,84.46,84.63,83.99,84.01,27159.309271
1777654800000,84.01,84.27,83.92,84.23,16749.116846
1777658400000,84.23,84.31,83.97,83.98,16390.223823
1777662000000,83.98,84.06,83.78,83.88,12156.152182
1777665600000,83.89,83.93,83.33,83.48,27581.683135
1777669200000,83.48,83.81,83.43,83.71,13893.539289
1777672800000,83.72,83.89,83.58,83.75,14400.648836
1777676400000,83.75,83.89,83.56,83.75,29345.598815
1777680000000,83.76,83.86,83.43,83.82,27610.785697
1777683600000,83.83,84.05,83.76,84.03,16843.737547
1777687200000,84.04,84.2,83.86,83.92,35082.021219
1777690800000,83.93,83.96,83.71,83.8,17207.551898
1777694400000,83.81,83.82,83.56,83.62,12934.920806
1777698000000,83.63,83.74,83.53,83.68,16169.173847
1777701600000,83.69,83.85,83.56,83.82,20181.331312
1777705200000,83.82,83.85,83.7,83.7,8714.37306
1777708800000,83.71,83.87,83.62,83.82,8233.197283
1777712400000,83.83,84.15,83.81,83.99,13797.420959
1777716000000,84.0,84.01,83.87,83.94,7517.495278
1777719600000,83.93,83.93,83.52,83.7,29122.469434
1777723200000,83.71,84.1,83.68,83.86,47006.030128
1777726800000,83.86,84.07,83.86,83.93,7503.413998
1777730400000,83.94,84.09,83.9,83.98,11077.043182
1777734000000,83.98,84.07,83.93,84.05,11376.266604
1777737600000,84.06,84.27,84.03,84.2,19295.427445
1777741200000,84.2,84.21,84.0,84.04,3624.970419
1777744800000,84.05,84.21,83.95,84.17,4993.977426
1777748400000,84.18,84.31,84.17,84.23,3314.955873
1777752000000,84.23,84.23,84.09,84.19,1964.46163
1777755600000,84.19,84.98,84.15,84.55,40228.522313
1777759200000,84.56,84.64,84.05,84.47,28172.858273
1777762800000,84.47,84.52,84.23,84.28,23391.001261
1777766400000,84.28,84.32,83.83,84.09,36706.455678
1777770000000,84.09,84.1,83.74,83.76,10067.449771
1777773600000,83.74,83.83,83.61,83.69,9534.388266
1777777200000,83.69,83.74,83.59,83.67,6685.406126
1777780800000,83.67,83.75,83.58,83.71,6356.121781
1777784400000,83.71,83.85,83.68,83.76,10981.742411
1777788000000,83.75,83.88,83.6,83.75,6113.437736
1777791600000,83.75,84.02,83.74,83.88,10604.514821
1777795200000,83.88,84.02,83.83,83.9,11153.315673
1777798800000,83.91,84.12,83.88,84.04,13637.16915
1777802400000,84.05,84.05,83.81,83.82,4715.786938
1777806000000,83.81,84.2,83.74,83.95,13432.894042
1777809600000,83.96,84.24,83.96,84.1,6930.083863
1777813200000,84.11,84.22,84.0,84.09,9018.864973
1777816800000,84.1,84.44,84.09,84.36,11133.041698
1777820400000,84.36,84.43,84.11,84.14,11672.278463
1777824000000,84.15,84.29,84.0,84.14,9919.663359
1777827600000,84.14,84.33,83.99,84.2,8184.58322
1777831200000,84.2,84.32,84.11,84.27,3684.738279
1777834800000,84.27,84.49,84.25,84.37,5741.646026
1777838400000,84.37,84.74,84.26,84.34,13463.93267
1777842000000,84.35,84.44,83.88,84.12,36255.455725
1777845600000,84.14,84.96,84.14,84.69,40384.500418
1777849200000,84.68,84.78,83.88,83.92,23320.311094
1777852800000,83.92,83.92,83.36,83.79,31428.968488
1777856400000,83.8,84.92,83.44,84.76,76419.682518
1777860000000,84.77,85.65,84.71,85.24,134778.774496
1777863600000,85.25,85.59,85.12,85.41,77543.338306
1777867200000,85.42,85.9,85.38,85.75,47815.180376
1777870800000,85.76,85.8,85.34,85.37,30587.898189
1777874400000,85.38,85.41,84.52,84.87,66530.028903
1777878000000,84.88,85.02,84.68,84.88,12413.160165
1777881600000,84.88,84.9,84.63,84.77,14823.409153
1777885200000,84.77,85.19,84.69,85.04,13929.138629
1777888800000,85.04,85.07,83.26,84.04,122499.653355
1777892400000,84.05,84.14,83.83,83.96,16966.596749
1777896000000,83.96,84.17,83.85,83.89,14659.134638
1777899600000,83.89,84.33,83.6,84.01,30432.707446
1777903200000,84.01,85.32,83.78,84.98,71221.973424
1777906800000,84.99,85.18,83.97,84.48,77091.762282
1777910400000,84.48,84.8,84.0,84.49,41504.832103
1777914000000,84.5,85.2,84.49,84.95,24782.850187
1777917600000,84.95,85.04,84.59,84.76,28095.274658
1777921200000,84.76,84.77,84.38,84.45,9191.695903
1777924800000,84.46,84.46,84.06,84.08,9344.024767
1777928400000,84.09,84.5,84.08,84.42,10302.437718
1777932000000,84.41,84.54,84.18,84.2,9143.413326
1777935600000,84.21,84.22,84.02,84.09,8220.172621
1777939200000,84.1,84.36,84.03,84.33,13141.00102
1777942800000,84.33,84.48,84.16,84.42,20233.570988
1777946400000,84.42,84.8,84.35,84.51,18845.917328
1777950000000,84.52,84.97,84.41,84.78,28143.504973
1777953600000,84.77,84.92,84.58,84.77,32886.456174
1777957200000,84.77,85.14,84.71,84.92,44460.4224
1777960800000,84.92,85.0,84.55,85.0,38877.297758
1777964400000,85.0,85.07,84.79,84.88,33156.694565
1777968000000,84.87,84.9,84.7,84.79,12375.392012
1777971600000,84.79,84.8,84.46,84.54,34915.466256
1777975200000,84.55,84.94,84.44,84.91,15529.602063
1777978800000,84.9,85.0,84.7,84.97,18328.59496
1777982400000,84.98,85.37,84.91,85.31,29049.769285
1777986000000,85.31,86.08,85.31,85.61,88798.966884
1777989600000,85.62,85.75,85.18,85.49,54050.483667
1777993200000,85.49,85.89,85.35,85.51,33233.884147
1777996800000,85.51,85.69,85.03,85.32,36921.528576
1778000400000,85.33,85.52,85.12,85.47,12989.618547
1778004000000,85.47,85.89,85.43,85.88,22927.840059
1778007600000,85.88,86.57,85.82,86.5,47433.623131
1778011200000,86.49,86.92,86.41,86.64,40675.778069
1778014800000,86.65,86.94,86.27,86.73,36397.132185
1778018400000,86.73,86.98,86.2,86.57,44926.186407
1778022000000,86.57,86.67,86.17,86.31,32645.229214
1778025600000,86.29,86.54,86.1,86.37,32745.261463
1778029200000,86.38,87.02,86.32,86.85,23973.613194
1778032800000,86.86,86.92,86.39,86.88,23716.19546
1778036400000,86.89,87.46,86.88,87.32,50134.008216
1778040000000,87.32,87.42,86.67,86.8,31838.890349
1778043600000,86.8,87.5,86.76,87.39,44233.751919
1778047200000,87.41,87.56,87.17,87.49,24120.585969
1778050800000,87.5,87.9,87.46,87.69,43324.844575
1778054400000,87.7,89.21,87.64,89.02,99281.925337
1778058000000,89.03,89.56,88.6,89.48,72341.038333
1778061600000,89.49,89.7,89.21,89.38,47667.763777
1778065200000,89.37,90.08,89.32,89.87,51585.473259
1778068800000,89.87,89.96,89.46,89.66,46362.373838
1778072400000,89.65,89.65,88.05,88.33,119791.692403
1778076000000,88.32,88.84,87.46,88.4,81512.220582
1778079600000,88.4,89.06,88.31,88.97,33666.513741
1778083200000,88.97,89.53,88.6,89.18,40631.349223
1778086800000,89.18,89.43,88.58,88.83,53794.948997
1778090400000,88.84,89.14,88.49,88.98,26625.61714
1778094000000,88.97,89.33,88.89,89.27,15093.49296
1778097600000,89.27,89.62,88.92,89.19,32760.581752
1778101200000,89.2,89.59,89.08,89.48,55986.961585
1778104800000,89.49,89.56,89.03,89.07,15378.869145
1778108400000,89.08,89.18,88.67,89.16,18361.75929
1778112000000,89.16,89.25,88.21,88.33,40472.875714
1778115600000,88.34,88.51,87.88,88.31,44236.338776
1778119200000,88.31,88.36,87.81,88.14,40084.517042
1778122800000,88.14,88.14,87.64,87.75,53329.705239
1778126400000,87.76,88.37,87.7,88.36,52555.870902
1778130000000,88.37,88.89,88.34,88.66,87330.612746
1778133600000,88.66,89.29,88.22,89.27,64614.91506
1778137200000,89.27,90.42,89.13,90.15,100665.84353
1778140800000,90.15,90.27,89.5,89.6,70333.639493
1778144400000,89.6,89.6,89.18,89.45,53269.653716
1778148000000,89.45,89.53,88.73,89.17,59037.436729
1778151600000,89.17,89.68,89.17,89.57,68066.61894
1778155200000,89.56,90.1,89.53,89.77,36387.777734
1778158800000,89.76,89.76,88.4,88.67,69840.112909
1778162400000,88.67,88.91,87.85,88.16,65504.359826
1778166000000,88.16,88.58,87.8,88.32,42308.495492
1778169600000,88.31,88.79,88.1,88.46,45985.674156
1778173200000,88.47,88.86,87.97,88.8,36346.288766
1778176800000,88.82,89.05,88.25,88.59,34730.5565
1778180400000,88.59,88.74,88.22,88.44,22971.918906
1778184000000,88.46,88.86,88.05,88.05,27453.257803
1778187600000,88.07,88.22,87.67,87.98,31900.443879
1778191200000,87.97,88.23,87.7,88.1,27807.72919
1778194800000,88.1,88.49,88.07,88.43,11177.061954
1778198400000,88.44,88.65,88.12,88.27,21757.898787
1778202000000,88.28,88.37,87.93,88.15,16413.2666
1778205600000,88.15,88.35,87.59,88.07,26362.406663
1778209200000,88.08,88.37,87.63,88.23,31467.091541
1778212800000,88.23,88.37,88.03,88.18,12416.490543
1778216400000,88.18,88.44,88.04,88.04,13371.323119
1778220000000,88.04,88.28,87.83,88.05,39503.23462
1778223600000,88.05,88.24,87.66,88.23,53605.815566
1778227200000,88.24,88.62,88.02,88.36,53848.520255
1778230800000,88.37,88.71,88.23,88.41,20327.863575
1778234400000,88.42,88.77,88.28,88.63,21708.983876
1778238000000,88.63,88.72,88.48,88.64,21486.786498
1778241600000,88.65,88.87,88.37,88.46,22272.514595
1778245200000,88.46,88.56,88.01,88.32,57631.790205
1778248800000,88.32,89.38,88.32,89.13,97934.38747
1778252400000,89.14,89.6,88.43,89.59,64642.147518
1778256000000,89.6,89.78,89.34,89.6,35673.754395
1778259600000,89.6,91.97,89.56,91.66,181773.378189
1778263200000,91.67,92.57,91.65,92.32,92646.741822
1778266800000,92.32,92.8,92.05,92.59,79550.729761
1778270400000,92.6,92.66,92.03,92.11,38499.301454
1778274000000,92.12,92.39,91.75,92.32,33249.530696
1778277600000,92.32,92.7,92.26,92.3,20186.445839
1778281200000,92.31,92.31,91.75,92.02,29501.617672
1778284800000,92.02,92.62,91.85,92.47,24192.60874
1778288400000,92.47,93.83,92.43,93.5,87162.895531
1778292000000,93.5,93.79,93.27,93.49,38097.856719
1778295600000,93.5,93.76,93.4,93.63,25986.168541
1778299200000,93.63,94.17,93.1,93.23,52532.486055
1778302800000,93.23,93.77,92.83,93.72,46007.63664
1778306400000,93.74,94.11,93.2,93.51,45840.606888
1778310000000,93.52,94.0,93.34,93.74,43538.729024
1778313600000,93.74,93.94,93.66,93.7,16918.930456
1778317200000,93.7,93.7,93.05,93.28,28487.492788
1778320800000,93.28,93.59,93.11,93.39,12321.065708
1778324400000,93.38,93.67,93.32,93.61,12866.682426
1778328000000,93.61,93.74,93.24,93.45,17330.524153
1778331600000,93.44,93.46,93.01,93.45,20106.98567
1778335200000,93.45,93.45,92.77,92.87,24103.039238
1778338800000,92.88,92.99,92.4,92.99,23392.879439
1778342400000,93.0,93.3,92.69,92.77,36714.557323
1778346000000,92.77,93.49,92.77,93.22,20997.738455
1778349600000,93.23,93.64,93.16,93.38,10997.464717
1778353200000,93.38,93.59,93.23,93.51,16601.195823
1778356800000,93.52,93.53,93.15,93.27,5923.192438
1778360400000,93.27,93.55,93.25,93.48,7497.628752
1778364000000,93.49,93.51,93.22,93.33,6940.366211
1778367600000,93.34,93.49,93.04,93.13,5759.37616
1778371200000,93.13,93.35,92.93,93.02,10965.270131
1778374800000,93.03,93.03,92.61,92.97,24819.163038
1778378400000,92.98,93.11,92.81,93.03,32415.593514
1778382000000,93.04,93.49,93.02,93.41,18951.212259
1778385600000,93.41,93.6,93.23,93.35,20721.720306
1778389200000,93.35,93.5,93.25,93.33,5406.526457
1778392800000,93.34,93.46,93.24,93.4,12236.955058
1778396400000,93.41,93.64,93.37,93.45,7956.640424
1778400000000,93.45,94.07,93.42,94.05,21243.940625
1778403600000,94.06,94.84,94.05,94.29,56246.770545
1778407200000,94.3,94.37,93.57,93.86,43072.828238
1778410800000,93.86,94.01,92.92,93.56,37269.04595
1778414400000,93.55,93.69,93.2,93.32,15788.978801
1778418000000,93.31,93.96,93.24,93.77,27265.794921
1778421600000,93.78,94.13,93.69,93.89,17338.034841
1778425200000,93.89,94.74,93.89,94.54,48274.944258
1778428800000,94.54,94.98,94.17,94.81,46575.116246
1778432400000,94.82,96.51,94.82,96.49,76870.132742
1778436000000,96.5,96.89,96.13,96.44,46662.116202
1778439600000,96.43,96.88,95.75,96.48,32579.419021
1778443200000,96.48,96.61,93.41,94.53,88427.201756
1778446800000,94.51,95.58,94.47,95.07,47800.708936
1778450400000,95.05,96.36,94.87,96.21,49619.636278
1778454000000,96.24,96.88,95.97,96.45,55376.696938
1778457600000,96.46,96.66,95.34,95.79,75412.622521
1778461200000,95.79,96.4,95.33,96.06,35997.81037
1778464800000,96.07,96.14,95.19,95.31,27195.339066
1778468400000,95.32,95.36,94.46,94.77,44682.502273
1778472000000,94.78,95.2,94.44,94.96,14849.094755
1778475600000,94.97,95.87,94.94,95.7,18048.035439
1778479200000,95.7,96.17,95.43,95.49,18388.278397
1778482800000,95.49,95.57,95.17,95.34,18342.499801
1778486400000,95.34,95.37,94.58,94.77,44527.278695
1778490000000,94.77,95.35,94.74,95.29,17877.382391
1778493600000,95.29,95.59,95.05,95.07,28717.482431
1778497200000,95.07,95.5,94.92,95.25,12317.08174
1778500800000,95.26,95.38,94.68,94.79,28981.208117
1778504400000,94.8,95.48,94.57,95.23,36782.809735
1778508000000,95.24,95.88,94.31,95.17,63671.286023
1778511600000,95.19,96.8,94.89,96.79,68122.146899
1778515200000,96.8,97.98,96.49,97.32,88021.167231
1778518800000,97.33,97.94,96.89,97.76,29069.669936
1778522400000,97.77,98.07,97.25,97.28,48587.876855
1778526000000,97.29,98.38,97.03,98.18,52763.486856
1778529600000,98.2,98.38,97.6,97.64,27075.810205
1778533200000,97.63,97.81,97.32,97.4,22364.925525
1778536800000,97.39,97.83,97.36,97.64,11255.056911
1778540400000,97.64,97.64,97.09,97.36,16386.299482
1778544000000,97.37,97.66,97.18,97.51,13221.291794
1778547600000,97.52,97.65,95.54,96.29,53686.070155
1778551200000,96.28,96.71,96.16,96.56,22134.801836
1778554800000,96.57,96.65,96.05,96.14,14292.042967
1778558400000,96.15,96.5,96.08,96.36,8732.281331
1778562000000,96.36,96.76,96.24,96.57,12198.040744
1778565600000,96.57,96.99,96.16,96.2,11623.305941
1778569200000,96.19,96.31,95.82,96.04,21572.16101
1778572800000,96.05,96.19,95.39,95.66,56093.28945
1778576400000,95.65,96.06,95.33,95.79,29728.275078
1778580000000,95.79,95.98,94.95,95.01,27201.481711
1778583600000,95.02,95.06,94.61,94.98,18789.020734
1778587200000,94.98,95.57,94.39,95.22,48561.376472
1778590800000,95.23,95.39,94.55,94.69,25766.200528
1778594400000,94.71,95.23,94.41,94.56,34109.561922
1778598000000,94.56,94.79,93.62,93.87,74230.447586
1778601600000,93.87,94.31,93.61,93.84,33612.849673
1778605200000,93.84,94.67,93.82,94.52,22669.014689
1778608800000,94.53,94.8,94.36,94.56,14913.29534
1778612400000,94.56,94.98,94.56,94.93,11739.069081
1778616000000,94.92,94.98,94.63,94.75,19559.634631
1778619600000,94.76,94.87,94.54,94.69,12979.995877
1778623200000,94.69,95.05,94.64,94.68,6953.030673
1778626800000,94.67,94.76,94.25,94.29,8180.072899
1778630400000,94.29,94.63,94.06,94.49,12172.629131
1778634000000,94.49,95.44,94.48,95.19,22585.563363
1778637600000,95.2,95.58,95.03,95.24,10104.310009
1778641200000,95.24,95.57,95.08,95.56,12669.878183
1778644800000,95.57,95.99,95.44,95.49,18263.370886
1778648400000,95.49,95.51,95.08,95.25,37573.246155
1778652000000,95.26,95.76,95.11,95.12,49265.38025
1778655600000,95.12,95.3,94.89,95.13,13719.006137
1778659200000,95.14,95.76,95.0,95.56,18559.702573
1778662800000,95.56,95.87,95.56,95.72,17279.555043
1778666400000,95.72,95.76,94.74,94.79,20834.600917
1778670000000,94.8,94.83,94.25,94.34,51079.321161
1778673600000,94.34,94.64,92.26,93.18,140668.410087
1778677200000,93.18,93.45,91.96,92.29,72413.477645
1778680800000,92.29,92.34,91.44,91.78,100121.414374
1778684400000,91.77,91.95,90.29,90.45,74770.19949
1778688000000,90.45,91.27,90.42,90.89,53128.017686
1778691600000,90.89,91.15,90.72,90.9,36697.68116
1778695200000,90.9,91.42,90.77,90.94,26346.056877
1778698800000,90.93,91.02,90.49,90.95,18350.738376
1778702400000,90.96,91.35,90.93,91.23,19522.322897
1778706000000,91.25,91.28,90.74,90.89,22272.306718
1778709600000,90.89,91.23,90.65,91.17,12521.796069
1778713200000,91.18,91.32,91.05,91.17,9599.232626
1778716800000,91.16,91.42,91.08,91.21,14219.572203
1778720400000,91.21,91.34,91.01,91.17,12628.791356
1778724000000,91.17,91.25,90.44,90.58,19944.775832
1778727600000,90.59,90.77,89.81,89.93,40048.775968
1778731200000,89.94,90.62,89.87,90.48,19005.902317
1778734800000,90.48,91.46,90.41,91.29,21582.508881
1778738400000,91.28,91.47,91.12,91.39,36500.429106
1778742000000,91.39,91.71,90.69,90.89,59456.502889
1778745600000,90.89,91.29,90.68,91.06,14545.647265
1778749200000,91.06,91.14,90.59,90.85,15088.649747
1778752800000,90.86,91.12,90.66,91.06,11904.84313
1778756400000,91.05,91.1,90.62,90.64,9300.393244
1778760000000,90.63,91.28,90.54,91.21,12662.127543
1778763600000,91.21,91.48,90.73,90.78,29977.284412
1778767200000,90.77,92.35,90.63,92.26,63011.442357
1778770800000,92.28,93.23,91.94,93.16,72678.408972
1778774400000,93.18,93.67,92.34,93.32,66870.042915
1778778000000,93.32,93.56,92.31,93.0,52268.445011
1778781600000,93.0,93.65,92.7,93.43,28769.6716
1778785200000,93.43,93.63,92.8,92.9,30412.215373
1778788800000,92.9,92.99,92.37,92.72,16056.240848
1778792400000,92.74,92.95,92.55,92.7,12561.130453
1778796000000,92.71,92.92,92.61,92.66,10266.07519
1778799600000,92.65,92.66,92.12,92.17,16465.106205
1778803200000,92.17,92.66,92.11,92.43,23825.296725
1778806800000,92.43,92.55,91.71,91.76,26623.598163
1778810400000,91.76,92.43,91.48,92.35,52462.87726
1778814000000,92.35,92.45,91.88,92.06,12515.64775
1778817600000,92.06,92.06,91.22,91.28,23817.022223
1778821200000,91.29,91.52,90.27,90.6,43935.710571
1778824800000,90.59,91.08,90.48,91.01,37512.568927
1778828400000,91.01,91.72,90.93,91.6,52387.757747
1778832000000,91.61,91.69,90.97,91.26,48665.050699
1778835600000,91.28,91.35,90.93,91.16,35438.974726
1778839200000,91.17,91.58,91.01,91.46,16757.005263
1778842800000,91.47,91.55,91.18,91.27,11194.664056
1778846400000,91.26,91.26,90.57,90.68,24576.319377
1778850000000,90.67,90.67,88.68,88.9,99321.721484
1778853600000,88.91,89.56,88.55,89.07,61235.185685
1778857200000,89.07,89.33,88.72,89.05,36730.755952
1778860800000,89.05,89.72,88.82,89.53,32748.240335
1778864400000,89.53,89.95,89.49,89.82,21712.189142
1778868000000,89.83,90.1,89.47,89.81,19622.354274
1778871600000,89.81,89.82,89.36,89.43,16479.490233
1778875200000,89.44,89.53,89.1,89.29,11349.986875
1778878800000,89.29,89.44,88.97,89.06,16515.375194
1778882400000,89.07,89.37,89.07,89.35,4762.022953
1778886000000,89.34,89.4,89.21,89.25,5247.539658
1778889600000,89.25,89.44,89.15,89.23,6911.153831
1778893200000,89.24,89.34,88.95,89.29,8081.201734
1778896800000,89.29,89.39,88.99,89.2,10555.533355
1778900400000,89.21,89.27,89.0,89.05,3656.511415
1778904000000,89.05,89.1,88.17,88.87,37116.686935
1778907600000,88.88,88.92,88.28,88.57,36730.2052
1778911200000,88.58,88.66,87.81,88.02,26000.714666
1778914800000,88.02,88.02,86.73,87.46,67588.663235
1778918400000,87.46,87.63,87.38,87.49,15475.264101
1778922000000,87.5,87.51,85.77,86.05,94058.375191
1778925600000,86.05,86.15,85.52,86.0,32861.35889
1778929200000,86.02,86.33,86.01,86.11,15357.177223
1778932800000,86.11,86.44,86.01,86.25,12278.003005
1778936400000,86.26,86.35,86.1,86.25,16168.493537
1778940000000,86.25,86.7,86.05,86.39,20727.369943
1778943600000,86.4,86.68,86.27,86.49,21621.322235
1778947200000,86.49,86.78,86.3,86.63,38427.221548
1778950800000,86.64,86.95,86.62,86.8,11295.49168
1778954400000,86.8,86.96,86.62,86.82,8362.702082
1778958000000,86.82,86.87,86.67,86.7,7341.279557
1778961600000,86.7,86.9,86.67,86.67,6819.697198
1778965200000,86.68,86.78,86.48,86.59,19083.912254
1778968800000,86.58,86.7,86.45,86.53,4971.811973
1778972400000,86.53,86.7,86.5,86.55,4269.050823
1778976000000,86.55,86.73,85.97,86.13,31783.457809
1778979600000,86.13,86.34,85.58,85.77,23817.290512
1778983200000,85.77,86.28,85.77,86.0,42339.549576
1778986800000,86.0,86.64,85.99,86.51,9918.396902
1778990400000,86.52,86.97,86.48,86.86,11598.198221
1778994000000,86.86,87.28,86.84,86.9,14810.679044
1778997600000,86.91,87.02,86.71,86.85,17571.095618
1779001200000,86.85,87.11,86.78,86.98,6104.164237
1779004800000,86.98,87.03,86.59,86.84,9380.111803
1779008400000,86.84,87.02,86.72,86.87,24578.600468
1779012000000,86.88,87.27,86.8,87.0,28220.955349
1779015600000,87.0,87.02,86.79,86.91,7476.136999
1779019200000,86.91,87.02,86.73,86.78,6402.732583
1779022800000,86.78,86.79,86.31,86.41,12920.848546
1779026400000,86.41,86.45,85.94,86.31,16350.464502
1779030000000,86.31,86.49,86.17,86.45,7450.18416
1779033600000,86.45,86.68,86.12,86.3,13927.838588
1779037200000,86.31,86.37,86.01,86.26,10431.25254
1779040800000,86.26,86.44,86.02,86.43,6813.966124
1779044400000,86.43,86.94,86.42,86.8,9435.042996
1779048000000,86.8,86.9,86.58,86.7,10398.447771
1779051600000,86.69,86.97,86.6,86.92,10601.659248
1779055200000,86.92,86.92,86.01,86.23,19852.823277
1779058800000,86.24,86.24,83.38,85.23,190949.213557
1779062400000,85.23,85.34,84.4,85.34,61764.377606
1779066000000,85.35,85.47,84.55,84.99,27065.642642
1779069600000,85.0,85.35,84.72,84.89,22870.366973
1779073200000,84.89,85.24,84.73,84.86,15304.189573
1779076800000,84.86,85.32,84.59,85.27,18636.75183
1779080400000,85.27,85.38,84.65,84.88,38581.120852
1779084000000,84.87,84.99,84.28,84.75,54777.976296
1779087600000,84.76,85.03,84.41,84.77,18909.193115
1779091200000,84.77,85.02,84.62,84.9,14309.179916
1779094800000,84.91,84.93,84.47,84.49,13120.387884
1779098400000,84.49,84.53,84.21,84.27,20880.991709
1779102000000,84.27,85.32,84.08,84.98,23531.791777
1779105600000,84.99,85.79,84.99,85.56,35859.170482
1779109200000,85.57,85.57,84.31,84.69,43936.486614
1779112800000,84.7,84.7,83.73,83.97,57576.247522
1779116400000,83.98,84.39,83.61,84.21,40738.870727
1779120000000,84.21,84.52,83.99,84.33,25169.522176
1779123600000,84.33,84.71,84.25,84.41,11672.278057
1779127200000,84.4,84.44,83.5,83.54,26437.852745
1779130800000,83.54,85.23,83.51,85.01,45036.480687
1779134400000,85.01,85.42,84.85,84.93,18295.159068
1779138000000,84.93,85.68,84.79,85.57,28650.508103
1779141600000,85.58,85.78,85.28,85.46,14881.415271
1779145200000,85.47,85.64,85.27,85.39,6576.705106
1779148800000,85.39,85.97,85.34,85.58,14005.782415
1779152400000,85.59,85.61,84.9,84.9,15788.304248
1779156000000,84.9,85.29,84.62,84.86,11137.658922
1779159600000,84.86,85.24,84.74,85.09,5230.450682
1779163200000,85.09,85.32,84.79,85.15,12243.109552
1779166800000,85.16,85.29,84.45,85.18,21355.226873
1779170400000,85.18,85.6,85.12,85.26,30627.030465
1779174000000,85.26,85.63,85.13,85.48,15704.562224
1779177600000,85.49,85.59,85.05,85.24,30126.563121
1779181200000,85.24,85.32,84.49,84.77,20319.325376
1779184800000,84.77,84.88,84.31,84.72,13092.621086
1779188400000,84.72,84.82,84.27,84.39,11359.883069
1779192000000,84.39,84.79,84.3,84.78,9918.909421
1779195600000,84.79,85.1,84.38,84.8,20985.258874
1779199200000,84.8,84.94,83.7,84.11,33716.189854
1779202800000,84.12,84.59,84.03,84.38,16797.755888
1779206400000,84.38,84.9,84.15,84.84,10953.895623
1779210000000,84.84,85.06,84.48,84.68,18153.135538
1779213600000,84.69,84.8,84.25,84.37,11391.393709
1779217200000,84.37,84.74,84.23,84.35,11104.934253
1779220800000,84.36,84.58,84.31,84.52,8852.016823
1779224400000,84.53,84.67,84.39,84.45,13931.202828
1779228000000,84.44,84.44,84.0,84.06,10481.239893
1779231600000,84.11,84.6,84.04,84.3,13116.595246
1779235200000,84.29,84.41,83.92,84.23,12760.152644
1779238800000,84.23,84.54,83.85,84.35,12154.755855
1779242400000,84.36,84.48,83.91,84.0,23302.412532
1779246000000,84.0,84.28,83.86,84.1,6693.129938
1779249600000,84.11,84.22,83.88,84.22,6067.301308
1779253200000,84.22,84.95,84.22,84.76,18813.341343
1779256800000,84.76,85.01,84.71,84.98,12383.949795
1779260400000,84.98,85.12,84.7,84.75,10947.376447
1779264000000,84.76,85.17,84.72,84.98,13163.993051
1779267600000,84.97,85.07,84.84,84.88,14852.656224
1779271200000,84.88,85.19,84.87,84.96,9106.484604
1779274800000,84.97,85.05,84.57,84.69,11559.233954
1779278400000,84.69,85.33,84.61,85.11,12798.803946
1779282000000,85.11,85.16,84.17,84.69,21811.220154
1779285600000,84.69,86.15,84.34,85.85,69832.275963
1779289200000,85.84,86.29,85.42,85.91,59000.733108
1779292800000,85.92,86.83,85.54,86.48,64140.082988
1779296400000,86.49,87.09,86.32,86.52,33164.581211
1779300000000,86.52,86.58,85.68,85.82,27911.397488
1779303600000,85.83,86.31,85.63,86.17,15129.202729
1779307200000,86.18,86.24,85.56,86.17,17535.61521
1779310800000,86.17,86.34,85.97,85.98,15043.915406
1779314400000,85.98,86.22,85.62,86.04,22489.267527
1779318000000,86.03,86.17,85.87,86.16,9852.85572
1779321600000,86.17,86.83,86.1,86.64,17879.952281
1779325200000,86.64,87.03,86.39,86.54,25333.572168
1779328800000,86.55,86.9,86.44,86.61,13064.087772
1779332400000,86.61,86.92,86.51,86.85,20697.009579
1779336000000,86.85,87.24,86.77,86.99,49553.713885
1779339600000,87.0,87.11,86.36,86.51,28511.558774
1779343200000,86.51,86.61,86.2,86.32,30084.705052
1779346800000,86.32,86.72,86.26,86.63,14301.624234
1779350400000,86.63,87.2,86.63,86.86,46922.049946
1779354000000,86.85,87.05,86.47,86.49,18308.865482
1779357600000,86.5,86.67,85.72,85.75,35118.467815
1779361200000,85.76,85.95,85.59,85.6,18024.740979
1779364800000,85.6,85.86,85.44,85.76,17100.643147
1779368400000,85.75,86.13,85.34,86.06,31296.058512
1779372000000,86.07,86.48,85.63,86.0,44871.478172
1779375600000,86.01,86.9,85.91,86.46,40043.854128
1779379200000,86.46,86.6,86.05,86.27,26445.324371
1779382800000,86.28,88.02,86.19,87.6,124062.043608
1779386400000,87.6,87.78,86.79,87.08,32044.88709
1779390000000,87.08,87.88,87.08,87.82,24638.344052
1779393600000,87.84,87.92,87.5,87.56,17247.856829
1779397200000,87.57,87.7,87.33,87.36,17528.717593
1779400800000,87.36,87.49,87.11,87.19,7374.989699
1779404400000,87.19,87.39,87.03,87.35,12390.240466
1779408000000,87.36,87.36,86.83,86.85,9009.688721
1779411600000,86.86,87.11,86.59,87.08,11340.36487
1779415200000,87.08,87.25,87.0,87.17,12486.661147
1779418800000,87.18,87.3,86.92,87.03,5738.859874
1779422400000,87.04,87.38,86.93,86.98,11443.964487
1779426000000,86.99,87.14,86.73,86.8,15259.30534
1779429600000,86.81,86.86,86.51,86.72,29332.505842
1779433200000,86.72,87.15,86.55,86.98,38404.526528
1779436800000,86.99,87.52,86.87,87.15,27095.156047
1779440400000,87.14,87.4,87.05,87.27,16461.063012
1779444000000,87.27,87.28,86.89,87.0,7751.725284
1779447600000,87.0,87.34,86.73,87.34,11257.126365
1779451200000,87.34,87.79,87.26,87.77,22855.397749
1779454800000,87.78,87.86,87.11,87.4,27893.508258
1779458400000,87.4,87.4,86.37,86.63,40477.327894
1779462000000,86.63,86.98,86.27,86.78,25996.34656
1779465600000,86.78,87.02,86.65,86.92,8431.289757
1779469200000,86.94,87.19,86.52,86.64,17274.190048
1779472800000,86.65,86.69,84.6,85.47,67307.893106
1779476400000,85.47,85.63,84.0,84.55,79811.462004
1779480000000,84.55,85.07,84.55,85.0,32589.246272
1779483600000,85.0,85.3,84.93,85.17,12681.938378
1779487200000,85.18,85.22,84.77,84.95,9736.666307
1779490800000,84.97,85.15,84.0,84.4,42590.490215
1779494400000,84.41,84.54,84.08,84.44,25959.827842
1779498000000,84.45,84.65,84.33,84.52,7668.391594
1779501600000,84.53,84.6,84.21,84.53,16237.220411
1779505200000,84.54,84.75,84.49,84.69,4710.986711
1779508800000,84.69,84.71,84.35,84.4,8874.157271
1779512400000,84.41,84.48,84.18,84.47,8263.843789
1779516000000,84.47,84.5,84.19,84.26,11603.516119
1779519600000,84.27,84.32,81.38,82.25,195259.116492
1779523200000,82.25,82.35,81.69,82.14,95660.092396
1779526800000,82.14,82.26,81.98,82.02,22693.199065
1779530400000,82.02,82.41,82.01,82.26,20416.663543
1779534000000,82.27,82.47,82.24,82.3,10031.137151
1779537600000,82.29,82.55,82.15,82.48,12946.877283
1779541200000,82.49,83.48,82.49,83.22,49562.814472
1779544800000,83.23,84.47,83.09,84.13,51407.618593
1779548400000,84.13,84.54,83.64,84.09,50126.96146
1779552000000,84.1,84.31,83.93,84.11,31777.361951
1779555600000,84.12,84.36,83.99,84.22,9536.934721
1779559200000,84.24,85.15,84.19,84.72,35287.730936
1779562800000,84.73,85.11,84.59,84.97,17408.658683
1779566400000,84.97,87.09,84.79,87.08,84202.808293
1779570000000,87.08,87.5,85.96,86.28,50741.547862
1779573600000,86.3,86.61,85.53,85.82,22461.19348
1779577200000,85.8,85.93,85.66,85.76,12940.702297
1779580800000,85.77,86.04,85.63,85.89,9830.529849
1779584400000,85.9,86.23,85.88,86.02,17371.305145
1779588000000,86.03,86.1,85.74,85.97,9727.530284
1779591600000,85.97,86.13,85.63,85.8,8754.756386
1779595200000,85.81,86.1,85.78,85.93,14710.889835
1779598800000,85.93,86.15,85.56,86.14,23667.085566
1779602400000,86.15,86.47,85.92,86.46,15363.98421
1779606000000,86.46,86.76,86.01,86.07,21052.595954
1779609600000,86.08,86.57,86.0,86.51,22588.158635
1779613200000,86.51,87.04,86.39,86.55,40292.348626
1779616800000,86.55,86.72,86.25,86.5,33060.65536
1779620400000,86.5,86.93,86.44,86.67,39704.107053
1779624000000,86.67,86.69,86.17,86.35,11614.881308
1779627600000,86.35,86.45,85.65,85.9,16583.879586
1779631200000,85.91,86.01,84.47,85.26,47432.009043
1779634800000,85.27,85.47,85.15,85.31,15362.257594
1779638400000,85.31,85.87,85.18,85.64,34129.405093
1779642000000,85.65,85.79,85.49,85.66,6521.753719
1779645600000,85.66,85.68,85.27,85.4,18123.360396
1779649200000,85.4,85.51,85.24,85.38,3713.364639
1779652800000,85.38,85.42,84.55,84.79,25585.337418
1779656400000,84.78,84.98,83.68,83.96,32632.948075
1779660000000,83.96,85.32,83.93,84.99,35056.596312
1779663600000,84.99,85.52,84.99,85.27,16888.846012
1779667200000,85.28,85.66,85.26,85.49,13839.323793
1779670800000,85.49,85.58,84.83,84.86,14364.718487
1779674400000,84.86,85.77,84.86,85.08,24293.581651
1779678000000,85.07,85.18,84.76,84.93,17612.665079
1779681600000,84.94,85.91,84.92,85.84,22818.344045
1779685200000,85.84,86.17,85.76,85.99,24790.009614
1779688800000,85.99,86.17,85.65,85.98,17291.70488
1779692400000,85.99,86.15,85.6,85.96,21156.203474
1779696000000,85.97,86.08,85.75,86.03,11667.177108
1779699600000,86.03,86.22,85.92,85.94,15548.708301
1779703200000,85.94,86.11,85.9,86.07,9654.261155
1779706800000,86.07,86.14,85.7,85.77,10389.500586
1779710400000,85.77,86.08,85.67,85.88,12279.830594
1779714000000,85.89,86.04,85.78,86.02,7858.140704
1779717600000,86.03,86.45,85.94,86.34,22742.8532
1779721200000,86.35,86.53,86.07,86.25,15230.723423
1779724800000,86.25,86.44,85.98,86.27,12979.301241
1779728400000,86.28,86.39,86.07,86.13,21467.873037
1779732000000,86.14,86.31,85.89,85.92,8115.943239
1779735600000,85.92,85.95,85.52,85.65,12006.210961
1779739200000,85.64,85.88,85.32,85.42,9962.847365
1779742800000,85.42,85.56,85.25,85.37,8091.234485
1779746400000,85.38,85.55,84.72,84.82,23875.771288
1779750000000,84.81,85.21,84.74,85.06,14936.464674
1779753600000,85.06,85.1,83.92,84.38,33947.662889
1779757200000,84.39,84.55,83.86,84.11,24027.724229
1779760800000,84.12,84.23,83.92,84.03,18147.049362
1779764400000,84.03,84.27,83.84,84.23,15924.365523
1779768000000,84.23,84.51,84.01,84.37,29621.179372
1779771600000,84.36,84.98,84.27,84.65,17405.897433
1779775200000,84.66,84.83,84.4,84.61,13038.742451
1779778800000,84.61,84.63,84.11,84.34,16221.069733
1779782400000,84.35,84.57,84.33,84.45,7960.256764
1779786000000,84.45,84.72,84.32,84.48,16509.360585
1779789600000,84.49,85.81,84.36,85.56,46970.449024
1779793200000,85.56,85.66,85.22,85.23,18418.494794
1779796800000,85.23,85.4,84.83,85.33,24700.030247
1779800400000,85.33,85.78,84.71,85.54,38559.178237
1779804000000,85.54,86.15,84.78,85.24,75690.031623
1779807600000,85.24,85.35,84.04,84.5,50136.642216
1779811200000,84.5,84.58,83.91,84.24,40741.086272
1779814800000,84.24,84.39,83.15,83.59,52896.231547
1779818400000,83.6,84.07,83.49,83.61,24147.120205
1779822000000,83.62,84.0,83.36,83.77,29813.785169
1779825600000,83.78,83.96,83.73,83.93,6163.630233
1779829200000,83.94,83.97,83.58,83.69,10397.617592
1779832800000,83.7,83.88,83.53,83.65,6026.401317
1779836400000,83.66,83.85,83.63,83.72,9794.08506
1779840000000,83.72,84.18,83.72,84.14,7841.262337
1779843600000,84.15,84.19,83.8,83.87,10633.999968
1779847200000,83.88,83.96,83.57,83.95,8423.186503
1779850800000,83.96,84.07,83.51,83.64,11122.105999
1779854400000,83.64,83.68,82.86,83.64,36595.907553
1779858000000,83.65,83.93,83.57,83.88,9761.808861
1779861600000,83.89,84.06,83.75,84.05,14498.385168
1779865200000,84.06,84.21,83.89,84.2,8833.410236
1779868800000,84.2,84.42,83.91,83.95,18189.411096
1779872400000,83.95,83.97,83.63,83.79,10294.970669
1779876000000,83.79,84.1,83.68,83.96,10708.728383
1779879600000,83.97,84.23,83.91,83.94,11296.049597
1779883200000,83.96,84.68,83.56,83.94,34130.507172
1779886800000,83.94,84.06,82.99,83.65,41828.278178
1779890400000,83.65,84.12,83.22,83.9,45117.843528
1779894000000,83.9,84.83,83.86,84.43,39519.695792
1779897600000,84.44,84.75,83.87,84.18,25952.627819
1779901200000,84.19,84.21,83.18,83.41,24296.660273
1779904800000,83.41,83.99,83.21,83.95,11303.875532
1779908400000,83.95,84.15,83.88,83.92,9455.368958
1779912000000,83.93,84.14,83.77,83.82,10365.270282
1779915600000,83.82,83.82,82.12,82.48,46955.683757
1779919200000,82.5,83.02,82.25,82.47,19813.293632
1779922800000,82.46,82.69,82.21,82.44,21576.696962
1779926400000,82.43,82.74,82.37,82.73,13158.129213
1779930000000,82.73,82.76,81.93,82.27,26543.997976
1779933600000,82.29,82.44,82.02,82.11,17679.788759
1779937200000,82.11,82.25,80.49,80.73,119226.452932
1779940800000,80.73,80.96,80.02,80.91,59216.202729
1779944400000,80.91,80.99,80.43,80.71,23740.052117
1779948000000,80.7,81.09,80.53,80.97,25097.45655
1779951600000,80.98,81.35,80.86,81.27,23315.613861
1779955200000,81.27,81.3,80.83,81.0,14973.01489
1779958800000,81.0,81.31,80.83,81.23,14261.085473
1779962400000,81.23,81.31,80.72,80.75,21260.759659
1779966000000,80.75,80.93,80.61,80.87,16343.991067
1779969600000,80.88,81.25,80.59,81.13,16087.065803
1779973200000,81.14,81.35,80.54,80.8,47335.076951
1779976800000,80.8,81.66,80.03,81.19,87335.734039
1779980400000,81.19,81.38,80.57,81.14,26951.75998
1779984000000,81.15,82.18,80.93,82.07,32439.026095
1779987600000,82.08,82.64,81.84,82.3,25139.560178
1779991200000,82.3,83.0,82.25,82.89,27651.069498
1779994800000,82.9,82.9,82.14,82.18,18087.133396
1779998400000,82.18,82.61,81.78,82.3,17298.700183
1780002000000,82.35,82.67,82.24,82.44,13047.781087
1780005600000,82.44,82.63,81.92,82.03,19951.140955
1780009200000,82.04,82.28,82.01,82.12,6908.563336
1780012800000,82.12,82.48,82.12,82.33,6745.719054
1780016400000,82.33,82.48,82.06,82.2,7940.738511
1780020000000,82.22,82.32,81.49,81.56,12897.175375
1780023600000,81.58,81.95,81.54,81.63,8070.32549
1780027200000,81.63,81.94,81.39,81.93,9414.566625
1780030800000,81.93,82.19,81.84,82.09,11654.653857
1780034400000,82.09,82.5,82.03,82.31,14016.483948
1780038000000,82.31,82.48,81.91,82.25,20210.636558
1780041600000,82.25,82.49,82.19,82.21,12215.495306
1780045200000,82.21,82.64,82.21,82.47,6963.020654
1780048800000,82.45,82.45,82.1,82.16,11272.920005
1780052400000,82.16,82.23,81.52,81.78,13077.667982
1780056000000,81.78,81.8,81.32,81.5,13349.616013
1780059600000,81.5,81.71,81.12,81.43,12520.027352
1780063200000,81.45,81.58,80.37,81.36,51084.455341
1780066800000,81.34,83.24,81.22,82.57,100211.477975
1780070400000,82.59,83.12,82.21,82.93,41788.782671
1780074000000,82.93,83.21,82.68,82.8,29537.441756
1780077600000,82.81,83.0,81.83,82.08,28948.294558
1780081200000,82.08,82.41,81.6,82.06,15208.19093
1780084800000,82.05,82.35,82.01,82.22,9009.825243
1780088400000,82.23,82.41,81.71,81.72,14143.315037
1780092000000,81.72,82.03,81.62,81.98,12469.202683
1780095600000,81.99,82.12,81.77,82.05,13580.053939
1780099200000,82.05,82.35,81.95,82.3,9369.955839
1780102800000,82.3,82.94,82.22,82.81,14450.241554
1780106400000,82.82,83.04,82.79,82.98,17082.339535
1780110000000,82.99,83.09,82.62,82.67,14348.190138
1780113600000,82.68,82.8,81.87,82.33,22298.359056
1780117200000,82.34,82.75,82.21,82.61,22731.454632
1780120800000,82.61,82.75,82.41,82.49,8556.452552
1780124400000,82.49,82.52,82.28,82.39,6558.314759
1780128000000,82.39,82.41,82.2,82.24,4942.587851
1780131600000,82.24,82.4,82.21,82.33,4988.387232
1780135200000,82.34,82.52,82.32,82.38,5971.70151
1780138800000,82.39,82.55,82.22,82.33,5610.308966
1780142400000,82.34,82.45,82.26,82.45,5762.827188
1780146000000,82.45,82.57,82.26,82.48,11112.497719
1780149600000,82.49,82.76,82.46,82.63,13358.823045
1780153200000,82.63,82.92,82.5,82.7,16095.124781
1780156800000,82.7,82.93,82.63,82.89,7939.257072
1780160400000,82.9,83.05,82.63,83.05,14269.009771
1780164000000,83.04,83.14,82.87,83.02,7972.91148
1780167600000,83.02,83.04,82.78,82.99,7313.950231
1780171200000,82.99,83.08,82.86,82.96,8145.271275
1780174800000,82.97,83.19,82.91,83.01,11768.251073
1780178400000,83.02,83.02,82.46,82.66,10435.452581
1780182000000,82.66,82.89,82.52,82.73,8161.072898
1780185600000,82.74,82.96,82.62,82.94,5562.473263
1780189200000,82.94,83.2,82.92,83.01,20200.231342
1780192800000,83.01,83.4,82.88,83.16,14890.920555
1780196400000,83.16,83.34,83.1,83.23,7907.43602
1780200000000,83.23,83.3,83.09,83.21,7189.445358
1780203600000,83.2,83.22,83.0,83.04,8357.15784
1780207200000,83.04,83.04,82.86,82.98,7113.591944
1780210800000,82.97,82.97,82.52,82.68,12940.478837
1780214400000,82.68,82.87,82.6,82.81,5918.399207
1780218000000,82.8,83.05,82.65,82.76,10512.800269
1780221600000,82.76,82.76,82.49,82.72,10016.848236
1780225200000,82.73,82.86,82.67,82.75,4514.616308
1780228800000,82.75,82.93,82.58,82.83,6769.375818
1780232400000,82.82,83.11,82.66,82.77,8636.481484
1780236000000,82.77,82.77,81.8,81.97,50959.681097
1780239600000,81.97,82.28,81.85,81.89,13253.28531
1780243200000,81.89,82.06,81.44,81.58,21825.104369
1780246800000,81.59,81.91,81.49,81.86,7881.104989
1780250400000,81.87,81.88,81.62,81.75,6332.851992
1780254000000,81.76,81.79,81.34,81.59,4342.544407
1780257600000,81.6,82.01,81.6,81.96,6839.552739
1780261200000,81.97,82.37,81.89,82.31,13431.841637
1780264800000,82.32,82.7,82.05,82.53,14013.918258
1780268400000,82.53,82.91,81.96,82.46,16499.383238
1780272000000,82.45,83.11,82.36,82.82,27447.807164
1780275600000,82.82,82.88,81.75,81.77,21111.471776
1780279200000,81.78,82.89,81.61,82.7,17080.064706
1780282800000,82.68,82.98,82.55,82.61,13383.446899
1780286400000,82.62,82.77,81.77,82.04,15366.844065
1780290000000,82.04,82.12,81.64,81.81,10007.058975
1780293600000,81.81,81.87,81.14,81.45,21404.54242
1780297200000,81.45,81.58,80.65,80.74,25666.463422
1780300800000,80.73,81.04,80.47,80.98,22509.208015
1780304400000,80.99,81.29,80.99,81.08,14899.71848
1780308000000,81.09,81.18,80.82,81.08,15730.910456
1780311600000,81.1,81.22,80.61,80.82,16362.161581
1780315200000,80.83,81.08,80.25,80.83,37631.059278
1780318800000,80.84,80.88,79.24,79.86,102807.313296
1780322400000,79.86,80.12,79.45,79.73,42585.080276
1780326000000,79.73,80.06,79.2,79.62,44870.509214
1780329600000,79.62,80.45,79.12,80.41,41170.685398
1780333200000,80.41,81.2,80.28,80.93,51958.463847
1780336800000,80.92,81.21,80.58,80.86,19386.473981
1780340400000,80.87,81.32,80.61,81.2,14137.143089
1780344000000,81.19,81.24,80.97,81.13,7880.701195
1780347600000,81.14,81.15,80.52,80.68,34714.468397
1780351200000,80.67,81.49,80.33,81.4,22512.439371
1780354800000,81.4,81.63,81.08,81.27,20188.145688
1780358400000,81.28,81.3,80.89,80.9,12340.504404
1780362000000,80.9,81.02,80.05,80.12,16264.390831
1780365600000,80.12,80.78,79.39,80.78,32562.023961
1780369200000,80.79,81.04,80.64,80.91,18008.828706
1780372800000,80.91,81.01,80.39,80.45,21179.577768
1780376400000,80.45,80.58,79.56,79.64,24604.291977
1780380000000,79.63,79.83,79.34,79.59,29456.347275
1780383600000,79.6,79.93,79.15,79.68,19994.051571
1780387200000,79.69,79.82,79.48,79.62,17958.952637
1780390800000,79.62,79.65,78.7,79.1,33509.788715
1780394400000,79.11,79.5,78.98,79.44,28116.724934
1780398000000,79.44,79.45,78.87,78.95,31232.943954
1780401600000,78.95,79.16,78.67,78.98,28347.233557
1780405200000,78.99,79.22,78.81,78.95,25475.864852
1780408800000,78.95,78.99,76.74,77.45,122150.461769
1780412400000,77.44,77.5,75.51,76.38,133609.329128
1780416000000,76.38,77.68,76.16,76.72,46179.223377
1780419600000,76.73,77.19,76.49,76.83,30501.821885
1780423200000,76.84,77.07,75.8,76.15,29106.20692
1780426800000,76.16,76.26,74.41,75.52,92940.947272
1780430400000,75.52,75.93,74.78,75.44,25780.645652
1780434000000,75.44,76.08,75.33,75.67,20429.748988
1780437600000,75.66,75.66,73.31,73.66,74846.804069
1780441200000,73.67,74.31,72.72,74.21,87603.661856
1780444800000,74.23,75.13,74.0,74.84,62956.193354
1780448400000,74.84,75.04,74.16,74.74,24644.123378
1780452000000,74.75,74.8,74.21,74.41,19430.27104
1780455600000,74.4,74.53,72.28,72.71,77504.081911
1780459200000,72.72,74.12,72.7,74.05,52493.3698
1780462800000,74.06,74.92,74.06,74.74,56052.73028
1780466400000,74.74,75.4,74.67,74.86,54995.240773
1780470000000,74.86,75.42,74.76,75.26,32579.04398
1780473600000,75.26,75.33,74.86,74.99,23021.559156
1780477200000,75.0,75.4,74.71,74.99,36901.325759
1780480800000,75.0,75.62,74.96,75.54,27820.884934
1780484400000,75.55,75.7,75.0,75.12,22064.57119
1780488000000,75.13,75.27,74.68,75.18,27486.69469
1780491600000,75.18,75.37,74.38,74.57,40465.113263
1780495200000,74.56,74.6,73.84,74.45,29353.10932
1780498800000,74.46,74.51,73.25,73.3,42291.67594
1780502400000,73.31,73.48,72.04,72.99,82747.328317
1780506000000,73.0,74.1,72.4,73.18,33722.981631
1780509600000,73.18,73.49,72.46,73.11,25799.885102
1780513200000,73.11,73.17,71.71,71.99,41240.835611
1780516800000,71.98,72.43,70.88,71.22,71145.896848
1780520400000,71.23,72.86,71.04,72.82,47277.185007
1780524000000,72.81,73.2,71.94,72.21,29837.625351
1780527600000,72.22,72.28,71.56,71.62,26487.872525
1780531200000,71.61,72.11,70.33,70.76,61250.16779
1780534800000,70.77,70.96,68.41,68.6,139253.426964
1780538400000,68.62,70.46,66.67,70.06,250970.863755
1780542000000,70.07,71.63,70.06,71.47,98671.75102
1780545600000,71.49,71.77,70.8,70.89,41735.842892
1780549200000,70.89,70.89,69.89,70.34,42796.258677
1780552800000,70.33,71.2,70.25,70.36,25773.07147
1780556400000,70.36,70.41,69.13,69.16,44712.929832
1780560000000,69.14,69.43,68.31,69.24,87379.852147
1780563600000,69.24,69.27,67.75,68.87,44908.552519
1780567200000,68.88,68.93,67.56,67.89,66631.223634
1780570800000,67.89,68.7,67.41,68.69,46865.623905
1780574400000,68.7,70.36,68.32,70.11,63883.479107
1780578000000,70.12,70.58,69.03,70.38,52102.539994
1780581600000,70.39,70.66,69.56,69.78,34964.637682
1780585200000,69.77,70.51,69.41,69.65,34691.717064
1780588800000,69.65,69.67,68.98,69.42,17209.47759
1780592400000,69.42,69.73,68.49,69.25,30110.943585
1780596000000,69.25,69.89,68.66,69.51,35232.550464
1780599600000,69.5,69.72,69.03,69.1,27931.606008
1780603200000,69.09,69.15,68.46,68.81,20637.37237
1780606800000,68.81,69.04,67.62,67.79,32170.604146
1780610400000,67.78,68.57,67.57,68.49,41225.355666
1780614000000,68.47,68.91,68.01,68.88,27471.232843
1780617600000,68.87,69.1,68.28,68.3,29003.16991
1780621200000,68.3,68.82,67.57,68.51,45838.022056
1780624800000,68.52,68.62,67.2,67.32,52990.667965
1780628400000,67.33,67.86,66.93,67.1,48097.013257
1780632000000,67.12,68.02,66.5,67.94,87493.525646
1780635600000,67.94,68.09,66.07,66.23,78067.406739
1780639200000,66.24,66.54,63.61,65.05,278339.995599
1780642800000,65.04,66.3,63.91,66.17,113710.67728
1780646400000,66.18,66.2,65.09,65.33,62452.359487
1780650000000,65.33,66.6,65.29,66.56,66998.669844
1780653600000,66.55,66.74,66.16,66.41,33576.359705
1780657200000,66.41,66.81,65.84,66.09,58365.529299
1780660800000,66.08,66.35,65.23,65.83,76226.915555
1780664400000,65.82,66.82,64.3,64.31,95506.568179
1780668000000,64.32,65.84,63.94,65.24,170686.864728
1780671600000,65.26,65.32,63.78,64.25,138120.19173
1780675200000,64.24,65.98,63.16,65.88,206034.825168
1780678800000,65.87,66.06,64.81,65.11,51970.546812
1780682400000,65.11,65.39,62.63,62.92,123871.501265
1780686000000,62.9,63.83,61.46,63.43,162147.019694
1780689600000,63.43,64.81,62.68,64.67,99048.833319
1780693200000,64.64,65.4,64.54,64.88,56367.502977
1780696800000,64.88,64.89,63.8,64.41,67868.58966
1780700400000,64.44,64.79,62.65,63.63,48446.396639
1780704000000,63.64,64.82,63.64,64.66,35440.445684
1780707600000,64.68,64.86,63.78,63.84,27094.173591
1780711200000,63.85,63.93,63.26,63.53,35488.365116
1780714800000,63.53,63.53,62.56,62.82,46303.16422
1780718400000,62.84,63.12,60.29,60.86,152628.346599
1780722000000,60.87,62.71,60.11,62.61,113779.570619
1780725600000,62.62,63.35,62.1,62.22,47467.672927
1780729200000,62.23,63.15,62.07,62.79,46000.727313
1780732800000,62.79,63.6,62.53,63.16,43934.176624
1780736400000,63.17,63.56,62.45,62.69,25760.113439
1780740000000,62.7,62.7,61.2,61.84,65044.041821
1780743600000,61.84,62.68,61.77,62.45,36065.086148
1780747200000,62.46,63.11,62.02,62.92,40998.154725
1780750800000,62.94,63.07,62.17,62.44,24907.77796
1780754400000,62.44,62.93,62.31,62.33,30545.679192
1780758000000,62.33,62.48,61.34,62.06,50671.03689
1780761600000,62.05,62.41,61.38,62.12,40070.99535
1780765200000,62.13,62.26,61.47,61.63,32816.201696
1780768800000,61.63,62.15,61.42,61.74,25642.2997
1780772400000,61.74,62.2,61.63,61.65,26627.508865
1780776000000,61.64,61.95,61.38,61.85,36820.88076
1780779600000,61.84,62.37,61.83,61.9,19991.293259
1780783200000,61.91,61.99,61.47,61.73,18260.070862
1780786800000,61.72,62.3,61.68,62.21,20161.030856
1780790400000,62.21,62.63,61.97,62.11,18966.24571
1780794000000,62.11,63.87,62.04,63.67,59146.80261
1780797600000,63.68,63.78,63.07,63.55,31459.523804
1780801200000,63.55,64.15,63.41,63.83,43011.66399
1780804800000,63.82,64.13,63.3,64.09,23050.856712
1780808400000,64.1,64.49,63.9,64.26,35233.5608
1780812000000,64.26,65.0,64.02,64.84,34136.868362
1780815600000,64.84,65.01,64.61,64.92,30207.754288
1780819200000,64.92,65.95,64.49,65.95,42398.00227
1780822800000,65.95,66.11,64.84,65.01,57830.068266
1780826400000,65.02,65.07,64.44,64.66,35235.332529
1780830000000,64.66,65.22,64.53,65.03,26341.113415
1780833600000,65.04,65.09,63.65,64.32,71047.881717
1780837200000,64.3,64.43,64.09,64.32,14327.23475
1780840800000,64.33,65.33,64.33,64.92,34415.036667
1780844400000,64.91,65.25,64.63,64.98,27620.131381
1780848000000,64.99,65.45,64.75,65.17,72997.32333
1780851600000,65.17,65.61,65.09,65.32,23825.125235
1780855200000,65.33,65.58,64.91,64.95,19988.028875
1780858800000,64.96,64.99,63.64,63.94,52463.771134
1780862400000,63.94,64.79,63.74,64.69,33981.561368
1780866000000,64.69,64.91,64.31,64.62,36936.151183
1780869600000,64.63,67.92,64.52,65.83,128619.606872
1780873200000,65.82,66.65,65.78,66.5,42238.086813
1780876800000,66.49,67.1,66.03,66.72,41685.010703
1780880400000,66.72,66.81,65.41,66.17,52208.00391
1780884000000,66.18,66.63,66.06,66.45,26287.38713
1780887600000,66.46,66.75,66.17,66.35,24738.076285
1780891200000,66.36,66.41,65.38,65.42,29352.900726
1780894800000,65.43,65.65,64.98,65.34,25828.606995
1780898400000,65.34,65.88,65.29,65.68,23955.634513
1780902000000,65.68,66.21,65.37,66.11,33310.876355
1780905600000,66.1,66.1,65.46,65.63,20603.300647
1780909200000,65.63,66.45,65.61,66.37,42472.060943
1780912800000,66.37,66.45,65.8,66.2,37528.178661
1780916400000,66.21,67.05,66.04,66.69,68755.879976
1780920000000,66.69,67.31,65.98,67.25,72609.884295
1780923600000,67.26,67.3,66.43,66.77,43583.345266
1780927200000,66.79,67.31,66.45,67.27,48355.133247
1780930800000,67.27,67.82,67.06,67.19,101416.233711
1780934400000,67.19,67.75,66.9,66.95,55870.960807
1780938000000,66.95,67.39,66.56,67.37,37251.65782
1780941600000,67.38,67.62,67.17,67.45,24825.326697
1780945200000,67.45,67.82,67.26,67.46,42865.151209
1780948800000,67.46,67.52,66.94,67.48,37580.745852
1780952400000,67.48,68.16,67.42,67.47,54989.319181
1780956000000,67.46,67.46,66.85,67.19,43570.415898
1780959600000,67.18,67.4,66.66,66.83,27730.770408
1780963200000,66.82,66.88,65.29,65.42,77593.275846
1780966800000,65.43,66.07,65.38,65.99,28388.208209
1780970400000,65.97,66.08,65.54,65.91,15267.971797
1780974000000,65.92,66.09,65.68,66.02,15863.096087
1780977600000,66.01,67.41,65.82,67.01,61977.754276
1780981200000,67.02,67.39,66.72,67.19,37277.331909
1780984800000,67.2,67.47,66.97,67.06,23820.467574
1780988400000,67.06,67.35,66.64,66.91,31142.401311
1780992000000,66.9,66.94,66.39,66.61,54085.270969
1780995600000,66.61,66.83,66.08,66.17,46302.260948
1780999200000,66.18,66.49,65.92,66.42,38684.197629
1781002800000,66.41,66.48,65.85,66.12,35464.199228
1781006400000,66.11,66.52,65.96,66.23,37366.109359
1781010000000,66.22,66.37,65.6,65.86,42735.329632
1781013600000,65.85,66.0,64.41,65.09,91843.708782
1781017200000,65.09,65.32,64.27,64.33,57054.459881
1781020800000,64.33,64.49,63.55,64.15,98550.848651
1781024400000,64.15,65.16,64.1,64.8,74875.072423
1781028000000,64.81,65.55,64.67,65.29,48037.262366
1781031600000,65.29,65.66,65.06,65.41,44496.534174
1781035200000,65.42,65.71,65.3,65.62,24894.942758
1781038800000,65.63,65.66,64.89,65.0,20787.692766
1781042400000,65.02,65.35,64.82,64.89,22529.140911
1781046000000,64.9,65.18,64.68,64.98,19084.220323
1781049600000,64.97,65.22,64.49,65.18,21893.85071
1781053200000,65.19,65.3,64.82,65.1,19801.35859
1781056800000,65.12,65.25,64.25,64.31,19362.948989
1781060400000,64.31,64.85,64.27,64.52,13647.079244
1781064000000,64.53,64.66,64.13,64.29,11783.216475
1781067600000,64.3,64.37,63.92,64.13,28892.937832
1781071200000,64.14,64.36,63.83,64.2,20213.500256
1781074800000,64.2,64.78,64.14,64.49,24684.37207
1781078400000,64.5,64.52,63.42,63.63,40061.317628
1781082000000,63.64,63.75,63.06,63.64,47216.862459
1781085600000,63.65,63.79,63.28,63.69,20047.939021
1781089200000,63.69,63.77,62.96,63.51,75036.040028
1781092800000,63.5,64.69,63.3,64.14,93386.587197
1781096400000,64.15,65.55,64.02,65.09,76331.242123
1781100000000,65.09,65.28,64.6,65.06,44506.792482
1781103600000,65.07,65.77,64.56,65.45,79836.726412
1781107200000,65.45,65.48,64.25,64.62,46094.17694
1781110800000,64.63,64.97,63.64,64.05,49158.138492
1781114400000,64.05,64.22,63.37,63.85,37444.897213
1781118000000,63.85,63.95,63.4,63.56,34887.900167
1781121600000,63.55,63.66,63.17,63.32,22678.7131
1781125200000,63.32,63.32,62.35,62.59,37586.172453
1781128800000,62.6,63.07,62.37,62.79,41892.992015
1781132400000,62.79,63.31,62.46,63.19,34119.79015
1781136000000,63.2,63.77,63.2,63.68,24805.067246
1781139600000,63.67,65.17,63.66,64.91,90001.553283
1781143200000,64.92,65.0,64.37,64.53,27611.288971
1781146800000,64.54,65.49,64.34,65.27,55069.067542
1781150400000,65.28,65.34,64.95,65.22,19219.011679
1781154000000,65.22,65.24,64.96,64.96,13029.877545
1781157600000,64.97,65.44,64.82,65.11,34736.468067
1781161200000,65.1,65.18,64.79,65.05,21949.105925
1781164800000,65.05,65.53,65.05,65.31,25249.037607
1781168400000,65.32,65.56,65.02,65.4,44885.31308
1781172000000,65.4,65.66,65.28,65.5,21085.119796
1781175600000,65.51,66.15,65.33,65.88,42651.457783
1781179200000,65.89,65.93,64.89,65.26,71602.672502
1781182800000,65.26,65.73,65.06,65.52,77653.434019
1781186400000,65.52,65.77,65.0,65.35,62583.009231
1781190000000,65.36,65.86,65.0,65.56,38465.883271
1781193600000,65.56,65.81,65.3,65.39,30015.628612
1781197200000,65.39,67.18,65.05,67.17,111550.278772
1781200800000,67.17,67.32,66.67,66.8,40390.034065
1781204400000,66.81,67.39,66.6,66.95,32130.551921
1781208000000,66.94,67.05,66.35,66.59,19565.987589
1781211600000,66.6,67.1,66.59,66.91,16507.599831
1781215200000,66.91,67.13,66.87,66.89,16993.627375
1781218800000,66.89,67.12,66.69,66.91,20779.835815
1781222400000,66.92,67.09,66.74,66.88,15220.678188
1781226000000,66.88,66.88,66.42,66.7,22957.844354
1781229600000,66.7,67.3,66.68,67.13,22433.516203
1781233200000,67.14,67.17,66.68,67.02,19965.373625
1781236800000,67.03,67.24,66.85,67.05,17344.60706
1781240400000,67.06,67.09,66.64,66.74,30118.697882
1781244000000,66.75,66.82,65.94,66.12,32594.434712
1781247600000,66.14,66.48,66.13,66.32,36036.836686
1781251200000,66.32,67.07,66.31,66.91,24605.785142
1781254800000,66.91,67.49,66.84,67.18,30888.835313
1781258400000,67.18,67.35,66.58,66.79,31251.424661
1781262000000,66.79,67.09,66.78,66.92,18192.419864
1781265600000,66.93,66.99,66.64,66.77,22054.004602
1781269200000,66.77,67.01,66.38,66.71,55570.479712
1781272800000,66.73,67.99,66.63,67.93,74276.73134
1781276400000,67.94,68.82,67.17,67.25,124356.639616
1781280000000,67.26,68.02,67.08,68.0,56596.280911
1781283600000,68.01,68.21,67.27,67.4,38043.335632
1781287200000,67.41,67.48,67.01,67.06,27329.47926
1781290800000,67.07,67.4,66.69,66.79,49679.679976
1781294400000,66.79,66.83,66.52,66.67,28794.411567
1781298000000,66.68,66.94,66.47,66.58,21726.324241
1781301600000,66.58,66.76,66.46,66.63,14291.602784
1781305200000,66.64,66.83,66.47,66.82,10121.77147
1781308800000,66.83,67.09,66.78,66.98,11674.902654
1781312400000,67.0,67.51,66.98,67.44,16723.667041
1781316000000,67.46,67.5,66.87,66.98,16427.739034
1781319600000,66.97,67.11,66.7,66.89,14139.827466
1781323200000,66.89,66.97,66.65,66.67,7857.804226
1781326800000,66.67,66.88,66.55,66.8,21128.362162
1781330400000,66.8,67.22,66.67,67.16,12901.298314
1781334000000,67.16,67.49,66.97,67.37,34136.205115
1781337600000,67.37,67.56,67.26,67.33,21338.632246
1781341200000,67.33,67.53,67.28,67.37,15978.714049
1781344800000,67.37,67.6,67.34,67.44,10711.427098
1781348400000,67.44,67.96,67.39,67.9,20010.148506
1781352000000,67.9,68.06,67.78,67.97,17637.830547
1781355600000,67.98,68.31,67.82,68.03,37221.853426
1781359200000,68.02,68.43,67.99,68.27,18046.688699
1781362800000,68.28,68.71,68.18,68.59,31624.511301
1781366400000,68.6,68.63,67.84,68.09,37698.378189
1781370000000,68.09,68.27,67.84,68.0,20386.380281
1781373600000,68.0,68.37,67.98,68.12,17252.207275
1781377200000,68.13,68.39,68.02,68.23,13229.471185
1781380800000,68.24,68.29,68.06,68.29,7644.609157
1781384400000,68.29,69.56,68.23,69.27,58035.706777
1781388000000,69.27,69.29,68.88,68.9,31866.416237
1781391600000,68.91,69.18,68.79,68.94,18865.492994
1781395200000,68.93,68.93,68.65,68.75,14417.119586
1781398800000,68.77,69.09,68.64,68.81,19759.824443
1781402400000,68.82,69.09,68.72,68.84,12678.934126
1781406000000,68.83,69.03,68.76,68.95,14213.256342
1781409600000,68.95,69.01,68.44,68.52,32052.961634
1781413200000,68.53,68.6,68.02,68.25,34755.540138
1781416800000,68.26,68.51,68.11,68.2,16151.530386
1781420400000,68.2,68.26,68.05,68.22,7819.317761
1781424000000,68.23,68.36,68.12,68.27,10526.782515
1781427600000,68.27,68.5,67.92,68.48,11599.203761
1781431200000,68.49,68.52,68.16,68.16,11550.622495
1781434800000,68.17,68.34,68.03,68.11,7580.812189
1781438400000,68.11,68.17,67.71,67.79,17226.662774
1781442000000,67.79,67.87,67.51,67.76,18101.309754
1781445600000,67.77,67.82,66.95,67.26,24127.592935
1781449200000,67.28,67.57,67.27,67.43,15473.032077
1781452800000,67.44,67.75,67.42,67.49,10397.075944
1781456400000,67.5,67.73,67.31,67.34,10927.002819
1781460000000,67.34,67.49,67.21,67.41,5701.641256
1781463600000,67.42,67.75,67.34,67.56,8953.412364
1781467200000,67.56,68.07,67.45,67.81,11706.064707
1781470800000,67.81,70.54,67.81,70.15,103597.605145
1781474400000,70.16,70.73,69.69,70.45,57935.137254
1781478000000,70.46,71.28,70.16,71.28,45818.851794
1781481600000,71.28,71.72,70.95,71.14,47717.915546
1781485200000,71.14,71.35,70.67,71.01,70417.252355
1781488800000,71.02,71.58,70.91,70.98,20239.980001
1781492400000,70.98,71.36,70.91,71.24,18166.983193
1781496000000,71.25,71.28,70.89,70.93,20183.421711
1781499600000,70.93,71.3,70.82,71.21,19537.770305
1781503200000,71.21,71.49,71.1,71.35,38439.366287
1781506800000,71.35,71.5,71.12,71.28,22751.845712
1781510400000,71.28,71.62,71.17,71.29,25053.391279
1781514000000,71.29,71.48,70.82,71.23,20054.433911
1781517600000,71.23,72.14,71.2,71.88,48899.936608
1781521200000,71.87,72.85,71.67,72.6,79009.676158
1781524800000,72.61,73.0,72.31,72.84,43839.849966
1781528400000,72.85,74.24,72.72,73.64,99102.603252
1781532000000,73.63,73.98,73.2,73.8,48315.385312
1781535600000,73.8,75.25,73.78,75.25,81211.175935
1781539200000,75.25,76.09,74.96,75.47,84479.276306
1781542800000,75.47,75.49,74.68,75.28,48176.580665
1781546400000,75.29,75.7,75.11,75.3,39410.399527
1781550000000,75.3,75.79,74.59,75.28,50820.429693
1781553600000,75.27,75.46,74.77,74.96,22293.967566
1781557200000,74.96,75.04,74.4,74.46,31791.597074
1781560800000,74.46,74.6,73.63,73.77,27138.222265
1781564400000,73.78,74.07,73.62,73.98,24814.406699
1781568000000,73.97,74.39,73.86,74.04,22493.524944
1781571600000,74.04,74.35,73.87,73.88,20376.400415
1781575200000,73.89,73.9,72.79,73.03,42668.355871
1781578800000,73.04,73.83,72.87,73.74,32657.800023
1781582400000,73.74,73.93,73.21,73.36,26309.404699
1781586000000,73.36,73.83,73.36,73.66,19905.474829
1781589600000,73.66,74.31,73.66,74.19,21834.841817
1781593200000,74.19,74.53,74.13,74.47,29492.804277
1781596800000,74.47,75.64,74.35,75.39,42096.883839
1781600400000,75.39,75.45,74.78,74.83,31525.391972
1781604000000,74.84,75.12,74.68,74.69,28557.294127
1781607600000,74.7,74.9,74.38,74.65,19337.687882
1781611200000,74.67,75.54,74.5,74.95,27979.138344
1781614800000,74.95,74.98,73.87,73.98,39076.352151
1781618400000,74.0,74.29,72.32,72.98,73834.44728
1781622000000,72.98,73.65,72.88,73.28,29540.218765
1781625600000,73.29,73.49,73.02,73.1,36713.558854
1781629200000,73.11,73.83,73.07,73.67,23676.372694
1781632800000,73.68,74.34,73.58,74.01,38982.120612
1781636400000,74.01,74.22,73.51,73.85,24991.418886
1781640000000,73.84,74.25,73.69,74.15,10823.926016
1781643600000,74.15,74.2,73.75,73.94,13111.838701
1781647200000,73.94,74.1,73.62,73.85,6130.352385
1781650800000,73.85,73.96,73.44,73.53,6918.387906
1781654400000,73.55,73.78,73.33,73.37,13574.481206
1781658000000,73.38,74.01,73.17,73.95,21853.976497
1781661600000,73.94,74.45,73.7,74.06,16995.134541
1781665200000,74.06,74.06,73.54,73.69,9652.964311
1781668800000,73.7,74.11,73.61,73.84,9121.627394
1781672400000,73.85,74.01,73.44,73.65,9172.093828
1781676000000,73.66,73.83,73.19,73.41,20717.2315
1781679600000,73.42,73.62,73.0,73.27,33092.914587
1781683200000,73.28,73.3,72.16,72.35,41115.513895
1781686800000,72.35,72.67,72.32,72.55,15385.367829
1781690400000,72.55,72.69,72.12,72.16,13520.417362
1781694000000,72.16,72.25,71.73,72.04,49692.897017
1781697600000,72.05,72.35,71.6,72.35,45495.711749
1781701200000,72.33,72.76,72.16,72.44,31504.811986
1781704800000,72.43,72.66,71.84,72.38,38425.442582
1781708400000,72.39,73.88,72.37,73.8,45543.985933
1781712000000,73.81,74.69,73.71,73.77,44923.06663
1781715600000,73.78,74.35,73.48,74.21,26565.337409
1781719200000,74.19,74.37,72.2,73.5,130170.054894
1781722800000,73.51,73.72,71.42,71.66,155180.754768
1781726400000,71.65,72.24,71.54,72.19,45107.902178
1781730000000,72.2,72.23,71.37,71.61,34953.006473
1781733600000,71.61,71.94,70.83,71.7,28103.899093
1781737200000,71.7,72.13,71.68,72.04,14129.636191
1781740800000,72.04,72.51,72.02,72.22,17730.082851
1781744400000,72.23,72.64,72.09,72.22,13147.968328
1781748000000,72.23,72.67,72.11,72.53,18785.600477
1781751600000,72.52,72.55,71.53,71.66,22939.526949
1781755200000,71.66,71.72,70.9,71.06,31709.594299
1781758800000,71.06,71.13,70.63,71.13,23245.823932
1781762400000,71.13,71.41,70.99,71.34,17779.258484
1781766000000,71.35,71.84,71.16,71.77,20601.970967
1781769600000,71.78,72.06,71.63,71.87,16863.453912
1781773200000,71.87,72.15,71.75,71.84,12663.441005
1781776800000,71.84,71.85,71.1,71.39,34179.234493
1781780400000,71.4,71.55,70.73,70.94,23860.738773
1781784000000,70.94,71.61,70.89,71.57,16262.019447
1781787600000,71.57,71.8,70.72,71.05,36027.687033
1781791200000,71.05,71.71,70.71,71.09,42467.036529
1781794800000,71.11,71.11,68.37,68.44,159391.073113
1781798400000,68.45,69.13,68.39,69.07,61145.096159
1781802000000,69.08,69.16,68.52,68.63,51531.90314
1781805600000,68.64,68.98,68.24,68.67,51668.591323
1781809200000,68.66,69.53,68.57,69.38,33695.445833
1781812800000,69.39,69.96,69.39,69.82,25832.383041
1781816400000,69.82,69.9,69.39,69.56,29380.212191
1781820000000,69.56,69.68,69.26,69.52,15698.500706
1781823600000,69.52,69.79,69.27,69.72,14706.497566
1781827200000,69.72,69.89,69.56,69.79,13974.792164
1781830800000,69.79,70.04,69.55,69.94,13565.837496
1781834400000,69.94,70.08,69.43,69.66,11473.32736
1781838000000,69.67,69.74,68.65,69.05,45974.969483
1781841600000,69.06,69.26,68.2,68.33,30218.891636
1781845200000,68.34,68.75,68.32,68.69,24519.111735
1781848800000,68.7,68.85,68.47,68.76,26080.151473
1781852400000,68.75,68.78,67.99,68.39,34845.075518
1781856000000,68.39,68.75,68.24,68.69,24601.753212
1781859600000,68.69,68.75,68.22,68.33,22111.725496
1781863200000,68.33,68.46,68.06,68.32,19687.523468
1781866800000,68.32,68.47,68.1,68.25,15576.879389
1781870400000,68.26,68.72,67.92,68.62,34307.201008
1781874000000,68.62,69.58,68.4,69.28,54712.554203
1781877600000,69.27,69.47,68.83,69.15,48250.187538
1781881200000,69.15,69.54,68.93,69.33,24401.713885
1781884800000,69.34,69.57,68.7,68.72,21067.960905
1781888400000,68.73,69.52,68.63,69.32,22280.218073
1781892000000,69.33,69.37,68.8,69.06,10257.730117
1781895600000,69.05,69.14,68.79,68.96,7961.207986
1781899200000,68.98,69.3,68.74,69.26,16784.570884
1781902800000,69.26,69.3,68.91,69.01,16318.26499
1781906400000,69.02,69.45,68.98,69.41,15781.58493
1781910000000,69.42,69.87,69.24,69.74,27235.616906
1781913600000,69.73,70.12,69.62,69.64,30509.672049
1781917200000,69.64,69.94,69.55,69.81,9106.360388
1781920800000,69.8,69.87,69.48,69.65,6974.819468
1781924400000,69.65,70.1,69.63,70.0,14365.826889
1781928000000,70.01,71.08,69.89,70.86,45638.9802
1781931600000,70.87,72.48,70.71,71.8,86238.262145
1781935200000,71.8,72.38,71.7,72.1,42827.328158
1781938800000,72.13,72.13,71.43,71.59,32766.937443
1781942400000,71.6,71.64,71.27,71.34,22106.485582
1781946000000,71.35,71.63,71.21,71.56,14504.858912
1781949600000,71.56,71.71,71.41,71.69,15470.574514
1781953200000,71.7,72.1,71.45,71.78,27638.360305
1781956800000,71.79,71.94,71.4,71.55,22644.046829
1781960400000,71.55,71.6,70.74,71.2,28866.501515
1781964000000,71.2,72.19,70.46,71.94,65549.021623
1781967600000,71.94,72.63,71.64,72.04,82848.972953
1781971200000,72.05,72.07,71.34,71.67,35115.730331
1781974800000,71.68,71.68,71.1,71.57,20991.969065
1781978400000,71.57,71.98,71.54,71.77,22944.687342
1781982000000,71.75,71.93,71.61,71.87,11250.388892
1781985600000,71.87,72.06,71.71,72.03,9033.802546
1781989200000,72.04,72.46,71.97,72.39,14572.789842
1781992800000,72.4,74.3,72.36,73.57,67391.98867
1781996400000,73.57,73.66,73.2,73.21,18176.253228
1782000000000,73.22,73.28,73.01,73.21,14545.31263
1782003600000,73.2,73.31,72.89,73.19,11565.199637
1782007200000,73.19,73.39,73.08,73.34,8379.994156
1782010800000,73.35,73.88,73.14,73.64,20340.014563
1782014400000,73.63,73.85,73.39,73.45,31155.534566
1782018000000,73.46,73.53,73.01,73.07,25435.806821
1782021600000,73.07,73.36,73.05,73.24,59646.02186
1782025200000,73.25,73.46,73.12,73.21,33708.771956
1782028800000,73.21,73.26,72.74,73.15,17854.950925
1782032400000,73.15,74.1,73.07,74.03,26615.436615
1782036000000,74.04,74.4,73.87,73.9,26466.294144
1782039600000,73.9,74.03,73.1,73.21,25710.376664
1782043200000,73.2,73.69,72.93,73.64,26467.188589
1782046800000,73.64,73.94,73.47,73.91,24490.475236
1782050400000,73.91,74.15,73.65,74.1,19217.684736
1782054000000,74.11,74.29,73.92,74.15,20469.540316
1782057600000,74.14,74.67,73.8,74.34,32291.448687
1782061200000,74.34,74.69,74.06,74.25,64262.112267
1782064800000,74.26,74.45,73.88,74.22,21127.288775
1782068400000,74.23,74.47,74.11,74.43,14000.660881
1782072000000,74.44,74.56,73.35,73.44,31466.596222
1782075600000,73.44,73.46,72.43,73.14,69167.178982
1782079200000,73.14,73.25,72.64,73.06,26252.39225
1782082800000,73.05,73.1,72.3,72.45,27269.024492
1782086400000,72.46,73.58,72.46,73.37,30082.809572
1782090000000,73.38,75.0,73.27,74.37,62670.317125
1782093600000,74.38,74.46,73.77,73.83,18832.647899
1782097200000,73.84,74.07,73.3,73.52,25718.401335
1782100800000,73.53,73.91,73.37,73.87,13318.882176
1782104400000,73.87,74.14,73.8,73.95,13335.413764
1782108000000,73.96,74.21,73.57,73.71,16316.783797
1782111600000,73.72,74.47,73.68,74.11,22315.790789
1782115200000,74.11,74.33,73.72,73.9,15584.310187
1782118800000,73.91,74.02,73.58,73.81,12565.481262
1782122400000,73.81,74.02,73.59,73.77,13569.762158
1782126000000,73.78,74.43,73.66,74.19,51593.682248
1782129600000,74.19,74.56,74.03,74.42,40060.452221
1782133200000,74.42,74.99,74.25,74.97,91912.720719
1782136800000,74.99,75.0,73.2,73.43,100219.754237
1782140400000,73.45,73.8,73.0,73.15,47254.087105
1782144000000,73.16,73.22,72.56,72.95,46701.69348
1782147600000,72.96,73.33,72.65,73.29,27008.492305
1782151200000,73.28,73.57,72.59,72.65,72657.738216
1782154800000,72.65,72.81,72.47,72.7,26092.741685
1782158400000,72.71,72.96,72.49,72.83,14788.852544
1782162000000,72.83,72.89,72.3,72.73,14460.658175
1782165600000,72.74,72.96,71.36,72.12,50720.583602
1782169200000,72.1,72.16,71.83,71.96,12628.878654
1782172800000,71.96,72.02,71.47,71.88,20787.52836
1782176400000,71.89,72.04,71.32,71.71,16216.902413
1782180000000,71.72,72.05,71.56,72.0,16020.196937
1782183600000,72.0,72.01,71.72,71.99,10605.552445
1782187200000,71.99,72.02,71.38,71.46,17460.797145
1782190800000,71.47,71.6,70.93,71.02,37432.716034
1782194400000,71.04,71.07,69.68,70.32,81925.050344
1782198000000,70.3,70.56,69.98,70.01,23790.888392
1782201600000,70.01,70.13,68.14,68.71,155089.65938
1782205200000,68.71,69.05,68.68,68.91,27703.567121
1782208800000,68.92,69.21,68.61,68.81,24543.294452
1782212400000,68.82,69.34,68.82,69.31,34781.026259
1782216000000,69.31,69.37,68.85,68.97,29243.880974
1782219600000,68.97,69.37,68.64,69.2,66721.617007
1782223200000,69.2,69.67,69.08,69.19,49265.293323
1782226800000,69.19,69.2,68.39,68.92,41132.497323
1782230400000,68.92,69.4,68.81,68.89,29128.557825
1782234000000,68.89,69.19,68.63,68.77,13561.417844
1782237600000,68.78,69.04,68.69,68.92,12178.391279
1782241200000,68.9,69.11,68.74,68.85,11627.546948
1782244800000,68.87,69.07,68.84,69.01,7288.255885
1782248400000,69.02,69.33,68.98,69.27,12354.408891
1782252000000,69.28,69.84,69.24,69.56,23674.361113
1782255600000,69.56,69.81,69.31,69.7,15605.680874
1782259200000,69.7,70.14,69.6,69.99,29684.107613
1782262800000,70.0,70.41,69.68,70.09,22818.893337
1782266400000,70.1,70.15,69.43,69.46,21732.51242
1782270000000,69.46,69.77,69.11,69.56,14871.697078
1782273600000,69.58,69.67,69.0,69.59,21573.038992
1782277200000,69.58,70.21,69.52,69.94,18087.016497
1782280800000,69.94,70.04,69.7,69.74,9918.220944
1782284400000,69.75,69.79,69.27,69.37,26107.375599
1782288000000,69.38,69.62,69.24,69.47,63471.014472
1782291600000,69.46,69.54,69.2,69.3,63309.088452
1782295200000,69.31,69.34,68.95,69.05,32933.459428
1782298800000,69.05,70.45,68.78,69.81,44326.553322
1782302400000,69.83,69.92,69.42,69.45,17622.569669
1782306000000,69.45,69.5,68.38,68.88,95314.097367
1782309600000,68.86,69.42,68.6,68.87,52819.326789
1782313200000,68.87,68.89,67.26,67.33,64669.560637
1782316800000,67.32,68.03,66.3,66.54,149792.580637
1782320400000,66.54,66.92,64.71,64.97,150625.817747
1782324000000,64.98,66.49,64.81,66.02,61459.109368
1782327600000,66.03,66.39,65.55,66.14,50650.820204
1782331200000,66.13,68.01,65.98,67.68,82679.353356
1782334800000,67.7,68.12,67.23,68.07,30825.185609
1782338400000,68.08,68.55,67.69,67.84,28140.819532
1782342000000,67.83,68.19,67.76,68.11,10489.326468
1782345600000,68.12,68.32,67.53,67.72,20364.828864
1782349200000,67.71,68.02,67.41,67.88,16886.453604
1782352800000,67.88,67.94,67.62,67.73,10154.842018
1782356400000,67.73,67.86,67.48,67.69,17121.403174
1782360000000,67.7,68.52,67.49,68.45,33112.790975
1782363600000,68.46,69.3,68.36,69.04,70133.111252
1782367200000,69.04,69.66,69.01,69.47,40993.243473
1782370800000,69.47,69.59,69.24,69.44,36289.001235
1782374400000,69.44,69.44,68.99,69.05,31104.061068
1782378000000,69.06,69.18,68.79,68.82,21130.962914
1782381600000,68.82,68.88,68.15,68.31,27739.217553
1782385200000,68.31,68.43,68.01,68.18,31582.90566
1782388800000,68.18,68.92,67.78,68.31,55767.744162
1782392400000,68.31,68.46,64.05,64.25,189376.743682
1782396000000,64.25,67.15,64.25,66.37,196408.132343
1782399600000,66.38,66.38,65.24,66.32,103345.199864
1782403200000,66.32,67.05,65.66,65.97,58915.459096
1782406800000,65.98,67.36,65.83,67.13,58270.436525
1782410400000,67.12,67.16,65.92,66.2,51284.019574
1782414000000,66.22,66.23,65.66,66.21,55642.078951
1782417600000,66.22,66.81,66.09,66.29,34593.123807
1782421200000,66.28,67.32,66.27,67.29,29726.868029
1782424800000,67.27,67.34,66.93,67.16,16821.0322
1782428400000,67.15,68.82,67.0,67.7,64991.466212
1782432000000,67.72,68.1,67.62,67.74,30565.799298
1782435600000,67.74,67.91,67.15,67.33,43393.118627
1782439200000,67.33,67.37,65.93,66.21,104859.637624
1782442800000,66.22,68.5,65.93,68.22,96818.529748
1782446400000,68.21,68.38,67.97,68.07,29968.410197
1782450000000,68.08,68.47,67.99,68.37,28856.338751
1782453600000,68.37,70.06,68.01,70.01,114382.373112
1782457200000,70.0,71.0,69.92,70.78,103781.771932
1782460800000,70.78,70.88,69.72,69.93,72082.686341
1782464400000,69.94,69.96,68.85,69.01,51885.716625
1782468000000,69.02,69.25,68.66,68.78,31431.867114
1782471600000,68.78,69.11,68.4,68.61,28290.077914
1782475200000,68.62,69.73,68.38,68.87,73510.568699
1782478800000,68.87,70.95,68.2,70.7,118254.016936
1782482400000,70.7,71.98,70.25,70.47,143329.244744
1782486000000,70.48,72.24,70.32,72.06,93492.801865
1782489600000,72.06,73.57,72.02,72.5,138863.337337
1782493200000,72.5,72.89,72.19,72.57,42655.227026
1782496800000,72.57,73.1,72.38,72.6,30963.834922
1782500400000,72.61,73.93,72.48,73.0,74229.078898
1782504000000,73.01,73.68,72.07,72.18,84569.070163
1782507600000,72.17,72.41,71.82,71.99,29427.164617
1782511200000,71.99,72.09,71.44,71.83,31712.93573
1782514800000,71.82,72.02,71.68,71.9,21252.717417
1782518400000,71.91,72.56,71.57,71.82,43970.630054
1782522000000,71.83,71.83,71.36,71.44,13060.960519
1782525600000,71.44,72.29,71.39,72.13,30661.532994
1782529200000,72.12,72.42,71.85,72.27,49719.991306
1782532800000,72.26,72.58,71.9,71.94,16548.630441
1782536400000,71.94,72.03,71.52,71.81,22160.270069
1782540000000,71.81,72.32,71.63,72.13,24596.62355
1782543600000,72.14,72.34,72.01,72.29,20555.472183
1782547200000,72.3,72.33,71.88,72.03,18673.731526
1782550800000,72.02,72.11,71.73,71.88,24237.753697
1782554400000,71.87,72.06,71.83,72.04,15859.419153
1782558000000,72.04,72.08,71.55,71.8,16817.073715
1782561600000,71.81,72.18,71.65,72.18,14438.626447
1782565200000,72.18,72.63,72.13,72.36,29339.466713
1782568800000,72.36,72.92,72.23,72.72,29725.976878
1782572400000,72.72,73.19,72.61,72.85,35986.453103
1782576000000,72.85,73.01,72.65,72.65,25807.921574
1782579600000,72.65,72.65,71.89,72.04,45765.366486
1782583200000,72.04,72.17,71.76,71.91,21907.133837
1782586800000,71.91,72.01,70.96,71.1,58594.591862
1782590400000,71.1,71.34,71.08,71.29,18525.169419
1782594000000,71.31,71.62,70.8,70.98,43130.901726
1782597600000,70.98,71.09,70.26,71.07,62909.459743
1782601200000,71.08,71.14,70.44,70.51,24615.975634
1782604800000,70.51,70.8,70.47,70.71,11050.510946
1782608400000,70.72,70.93,70.45,70.85,7885.061655
1782612000000,70.85,71.01,70.5,70.72,11242.586008
1782615600000,70.73,70.98,70.73,70.87,9362.952253
1782619200000,70.87,70.98,70.56,70.77,7097.680901
1782622800000,70.78,70.78,70.15,70.53,26282.584385
1782626400000,70.54,70.58,70.19,70.45,10863.483853
1782630000000,70.45,71.08,70.44,71.07,22752.340289
1782633600000,71.06,72.19,71.06,71.91,50529.614687
1782637200000,71.91,72.04,71.48,71.53,23930.115882
1782640800000,71.54,71.62,71.1,71.47,27702.436508
1782644400000,71.47,72.03,71.42,71.92,20295.43818
1782648000000,71.91,72.41,71.65,71.89,20901.588033
1782651600000,71.88,72.09,71.33,71.74,28401.321316
1782655200000,71.74,72.19,71.65,71.65,19572.362384
1782658800000,71.66,72.12,71.46,72.08,24701.333674
1782662400000,72.08,72.13,71.16,71.57,39398.72302
1782666000000,71.56,71.99,70.97,71.56,31922.343162
1782669600000,71.56,71.71,71.0,71.17,14966.032269
1782673200000,71.17,71.32,70.25,70.72,38232.165247
1782676800000,70.71,71.29,70.65,70.92,26919.635703
1782680400000,70.92,71.06,70.22,70.46,16670.757624
1782684000000,70.46,71.53,69.73,70.23,55847.321054
1782687600000,70.23,71.78,70.14,71.38,35027.221177
1782691200000,71.4,71.69,70.35,71.66,58633.097747
1782694800000,71.66,71.7,70.96,71.49,30380.722698
1782698400000,71.49,72.21,70.52,72.19,54666.070098
1782702000000,72.2,73.33,72.18,72.69,69050.0782
1782705600000,72.69,72.71,71.65,71.7,27122.945536
1782709200000,71.7,72.35,71.04,72.31,32818.515707
1782712800000,72.32,73.12,72.22,72.39,48512.304806
1782716400000,72.39,72.95,72.09,72.73,27017.735604
1782720000000,72.72,73.0,72.38,72.72,42094.478137
1782723600000,72.73,73.16,72.6,72.93,32651.994381
1782727200000,72.94,73.68,72.94,73.24,48250.435341
1782730800000,73.24,73.27,72.25,72.53,82798.329147
1782734400000,72.54,74.55,72.13,73.51,183137.213313
1782738000000,73.51,74.35,72.78,73.73,183591.689654
1782741600000,73.74,73.96,72.31,73.73,175795.02929
1782745200000,73.74,74.44,72.8,73.91,111895.602158
1782748800000,73.92,74.18,72.91,74.04,68528.80892
1782752400000,74.04,76.48,74.02,75.29,211291.55412
1782756000000,75.31,75.83,75.15,75.6,42796.112153
1782759600000,75.61,76.22,75.42,75.99,50090.660159
1782763200000,75.99,76.03,75.28,75.38,31186.097331
1782766800000,75.39,75.8,75.25,75.54,24336.902719
1782770400000,75.54,75.65,75.05,75.28,23047.23745
1782774000000,75.28,75.44,74.9,75.19,22626.148185
1782777600000,75.16,75.23,74.19,74.43,38091.121484
1782781200000,74.44,74.66,74.07,74.41,40746.435068
1782784800000,74.42,74.83,74.05,74.59,13069.340503
1782788400000,74.61,74.89,74.13,74.19,12645.017159
1782792000000,74.19,74.26,73.71,74.03,36897.607759
1782795600000,74.04,74.24,73.86,74.23,16467.383334
1782799200000,74.24,74.26,73.9,74.18,11586.901699
1782802800000,74.18,74.25,73.86,74.16,21443.862279
1782806400000,74.15,74.22,73.33,73.63,89710.132604
1782810000000,73.63,73.89,73.55,73.81,27456.1756
1782813600000,73.82,73.9,73.49,73.7,17173.325981
1782817200000,73.71,73.78,73.35,73.41,19429.757149
1782820800000,73.41,73.43,72.08,72.1,54542.573081
1782824400000,72.11,72.93,71.91,72.88,94820.630828
1782828000000,72.86,73.93,72.74,72.96,60352.19106
1782831600000,72.95,74.12,72.59,73.14,78621.777904
1782835200000,73.16,73.72,72.73,73.5,40988.157767
1782838800000,73.53,73.92,73.18,73.19,28474.964316
1782842400000,73.2,73.81,72.96,73.6,21911.323718
1782846000000,73.58,73.96,73.36,73.77,19783.826119
1782849600000,73.75,73.95,73.53,73.7,17732.27612
1782853200000,73.7,73.8,73.2,73.5,19207.934018
1782856800000,73.51,73.75,73.28,73.42,16525.939641
1782860400000,73.44,73.71,73.33,73.67,8390.671013
1782864000000,73.68,73.89,73.37,73.65,17856.8676
1782867600000,73.64,74.36,72.26,73.94,58254.917524
1782871200000,73.95,75.03,73.79,74.78,47943.770395
1782874800000,74.78,75.69,74.36,75.48,44578.128813
1782878400000,75.48,75.86,75.25,75.57,36804.034875
1782882000000,75.57,75.79,75.16,75.25,34173.535277
1782885600000,75.25,75.27,73.97,74.31,65322.758398
1782889200000,74.32,74.95,74.1,74.88,44732.497441
1782892800000,74.88,75.51,74.46,75.44,47209.909789
1782896400000,75.44,75.59,75.07,75.47,61774.148377
1782900000000,75.46,75.56,74.99,75.0,35904.242217
1782903600000,75.0,75.32,74.65,74.84,31912.945983
1782907200000,74.86,74.98,74.28,74.6,45665.558557
1782910800000,74.61,76.17,74.61,76.05,99916.265513
1782914400000,76.03,77.26,75.66,76.98,117108.599608
1782918000000,76.96,77.81,76.85,77.43,77932.451858
1782921600000,77.43,78.25,76.9,77.18,74751.764413
1782925200000,77.17,77.95,76.85,77.78,53595.862769
1782928800000,77.78,77.92,77.3,77.44,37299.140811
1782932400000,77.44,77.69,76.82,77.01,29357.763332
1782936000000,77.01,77.52,76.6,77.42,48165.999325
1782939600000,77.42,78.71,77.42,78.42,63053.991001
1782943200000,78.41,78.96,77.78,77.88,59284.659076
1782946800000,77.87,77.89,77.27,77.45,48654.098016
1782950400000,77.46,77.48,76.9,77.27,32673.892279
1782954000000,77.28,78.71,77.23,78.18,42263.583852
1782957600000,78.19,78.6,77.82,78.43,21090.744347
1782961200000,78.44,78.98,77.95,78.72,58168.219558
1782964800000,78.72,78.73,78.07,78.28,24358.963901
1782968400000,78.29,78.35,77.8,78.12,29425.171068
1782972000000,78.13,78.64,77.77,77.92,23368.766692
1782975600000,77.92,78.19,77.61,77.99,25200.846392
1782979200000,78.0,78.5,77.94,78.48,25305.986108
1782982800000,78.48,79.8,78.3,79.47,91006.254357
1782986400000,79.47,82.19,79.43,82.09,204818.739306
1782990000000,82.09,82.78,81.52,82.4,169819.82931
1782993600000,82.38,82.45,81.13,81.4,149622.901952
1782997200000,81.42,82.0,80.73,81.52,136979.625641
1783000800000,81.53,81.54,80.14,80.55,106381.285871
1783004400000,80.55,80.92,80.1,80.87,45346.383837
1783008000000,80.88,81.11,80.16,80.56,46356.543518
1783011600000,80.55,81.29,80.51,80.64,38780.813826
1783015200000,80.65,81.25,80.64,81.04,25014.575029
1783018800000,81.04,81.29,80.8,80.84,23007.990514
1783022400000,80.84,81.1,80.6,81.03,20161.769628
1783026000000,81.03,81.17,80.5,80.8,20571.950302
1783029600000,80.79,80.89,80.43,80.67,26692.061814
1783033200000,80.66,80.78,80.51,80.73,9552.272144
1783036800000,80.73,80.96,80.54,80.75,20286.975792
1783040400000,80.76,81.71,80.72,81.48,31967.590726
1783044000000,81.5,81.69,80.68,80.81,22375.519017
1783047600000,80.81,81.0,80.33,80.73,17786.32646
1783051200000,80.74,80.82,80.48,80.52,11553.200994
1783054800000,80.52,81.26,80.48,81.16,22145.057248
1783058400000,81.17,81.39,80.75,80.97,27386.26031
1783062000000,80.97,81.54,80.83,81.24,17224.406925
1783065600000,81.25,81.53,80.85,80.93,31459.447173
1783069200000,80.92,81.3,80.69,81.04,16438.093632
1783072800000,81.03,81.87,80.86,81.56,48100.006013
1783076400000,81.56,81.7,81.25,81.56,20724.702103
1783080000000,81.57,81.77,81.23,81.53,21428.307418
1783083600000,81.53,81.9,81.44,81.6,22453.652327
1783087200000,81.61,81.81,80.93,81.7,32855.102908
1783090800000,81.71,82.06,81.15,81.22,28408.118554
1783094400000,81.22,81.57,81.07,81.54,19290.68536
1783098000000,81.55,81.99,81.48,81.78,21181.541661
1783101600000,81.79,82.4,81.65,82.11,21586.541668
1783105200000,82.12,83.23,82.08,82.51,63357.556474
1783108800000,82.49,83.0,82.24,82.73,43166.781379
1783112400000,82.73,83.06,82.18,82.66,37462.14429
1783116000000,82.67,82.69,82.27,82.36,19053.370996
1783119600000,82.36,82.5,82.19,82.36,8355.014571
1783123200000,82.35,82.73,82.26,82.4,17411.428087
1783126800000,82.4,82.41,81.81,81.95,22801.510616
1783130400000,81.95,82.4,81.91,82.18,10156.951325
1783134000000,82.19,82.85,82.05,82.72,27017.79118
1783137600000,82.73,83.98,82.66,83.47,68252.997739
1783141200000,83.49,83.49,82.91,83.37,28959.114805
1783144800000,83.37,83.59,82.47,82.56,38703.248116
1783148400000,82.57,82.84,82.25,82.72,23805.390817
1783152000000,82.72,82.79,82.26,82.32,25268.972788
1783155600000,82.32,82.34,81.61,81.75,38944.917972
1783159200000,81.74,81.94,81.43,81.66,24528.671299
1783162800000,81.65,81.93,81.55,81.83,19407.92975
1783166400000,81.84,82.0,81.35,81.6,26318.466899
1783170000000,81.61,81.93,81.38,81.66,22082.341823
1783173600000,81.65,81.87,81.56,81.82,18151.5415
1783177200000,81.82,82.42,81.72,82.24,57085.136765
1783180800000,82.25,82.39,82.0,82.22,39893.675597
1783184400000,82.23,82.83,81.9,82.54,38859.620579
1783188000000,82.54,82.63,82.1,82.27,17856.166577
1783191600000,82.28,82.35,81.71,81.89,26071.158918
1783195200000,81.89,82.18,81.59,81.98,24024.532502
1783198800000,81.99,82.23,81.84,82.0,9615.029514
1783202400000,82.0,82.03,81.8,81.93,8454.022502
1783206000000,81.94,81.94,81.46,81.8,17075.127604
1783209600000,81.8,81.81,81.13,81.32,27458.966374
1783213200000,81.33,81.46,80.58,80.85,43186.459072
1783216800000,80.84,80.88,80.21,80.37,41668.339356
1783220400000,80.38,80.62,80.36,80.57,15661.92746
1783224000000,80.57,80.88,80.42,80.6,20377.969169
1783227600000,80.6,80.6,80.25,80.48,13501.304778
1783231200000,80.47,80.64,80.34,80.59,9307.356832
1783234800000,80.6,80.78,80.37,80.71,24734.037899
1783238400000,80.72,80.87,80.45,80.49,13850.476197
1783242000000,80.5,80.55,79.67,79.89,52635.774734
1783245600000,79.9,80.47,79.75,80.44,30507.463397
1783249200000,80.44,80.67,80.36,80.56,42825.4686
1783252800000,80.57,81.3,80.37,80.77,31799.183812
1783256400000,80.78,81.25,80.67,81.24,19382.286723
1783260000000,81.25,81.61,81.04,81.45,25512.225586
1783263600000,81.46,81.77,81.13,81.35,15170.437886
1783267200000,81.36,81.54,80.91,81.1,29895.501525
1783270800000,81.1,81.39,81.02,81.14,17779.780473
1783274400000,81.15,81.27,81.01,81.01,10116.85578
1783278000000,81.01,81.14,80.82,81.05,15837.303006
1783281600000,81.05,81.17,80.97,81.09,5327.744677
1783285200000,81.09,82.32,80.77,81.79,43287.108529
1783288800000,81.79,82.43,81.64,81.83,87821.322513
1783292400000,81.83,82.08,81.46,81.59,31371.758915
1783296000000,81.59,82.25,81.13,82.2,42432.188318
1783299600000,82.21,82.35,81.49,81.54,21271.819566
1783303200000,81.55,81.69,80.83,81.03,41762.356434
1783306800000,81.02,81.06,80.46,80.81,42195.694034
1783310400000,80.81,81.02,80.71,80.84,25714.593165
1783314000000,80.83,80.84,80.17,80.43,27475.178926
1783317600000,80.43,80.54,80.26,80.37,20509.245626
1783321200000,80.37,81.05,80.28,80.84,38383.686826
1783324800000,80.84,81.1,80.3,80.49,18394.642732
1783328400000,80.5,80.5,80.07,80.08,15445.048814
1783332000000,80.08,80.71,80.06,80.68,31567.088641
1783335600000,80.69,81.0,80.38,80.4,34444.344602
1783339200000,80.39,80.64,79.32,79.47,123889.921235
1783342800000,79.47,80.92,79.25,80.18,73736.209461
1783346400000,80.17,80.78,79.86,80.29,48223.698955
1783350000000,80.3,81.55,80.3,81.49,72061.667016
1783353600000,81.5,82.4,81.28,82.1,100012.538511
1783357200000,82.1,82.18,81.46,81.65,41147.638078
1783360800000,81.66,82.3,81.32,82.0,36384.189625
1783364400000,82.01,82.17,81.82,82.07,17005.514794
1783368000000,82.08,82.24,81.68,82.1,15333.115799
1783371600000,82.1,83.79,82.06,82.82,80727.748344
1783375200000,82.83,82.88,82.25,82.31,17893.784666
1783378800000,82.32,82.42,81.91,81.94,14995.41988
1783382400000,81.94,82.48,81.82,82.36,28300.830759
1783386000000,82.37,82.37,81.81,81.9,28251.152751
1783389600000,81.91,81.99,81.29,81.35,20890.874459
1783393200000,81.36,81.47,80.95,81.06,24883.009181
1783396800000,81.05,81.09,80.66,80.91,17416.13155
1783400400000,80.92,81.22,80.47,81.11,24784.92739
1783404000000,81.1,81.65,80.81,81.56,27793.467298
1783407600000,81.56,81.75,81.34,81.5,17273.267838
1783411200000,81.5,81.59,81.2,81.28,43258.407661
1783414800000,81.28,81.49,81.14,81.31,32765.703835
1783418400000,81.31,81.58,80.92,80.99,31945.631102
1783422000000,81.0,81.41,80.75,81.32,16511.102554
1783425600000,81.33,82.0,81.31,81.45,39532.420566
1783429200000,81.46,81.62,80.67,80.84,43695.563374
1783432800000,80.85,81.9,80.51,81.79,49405.797432
1783436400000,81.8,82.35,81.49,82.11,39338.856626
1783440000000,82.12,82.56,81.83,82.21,20089.100671
1783443600000,82.21,82.79,82.08,82.71,29461.939501
1783447200000,82.72,82.72,81.26,81.31,26926.57165
1783450800000,81.3,81.58,80.77,81.37,30801.139589
1783454400000,81.39,81.5,81.02,81.17,11052.785945
1783458000000,81.18,81.42,80.56,80.82,15841.722303
1783461600000,80.82,81.09,80.33,80.88,20185.91418
1783465200000,80.86,81.14,80.51,80.56,12648.467781
1783468800000,80.55,80.77,80.36,80.38,22717.273392
1783472400000,80.39,80.43,78.84,79.1,83017.812266
1783476000000,79.1,79.19,78.22,79.06,61448.565268
1783479600000,79.08,79.34,78.63,78.74,34212.888023
1783483200000,78.74,78.94,78.36,78.64,21277.550874
1783486800000,78.65,78.81,78.34,78.43,31057.171295
1783490400000,78.44,78.45,77.94,78.21,33763.767946
1783494000000,78.22,78.34,77.81,78.3,50206.472761
1783497600000,78.3,78.43,76.9,77.26,112397.024474
1783501200000,77.27,77.51,77.02,77.19,24682.860669
1783504800000,77.2,77.49,76.95,77.33,20853.207361
1783508400000,77.34,77.71,77.1,77.56,25301.649687
1783512000000,77.56,77.66,77.01,77.01,22146.498055
1783515600000,77.03,77.46,76.65,77.31,45629.913652
1783519200000,77.29,77.42,76.7,77.11,40785.439536
1783522800000,77.12,77.15,76.28,76.76,44230.112016
1783526400000,76.76,77.37,76.76,77.29,29840.322245
1783530000000,77.29,77.68,77.04,77.15,21128.482071
1783533600000,77.14,77.36,76.83,77.15,16831.260477
1783537200000,77.16,77.5,76.96,77.42,15612.984174
1783540800000,77.43,77.56,77.06,77.18,11240.766467
1783544400000,77.19,77.34,76.93,77.25,11790.57314
1783548000000,77.26,77.58,77.19,77.55,10545.328049
1783551600000,77.54,77.95,77.44,77.83,14167.121097
1783555200000,77.83,77.89,77.52,77.72,18014.533436
1783558800000,77.72,78.78,77.22,77.35,56087.511569
1783562400000,77.36,77.84,76.99,77.07,26420.161396
1783566000000,77.07,77.39,76.72,77.38,21345.60295
1783569600000,77.38,78.04,77.2,77.99,21371.846297
1783573200000,77.98,78.4,77.74,78.4,27602.239497
1783576800000,78.4,78.6,78.12,78.49,29896.700798
1783580400000,78.49,78.83,78.13,78.21,33168.7897
1783584000000,78.21,78.4,77.96,78.12,19353.083166
1783587600000,78.12,78.2,77.86,78.14,12984.040337
1783591200000,78.14,78.21,77.52,77.69,22150.383689
1783594800000,77.7,77.78,77.32,77.62,26483.272502
1783598400000,77.62,78.22,77.44,77.64,82738.827197
1783602000000,77.64,78.49,77.35,78.23,29478.969524
1783605600000,78.23,78.36,77.58,77.89,27204.716537
1783609200000,77.91,78.19,77.51,77.62,23461.060252
1783612800000,77.62,77.82,77.25,77.69,19226.906864
1783616400000,77.69,78.16,77.64,78.07,19140.603092
1783620000000,78.07,78.44,78.02,78.2,16705.797819
1783623600000,78.21,78.31,77.91,78.16,10249.265622
1783627200000,78.17,78.3,77.98,78.15,8227.497732
1783630800000,78.16,78.29,77.91,78.06,7314.071207
1783634400000,78.06,78.28,78.0,78.11,6622.599786
1783638000000,78.11,78.21,77.78,78.04,9366.253258
1783641600000,78.04,78.15,77.8,78.1,15239.021238
1783645200000,78.11,79.45,77.94,79.06,48177.522941
1783648800000,79.08,79.15,78.83,79.04,21506.083314
1783652400000,79.04,79.14,78.69,79.04,23935.051258
1783656000000,79.07,79.1,78.84,78.98,12019.021634
1783659600000,78.98,79.35,78.88,79.19,21144.767173
1783663200000,79.19,79.24,78.88,78.91,11588.368293
1783666800000,78.92,79.08,78.74,78.87,13907.208021
1783670400000,78.87,79.42,78.8,79.21,28361.363779
1783674000000,79.2,79.37,78.95,79.23,14977.233954
1783677600000,79.23,79.67,79.14,79.4,26060.14733
1783681200000,79.4,79.52,79.19,79.38,17852.289434
1783684800000,79.38,79.55,78.91,78.92,26758.645658
1783688400000,78.93,79.36,78.76,78.98,33330.380253
1783692000000,78.97,78.98,77.08,77.91,234176.954306
1783695600000,77.9,78.36,77.78,78.12,31381.74337
1783699200000,78.14,78.25,77.65,78.14,17355.158551
1783702800000,78.14,78.18,77.58,77.59,16002.816992
1783706400000,77.58,77.89,77.34,77.53,17253.553415
1783710000000,77.52,78.05,77.46,77.89,14351.083835
1783713600000,77.89,77.99,77.72,77.75,9320.494023
1783717200000,77.75,78.1,77.73,77.99,8057.371126
1783720800000,77.99,78.28,77.94,78.16,11562.815205
1783724400000,78.17,78.18,77.94,78.13,6676.74841
1783728000000,78.13,78.13,77.79,77.84,8417.993775
1783731600000,77.84,78.07,77.48,77.53,16993.158484
1783735200000,77.54,77.82,77.5,77.79,7232.42298
1783738800000,77.79,77.88,77.61,77.79,10776.703305
1783742400000,77.79,77.86,77.64,77.73,7268.881629
1783746000000,77.74,77.97,77.6,77.9,5701.512915
1783749600000,77.9,78.11,77.78,78.05,9927.563414
1783753200000,78.05,78.1,77.93,77.97,6886.397544
1783756800000,77.98,78.18,77.94,78.17,10400.533386
1783760400000,78.17,78.34,77.83,77.84,19978.925401
1783764000000,77.83,78.1,77.66,78.05,22436.681239
1783767600000,78.06,78.14,77.98,78.1,5257.61853
1783771200000,78.11,78.22,77.95,78.09,7272.250787
1783774800000,78.09,78.45,78.03,78.17,10759.255059
1783778400000,78.18,78.72,78.16,78.5,18987.048161
1783782000000,78.5,78.89,77.95,78.39,40306.938556
1783785600000,78.39,78.4,77.66,77.95,41939.676913
1783789200000,77.95,78.2,77.83,78.1,12625.49309
1783792800000,78.09,78.32,78.01,78.08,8233.809404
1783796400000,78.09,78.15,77.88,78.14,6809.049815
1783800000000,78.14,78.27,78.11,78.16,4387.091028
1783803600000,78.17,78.33,78.14,78.22,8983.143698
1783807200000,78.23,78.27,77.75,77.9,11791.621372
1783810800000,77.89,77.93,76.78,76.78,53953.870262
1783814400000,76.78,76.88,75.64,76.1,66942.177412
1783818000000,76.11,76.87,76.04,76.84,36365.355855
1783821600000,76.83,76.91,76.63,76.85,10134.798147
1783825200000,76.85,77.08,76.74,77.05,17044.278075
1783828800000,77.06,77.08,76.61,76.71,9629.534777
1783832400000,76.71,76.82,76.39,76.44,14975.108223
1783836000000,76.43,76.43,75.86,76.37,32721.360351
1783839600000,76.37,76.71,76.31,76.52,11974.104841
1783843200000,76.51,76.83,76.47,76.7,10153.789889
1783846800000,76.71,76.91,76.41,76.76,12866.581019
1783850400000,76.76,76.86,76.66,76.71,11936.370921
1783854000000,76.72,77.26,76.54,76.95,12859.362242
1783857600000,76.94,77.24,76.79,77.18,15394.019204
1783861200000,77.17,77.48,77.12,77.16,21080.755401
1783864800000,77.16,77.72,76.98,77.55,20154.29179
1783868400000,77.55,77.62,77.28,77.47,22185.74091
1783872000000,77.48,77.67,77.39,77.55,16460.116829
1783875600000,77.55,77.62,77.24,77.35,6480.015696
1783879200000,77.36,77.65,77.23,77.58,10827.23356
1783882800000,77.58,77.78,77.44,77.69,10253.863297
1783886400000,77.69,77.73,77.44,77.47,5553.811178
1783890000000,77.47,77.69,76.98,77.11,17063.267826
1783893600000,77.1,77.1,76.48,76.76,23007.726247
1783897200000,76.77,76.95,76.66,76.91,11523.262396
1783900800000,76.91,78.22,76.83,77.51,50111.529622
1783904400000,77.52,77.65,76.28,76.31,29547.810136
1783908000000,76.32,76.66,76.13,76.48,23173.771469
1783911600000,76.48,76.49,75.4,75.86,55044.707827
1783915200000,75.87,76.14,75.72,75.92,13707.251901
1783918800000,75.94,76.46,75.74,76.4,31623.255066
1783922400000,76.41,76.59,76.28,76.34,19298.786683
1783926000000,76.34,76.68,76.23,76.44,18742.221371
1783929600000,76.44,76.9,76.37,76.74,14396.213437
1783933200000,76.74,76.74,76.6,76.62,8151.378876
1783936800000,76.63,76.63,76.09,76.29,15889.105672
1783940400000,76.3,76.59,76.3,76.34,11869.59591
1783944000000,76.35,76.41,75.75,75.87,31644.894435
1783947600000,75.86,75.95,75.1,75.42,42828.574399
1783951200000,75.41,76.18,75.34,76.16,45909.349989
1783954800000,76.16,76.32,75.76,75.82,17383.98374
1783958400000,75.84,76.03,75.2,75.29,18294.308851
1783962000000,75.29,75.46,74.53,74.58,52589.265225
1783965600000,74.59,75.03,74.56,74.85,33789.244393
1783969200000,74.87,75.22,74.75,75.21,17679.915466
1783972800000,75.2,75.35,74.6,74.79,15016.193613
1783976400000,74.8,74.82,74.1,74.4,19404.158929
1783980000000,74.42,74.73,74.39,74.52,11219.209748
1783983600000,74.52,75.01,74.42,75.0,14187.664517
1783987200000,75.01,75.5,74.78,75.44,38703.812877
1783990800000,75.45,75.55,75.22,75.3,10515.061705
1783994400000,75.3,75.32,74.88,75.08,12890.007314
1783998000000,75.08,75.16,74.56,75.15,18782.038575
1784001600000,75.15,75.34,75.04,75.14,16089.84736
1784005200000,75.15,75.48,75.11,75.4,18960.222356
1784008800000,75.41,75.42,75.1,75.15,10194.351789
1784012400000,75.14,75.26,74.91,74.97,7721.054265
1784016000000,74.98,75.4,74.85,75.18,14835.944736
1784019600000,75.18,75.32,74.88,75.08,15902.003086
1784023200000,75.08,75.59,74.98,75.46,16227.488397
1784026800000,75.47,75.6,75.35,75.39,17485.725423
1784030400000,75.41,76.96,75.17,76.86,131283.921884
1784034000000,76.86,77.73,76.5,76.94,100142.367239
1784037600000,76.95,77.49,76.69,77.37,47092.970692
1784041200000,77.37,77.93,77.19,77.38,53492.268074
1784044800000,77.38,77.66,77.11,77.3,26323.254351
1784048400000,77.29,77.3,76.8,77.19,27001.795379
1784052000000,77.19,77.34,77.0,77.3,15976.941743
1784055600000,77.3,77.54,77.11,77.19,13691.767437
1784059200000,77.19,77.22,76.95,77.18,6514.890549
1784062800000,77.18,77.42,77.13,77.23,12298.838042
1784066400000,77.22,77.99,77.13,77.64,27403.444926
1784070000000,77.63,77.93,77.56,77.87,14137.316418
1784073600000,77.88,77.92,77.49,77.68,12893.688643
1784077200000,77.67,77.83,77.29,77.44,18948.666899
1784080800000,77.45,77.59,77.04,77.31,23631.385661
1784084400000,77.31,77.9,77.23,77.79,13515.637923
1784088000000,77.8,78.2,77.54,78.01,26467.197416
1784091600000,78.03,78.33,77.66,78.27,34749.821616
1784095200000,78.28,78.69,77.95,77.95,48889.729849
1784098800000,77.95,78.01,77.41,77.42,26185.279346
1784102400000,77.42,77.62,77.24,77.58,23113.471903
1784106000000,77.59,77.91,77.43,77.47,16149.869203
1784109600000,77.48,77.71,77.18,77.38,19443.480542
1784113200000,77.38,77.53,77.35,77.53,13795.35672
1784116800000,77.53,78.31,77.27,78.29,50720.34046
1784120400000,78.28,79.03,77.69,78.1,109166.231752
1784124000000,78.11,78.37,77.78,78.22,61085.55794
1784127600000,78.22,78.25,77.76,78.06,24934.427975
1784131200000,78.08,78.11,77.06,77.63,54566.176849
1784134800000,77.64,78.04,77.5,77.82,22392.744265
1784138400000,77.81,78.09,77.52,77.58,18145.485236
1784142000000,77.59,77.7,76.94,77.17,30755.156376
1784145600000,77.18,77.55,77.11,77.39,11017.128398
1784149200000,77.39,77.53,77.25,77.43,9504.766086
1784152800000,77.43,77.73,77.3,77.49,12860.518865
1784156400000,77.49,77.63,77.2,77.28,20938.293446
1784160000000,77.28,77.51,76.69,76.94,28820.914105
1784163600000,76.94,77.14,76.71,77.09,17328.771821
1784167200000,77.09,77.15,76.87,77.13,13988.474971
1784170800000,77.13,77.28,76.82,76.95,11672.458328
1784174400000,76.95,77.01,76.6,76.81,17625.362828
1784178000000,76.82,77.5,76.75,77.49,29133.597443
1784181600000,77.49,77.63,77.12,77.35,21163.040873
1784185200000,77.35,77.35,76.21,76.43,39016.375993
1784188800000,76.44,76.5,75.63,76.15,48599.497365
1784192400000,76.15,76.27,76.0,76.03,21376.992518
1784196000000,76.04,76.35,76.02,76.21,7407.106372
1784199600000,76.21,76.29,76.03,76.27,13632.608416
1784203200000,76.26,76.29,75.7,75.92,39280.3023
1784206800000,75.91,76.63,75.9,76.36,30997.849448
1784210400000,76.35,76.78,76.18,76.49,26945.657083
1784214000000,76.5,76.86,76.01,76.63,27866.717524
1784217600000,76.63,76.63,76.1,76.28,13249.032493
1784221200000,76.28,76.28,75.39,75.6,24106.814732
1784224800000,75.61,75.92,75.42,75.73,29785.439584
1784228400000,75.73,75.94,75.62,75.81,8729.054802
1784232000000,75.8,75.9,75.71,75.8,5383.836151
1784235600000,75.8,76.08,75.77,75.95,8864.3454
1784239200000,75.95,76.04,75.22,75.34,22466.431736
1784242800000,75.33,75.42,75.02,75.32,19365.214404
1784246400000,75.33,75.56,74.92,75.56,20024.617683
1784250000000,75.56,75.75,74.99,75.11,16903.266647
1784253600000,75.11,75.27,74.74,75.0,22536.98931
1784257200000,75.01,75.46,75.0,75.22,10379.876126
1784260800000,75.23,75.34,74.75,75.25,23071.888021
1784264400000,75.24,75.24,74.29,74.41,29830.879299
1784268000000,74.41,74.76,74.31,74.6,27273.6944
1784271600000,74.6,74.77,74.41,74.62,9467.023796
1784275200000,74.63,74.69,74.2,74.53,16725.560702
1784278800000,74.53,74.81,74.48,74.66,11663.634538
1784282400000,74.66,74.89,74.63,74.81,12514.066031
1784286000000,74.81,75.02,74.65,74.87,6991.497928
1784289600000,74.87,74.88,74.38,74.4,10086.694684
1784293200000,74.39,74.4,73.37,74.33,70364.144231
1784296800000,74.33,74.82,74.1,74.33,33455.189699
1784300400000,74.3,74.78,73.81,74.78,28150.949268
1784304000000,74.78,75.11,74.6,74.94,28156.387485
1784307600000,74.94,75.6,74.94,75.24,27878.220543
1784311200000,75.24,75.4,74.98,75.33,9950.807764
1784314800000,75.32,75.37,74.82,75.18,15908.778244
1784318400000,75.2,75.2,74.88,75.09,11208.287198
1784322000000,75.1,75.23,74.96,75.03,7751.197529
1784325600000,75.02,75.13,74.84,75.03,6782.731067
1784329200000,75.03,75.13,74.86,75.03,3728.904131
1784332800000,75.04,75.26,74.98,75.1,4627.526325
1784336400000,75.1,75.25,75.05,75.22,5578.928136
1784340000000,75.23,75.45,75.15,75.21,7345.129905
1784343600000,75.22,75.38,75.15,75.38,6011.717708
1784347200000,75.38,75.39,75.06,75.1,4580.600994
1784350800000,75.1,75.11,74.88,74.93,7983.486302
1784354400000,74.94,75.1,74.92,74.98,3572.096977
1784358000000,74.98,75.05,74.9,74.97,5526.542387
1784361600000,74.97,75.04,74.8,74.97,6162.635789
1784365200000,74.98,75.01,74.66,74.85,7239.398208
1784368800000,74.85,74.95,74.8,74.9,4566.406365
1784372400000,74.9,75.02,74.89,74.95,3319.212937
1784376000000,74.96,75.19,74.69,75.0,14205.756065
1784379600000,74.99,74.99,74.51,74.74,8781.367455
1784383200000,74.75,75.01,74.65,74.99,7087.72472
1784386800000,74.99,75.04,74.81,74.95,5880.370458
1784390400000,74.96,75.29,74.84,75.16,8126.648599
1784394000000,75.17,75.39,75.06,75.36,10507.0117
1784397600000,75.35,75.64,75.2,75.29,17195.828481
1784401200000,75.29,75.45,75.23,75.45,4827.832752
1784404800000,75.45,75.59,75.33,75.46,4464.439376
1784408400000,75.47,75.63,75.35,75.48,7213.738447
1784412000000,75.48,75.63,75.38,75.58,7309.710408
1784415600000,75.57,75.58,75.4,75.52,5781.04259
1784419200000,75.52,75.68,75.45,75.63,7118.731634
1784422800000,75.63,75.73,75.53,75.68,8521.617915
1784426400000,75.69,76.58,75.68,76.2,35656.580812
1784430000000,76.2,76.43,75.8,75.95,12532.618984
1784433600000,75.96,76.08,75.73,75.99,9723.765301
1784437200000,76.0,76.1,75.88,75.98,3655.535505
1784440800000,75.98,76.15,75.94,76.11,6697.559421
1784444400000,76.11,76.33,76.0,76.15,8139.217447
1784448000000,76.15,76.37,76.08,76.27,10143.232682
1784451600000,76.29,76.3,75.92,76.0,7436.295477
1784455200000,75.99,76.53,75.9,76.26,10872.461325
1784458800000,76.26,76.41,76.05,76.07,6955.45252
1784462400000,76.06,76.21,75.76,76.04,25737.507024
1784466000000,76.04,76.15,75.89,76.12,10267.407095
1784469600000,76.12,76.69,76.06,76.41,30395.499542
1784473200000,76.42,76.48,76.07,76.22,11983.733382
1784476800000,76.22,76.3,75.86,75.91,11401.655976
1784480400000,75.91,76.23,75.57,75.97,20221.929656
1784484000000,75.96,75.98,75.35,75.75,20665.606964
1784487600000,75.76,75.89,75.63,75.88,5849.640697
1784491200000,75.89,76.14,75.87,76.14,6145.568405
1784494800000,76.15,76.24,75.7,75.79,11107.438523
1784498400000,75.78,76.42,75.63,76.1,15830.546024
1784502000000,76.11,76.57,75.89,76.38,13794.772721
1784505600000,76.38,77.13,76.14,76.57,68550.913557
1784509200000,76.57,77.42,76.28,76.39,34450.242025
1784512800000,76.38,77.19,76.37,76.97,18657.855057
1784516400000,76.97,77.09,76.54,76.76,12994.117357
1784520000000,76.77,76.93,76.29,76.46,19290.789175
1784523600000,76.48,76.49,75.78,75.9,30592.216549
1784527200000,75.92,76.06,75.5,75.63,42204.822832
1784530800000,75.64,76.24,75.53,76.22,13597.092144
1784534400000,76.23,76.43,75.91,76.16,34698.518697
1784538000000,76.16,76.79,76.07,76.47,38259.596684
1784541600000,76.47,76.7,76.34,76.36,10737.041291
1784545200000,76.36,77.23,76.32,77.13,42566.148933
1784548800000,77.13,77.16,76.67,76.75,54387.306688
1784552400000,76.75,77.13,76.14,76.28,50875.707658
1784556000000,76.28,76.46,75.79,76.16,38179.24956
1784559600000,76.16,77.92,76.11,77.77,78994.493382
1784563200000,77.77,77.88,77.45,77.68,39597.412986
1784566800000,77.67,77.91,77.38,77.75,24097.503004
1784570400000,77.76,78.38,77.6,77.66,54617.10802
1784574000000,77.67,77.73,77.31,77.64,28633.671383
1784577600000,77.65,78.06,77.54,77.89,13226.800384
1784581200000,77.89,78.04,77.74,77.76,11790.747678
1784584800000,77.76,77.84,77.44,77.46,10916.633911
1784588400000,77.46,77.89,77.44,77.85,6779.037098
1784592000000,77.85,78.28,77.76,78.13,13622.861415
1784595600000,78.12,78.23,77.81,77.85,14599.349757
1784599200000,77.86,78.25,77.66,78.03,16418.798297
1784602800000,78.03,78.56,78.01,78.2,19614.661924
1784606400000,78.2,78.43,78.0,78.14,32552.317734
1784610000000,78.13,78.68,78.12,78.46,22890.279562
1784613600000,78.45,78.88,78.31,78.67,32272.231853
1784617200000,78.66,78.76,78.48,78.58,24407.908645
1784620800000,78.57,78.76,78.35,78.37,32844.202473
1784624400000,78.36,78.51,78.16,78.43,27417.622197
1784628000000,78.44,78.5,78.08,78.21,22985.803084
1784631600000,78.21,78.45,78.11,78.37,13147.709792
1784635200000,78.38,78.55,78.28,78.51,26438.423182
1784638800000,78.52,78.64,78.22,78.58,32001.414385
1784642400000,78.59,78.64,77.92,78.01,46718.988385
1784646000000,78.02,78.17,77.81,78.14,27121.777001
1784649600000,78.15,78.26,77.97,78.21,12665.721909
1784653200000,78.21,78.25,77.41,77.74,24625.428614
1784656800000,77.74,78.03,77.61,77.87,9804.152206
1784660400000,77.87,78.01,77.73,77.88,18047.561101
1784664000000,77.89,78.12,77.82,77.91,13076.337462
1784667600000,77.91,78.15,77.81,78.05,12973.066871
1784671200000,78.04,78.07,77.85,78.0,7221.89867
1784674800000,77.99,78.19,77.82,78.13,6457.592317
1784678400000,78.14,78.59,78.12,78.45,25763.789424
1784682000000,78.45,78.51,78.14,78.33,14628.349924
1784685600000,78.34,78.52,78.07,78.12,11416.727322
1784689200000,78.12,78.23,77.81,77.87,12662.00078
1784692800000,77.87,78.23,77.83,78.08,12241.66289
1784696400000,78.07,78.09,77.39,77.43,26585.929531
1784700000000,77.44,77.5,77.0,77.3,33525.587693
1784703600000,77.31,77.32,77.0,77.11,19143.412447
1784707200000,77.11,77.54,77.06,77.45,14896.128833
1784710800000,77.44,77.6,77.3,77.56,14384.115061
1784714400000,77.57,77.74,77.45,77.68,9201.149278
1784718000000,77.68,77.8,77.49,77.57,11322.808133
1784721600000,77.58,77.58,77.03,77.24,15684.453233
1784725200000,77.25,77.95,77.14,77.88,27014.520193
1784728800000,77.87,78.44,77.4,77.88,31335.068112
1784732400000,77.9,78.86,77.9,78.45,51123.301935
1784736000000,78.46,78.81,78.1,78.58,26297.852411
1784739600000,78.58,78.65,78.14,78.23,26454.763086
1784743200000,78.23,78.3,77.46,77.75,20059.833736
1784746800000,77.76,77.81,77.32,77.67,23354.580994
1784750400000,77.66,77.97,77.59,77.81,14338.793129
1784754000000,77.81,78.07,77.69,78.03,8660.555043
1784757600000,78.04,78.13,77.72,78.01,23678.646362
1784761200000,78.02,78.03,77.51,77.98,13788.22853
1784764800000,77.98,78.54,77.98,78.26,32680.899962
1784768400000,78.26,78.4,77.88,77.9,19300.126538
1784772000000,77.91,77.91,77.41,77.77,20508.046026
1784775600000,77.77,77.79,77.48,77.62,7529.731757
1784779200000,77.62,77.82,77.45,77.54,12360.565404
1784782800000,77.55,77.73,77.42,77.54,6944.712648
1784786400000,77.55,77.59,77.36,77.58,11170.378847
1784790000000,77.58,77.58,77.05,77.16,23975.580222
1784793600000,77.16,77.49,77.11,77.46,10493.081532
1784797200000,77.46,77.64,77.41,77.49,10327.071094
1784800800000,77.49,77.8,77.43,77.73,14761.028741
1784804400000,77.74,77.87,77.59,77.66,15605.658007
1784808000000,77.66,77.72,76.48,76.92,50943.186048
1784811600000,76.93,77.07,76.56,76.7,51495.672688
1784815200000,76.7,76.87,76.33,76.43,41127.355836
1784818800000,76.44,76.45,75.86,76.37,53809.615872
1784822400000,76.38,76.38,75.84,76.01,25663.07829
1784826000000,76.01,76.18,75.48,75.65,27296.188885
1784829600000,75.66,75.85,75.57,75.81,13629.239002
1784833200000,75.8,75.85,75.43,75.74,15345.2969
1784836800000,75.74,76.18,75.71,76.14,9521.419706
1784840400000,76.14,76.27,75.9,76.04,9519.20374
1784844000000,76.05,76.23,75.85,76.19,7208.86521
1784847600000,76.19,76.25,75.88,75.89,11089.908446
1784851200000,75.89,75.91,75.54,75.82,22693.709261
1784854800000,75.83,76.12,75.67,75.7,16310.778564
1784858400000,75.7,75.92,75.29,75.53,15091.45517
1784862000000,75.54,75.96,75.46,75.84,15661.701402
1784865600000,75.84,75.87,75.62,75.66,7604.698929
1784869200000,75.68,75.91,75.58,75.79,12661.689863
1784872800000,75.8,76.02,75.73,75.85,9855.528021
1784876400000,75.85,76.44,75.79,76.06,40876.356527
1784880000000,76.07,76.08,75.72,75.78,20946.428696
1784883600000,75.77,75.84,75.37,75.63,21599.134401
1784887200000,75.63,75.66,75.38,75.49,7015.219222
1784890800000,75.49,75.52,74.99,75.2,27051.591177
1784894400000,75.19,75.3,74.81,74.87,14798.381166
1784898000000,74.86,74.93,73.97,74.22,70701.421481
1784901600000,74.22,74.27,73.61,74.04,53313.736763
1784905200000,74.03,74.3,73.7,74.04,36164.025907
1784908800000,74.05,74.22,73.72,73.91,19767.470371
1784912400000,73.91,74.15,73.86,74.05,12674.607878
1784916000000,74.05,74.08,73.9,73.98,11325.637531
1784919600000,73.98,74.04,73.79,73.96,15917.625466
1784923200000,73.96,74.03,73.72,73.79,7924.042136
1784926800000,73.79,73.84,73.45,73.65,27913.349492
1784930400000,73.65,73.98,73.63,73.94,7645.185812
1784934000000,73.93,74.03,73.85,73.96,7974.329902
1784937600000,73.97,74.15,73.94,74.13,14773.738777
1784941200000,74.13,74.25,74.01,74.14,10125.282618
1784944800000,74.14,74.22,74.06,74.1,4868.372015
1784948400000,74.11,74.33,74.04,74.14,11976.814098
1784952000000,74.14,74.37,74.13,74.31,13324.00637
1784955600000,74.32,74.36,73.91,73.98,10682.839073
1784959200000,73.98,74.04,73.77,74.04,13309.016992
1784962800000,74.04,74.07,73.79,73.79,9016.793367
1784966400000,73.79,73.87,73.55,73.8,12475.275951
1784970000000,73.8,74.04,73.76,73.99,7990.627176
1784973600000,74.0,74.03,73.91,73.99,6883.267024
1784977200000,73.99,74.05,73.86,73.92,6995.503086
1784980800000,73.93,74.0,73.87,73.97,7803.877388
1784984400000,73.97,74.18,73.94,73.99,9159.220008
1784988000000,73.99,74.08,73.78,74.06,10518.781808
1784991600000,74.05,74.31,74.01,74.17,11203.52206
1784995200000,74.17,74.43,74.1,74.32,12619.599512
1784998800000,74.33,74.67,74.3,74.47,10774.360918
1785002400000,74.48,74.72,74.48,74.65,9366.587714
1785006000000,74.66,74.73,74.54,74.57,4279.911249
1785009600000,74.57,74.58,74.4,74.44,4818.592307
1785013200000,74.45,74.61,74.28,74.47,10438.674749
1785016800000,74.47,74.53,74.3,74.5,5851.426615
1785020400000,74.51,74.54,74.4,74.53,5611.800513
1785024000000,74.53,74.96,74.47,74.78,15669.835563
1785027600000,74.79,74.9,74.67,74.83,6339.351143
1785031200000,74.84,74.93,74.72,74.9,7747.753374
1785034800000,74.91,75.06,74.82,75.02,11631.421664
1785038400000,75.04,75.23,74.95,75.08,9630.044177
1785042000000,75.08,75.18,74.93,75.01,5996.616249
1785045600000,75.02,75.14,74.75,75.12,10840.86878
1785049200000,75.13,75.15,74.85,74.88,6225.632988
1785052800000,74.88,75.07,74.85,75.0,7402.978971
1785056400000,74.99,75.28,74.99,75.07,11635.304856
1785060000000,75.08,75.25,75.02,75.13,8049.39756
1785063600000,75.12,75.18,74.9,74.94,9766.806921
1785067200000,74.95,75.14,74.82,74.87,6951.953301
1785070800000,74.86,74.98,74.77,74.94,8491.385112
1785074400000,74.94,75.23,74.89,75.06,13141.869118
1785078000000,75.06,75.5,74.96,75.5,16054.647443
1785081600000,75.49,75.98,75.31,75.54,19409.809455
1785085200000,75.54,75.6,75.3,75.38,8806.934958
1785088800000,75.39,75.45,75.29,75.39,3419.118514
1785092400000,75.4,75.45,75.25,75.35,3866.912764
1785096000000,75.35,75.4,75.31,75.35,4322.252064
1785099600000,75.35,75.76,75.33,75.65,12010.239627
1785103200000,75.66,76.8,75.66,76.71,52270.18962
1785106800000,76.72,77.1,76.52,76.77,39142.192007
1785110400000,76.78,76.8,76.21,76.34,18218.565681
1785114000000,76.35,76.53,76.0,76.53,18271.29955
1785117600000,76.53,76.75,76.38,76.45,44021.493719
1785121200000,76.46,76.56,76.34,76.43,11763.391331
1785124800000,76.43,76.64,76.28,76.33,17151.648791
1785128400000,76.33,76.66,76.28,76.57,11332.388027
1785132000000,76.58,77.02,76.54,76.73,25142.648928
1785135600000,76.73,76.76,76.4,76.48,17404.755082
1785139200000,76.49,76.52,76.24,76.31,10614.441911
1785142800000,76.3,76.57,76.13,76.49,17310.628708
1785146400000,76.49,76.68,76.43,76.63,14591.194864
1785150000000,76.63,76.69,76.5,76.53,8928.814408
1785153600000,76.52,77.07,76.25,76.85,61194.046346
1785157200000,76.86,77.52,76.46,76.91,73468.477322
1785160800000,76.91,77.01,75.01,75.49,78924.786773
1785164400000,75.48,75.62,75.1,75.28,22590.290213
1785168000000,75.29,75.99,75.15,75.96,28612.801117
1785171600000,75.96,76.26,75.81,75.91,24102.763502
1785175200000,75.91,76.0,75.27,75.6,20758.723137
1785178800000,75.61,76.05,75.5,75.99,21501.965378
1785182400000,75.99,76.14,75.81,75.96,10807.148406
1785186000000,75.97,75.99,75.51,75.6,7730.129155
1785189600000,75.61,75.63,74.01,74.07,50985.242053
1785193200000,74.06,74.42,73.75,74.22,38378.977469
1785196800000,74.22,74.29,73.68,73.73,30723.571743
1785200400000,73.73,73.75,72.85,73.21,64092.313264
1785204000000,73.21,73.46,73.06,73.38,34570.556885
1785207600000,73.38,73.41,73.18,73.29,16186.59565
1785211200000,73.28,73.28,72.99,73.21,20247.348359
1785214800000,73.21,73.53,73.2,73.26,16398.58782
1785218400000,73.27,73.49,73.13,73.45,17517.936494
1785222000000,73.45,73.5,73.13,73.27,17731.474658
1785225600000,73.28,73.44,73.15,73.36,17812.993985
1785229200000,73.37,73.51,73.2,73.25,14870.080071
1785232800000,73.25,73.33,73.13,73.15,19478.678242
1785236400000,73.15,73.34,72.88,73.19,28598.872059
1785240000000,73.19,73.45,73.11,73.39,20010.029294
1785243600000,73.38,73.44,72.34,72.71,64685.428235
1785247200000,72.7,73.5,72.54,73.41,37259.979492
1785250800000,73.42,74.57,73.3,74.34,43915.914747
1785254400000,74.34,74.57,74.05,74.42,21908.739362
1785258000000,74.42,74.43,73.55,73.82,21629.041107
1785261600000,73.83,74.05,73.81,73.89,6717.006925
1785265200000,73.89,74.39,73.83,74.32,10410.576981
1785268800000,74.33,74.37,74.01,74.05,15503.783324
1785272400000,74.05,74.39,74.01,74.14,8717.793812
1785276000000,74.15,74.23,73.42,73.45,14600.022859
1785279600000,73.45,73.85,73.17,73.82,19833.151128
1785283200000,73.82,74.19,73.76,73.79,23000.630173
1785286800000,73.79,73.79,73.23,73.26,16078.310964
1785290400000,73.27,73.97,73.08,73.69,14985.933264
1785294000000,73.7,73.75,73.01,73.07,16241.728841
1785297600000,73.1,73.49,72.73,73.45,30495.388661
1785301200000,73.45,73.79,73.33,73.68,21475.421288
1785304800000,73.68,74.08,73.53,74.07,15452.878823
1785308400000,74.08,74.28,73.98,74.25,14694.161848
1785312000000,74.27,74.36,73.71,73.93,36191.348081
1785315600000,73.93,74.32,73.91,74.12,14125.321429
1785319200000,74.13,74.14,73.79,73.9,20024.728538
1785322800000,73.91,74.1,73.83,73.96,6358.817588
1785326400000,73.96,73.96,73.46,73.53,15837.573367
1785330000000,73.53,73.77,73.33,73.72,18063.029095
1785333600000,73.73,73.91,73.1,73.28,26461.330503
1785337200000,73.27,73.46,72.98,73.13,27520.986338
1785340800000,73.13,73.38,72.91,73.28,23153.57561
1785344400000,73.29,73.95,73.18,73.95,28218.2641
1785348000000,73.94,74.53,73.45,74.24,97632.677
1785351600000,74.25,74.38,72.74,72.75,47974.263374
1785355200000,72.77,73.2,72.44,72.66,40238.744089
1785358800000,72.66,73.18,72.33,73.18,26696.040637
1785362400000,73.19,73.8,73.19,73.65,32586.282456
1785366000000,73.65,73.75,73.42,73.68,14738.729515
1785369600000,73.69,73.87,73.15,73.29,12654.978407
1785373200000,73.3,74.2,73.28,74.03,20383.798559
1785376800000,74.03,74.15,73.82,73.84,8759.295757
1785380400000,73.85,74.01,73.67,73.71,9128.078978
1785384000000,73.72,73.75,73.51,73.53,9406.179277
1785387600000,73.53,73.87,73.43,73.71,7651.155365
1785391200000,73.71,73.76,73.48,73.52,12419.122226
1785394800000,73.53,73.82,73.4,73.43,11563.936794
1785398400000,73.43,73.84,73.31,73.81,24122.894053
1785402000000,73.82,74.22,73.8,74.06,24722.514545
1785405600000,74.07,74.23,73.83,73.91,26707.139379
1785409200000,73.92,74.33,73.88,74.23,20757.871356
1785412800000,74.24,74.49,74.08,74.41,34940.764041
1785416400000,74.4,74.91,74.12,74.7,34017.192624
1785420000000,74.67,74.78,74.3,74.64,29849.367438
1785423600000,74.64,74.87,74.48,74.64,20769.064322
1785427200000,74.65,74.85,74.47,74.6,19616.214867
1785430800000,74.6,74.89,74.44,74.78,19158.928824
1785434400000,74.78,74.99,74.5,74.52,9672.701412
1785438000000,74.53,74.82,74.53,74.79,9373.87375
1785441600000,74.78,74.91,74.45,74.49,14493.289435
1785445200000,74.5,74.62,74.44,74.5,8600.39668
1785448800000,74.49,74.89,74.41,74.76,10986.143488
1785452400000,74.75,75.0,74.48,74.52,27018.90407
1785456000000,74.52,74.66,74.44,74.49,14414.519743
1785459600000,74.5,75.3,74.29,74.41,37106.340935
1785463200000,74.4,74.56,74.09,74.17,16285.045848
1785466800000,74.17,74.36,73.89,74.16,14884.504518
1785470400000,74.15,74.16,73.74,73.84,16200.324436
1785474000000,73.84,74.33,73.83,74.23,24533.986667
1785477600000,74.25,74.53,74.01,74.1,14737.613959
1785481200000,74.09,74.09,73.52,73.69,20722.513291
1785484800000,73.69,73.81,73.54,73.66,14699.888176
1785488400000,73.67,73.72,73.4,73.49,16698.562879
1785492000000,73.49,73.66,73.3,73.57,17295.761682
1785495600000,73.58,73.73,73.48,73.58,9685.52997
1785499200000,73.58,73.65,73.38,73.63,13949.070212
1785502800000,73.64,73.82,73.17,73.29,18530.317173
1785506400000,73.3,73.7,72.8,73.03,73745.666613
1785510000000,73.05,73.22,72.89,73.11,17757.129167
1785513600000,73.11,73.36,72.98,73.3,16894.928226
1785517200000,73.3,73.44,73.18,73.37,17086.805191
1785520800000,73.37,73.48,72.96,73.12,13364.12079
1785524400000,73.11,73.3,72.92,73.08,17044.25361
1785528000000,73.09,73.23,72.95,72.97,17479.774169
1785531600000,72.97,73.11,72.56,72.73,19629.69408
1785535200000,72.74,72.95,72.68,72.85,8023.473956
1785538800000,72.86,72.97,72.8,72.87,8481.921054
1785542400000,72.88,73.16,72.88,73.02,11933.71435
1785546000000,73.02,73.15,72.99,73.03,5913.705402
1785549600000,73.04,73.17,73.01,73.09,7254.323123
1785553200000,73.09,73.11,72.88,73.04,14220.055272
1785556800000,73.04,73.22,73.03,73.18,5089.179474
1785560400000,73.18,73.21,72.88,72.96,7044.358303
1785564000000,72.96,73.04,72.9,73.0,3969.838706
1785567600000,73.01,73.11,72.93,72.98,6293.052392
1785571200000,72.99,73.08,72.96,73.05,4038.045538
1785574800000,73.05,73.09,72.84,72.85,5638.404392
1785578400000,72.85,72.9,72.67,72.85,6533.069864
1785582000000,72.86,72.92,72.8,72.9,4887.470533
1785585600000,72.91,72.96,72.88,72.95,2838.87112
1785589200000,72.95,73.01,72.91,72.99,4543.743272
1785592800000,72.99,73.05,72.88,73.03,6141.862517
1785596400000,73.03,73.04,72.73,72.79,8218.28258
1785600000000,72.8,72.95,72.48,72.71,18125.403337
1785603600000,72.7,72.79,71.63,71.93,66267.66841
1785607200000,71.92,71.98,70.58,71.09,71568.455879
1785610800000,71.08,71.37,71.06,71.27,15748.955048
1785614400000,71.27,71.57,71.22,71.57,15399.076309
1785618000000,71.57,71.86,71.56,71.85,18270.852735
1785621600000,71.86,72.01,71.86,71.92,8429.828065
1785625200000,71.92,72.09,71.82,71.94,8331.520725
1785628800000,71.95,72.15,71.93,72.11,6607.292052
1785632400000,72.11,72.75,72.1,72.65,26854.464644
1785636000000,72.66,73.4,72.58,73.14,41190.114402
1785639600000,73.14,73.24,73.08,73.19,12531.882574
1785643200000,73.2,73.55,73.2,73.53,15908.768386
1785646800000,73.52,73.67,73.47,73.59,14111.791309
1785650400000,73.6,73.65,73.43,73.45,12273.062232
1785654000000,73.44,73.51,73.4,73.48,13941.303897
1785657600000,73.48,73.55,73.17,73.2,22476.579762
1785661200000,73.2,73.44,72.97,73.39,17661.35734
1785664800000,73.39,73.39,73.16,73.28,16259.656984
1785668400000,73.28,73.31,72.95,73.0,10486.45352
1785672000000,73.01,73.24,72.9,72.91,12398.103687
1785675600000,72.91,73.03,72.71,72.97,12473.687309
1785679200000,72.98,73.24,72.93,73.11,6214.275359
1785682800000,73.11,73.22,73.01,73.03,6117.128483
1785686400000,73.04,73.31,72.93,73.16,9659.905742
1785690000000,73.16,73.4,73.1,73.32,5895.036801
1785693600000,73.32,73.87,73.25,73.57,14835.580593
1785697200000,73.58,73.79,73.53,73.73,7188.681053
1785700800000,73.73,73.75,73.57,73.69,5039.342
1785704400000,73.7,74.35,73.68,74.0,23868.780189
1785708000000,74.0,74.22,73.65,73.66,15191.982501
1785711600000,73.65,73.67,73.47,73.64,7872.867647
1785715200000,73.64,73.67,73.18,73.24,9089.833583
1785718800000,73.24,73.26,72.95,73.0,10396.333277
1785722400000,73.0,73.27,72.92,73.05,21538.139833
1785726000000,73.04,73.13,72.7,72.91,9044.36283
1785729600000,72.91,73.08,72.85,72.86,7145.574648
1785733200000,72.86,73.07,72.83,72.93,9769.323004
1785736800000,72.93,72.99,72.53,72.61,9333.719664
1785740400000,72.62,72.7,72.44,72.54,14432.806966
1785744000000,72.53,72.58,72.0,72.37,26159.363058
1785747600000,72.38,72.8,72.34,72.75,16435.728882
1785751200000,72.74,72.81,72.52,72.63,9601.841281
1785754800000,72.63,72.66,72.4,72.46,8397.258202
1785758400000,72.46,72.57,72.34,72.43,9928.583368
1785762000000,72.43,73.29,72.33,73.28,29704.356029
1785765600000,73.27,73.81,73.03,73.79,39570.022823
1785769200000,73.79,73.83,73.47,73.62,26624.088225
1785772800000,73.62,73.82,73.23,73.43,21898.736358
1785776400000,73.43,73.86,73.32,73.7,19476.272147
1785780000000,73.7,74.3,73.7,73.99,38670.659628
1785783600000,73.99,74.2,73.96,74.04,12252.930095
1785787200000,74.04,74.15,73.78,73.86,13179.824214
1785790800000,73.86,73.89,73.67,73.72,5360.06941
1785794400000,73.72,73.74,73.38,73.54,6356.6566
1785798000000,73.55,73.57,73.4,73.57,5780.141496
1785801600000,73.57,73.64,73.05,73.08,13148.176132
1785805200000,73.09,73.79,73.05,73.79,15138.920495
1785808800000,73.8,74.13,73.69,73.88,13062.074205
1785812400000,73.89,73.91,73.44,73.7,18321.041815
1785816000000,73.7,74.1,73.6,73.84,21195.898505
1785819600000,73.84,73.89,73.71,73.74,7065.876344
1785823200000,73.75,73.93,73.4,73.43,17553.002873
1785826800000,73.44,73.75,73.21,73.69,18622.868591
1785830400000,73.7,73.77,73.3,73.37,10634.000837
1785834000000,73.37,73.37,73.17,73.31,7882.088588
1785837600000,73.31,73.72,73.09,73.61,14890.382864
1785841200000,73.62,73.99,73.54,73.95,18587.973789
1785844800000,73.95,74.09,73.76,73.82,13929.09187
1785848400000,73.83,74.06,73.6,73.63,25343.647007
1785852000000,73.65,73.92,73.34,73.84,32128.400377
1785855600000,73.84,74.21,73.42,73.99,27907.415325
1785859200000,74.0,74.02,73.61,73.74,15724.483201
1785862800000,73.75,74.24,73.72,73.78,15802.761513
1785866400000,73.78,74.39,73.78,74.17,25783.009888
1785870000000,74.17,74.4,74.12,74.19,15270.812783
1785873600000,74.21,74.47,73.89,74.28,24355.015191
1785877200000,74.28,74.29,74.03,74.14,18346.745064
1785880800000,74.15,74.23,73.98,74.1,4090.725329
1785884400000,74.11,74.29,73.75,73.76,14566.097775
1785888000000,73.75,73.81,73.48,73.53,11053.428436
1785891600000,73.52,74.12,73.4,74.11,12922.973528
1785895200000,74.12,74.49,74.07,74.22,27019.601073
1785898800000,74.21,74.3,73.72,73.8,19095.992547
1785902400000,73.8,73.87,73.63,73.81,7710.028953
1785906000000,73.81,74.29,73.76,74.15,23452.039934
1785909600000,74.15,74.25,73.98,74.0,8270.693289
1785913200000,74.0,74.04,73.69,73.99,18641.510413
1785916800000,73.99,74.16,73.96,74.08,11751.412951
1785920400000,74.08,74.2,74.01,74.03,9879.128248
1785924000000,74.03,74.14,73.79,73.86,5860.191444
1785927600000,73.86,74.0,73.74,73.78,7523.905643
1785931200000,73.78,74.39,73.73,74.08,28588.260943
1785934800000,74.08,74.11,73.27,73.99,43880.105465
1785938400000,73.98,74.15,73.62,73.96,37040.626122
1785942000000,73.96,74.31,73.84,73.96,25449.827584
1785945600000,73.96,74.44,73.95,74.28,16420.251884
1785949200000,74.29,74.66,74.14,74.56,14662.225296
1785952800000,74.56,74.83,74.42,74.53,16364.695309
1785956400000,74.53,74.64,74.42,74.48,8233.703959
1785960000000,74.48,74.59,74.3,74.39,20197.847039
1785963600000,74.39,74.39,74.08,74.14,8608.448279
1785967200000,74.14,74.2,74.0,74.02,5894.167648
1785970800000,74.02,74.12,73.86,74.04,12675.314061
1785974400000,74.05,74.27,74.03,74.08,9279.613933
1785978000000,74.08,74.12,73.73,73.77,19937.961243
1785981600000,73.77,73.79,73.4,73.56,28804.654203
1785985200000,73.56,73.61,73.45,73.49,15615.153721
1785988800000,73.5,73.88,73.41,73.88,13617.131977
1785992400000,73.89,74.35,73.87,74.24,17804.379074
1785996000000,74.24,74.25,73.96,74.05,7775.148922
1785999600000,74.05,74.13,73.87,73.89,11115.033182
1786003200000,73.89,74.1,73.7,74.0,22578.766214
1786006800000,74.0,74.0,73.2,73.31,43668.929242
1786010400000,73.31,73.44,73.17,73.32,18604.42152
1786014000000,73.33,73.57,73.19,73.46,6106.775758
1786017600000,73.47,73.48,73.14,73.15,8678.25627
1786021200000,73.15,73.33,72.85,73.26,24576.099064
1786024800000,73.25,73.58,73.1,73.47,37968.007036
1786028400000,73.47,73.62,73.31,73.32,14807.873917
1786032000000,73.32,73.49,73.1,73.44,20124.723573
1786035600000,73.45,73.55,73.06,73.2,9814.91552
1786039200000,73.2,73.23,72.73,72.81,29592.364395
1786042800000,72.82,72.97,72.56,72.81,23146.879443
1786046400000,72.81,72.99,72.81,72.85,13187.576175
1786050000000,72.85,73.0,72.79,72.88,17687.265753
1786053600000,72.88,72.89,72.66,72.7,8817.164891
1786057200000,72.69,72.74,72.35,72.7,20215.824687
1786060800000,72.7,72.82,72.57,72.67,7760.87723
1786064400000,72.67,72.88,72.59,72.75,12675.380884
1786068000000,72.75,72.94,72.5,72.71,12063.435562
1786071600000,72.71,72.77,72.55,72.64,6326.265255
1786075200000,72.63,72.8,72.52,72.67,8980.528173
1786078800000,72.68,72.96,72.44,72.88,18965.075481
1786082400000,72.88,73.08,72.81,72.84,15929.657232
1786086000000,72.84,73.03,72.76,72.94,13937.003563
1786089600000,72.93,73.32,72.91,73.2,10513.57425
1786093200000,73.2,73.74,73.19,73.62,23756.610584
1786096800000,73.63,73.77,73.49,73.52,15840.832731
1786100400000,73.53,73.77,73.52,73.63,15994.221677
1786104000000,73.64,74.37,73.63,73.91,63078.111242
1786107600000,73.91,74.35,73.8,74.14,37151.739623
1786111200000,74.13,74.23,73.57,73.72,43107.043378
1786114800000,73.73,73.98,73.71,73.9,13445.594853
1786118400000,73.91,74.13,73.59,73.59,16956.567738
1786122000000,73.58,73.59,73.2,73.44,22097.709929
1786125600000,73.43,73.58,73.28,73.42,8560.326832
1786129200000,73.42,74.04,73.41,74.02,21809.582559
1786132800000,74.03,74.1,73.8,73.83,12412.593285
1786136400000,73.84,73.89,73.61,73.67,15335.819704
1786140000000,73.67,73.74,73.6,73.65,5639.11334
1786143600000,73.66,73.79,73.62,73.68,6406.757339
1786147200000,73.67,73.76,73.59,73.72,11662.187076
1786150800000,73.73,73.96,73.69,73.89,9981.264652
1786154400000,73.89,73.98,73.85,73.86,9475.266229
1786158000000,73.87,75.0,73.86,74.83,61453.491859
1786161600000,74.84,75.14,74.6,74.65,51600.885414
1786165200000,74.65,74.76,74.49,74.66,15416.763986
1786168800000,74.67,74.84,74.57,74.72,13236.159629
1786172400000,74.73,74.83,74.65,74.81,9392.332585
1786176000000,74.82,74.93,74.69,74.8,12126.20703
1786179600000,74.81,75.02,74.8,74.86,10260.819283
1786183200000,74.87,75.17,74.87,75.09,15272.251809
1786186800000,75.08,75.7,75.06,75.6,46515.392471
1786190400000,75.6,75.67,75.36,75.44,27502.167326
1786194000000,75.44,75.56,75.42,75.54,11710.395625
1786197600000,75.54,76.62,75.54,76.48,47249.220693
1786201200000,76.49,76.82,76.24,76.39,41632.779721
1786204800000,76.39,76.5,76.16,76.37,18730.793329
1786208400000,76.38,76.49,76.27,76.39,13943.667871
1786212000000,76.38,76.38,76.08,76.14,11036.181393
1786215600000,76.14,76.31,75.98,76.16,18770.836491
1786219200000,76.16,76.28,76.15,76.27,6633.055337
1786222800000,76.26,76.36,76.15,76.22,8160.939328
1786226400000,76.22,76.29,75.87,75.92,9534.550069
1786230000000,75.92,76.09,75.79,76.01,11074.555512
1786233600000,76.02,76.06,75.85,76.01,9605.867477
1786237200000,76.02,76.09,75.75,75.89,17100.927029
1786240800000,75.89,76.0,75.8,75.88,13999.249132
1786244400000,75.88,76.06,75.77,76.0,9593.237605
1786248000000,75.99,76.12,75.96,75.98,13636.772163
1786251600000,75.98,76.05,75.89,76.01,11539.387418
1786255200000,76.01,76.49,75.97,76.42,21881.332621
1786258800000,76.42,76.49,76.24,76.36,12533.837728
1786262400000,76.36,76.57,76.11,76.33,19585.815732
1786266000000,76.32,76.54,76.25,76.44,15094.382287
1786269600000,76.45,76.66,76.37,76.39,13287.074493
1786273200000,76.39,76.54,76.34,76.51,6654.259949
1786276800000,76.5,76.6,76.32,76.37,9584.956429
1786280400000,76.36,76.88,76.35,76.57,18992.359894
1786284000000,76.58,77.08,76.57,77.03,31269.409759
1786287600000,77.03,77.46,76.85,77.42,54946.646607
1786291200000,77.43,77.58,77.09,77.34,36801.526575
1786294800000,77.34,77.34,77.14,77.18,12874.92725
1786298400000,77.18,77.25,77.1,77.21,6961.167911
1786302000000,77.2,77.37,77.14,77.24,7324.350343
1786305600000,77.23,77.3,77.07,77.26,9111.002973
1786309200000,77.27,77.51,77.16,77.36,8849.761609
1786312800000,77.37,77.86,76.66,76.82,35742.603011
1786316400000,76.8,76.91,76.21,76.28,34309.048
1786320000000,76.27,77.04,76.22,76.55,33784.816559
1786323600000,76.55,77.16,76.41,76.93,18725.987602
1786327200000,76.93,76.95,76.45,76.83,21102.323695
1786330800000,76.82,76.93,76.38,76.63,22351.368008
1786334400000,76.64,76.75,76.45,76.56,13361.969578
1786338000000,76.56,76.97,76.55,76.88,8535.184897
1786341600000,76.88,77.06,76.82,77.0,13137.781943
1786345200000,77.0,77.11,76.84,76.99,14890.766099
1786348800000,76.99,77.17,76.69,76.96,29273.904731
1786352400000,76.95,77.03,76.57,76.57,17759.634564
1786356000000,76.58,76.87,76.54,76.82,14197.44276
1786359600000,76.83,77.06,76.68,77.06,12780.945696
1786363200000,77.06,77.13,76.61,76.65,29998.294291
1786366800000,76.64,76.77,76.12,76.32,50522.297506
1786370400000,76.32,76.7,76.24,76.27,31624.855138
1786374000000,76.26,76.43,75.8,75.95,70584.308139
1786377600000,75.95,76.09,75.59,75.7,57890.945702
1786381200000,75.71,76.11,75.62,75.97,33903.565451
1786384800000,75.97,76.07,75.72,75.82,29720.128854
1786388400000,75.82,76.27,75.81,76.2,29599.793261
1786392000000,76.2,76.5,76.17,76.44,21632.74257
1786395600000,76.43,76.49,76.29,76.3,13542.910715
1786399200000,76.3,76.37,76.04,76.21,11149.128914
1786402800000,76.22,76.22,75.98,76.0,13221.7043
1786406400000,76.01,76.04,75.77,75.89,14944.317011
1786410000000,75.9,76.11,75.71,76.11,14104.105868
1786413600000,76.11,76.15,75.99,76.04,7017.485469
1786417200000,76.04,76.25,76.04,76.09,5751.978195
1786420800000,76.09,76.23,76.08,76.09,4858.683838
1786424400000,76.09,76.09,75.79,75.81,8844.078422
1786428000000,75.82,76.03,75.66,75.82,22047.176695
1786431600000,75.82,75.87,75.43,75.69,15327.603943
1786435200000,75.7,75.99,75.63,75.94,11142.106253
1786438800000,75.94,75.95,75.68,75.89,29648.183653
1786442400000,75.89,76.07,75.77,75.95,14593.495647
1786446000000,75.95,76.36,75.95,76.22,18387.077032
1786449600000,76.22,76.25,75.81,75.87,14516.981189
1786453200000,75.87,76.11,75.73,76.02,22434.838042
1786456800000,76.02,76.15,75.09,75.21,39016.163755
1786460400000,75.2,75.41,74.63,74.93,52909.280375
1786464000000,74.93,75.08,74.79,74.94,18892.724415
1786467600000,74.94,75.21,74.93,75.17,15256.812243
1786471200000,75.17,75.35,75.09,75.28,11143.730702
1786474800000,75.28,75.7,75.07,75.65,21858.130557
1786478400000,75.67,76.26,75.66,76.06,55395.374643
1786482000000,76.06,76.44,76.0,76.44,26249.709123
1786485600000,76.44,76.68,76.26,76.41,24877.817795
1786489200000,76.41,76.41,76.2,76.29,10701.524429
1786492800000,76.3,76.38,76.23,76.38,12387.080044
1786496400000,76.38,76.6,76.31,76.42,12725.548319
1786500000000,76.43,76.6,76.42,76.43,16788.982363
1786503600000,76.44,76.53,76.26,76.43,14366.084708
1786507200000,76.43,76.58,76.28,76.3,8022.291407
1786510800000,76.31,76.37,76.19,76.34,7387.50061
1786514400000,76.33,76.37,75.99,76.06,9151.395225
1786518000000,76.06,76.27,75.95,76.27,8119.836423
1786521600000,76.26,76.47,76.16,76.19,14209.573614
1786525200000,76.2,76.9,76.14,76.75,23805.221121
1786528800000,76.75,76.87,76.67,76.78,13995.499384
1786532400000,76.78,76.87,76.7,76.84,8251.290476
1786536000000,76.84,77.35,76.38,76.66,70817.779463
1786539600000,76.66,76.68,76.06,76.24,54631.943405
1786543200000,76.23,76.25,75.41,75.47,51910.054518
1786546800000,75.47,75.88,75.38,75.76,19729.029006
1786550400000,75.75,75.86,75.57,75.7,11935.118646
1786554000000,75.7,76.07,75.68,75.92,14175.395863
1786557600000,75.92,76.1,75.84,75.88,15716.258008
1786561200000,75.89,76.01,75.6,75.77,18170.184154
1786564800000,75.77,76.02,75.75,75.94,13551.578336
1786568400000,75.94,76.01,75.45,75.49,16094.621158
1786572000000,75.49,75.67,75.34,75.54,13749.346447
1786575600000,75.54,75.65,75.39,75.63,24631.195609
1786579200000,75.63,75.87,75.56,75.62,16582.159117
1786582800000,75.62,75.81,75.48,75.64,17567.735281
1786586400000,75.64,75.98,75.54,75.97,16158.601322
1786590000000,75.98,76.31,75.97,76.25,37553.944154
1786593600000,76.26,76.28,76.0,76.13,22432.842141
1786597200000,76.13,76.63,76.09,76.52,29269.31478
1786600800000,76.52,76.55,76.3,76.53,23546.101039
1786604400000,76.53,76.54,76.4,76.45,23630.098243
1786608000000,76.45,76.49,76.18,76.22,9790.191137
1786611600000,76.22,76.22,75.9,76.16,12141.558812
1786615200000,76.17,76.19,75.71,75.77,21820.861075
1786618800000,75.77,75.77,75.57,75.67,11683.039915
1786622400000,75.67,76.15,75.65,76.14,17790.242056
1786626000000,76.14,76.37,76.04,76.2,15289.100991
1786629600000,76.2,76.58,76.14,76.47,16267.654519
1786633200000,76.47,76.54,75.64,75.65,22032.435945
1786636800000,75.65,75.88,75.08,75.59,48678.806925
1786640400000,75.6,75.94,75.56,75.78,14376.311264
1786644000000,75.78,76.09,75.69,76.02,9538.328033
1786647600000,76.02,76.28,75.98,76.2,12012.891672
1786651200000,76.21,76.34,76.15,76.23,9728.202573
1786654800000,76.23,76.31,76.13,76.22,7650.399038
1786658400000,76.22,76.45,76.21,76.25,8070.16634
1786662000000,76.26,76.3,76.15,76.26,7776.598449
1786665600000,76.27,76.33,75.99,76.09,10582.07941
1786669200000,76.09,76.17,75.92,76.1,8930.711121
1786672800000,76.1,76.2,75.99,76.03,12673.341457
1786676400000,76.03,76.07,75.75,75.77,22169.037465
1786680000000,75.76,76.03,75.75,75.85,4860.648439
1786683600000,75.85,76.0,75.81,75.93,6170.831339
1786687200000,75.93,75.93,75.51,75.55,13464.500576
1786690800000,75.54,75.73,75.5,75.59,13624.68161
1786694400000,75.6,75.9,75.57,75.86,12517.202752
1786698000000,75.87,75.88,75.43,75.5,13853.165533
1786701600000,75.49,75.65,75.35,75.41,14765.058567
1786705200000,75.4,75.6,75.4,75.54,8733.050596
1786708800000,75.53,75.59,75.35,75.48,10046.424002
1786712400000,75.47,75.49,75.26,75.37,20703.831816
1786716000000,75.37,75.42,75.05,75.27,15815.295714
1786719600000,75.27,75.77,75.2,75.64,11357.618208
1786723200000,75.65,75.72,75.45,75.47,8719.37413
1786726800000,75.48,75.68,75.17,75.29,10726.839226
1786730400000,75.29,75.3,74.94,74.97,16185.125281
1786734000000,74.96,75.11,74.68,75.01,20140.643221
1786737600000,75.02,75.25,74.98,75.15,9227.536868
1786741200000,75.16,75.24,75.09,75.2,6841.35472
1786744800000,75.2,75.28,74.98,75.2,6706.071977
1786748400000,75.2,75.42,75.16,75.41,7733.967649
1786752000000,75.41,75.44,75.3,75.35,12478.842507
1786755600000,75.35,75.47,75.29,75.42,9319.064499
1786759200000,75.42,75.69,75.39,75.67,17982.318543
1786762800000,75.67,75.72,75.41,75.42,9323.171986
1786766400000,75.43,75.6,75.36,75.53,16799.2215
1786770000000,75.54,75.6,75.31,75.35,15023.711263
1786773600000,75.35,75.49,75.28,75.43,6596.299595
1786777200000,75.42,75.43,75.21,75.23,6355.04387
1786780800000,75.25,75.32,75.08,75.09,11875.1952
1786784400000,75.09,75.26,75.04,75.25,5626.611614
1786788000000,75.25,75.36,75.2,75.3,10710.165535
1786791600000,75.29,75.31,75.21,75.26,4597.59999
1786795200000,75.26,75.44,75.2,75.43,5921.514803
1786798800000,75.43,75.58,75.4,75.57,7932.82025
1786802400000,75.57,75.59,75.45,75.46,7829.688152
1786806000000,75.46,75.54,75.38,75.52,4278.337334
1786809600000,75.53,75.54,75.42,75.49,5589.462324
1786813200000,75.49,75.69,75.48,75.67,6600.11575
1786816800000,75.67,75.68,75.51,75.55,7371.726666
1786820400000,75.56,75.58,75.52,75.56,4601.432537
1786824000000,75.56,75.58,75.42,75.54,8360.474072
1786827600000,75.54,75.74,75.53,75.63,11507.101594
1786831200000,75.63,75.69,75.56,75.58,5560.952304
1786834800000,75.59,75.59,75.32,75.35,7588.007643
1786838400000,75.35,75.5,75.27,75.48,4964.047911
1786842000000,75.48,75.49,75.31,75.43,4266.888872
1786845600000,75.44,75.66,75.27,75.57,9696.028059
1786849200000,75.58,75.66,75.57,75.58,3829.579893
1786852800000,75.58,75.62,75.44,75.46,3639.101093
1786856400000,75.46,75.53,75.35,75.37,6877.767238
1786860000000,75.37,75.53,75.29,75.38,8721.500471
1786863600000,75.39,75.49,75.35,75.48,4336.270597
1786867200000,75.48,75.49,75.41,75.47,2742.090973
1786870800000,75.48,75.49,75.26,75.32,9791.751148
1786874400000,75.33,75.33,75.18,75.27,5866.229374
1786878000000,75.27,75.32,75.23,75.3,7866.683133
1786881600000,75.29,75.3,75.2,75.23,3268.305243
1786885200000,75.23,75.43,75.22,75.32,5919.799098
1786888800000,75.32,75.42,75.25,75.4,5483.160766
1786892400000,75.41,75.64,75.39,75.57,10555.337888
1786896000000,75.58,75.71,75.51,75.56,9897.78321
1786899600000,75.57,75.6,75.28,75.29,14761.136678
1786903200000,75.29,75.3,75.05,75.2,9343.786906
1786906800000,75.2,75.37,75.18,75.24,4306.381674
1786910400000,75.24,75.34,74.97,75.04,16539.995788
1786914000000,75.04,75.09,74.02,74.33,47320.228605
1786917600000,74.33,74.53,74.18,74.51,14515.840185
1786921200000,74.51,74.66,74.46,74.61,5818.922807
1786924800000,74.61,74.75,74.43,74.63,13904.814461
1786928400000,74.62,75.35,74.59,75.11,20522.673072
1786932000000,75.11,75.59,75.07,75.49,23552.434793
1786935600000,75.5,75.58,75.44,75.51,26304.853852
1786939200000,75.51,75.63,75.49,75.55,12671.438897
1786942800000,75.56,75.61,75.39,75.41,11270.338971
1786946400000,75.4,76.0,75.36,75.84,31670.788286
1786950000000,75.85,75.95,75.74,75.79,11261.99266
1786953600000,75.79,75.82,75.18,75.26,45968.390138
1786957200000,75.26,75.44,75.24,75.36,12853.081788
1786960800000,75.36,75.81,75.31,75.78,14585.746939
1786964400000,75.77,75.93,75.68,75.7,12873.259373
1786968000000,75.7,75.72,75.35,75.46,18337.893566
1786971600000,75.45,75.78,75.3,75.64,18163.10576
1786975200000,75.64,76.03,75.51,75.99,12465.424327
1786978800000,75.99,76.23,75.81,76.1,24208.871113
1786982400000,76.11,76.15,75.95,76.02,20673.903285
1786986000000,76.02,76.12,75.7,75.92,13818.868741
1786989600000,75.92,76.17,75.87,75.9,8596.61608
1786993200000,75.91,75.95,75.76,75.81,6556.626684
1786996800000,75.81,76.11,75.63,76.0,13825.438613
1787000400000,76.0,76.06,75.88,75.95,4895.929829
1787004000000,75.96,76.03,75.72,75.74,10133.286788
1787007600000,75.75,76.13,75.73,76.01,8885.557127
1787011200000,76.02,76.1,75.87,76.04,14239.289549
1787014800000,76.05,76.06,75.57,75.6,12265.818264
1787018400000,75.61,75.66,75.23,75.29,18324.06913
1787022000000,75.3,75.55,75.27,75.51,11797.128072
1787025600000,75.51,75.85,75.4,75.84,10099.255185
1787029200000,75.83,75.98,75.58,75.73,15614.067803
1787032800000,75.72,76.05,75.65,76.01,11362.178095
1787036400000,76.01,76.27,75.95,76.09,19325.755432
1787040000000,76.1,76.19,75.86,76.18,15562.699041
1787043600000,76.17,76.17,75.9,75.95,13791.949537
1787047200000,75.95,75.99,75.81,75.84,7839.095791
1787050800000,75.84,76.44,75.82,76.33,19693.817771
1787054400000,76.33,76.52,76.23,76.25,13299.751139
1787058000000,76.25,76.31,76.06,76.22,17045.680687
1787061600000,76.22,77.32,76.13,76.79,62522.097073
1787065200000,76.79,77.26,76.79,77.21,24253.871284
1787068800000,77.21,77.33,76.85,77.08,21664.103794
1787072400000,77.08,77.09,76.89,76.9,15951.862438
1787076000000,76.89,77.3,76.88,77.27,11974.414573
1787079600000,77.27,77.42,77.08,77.19,16934.363149
1787083200000,77.19,77.23,76.75,76.9,28143.294241
1787086800000,76.9,77.13,76.9,77.0,7693.666094
1787090400000,77.01,77.21,76.88,76.95,23504.603825
1787094000000,76.96,77.24,76.95,77.05,16811.344087
1787097600000,77.06,77.1,76.83,76.92,10250.039569
1787101200000,76.92,77.06,76.72,76.81,25801.629464
1787104800000,76.81,76.93,76.71,76.82,11928.21613
1787108400000,76.82,77.11,76.72,77.0,11625.572161
1787112000000,77.0,77.14,76.79,76.87,13914.337536
1787115600000,76.87,77.06,76.78,76.8,12228.327742
1787119200000,76.81,77.17,76.63,77.08,38730.792442
1787122800000,77.08,77.11,76.95,76.95,12154.178745
1787126400000,76.95,77.68,76.92,77.38,46113.190353
1787130000000,77.38,77.49,77.22,77.33,15775.106322
1787133600000,77.33,77.4,77.22,77.39,11889.3118
1787137200000,77.39,77.63,77.38,77.54,24012.526436
1787140800000,77.54,78.78,77.44,78.41,79545.925529
1787144400000,78.41,78.7,78.17,78.41,63781.015269
1787148000000,78.42,81.0,78.37,80.87,159105.424609
1787151600000,80.89,82.96,80.67,81.83,389222.064638
1787155200000,81.83,82.41,81.56,81.59,98545.374102
1787158800000,81.6,81.73,81.03,81.65,74056.334497
1787162400000,81.65,82.3,81.27,82.28,79437.431694
1787166000000,82.27,82.52,82.0,82.37,42398.00633
1787169600000,82.37,84.38,82.29,83.73,184687.139781
1787173200000,83.74,87.33,83.73,86.64,437556.000587
1787176800000,86.66,86.85,84.93,85.5,120472.151881
1787180400000,85.5,85.76,85.04,85.4,55360.062971
1787184000000,85.4,85.8,84.9,85.01,66755.575403
1787187600000,85.01,85.41,84.66,85.37,49105.341564
1787191200000,85.38,85.46,84.71,84.77,32373.718705
1787194800000,84.78,84.79,84.02,84.48,54335.879803
1787198400000,84.48,84.99,84.42,84.83,22875.347912
1787202000000,84.83,85.08,84.82,84.95,17544.725818
1787205600000,84.96,85.93,84.72,85.91,55360.515041
1787209200000,85.91,86.2,85.78,86.17,35379.218536
1787212800000,86.17,87.98,86.04,87.52,99631.045366
1787216400000,87.53,87.83,87.1,87.34,71531.791402
1787220000000,87.34,87.81,87.0,87.46,42037.853144
1787223600000,87.47,88.12,87.1,87.22,54513.434889
1787227200000,87.21,87.41,86.53,87.09,50726.060004
1787230800000,87.09,87.49,86.16,86.57,134123.859156
1787234400000,86.57,86.88,86.16,86.6,40292.318913
1787238000000,86.61,87.48,86.57,87.37,68531.884468
1787241600000,87.37,87.86,86.87,87.77,51101.289014
1787245200000,87.76,87.95,87.29,87.5,51123.414197
1787248800000,87.5,87.67,86.67,86.86,49822.824723
1787252400000,86.85,87.53,86.85,87.31,50683.904063
1787256000000,87.31,87.68,87.24,87.6,15628.081145
1787259600000,87.59,87.88,87.43,87.5,16662.964064
1787263200000,87.51,87.6,87.19,87.22,20806.890186
1787266800000,87.24,87.99,87.21,87.65,27822.399154
1787270400000,87.66,88.8,87.58,88.24,59589.137318
1787274000000,88.23,89.5,88.13,89.01,76770.664213
1787277600000,89.01,90.21,88.5,89.26,109035.446989
1787281200000,89.27,89.55,88.76,89.11,45113.639712
1787284800000,89.11,89.5,88.89,89.47,44873.86926
1787288400000,89.48,90.75,89.18,90.44,59106.51311
1787292000000,90.45,91.34,89.77,90.24,89246.983907
1787295600000,90.24,91.2,89.97,90.42,81282.665836
1787299200000,90.42,93.41,90.37,93.29,150777.920303
1787302800000,93.27,93.35,90.27,91.67,150420.424369
1787306400000,91.66,91.76,90.86,91.47,43684.360247
1787310000000,91.47,91.62,89.91,90.3,81877.925665
1787313600000,90.3,91.14,90.01,90.86,50061.377256
1787317200000,90.87,91.38,89.77,91.07,70208.598215
1787320800000,91.07,91.97,90.56,91.89,61013.997548
1787324400000,91.88,92.16,91.25,91.36,72174.2861
1787328000000,91.37,91.93,90.76,91.62,46675.855794
1787331600000,91.62,92.0,91.18,91.79,59589.031204
1787335200000,91.8,92.07,91.08,91.57,51645.175227
1787338800000,91.58,91.64,90.76,90.96,39447.990451
1787342400000,90.96,91.98,90.57,91.87,44239.280676
1787346000000,91.86,93.86,91.65,93.74,95708.981284
1787349600000,93.75,94.64,93.3,94.32,111295.039908
1787353200000,94.35,95.0,93.4,93.73,66350.388054
1787356800000,93.74,94.42,92.88,93.89,60737.193549
1787360400000,93.9,94.43,93.48,93.69,41403.321562
1787364000000,93.69,95.8,93.68,95.64,95392.858471
1787367600000,95.66,97.56,95.5,96.79,125717.372612
1787371200000,96.8,102.74,96.18,99.18,392938.12802
1787374800000,99.11,99.98,87.66,94.22,625531.412828
1787378400000,94.22,95.14,93.07,94.3,123456.336253
1787382000000,94.3,95.52,94.05,94.46,97365.117143
1787385600000,94.47,95.01,93.0,94.08,105906.329162
1787389200000,94.09,94.56,92.97,93.9,57218.416053
1787392800000,93.91,93.98,91.33,92.87,122067.098801
1787396400000,92.88,93.52,92.56,93.3,33406.578413
1787400000000,93.3,94.35,93.14,93.81,75971.865997
1787403600000,93.84,94.22,93.53,94.11,37047.073076
1787407200000,94.12,94.27,92.89,93.26,40683.966427
1787410800000,93.25,93.58,92.82,93.06,27421.712974
1787414400000,93.07,94.64,93.07,94.29,50351.365195
1787418000000,94.3,94.55,93.76,94.26,36484.019116
1787421600000,94.27,94.53,94.03,94.46,38202.709097
1787425200000,94.46,94.81,94.27,94.5,36846.289859
1787428800000,94.5,94.79,94.31,94.4,21334.797042
1787432400000,94.39,94.4,92.73,92.83,42532.738247
1787436000000,92.81,94.02,92.59,93.64,35969.367636
1787439600000,93.65,94.0,93.36,93.83,17494.951588
1787443200000,93.83,97.23,93.6,96.35,112584.497256
1787446800000,96.37,96.58,95.66,96.01,75911.288453
1787450400000,96.01,96.46,94.1,94.9,122174.248114
1787454000000,94.91,95.03,93.44,93.7,80168.778356
1787457600000,93.7,94.1,92.21,92.55,119479.77309
1787461200000,92.55,93.29,91.58,92.31,89215.047373
1787464800000,92.3,92.78,91.78,92.25,44162.98597
1787468400000,92.26,92.98,92.14,92.48,27062.698565
1787472000000,92.49,93.5,92.32,93.18,49353.580956
1787475600000,93.19,93.53,92.9,93.33,26668.080891
1787479200000,93.32,94.12,93.28,93.62,36911.900125
1787482800000,93.62,94.81,93.54,94.62,38379.622542
1787486400000,94.61,94.79,94.09,94.58,27914.177267
1787490000000,94.57,95.81,94.56,95.38,55155.294821
1787493600000,95.38,95.68,93.29,95.05,93904.761703
1787497200000,95.05,95.9,94.66,95.35,50757.946518
1787500800000,95.36,95.71,95.17,95.41,37473.937832
1787504400000,95.41,95.51,94.81,95.11,29656.649738
1787508000000,95.1,95.46,94.94,95.3,25842.25724
1787511600000,95.32,95.49,94.83,95.07,23823.478403
1787515200000,95.08,95.39,94.75,95.05,13967.909327
1787518800000,95.06,96.26,95.06,95.33,53279.21154
1787522400000,95.33,95.75,94.78,95.58,56539.818816
1787526000000,95.59,95.87,95.0,95.44,51118.26952
1787529600000,95.45,95.56,93.87,95.56,84126.191797
1787533200000,95.56,95.56,93.74,93.87,50506.652561
1787536800000,93.86,95.05,93.67,94.58,49906.61911
1787540400000,94.58,94.65,93.46,93.66,39662.016947
1787544000000,93.66,94.35,93.65,94.22,47816.633271
1787547600000,94.22,94.66,93.45,94.27,80636.372921
1787551200000,94.26,94.64,93.81,94.56,33379.745719
1787554800000,94.55,95.45,94.0,94.11,77117.492009
1787558400000,94.14,94.38,93.26,93.94,35992.404906
1787562000000,93.93,94.89,93.88,94.67,33338.473724
1787565600000,94.67,95.13,94.59,94.72,63410.90071
1787569200000,94.71,96.32,94.26,95.84,76280.911128
1787572800000,95.84,96.64,94.31,96.28,103741.604695
1787576400000,96.29,96.52,94.28,95.03,115534.402059
1787580000000,95.02,96.73,94.85,96.1,83208.04597
1787583600000,96.09,97.58,96.01,96.44,103713.13893
1787587200000,96.45,97.57,95.76,96.05,85604.202562
1787590800000,96.05,96.19,94.78,95.39,111906.636576
1787594400000,95.39,96.42,95.38,95.91,54037.727386
1787598000000,95.91,96.65,95.42,96.54,66825.740922
1787601600000,96.55,96.75,95.74,96.55,32802.21094
1787605200000,96.54,97.58,96.54,97.47,40355.235539
1787608800000,97.47,98.69,97.17,97.45,91396.059778
1787612400000,97.45,98.98,97.27,98.97,77114.358706
1787616000000,98.97,102.8,98.55,101.76,408399.101766
1787619600000,101.75,102.54,100.09,100.47,139933.868396
1787623200000,100.48,102.33,100.22,100.92,134283.344462
1787626800000,100.95,102.09,100.88,101.61,68139.566687
1787630400000,101.62,101.73,100.82,101.32,81533.876746
1787634000000,101.33,103.16,101.24,101.9,97931.827496
1787637600000,101.9,102.09,100.43,100.77,49950.804911
1787641200000,100.78,101.96,99.54,100.25,76568.310018
1787644800000,100.25,101.12,99.73,100.4,68473.555471
1787648400000,100.4,100.64,99.28,99.8,44573.644275
1787652000000,99.81,99.89,99.12,99.63,49118.295987
1787655600000,99.63,99.72,98.48,98.6,55809.154526
1787659200000,98.61,98.83,97.44,98.6,72270.189266
1787662800000,98.61,98.82,96.22,97.16,143250.202595
1787666400000,97.16,98.42,96.91,98.2,72413.082514
1787670000000,98.22,98.5,97.62,98.36,41108.247256
1787673600000,98.37,98.66,97.78,98.21,33639.619098
1787677200000,98.21,98.22,97.44,98.19,52780.938695
1787680800000,98.2,98.83,98.08,98.5,41533.883232
1787684400000,98.51,98.63,97.41,97.95,33763.642008
1787688000000,97.95,98.05,96.63,96.68,45910.787662
1787691600000,96.68,97.27,95.27,97.19,75706.69603
1787695200000,97.19,97.76,97.16,97.22,22012.466795
1787698800000,97.21,97.4,96.39,96.6,28349.674513
1787702400000,96.61,96.93,96.17,96.65,34782.426748
1787706000000,96.65,97.27,96.62,97.02,24474.47303
1787709600000,97.03,97.55,96.8,97.28,16030.553745
1787713200000,97.29,97.37,96.82,97.07,24101.573029
1787716800000,97.07,97.3,96.57,96.62,32772.53664
1787720400000,96.63,97.19,96.26,97.09,24503.13774
1787724000000,97.09,97.3,96.51,96.79,20475.078547
1787727600000,96.79,97.17,96.66,96.92,22331.693203
1787731200000,96.95,97.38,96.7,96.81,18931.671657
1787734800000,96.81,97.02,95.8,96.18,37574.596578
1787738400000,96.17,97.88,96.01,97.47,58950.046658
1787742000000,97.48,97.65,96.67,97.04,24739.30497
1787745600000,97.04,97.56,96.05,97.02,61071.72057
1787749200000,97.01,97.24,95.84,96.55,64488.426452
1787752800000,96.56,96.98,95.41,95.47,86605.848544
1787756400000,95.46,96.34,94.96,95.94,48376.328641
1787760000000,95.94,96.19,95.48,95.95,25041.528118
1787763600000,95.96,97.28,95.88,96.98,65111.477269
1787767200000,96.99,97.16,96.65,96.83,29248.215018
1787770800000,96.82,96.95,96.34,96.81,42815.761863
1787774400000,96.8,97.05,96.29,96.94,21667.206368
1787778000000,96.94,98.34,96.88,98.26,52304.190039
1787781600000,98.25,100.91,98.06,99.7,127652.449966
1787785200000,99.68,102.46,99.5,102.08,177950.415934
1787788800000,102.09,102.15,100.59,100.59,69783.253466
1787792400000,100.58,101.92,100.5,101.45,65894.749455
1787796000000,101.46,101.95,100.87,101.17,49469.541513
1787799600000,101.18,101.8,100.89,101.08,39017.541215
1787803200000,101.08,101.54,100.69,101.07,56063.762578
1787806800000,101.08,102.29,100.75,102.04,78627.870379
1787810400000,102.02,102.06,100.88,101.28,56870.303675
1787814000000,101.28,102.09,101.02,101.79,39846.215437
1787817600000,101.82,105.08,101.72,104.67,262650.501752
1787821200000,104.67,105.81,104.0,104.41,135839.125151
1787824800000,104.41,105.02,103.09,104.1,86381.702727
1787828400000,104.11,104.97,103.39,103.94,50529.440722
1787832000000,103.93,104.76,103.93,104.43,49855.664583
1787835600000,104.42,106.3,104.15,106.04,119583.923921
1787839200000,106.04,107.94,105.21,106.79,197077.368625
1787842800000,106.79,107.99,106.47,107.16,157845.930071
1787846400000,107.18,109.49,106.87,108.94,187011.705216
1787850000000,108.95,109.62,107.7,108.18,115146.639036
1787853600000,108.18,108.39,106.68,108.38,80230.850231
1787857200000,108.39,109.9,108.25,109.38,87207.766142
1787860800000,109.38,109.76,108.43,109.02,60739.042973
1787864400000,109.02,109.15,108.21,108.73,36232.72348
1787868000000,108.74,110.64,108.74,109.18,94159.686755
1787871600000,109.18,110.03,108.85,109.14,67198.806551
1787875200000,109.15,110.09,108.71,109.11,68198.696374
1787878800000,109.12,109.76,107.68,107.83,100147.312471
1787882400000,107.83,107.97,106.15,106.53,107621.727516
1787886000000,106.52,107.34,105.86,106.84,55801.978982
1787889600000,106.84,107.66,106.28,106.8,76514.40563
1787893200000,106.79,107.48,106.64,107.21,32659.301477
1787896800000,107.21,107.83,107.18,107.56,32546.138849
1787900400000,107.55,107.55,106.29,106.35,36462.211779
1787904000000,106.36,106.89,105.8,106.07,37546.813799
1787907600000,106.07,106.62,105.52,105.95,43292.071647
1787911200000,105.97,106.27,104.53,106.21,76345.139588
1787914800000,106.21,106.84,105.55,105.83,49628.50848
1787918400000,105.82,106.0,104.54,104.88,78355.426452
1787922000000,104.86,105.64,104.63,105.16,72449.23775
1787925600000,105.18,106.75,103.61,106.29,277960.235556
1787929200000,106.29,107.93,105.16,105.24,198663.91896
